기사번호,문장번호,부모Claim번호,Claim번호,원문,분야,12개항목상태,12개항목공식조회가능,통계표검색시도,항목정보조회시도,기간정보조회시도,현재상태,현재중단단계,현재사유,대표문제,보조문제,다음실행단계,개선전상태,개선전사유,개선후상태,개선후사유,공식통계표,공식값출처,실행횟수,코드버전,데이터버전,기록시각
A00006,10,A00006_10,A00006_10,"특히 지난 4분기에는 범용 메모리 가격하락에도 불구하고, DDR5·HBM 등 고부가 품목을 중심으로 수출이 확대되면서 올해 전체적으로 분기별 수출이 우상향했다.",,indicator=SOURCE | value=MISSING | unit=MISSING | time=SOURCE | frequency=SOURCE | region=NOT_APPLICABLE | population=NOT_APPLICABLE | dimension=NOT_APPLICABLE | comparison=NOT_APPLICABLE | calculation=SOURCE | condition=SOURCE | source_hint=NOT_APPLICABLE,아니오,0,0,0,HUMAN_REVIEW,CLAIM_PARSE,CONTEXT_REQUIRED,CONTEXT,,CLAIM_SPLIT~CLAIM_PARSE,HUMAN_REVIEW,CONTEXT_REQUIRED,,,,,0,,,
A00006,13,A00006_13,A00006_13,"석유화학 수출은 480억 달러로, 하반기 유가 하락에 따른 수출단가 하락에도 불구하고 수출물량이 확대되면서 5% 증가했다.",,indicator=SOURCE | value=SOURCE | unit=SOURCE | time=MISSING | frequency=NOT_APPLICABLE | region=NOT_APPLICABLE | population=NOT_APPLICABLE | dimension=NOT_APPLICABLE | comparison=SOURCE | calculation=SOURCE | condition=SOURCE | source_hint=NOT_APPLICABLE,아니오,0,0,0,HUMAN_REVIEW,CLAIM_PARSE,CONTEXT_REQUIRED,CONTEXT,,CLAIM_SPLIT~CLAIM_PARSE,HUMAN_REVIEW,CONTEXT_REQUIRED,,,,,0,,,
A00006,19,A00006_19,A00006_19,12월 수출도 한국의 최대 수출 품목인 반도체가 31.5% 증가한 145억 달러를 기록하며 호실적을 이끌었다.,,indicator=SOURCE | value=SOURCE | unit=SOURCE | time=MISSING | frequency=NOT_APPLICABLE | region=SOURCE | population=NOT_APPLICABLE | dimension=SOURCE | comparison=SOURCE | calculation=SOURCE | condition=SOURCE | source_hint=NOT_APPLICABLE,아니오,0,0,0,HUMAN_REVIEW,CLAIM_PARSE,CONTEXT_REQUIRED,CONTEXT,,CLAIM_SPLIT~CLAIM_PARSE,HUMAN_REVIEW,CONTEXT_REQUIRED,,,,,0,,,
A00006,8,A00006_8,A00006_8,"지난해 유가가 하향 안정화된 가운데 반도체 등 IT 품목, 선박·자동차 등 주력 품목과 바이오헬스·농수산식품·화장품 등 소비재 품목이 고르게 호조를 보이면서 역대 최대 수출 실적과 무역수지 흑자를 동시에 기록했다.",,indicator=SOURCE | value=MISSING | unit=MISSING | time=SOURCE | frequency=SOURCE | region=NOT_APPLICABLE | population=NOT_APPLICABLE | dimension=SOURCE | comparison=NOT_APPLICABLE | calculation=SOURCE | condition=SOURCE | source_hint=NOT_APPLICABLE,아니오,0,0,0,HUMAN_REVIEW,CLAIM_PARSE,CONTEXT_REQUIRED,CONTEXT,,CLAIM_SPLIT~CLAIM_PARSE,HUMAN_REVIEW,CONTEXT_REQUIRED,,,,,0,,,
A00018,3,A00018_3,A00018_3,주력 수출 품목인 반도체 수출액이 1419억달러로 역대 최대치를 고쳐 쓰면서 수출 증가세를 주도했다.,,indicator=SOURCE | value=SOURCE | unit=SOURCE | time=MISSING | frequency=NOT_APPLICABLE | region=NOT_APPLICABLE | population=NOT_APPLICABLE | dimension=SOURCE | comparison=NOT_APPLICABLE | calculation=SOURCE | condition=SOURCE | source_hint=NOT_APPLICABLE,아니오,0,0,0,HUMAN_REVIEW,CLAIM_PARSE,CONTEXT_REQUIRED,CONTEXT,,CLAIM_SPLIT~CLAIM_PARSE,HUMAN_REVIEW,CONTEXT_REQUIRED,,,,,0,,,
A00018,9,A00018_9,A00018_9,지난달 수출액은 월간 기준으로 역대 최고치다.,,indicator=SOURCE | value=MISSING | unit=MISSING | time=SOURCE | frequency=SOURCE | region=NOT_APPLICABLE | population=NOT_APPLICABLE | dimension=NOT_APPLICABLE | comparison=NOT_APPLICABLE | calculation=SOURCE | condition=NOT_APPLICABLE | source_hint=NOT_APPLICABLE,아니오,0,0,0,HUMAN_REVIEW,CLAIM_PARSE,CONTEXT_REQUIRED,CONTEXT,,CLAIM_SPLIT~CLAIM_PARSE,HUMAN_REVIEW,CONTEXT_REQUIRED,,,,,0,,,
A00023,6,A00023_6,A00023_6,이런 가운데 정부는 소비자 물가 상승률도 한국은행의 물가 안정 목표치(2%)보다 낮은 1.8%로 내다봤다.,,indicator=SOURCE | value=SOURCE | unit=SOURCE | time=MISSING | frequency=NOT_APPLICABLE | region=SOURCE | population=NOT_APPLICABLE | dimension=NOT_APPLICABLE | comparison=SOURCE | calculation=SOURCE | condition=SOURCE | source_hint=SOURCE,아니오,0,0,0,HUMAN_REVIEW,CLAIM_PARSE,CONTEXT_REQUIRED,CONTEXT,,CLAIM_SPLIT~CLAIM_PARSE,HUMAN_REVIEW,CONTEXT_REQUIRED,,,,,0,,,
A00029,14,A00029_14,A00029_14,2023년 역대 최고 실적을 달성했던 수출도 성장세가 꺾였다.,,indicator=SOURCE | value=MISSING | unit=MISSING | time=SOURCE | frequency=SOURCE | region=NOT_APPLICABLE | population=NOT_APPLICABLE | dimension=NOT_APPLICABLE | comparison=NOT_APPLICABLE | calculation=SOURCE | condition=NOT_APPLICABLE | source_hint=NOT_APPLICABLE,아니오,0,0,0,HUMAN_REVIEW,CLAIM_PARSE,CONTEXT_REQUIRED,CONTEXT,,CLAIM_SPLIT~CLAIM_PARSE,HUMAN_REVIEW,CONTEXT_REQUIRED,,,,,0,,,
A00029,16,A00029_16,A00029_16,KG모빌리티도 같은 기간 18.2% 늘어난 6만 2378대를 수출했다.,,indicator=SOURCE | value=SOURCE | unit=SOURCE | time=MISSING | frequency=NOT_APPLICABLE | region=NOT_APPLICABLE | population=NOT_APPLICABLE | dimension=NOT_APPLICABLE | comparison=SOURCE | calculation=SOURCE | condition=SOURCE | source_hint=NOT_APPLICABLE,아니오,0,0,0,HUMAN_REVIEW,CLAIM_PARSE,CONTEXT_REQUIRED,CONTEXT,,CLAIM_SPLIT~CLAIM_PARSE,HUMAN_REVIEW,CONTEXT_REQUIRED,,,,,0,,,
A00029,17,A00029_17,A00029_17,"반면, 수출 1위인 현대차(-0.5%), 그리고 르노코리아(-18.4%) 판매가 줄면서 전체 수출은 보합세를 보였다.",,indicator=SOURCE | value=SOURCE | unit=SOURCE | time=MISSING | frequency=NOT_APPLICABLE | region=NOT_APPLICABLE | population=NOT_APPLICABLE | dimension=MISSING | comparison=SOURCE | calculation=SOURCE | condition=SOURCE | source_hint=NOT_APPLICABLE,아니오,0,0,0,HUMAN_REVIEW,CLAIM_PARSE,CONTEXT_REQUIRED,CONTEXT,,CLAIM_SPLIT~CLAIM_PARSE,HUMAN_REVIEW,CONTEXT_REQUIRED,,,,,0,,,
A00029,3,A00029_3,A00029_3,"경기 침체 속 내수 판매가 6%대 급감했고, 수출은 전체적으로 보합세를 보인 가운데 현대차와 르노코리아 등 판매량이 큰 폭으로 줄었다.",,indicator=SOURCE | value=SOURCE | unit=SOURCE | time=MISSING | frequency=NOT_APPLICABLE | region=SOURCE | population=NOT_APPLICABLE | dimension=NOT_APPLICABLE | comparison=MISSING | calculation=SOURCE | condition=MISSING | source_hint=NOT_APPLICABLE,아니오,0,0,0,HUMAN_REVIEW,CLAIM_PARSE,CONTEXT_REQUIRED,CONTEXT,,CLAIM_SPLIT~CLAIM_PARSE,HUMAN_REVIEW,CONTEXT_REQUIRED,,,,,0,,,
A00030,14,A00030_14,A00030_14,이에 정부는 수출 기업에 역대 최대 규모인 360조원의 무역금융을 공급해 대응한다는 방침이다.,,indicator=SOURCE | value=SOURCE | unit=SOURCE | time=MISSING | frequency=NOT_APPLICABLE | region=NOT_APPLICABLE | population=NOT_APPLICABLE | dimension=NOT_APPLICABLE | comparison=NOT_APPLICABLE | calculation=SOURCE | condition=SOURCE | source_hint=NOT_APPLICABLE,아니오,0,0,0,HUMAN_REVIEW,CLAIM_PARSE,CONTEXT_REQUIRED,CONTEXT,,CLAIM_SPLIT~CLAIM_PARSE,HUMAN_REVIEW,CONTEXT_REQUIRED,,,,,0,,,
A00041,5,A00041_5,A00041_5,"175개 품목의 평균 물가 상승폭은 3.9%로, 지난해 연간 소비자물가지수 상승폭(2.3%)을 뛰어넘었다.",,indicator=SOURCE | value=SOURCE | unit=SOURCE | time=SOURCE | frequency=SOURCE | region=NOT_APPLICABLE | population=NOT_APPLICABLE | dimension=NOT_APPLICABLE | comparison=SOURCE | calculation=SOURCE | condition=SOURCE | source_hint=NOT_APPLICABLE,예,0,0,0,HUMAN_REVIEW,CLAIM_PARSE,CONTEXT_REQUIRED,CONTEXT,,CLAIM_SPLIT~CLAIM_PARSE,HUMAN_REVIEW,CONTEXT_REQUIRED,,,,,0,,,
A00041,7,A00041_7,A00041_7,◇정국 어수선한 틈 타 생필품·명품도 인상 “이달 물가 2% 오를 듯” 물가 상승률이 둔화됐는데도 가공식품 물가가 오른 것은 환율이 상승(원화 가치 약세)했기 때문이다.,,indicator=SOURCE | value=SOURCE | unit=SOURCE | time=MISSING | frequency=NOT_APPLICABLE | region=NOT_APPLICABLE | population=NOT_APPLICABLE | dimension=NOT_APPLICABLE | comparison=MISSING | calculation=SOURCE | condition=SOURCE | source_hint=NOT_APPLICABLE,아니오,0,0,0,HUMAN_REVIEW,CLAIM_PARSE,CONTEXT_REQUIRED,CONTEXT,,CLAIM_SPLIT~CLAIM_PARSE,HUMAN_REVIEW,CONTEXT_REQUIRED,,,,,0,,,
A00049,8,A00049_8,A00049_8,국토교통부는 우리 기업의 해외 건설 누적 수주액이 1조달러(약 1470조원)를 돌파했다고 3일 밝혔다.,,indicator=SOURCE | value=SOURCE | unit=SOURCE | time=MISSING | frequency=NOT_APPLICABLE | region=NOT_APPLICABLE | population=NOT_APPLICABLE | dimension=NOT_APPLICABLE | comparison=SOURCE | calculation=SOURCE | condition=SOURCE | source_hint=SOURCE,아니오,0,0,0,HUMAN_REVIEW,CLAIM_PARSE,CONTEXT_REQUIRED,CONTEXT,,CLAIM_SPLIT~CLAIM_PARSE,HUMAN_REVIEW,CONTEXT_REQUIRED,,,,,0,,,
A00067,2,A00067_2,A00067_2,내수 부진으로 수입차 판매가 줄어든 가운데 브랜드에서는 BMW가 지난해에 이어 1위를 유지했다.,,indicator=SOURCE | value=SOURCE | unit=SOURCE | time=SOURCE | frequency=SOURCE | region=NOT_APPLICABLE | population=NOT_APPLICABLE | dimension=MISSING | comparison=NOT_APPLICABLE | calculation=SOURCE | condition=SOURCE | source_hint=NOT_APPLICABLE,아니오,0,0,0,HUMAN_REVIEW,CLAIM_PARSE,CONTEXT_REQUIRED,CONTEXT,,CLAIM_SPLIT~CLAIM_PARSE,HUMAN_REVIEW,CONTEXT_REQUIRED,,,,,0,,,
A00070,19,A00070_19,A00070_19,"1995년 세계무역기구(WTO) 출범... 반도체 수출, 中·홍콩 비율 9%p 이상 줄어 우리나라 수출의 20%가량을 맡고 있는 핵심 품목인 반도체의 ‘수출 지형도’가 눈에 띄게 변한 것으로 나타났다.",,indicator=SOURCE | value=SOURCE | unit=SOURCE | time=MISSING | frequency=NOT_APPLICABLE | region=SOURCE | population=NOT_APPLICABLE | dimension=SOURCE | comparison=SOURCE | calculation=SOURCE | condition=SOURCE | source_hint=NOT_APPLICABLE,아니오,0,0,0,HUMAN_REVIEW,CLAIM_PARSE,CONTEXT_REQUIRED,CONTEXT,,CLAIM_SPLIT~CLAIM_PARSE,HUMAN_REVIEW,CONTEXT_REQUIRED,,,,,0,,,
A00070,5,A00070_5,A00070_5,대미 수출액은 1277억9100만달러로 1년 전보다 10.45% 늘었다.,,indicator=SOURCE | value=SOURCE | unit=SOURCE | time=MISSING | frequency=NOT_APPLICABLE | region=NOT_APPLICABLE | population=NOT_APPLICABLE | dimension=SOURCE | comparison=SOURCE | calculation=SOURCE | condition=MISSING | source_hint=NOT_APPLICABLE,아니오,0,0,0,HUMAN_REVIEW,CLAIM_PARSE,CONTEXT_REQUIRED,CONTEXT,,CLAIM_SPLIT~CLAIM_PARSE,HUMAN_REVIEW,CONTEXT_REQUIRED,,,,,0,,,
A00070,6,A00070_6,A00070_6,이에 따라 대중 수출액이 대미 수출액보다 52억3500만달러 더 많았다.,,indicator=SOURCE | value=SOURCE | unit=SOURCE | time=MISSING | frequency=NOT_APPLICABLE | region=NOT_APPLICABLE | population=NOT_APPLICABLE | dimension=SOURCE | comparison=NOT_APPLICABLE | calculation=SOURCE | condition=NOT_APPLICABLE | source_hint=NOT_APPLICABLE,아니오,0,0,0,HUMAN_REVIEW,CLAIM_PARSE,CONTEXT_REQUIRED,CONTEXT,,CLAIM_SPLIT~CLAIM_PARSE,HUMAN_REVIEW,CONTEXT_REQUIRED,,,,,0,,,
A00076,1,A00076_1,A00076_1,우리나라 수출의 20%가량을 맡고 있는 핵심 품목인 반도체의 ‘수출 지형도’가 눈에 띄게 변한 것으로 나타났다.,,indicator=SOURCE | value=SOURCE | unit=SOURCE | time=MISSING | frequency=NOT_APPLICABLE | region=SOURCE | population=NOT_APPLICABLE | dimension=SOURCE | comparison=NOT_APPLICABLE | calculation=SOURCE | condition=NOT_APPLICABLE | source_hint=NOT_APPLICABLE,아니오,0,0,0,HUMAN_REVIEW,CLAIM_PARSE,CONTEXT_REQUIRED,CONTEXT,,CLAIM_SPLIT~CLAIM_PARSE,HUMAN_REVIEW,CONTEXT_REQUIRED,,,,,0,,,
A00081,1,A00081_1,A00081_1,테슬라 모델 Y가 BMW 520과 메르세데스-벤츠 E200을 제치고 지난해 국내 수입차 시장에서 최고 인기차에 올랐다.,,indicator=SOURCE | value=MISSING | unit=MISSING | time=SOURCE | frequency=SOURCE | region=SOURCE | population=NOT_APPLICABLE | dimension=NOT_APPLICABLE | comparison=NOT_APPLICABLE | calculation=SOURCE | condition=NOT_APPLICABLE | source_hint=NOT_APPLICABLE,아니오,0,0,0,HUMAN_REVIEW,CLAIM_PARSE,CONTEXT_REQUIRED,CONTEXT,,CLAIM_SPLIT~CLAIM_PARSE,HUMAN_REVIEW,CONTEXT_REQUIRED,,,,,0,,,
A00098,9,A00098_9,A00098_9,그간 트럼프는 모든 수입품에 10~20%의 ‘보편 관세’를 부과하겠다고 공약해 왔다.,,indicator=SOURCE | value=SOURCE | unit=SOURCE | time=MISSING | frequency=NOT_APPLICABLE | region=NOT_APPLICABLE | population=NOT_APPLICABLE | dimension=NOT_APPLICABLE | comparison=NOT_APPLICABLE | calculation=SOURCE | condition=NOT_APPLICABLE | source_hint=NOT_APPLICABLE,아니오,0,0,0,HUMAN_REVIEW,CLAIM_PARSE,CONTEXT_REQUIRED,CONTEXT,,CLAIM_SPLIT~CLAIM_PARSE,HUMAN_REVIEW,CONTEXT_REQUIRED,,,,,0,,,
A00101,1,A00101_1,A00101_1,"정부가 다음달 중에 관계부처 합동으로 비상수출대책을 수립하고, 중소·중견기업에 최대 100조원 규모의 무역보험을 공급하기로 했다.",,indicator=SOURCE | value=SOURCE | unit=SOURCE | time=MISSING | frequency=NOT_APPLICABLE | region=NOT_APPLICABLE | population=NOT_APPLICABLE | dimension=NOT_APPLICABLE | comparison=NOT_APPLICABLE | calculation=SOURCE | condition=SOURCE | source_hint=NOT_APPLICABLE,아니오,0,0,0,HUMAN_REVIEW,CLAIM_PARSE,CONTEXT_REQUIRED,CONTEXT,,CLAIM_SPLIT~CLAIM_PARSE,HUMAN_REVIEW,CONTEXT_REQUIRED,,,,,0,,,
A00103,4,A00103_4,A00103_4,"농식품 수출액이 99억8000만달러로 100억달러 달성을 눈앞에 뒀고, 스마트팜, 반려동물 식품 등 전후방 산업 수출액이 30억5000만달러였다.",,indicator=SOURCE | value=SOURCE | unit=SOURCE | time=MISSING | frequency=NOT_APPLICABLE | region=NOT_APPLICABLE | population=NOT_APPLICABLE | dimension=NOT_APPLICABLE | comparison=SOURCE | calculation=SOURCE | condition=NOT_APPLICABLE | source_hint=NOT_APPLICABLE,아니오,0,0,0,HUMAN_REVIEW,CLAIM_PARSE,CONTEXT_REQUIRED,CONTEXT,,CLAIM_SPLIT~CLAIM_PARSE,HUMAN_REVIEW,CONTEXT_REQUIRED,,,,,0,,,
A00103,6,A00103_6,A00103_6,"특히 라면(70.3%), 냉동김밥을 포함한 쌀 가공식품(51%) 등의 대미 수출이 크게 늘었다.",,indicator=SOURCE | value=SOURCE | unit=SOURCE | time=MISSING | frequency=NOT_APPLICABLE | region=NOT_APPLICABLE | population=NOT_APPLICABLE | dimension=SOURCE | comparison=SOURCE | calculation=SOURCE | condition=MISSING | source_hint=NOT_APPLICABLE,아니오,0,0,0,HUMAN_REVIEW,CLAIM_PARSE,CONTEXT_REQUIRED,CONTEXT,,CLAIM_SPLIT~CLAIM_PARSE,HUMAN_REVIEW,CONTEXT_REQUIRED,,,,,0,,,
A00105,28,A00105_28,A00105_28,"23일 한 외제차 직수입 업체는 네이버 블로그... 1억 넘는 테슬라 '사이버트럭' 단점은?… ""세차"" 10만 달러(약 1억3000만원)에 달하는 테슬라의 고가 전기차 ‘사이버트럭’ 소유자들이 가장 힘든 점은 무엇일까?",,indicator=SOURCE | value=SOURCE | unit=SOURCE | time=MISSING | frequency=NOT_APPLICABLE | region=NOT_APPLICABLE | population=NOT_APPLICABLE | dimension=NOT_APPLICABLE | comparison=SOURCE | calculation=SOURCE | condition=NOT_APPLICABLE | source_hint=NOT_APPLICABLE,아니오,0,0,0,HUMAN_REVIEW,CLAIM_PARSE,CONTEXT_REQUIRED,CONTEXT,,CLAIM_SPLIT~CLAIM_PARSE,HUMAN_REVIEW,CONTEXT_REQUIRED,,,,,0,,,
A00129,3,A00129_3,A00129_3,실업률은 4.1%를 기록했다.,,indicator=SOURCE | value=SOURCE | unit=SOURCE | time=MISSING | frequency=NOT_APPLICABLE | region=NOT_APPLICABLE | population=NOT_APPLICABLE | dimension=NOT_APPLICABLE | comparison=NOT_APPLICABLE | calculation=SOURCE | condition=NOT_APPLICABLE | source_hint=NOT_APPLICABLE,아니오,0,0,0,HUMAN_REVIEW,CLAIM_PARSE,CONTEXT_REQUIRED,CONTEXT,,CLAIM_SPLIT~CLAIM_PARSE,HUMAN_REVIEW,CONTEXT_REQUIRED,,,,,0,,,
A00139,4,A00139_4,A00139_4,트럼프 당선인은 모든 수입품에 10% 내지 20%의 보편 관세를 부과하겠다는 공약을 내세우고 있다.,,indicator=SOURCE | value=SOURCE | unit=SOURCE | time=MISSING | frequency=NOT_APPLICABLE | region=NOT_APPLICABLE | population=NOT_APPLICABLE | dimension=NOT_APPLICABLE | comparison=SOURCE | calculation=SOURCE | condition=NOT_APPLICABLE | source_hint=NOT_APPLICABLE,아니오,0,0,0,HUMAN_REVIEW,CLAIM_PARSE,CONTEXT_REQUIRED,CONTEXT,,CLAIM_SPLIT~CLAIM_PARSE,HUMAN_REVIEW,CONTEXT_REQUIRED,,,,,0,,,
A00145,13,A00145_13,A00145_13,"이전까지 최대 국내 투자를 단행했던 2024년(20조4... 테슬라 Y, 벤츠·BMW 제쳐… 2년 연속 최고 인기 수입차 테슬라 모델 Y가 BMW 520과 메르세데스-벤츠 E200을 제치고 지난해 국내 수입차 시장에서 최고 인기차에 올랐다.",,indicator=SOURCE | value=MISSING | unit=MISSING | time=SOURCE | frequency=SOURCE | region=SOURCE | population=NOT_APPLICABLE | dimension=NOT_APPLICABLE | comparison=NOT_APPLICABLE | calculation=SOURCE | condition=SOURCE | source_hint=NOT_APPLICABLE,아니오,0,0,0,HUMAN_REVIEW,CLAIM_PARSE,CONTEXT_REQUIRED,CONTEXT,,CLAIM_SPLIT~CLAIM_PARSE,HUMAN_REVIEW,CONTEXT_REQUIRED,,,,,0,,,
A00163,4,A00163_4,A00163_4,무역수지는 30억 달러 적자다.,,indicator=SOURCE | value=SOURCE | unit=SOURCE | time=MISSING | frequency=NOT_APPLICABLE | region=NOT_APPLICABLE | population=NOT_APPLICABLE | dimension=NOT_APPLICABLE | comparison=NOT_APPLICABLE | calculation=SOURCE | condition=NOT_APPLICABLE | source_hint=NOT_APPLICABLE,아니오,0,0,0,HUMAN_REVIEW,CLAIM_PARSE,CONTEXT_REQUIRED,CONTEXT,,CLAIM_SPLIT~CLAIM_PARSE,HUMAN_REVIEW,CONTEXT_REQUIRED,,,,,0,,,
A00168,9,A00168_9,A00168_9,"사회관계... 테슬라 Y, 벤츠·BMW 제쳐… 2년 연속 최고 인기 수입차 테슬라 모델 Y가 BMW 520과 메르세데스-벤츠 E200을 제치고 지난해 국내 수입차 시장에서 최고 인기차에 올랐다.",,indicator=SOURCE | value=MISSING | unit=MISSING | time=SOURCE | frequency=SOURCE | region=SOURCE | population=NOT_APPLICABLE | dimension=NOT_APPLICABLE | comparison=NOT_APPLICABLE | calculation=SOURCE | condition=NOT_APPLICABLE | source_hint=NOT_APPLICABLE,아니오,0,0,0,HUMAN_REVIEW,CLAIM_PARSE,CONTEXT_REQUIRED,CONTEXT,,CLAIM_SPLIT~CLAIM_PARSE,HUMAN_REVIEW,CONTEXT_REQUIRED,,,,,0,,,
A00185,1,A00185_1,A00185_1,작년 국내 수입차 판매량이 2.9% 줄며 2년 연속 감소세를 기록했다.,,indicator=SOURCE | value=SOURCE | unit=SOURCE | time=SOURCE | frequency=SOURCE | region=SOURCE | population=NOT_APPLICABLE | dimension=NOT_APPLICABLE | comparison=MISSING | calculation=SOURCE | condition=SOURCE | source_hint=NOT_APPLICABLE,아니오,0,0,0,HUMAN_REVIEW,CLAIM_PARSE,CONTEXT_REQUIRED,CONTEXT,,CLAIM_SPLIT~CLAIM_PARSE,HUMAN_REVIEW,CONTEXT_REQUIRED,,,,,0,,,
A00185,3,A00185_3,A00185_3,"15일 한국수입자동차협회(KAIDA)에 따르면, 작년 수입 승용차 판매량은 26만3288대로 2023년 대비 2.9％ 줄었다.",,indicator=SOURCE | value=SOURCE | unit=SOURCE | time=SOURCE | frequency=SOURCE | region=SOURCE | population=NOT_APPLICABLE | dimension=SOURCE | comparison=NOT_APPLICABLE | calculation=SOURCE | condition=NOT_APPLICABLE | source_hint=NOT_APPLICABLE,예,0,0,0,HUMAN_REVIEW,CLAIM_PARSE,CONTEXT_REQUIRED,CONTEXT,,CLAIM_SPLIT~CLAIM_PARSE,HUMAN_REVIEW,CONTEXT_REQUIRED,,,,,0,,,
A00185,4,A00185_4,A00185_4,"2023년에도 전년 대비 수입차 판매량이 4.4％ 줄었는데, 2년 연속 줄어든 것이다.",,indicator=SOURCE | value=MISSING | unit=MISSING | time=SOURCE | frequency=SOURCE | region=NOT_APPLICABLE | population=NOT_APPLICABLE | dimension=NOT_APPLICABLE | comparison=SOURCE | calculation=SOURCE | condition=SOURCE | source_hint=NOT_APPLICABLE,아니오,0,0,0,HUMAN_REVIEW,CLAIM_PARSE,CONTEXT_REQUIRED,CONTEXT,,CLAIM_SPLIT~CLAIM_PARSE,HUMAN_REVIEW,CONTEXT_REQUIRED,,,,,0,,,
A00185,6,A00185_6,A00185_6,"당시 수입차 판매량은 1996년 1만315대, 1997년 8136대, 1998년 2075대로 2년 연속 줄었다.",,indicator=SOURCE | value=SOURCE | unit=SOURCE | time=MISSING | frequency=NOT_APPLICABLE | region=NOT_APPLICABLE | population=NOT_APPLICABLE | dimension=NOT_APPLICABLE | comparison=SOURCE | calculation=SOURCE | condition=NOT_APPLICABLE | source_hint=NOT_APPLICABLE,아니오,0,0,0,HUMAN_REVIEW,CLAIM_PARSE,CONTEXT_REQUIRED,CONTEXT,,CLAIM_SPLIT~CLAIM_PARSE,HUMAN_REVIEW,CONTEXT_REQUIRED,,,,,0,,,
A00186,1,A00186_1,A00186_1,지난해 현대차·기아의 친환경차 수출이 70만대를 넘어 역대 최다를 기록했다.,,indicator=SOURCE | value=SOURCE | unit=SOURCE | time=SOURCE | frequency=SOURCE | region=NOT_APPLICABLE | population=NOT_APPLICABLE | dimension=SOURCE | comparison=NOT_APPLICABLE | calculation=SOURCE | condition=SOURCE | source_hint=NOT_APPLICABLE,예,0,0,0,HUMAN_REVIEW,CLAIM_PARSE,CONTEXT_REQUIRED,CONTEXT,,CLAIM_SPLIT~CLAIM_PARSE,HUMAN_REVIEW,CONTEXT_REQUIRED,,,,,0,,,
A00186,2,A00186_2,A00186_2,현대차·기아는 지난해 하이브리드차와 전기차 등 친환경차 수출이 70만7853대로 잠정 집계됐다고 14일 밝혔다.,,indicator=SOURCE | value=SOURCE | unit=SOURCE | time=SOURCE | frequency=SOURCE | region=NOT_APPLICABLE | population=NOT_APPLICABLE | dimension=SOURCE | comparison=NOT_APPLICABLE | calculation=SOURCE | condition=NOT_APPLICABLE | source_hint=NOT_APPLICABLE,예,0,0,0,HUMAN_REVIEW,CLAIM_PARSE,CONTEXT_REQUIRED,CONTEXT,,CLAIM_SPLIT~CLAIM_PARSE,HUMAN_REVIEW,CONTEXT_REQUIRED,,,,,0,,,
A00186,4,A00186_4,A00186_4,전체 수출량에서 친환경차가 차지하는 비율도 32.5%에 달했다.,,indicator=SOURCE | value=SOURCE | unit=SOURCE | time=MISSING | frequency=NOT_APPLICABLE | region=NOT_APPLICABLE | population=NOT_APPLICABLE | dimension=SOURCE | comparison=SOURCE | calculation=SOURCE | condition=NOT_APPLICABLE | source_hint=NOT_APPLICABLE,아니오,0,0,0,HUMAN_REVIEW,CLAIM_PARSE,CONTEXT_REQUIRED,CONTEXT,,CLAIM_SPLIT~CLAIM_PARSE,HUMAN_REVIEW,CONTEXT_REQUIRED,,,,,0,,,
A00186,7,A00186_7,A00186_7,현대차·기아의 친환경차 중 가장 많이 수출된 모델은 현대차 투싼 하이브리드(9만3547대)로 집계됐다.,,indicator=SOURCE | value=SOURCE | unit=SOURCE | time=MISSING | frequency=NOT_APPLICABLE | region=NOT_APPLICABLE | population=NOT_APPLICABLE | dimension=SOURCE | comparison=NOT_APPLICABLE | calculation=SOURCE | condition=NOT_APPLICABLE | source_hint=NOT_APPLICABLE,아니오,0,0,0,HUMAN_REVIEW,CLAIM_PARSE,CONTEXT_REQUIRED,CONTEXT,,CLAIM_SPLIT~CLAIM_PARSE,HUMAN_REVIEW,CONTEXT_REQUIRED,,,,,0,,,
A00186,9,A00186_9,A00186_9,"한편, 지난해 현대차·기아 전체 수출 대수는 218만698대, 수출액은 533억6000만달러(약 78조원)로, 2년 연속 수출 200만대, 수출액 500억달러를 이어갔다.",,indicator=SOURCE | value=SOURCE | unit=SOURCE | time=SOURCE | frequency=SOURCE | region=NOT_APPLICABLE | population=NOT_APPLICABLE | dimension=NOT_APPLICABLE | comparison=SOURCE | calculation=SOURCE | condition=NOT_APPLICABLE | source_hint=NOT_APPLICABLE,예,0,0,0,HUMAN_REVIEW,CLAIM_PARSE,CONTEXT_REQUIRED,CONTEXT,,CLAIM_SPLIT~CLAIM_PARSE,HUMAN_REVIEW,CONTEXT_REQUIRED,,,,,0,,,
A00189,5,A00189_5,A00189_5,"수입 물가지수는 작년 10월(2.1%), 11월(0.9%) 등으로 석 달 연속 전월에 비해 오르고 있다.",,indicator=SOURCE | value=SOURCE | unit=SOURCE | time=SOURCE | frequency=SOURCE | region=NOT_APPLICABLE | population=NOT_APPLICABLE | dimension=NOT_APPLICABLE | comparison=SOURCE | calculation=SOURCE | condition=NOT_APPLICABLE | source_hint=NOT_APPLICABLE,예,0,0,0,HUMAN_REVIEW,CLAIM_PARSE,CONTEXT_REQUIRED,CONTEXT,,CLAIM_SPLIT~CLAIM_PARSE,HUMAN_REVIEW,CONTEXT_REQUIRED,,,,,0,,,
A00201,18,A00201_18,A00201_18,"그나마 수출이 경기를 버텨줬는데, 이달 들어 1~10일 수입액이 수출액을 웃돌면서 무역수지가 29억7000만달러 적자를 기록했다.",,indicator=SOURCE | value=SOURCE | unit=SOURCE | time=MISSING | frequency=NOT_APPLICABLE | region=SOURCE | population=NOT_APPLICABLE | dimension=NOT_APPLICABLE | comparison=NOT_APPLICABLE | calculation=SOURCE | condition=SOURCE | source_hint=NOT_APPLICABLE,아니오,0,0,0,HUMAN_REVIEW,CLAIM_PARSE,CONTEXT_REQUIRED,CONTEXT,,CLAIM_SPLIT~CLAIM_PARSE,HUMAN_REVIEW,CONTEXT_REQUIRED,,,,,0,,,
A00202,17,A00202_17,A00202_17,"◇청년층 강타한 고용 한파 건설업과 노인 일자리 사업을 중심으로 고용 한파가 닥치면서 임금 근로자 가운데 일용직(고용 계약 기간 1개월 미만)과 임시직(1개월 이상 1년 미만) 취업자 수가 각각 14만7000명, 1만9000명 감소했다.",,indicator=SOURCE | value=SOURCE | unit=SOURCE | time=MISSING | frequency=NOT_APPLICABLE | region=NOT_APPLICABLE | population=SOURCE | dimension=SOURCE | comparison=SOURCE | calculation=SOURCE | condition=SOURCE | source_hint=NOT_APPLICABLE,아니오,0,0,0,HUMAN_REVIEW,CLAIM_PARSE,CONTEXT_REQUIRED,CONTEXT,,CLAIM_SPLIT~CLAIM_PARSE,HUMAN_REVIEW,CONTEXT_REQUIRED,,,,,0,,,
A00202,20,A00202_20,A00202_20,인구 대비 취업자 수 비율을 뜻하는 고용률은 지난달 61.4%로 1년 전(61.7%)에 비해 0.3%포인트 떨어졌다.,,indicator=SOURCE | value=SOURCE | unit=SOURCE | time=SOURCE | frequency=SOURCE | region=NOT_APPLICABLE | population=NOT_APPLICABLE | dimension=NOT_APPLICABLE | comparison=SOURCE | calculation=SOURCE | condition=SOURCE | source_hint=NOT_APPLICABLE,예,0,0,0,HUMAN_REVIEW,CLAIM_PARSE,CONTEXT_REQUIRED,CONTEXT,,CLAIM_SPLIT~CLAIM_PARSE,HUMAN_REVIEW,CONTEXT_REQUIRED,,,,,0,,,
A00202,7,A00202_7,A00202_7,"건설 경기 부진으로 건설업 취업자 수가 15만7000명 줄었고, 제조업과 도소매업 취업자 수 감소폭도 각각 10만명에 육박했다.",,indicator=SOURCE | value=SOURCE | unit=SOURCE | time=MISSING | frequency=NOT_APPLICABLE | region=SOURCE | population=NOT_APPLICABLE | dimension=SOURCE | comparison=SOURCE | calculation=SOURCE | condition=SOURCE | source_hint=NOT_APPLICABLE,아니오,0,0,0,HUMAN_REVIEW,CLAIM_PARSE,CONTEXT_REQUIRED,CONTEXT,,CLAIM_SPLIT~CLAIM_PARSE,HUMAN_REVIEW,CONTEXT_REQUIRED,,,,,0,,,
A00208,6,A00208_6,A00208_6,이는 1인당 GDP 성장률을 연평균 0.4%씩 갉아먹는다.,,indicator=SOURCE | value=SOURCE | unit=SOURCE | time=MISSING | frequency=NOT_APPLICABLE | region=NOT_APPLICABLE | population=NOT_APPLICABLE | dimension=NOT_APPLICABLE | comparison=NOT_APPLICABLE | calculation=SOURCE | condition=NOT_APPLICABLE | source_hint=NOT_APPLICABLE,아니오,0,0,0,HUMAN_REVIEW,CLAIM_PARSE,CONTEXT_REQUIRED,CONTEXT,,CLAIM_SPLIT~CLAIM_PARSE,HUMAN_REVIEW,CONTEXT_REQUIRED,,,,,0,,,
A00212,28,A00212_28,A00212_28,전산업 생산은 9~11월 석 달 연속 전기 대비 줄었다.,,indicator=SOURCE | value=MISSING | unit=MISSING | time=MISSING | frequency=NOT_APPLICABLE | region=NOT_APPLICABLE | population=NOT_APPLICABLE | dimension=NOT_APPLICABLE | comparison=SOURCE | calculation=SOURCE | condition=MISSING | source_hint=NOT_APPLICABLE,아니오,0,0,0,HUMAN_REVIEW,CLAIM_PARSE,CONTEXT_REQUIRED,CONTEXT,,CLAIM_SPLIT~CLAIM_PARSE,HUMAN_REVIEW,CONTEXT_REQUIRED,,,,,0,,,
A00212,31,A00212_31,A00212_31,"그나마 수출이 버텨줬는데, 이달 들어 1~10일 수입액이 수출액을 웃돌면서 무역수지가 29억7000만달러 적자를 기록했다.",,indicator=SOURCE | value=SOURCE | unit=SOURCE | time=MISSING | frequency=NOT_APPLICABLE | region=NOT_APPLICABLE | population=NOT_APPLICABLE | dimension=NOT_APPLICABLE | comparison=NOT_APPLICABLE | calculation=SOURCE | condition=SOURCE | source_hint=NOT_APPLICABLE,아니오,0,0,0,HUMAN_REVIEW,CLAIM_PARSE,CONTEXT_REQUIRED,CONTEXT,,CLAIM_SPLIT~CLAIM_PARSE,HUMAN_REVIEW,CONTEXT_REQUIRED,,,,,0,,,
A00212,32,A00212_32,A00212_32,"이 총재는 통화 정책 외에 재정 정책의 필요성에 대해서는 “추경 시기는 빠를수록 좋고, 15조~20조원 정도가 성장률이 떨어진 정도를 완화할 수 있다고 본다”고 했다.",,indicator=SOURCE | value=SOURCE | unit=SOURCE | time=MISSING | frequency=NOT_APPLICABLE | region=NOT_APPLICABLE | population=NOT_APPLICABLE | dimension=NOT_APPLICABLE | comparison=NOT_APPLICABLE | calculation=SOURCE | condition=SOURCE | source_hint=NOT_APPLICABLE,아니오,0,0,0,HUMAN_REVIEW,CLAIM_PARSE,CONTEXT_REQUIRED,CONTEXT,,CLAIM_SPLIT~CLAIM_PARSE,HUMAN_REVIEW,CONTEXT_REQUIRED,,,,,0,,,
A00216,32,A00216_32,A00216_32,"이날 브렌트유는 전날보다 1.09달러(1.35%... 전기차 구매 보조금, 올해 1조5000억원 책정 국내 전기차 시장이 캐즘(일시적 수요 둔화) 등 영향으로 2년 연속 역성장하고 있는 상황에서 정부가 전기차에 대한 보조금을 확대 지급하고 충전기... 현대차·기아, 친환경車 수출… 작년 70만대 넘어 '역대 최다' 지난해 현대차·기아의 친환경차 수출이 70만대를 넘어 역대 최다를 기록했다.",,indicator=SOURCE | value=SOURCE | unit=SOURCE | time=SOURCE | frequency=SOURCE | region=SOURCE | population=NOT_APPLICABLE | dimension=SOURCE | comparison=SOURCE | calculation=SOURCE | condition=SOURCE | source_hint=NOT_APPLICABLE,예,0,0,0,HUMAN_REVIEW,CLAIM_PARSE,CONTEXT_REQUIRED,CONTEXT,,CLAIM_SPLIT~CLAIM_PARSE,HUMAN_REVIEW,CONTEXT_REQUIRED,,,,,0,,,
A00268,1,A00268_1,A00268_1,석유제품·철강 업종 부진과 조업(操業) 일수 감소 등 여파로 새해 첫 20일간 수출액이 316억달러로 1년 전에 비해 5% 넘게 줄었다고 관세청이 밝혔다.,,indicator=SOURCE | value=SOURCE | unit=SOURCE | time=MISSING | frequency=NOT_APPLICABLE | region=NOT_APPLICABLE | population=NOT_APPLICABLE | dimension=SOURCE | comparison=SOURCE | calculation=SOURCE | condition=SOURCE | source_hint=SOURCE,아니오,0,0,0,HUMAN_REVIEW,CLAIM_PARSE,CONTEXT_REQUIRED,CONTEXT,,CLAIM_SPLIT~CLAIM_PARSE,HUMAN_REVIEW,CONTEXT_REQUIRED,,,,,0,,,
A00268,3,A00268_3,A00268_3,수입은 1년 전에 비해 1.7% 줄어든 354억원으로 집계돼 38억달러의 무역 적자를 기록했다.,,indicator=SOURCE | value=SOURCE | unit=SOURCE | time=MISSING | frequency=NOT_APPLICABLE | region=NOT_APPLICABLE | population=NOT_APPLICABLE | dimension=NOT_APPLICABLE | comparison=SOURCE | calculation=SOURCE | condition=SOURCE | source_hint=NOT_APPLICABLE,아니오,0,0,0,HUMAN_REVIEW,CLAIM_PARSE,CONTEXT_REQUIRED,CONTEXT,,CLAIM_SPLIT~CLAIM_PARSE,HUMAN_REVIEW,CONTEXT_REQUIRED,,,,,0,,,
A00279,10,A00279_10,A00279_10,"지역별로는 대구(25.3%)와 전남(25%), 울산(24.5%) 등 전국 17개 시도에서 예외 없이 출생아 수가 늘었다.",,indicator=SOURCE | value=SOURCE | unit=SOURCE | time=MISSING | frequency=NOT_APPLICABLE | region=SOURCE | population=NOT_APPLICABLE | dimension=NOT_APPLICABLE | comparison=SOURCE | calculation=SOURCE | condition=MISSING | source_hint=NOT_APPLICABLE,아니오,0,0,0,HUMAN_REVIEW,CLAIM_PARSE,CONTEXT_REQUIRED,CONTEXT,,CLAIM_SPLIT~CLAIM_PARSE,HUMAN_REVIEW,CONTEXT_REQUIRED,,,,,0,,,
A00279,13,A00279_13,A00279_13,사망자 수가 출생아 수를 웃돌아 인구는 9124명 자연 감소했다.,,indicator=SOURCE | value=SOURCE | unit=SOURCE | time=MISSING | frequency=NOT_APPLICABLE | region=NOT_APPLICABLE | population=NOT_APPLICABLE | dimension=NOT_APPLICABLE | comparison=NOT_APPLICABLE | calculation=SOURCE | condition=SOURCE | source_hint=NOT_APPLICABLE,아니오,0,0,0,HUMAN_REVIEW,CLAIM_PARSE,CONTEXT_REQUIRED,CONTEXT,,CLAIM_SPLIT~CLAIM_PARSE,HUMAN_REVIEW,CONTEXT_REQUIRED,,,,,0,,,
A00288,19,A00288_19,A00288_19,"현대차·기아는 지난해 하이브리드차와 전기차 등 친환경차 수출이 70... 트럼프 '취임식 기금'에… 현대차, 100만달러 기부 현대차그룹이 도널드 트럼프 미 대통령 당선인의 취임식과 부대 행사를 지원하는 ‘취임식 기금’에 100만달러(약 14억7000만원)를 기부했다고 ... 이영관 기자 사람과 이야기가 지닌 힘을 믿습니다.",,indicator=SOURCE | value=SOURCE | unit=SOURCE | time=SOURCE | frequency=SOURCE | region=NOT_APPLICABLE | population=NOT_APPLICABLE | dimension=SOURCE | comparison=SOURCE | calculation=SOURCE | condition=NOT_APPLICABLE | source_hint=NOT_APPLICABLE,예,0,0,0,HUMAN_REVIEW,CLAIM_PARSE,CONTEXT_REQUIRED,CONTEXT,,CLAIM_SPLIT~CLAIM_PARSE,HUMAN_REVIEW,CONTEXT_REQUIRED,,,,,0,,,
A00290,2,A00290_2,A00290_2,이 9개 품목은 한국의 전체 수출액의 약 60%를 차지한다.,,indicator=SOURCE | value=SOURCE | unit=SOURCE | time=MISSING | frequency=NOT_APPLICABLE | region=SOURCE | population=NOT_APPLICABLE | dimension=NOT_APPLICABLE | comparison=SOURCE | calculation=SOURCE | condition=NOT_APPLICABLE | source_hint=NOT_APPLICABLE,아니오,0,0,0,HUMAN_REVIEW,CLAIM_PARSE,CONTEXT_REQUIRED,CONTEXT,,CLAIM_SPLIT~CLAIM_PARSE,HUMAN_REVIEW,CONTEXT_REQUIRED,,,,,0,,,
A00290,4,A00290_4,A00290_4,"트럼프 행정부의 높은 관세와 반도체 지원법(칩스법) 감축 등의 정책으로 인해 반도체, 자동차 등 한국의 9개 품목의 수출이 감소할 것이란 내용이다.",,indicator=SOURCE | value=SOURCE | unit=SOURCE | time=MISSING | frequency=NOT_APPLICABLE | region=SOURCE | population=NOT_APPLICABLE | dimension=SOURCE | comparison=NOT_APPLICABLE | calculation=SOURCE | condition=SOURCE | source_hint=NOT_APPLICABLE,아니오,0,0,0,HUMAN_REVIEW,CLAIM_PARSE,CONTEXT_REQUIRED,CONTEXT,,CLAIM_SPLIT~CLAIM_PARSE,HUMAN_REVIEW,CONTEXT_REQUIRED,,,,,0,,,
A00292,8,A00292_8,A00292_8,합계 출산율(여성 1명이 평생 낳을 것으로 기대되는 평균 출생아 수)도 9년 만에 반등할 가능성이 커졌다.,,indicator=SOURCE | value=SOURCE | unit=SOURCE | time=MISSING | frequency=NOT_APPLICABLE | region=NOT_APPLICABLE | population=NOT_APPLICABLE | dimension=SOURCE | comparison=NOT_APPLICABLE | calculation=SOURCE | condition=NOT_APPLICABLE | source_hint=NOT_APPLICABLE,아니오,0,0,0,HUMAN_REVIEW,CLAIM_PARSE,CONTEXT_REQUIRED,CONTEXT,,CLAIM_SPLIT~CLAIM_PARSE,HUMAN_REVIEW,CONTEXT_REQUIRED,,,,,0,,,
A00295,12,A00295_12,A00295_12,"업종별로 보면 기타 식사용 가공처리 조리식품 제조업(25%), 주정 제조업(16%), 도시락류 제조업(9.8%), 기타 곡물가공품 제조업(8.5%) 순으로 쌀 소비량이 늘었다.",,indicator=SOURCE | value=SOURCE | unit=SOURCE | time=MISSING | frequency=NOT_APPLICABLE | region=NOT_APPLICABLE | population=NOT_APPLICABLE | dimension=SOURCE | comparison=SOURCE | calculation=SOURCE | condition=MISSING | source_hint=NOT_APPLICABLE,아니오,0,0,0,HUMAN_REVIEW,CLAIM_PARSE,CONTEXT_REQUIRED,CONTEXT,,CLAIM_SPLIT~CLAIM_PARSE,HUMAN_REVIEW,CONTEXT_REQUIRED,,,,,0,,,
A00298,16,A00298_16,A00298_16,수출은 반도체 등 IT품목을 중심으로 전기 대비 0.3% 늘었다.,,indicator=SOURCE | value=SOURCE | unit=SOURCE | time=MISSING | frequency=NOT_APPLICABLE | region=NOT_APPLICABLE | population=NOT_APPLICABLE | dimension=SOURCE | comparison=SOURCE | calculation=SOURCE | condition=MISSING | source_hint=NOT_APPLICABLE,아니오,0,0,0,HUMAN_REVIEW,CLAIM_PARSE,CONTEXT_REQUIRED,CONTEXT,,CLAIM_SPLIT~CLAIM_PARSE,HUMAN_REVIEW,CONTEXT_REQUIRED,,,,,0,,,
A00298,17,A00298_17,A00298_17,반면 내수 중 건설투자는 건물건설과 토목건설이 모두 줄며 전분기 대비 3.2% 감소했다.,,indicator=SOURCE | value=SOURCE | unit=SOURCE | time=MISSING | frequency=NOT_APPLICABLE | region=NOT_APPLICABLE | population=NOT_APPLICABLE | dimension=NOT_APPLICABLE | comparison=SOURCE | calculation=SOURCE | condition=SOURCE | source_hint=NOT_APPLICABLE,아니오,0,0,0,HUMAN_REVIEW,CLAIM_PARSE,CONTEXT_REQUIRED,CONTEXT,,CLAIM_SPLIT~CLAIM_PARSE,HUMAN_REVIEW,CONTEXT_REQUIRED,,,,,0,,,
A00298,19,A00298_19,A00298_19,"이에 따라 성장기여도는 순수출(수출-수입)이 -0.8%포인트에서 0.1%포인트로 올라간 반면, 내수의 성장기여도는 0.8%포인트에서 0%포인트로 떨어졌다.",,indicator=SOURCE | value=SOURCE | unit=SOURCE | time=MISSING | frequency=NOT_APPLICABLE | region=NOT_APPLICABLE | population=NOT_APPLICABLE | dimension=NOT_APPLICABLE | comparison=SOURCE | calculation=SOURCE | condition=SOURCE | source_hint=NOT_APPLICABLE,아니오,0,0,0,HUMAN_REVIEW,CLAIM_PARSE,CONTEXT_REQUIRED,CONTEXT,,CLAIM_SPLIT~CLAIM_PARSE,HUMAN_REVIEW,CONTEXT_REQUIRED,,,,,0,,,
A00298,28,A00298_28,A00298_28,관세청에 따르면 이달 1∼20일 수출액은 316억 달러로 1년 전 같은 기간보다 5.1%(17억 1000만 달러) 감소했다.,,indicator=SOURCE | value=SOURCE | unit=SOURCE | time=MISSING | frequency=NOT_APPLICABLE | region=NOT_APPLICABLE | population=NOT_APPLICABLE | dimension=NOT_APPLICABLE | comparison=SOURCE | calculation=SOURCE | condition=SOURCE | source_hint=SOURCE,아니오,0,0,0,HUMAN_REVIEW,CLAIM_PARSE,CONTEXT_REQUIRED,CONTEXT,,CLAIM_SPLIT~CLAIM_PARSE,HUMAN_REVIEW,CONTEXT_REQUIRED,,,,,0,,,
A00308,11,A00308_11,A00308_11,"설문 결과, 응답자 절반이 한국 경제의 잠재성장률을 2% 미만으로 봤다.",,indicator=SOURCE | value=SOURCE | unit=SOURCE | time=MISSING | frequency=NOT_APPLICABLE | region=SOURCE | population=NOT_APPLICABLE | dimension=NOT_APPLICABLE | comparison=NOT_APPLICABLE | calculation=SOURCE | condition=SOURCE | source_hint=NOT_APPLICABLE,아니오,0,0,0,HUMAN_REVIEW,CLAIM_PARSE,CONTEXT_REQUIRED,CONTEXT,,CLAIM_SPLIT~CLAIM_PARSE,HUMAN_REVIEW,CONTEXT_REQUIRED,,,,,0,,,
A00308,17,A00308_17,A00308_17,그간 고물가와 고금리 부담으로 부진했던 소비가 하반기 들어 물가가 1%대로 내려오고 금리도 낮아지면서 경기 회복세가 빨라질 것으로 봤는데 빗나간 것이다.,,indicator=SOURCE | value=SOURCE | unit=SOURCE | time=MISSING | frequency=NOT_APPLICABLE | region=SOURCE | population=NOT_APPLICABLE | dimension=NOT_APPLICABLE | comparison=NOT_APPLICABLE | calculation=SOURCE | condition=NOT_APPLICABLE | source_hint=NOT_APPLICABLE,아니오,0,0,0,HUMAN_REVIEW,CLAIM_PARSE,CONTEXT_REQUIRED,CONTEXT,,CLAIM_SPLIT~CLAIM_PARSE,HUMAN_REVIEW,CONTEXT_REQUIRED,,,,,0,,,
A00308,29,A00308_29,A00308_29,관세청에 따르면 이달 1∼20일 수출액은 316억달러로 1년 전 같은 기간보다 5.1%(17억1000만 달러) 줄었다.,,indicator=SOURCE | value=SOURCE | unit=SOURCE | time=MISSING | frequency=NOT_APPLICABLE | region=NOT_APPLICABLE | population=NOT_APPLICABLE | dimension=NOT_APPLICABLE | comparison=SOURCE | calculation=SOURCE | condition=MISSING | source_hint=SOURCE,아니오,0,0,0,HUMAN_REVIEW,CLAIM_PARSE,CONTEXT_REQUIRED,CONTEXT,,CLAIM_SPLIT~CLAIM_PARSE,HUMAN_REVIEW,CONTEXT_REQUIRED,,,,,0,,,
A00308,31,A00308_31,A00308_31,김태유 서울대 명예교수는 “지난 30년간 대통령 임기마다 한국 경제성장률이 1%포인트씩 대세 하락해 왔다”며 “새로운 성장 동력을 찾는 노력이 절실하다”고 했다.,,indicator=SOURCE | value=SOURCE | unit=SOURCE | time=MISSING | frequency=NOT_APPLICABLE | region=SOURCE | population=NOT_APPLICABLE | dimension=NOT_APPLICABLE | comparison=NOT_APPLICABLE | calculation=SOURCE | condition=SOURCE | source_hint=NOT_APPLICABLE,아니오,0,0,0,HUMAN_REVIEW,CLAIM_PARSE,CONTEXT_REQUIRED,CONTEXT,,CLAIM_SPLIT~CLAIM_PARSE,HUMAN_REVIEW,CONTEXT_REQUIRED,,,,,0,,,
A00308,9,A00308_9,A00308_9,GDP 성장률과 잠재성장률 하락을 근거로 ‘한국의 경쟁력이 정점을 찍고 내리막길에 들어섰다’는 이른바 ‘피크 코리아(Peak Korea)’ 주장에 동의하느냐는 질문에 응답자 3명 중 2명꼴로 고개를 끄덕였다.,,indicator=SOURCE | value=SOURCE | unit=SOURCE | time=MISSING | frequency=NOT_APPLICABLE | region=SOURCE | population=NOT_APPLICABLE | dimension=NOT_APPLICABLE | comparison=SOURCE | calculation=SOURCE | condition=SOURCE | source_hint=NOT_APPLICABLE,아니오,0,0,0,HUMAN_REVIEW,CLAIM_PARSE,CONTEXT_REQUIRED,CONTEXT,,CLAIM_SPLIT~CLAIM_PARSE,HUMAN_REVIEW,CONTEXT_REQUIRED,,,,,0,,,
A00312,36,A00312_36,A00312_36,"한국 경제를 이끄는 자동차 산업의 대표 기업 현대차도 경기 둔화의 영향... ""K뷰티 끌고 車 밀고"" 中企수출 165조 기록 작년 중소기업 수출액이 전년보다 4.9% 증가한 1151억달러(약 165조원)를 기록하며 역대 수출액 2위를 기록했다.",,indicator=SOURCE | value=SOURCE | unit=SOURCE | time=SOURCE | frequency=SOURCE | region=SOURCE | population=NOT_APPLICABLE | dimension=SOURCE | comparison=SOURCE | calculation=SOURCE | condition=SOURCE | source_hint=NOT_APPLICABLE,예,0,0,0,HUMAN_REVIEW,CLAIM_PARSE,CONTEXT_REQUIRED,CONTEXT,,CLAIM_SPLIT~CLAIM_PARSE,HUMAN_REVIEW,CONTEXT_REQUIRED,,,,,0,,,
A00319,12,A00319_12,A00319_12,삼성은 “2018년부터 현재까지 누적 취업자가 7000명을 넘어섰다”며 “AI 시대를 선도할 주역으로 성장할 수 있도록 청년들을 지속적으로 키워나갈 것”이라고 밝혔다.,,indicator=SOURCE | value=SOURCE | unit=SOURCE | time=SOURCE | frequency=SOURCE | region=NOT_APPLICABLE | population=SOURCE | dimension=SOURCE | comparison=NOT_APPLICABLE | calculation=SOURCE | condition=SOURCE | source_hint=NOT_APPLICABLE,예,0,0,0,HUMAN_REVIEW,CLAIM_PARSE,CONTEXT_REQUIRED,CONTEXT,,CLAIM_SPLIT~CLAIM_PARSE,HUMAN_REVIEW,CONTEXT_REQUIRED,,,,,0,,,
A00330,14,A00330_14,A00330_14,"주요 성분을 비교하면 빽햄은 한돈 85%, 스팸은 수입산 돼지고기 92%대다.",,indicator=SOURCE | value=SOURCE | unit=SOURCE | time=MISSING | frequency=NOT_APPLICABLE | region=NOT_APPLICABLE | population=NOT_APPLICABLE | dimension=SOURCE | comparison=SOURCE | calculation=SOURCE | condition=NOT_APPLICABLE | source_hint=NOT_APPLICABLE,아니오,0,0,0,HUMAN_REVIEW,CLAIM_PARSE,CONTEXT_REQUIRED,CONTEXT,,CLAIM_SPLIT~CLAIM_PARSE,HUMAN_REVIEW,CONTEXT_REQUIRED,,,,,0,,,
A00353,1,A00353_1,A00353_1,지난해 1억원 넘는 고가 수입차 판매량이 8년 만에 감소한 것으로 나타났다.,,indicator=SOURCE | value=SOURCE | unit=SOURCE | time=SOURCE | frequency=SOURCE | region=NOT_APPLICABLE | population=NOT_APPLICABLE | dimension=NOT_APPLICABLE | comparison=NOT_APPLICABLE | calculation=SOURCE | condition=SOURCE | source_hint=NOT_APPLICABLE,예,0,0,0,HUMAN_REVIEW,CLAIM_PARSE,CONTEXT_REQUIRED,CONTEXT,,CLAIM_SPLIT~CLAIM_PARSE,HUMAN_REVIEW,CONTEXT_REQUIRED,,,,,0,,,
A00353,17,A00353_17,A00353_17,대신 개인 소유 수입차 등록 비율이 64.7%(17만305건)로 늘어났다.,,indicator=SOURCE | value=SOURCE | unit=SOURCE | time=MISSING | frequency=NOT_APPLICABLE | region=NOT_APPLICABLE | population=NOT_APPLICABLE | dimension=NOT_APPLICABLE | comparison=SOURCE | calculation=SOURCE | condition=SOURCE | source_hint=NOT_APPLICABLE,아니오,0,0,0,HUMAN_REVIEW,CLAIM_PARSE,CONTEXT_REQUIRED,CONTEXT,,CLAIM_SPLIT~CLAIM_PARSE,HUMAN_REVIEW,CONTEXT_REQUIRED,,,,,0,,,
A00353,5,A00353_5,A00353_5,"1억원 이상 고가 수입차 판매량은 해마다 늘어왔는데, 전년 대비 마이너스로 돌아선 것은 2016년 이후 8년 만이다.",,indicator=SOURCE | value=SOURCE | unit=SOURCE | time=SOURCE | frequency=SOURCE | region=NOT_APPLICABLE | population=NOT_APPLICABLE | dimension=NOT_APPLICABLE | comparison=SOURCE | calculation=SOURCE | condition=SOURCE | source_hint=NOT_APPLICABLE,예,0,0,0,HUMAN_REVIEW,CLAIM_PARSE,CONTEXT_REQUIRED,CONTEXT,,CLAIM_SPLIT~CLAIM_PARSE,HUMAN_REVIEW,CONTEXT_REQUIRED,,,,,0,,,
A00353,7,A00353_7,A00353_7,브랜드별로 살펴보면 BMW가 1억원 이상 수입차 2만4543대를 팔아 1위를 차지했다.,,indicator=SOURCE | value=SOURCE | unit=SOURCE | time=MISSING | frequency=NOT_APPLICABLE | region=NOT_APPLICABLE | population=NOT_APPLICABLE | dimension=MISSING | comparison=SOURCE | calculation=SOURCE | condition=SOURCE | source_hint=NOT_APPLICABLE,아니오,0,0,0,HUMAN_REVIEW,CLAIM_PARSE,CONTEXT_REQUIRED,CONTEXT,,CLAIM_SPLIT~CLAIM_PARSE,HUMAN_REVIEW,CONTEXT_REQUIRED,,,,,0,,,
A00354,10,A00354_10,A00354_10,이 지표는 15~64세 생산연령인구 1명이 65세 이상의 고령 인구 몇 명을 부양해야 하는지를 나타낸다.,,indicator=SOURCE | value=SOURCE | unit=SOURCE | time=MISSING | frequency=NOT_APPLICABLE | region=NOT_APPLICABLE | population=SOURCE | dimension=SOURCE | comparison=NOT_APPLICABLE | calculation=SOURCE | condition=SOURCE | source_hint=NOT_APPLICABLE,아니오,0,0,0,HUMAN_REVIEW,CLAIM_PARSE,CONTEXT_REQUIRED,CONTEXT,,CLAIM_SPLIT~CLAIM_PARSE,HUMAN_REVIEW,CONTEXT_REQUIRED,,,,,0,,,
A00354,12,A00354_12,A00354_12,"지금 우리는 생산연령인구 3.6명이 고령 인구 1명을 부양하고 있는데, 약 50년 후에는 생산연령인구 1명이 고령 인구 1명을 부양해야 한다.",,indicator=SOURCE | value=SOURCE | unit=SOURCE | time=MISSING | frequency=NOT_APPLICABLE | region=NOT_APPLICABLE | population=NOT_APPLICABLE | dimension=NOT_APPLICABLE | comparison=SOURCE | calculation=SOURCE | condition=NOT_APPLICABLE | source_hint=NOT_APPLICABLE,아니오,0,0,0,HUMAN_REVIEW,CLAIM_PARSE,CONTEXT_REQUIRED,CONTEXT,,CLAIM_SPLIT~CLAIM_PARSE,HUMAN_REVIEW,CONTEXT_REQUIRED,,,,,0,,,
A00354,26,A00354_26,A00354_26,이들은 954만 명으로 인구의 18.6%를 차지한다.,,indicator=SOURCE | value=SOURCE | unit=SOURCE | time=MISSING | frequency=NOT_APPLICABLE | region=NOT_APPLICABLE | population=NOT_APPLICABLE | dimension=NOT_APPLICABLE | comparison=SOURCE | calculation=SOURCE | condition=NOT_APPLICABLE | source_hint=NOT_APPLICABLE,아니오,0,0,0,HUMAN_REVIEW,CLAIM_PARSE,CONTEXT_REQUIRED,CONTEXT,,CLAIM_SPLIT~CLAIM_PARSE,HUMAN_REVIEW,CONTEXT_REQUIRED,,,,,0,,,
A00354,37,A00354_37,A00354_37,우리 아이들이 소득의 50%를 고령 인구 부양을 위해 국가에 헌납해야 한다면 한국에 남아있거나 열심히 일할 이유가 없을 것이다.,,indicator=SOURCE | value=SOURCE | unit=SOURCE | time=MISSING | frequency=NOT_APPLICABLE | region=SOURCE | population=NOT_APPLICABLE | dimension=NOT_APPLICABLE | comparison=NOT_APPLICABLE | calculation=SOURCE | condition=NOT_APPLICABLE | source_hint=NOT_APPLICABLE,아니오,0,0,0,HUMAN_REVIEW,CLAIM_PARSE,CONTEXT_REQUIRED,CONTEXT,,CLAIM_SPLIT~CLAIM_PARSE,HUMAN_REVIEW,CONTEXT_REQUIRED,,,,,0,,,
A00354,6,A00354_6,A00354_6,"사망자 수가 출생자 수를 넘어선 2021년의 첫 번째 데드크로스는 코로나19 팬데믹(pandemic·감염병 대유행)의 영향이 컸던 반면, 2025년 찾아올 두 번째 데드크로스는 극단적 저출산이 원인으로, 올해부터 인구 감소가 본격화한다.",,indicator=SOURCE | value=MISSING | unit=MISSING | time=SOURCE | frequency=SOURCE | region=NOT_APPLICABLE | population=NOT_APPLICABLE | dimension=NOT_APPLICABLE | comparison=NOT_APPLICABLE | calculation=SOURCE | condition=SOURCE | source_hint=NOT_APPLICABLE,아니오,0,0,0,HUMAN_REVIEW,CLAIM_PARSE,CONTEXT_REQUIRED,CONTEXT,,CLAIM_SPLIT~CLAIM_PARSE,HUMAN_REVIEW,CONTEXT_REQUIRED,,,,,0,,,
A00354,8,A00354_8,A00354_8,이 중 약 절반인 1700만 명이 고령 인구가 된다.,,indicator=SOURCE | value=SOURCE | unit=SOURCE | time=MISSING | frequency=NOT_APPLICABLE | region=NOT_APPLICABLE | population=NOT_APPLICABLE | dimension=NOT_APPLICABLE | comparison=NOT_APPLICABLE | calculation=SOURCE | condition=NOT_APPLICABLE | source_hint=NOT_APPLICABLE,아니오,0,0,0,HUMAN_REVIEW,CLAIM_PARSE,CONTEXT_REQUIRED,CONTEXT,,CLAIM_SPLIT~CLAIM_PARSE,HUMAN_REVIEW,CONTEXT_REQUIRED,,,,,0,,,
A00364,20,A00364_20,A00364_20,"고령화 시대에 맞춰 초고령자·유병자에 대한 실손보험 가입대상을 기존 70~75세에서 90세로 확대하고, 보장 연령도 기존 100세에서 110세로 늘릴 예정이다.",,indicator=SOURCE | value=MISSING | unit=MISSING | time=MISSING | frequency=NOT_APPLICABLE | region=NOT_APPLICABLE | population=NOT_APPLICABLE | dimension=SOURCE | comparison=NOT_APPLICABLE | calculation=SOURCE | condition=NOT_APPLICABLE | source_hint=NOT_APPLICABLE,아니오,0,0,0,HUMAN_REVIEW,CLAIM_PARSE,CONTEXT_REQUIRED,CONTEXT,,CLAIM_SPLIT~CLAIM_PARSE,HUMAN_REVIEW,CONTEXT_REQUIRED,,,,,0,,,
A00368,11,A00368_11,A00368_11,"박 전 대통령 탄핵 소추안이 통과된 2016년 12월 청년 고용률은 0.4%포인트 증가세로 전환했지만, 이듬해인 2017년 1~2월 청년 고용률 증가세는 각각 0.2%포인트씩으로 둔화됐다.",,indicator=SOURCE | value=SOURCE | unit=SOURCE | time=SOURCE | frequency=SOURCE | region=NOT_APPLICABLE | population=SOURCE | dimension=SOURCE | comparison=SOURCE | calculation=SOURCE | condition=SOURCE | source_hint=NOT_APPLICABLE,예,0,0,0,HUMAN_REVIEW,CLAIM_PARSE,CONTEXT_REQUIRED,CONTEXT,,CLAIM_SPLIT~CLAIM_PARSE,HUMAN_REVIEW,CONTEXT_REQUIRED,,,,,0,,,
A00368,14,A00368_14,A00368_14,"미 트럼프 2기 출범으로 국제 교역이 위축될 우려가 커지고 있고, 반도체와 자동차 등 주력 품목의 대(對)미 수출이 감소할 가능성이 높다.",,indicator=SOURCE | value=MISSING | unit=MISSING | time=MISSING | frequency=NOT_APPLICABLE | region=NOT_APPLICABLE | population=NOT_APPLICABLE | dimension=SOURCE | comparison=NOT_APPLICABLE | calculation=SOURCE | condition=SOURCE | source_hint=NOT_APPLICABLE,아니오,0,0,0,HUMAN_REVIEW,CLAIM_PARSE,CONTEXT_REQUIRED,CONTEXT,,CLAIM_SPLIT~CLAIM_PARSE,HUMAN_REVIEW,CONTEXT_REQUIRED,,,,,0,,,
A00368,25,A00368_25,A00368_25,경제정책방향에 담긴 정책도 ‘청년 고용 올케어 플랫폼’ 기능을 확대하거나 ‘일경험 기회’를 1만명 늘리는 등 기존 정책을 답습·강화하는 차원에 그친다.,,indicator=SOURCE | value=SOURCE | unit=SOURCE | time=MISSING | frequency=NOT_APPLICABLE | region=NOT_APPLICABLE | population=SOURCE | dimension=SOURCE | comparison=NOT_APPLICABLE | calculation=SOURCE | condition=NOT_APPLICABLE | source_hint=NOT_APPLICABLE,아니오,0,0,0,HUMAN_REVIEW,CLAIM_PARSE,CONTEXT_REQUIRED,CONTEXT,,CLAIM_SPLIT~CLAIM_PARSE,HUMAN_REVIEW,CONTEXT_REQUIRED,,,,,0,,,
A00383,7,A00383_7,A00383_7,"경기도(1369만4685명)에 이어 가장 많은 인구가 집중돼 있는 서울(933만1828명)에서, 서민들이 즐겨 찾는 호프집이 지속적으로 줄고 있다는 건 그만큼 내수부진이 심각하다는 의미다.",,indicator=SOURCE | value=SOURCE | unit=SOURCE | time=MISSING | frequency=NOT_APPLICABLE | region=SOURCE | population=NOT_APPLICABLE | dimension=NOT_APPLICABLE | comparison=SOURCE | calculation=SOURCE | condition=NOT_APPLICABLE | source_hint=NOT_APPLICABLE,아니오,0,0,0,HUMAN_REVIEW,CLAIM_PARSE,CONTEXT_REQUIRED,CONTEXT,,CLAIM_SPLIT~CLAIM_PARSE,HUMAN_REVIEW,CONTEXT_REQUIRED,,,,,0,,,
A00385,15,A00385_15,A00385_15,대한민국 주민등록 인구 중 65세 이상 비율이 20%를 넘어섰다.,,indicator=SOURCE | value=SOURCE | unit=SOURCE | time=MISSING | frequency=NOT_APPLICABLE | region=NOT_APPLICABLE | population=SOURCE | dimension=SOURCE | comparison=SOURCE | calculation=SOURCE | condition=SOURCE | source_hint=NOT_APPLICABLE,아니오,0,0,0,HUMAN_REVIEW,CLAIM_PARSE,CONTEXT_REQUIRED,CONTEXT,,CLAIM_SPLIT~CLAIM_PARSE,HUMAN_REVIEW,CONTEXT_REQUIRED,,,,,0,,,
A00394,11,A00394_11,A00394_11,특히 2023년에도 수입 SUV 시장에서 판매량 1위를 기록한 XC60은 지난해에도 5988대를 판매하며 1위 자리를 유지했다.,,indicator=SOURCE | value=SOURCE | unit=SOURCE | time=SOURCE | frequency=SOURCE | region=NOT_APPLICABLE | population=NOT_APPLICABLE | dimension=MISSING | comparison=SOURCE | calculation=SOURCE | condition=SOURCE | source_hint=NOT_APPLICABLE,아니오,0,0,0,HUMAN_REVIEW,CLAIM_PARSE,CONTEXT_REQUIRED,CONTEXT,,CLAIM_SPLIT~CLAIM_PARSE,HUMAN_REVIEW,CONTEXT_REQUIRED,,,,,0,,,
A00394,12,A00394_12,A00394_12,세단과 SUV의 강점을 결합한 V60 크로스컨트리는 934대를 판매하면서 수입 왜건 판매 1위를 차지했다.,,indicator=SOURCE | value=SOURCE | unit=SOURCE | time=MISSING | frequency=NOT_APPLICABLE | region=NOT_APPLICABLE | population=NOT_APPLICABLE | dimension=MISSING | comparison=SOURCE | calculation=SOURCE | condition=SOURCE | source_hint=NOT_APPLICABLE,아니오,0,0,0,HUMAN_REVIEW,CLAIM_PARSE,CONTEXT_REQUIRED,CONTEXT,,CLAIM_SPLIT~CLAIM_PARSE,HUMAN_REVIEW,CONTEXT_REQUIRED,,,,,0,,,
A00394,3,A00394_3,A00394_3,EX30은 4000만원대에 출시되는 수입 프리미엄 전기차라는 점이 강점으로 꼽힌다.,,indicator=SOURCE | value=SOURCE | unit=SOURCE | time=MISSING | frequency=NOT_APPLICABLE | region=NOT_APPLICABLE | population=NOT_APPLICABLE | dimension=NOT_APPLICABLE | comparison=NOT_APPLICABLE | calculation=SOURCE | condition=NOT_APPLICABLE | source_hint=NOT_APPLICABLE,아니오,0,0,0,HUMAN_REVIEW,CLAIM_PARSE,CONTEXT_REQUIRED,CONTEXT,,CLAIM_SPLIT~CLAIM_PARSE,HUMAN_REVIEW,CONTEXT_REQUIRED,,,,,0,,,
A00399,5,A00399_5,A00399_5,연준은 이날 성명에서 “물가상승률이 위원회의 목표치인 2%에 근접했다”는 표현을 아예 삭제했다.,,indicator=SOURCE | value=SOURCE | unit=SOURCE | time=MISSING | frequency=NOT_APPLICABLE | region=NOT_APPLICABLE | population=NOT_APPLICABLE | dimension=NOT_APPLICABLE | comparison=MISSING | calculation=SOURCE | condition=SOURCE | source_hint=NOT_APPLICABLE,아니오,0,0,0,HUMAN_REVIEW,CLAIM_PARSE,CONTEXT_REQUIRED,CONTEXT,,CLAIM_SPLIT~CLAIM_PARSE,HUMAN_REVIEW,CONTEXT_REQUIRED,,,,,0,,,
A00406,10,A00406_10,A00406_10,다만 자동차 수출은 1월 중 역대 2위 실적을 기록했다고 산업부는 밝혔다.,,indicator=SOURCE | value=SOURCE | unit=SOURCE | time=MISSING | frequency=NOT_APPLICABLE | region=NOT_APPLICABLE | population=NOT_APPLICABLE | dimension=SOURCE | comparison=NOT_APPLICABLE | calculation=SOURCE | condition=SOURCE | source_hint=NOT_APPLICABLE,아니오,0,0,0,HUMAN_REVIEW,CLAIM_PARSE,CONTEXT_REQUIRED,CONTEXT,,CLAIM_SPLIT~CLAIM_PARSE,HUMAN_REVIEW,CONTEXT_REQUIRED,,,,,0,,,
A00406,13,A00406_13,A00406_13,다만 주요 시장으로의 일평균 수출은 중동을 제외한 8개 지역에서 플러스를 기록했다.,,indicator=SOURCE | value=SOURCE | unit=SOURCE | time=MISSING | frequency=NOT_APPLICABLE | region=NOT_APPLICABLE | population=NOT_APPLICABLE | dimension=NOT_APPLICABLE | comparison=NOT_APPLICABLE | calculation=SOURCE | condition=NOT_APPLICABLE | source_hint=NOT_APPLICABLE,아니오,0,0,0,HUMAN_REVIEW,CLAIM_PARSE,CONTEXT_REQUIRED,CONTEXT,,CLAIM_SPLIT~CLAIM_PARSE,HUMAN_REVIEW,CONTEXT_REQUIRED,,,,,0,,,
A00406,7,A00406_7,A00406_7,컴퓨터SSD 수출도 두 자릿수(+14.8%) 증가한 8억 달러로 13개월 연속 증가했다.,,indicator=SOURCE | value=SOURCE | unit=SOURCE | time=MISSING | frequency=NOT_APPLICABLE | region=NOT_APPLICABLE | population=NOT_APPLICABLE | dimension=NOT_APPLICABLE | comparison=SOURCE | calculation=SOURCE | condition=SOURCE | source_hint=NOT_APPLICABLE,아니오,0,0,0,HUMAN_REVIEW,CLAIM_PARSE,CONTEXT_REQUIRED,CONTEXT,,CLAIM_SPLIT~CLAIM_PARSE,HUMAN_REVIEW,CONTEXT_REQUIRED,,,,,0,,,
A00406,8,A00406_8,A00406_8,"반면 한국의 또 다른 주력 수출품목인 자동차와 차부품 수출액은 각각 전년 대비 19.6%, 17.2% 하락했다.",,indicator=SOURCE | value=SOURCE | unit=SOURCE | time=SOURCE | frequency=SOURCE | region=SOURCE | population=NOT_APPLICABLE | dimension=SOURCE | comparison=SOURCE | calculation=SOURCE | condition=SOURCE | source_hint=NOT_APPLICABLE,예,0,0,0,HUMAN_REVIEW,CLAIM_PARSE,CONTEXT_REQUIRED,CONTEXT,,CLAIM_SPLIT~CLAIM_PARSE,HUMAN_REVIEW,CONTEXT_REQUIRED,,,,,0,,,
A00407,8,A00407_8,A00407_8,수입 원유 가격 기준인 두바이유는 직전 주보다 1.1달러 내린 81.4달러를 기록했다.,,indicator=SOURCE | value=SOURCE | unit=SOURCE | time=MISSING | frequency=NOT_APPLICABLE | region=NOT_APPLICABLE | population=NOT_APPLICABLE | dimension=NOT_APPLICABLE | comparison=SOURCE | calculation=SOURCE | condition=NOT_APPLICABLE | source_hint=NOT_APPLICABLE,아니오,0,0,0,HUMAN_REVIEW,CLAIM_PARSE,CONTEXT_REQUIRED,CONTEXT,,CLAIM_SPLIT~CLAIM_PARSE,HUMAN_REVIEW,CONTEXT_REQUIRED,,,,,0,,,
A00433,11,A00433_11,A00433_11,작년 수입 SUV 판매량 중 전기차(3만2666대)가 4분의 1을 차지했다.,,indicator=SOURCE | value=SOURCE | unit=SOURCE | time=SOURCE | frequency=SOURCE | region=NOT_APPLICABLE | population=NOT_APPLICABLE | dimension=NOT_APPLICABLE | comparison=NOT_APPLICABLE | calculation=SOURCE | condition=NOT_APPLICABLE | source_hint=NOT_APPLICABLE,예,0,0,0,HUMAN_REVIEW,CLAIM_PARSE,CONTEXT_REQUIRED,CONTEXT,,CLAIM_SPLIT~CLAIM_PARSE,HUMAN_REVIEW,CONTEXT_REQUIRED,,,,,0,,,
A00433,14,A00433_14,A00433_14,"자동차 시장조사 업체 카이즈유데이터센터에 따르면, 테슬라의 중형 SUV 모델Y는 판매량이 1년 사이 34.8% 증가하며 수입차 3위를 차지했다.",,indicator=SOURCE | value=SOURCE | unit=SOURCE | time=MISSING | frequency=NOT_APPLICABLE | region=NOT_APPLICABLE | population=NOT_APPLICABLE | dimension=SOURCE | comparison=SOURCE | calculation=SOURCE | condition=SOURCE | source_hint=NOT_APPLICABLE,아니오,0,0,0,HUMAN_REVIEW,CLAIM_PARSE,CONTEXT_REQUIRED,CONTEXT,,CLAIM_SPLIT~CLAIM_PARSE,HUMAN_REVIEW,CONTEXT_REQUIRED,,,,,0,,,
A00433,4,A00433_4,A00433_4,"1년 전과 비교해서 수입 SUV 판매량은 5% 안팎 늘었지만, 같은 기간 수입 세단 판매량은 9% 안팎 줄었기 때문이다.",,indicator=SOURCE | value=SOURCE | unit=SOURCE | time=MISSING | frequency=NOT_APPLICABLE | region=NOT_APPLICABLE | population=NOT_APPLICABLE | dimension=NOT_APPLICABLE | comparison=SOURCE | calculation=SOURCE | condition=MISSING | source_hint=NOT_APPLICABLE,아니오,0,0,0,HUMAN_REVIEW,CLAIM_PARSE,CONTEXT_REQUIRED,CONTEXT,,CLAIM_SPLIT~CLAIM_PARSE,HUMAN_REVIEW,CONTEXT_REQUIRED,,,,,0,,,
A00433,5,A00433_5,A00433_5,"작년 경기 부진과 고가 법인 차에 연두색 번호판을 붙이는 정책 시행으로 전체 수입차 판매량은 1년 전보다 3% 안팎 줄었지만, SUV는 오히려 판매량이 늘었다.",,indicator=SOURCE | value=SOURCE | unit=SOURCE | time=SOURCE | frequency=SOURCE | region=SOURCE | population=NOT_APPLICABLE | dimension=NOT_APPLICABLE | comparison=SOURCE | calculation=SOURCE | condition=MISSING | source_hint=NOT_APPLICABLE,아니오,0,0,0,HUMAN_REVIEW,CLAIM_PARSE,CONTEXT_REQUIRED,CONTEXT,,CLAIM_SPLIT~CLAIM_PARSE,HUMAN_REVIEW,CONTEXT_REQUIRED,,,,,0,,,
A00433,8,A00433_8,A00433_8,한국수입자동차협회 집계가 처음 시작된 2003년만 해도 연간 세단 판매량은 1만5000대 안팎으로 SUV 판매량의 5배 수준이었다.,,indicator=SOURCE | value=SOURCE | unit=SOURCE | time=SOURCE | frequency=SOURCE | region=SOURCE | population=NOT_APPLICABLE | dimension=SOURCE | comparison=SOURCE | calculation=SOURCE | condition=NOT_APPLICABLE | source_hint=NOT_APPLICABLE,예,0,0,0,HUMAN_REVIEW,CLAIM_PARSE,CONTEXT_REQUIRED,CONTEXT,,CLAIM_SPLIT~CLAIM_PARSE,HUMAN_REVIEW,CONTEXT_REQUIRED,,,,,0,,,
A00440,5,A00440_5,A00440_5,"제조업을 포함한 광공업 생산이 4.1% 늘었고, 서비스업 생산이 1.4% 증가했다.",,indicator=SOURCE | value=SOURCE | unit=SOURCE | time=MISSING | frequency=NOT_APPLICABLE | region=NOT_APPLICABLE | population=NOT_APPLICABLE | dimension=SOURCE | comparison=SOURCE | calculation=SOURCE | condition=SOURCE | source_hint=NOT_APPLICABLE,아니오,0,0,0,HUMAN_REVIEW,CLAIM_PARSE,CONTEXT_REQUIRED,CONTEXT,,CLAIM_SPLIT~CLAIM_PARSE,HUMAN_REVIEW,CONTEXT_REQUIRED,,,,,0,,,
A00448,7,A00448_7,A00448_7,하지만 고금리·고물가로 2022년 다시 0.3% 감소했고 2023년엔 수출 부진까지 겹쳐 소매판매가 1.5% 감소했다.,,indicator=SOURCE | value=SOURCE | unit=SOURCE | time=SOURCE | frequency=SOURCE | region=NOT_APPLICABLE | population=NOT_APPLICABLE | dimension=NOT_APPLICABLE | comparison=SOURCE | calculation=SOURCE | condition=SOURCE | source_hint=NOT_APPLICABLE,예,0,0,0,HUMAN_REVIEW,CLAIM_PARSE,CONTEXT_REQUIRED,CONTEXT,,CLAIM_SPLIT~CLAIM_PARSE,HUMAN_REVIEW,CONTEXT_REQUIRED,,,,,0,,,
A00458,7,A00458_7,A00458_7,"자동차 시장조사 업체 카이즈유데이터센터에 따르면, 작년 수입 승용차 판매량은 재작년 대비 7.1% 급감했다.",,indicator=SOURCE | value=SOURCE | unit=SOURCE | time=SOURCE | frequency=SOURCE | region=NOT_APPLICABLE | population=NOT_APPLICABLE | dimension=SOURCE | comparison=NOT_APPLICABLE | calculation=SOURCE | condition=NOT_APPLICABLE | source_hint=NOT_APPLICABLE,예,0,0,0,HUMAN_REVIEW,CLAIM_PARSE,CONTEXT_REQUIRED,CONTEXT,,CLAIM_SPLIT~CLAIM_PARSE,HUMAN_REVIEW,CONTEXT_REQUIRED,,,,,0,,,
A00463,13,A00463_13,A00463_13,외식을 제외한 개인 서비스는 3.5% 상승하면서 물가를 끌어 올리는 또다른 요인으로 작용했다.,,indicator=SOURCE | value=SOURCE | unit=SOURCE | time=MISSING | frequency=NOT_APPLICABLE | region=NOT_APPLICABLE | population=NOT_APPLICABLE | dimension=NOT_APPLICABLE | comparison=MISSING | calculation=SOURCE | condition=SOURCE | source_hint=NOT_APPLICABLE,아니오,0,0,0,HUMAN_REVIEW,CLAIM_PARSE,CONTEXT_REQUIRED,CONTEXT,,CLAIM_SPLIT~CLAIM_PARSE,HUMAN_REVIEW,CONTEXT_REQUIRED,,,,,0,,,
A00463,6,A00463_6,A00463_6,"소비자 물가상승률은 지난해 9월부터 12월까지 1%대를 유지했지만, 새해 들어 2%대로 올라선 모습이다.",,indicator=SOURCE | value=SOURCE | unit=SOURCE | time=SOURCE | frequency=SOURCE | region=NOT_APPLICABLE | population=NOT_APPLICABLE | dimension=NOT_APPLICABLE | comparison=SOURCE | calculation=SOURCE | condition=SOURCE | source_hint=NOT_APPLICABLE,예,0,0,0,HUMAN_REVIEW,CLAIM_PARSE,CONTEXT_REQUIRED,CONTEXT,,CLAIM_SPLIT~CLAIM_PARSE,HUMAN_REVIEW,CONTEXT_REQUIRED,,,,,0,,,
A00463,7,A00463_7,A00463_7,2%는 한국은행이 제시한 물가상승률 목표치이기도 하다.,,indicator=SOURCE | value=SOURCE | unit=SOURCE | time=MISSING | frequency=NOT_APPLICABLE | region=SOURCE | population=NOT_APPLICABLE | dimension=NOT_APPLICABLE | comparison=MISSING | calculation=SOURCE | condition=SOURCE | source_hint=SOURCE,아니오,0,0,0,HUMAN_REVIEW,CLAIM_PARSE,CONTEXT_REQUIRED,CONTEXT,,CLAIM_SPLIT~CLAIM_PARSE,HUMAN_REVIEW,CONTEXT_REQUIRED,,,,,0,,,
A00473,5,A00473_5,A00473_5,코로나가 확산하던 2020~2021년에도 늘어나던 나 홀로 사장이 지난해 누적된 고금리·고물가 부담으로 위축된 내수 소비 부담을 이겨내지 못한 것이다.,,indicator=SOURCE | value=MISSING | unit=MISSING | time=SOURCE | frequency=SOURCE | region=NOT_APPLICABLE | population=NOT_APPLICABLE | dimension=NOT_APPLICABLE | comparison=NOT_APPLICABLE | calculation=SOURCE | condition=SOURCE | source_hint=NOT_APPLICABLE,아니오,0,0,0,HUMAN_REVIEW,CLAIM_PARSE,CONTEXT_REQUIRED,CONTEXT,,CLAIM_SPLIT~CLAIM_PARSE,HUMAN_REVIEW,CONTEXT_REQUIRED,,,,,0,,,
A00475,1,A00475_1,A00475_1,1 고환율·고유가 여파로 소비자물가 상승률이 3개월 연속 상승세를 보이면서 5개월 만에 2%대에 올라섰다.,,indicator=SOURCE | value=SOURCE | unit=SOURCE | time=MISSING | frequency=NOT_APPLICABLE | region=NOT_APPLICABLE | population=NOT_APPLICABLE | dimension=NOT_APPLICABLE | comparison=SOURCE | calculation=SOURCE | condition=SOURCE | source_hint=NOT_APPLICABLE,아니오,0,0,0,HUMAN_REVIEW,CLAIM_PARSE,CONTEXT_REQUIRED,CONTEXT,,CLAIM_SPLIT~CLAIM_PARSE,HUMAN_REVIEW,CONTEXT_REQUIRED,,,,,0,,,
A00475,3,A00475_3,A00475_3,소비자물가 상승률은 작년 10월 1.3%까지 내려갔다가 고환율·고유가 등의 영향으로 11월(1.5%)부터 지난달까지 3개월 연속 오름세를 보였다.,,indicator=SOURCE | value=SOURCE | unit=SOURCE | time=SOURCE | frequency=SOURCE | region=NOT_APPLICABLE | population=NOT_APPLICABLE | dimension=NOT_APPLICABLE | comparison=SOURCE | calculation=SOURCE | condition=SOURCE | source_hint=NOT_APPLICABLE,예,0,0,0,HUMAN_REVIEW,CLAIM_PARSE,CONTEXT_REQUIRED,CONTEXT,,CLAIM_SPLIT~CLAIM_PARSE,HUMAN_REVIEW,CONTEXT_REQUIRED,,,,,0,,,
A00475,4,A00475_4,A00475_4,소비자물가 상승률이 2%대로 올라선 것은 작년 8월(2%) 이후 5개월 만이다.,,indicator=SOURCE | value=SOURCE | unit=SOURCE | time=SOURCE | frequency=SOURCE | region=NOT_APPLICABLE | population=NOT_APPLICABLE | dimension=NOT_APPLICABLE | comparison=SOURCE | calculation=SOURCE | condition=SOURCE | source_hint=NOT_APPLICABLE,예,0,0,0,HUMAN_REVIEW,CLAIM_PARSE,CONTEXT_REQUIRED,CONTEXT,,CLAIM_SPLIT~CLAIM_PARSE,HUMAN_REVIEW,CONTEXT_REQUIRED,,,,,0,,,
A00475,5,A00475_5,A00475_5,한국은행의 물가 상승률 목표 2%를 넘어선 것이다.,,indicator=SOURCE | value=SOURCE | unit=SOURCE | time=MISSING | frequency=NOT_APPLICABLE | region=SOURCE | population=NOT_APPLICABLE | dimension=NOT_APPLICABLE | comparison=NOT_APPLICABLE | calculation=SOURCE | condition=SOURCE | source_hint=SOURCE,아니오,0,0,0,HUMAN_REVIEW,CLAIM_PARSE,CONTEXT_REQUIRED,CONTEXT,,CLAIM_SPLIT~CLAIM_PARSE,HUMAN_REVIEW,CONTEXT_REQUIRED,,,,,0,,,
A00475,9,A00475_9,A00475_9,한은은 이날 원화 환율 상승이 석유류 가격 등에 영향을 미치며 1월 소비자물가 상승률을 0.1%포인트가량 높였다고 분석했다.,,indicator=SOURCE | value=SOURCE | unit=SOURCE | time=MISSING | frequency=NOT_APPLICABLE | region=NOT_APPLICABLE | population=NOT_APPLICABLE | dimension=NOT_APPLICABLE | comparison=NOT_APPLICABLE | calculation=SOURCE | condition=SOURCE | source_hint=NOT_APPLICABLE,아니오,0,0,0,HUMAN_REVIEW,CLAIM_PARSE,CONTEXT_REQUIRED,CONTEXT,,CLAIM_SPLIT~CLAIM_PARSE,HUMAN_REVIEW,CONTEXT_REQUIRED,,,,,0,,,
A00485,5,A00485_5,A00485_5,정부가 2개월 더 유류세를 낮추기로 한 이유는 최근 고(高)환율·고유가 여파로 석유류 가격이 오르면서 소비자 물가 상승 폭이 2%대로 커졌기 때문이다.,,indicator=SOURCE | value=SOURCE | unit=SOURCE | time=MISSING | frequency=NOT_APPLICABLE | region=NOT_APPLICABLE | population=NOT_APPLICABLE | dimension=NOT_APPLICABLE | comparison=SOURCE | calculation=SOURCE | condition=SOURCE | source_hint=NOT_APPLICABLE,아니오,0,0,0,HUMAN_REVIEW,CLAIM_PARSE,CONTEXT_REQUIRED,CONTEXT,,CLAIM_SPLIT~CLAIM_PARSE,HUMAN_REVIEW,CONTEXT_REQUIRED,,,,,0,,,
A00485,6,A00485_6,A00485_6,"전날 통계청에 따르면, 지난달 소비자 물가 상승률은 2.2%로 작년 11월(1.5%)부터 3개월 연속 오름폭이 커졌다.",,indicator=SOURCE | value=SOURCE | unit=SOURCE | time=SOURCE | frequency=SOURCE | region=NOT_APPLICABLE | population=NOT_APPLICABLE | dimension=NOT_APPLICABLE | comparison=SOURCE | calculation=SOURCE | condition=SOURCE | source_hint=SOURCE,예,0,0,0,HUMAN_REVIEW,CLAIM_PARSE,CONTEXT_REQUIRED,CONTEXT,,CLAIM_SPLIT~CLAIM_PARSE,HUMAN_REVIEW,CONTEXT_REQUIRED,,,,,0,,,
A00485,7,A00485_7,A00485_7,휘발유(9.2%)와 경유(5.7%) 등 석유류 가격이 7.3%나 뛰면서 물가 상승률을 끌어올렸다.,,indicator=SOURCE | value=SOURCE | unit=SOURCE | time=MISSING | frequency=NOT_APPLICABLE | region=NOT_APPLICABLE | population=NOT_APPLICABLE | dimension=NOT_APPLICABLE | comparison=SOURCE | calculation=SOURCE | condition=SOURCE | source_hint=NOT_APPLICABLE,아니오,0,0,0,HUMAN_REVIEW,CLAIM_PARSE,CONTEXT_REQUIRED,CONTEXT,,CLAIM_SPLIT~CLAIM_PARSE,HUMAN_REVIEW,CONTEXT_REQUIRED,,,,,0,,,
A00489,18,A00489_18,A00489_18,이미 1월 무역수지는 18억9000만달러의 적자로 돌아섰다.,,indicator=SOURCE | value=SOURCE | unit=SOURCE | time=MISSING | frequency=NOT_APPLICABLE | region=NOT_APPLICABLE | population=NOT_APPLICABLE | dimension=NOT_APPLICABLE | comparison=NOT_APPLICABLE | calculation=SOURCE | condition=NOT_APPLICABLE | source_hint=NOT_APPLICABLE,아니오,0,0,0,HUMAN_REVIEW,CLAIM_PARSE,CONTEXT_REQUIRED,CONTEXT,,CLAIM_SPLIT~CLAIM_PARSE,HUMAN_REVIEW,CONTEXT_REQUIRED,,,,,0,,,
A00489,7,A00489_7,A00489_7,트럼프가 공언한 모든 수입품에 10~20%를 매기겠다는 보편 관세 등 관세 전쟁이 본격화되는 것을 앞두고 우리나라 기업들은 연말 즈음 미리 ‘밀어내기’식으로 수출을 늘렸다는 것이다.,,indicator=SOURCE | value=SOURCE | unit=SOURCE | time=MISSING | frequency=NOT_APPLICABLE | region=SOURCE | population=NOT_APPLICABLE | dimension=NOT_APPLICABLE | comparison=MISSING | calculation=SOURCE | condition=MISSING | source_hint=NOT_APPLICABLE,아니오,0,0,0,HUMAN_REVIEW,CLAIM_PARSE,CONTEXT_REQUIRED,CONTEXT,,CLAIM_SPLIT~CLAIM_PARSE,HUMAN_REVIEW,CONTEXT_REQUIRED,,,,,0,,,
A00491,5,A00491_5,A00491_5,캘리포니아 인구 중 약 0.5%가 화재 당시 대피 명령을 받았다고 골드만삭스가 집계했을 만큼 산불이 고용 시장에 미치는 영향이 컸다.,,indicator=SOURCE | value=SOURCE | unit=SOURCE | time=MISSING | frequency=NOT_APPLICABLE | region=NOT_APPLICABLE | population=NOT_APPLICABLE | dimension=NOT_APPLICABLE | comparison=NOT_APPLICABLE | calculation=SOURCE | condition=NOT_APPLICABLE | source_hint=NOT_APPLICABLE,아니오,0,0,0,HUMAN_REVIEW,CLAIM_PARSE,CONTEXT_REQUIRED,CONTEXT,,CLAIM_SPLIT~CLAIM_PARSE,HUMAN_REVIEW,CONTEXT_REQUIRED,,,,,0,,,
A00498,7,A00498_7,A00498_7,다만 유제품 가격지수는 전세계적 수입 수요 증가로 전달 대비 2.4% 상승했다.,,indicator=SOURCE | value=SOURCE | unit=SOURCE | time=MISSING | frequency=NOT_APPLICABLE | region=NOT_APPLICABLE | population=NOT_APPLICABLE | dimension=NOT_APPLICABLE | comparison=MISSING | calculation=SOURCE | condition=SOURCE | source_hint=NOT_APPLICABLE,아니오,0,0,0,HUMAN_REVIEW,CLAIM_PARSE,CONTEXT_REQUIRED,CONTEXT,,CLAIM_SPLIT~CLAIM_PARSE,HUMAN_REVIEW,CONTEXT_REQUIRED,,,,,0,,,
A00519,8,A00519_8,A00519_8,"이런 흐름 속에 청년도약계좌 총 가입자는 166만명까지 불어났는데, 가입 가능한 청년 추산 인구(600만명)의 28%에 달한다.",,indicator=SOURCE | value=SOURCE | unit=SOURCE | time=MISSING | frequency=NOT_APPLICABLE | region=NOT_APPLICABLE | population=SOURCE | dimension=SOURCE | comparison=SOURCE | calculation=SOURCE | condition=NOT_APPLICABLE | source_hint=NOT_APPLICABLE,아니오,0,0,0,HUMAN_REVIEW,CLAIM_PARSE,CONTEXT_REQUIRED,CONTEXT,,CLAIM_SPLIT~CLAIM_PARSE,HUMAN_REVIEW,CONTEXT_REQUIRED,,,,,0,,,
A00527,8,A00527_8,A00527_8,또 부동산 거래 부진으로 양도소득세 수입 역시 9000억원 감소했다.,,indicator=SOURCE | value=SOURCE | unit=SOURCE | time=MISSING | frequency=NOT_APPLICABLE | region=NOT_APPLICABLE | population=NOT_APPLICABLE | dimension=NOT_APPLICABLE | comparison=NOT_APPLICABLE | calculation=SOURCE | condition=SOURCE | source_hint=NOT_APPLICABLE,아니오,0,0,0,HUMAN_REVIEW,CLAIM_PARSE,CONTEXT_REQUIRED,CONTEXT,,CLAIM_SPLIT~CLAIM_PARSE,HUMAN_REVIEW,CONTEXT_REQUIRED,,,,,0,,,
A00538,10,A00538_10,A00538_10,"반도체(21.8%)와 기계류(14.7%) 등 수입이 늘었지만, 원유(-19.2%)와 가스(-13.7%) 등 에너지 수입은 크게 줄었다.",,indicator=SOURCE | value=SOURCE | unit=SOURCE | time=MISSING | frequency=NOT_APPLICABLE | region=NOT_APPLICABLE | population=NOT_APPLICABLE | dimension=SOURCE | comparison=SOURCE | calculation=SOURCE | condition=MISSING | source_hint=NOT_APPLICABLE,아니오,0,0,0,HUMAN_REVIEW,CLAIM_PARSE,CONTEXT_REQUIRED,CONTEXT,,CLAIM_SPLIT~CLAIM_PARSE,HUMAN_REVIEW,CONTEXT_REQUIRED,,,,,0,,,
A00538,11,A00538_11,A00538_11,무역수지는 22조2900만달러 적자를 기록했다.,,indicator=SOURCE | value=SOURCE | unit=SOURCE | time=MISSING | frequency=NOT_APPLICABLE | region=NOT_APPLICABLE | population=NOT_APPLICABLE | dimension=NOT_APPLICABLE | comparison=NOT_APPLICABLE | calculation=SOURCE | condition=NOT_APPLICABLE | source_hint=NOT_APPLICABLE,아니오,0,0,0,HUMAN_REVIEW,CLAIM_PARSE,CONTEXT_REQUIRED,CONTEXT,,CLAIM_SPLIT~CLAIM_PARSE,HUMAN_REVIEW,CONTEXT_REQUIRED,,,,,0,,,
A00540,12,A00540_12,A00540_12,"수입 감소로 수입품에 붙는 부가가치세가 재추계치 대비 1조5000억원 줄었고, 9월 말 결산 법인의 세수 실적 부진 등 여파로 법인세 세수도 7000억원 감소했다.",,indicator=SOURCE | value=SOURCE | unit=SOURCE | time=MISSING | frequency=NOT_APPLICABLE | region=NOT_APPLICABLE | population=NOT_APPLICABLE | dimension=NOT_APPLICABLE | comparison=SOURCE | calculation=SOURCE | condition=SOURCE | source_hint=NOT_APPLICABLE,아니오,0,0,0,HUMAN_REVIEW,CLAIM_PARSE,CONTEXT_REQUIRED,CONTEXT,,CLAIM_SPLIT~CLAIM_PARSE,HUMAN_REVIEW,CONTEXT_REQUIRED,,,,,0,,,
A00544,13,A00544_13,A00544_13,취업자 수는 14만명 늘어난다고 봤다가 10만명만 증가하는 것으로 수정했다.,,indicator=SOURCE | value=SOURCE | unit=SOURCE | time=MISSING | frequency=NOT_APPLICABLE | region=NOT_APPLICABLE | population=NOT_APPLICABLE | dimension=NOT_APPLICABLE | comparison=SOURCE | calculation=SOURCE | condition=SOURCE | source_hint=NOT_APPLICABLE,아니오,0,0,0,HUMAN_REVIEW,CLAIM_PARSE,CONTEXT_REQUIRED,CONTEXT,,CLAIM_SPLIT~CLAIM_PARSE,HUMAN_REVIEW,CONTEXT_REQUIRED,,,,,0,,,
A00555,21,A00555_21,A00555_21,"설 명절이 끼어 있었던 탓이라지만, 이달 1~10일 수출도 0.8% 늘어난 데 그쳤다.",,indicator=SOURCE | value=SOURCE | unit=SOURCE | time=MISSING | frequency=NOT_APPLICABLE | region=NOT_APPLICABLE | population=NOT_APPLICABLE | dimension=NOT_APPLICABLE | comparison=MISSING | calculation=SOURCE | condition=SOURCE | source_hint=NOT_APPLICABLE,아니오,0,0,0,HUMAN_REVIEW,CLAIM_PARSE,CONTEXT_REQUIRED,CONTEXT,,CLAIM_SPLIT~CLAIM_PARSE,HUMAN_REVIEW,CONTEXT_REQUIRED,,,,,0,,,
A00555,22,A00555_22,A00555_22,게다가 이달 1~10일 조업 일수를 고려한 일평균 수출액은 6.4% 감소했다.,,indicator=SOURCE | value=SOURCE | unit=SOURCE | time=MISSING | frequency=NOT_APPLICABLE | region=NOT_APPLICABLE | population=NOT_APPLICABLE | dimension=NOT_APPLICABLE | comparison=MISSING | calculation=SOURCE | condition=SOURCE | source_hint=NOT_APPLICABLE,아니오,0,0,0,HUMAN_REVIEW,CLAIM_PARSE,CONTEXT_REQUIRED,CONTEXT,,CLAIM_SPLIT~CLAIM_PARSE,HUMAN_REVIEW,CONTEXT_REQUIRED,,,,,0,,,
A00579,13,A00579_13,A00579_13,"지난달 15~29세 청년층 취업자 수는 전년 동월 대비 21만8000명 줄었는데, 고용률 기준으로도 44.8%에 그치며 전년 동월 대비 1.5%포인트 감소했다.",,indicator=SOURCE | value=SOURCE | unit=SOURCE | time=SOURCE | frequency=SOURCE | region=NOT_APPLICABLE | population=SOURCE | dimension=SOURCE | comparison=SOURCE | calculation=SOURCE | condition=SOURCE | source_hint=NOT_APPLICABLE,예,0,0,0,HUMAN_REVIEW,CLAIM_PARSE,CONTEXT_REQUIRED,CONTEXT,,CLAIM_SPLIT~CLAIM_PARSE,HUMAN_REVIEW,CONTEXT_REQUIRED,,,,,0,,,
A00581,1,A00581_1,A00581_1,"지난달 소비자 물가 상승률이 5개월 만에 2%대로 다시 올라선 가운데, 김과 시리얼 등 가공식품 물가는 1년 만에 가장 큰 폭으로 올랐다.",,indicator=SOURCE | value=SOURCE | unit=SOURCE | time=SOURCE | frequency=SOURCE | region=NOT_APPLICABLE | population=NOT_APPLICABLE | dimension=NOT_APPLICABLE | comparison=SOURCE | calculation=SOURCE | condition=SOURCE | source_hint=NOT_APPLICABLE,예,0,0,0,HUMAN_REVIEW,CLAIM_PARSE,CONTEXT_REQUIRED,CONTEXT,,CLAIM_SPLIT~CLAIM_PARSE,HUMAN_REVIEW,CONTEXT_REQUIRED,,,,,0,,,
A00588,16,A00588_16,A00588_16,"청년(15~29세)층 취업자는 전년 동월 대비 21만8000명 줄었고, 청년 고용률(44.8%)도 1.5%포인트 감소했다.",,indicator=SOURCE | value=SOURCE | unit=SOURCE | time=SOURCE | frequency=SOURCE | region=NOT_APPLICABLE | population=SOURCE | dimension=SOURCE | comparison=SOURCE | calculation=SOURCE | condition=SOURCE | source_hint=NOT_APPLICABLE,예,0,0,0,HUMAN_REVIEW,CLAIM_PARSE,CONTEXT_REQUIRED,CONTEXT,,CLAIM_SPLIT~CLAIM_PARSE,HUMAN_REVIEW,CONTEXT_REQUIRED,,,,,0,,,
A00588,2,A00588_2,A00588_2,반도체는 우리나라 전체 수출의 약 20%를 차지하는 핵심 주력 산업이다.,,indicator=SOURCE | value=SOURCE | unit=SOURCE | time=MISSING | frequency=NOT_APPLICABLE | region=SOURCE | population=NOT_APPLICABLE | dimension=SOURCE | comparison=SOURCE | calculation=SOURCE | condition=NOT_APPLICABLE | source_hint=NOT_APPLICABLE,아니오,0,0,0,HUMAN_REVIEW,CLAIM_PARSE,CONTEXT_REQUIRED,CONTEXT,,CLAIM_SPLIT~CLAIM_PARSE,HUMAN_REVIEW,CONTEXT_REQUIRED,,,,,0,,,
A00588,21,A00588_21,A00588_21,"수입 커피는 1년 전보다 94.3%나 폭등했고, 수입 쇠고기도 16.6% 올랐다.",,indicator=SOURCE | value=SOURCE | unit=SOURCE | time=MISSING | frequency=NOT_APPLICABLE | region=NOT_APPLICABLE | population=NOT_APPLICABLE | dimension=NOT_APPLICABLE | comparison=SOURCE | calculation=SOURCE | condition=MISSING | source_hint=NOT_APPLICABLE,아니오,0,0,0,HUMAN_REVIEW,CLAIM_PARSE,CONTEXT_REQUIRED,CONTEXT,,CLAIM_SPLIT~CLAIM_PARSE,HUMAN_REVIEW,CONTEXT_REQUIRED,,,,,0,,,
A00589,10,A00589_10,A00589_10,"수입 원유 가격인 두바이유는 직전 주 대비 1L당 0.3원 오른 78.3원이었고, 국제 휘발유 가격은 1.3원 오른 85.5원이었다.",,indicator=SOURCE | value=SOURCE | unit=SOURCE | time=MISSING | frequency=NOT_APPLICABLE | region=NOT_APPLICABLE | population=NOT_APPLICABLE | dimension=NOT_APPLICABLE | comparison=SOURCE | calculation=SOURCE | condition=NOT_APPLICABLE | source_hint=NOT_APPLICABLE,아니오,0,0,0,HUMAN_REVIEW,CLAIM_PARSE,CONTEXT_REQUIRED,CONTEXT,,CLAIM_SPLIT~CLAIM_PARSE,HUMAN_REVIEW,CONTEXT_REQUIRED,,,,,0,,,
A00591,6,A00591_6,A00591_6,앞서 트럼프 1기 때인 2019년에도 쇠고기 수입 확대 압박이 거셌다.,,indicator=SOURCE | value=MISSING | unit=MISSING | time=SOURCE | frequency=SOURCE | region=NOT_APPLICABLE | population=NOT_APPLICABLE | dimension=NOT_APPLICABLE | comparison=NOT_APPLICABLE | calculation=SOURCE | condition=NOT_APPLICABLE | source_hint=NOT_APPLICABLE,아니오,0,0,0,HUMAN_REVIEW,CLAIM_PARSE,CONTEXT_REQUIRED,CONTEXT,,CLAIM_SPLIT~CLAIM_PARSE,HUMAN_REVIEW,CONTEXT_REQUIRED,,,,,0,,,
A00621,1,A00621_1,A00621_1,0 지난달 제조업 취업자 수가 12년 만에 최저치로 떨어졌다.,,indicator=SOURCE | value=MISSING | unit=MISSING | time=SOURCE | frequency=SOURCE | region=NOT_APPLICABLE | population=NOT_APPLICABLE | dimension=SOURCE | comparison=NOT_APPLICABLE | calculation=SOURCE | condition=SOURCE | source_hint=NOT_APPLICABLE,아니오,0,0,0,HUMAN_REVIEW,CLAIM_PARSE,CONTEXT_REQUIRED,CONTEXT,,CLAIM_SPLIT~CLAIM_PARSE,HUMAN_REVIEW,CONTEXT_REQUIRED,,,,,0,,,
A00621,5,A00621_5,A00621_5,하지만 ‘양질의 일자리’로 꼽히는 제조업 분야 취업자 수는 5만6000명 줄어든 439만6000명으로 집계됐다.,,indicator=SOURCE | value=SOURCE | unit=SOURCE | time=MISSING | frequency=NOT_APPLICABLE | region=NOT_APPLICABLE | population=NOT_APPLICABLE | dimension=SOURCE | comparison=SOURCE | calculation=SOURCE | condition=SOURCE | source_hint=NOT_APPLICABLE,아니오,0,0,0,HUMAN_REVIEW,CLAIM_PARSE,CONTEXT_REQUIRED,CONTEXT,,CLAIM_SPLIT~CLAIM_PARSE,HUMAN_REVIEW,CONTEXT_REQUIRED,,,,,0,,,
A00628,16,A00628_16,A00628_16,10년 전과 비교하면 전체 취업자가 10.3% 늘어나는 동안 임금 근로자는 16.3% 증가했고 자영업자는 5.9% 감소했다.,,indicator=SOURCE | value=SOURCE | unit=SOURCE | time=MISSING | frequency=NOT_APPLICABLE | region=NOT_APPLICABLE | population=NOT_APPLICABLE | dimension=NOT_APPLICABLE | comparison=SOURCE | calculation=SOURCE | condition=SOURCE | source_hint=NOT_APPLICABLE,아니오,0,0,0,HUMAN_REVIEW,CLAIM_PARSE,CONTEXT_REQUIRED,CONTEXT,,CLAIM_SPLIT~CLAIM_PARSE,HUMAN_REVIEW,CONTEXT_REQUIRED,,,,,0,,,
A00628,2,A00628_2,A00628_2,전체 국세 수입 중 근로소득세 비율도 18%를 넘어 역대 최고를 기록했다.,,indicator=SOURCE | value=SOURCE | unit=SOURCE | time=MISSING | frequency=NOT_APPLICABLE | region=NOT_APPLICABLE | population=NOT_APPLICABLE | dimension=NOT_APPLICABLE | comparison=SOURCE | calculation=SOURCE | condition=SOURCE | source_hint=NOT_APPLICABLE,아니오,0,0,0,HUMAN_REVIEW,CLAIM_PARSE,CONTEXT_REQUIRED,CONTEXT,,CLAIM_SPLIT~CLAIM_PARSE,HUMAN_REVIEW,CONTEXT_REQUIRED,,,,,0,,,
A00630,11,A00630_11,A00630_11,특히 수출 100만달러 이하 중소기업 3만5000개 대상으로는 보험료를 90%까지 특별 할인해준다.,,indicator=SOURCE | value=SOURCE | unit=SOURCE | time=MISSING | frequency=NOT_APPLICABLE | region=NOT_APPLICABLE | population=NOT_APPLICABLE | dimension=NOT_APPLICABLE | comparison=SOURCE | calculation=SOURCE | condition=SOURCE | source_hint=NOT_APPLICABLE,아니오,0,0,0,HUMAN_REVIEW,CLAIM_PARSE,CONTEXT_REQUIRED,CONTEXT,,CLAIM_SPLIT~CLAIM_PARSE,HUMAN_REVIEW,CONTEXT_REQUIRED,,,,,0,,,
A00630,3,A00630_3,A00630_3,◇상반기 중소·중견기업 보증·보험료 50% 일괄 할인 18일 최 대행은 정부서울청사에서 수출전략회의를 열었다.,,indicator=SOURCE | value=SOURCE | unit=SOURCE | time=MISSING | frequency=NOT_APPLICABLE | region=SOURCE | population=NOT_APPLICABLE | dimension=NOT_APPLICABLE | comparison=NOT_APPLICABLE | calculation=SOURCE | condition=NOT_APPLICABLE | source_hint=NOT_APPLICABLE,아니오,0,0,0,HUMAN_REVIEW,CLAIM_PARSE,CONTEXT_REQUIRED,CONTEXT,,CLAIM_SPLIT~CLAIM_PARSE,HUMAN_REVIEW,CONTEXT_REQUIRED,,,,,0,,,
A00636,1,A00636_1,A00636_1,지난 달 자동차 수출이 감소한 가운데서도 하이브리드차(HEV) 수출은 역대 최고 실적을 기록했다.,,indicator=SOURCE | value=MISSING | unit=MISSING | time=MISSING | frequency=NOT_APPLICABLE | region=NOT_APPLICABLE | population=NOT_APPLICABLE | dimension=SOURCE | comparison=NOT_APPLICABLE | calculation=SOURCE | condition=SOURCE | source_hint=NOT_APPLICABLE,아니오,0,0,0,HUMAN_REVIEW,CLAIM_PARSE,CONTEXT_REQUIRED,CONTEXT,,CLAIM_SPLIT~CLAIM_PARSE,HUMAN_REVIEW,CONTEXT_REQUIRED,,,,,0,,,
A00636,3,A00636_3,A00636_3,이에 하이브리드차 수출액은 41.9% 증가한 9.3억 달러로 나타났다.,,indicator=SOURCE | value=SOURCE | unit=SOURCE | time=MISSING | frequency=NOT_APPLICABLE | region=NOT_APPLICABLE | population=NOT_APPLICABLE | dimension=NOT_APPLICABLE | comparison=SOURCE | calculation=SOURCE | condition=SOURCE | source_hint=NOT_APPLICABLE,아니오,0,0,0,HUMAN_REVIEW,CLAIM_PARSE,CONTEXT_REQUIRED,CONTEXT,,CLAIM_SPLIT~CLAIM_PARSE,HUMAN_REVIEW,CONTEXT_REQUIRED,,,,,0,,,
A00636,4,A00636_4,A00636_4,"지난 달 설 연휴로 인해 조업일수가 4일 감소하면서 자동차 전체 수출대수와 수출액이 각각 전년대비 17.9%, 19.6% 줄어든 가운데서도 하이브리드차의 상승세는 꺾이지 않은 것이다.",,indicator=SOURCE | value=SOURCE | unit=SOURCE | time=SOURCE | frequency=SOURCE | region=NOT_APPLICABLE | population=NOT_APPLICABLE | dimension=SOURCE | comparison=SOURCE | calculation=SOURCE | condition=SOURCE | source_hint=NOT_APPLICABLE,예,0,0,0,HUMAN_REVIEW,CLAIM_PARSE,CONTEXT_REQUIRED,CONTEXT,,CLAIM_SPLIT~CLAIM_PARSE,HUMAN_REVIEW,CONTEXT_REQUIRED,,,,,0,,,
A00646,11,A00646_11,A00646_11,수출 100만달러 이하 중소기업 3만5000개에는 보험료를 90%까지 특별 할인해준다.,,indicator=SOURCE | value=SOURCE | unit=SOURCE | time=MISSING | frequency=NOT_APPLICABLE | region=NOT_APPLICABLE | population=NOT_APPLICABLE | dimension=NOT_APPLICABLE | comparison=SOURCE | calculation=SOURCE | condition=SOURCE | source_hint=NOT_APPLICABLE,아니오,0,0,0,HUMAN_REVIEW,CLAIM_PARSE,CONTEXT_REQUIRED,CONTEXT,,CLAIM_SPLIT~CLAIM_PARSE,HUMAN_REVIEW,CONTEXT_REQUIRED,,,,,0,,,
A00648,4,A00648_4,A00648_4,주중에 회사를 다니고 주말에는 학원 강사를 한 경우 취업자는 1명이나 일자리는 2개로 집계된다.,,indicator=SOURCE | value=SOURCE | unit=SOURCE | time=MISSING | frequency=NOT_APPLICABLE | region=NOT_APPLICABLE | population=NOT_APPLICABLE | dimension=NOT_APPLICABLE | comparison=SOURCE | calculation=SOURCE | condition=NOT_APPLICABLE | source_hint=NOT_APPLICABLE,아니오,0,0,0,HUMAN_REVIEW,CLAIM_PARSE,CONTEXT_REQUIRED,CONTEXT,,CLAIM_SPLIT~CLAIM_PARSE,HUMAN_REVIEW,CONTEXT_REQUIRED,,,,,0,,,
A00648,5,A00648_5,A00648_5,30세 미만 일자리는 인구 감소와 기업들의 채용 문호 축소 등으로 2022년 4분기 이후 8분기 연속 감소세다.,,indicator=SOURCE | value=MISSING | unit=MISSING | time=SOURCE | frequency=SOURCE | region=NOT_APPLICABLE | population=NOT_APPLICABLE | dimension=NOT_APPLICABLE | comparison=NOT_APPLICABLE | calculation=SOURCE | condition=SOURCE | source_hint=NOT_APPLICABLE,아니오,0,0,0,HUMAN_REVIEW,CLAIM_PARSE,CONTEXT_REQUIRED,CONTEXT,,CLAIM_SPLIT~CLAIM_PARSE,HUMAN_REVIEW,CONTEXT_REQUIRED,,,,,0,,,
A00652,2,A00652_2,A00652_2,도널드 트럼프 1기 행정부 때도 집권 초기 무역확장법 232조에 근거해 1년간 한국을 포함한 주요 자동차 수출국을 조사했다.,,indicator=SOURCE | value=MISSING | unit=MISSING | time=MISSING | frequency=NOT_APPLICABLE | region=SOURCE | population=NOT_APPLICABLE | dimension=SOURCE | comparison=NOT_APPLICABLE | calculation=SOURCE | condition=NOT_APPLICABLE | source_hint=NOT_APPLICABLE,아니오,0,0,0,HUMAN_REVIEW,CLAIM_PARSE,CONTEXT_REQUIRED,CONTEXT,,CLAIM_SPLIT~CLAIM_PARSE,HUMAN_REVIEW,CONTEXT_REQUIRED,,,,,0,,,
A00654,31,A00654_31,A00654_31,한국은 자동차와 차 부품이 전체 대미 수출의 30%에 달한다.,,indicator=SOURCE | value=SOURCE | unit=SOURCE | time=MISSING | frequency=NOT_APPLICABLE | region=SOURCE | population=NOT_APPLICABLE | dimension=SOURCE | comparison=NOT_APPLICABLE | calculation=SOURCE | condition=NOT_APPLICABLE | source_hint=NOT_APPLICABLE,아니오,0,0,0,HUMAN_REVIEW,CLAIM_PARSE,CONTEXT_REQUIRED,CONTEXT,,CLAIM_SPLIT~CLAIM_PARSE,HUMAN_REVIEW,CONTEXT_REQUIRED,,,,,0,,,
A00655,6,A00655_6,A00655_6,국내 생산자 물가는 작년 8~10월 연속으로 줄어든 뒤 작년 11월부터 세 달 연속 오름세다.,,indicator=SOURCE | value=MISSING | unit=MISSING | time=SOURCE | frequency=SOURCE | region=SOURCE | population=NOT_APPLICABLE | dimension=NOT_APPLICABLE | comparison=NOT_APPLICABLE | calculation=SOURCE | condition=SOURCE | source_hint=NOT_APPLICABLE,아니오,0,0,0,HUMAN_REVIEW,CLAIM_PARSE,CONTEXT_REQUIRED,CONTEXT,,CLAIM_SPLIT~CLAIM_PARSE,HUMAN_REVIEW,CONTEXT_REQUIRED,,,,,0,,,
A00655,9,A00655_9,A00655_9,"구체적으로는 딸기(57.7%), 감귤(26.5%), 멸치(13.9%) 등이 크게 뛰었고, 휴양 콘도(18%) 등의 생산자 물가도 크게 올랐다.",,indicator=SOURCE | value=SOURCE | unit=SOURCE | time=MISSING | frequency=NOT_APPLICABLE | region=NOT_APPLICABLE | population=NOT_APPLICABLE | dimension=NOT_APPLICABLE | comparison=SOURCE | calculation=SOURCE | condition=NOT_APPLICABLE | source_hint=NOT_APPLICABLE,아니오,0,0,0,HUMAN_REVIEW,CLAIM_PARSE,CONTEXT_REQUIRED,CONTEXT,,CLAIM_SPLIT~CLAIM_PARSE,HUMAN_REVIEW,CONTEXT_REQUIRED,,,,,0,,,
A00663,6,A00663_6,A00663_6,알뜰폰(점유율 16.7%)으로 가입자들이 빠져나간 데다 인구 감소 등도 영향을 줬기 때문이다.,,indicator=SOURCE | value=SOURCE | unit=SOURCE | time=MISSING | frequency=NOT_APPLICABLE | region=NOT_APPLICABLE | population=NOT_APPLICABLE | dimension=NOT_APPLICABLE | comparison=MISSING | calculation=SOURCE | condition=SOURCE | source_hint=NOT_APPLICABLE,아니오,0,0,0,HUMAN_REVIEW,CLAIM_PARSE,CONTEXT_REQUIRED,CONTEXT,,CLAIM_SPLIT~CLAIM_PARSE,HUMAN_REVIEW,CONTEXT_REQUIRED,,,,,0,,,
A00669,5,A00669_5,A00669_5,"사진 생산자 물가 Video Player is loading. Current Time 0:02 / Duration 1:37 Loaded : 37.09% 0:02 Stream Type LIVE Remaining Time - 1:35 1x Chapters descriptions off , selected subtitles settings , opens subtitles settings dialog subtitles off , selected Ladin , selected This is a modal window. Beginning of dialog window. Escape will cancel and close the window. Text Color White Black Red Green Blue Yellow Magenta Cyan Transparency Opaque Semi-Transparent Background Color Black White Red Green Blue Yellow Magenta Cyan Transparency Opaque Semi-Transparent Transparent Window Color Black White Red Green Blue Yellow Magenta Cyan Transparency Transparent Semi-Transparent Opaque Font Size 50% 75% 100% 125% 150% 175% 200% 300% 400% Text Edge Style None Raised Depressed Uniform Dropshadow Font Family Proportional Sans-Serif Monospace Sans-Serif Proportional Serif Monospace Serif Casual Script Small Caps End of dialog window.",,indicator=SOURCE | value=SOURCE | unit=SOURCE | time=MISSING | frequency=NOT_APPLICABLE | region=NOT_APPLICABLE | population=NOT_APPLICABLE | dimension=NOT_APPLICABLE | comparison=SOURCE | calculation=SOURCE | condition=NOT_APPLICABLE | source_hint=NOT_APPLICABLE,아니오,0,0,0,HUMAN_REVIEW,CLAIM_PARSE,CONTEXT_REQUIRED,CONTEXT,,CLAIM_SPLIT~CLAIM_PARSE,HUMAN_REVIEW,CONTEXT_REQUIRED,,,,,0,,,
A00670,8,A00670_8,A00670_8,이 기간 인구 10만명 미만 소도시는 16% 오르는 데 그쳤다.,,indicator=SOURCE | value=SOURCE | unit=SOURCE | time=MISSING | frequency=NOT_APPLICABLE | region=NOT_APPLICABLE | population=NOT_APPLICABLE | dimension=NOT_APPLICABLE | comparison=SOURCE | calculation=SOURCE | condition=SOURCE | source_hint=NOT_APPLICABLE,아니오,0,0,0,HUMAN_REVIEW,CLAIM_PARSE,CONTEXT_REQUIRED,CONTEXT,,CLAIM_SPLIT~CLAIM_PARSE,HUMAN_REVIEW,CONTEXT_REQUIRED,,,,,0,,,
A00673,13,A00673_13,A00673_13,"16일 한국농촌경제연구원이 집계한 바... 오징어채 23%·맛김 22%… 가공식품 물가 상승률 1년 만에 최고 지난달 소비자 물가 상승률이 5개월 만에 2%대로 다시 올라선 가운데, 김과 시리얼 등 가공식품 물가는 1년 만에 가장 큰 폭으로 올랐다.",,indicator=SOURCE | value=SOURCE | unit=SOURCE | time=SOURCE | frequency=SOURCE | region=SOURCE | population=NOT_APPLICABLE | dimension=NOT_APPLICABLE | comparison=SOURCE | calculation=SOURCE | condition=SOURCE | source_hint=NOT_APPLICABLE,예,0,0,0,HUMAN_REVIEW,CLAIM_PARSE,CONTEXT_REQUIRED,CONTEXT,,CLAIM_SPLIT~CLAIM_PARSE,HUMAN_REVIEW,CONTEXT_REQUIRED,,,,,0,,,
A00673,3,A00673_3,A00673_3,수입은 1년새 7.7% 늘어난 345억1200만달러로 집계돼 8억400만달러의 무역수지 흑자가 발생했다.,,indicator=SOURCE | value=SOURCE | unit=SOURCE | time=MISSING | frequency=NOT_APPLICABLE | region=NOT_APPLICABLE | population=NOT_APPLICABLE | dimension=NOT_APPLICABLE | comparison=SOURCE | calculation=SOURCE | condition=SOURCE | source_hint=NOT_APPLICABLE,아니오,0,0,0,HUMAN_REVIEW,CLAIM_PARSE,CONTEXT_REQUIRED,CONTEXT,,CLAIM_SPLIT~CLAIM_PARSE,HUMAN_REVIEW,CONTEXT_REQUIRED,,,,,0,,,
A00673,4,A00673_4,A00673_4,다만 지난 1~20일 수출 증가세는 설 연휴가 있어 조업(操業) 일수가 적었던 작년 2월 1~20일의 기저 효과 측면이 크다.,,indicator=SOURCE | value=MISSING | unit=MISSING | time=SOURCE | frequency=SOURCE | region=NOT_APPLICABLE | population=NOT_APPLICABLE | dimension=NOT_APPLICABLE | comparison=NOT_APPLICABLE | calculation=SOURCE | condition=SOURCE | source_hint=NOT_APPLICABLE,아니오,0,0,0,HUMAN_REVIEW,CLAIM_PARSE,CONTEXT_REQUIRED,CONTEXT,,CLAIM_SPLIT~CLAIM_PARSE,HUMAN_REVIEW,CONTEXT_REQUIRED,,,,,0,,,
A00673,5,A00673_5,A00673_5,지난 1~20일 휴일을 제외한 조업(操業) 일수 하루 평균 수출액은 22억8000만달러로 1년 전 대비 2.7% 감소했다.,,indicator=SOURCE | value=SOURCE | unit=SOURCE | time=MISSING | frequency=NOT_APPLICABLE | region=NOT_APPLICABLE | population=NOT_APPLICABLE | dimension=NOT_APPLICABLE | comparison=SOURCE | calculation=SOURCE | condition=SOURCE | source_hint=NOT_APPLICABLE,아니오,0,0,0,HUMAN_REVIEW,CLAIM_PARSE,CONTEXT_REQUIRED,CONTEXT,,CLAIM_SPLIT~CLAIM_PARSE,HUMAN_REVIEW,CONTEXT_REQUIRED,,,,,0,,,
A00675,4,A00675_4,A00675_4,전국 고용률 1위다.,,indicator=SOURCE | value=SOURCE | unit=SOURCE | time=MISSING | frequency=NOT_APPLICABLE | region=SOURCE | population=NOT_APPLICABLE | dimension=MISSING | comparison=NOT_APPLICABLE | calculation=SOURCE | condition=SOURCE | source_hint=NOT_APPLICABLE,아니오,0,0,0,HUMAN_REVIEW,CLAIM_PARSE,CONTEXT_REQUIRED,CONTEXT,,CLAIM_SPLIT~CLAIM_PARSE,HUMAN_REVIEW,CONTEXT_REQUIRED,,,,,0,,,
A00675,6,A00675_6,A00675_6,"울릉군을 이어 2위는 청송군(81.8%)인데, 전체 시·군·구 중 고용률이 80%를 넘는 곳은 울릉군과 청송군뿐이었다.",,indicator=SOURCE | value=SOURCE | unit=SOURCE | time=MISSING | frequency=NOT_APPLICABLE | region=SOURCE | population=NOT_APPLICABLE | dimension=MISSING | comparison=SOURCE | calculation=SOURCE | condition=SOURCE | source_hint=NOT_APPLICABLE,아니오,0,0,0,HUMAN_REVIEW,CLAIM_PARSE,CONTEXT_REQUIRED,CONTEXT,,CLAIM_SPLIT~CLAIM_PARSE,HUMAN_REVIEW,CONTEXT_REQUIRED,,,,,0,,,
A00675,7,A00675_7,A00675_7,"반대로 고용률이 가장 낮은 곳은 부산의 대표적 구도심인 영도구(48.1%)로, 전국 시·군·구 중 유일하게 고용률 50%를 넘지 못했다.",,indicator=SOURCE | value=SOURCE | unit=SOURCE | time=MISSING | frequency=NOT_APPLICABLE | region=SOURCE | population=NOT_APPLICABLE | dimension=NOT_APPLICABLE | comparison=SOURCE | calculation=SOURCE | condition=NOT_APPLICABLE | source_hint=NOT_APPLICABLE,아니오,0,0,0,HUMAN_REVIEW,CLAIM_PARSE,CONTEXT_REQUIRED,CONTEXT,,CLAIM_SPLIT~CLAIM_PARSE,HUMAN_REVIEW,CONTEXT_REQUIRED,,,,,0,,,
A00692,1,A00692_1,A00692_1,한국의 자동차 부품의 대미 수출이 지난해 역대 최대를 기록한 것으로 나타났다.,,indicator=SOURCE | value=MISSING | unit=MISSING | time=SOURCE | frequency=SOURCE | region=SOURCE | population=NOT_APPLICABLE | dimension=SOURCE | comparison=NOT_APPLICABLE | calculation=SOURCE | condition=SOURCE | source_hint=NOT_APPLICABLE,아니오,0,0,0,HUMAN_REVIEW,CLAIM_PARSE,CONTEXT_REQUIRED,CONTEXT,,CLAIM_SPLIT~CLAIM_PARSE,HUMAN_REVIEW,CONTEXT_REQUIRED,,,,,0,,,
A00705,17,A00705_17,A00705_17,"재작년엔 2022년 대비 49% 안팎 판매량이 늘었는데, 성장률이 크게 꺾인 것이다.",,indicator=SOURCE | value=SOURCE | unit=SOURCE | time=SOURCE | frequency=SOURCE | region=NOT_APPLICABLE | population=NOT_APPLICABLE | dimension=NOT_APPLICABLE | comparison=MISSING | calculation=SOURCE | condition=MISSING | source_hint=NOT_APPLICABLE,아니오,0,0,0,HUMAN_REVIEW,CLAIM_PARSE,CONTEXT_REQUIRED,CONTEXT,,CLAIM_SPLIT~CLAIM_PARSE,HUMAN_REVIEW,CONTEXT_REQUIRED,,,,,0,,,
A00707,13,A00707_13,A00707_13,특히 변동성이 큰 식품과 에너지 비용을 제외한 핵심 소비자물가 지수는 5.5%나 올랐다.,,indicator=SOURCE | value=SOURCE | unit=SOURCE | time=MISSING | frequency=NOT_APPLICABLE | region=NOT_APPLICABLE | population=NOT_APPLICABLE | dimension=NOT_APPLICABLE | comparison=NOT_APPLICABLE | calculation=SOURCE | condition=NOT_APPLICABLE | source_hint=NOT_APPLICABLE,아니오,0,0,0,HUMAN_REVIEW,CLAIM_PARSE,CONTEXT_REQUIRED,CONTEXT,,CLAIM_SPLIT~CLAIM_PARSE,HUMAN_REVIEW,CONTEXT_REQUIRED,,,,,0,,,
A00709,7,A00709_7,A00709_7,인구가 많았던 1차 베이비부머(1955~1963년생)가 순차적으로 은퇴하기 시작한 2010년대 후반부터 작년까지도 국내 취업자 수는 줄지 않고 오히려 늘었다.,,indicator=SOURCE | value=MISSING | unit=MISSING | time=SOURCE | frequency=SOURCE | region=SOURCE | population=NOT_APPLICABLE | dimension=NOT_APPLICABLE | comparison=NOT_APPLICABLE | calculation=SOURCE | condition=NOT_APPLICABLE | source_hint=NOT_APPLICABLE,아니오,0,0,0,HUMAN_REVIEW,CLAIM_PARSE,CONTEXT_REQUIRED,CONTEXT,,CLAIM_SPLIT~CLAIM_PARSE,HUMAN_REVIEW,CONTEXT_REQUIRED,,,,,0,,,
A00709,9,A00709_9,A00709_9,"1980년대 후반(1986~1990년)에는 매년 62만~64만명대가 태어났지만, 1990년대 초반(1991~1995년)에는 출생아 수가 70만~73만대로 늘었다.",,indicator=SOURCE | value=SOURCE | unit=SOURCE | time=MISSING | frequency=NOT_APPLICABLE | region=NOT_APPLICABLE | population=NOT_APPLICABLE | dimension=NOT_APPLICABLE | comparison=SOURCE | calculation=SOURCE | condition=NOT_APPLICABLE | source_hint=NOT_APPLICABLE,아니오,0,0,0,HUMAN_REVIEW,CLAIM_PARSE,CONTEXT_REQUIRED,CONTEXT,,CLAIM_SPLIT~CLAIM_PARSE,HUMAN_REVIEW,CONTEXT_REQUIRED,,,,,0,,,
A00728,17,A00728_17,A00728_17,"실제로 중소기업중앙회가 지난 10~21일 수출 중소기업 500사를 대상으로 조사해서 발표한 결과, 국내 중소 제조기업 운영자들의 89.8%는 트럼프 2기 행정부의 관세 정책에 대한 마땅한 대응 전략이 없다고 답했다.",,indicator=SOURCE | value=SOURCE | unit=SOURCE | time=MISSING | frequency=NOT_APPLICABLE | region=SOURCE | population=NOT_APPLICABLE | dimension=NOT_APPLICABLE | comparison=NOT_APPLICABLE | calculation=SOURCE | condition=NOT_APPLICABLE | source_hint=NOT_APPLICABLE,아니오,0,0,0,HUMAN_REVIEW,CLAIM_PARSE,CONTEXT_REQUIRED,CONTEXT,,CLAIM_SPLIT~CLAIM_PARSE,HUMAN_REVIEW,CONTEXT_REQUIRED,,,,,0,,,
A00730,19,A00730_19,A00730_19,한국수입차협회(KAIDA)에 따르면 7000만원 이상 1억원 미만 수입차는 지난해 판매량(9만1651대)이 2023년(8만4095대) 대비 9% 늘었다.,,indicator=SOURCE | value=SOURCE | unit=SOURCE | time=SOURCE | frequency=SOURCE | region=SOURCE | population=NOT_APPLICABLE | dimension=NOT_APPLICABLE | comparison=SOURCE | calculation=SOURCE | condition=SOURCE | source_hint=NOT_APPLICABLE,예,0,0,0,HUMAN_REVIEW,CLAIM_PARSE,CONTEXT_REQUIRED,CONTEXT,,CLAIM_SPLIT~CLAIM_PARSE,HUMAN_REVIEW,CONTEXT_REQUIRED,,,,,0,,,
A00735,21,A00735_21,A00735_21,한은에 따르면 금리를 0.25%포인트 내리면 성장률을 0.07%포인트 끌어올리는 효과가 있다.,,indicator=SOURCE | value=SOURCE | unit=SOURCE | time=MISSING | frequency=NOT_APPLICABLE | region=NOT_APPLICABLE | population=NOT_APPLICABLE | dimension=NOT_APPLICABLE | comparison=SOURCE | calculation=SOURCE | condition=NOT_APPLICABLE | source_hint=NOT_APPLICABLE,아니오,0,0,0,HUMAN_REVIEW,CLAIM_PARSE,CONTEXT_REQUIRED,CONTEXT,,CLAIM_SPLIT~CLAIM_PARSE,HUMAN_REVIEW,CONTEXT_REQUIRED,,,,,0,,,
A00736,18,A00736_18,A00736_18,출생아보다 사망자가 더 많이 늘어나면서 인구는 12만명 자연 감소했다.,,indicator=SOURCE | value=SOURCE | unit=SOURCE | time=MISSING | frequency=NOT_APPLICABLE | region=NOT_APPLICABLE | population=NOT_APPLICABLE | dimension=NOT_APPLICABLE | comparison=NOT_APPLICABLE | calculation=SOURCE | condition=SOURCE | source_hint=NOT_APPLICABLE,아니오,0,0,0,HUMAN_REVIEW,CLAIM_PARSE,CONTEXT_REQUIRED,CONTEXT,,CLAIM_SPLIT~CLAIM_PARSE,HUMAN_REVIEW,CONTEXT_REQUIRED,,,,,0,,,
A00736,20,A00736_20,A00736_20,지역별로는 세종을 제외한 전국 16개 시·도에서 인구가 자연 감소했다.,,indicator=SOURCE | value=SOURCE | unit=SOURCE | time=MISSING | frequency=NOT_APPLICABLE | region=SOURCE | population=NOT_APPLICABLE | dimension=NOT_APPLICABLE | comparison=NOT_APPLICABLE | calculation=SOURCE | condition=SOURCE | source_hint=NOT_APPLICABLE,아니오,0,0,0,HUMAN_REVIEW,CLAIM_PARSE,CONTEXT_REQUIRED,CONTEXT,,CLAIM_SPLIT~CLAIM_PARSE,HUMAN_REVIEW,CONTEXT_REQUIRED,,,,,0,,,
A00746,10,A00746_10,A00746_10,해외 여행객과 해외 ‘직구’가 늘어난 영향이다... 'K푸드 쇼핑'이 필수 관광코스… 명동에 수퍼마켓 175곳 #1. “저 왕꿈틀이 젤리도 사자!,,indicator=SOURCE | value=SOURCE | unit=SOURCE | time=MISSING | frequency=NOT_APPLICABLE | region=NOT_APPLICABLE | population=NOT_APPLICABLE | dimension=NOT_APPLICABLE | comparison=NOT_APPLICABLE | calculation=SOURCE | condition=SOURCE | source_hint=NOT_APPLICABLE,아니오,0,0,0,HUMAN_REVIEW,CLAIM_PARSE,CONTEXT_REQUIRED,CONTEXT,,CLAIM_SPLIT~CLAIM_PARSE,HUMAN_REVIEW,CONTEXT_REQUIRED,,,,,0,,,
A00749,11,A00749_11,A00749_11,인구가 늘어난 1990년대 초반생이 아이를 많이 낳는 연령대인 30대 초반에 진입한 데다 결혼을 하고 아이를 낳는 전통적인 가정상을 꾸리려는 20·30대가 늘어난 영향이라는 게 정부 진단이다.,,indicator=SOURCE | value=SOURCE | unit=SOURCE | time=MISSING | frequency=NOT_APPLICABLE | region=NOT_APPLICABLE | population=NOT_APPLICABLE | dimension=NOT_APPLICABLE | comparison=SOURCE | calculation=SOURCE | condition=SOURCE | source_hint=NOT_APPLICABLE,아니오,0,0,0,HUMAN_REVIEW,CLAIM_PARSE,CONTEXT_REQUIRED,CONTEXT,,CLAIM_SPLIT~CLAIM_PARSE,HUMAN_REVIEW,CONTEXT_REQUIRED,,,,,0,,,
A00749,23,A00749_23,A00749_23,박현정 통계청 과장은 “현재 20대가 30대보다 인구수 자체가 더 적다”며 “20대들이 30대로 이동하면 출생아 수가 줄어들 수 있다”고 했다.,,indicator=SOURCE | value=SOURCE | unit=SOURCE | time=MISSING | frequency=NOT_APPLICABLE | region=NOT_APPLICABLE | population=NOT_APPLICABLE | dimension=NOT_APPLICABLE | comparison=SOURCE | calculation=SOURCE | condition=SOURCE | source_hint=SOURCE,아니오,0,0,0,HUMAN_REVIEW,CLAIM_PARSE,CONTEXT_REQUIRED,CONTEXT,,CLAIM_SPLIT~CLAIM_PARSE,HUMAN_REVIEW,CONTEXT_REQUIRED,,,,,0,,,
A00751,9,A00751_9,A00751_9,특히 상위 10개 수출 품목 가운데 반도체·자동차·철강 등 한국의 주력 업종은 향후 4년간 수출이 둔화할 가능성이 있다.,,indicator=SOURCE | value=SOURCE | unit=SOURCE | time=MISSING | frequency=NOT_APPLICABLE | region=SOURCE | population=NOT_APPLICABLE | dimension=SOURCE | comparison=NOT_APPLICABLE | calculation=SOURCE | condition=NOT_APPLICABLE | source_hint=NOT_APPLICABLE,아니오,0,0,0,HUMAN_REVIEW,CLAIM_PARSE,CONTEXT_REQUIRED,CONTEXT,,CLAIM_SPLIT~CLAIM_PARSE,HUMAN_REVIEW,CONTEXT_REQUIRED,,,,,0,,,
A00753,32,A00753_32,A00753_32,"노동생산성은 1인당 국내총생산(GDP)을 총노동시간으로 나눈 값으로, 노동자 1명이 1시간 동안 국부의 증가에 얼마나 기여했는지를 보여준다.",,indicator=SOURCE | value=SOURCE | unit=SOURCE | time=MISSING | frequency=NOT_APPLICABLE | region=SOURCE | population=NOT_APPLICABLE | dimension=NOT_APPLICABLE | comparison=NOT_APPLICABLE | calculation=SOURCE | condition=SOURCE | source_hint=NOT_APPLICABLE,아니오,0,0,0,HUMAN_REVIEW,CLAIM_PARSE,CONTEXT_REQUIRED,CONTEXT,,CLAIM_SPLIT~CLAIM_PARSE,HUMAN_REVIEW,CONTEXT_REQUIRED,,,,,0,,,
A00753,5,A00753_5,A00753_5,반도체는 한국 전체 수출의 16% 정도를 차지하는 수출 1위 품목이다.,,indicator=SOURCE | value=SOURCE | unit=SOURCE | time=MISSING | frequency=NOT_APPLICABLE | region=SOURCE | population=NOT_APPLICABLE | dimension=SOURCE | comparison=SOURCE | calculation=SOURCE | condition=SOURCE | source_hint=NOT_APPLICABLE,아니오,0,0,0,HUMAN_REVIEW,CLAIM_PARSE,CONTEXT_REQUIRED,CONTEXT,,CLAIM_SPLIT~CLAIM_PARSE,HUMAN_REVIEW,CONTEXT_REQUIRED,,,,,0,,,
A00767,34,A00767_34,A00767_34,"수출로 벌어들인 상품수지 흑자(1000억달러)만큼의 효자는 아직 아니지만, 고질적인 서비스수지 적자(237억달러)를 충분히 메울 정도는 됐다.",,indicator=SOURCE | value=SOURCE | unit=SOURCE | time=MISSING | frequency=NOT_APPLICABLE | region=NOT_APPLICABLE | population=NOT_APPLICABLE | dimension=NOT_APPLICABLE | comparison=SOURCE | calculation=SOURCE | condition=NOT_APPLICABLE | source_hint=NOT_APPLICABLE,아니오,0,0,0,HUMAN_REVIEW,CLAIM_PARSE,CONTEXT_REQUIRED,CONTEXT,,CLAIM_SPLIT~CLAIM_PARSE,HUMAN_REVIEW,CONTEXT_REQUIRED,,,,,0,,,
A00774,14,A00774_14,A00774_14,지역별로는 대미(對美) 수출이 1% 증가한 99억달러로 1월에 이어 대중 수출을 웃돌았다.,,indicator=SOURCE | value=SOURCE | unit=SOURCE | time=MISSING | frequency=NOT_APPLICABLE | region=NOT_APPLICABLE | population=NOT_APPLICABLE | dimension=SOURCE | comparison=SOURCE | calculation=SOURCE | condition=SOURCE | source_hint=NOT_APPLICABLE,아니오,0,0,0,HUMAN_REVIEW,CLAIM_PARSE,CONTEXT_REQUIRED,CONTEXT,,CLAIM_SPLIT~CLAIM_PARSE,HUMAN_REVIEW,CONTEXT_REQUIRED,,,,,0,,,
A00774,15,A00774_15,A00774_15,대중 수출은 1.4% 감소한 95억달러를 나타냈다.,,indicator=SOURCE | value=SOURCE | unit=SOURCE | time=MISSING | frequency=NOT_APPLICABLE | region=NOT_APPLICABLE | population=NOT_APPLICABLE | dimension=NOT_APPLICABLE | comparison=SOURCE | calculation=SOURCE | condition=SOURCE | source_hint=NOT_APPLICABLE,아니오,0,0,0,HUMAN_REVIEW,CLAIM_PARSE,CONTEXT_REQUIRED,CONTEXT,,CLAIM_SPLIT~CLAIM_PARSE,HUMAN_REVIEW,CONTEXT_REQUIRED,,,,,0,,,
A00774,3,A00774_3,A00774_3,"산업통상자원부는 1일 지난달 수출은 1% 늘어난 526억달러, 수입은 0.2% 증가한 483억달러로 무역수지(수출액-수입액)는 43억달러 흑자를 나타냈다고 밝혔다.",,indicator=SOURCE | value=SOURCE | unit=SOURCE | time=SOURCE | frequency=SOURCE | region=NOT_APPLICABLE | population=NOT_APPLICABLE | dimension=NOT_APPLICABLE | comparison=SOURCE | calculation=SOURCE | condition=SOURCE | source_hint=SOURCE,예,0,0,0,HUMAN_REVIEW,CLAIM_PARSE,CONTEXT_REQUIRED,CONTEXT,,CLAIM_SPLIT~CLAIM_PARSE,HUMAN_REVIEW,CONTEXT_REQUIRED,,,,,0,,,
A00774,9,A00774_9,A00774_9,"최대 수출 품목인 반도체는 범용 메모리 고정 가격이 급락하면서 감소했지만, 자동차는 17.8% 증가하며 4개월 만에 플러스 성장을 나타냈다.",,indicator=SOURCE | value=SOURCE | unit=SOURCE | time=MISSING | frequency=NOT_APPLICABLE | region=NOT_APPLICABLE | population=NOT_APPLICABLE | dimension=SOURCE | comparison=SOURCE | calculation=SOURCE | condition=SOURCE | source_hint=NOT_APPLICABLE,아니오,0,0,0,HUMAN_REVIEW,CLAIM_PARSE,CONTEXT_REQUIRED,CONTEXT,,CLAIM_SPLIT~CLAIM_PARSE,HUMAN_REVIEW,CONTEXT_REQUIRED,,,,,0,,,
A00783,10,A00783_10,A00783_10,트럼프 대통령은 232조 조사에 더해 목재 생산량 증대 등을 위해 관련 규제를 간소화하고 산림 관리를 강화하는 내용의 행정명령에도 서명했다.전세계를 상대로 ‘관세 전쟁’에 나선 트럼프 대통령은 2월 25일에는 구리 수입이 국가안보에 미치는 영향을 조사하라고 지시하며 구리에 대해서도 관세를 부과할 것임을 시사했다.,,indicator=SOURCE | value=MISSING | unit=MISSING | time=MISSING | frequency=NOT_APPLICABLE | region=NOT_APPLICABLE | population=NOT_APPLICABLE | dimension=NOT_APPLICABLE | comparison=NOT_APPLICABLE | calculation=SOURCE | condition=SOURCE | source_hint=NOT_APPLICABLE,아니오,0,0,0,HUMAN_REVIEW,CLAIM_PARSE,CONTEXT_REQUIRED,CONTEXT,,CLAIM_SPLIT~CLAIM_PARSE,HUMAN_REVIEW,CONTEXT_REQUIRED,,,,,0,,,
A00783,4,A00783_4,A00783_4,"트럼프 대통령은 1일(현지 시각) 상무부에 무역확장법 232조에 따라 원목, 목재 등의 수입에 따른 국가안보 영향을 조사할 것을 지시하는 명령서에 서명했다고 백악관 측이 밝혔다.",,indicator=SOURCE | value=MISSING | unit=MISSING | time=MISSING | frequency=NOT_APPLICABLE | region=NOT_APPLICABLE | population=NOT_APPLICABLE | dimension=NOT_APPLICABLE | comparison=NOT_APPLICABLE | calculation=SOURCE | condition=NOT_APPLICABLE | source_hint=NOT_APPLICABLE,아니오,0,0,0,HUMAN_REVIEW,CLAIM_PARSE,CONTEXT_REQUIRED,CONTEXT,,CLAIM_SPLIT~CLAIM_PARSE,HUMAN_REVIEW,CONTEXT_REQUIRED,,,,,0,,,
A00793,17,A00793_17,A00793_17,"1월 말 기준 정선군 인구가 3만3400여명인데, 지역 인구의 약 12배의 관광객 유치 효과가 있었다.",,indicator=SOURCE | value=SOURCE | unit=SOURCE | time=MISSING | frequency=NOT_APPLICABLE | region=NOT_APPLICABLE | population=NOT_APPLICABLE | dimension=NOT_APPLICABLE | comparison=SOURCE | calculation=SOURCE | condition=NOT_APPLICABLE | source_hint=NOT_APPLICABLE,아니오,0,0,0,HUMAN_REVIEW,CLAIM_PARSE,CONTEXT_REQUIRED,CONTEXT,,CLAIM_SPLIT~CLAIM_PARSE,HUMAN_REVIEW,CONTEXT_REQUIRED,,,,,0,,,
A00796,9,A00796_9,A00796_9,통상 성장률이 2개 분기 연속 마이너스(-)를 나타낼 경우 경기 침체 상황으로 판단한다.,,indicator=SOURCE | value=SOURCE | unit=SOURCE | time=MISSING | frequency=NOT_APPLICABLE | region=SOURCE | population=NOT_APPLICABLE | dimension=NOT_APPLICABLE | comparison=NOT_APPLICABLE | calculation=SOURCE | condition=SOURCE | source_hint=NOT_APPLICABLE,아니오,0,0,0,HUMAN_REVIEW,CLAIM_PARSE,CONTEXT_REQUIRED,CONTEXT,,CLAIM_SPLIT~CLAIM_PARSE,HUMAN_REVIEW,CONTEXT_REQUIRED,,,,,0,,,
A00816,7,A00816_7,A00816_7,제조업이 2.4% 줄어드는 등 광공업 생산이 2.3% 감소했다.,,indicator=SOURCE | value=SOURCE | unit=SOURCE | time=MISSING | frequency=NOT_APPLICABLE | region=NOT_APPLICABLE | population=NOT_APPLICABLE | dimension=SOURCE | comparison=SOURCE | calculation=SOURCE | condition=SOURCE | source_hint=NOT_APPLICABLE,아니오,0,0,0,HUMAN_REVIEW,CLAIM_PARSE,CONTEXT_REQUIRED,CONTEXT,,CLAIM_SPLIT~CLAIM_PARSE,HUMAN_REVIEW,CONTEXT_REQUIRED,,,,,0,,,
A00822,5,A00822_5,A00822_5,"특히 30대 이하 가구에서 체감 물가가 1%포인트 오를 때, 자가 주택 소유 확률이 7.4%포인트쯤 올라 주택 수요가 더 커지는 것으로 나타났다.",,indicator=SOURCE | value=SOURCE | unit=SOURCE | time=MISSING | frequency=NOT_APPLICABLE | region=NOT_APPLICABLE | population=NOT_APPLICABLE | dimension=NOT_APPLICABLE | comparison=SOURCE | calculation=SOURCE | condition=SOURCE | source_hint=NOT_APPLICABLE,아니오,0,0,0,HUMAN_REVIEW,CLAIM_PARSE,CONTEXT_REQUIRED,CONTEXT,,CLAIM_SPLIT~CLAIM_PARSE,HUMAN_REVIEW,CONTEXT_REQUIRED,,,,,0,,,
A00828,4,A00828_4,A00828_4,통계청은 4일 ‘1월 산업활동 동향’에서 1월 전(全)산업 생산이 전달보다 2.7% 줄었다고 밝혔다.,,indicator=SOURCE | value=SOURCE | unit=SOURCE | time=MISSING | frequency=NOT_APPLICABLE | region=NOT_APPLICABLE | population=NOT_APPLICABLE | dimension=NOT_APPLICABLE | comparison=MISSING | calculation=SOURCE | condition=MISSING | source_hint=SOURCE,아니오,0,0,0,HUMAN_REVIEW,CLAIM_PARSE,CONTEXT_REQUIRED,CONTEXT,,CLAIM_SPLIT~CLAIM_PARSE,HUMAN_REVIEW,CONTEXT_REQUIRED,,,,,0,,,
A00828,6,A00828_6,A00828_6,제조업이 전달보다 2.4% 줄어드는 등 광공업 생산이 2.3% 감소했다.,,indicator=SOURCE | value=SOURCE | unit=SOURCE | time=MISSING | frequency=NOT_APPLICABLE | region=NOT_APPLICABLE | population=NOT_APPLICABLE | dimension=SOURCE | comparison=SOURCE | calculation=SOURCE | condition=SOURCE | source_hint=NOT_APPLICABLE,아니오,0,0,0,HUMAN_REVIEW,CLAIM_PARSE,CONTEXT_REQUIRED,CONTEXT,,CLAIM_SPLIT~CLAIM_PARSE,HUMAN_REVIEW,CONTEXT_REQUIRED,,,,,0,,,
A00837,34,A00837_34,A00837_34,인구 5000만명 이상 국가로선 세계 최초였지만 거기까지였다.,,indicator=SOURCE | value=SOURCE | unit=SOURCE | time=MISSING | frequency=NOT_APPLICABLE | region=NOT_APPLICABLE | population=NOT_APPLICABLE | dimension=NOT_APPLICABLE | comparison=NOT_APPLICABLE | calculation=SOURCE | condition=SOURCE | source_hint=NOT_APPLICABLE,아니오,0,0,0,HUMAN_REVIEW,CLAIM_PARSE,CONTEXT_REQUIRED,CONTEXT,,CLAIM_SPLIT~CLAIM_PARSE,HUMAN_REVIEW,CONTEXT_REQUIRED,,,,,0,,,
A00837,6,A00837_6,A00837_6,오일 달러가 넘치는 중동 국가를 제외하고 인구 1000만명 이상 국가 중 1인당 국민소득 4만달러 벽을 뚫은 나라는 10곳이다.,,indicator=SOURCE | value=SOURCE | unit=SOURCE | time=MISSING | frequency=NOT_APPLICABLE | region=NOT_APPLICABLE | population=NOT_APPLICABLE | dimension=NOT_APPLICABLE | comparison=SOURCE | calculation=SOURCE | condition=SOURCE | source_hint=NOT_APPLICABLE,아니오,0,0,0,HUMAN_REVIEW,CLAIM_PARSE,CONTEXT_REQUIRED,CONTEXT,,CLAIM_SPLIT~CLAIM_PARSE,HUMAN_REVIEW,CONTEXT_REQUIRED,,,,,0,,,
A00838,15,A00838_15,A00838_15,소득이 비슷하더라도 인구가 줄면 1인당 GNI가 늘어나기 때문이다.,,indicator=SOURCE | value=MISSING | unit=MISSING | time=MISSING | frequency=NOT_APPLICABLE | region=NOT_APPLICABLE | population=NOT_APPLICABLE | dimension=NOT_APPLICABLE | comparison=NOT_APPLICABLE | calculation=SOURCE | condition=SOURCE | source_hint=NOT_APPLICABLE,아니오,0,0,0,HUMAN_REVIEW,CLAIM_PARSE,CONTEXT_REQUIRED,CONTEXT,,CLAIM_SPLIT~CLAIM_PARSE,HUMAN_REVIEW,CONTEXT_REQUIRED,,,,,0,,,
A00838,18,A00838_18,A00838_18,지난해 GNI 증가율은 1.2%로 소비자물가 상승률(2.3%)보다 1.1%포인트 낮았다.,,indicator=SOURCE | value=SOURCE | unit=SOURCE | time=SOURCE | frequency=SOURCE | region=NOT_APPLICABLE | population=NOT_APPLICABLE | dimension=NOT_APPLICABLE | comparison=SOURCE | calculation=SOURCE | condition=SOURCE | source_hint=NOT_APPLICABLE,예,0,0,0,HUMAN_REVIEW,CLAIM_PARSE,CONTEXT_REQUIRED,CONTEXT,,CLAIM_SPLIT~CLAIM_PARSE,HUMAN_REVIEW,CONTEXT_REQUIRED,,,,,0,,,
A00840,13,A00840_13,A00840_13,기름값 부담이 반영된 생활물가지수는 지난달 2.6% 오르며 지난해 7월(3%) 이후 7개월 만에 최대 상승폭을 보였다.,,indicator=SOURCE | value=SOURCE | unit=SOURCE | time=SOURCE | frequency=SOURCE | region=NOT_APPLICABLE | population=NOT_APPLICABLE | dimension=NOT_APPLICABLE | comparison=SOURCE | calculation=SOURCE | condition=SOURCE | source_hint=NOT_APPLICABLE,예,0,0,0,HUMAN_REVIEW,CLAIM_PARSE,CONTEXT_REQUIRED,CONTEXT,,CLAIM_SPLIT~CLAIM_PARSE,HUMAN_REVIEW,CONTEXT_REQUIRED,,,,,0,,,
A00843,11,A00843_11,A00843_11,실제 한국 10대 수출 품목 중 8개가 20년째 그대로다.,,indicator=SOURCE | value=SOURCE | unit=SOURCE | time=MISSING | frequency=NOT_APPLICABLE | region=SOURCE | population=NOT_APPLICABLE | dimension=NOT_APPLICABLE | comparison=SOURCE | calculation=SOURCE | condition=NOT_APPLICABLE | source_hint=NOT_APPLICABLE,아니오,0,0,0,HUMAN_REVIEW,CLAIM_PARSE,CONTEXT_REQUIRED,CONTEXT,,CLAIM_SPLIT~CLAIM_PARSE,HUMAN_REVIEW,CONTEXT_REQUIRED,,,,,0,,,
A00849,10,A00849_10,A00849_10,고가 수입차 시장이 최근 가족 단위 이용에 적합한 ‘패밀리카’ 위주로 변하고 있단 점도 상대적으로 50대 구매가 늘어나는 원인으로 꼽힌다.,,indicator=SOURCE | value=SOURCE | unit=SOURCE | time=MISSING | frequency=NOT_APPLICABLE | region=NOT_APPLICABLE | population=NOT_APPLICABLE | dimension=NOT_APPLICABLE | comparison=NOT_APPLICABLE | calculation=SOURCE | condition=SOURCE | source_hint=NOT_APPLICABLE,아니오,0,0,0,HUMAN_REVIEW,CLAIM_PARSE,CONTEXT_REQUIRED,CONTEXT,,CLAIM_SPLIT~CLAIM_PARSE,HUMAN_REVIEW,CONTEXT_REQUIRED,,,,,0,,,
A00849,14,A00849_14,A00849_14,"불과 5년 전만 해도 1억 이상 수입차 ‘톱5′ 중 3개가 세단이었는데, 고가 수입차도 갈수록 여행처럼 가족 단위 활동에 적합한 차종으로 변해가고 있는 것이다.",,indicator=SOURCE | value=SOURCE | unit=SOURCE | time=MISSING | frequency=NOT_APPLICABLE | region=NOT_APPLICABLE | population=NOT_APPLICABLE | dimension=NOT_APPLICABLE | comparison=NOT_APPLICABLE | calculation=SOURCE | condition=SOURCE | source_hint=NOT_APPLICABLE,아니오,0,0,0,HUMAN_REVIEW,CLAIM_PARSE,CONTEXT_REQUIRED,CONTEXT,,CLAIM_SPLIT~CLAIM_PARSE,HUMAN_REVIEW,CONTEXT_REQUIRED,,,,,0,,,
A00852,1,A00852_1,A00852_1,관세청 서울본부세관이 수입 파크골프채에 대한 원산지 표시 위반 행위를 집중 단속해 90억원 상당의 물품을 적발했다고 7일 밝혔다.,,indicator=SOURCE | value=SOURCE | unit=SOURCE | time=MISSING | frequency=NOT_APPLICABLE | region=SOURCE | population=NOT_APPLICABLE | dimension=NOT_APPLICABLE | comparison=NOT_APPLICABLE | calculation=SOURCE | condition=NOT_APPLICABLE | source_hint=SOURCE,아니오,0,0,0,HUMAN_REVIEW,CLAIM_PARSE,CONTEXT_REQUIRED,CONTEXT,,CLAIM_SPLIT~CLAIM_PARSE,HUMAN_REVIEW,CONTEXT_REQUIRED,,,,,0,,,
A00852,2,A00852_2,A00852_2,관세청은 최근 고령층을 중심으로 파크골프 인구가 100만명을 넘어서는 등 관련 용품에 대한 수요가 급증하면서 집중 단속을 실시했다고 밝혔다.,,indicator=SOURCE | value=SOURCE | unit=SOURCE | time=MISSING | frequency=NOT_APPLICABLE | region=NOT_APPLICABLE | population=NOT_APPLICABLE | dimension=NOT_APPLICABLE | comparison=NOT_APPLICABLE | calculation=SOURCE | condition=SOURCE | source_hint=SOURCE,아니오,0,0,0,HUMAN_REVIEW,CLAIM_PARSE,CONTEXT_REQUIRED,CONTEXT,,CLAIM_SPLIT~CLAIM_PARSE,HUMAN_REVIEW,CONTEXT_REQUIRED,,,,,0,,,
A00852,5,A00852_5,A00852_5,"대외무역관리규정 제86조에 따르면, 수입 원료를 사용한 국내 생산 물품의 경우, 국내 제조 원가 비율이 일정 비율(51%) 이상을 충족한 경우에만 원산지를 국산으로 표시할 수 있지만, 일부 업체는 기준을 미충족했지만 원산지를 국산으로 거짓 표시한 것이다.",,indicator=SOURCE | value=SOURCE | unit=SOURCE | time=MISSING | frequency=NOT_APPLICABLE | region=SOURCE | population=NOT_APPLICABLE | dimension=NOT_APPLICABLE | comparison=SOURCE | calculation=SOURCE | condition=SOURCE | source_hint=NOT_APPLICABLE,아니오,0,0,0,HUMAN_REVIEW,CLAIM_PARSE,CONTEXT_REQUIRED,CONTEXT,,CLAIM_SPLIT~CLAIM_PARSE,HUMAN_REVIEW,CONTEXT_REQUIRED,,,,,0,,,
A00856,13,A00856_13,A00856_13,"에너지 가격 하락으로 석탄·가스·원유 등 원자재 수입이 9.8% 줄었고, 곡물(-22.7%), 승용차(-8.2%) 등 소비재 수입도 감소했다.",,indicator=SOURCE | value=SOURCE | unit=SOURCE | time=MISSING | frequency=NOT_APPLICABLE | region=NOT_APPLICABLE | population=NOT_APPLICABLE | dimension=NOT_APPLICABLE | comparison=SOURCE | calculation=SOURCE | condition=SOURCE | source_hint=NOT_APPLICABLE,아니오,0,0,0,HUMAN_REVIEW,CLAIM_PARSE,CONTEXT_REQUIRED,CONTEXT,,CLAIM_SPLIT~CLAIM_PARSE,HUMAN_REVIEW,CONTEXT_REQUIRED,,,,,0,,,
A00872,5,A00872_5,A00872_5,인천은 지난 1년간 서울과 6대 광역시 중 유일하게 인구가 늘어난 곳이기도 하다.,,indicator=SOURCE | value=SOURCE | unit=SOURCE | time=MISSING | frequency=NOT_APPLICABLE | region=SOURCE | population=NOT_APPLICABLE | dimension=NOT_APPLICABLE | comparison=NOT_APPLICABLE | calculation=SOURCE | condition=SOURCE | source_hint=NOT_APPLICABLE,아니오,0,0,0,HUMAN_REVIEW,CLAIM_PARSE,CONTEXT_REQUIRED,CONTEXT,,CLAIM_SPLIT~CLAIM_PARSE,HUMAN_REVIEW,CONTEXT_REQUIRED,,,,,0,,,
A00872,7,A00872_7,A00872_7,인천은 출생아 수 증가율에서도 1위를 차지했다.,,indicator=SOURCE | value=SOURCE | unit=SOURCE | time=MISSING | frequency=NOT_APPLICABLE | region=SOURCE | population=NOT_APPLICABLE | dimension=MISSING | comparison=NOT_APPLICABLE | calculation=SOURCE | condition=SOURCE | source_hint=NOT_APPLICABLE,아니오,0,0,0,HUMAN_REVIEW,CLAIM_PARSE,CONTEXT_REQUIRED,CONTEXT,,CLAIM_SPLIT~CLAIM_PARSE,HUMAN_REVIEW,CONTEXT_REQUIRED,,,,,0,,,
A00874,1,A00874_1,A00874_1,지난 10년간 중소기업의 고령화가 꾸준히 심화돼 직원 중 50세 이상 고령자 비율이 절반가량을 차지한다는 조사 결과가 나왔다.,,indicator=SOURCE | value=MISSING | unit=MISSING | time=MISSING | frequency=NOT_APPLICABLE | region=NOT_APPLICABLE | population=NOT_APPLICABLE | dimension=NOT_APPLICABLE | comparison=NOT_APPLICABLE | calculation=SOURCE | condition=SOURCE | source_hint=NOT_APPLICABLE,아니오,0,0,0,HUMAN_REVIEW,CLAIM_PARSE,CONTEXT_REQUIRED,CONTEXT,,CLAIM_SPLIT~CLAIM_PARSE,HUMAN_REVIEW,CONTEXT_REQUIRED,,,,,0,,,
A00874,4,A00874_4,A00874_4,이는 생산연령인구(15∼64세) 중 50세 이상 비중인 36.1% 대비 12.5%포인트 높은 수치다.,,indicator=SOURCE | value=SOURCE | unit=SOURCE | time=MISSING | frequency=NOT_APPLICABLE | region=NOT_APPLICABLE | population=NOT_APPLICABLE | dimension=SOURCE | comparison=SOURCE | calculation=SOURCE | condition=SOURCE | source_hint=NOT_APPLICABLE,아니오,0,0,0,HUMAN_REVIEW,CLAIM_PARSE,CONTEXT_REQUIRED,CONTEXT,,CLAIM_SPLIT~CLAIM_PARSE,HUMAN_REVIEW,CONTEXT_REQUIRED,,,,,0,,,
A00889,12,A00889_12,A00889_12,"국내 판매량을 뜻하는 내수 출하는 11.8% 줄었으며, 외국에 판매하는 수출 출하는 1.2% 감소했다.",,indicator=SOURCE | value=SOURCE | unit=SOURCE | time=MISSING | frequency=NOT_APPLICABLE | region=SOURCE | population=NOT_APPLICABLE | dimension=NOT_APPLICABLE | comparison=SOURCE | calculation=SOURCE | condition=SOURCE | source_hint=NOT_APPLICABLE,아니오,0,0,0,HUMAN_REVIEW,CLAIM_PARSE,CONTEXT_REQUIRED,CONTEXT,,CLAIM_SPLIT~CLAIM_PARSE,HUMAN_REVIEW,CONTEXT_REQUIRED,,,,,0,,,
A00895,19,A00895_19,A00895_19,"헤리티지재단은 “한국의 소득세 및 법인세 최고세율은 각각 49.5%, 27.5%로, 국민부담률(GDP 대비 조세‧사회보장기여금 비중)도 28.9%에 달한다”고 지적했다.",,indicator=SOURCE | value=SOURCE | unit=SOURCE | time=MISSING | frequency=NOT_APPLICABLE | region=SOURCE | population=NOT_APPLICABLE | dimension=NOT_APPLICABLE | comparison=SOURCE | calculation=SOURCE | condition=NOT_APPLICABLE | source_hint=NOT_APPLICABLE,아니오,0,0,0,HUMAN_REVIEW,CLAIM_PARSE,CONTEXT_REQUIRED,CONTEXT,,CLAIM_SPLIT~CLAIM_PARSE,HUMAN_REVIEW,CONTEXT_REQUIRED,,,,,0,,,
A00899,14,A00899_14,A00899_14,수출도 0%대 증가에 그쳤다.,,indicator=SOURCE | value=SOURCE | unit=SOURCE | time=MISSING | frequency=NOT_APPLICABLE | region=NOT_APPLICABLE | population=NOT_APPLICABLE | dimension=NOT_APPLICABLE | comparison=MISSING | calculation=SOURCE | condition=SOURCE | source_hint=NOT_APPLICABLE,아니오,0,0,0,HUMAN_REVIEW,CLAIM_PARSE,CONTEXT_REQUIRED,CONTEXT,,CLAIM_SPLIT~CLAIM_PARSE,HUMAN_REVIEW,CONTEXT_REQUIRED,,,,,0,,,
A00899,27,A00899_27,A00899_27,생산량의 95%를 수출하는 한국GM의 존립도 위태롭다.,,indicator=SOURCE | value=SOURCE | unit=SOURCE | time=MISSING | frequency=NOT_APPLICABLE | region=SOURCE | population=NOT_APPLICABLE | dimension=NOT_APPLICABLE | comparison=NOT_APPLICABLE | calculation=SOURCE | condition=NOT_APPLICABLE | source_hint=NOT_APPLICABLE,아니오,0,0,0,HUMAN_REVIEW,CLAIM_PARSE,CONTEXT_REQUIRED,CONTEXT,,CLAIM_SPLIT~CLAIM_PARSE,HUMAN_REVIEW,CONTEXT_REQUIRED,,,,,0,,,
A00904,12,A00904_12,A00904_12,"반도체(12.9%)와 반도체제조장비(94.6%), 가스(15.7%) 등 수입이 크게 늘었다.",,indicator=SOURCE | value=SOURCE | unit=SOURCE | time=MISSING | frequency=NOT_APPLICABLE | region=NOT_APPLICABLE | population=NOT_APPLICABLE | dimension=SOURCE | comparison=SOURCE | calculation=SOURCE | condition=MISSING | source_hint=NOT_APPLICABLE,아니오,0,0,0,HUMAN_REVIEW,CLAIM_PARSE,CONTEXT_REQUIRED,CONTEXT,,CLAIM_SPLIT~CLAIM_PARSE,HUMAN_REVIEW,CONTEXT_REQUIRED,,,,,0,,,
A00904,13,A00904_13,A00904_13,"수입 증가폭이 수출 증가폭을 상회하면서, 무역수지는 20조4600만달러 적자를 기록했다.",,indicator=SOURCE | value=SOURCE | unit=SOURCE | time=MISSING | frequency=NOT_APPLICABLE | region=NOT_APPLICABLE | population=NOT_APPLICABLE | dimension=NOT_APPLICABLE | comparison=NOT_APPLICABLE | calculation=SOURCE | condition=SOURCE | source_hint=NOT_APPLICABLE,아니오,0,0,0,HUMAN_REVIEW,CLAIM_PARSE,CONTEXT_REQUIRED,CONTEXT,,CLAIM_SPLIT~CLAIM_PARSE,HUMAN_REVIEW,CONTEXT_REQUIRED,,,,,0,,,
A00904,2,A00904_2,A00904_2,"조업일수를 고려한 일평균 수출액도 12.3% 늘었지만, 수입이 더 큰 폭으로 늘어나며 무역수지 적자는 7억달러가량 확대된 것으로 파악됐다.",,indicator=SOURCE | value=SOURCE | unit=SOURCE | time=MISSING | frequency=NOT_APPLICABLE | region=NOT_APPLICABLE | population=NOT_APPLICABLE | dimension=NOT_APPLICABLE | comparison=SOURCE | calculation=SOURCE | condition=SOURCE | source_hint=NOT_APPLICABLE,아니오,0,0,0,HUMAN_REVIEW,CLAIM_PARSE,CONTEXT_REQUIRED,CONTEXT,,CLAIM_SPLIT~CLAIM_PARSE,HUMAN_REVIEW,CONTEXT_REQUIRED,,,,,0,,,
A00904,6,A00904_6,A00904_6,이를 고려한 일평균 수출액은 12.3% 증가한 것으로 나타났다.,,indicator=SOURCE | value=SOURCE | unit=SOURCE | time=MISSING | frequency=NOT_APPLICABLE | region=NOT_APPLICABLE | population=NOT_APPLICABLE | dimension=NOT_APPLICABLE | comparison=MISSING | calculation=SOURCE | condition=SOURCE | source_hint=NOT_APPLICABLE,아니오,0,0,0,HUMAN_REVIEW,CLAIM_PARSE,CONTEXT_REQUIRED,CONTEXT,,CLAIM_SPLIT~CLAIM_PARSE,HUMAN_REVIEW,CONTEXT_REQUIRED,,,,,0,,,
A00904,7,A00904_7,A00904_7,"선박(55.2%)과 승용차(6.2%), 무선통신기기(16.5%) 등 수출이 늘었지만, 자동차부품(-7.6%)과 철강(-7.8%) 등 수출은 감소세를 보였다.",,indicator=SOURCE | value=SOURCE | unit=SOURCE | time=MISSING | frequency=NOT_APPLICABLE | region=NOT_APPLICABLE | population=NOT_APPLICABLE | dimension=SOURCE | comparison=SOURCE | calculation=SOURCE | condition=SOURCE | source_hint=NOT_APPLICABLE,아니오,0,0,0,HUMAN_REVIEW,CLAIM_PARSE,CONTEXT_REQUIRED,CONTEXT,,CLAIM_SPLIT~CLAIM_PARSE,HUMAN_REVIEW,CONTEXT_REQUIRED,,,,,0,,,
A00912,4,A00912_4,A00912_4,국내에서는 포드코리아 설립 직후인 1996년 2세대 모델을 시작으로 현재 6세대에 이르기까지 성장을 거듭하며 수입 대형 SUV 시장을 선도하고 있다.,,indicator=SOURCE | value=MISSING | unit=MISSING | time=MISSING | frequency=NOT_APPLICABLE | region=SOURCE | population=NOT_APPLICABLE | dimension=NOT_APPLICABLE | comparison=NOT_APPLICABLE | calculation=SOURCE | condition=NOT_APPLICABLE | source_hint=NOT_APPLICABLE,아니오,0,0,0,HUMAN_REVIEW,CLAIM_PARSE,CONTEXT_REQUIRED,CONTEXT,,CLAIM_SPLIT~CLAIM_PARSE,HUMAN_REVIEW,CONTEXT_REQUIRED,,,,,0,,,
A00914,14,A00914_14,A00914_14,"GM이 7000만원이 넘는 쉐보레 콜로라도와 1억원 안팎인 GMC 시에라를 수입했지만, 고가 모델 위주로만 일부 수입되는 데 그쳐 대안이 되긴 어려웠다.",,indicator=SOURCE | value=SOURCE | unit=SOURCE | time=MISSING | frequency=NOT_APPLICABLE | region=NOT_APPLICABLE | population=NOT_APPLICABLE | dimension=NOT_APPLICABLE | comparison=SOURCE | calculation=SOURCE | condition=NOT_APPLICABLE | source_hint=NOT_APPLICABLE,아니오,0,0,0,HUMAN_REVIEW,CLAIM_PARSE,CONTEXT_REQUIRED,CONTEXT,,CLAIM_SPLIT~CLAIM_PARSE,HUMAN_REVIEW,CONTEXT_REQUIRED,,,,,0,,,
A00914,16,A00914_16,A00914_16,한 자동차 업계 관계자는 “3000만원대 후반부터 시작하는 타스만은 최고급 모델에 옵션까지 더하면 6000만원 안팎 수준”이라며 “쉐보레 콜로라도 등 수입 픽업트럭에 관심을 갖던 소비자들까지 타스만이 흡수하는 현상이 감지된다”고 말했다.,,indicator=SOURCE | value=SOURCE | unit=SOURCE | time=MISSING | frequency=NOT_APPLICABLE | region=NOT_APPLICABLE | population=NOT_APPLICABLE | dimension=SOURCE | comparison=SOURCE | calculation=SOURCE | condition=NOT_APPLICABLE | source_hint=NOT_APPLICABLE,아니오,0,0,0,HUMAN_REVIEW,CLAIM_PARSE,CONTEXT_REQUIRED,CONTEXT,,CLAIM_SPLIT~CLAIM_PARSE,HUMAN_REVIEW,CONTEXT_REQUIRED,,,,,0,,,
A00917,4,A00917_4,A00917_4,"반면, 2월 전체 외식물가는 전년보다 3% 올라 소비자물가 상승률(2%)을 웃돌았다.",,indicator=SOURCE | value=SOURCE | unit=SOURCE | time=SOURCE | frequency=SOURCE | region=NOT_APPLICABLE | population=NOT_APPLICABLE | dimension=NOT_APPLICABLE | comparison=SOURCE | calculation=SOURCE | condition=SOURCE | source_hint=NOT_APPLICABLE,예,0,0,0,HUMAN_REVIEW,CLAIM_PARSE,CONTEXT_REQUIRED,CONTEXT,,CLAIM_SPLIT~CLAIM_PARSE,HUMAN_REVIEW,CONTEXT_REQUIRED,,,,,0,,,
A00922,20,A00922_20,A00922_20,건설업 취업자 감소는 전체 국내총생산(GDP)의 15%를 차지하고 있는 건설업이 휘청이고 있기 때문이다.,,indicator=SOURCE | value=SOURCE | unit=SOURCE | time=MISSING | frequency=NOT_APPLICABLE | region=SOURCE | population=NOT_APPLICABLE | dimension=SOURCE | comparison=SOURCE | calculation=SOURCE | condition=SOURCE | source_hint=NOT_APPLICABLE,아니오,0,0,0,HUMAN_REVIEW,CLAIM_PARSE,CONTEXT_REQUIRED,CONTEXT,,CLAIM_SPLIT~CLAIM_PARSE,HUMAN_REVIEW,CONTEXT_REQUIRED,,,,,0,,,
A00922,33,A00922_33,A00922_33,한국경제인협회가 매출액 500대 기업을 대상으로 실시한 ’2... 중소기업 고령화 심화...직원 중 절반은 50세 이상 지난 10년간 중소기업의 고령화가 꾸준히 심화돼 직원 중 50세 이상 고령자 비율이 절반가량을 차지한다는 조사 결과가 나왔다.,,indicator=SOURCE | value=SOURCE | unit=SOURCE | time=MISSING | frequency=NOT_APPLICABLE | region=SOURCE | population=NOT_APPLICABLE | dimension=NOT_APPLICABLE | comparison=NOT_APPLICABLE | calculation=SOURCE | condition=SOURCE | source_hint=NOT_APPLICABLE,아니오,0,0,0,HUMAN_REVIEW,CLAIM_PARSE,CONTEXT_REQUIRED,CONTEXT,,CLAIM_SPLIT~CLAIM_PARSE,HUMAN_REVIEW,CONTEXT_REQUIRED,,,,,0,,,
A00922,9,A00922_9,A00922_9,청년 취업자는 355만7000명으로 1년 새 23만5000명 줄었다.,,indicator=SOURCE | value=SOURCE | unit=SOURCE | time=MISSING | frequency=NOT_APPLICABLE | region=NOT_APPLICABLE | population=SOURCE | dimension=SOURCE | comparison=SOURCE | calculation=SOURCE | condition=NOT_APPLICABLE | source_hint=NOT_APPLICABLE,아니오,0,0,0,HUMAN_REVIEW,CLAIM_PARSE,CONTEXT_REQUIRED,CONTEXT,,CLAIM_SPLIT~CLAIM_PARSE,HUMAN_REVIEW,CONTEXT_REQUIRED,,,,,0,,,
A00939,6,A00939_6,A00939_6,"회사는 이 밖에 오는 2027년까지 연평균 매출 성장률 8%를 달성하고, 수익성 중심으로 체질을 개선하겠다는 중장기 사업 방향도 공개했다.",,indicator=SOURCE | value=SOURCE | unit=SOURCE | time=SOURCE | frequency=SOURCE | region=NOT_APPLICABLE | population=NOT_APPLICABLE | dimension=NOT_APPLICABLE | comparison=NOT_APPLICABLE | calculation=SOURCE | condition=NOT_APPLICABLE | source_hint=NOT_APPLICABLE,예,0,0,0,HUMAN_REVIEW,CLAIM_PARSE,CONTEXT_REQUIRED,CONTEXT,,CLAIM_SPLIT~CLAIM_PARSE,HUMAN_REVIEW,CONTEXT_REQUIRED,,,,,0,,,
A00949,8,A00949_8,A00949_8,또 미·중 관세 전쟁이 미칠 영향에 대해선 최악의 경우 내년 우리 경제 성장률을 0.4%포인트 끌어내려 내년 성장률이 1.4%에 그칠 것으로 분석했다.,,indicator=SOURCE | value=SOURCE | unit=SOURCE | time=MISSING | frequency=NOT_APPLICABLE | region=NOT_APPLICABLE | population=NOT_APPLICABLE | dimension=NOT_APPLICABLE | comparison=SOURCE | calculation=SOURCE | condition=NOT_APPLICABLE | source_hint=NOT_APPLICABLE,아니오,0,0,0,HUMAN_REVIEW,CLAIM_PARSE,CONTEXT_REQUIRED,CONTEXT,,CLAIM_SPLIT~CLAIM_PARSE,HUMAN_REVIEW,CONTEXT_REQUIRED,,,,,0,,,
A00953,25,A00953_25,A00953_25,또 커피와 코코아를 수입할 때는 부가세 10%도 면세해준다.,,indicator=SOURCE | value=SOURCE | unit=SOURCE | time=MISSING | frequency=NOT_APPLICABLE | region=NOT_APPLICABLE | population=NOT_APPLICABLE | dimension=NOT_APPLICABLE | comparison=NOT_APPLICABLE | calculation=SOURCE | condition=NOT_APPLICABLE | source_hint=NOT_APPLICABLE,아니오,0,0,0,HUMAN_REVIEW,CLAIM_PARSE,CONTEXT_REQUIRED,CONTEXT,,CLAIM_SPLIT~CLAIM_PARSE,HUMAN_REVIEW,CONTEXT_REQUIRED,,,,,0,,,
A00958,10,A00958_10,A00958_10,"2월 확정치 64.7과 비교하면 6.8포인트(10.5%) 감소한 것이라, 앞으로 물가 상승으로 인한 소비 침체가 커질 수 있다는 뜻으로 해석됐다.",,indicator=SOURCE | value=SOURCE | unit=SOURCE | time=MISSING | frequency=NOT_APPLICABLE | region=NOT_APPLICABLE | population=NOT_APPLICABLE | dimension=NOT_APPLICABLE | comparison=SOURCE | calculation=SOURCE | condition=SOURCE | source_hint=NOT_APPLICABLE,아니오,0,0,0,HUMAN_REVIEW,CLAIM_PARSE,CONTEXT_REQUIRED,CONTEXT,,CLAIM_SPLIT~CLAIM_PARSE,HUMAN_REVIEW,CONTEXT_REQUIRED,,,,,0,,,
A00959,7,A00959_7,A00959_7,"통상 국제 유가 변동은 2~3주 뒤 국내에 반영되는데, 지난주 수입 원유 가격 기준인 두바이유는 직전 주보다 0.1달러 내린 1배럴당 71.2달러였다.",,indicator=SOURCE | value=SOURCE | unit=SOURCE | time=MISSING | frequency=NOT_APPLICABLE | region=SOURCE | population=NOT_APPLICABLE | dimension=NOT_APPLICABLE | comparison=SOURCE | calculation=SOURCE | condition=NOT_APPLICABLE | source_hint=NOT_APPLICABLE,아니오,0,0,0,HUMAN_REVIEW,CLAIM_PARSE,CONTEXT_REQUIRED,CONTEXT,,CLAIM_SPLIT~CLAIM_PARSE,HUMAN_REVIEW,CONTEXT_REQUIRED,,,,,0,,,
A00970,19,A00970_19,A00970_19,"반도체(5.2%), 컴퓨터·주변기기(3.5%), 휴대폰(8.6%) 수입이 늘었고, 최근 국내 기업들의 AI 서버 및 GPU 투자 확대로 중대형 컴퓨터(3.3%)와 멀티미디어카드(41.6%) 수입도 증가했다.",,indicator=SOURCE | value=SOURCE | unit=SOURCE | time=MISSING | frequency=NOT_APPLICABLE | region=SOURCE | population=NOT_APPLICABLE | dimension=SOURCE | comparison=SOURCE | calculation=SOURCE | condition=SOURCE | source_hint=NOT_APPLICABLE,아니오,0,0,0,HUMAN_REVIEW,CLAIM_PARSE,CONTEXT_REQUIRED,CONTEXT,,CLAIM_SPLIT~CLAIM_PARSE,HUMAN_REVIEW,CONTEXT_REQUIRED,,,,,0,,,
A00970,2,A00970_2,A00970_2,그러나 우리나라 최대 수출품인 반도체 수출액은 1년 전보다 3% 감소한 것으로 나타났다.,,indicator=SOURCE | value=SOURCE | unit=SOURCE | time=MISSING | frequency=NOT_APPLICABLE | region=SOURCE | population=NOT_APPLICABLE | dimension=SOURCE | comparison=SOURCE | calculation=SOURCE | condition=SOURCE | source_hint=NOT_APPLICABLE,아니오,0,0,0,HUMAN_REVIEW,CLAIM_PARSE,CONTEXT_REQUIRED,CONTEXT,,CLAIM_SPLIT~CLAIM_PARSE,HUMAN_REVIEW,CONTEXT_REQUIRED,,,,,0,,,
A00970,5,A00970_5,A00970_5,"반도체(-3%)와 디스플레이(-5.1%) 수출은 감소했지만, 휴대폰(33.3%), 컴퓨터·주변기기(26.9%), 통신장비(74.1%) 수출은 늘었다.",,indicator=SOURCE | value=SOURCE | unit=SOURCE | time=MISSING | frequency=NOT_APPLICABLE | region=NOT_APPLICABLE | population=NOT_APPLICABLE | dimension=SOURCE | comparison=SOURCE | calculation=SOURCE | condition=SOURCE | source_hint=NOT_APPLICABLE,아니오,0,0,0,HUMAN_REVIEW,CLAIM_PARSE,CONTEXT_REQUIRED,CONTEXT,,CLAIM_SPLIT~CLAIM_PARSE,HUMAN_REVIEW,CONTEXT_REQUIRED,,,,,0,,,
A00970,6,A00970_6,A00970_6,품목별로 보면 반도체 수출액은 1년 전보다 3% 줄었다.,,indicator=SOURCE | value=SOURCE | unit=SOURCE | time=MISSING | frequency=NOT_APPLICABLE | region=NOT_APPLICABLE | population=NOT_APPLICABLE | dimension=SOURCE | comparison=SOURCE | calculation=SOURCE | condition=MISSING | source_hint=NOT_APPLICABLE,아니오,0,0,0,HUMAN_REVIEW,CLAIM_PARSE,CONTEXT_REQUIRED,CONTEXT,,CLAIM_SPLIT~CLAIM_PARSE,HUMAN_REVIEW,CONTEXT_REQUIRED,,,,,0,,,
A00977,10,A00977_10,A00977_10,25% 관세 부과가 현실화되면 수출 가격 경쟁력이 급격히 훼손되며 이제 막 자리를 잡는 제네시스의 판매가 타격을 입게 된다는 것이다.,,indicator=SOURCE | value=SOURCE | unit=SOURCE | time=MISSING | frequency=NOT_APPLICABLE | region=NOT_APPLICABLE | population=NOT_APPLICABLE | dimension=NOT_APPLICABLE | comparison=NOT_APPLICABLE | calculation=SOURCE | condition=NOT_APPLICABLE | source_hint=NOT_APPLICABLE,아니오,0,0,0,HUMAN_REVIEW,CLAIM_PARSE,CONTEXT_REQUIRED,CONTEXT,,CLAIM_SPLIT~CLAIM_PARSE,HUMAN_REVIEW,CONTEXT_REQUIRED,,,,,0,,,
A01010,12,A01010_12,A01010_12,"관세청에 따르면 보세 공장 156개, 종합 보세 구역 73개, 자유무역지역제도(FTZ, 485개) 등으로 나뉜다.",,indicator=SOURCE | value=SOURCE | unit=SOURCE | time=MISSING | frequency=NOT_APPLICABLE | region=NOT_APPLICABLE | population=NOT_APPLICABLE | dimension=NOT_APPLICABLE | comparison=SOURCE | calculation=SOURCE | condition=NOT_APPLICABLE | source_hint=SOURCE,아니오,0,0,0,HUMAN_REVIEW,CLAIM_PARSE,CONTEXT_REQUIRED,CONTEXT,,CLAIM_SPLIT~CLAIM_PARSE,HUMAN_REVIEW,CONTEXT_REQUIRED,,,,,0,,,
A01010,21,A01010_21,A01010_21,"관세청은 이 같은 규제 개혁을 추진하게 된 배경에 대해 “반도체, 조선, 디스플레이 등 첨단, 핵심 산업의 보세 가공 제도 활용 수출 비율이 90% 수준으로 매우 높다”며 “수출 환경 변화와 국가 간 주도권 경쟁 심화 등으로 과감한 규제 혁신 요구가 있어 왔다”고 했다.",,indicator=SOURCE | value=SOURCE | unit=SOURCE | time=MISSING | frequency=NOT_APPLICABLE | region=NOT_APPLICABLE | population=NOT_APPLICABLE | dimension=SOURCE | comparison=SOURCE | calculation=SOURCE | condition=NOT_APPLICABLE | source_hint=SOURCE,아니오,0,0,0,HUMAN_REVIEW,CLAIM_PARSE,CONTEXT_REQUIRED,CONTEXT,,CLAIM_SPLIT~CLAIM_PARSE,HUMAN_REVIEW,CONTEXT_REQUIRED,,,,,0,,,
A01010,22,A01010_22,A01010_22,"관세청에 따르면 반도체와 조선, 바이오가 보세 가공을 활용해 수출하는 비율은 각각 93%, 92%, 96%로 매우 높은 것으로 조사됐다.",,indicator=SOURCE | value=SOURCE | unit=SOURCE | time=MISSING | frequency=NOT_APPLICABLE | region=NOT_APPLICABLE | population=NOT_APPLICABLE | dimension=SOURCE | comparison=SOURCE | calculation=SOURCE | condition=NOT_APPLICABLE | source_hint=SOURCE,아니오,0,0,0,HUMAN_REVIEW,CLAIM_PARSE,CONTEXT_REQUIRED,CONTEXT,,CLAIM_SPLIT~CLAIM_PARSE,HUMAN_REVIEW,CONTEXT_REQUIRED,,,,,0,,,
A01023,13,A01023_13,A01023_13,"실업률은 4.3%에서 4.4%로, 물가상승률은 2.5%에서 2.7%로 올렸다.",,indicator=SOURCE | value=SOURCE | unit=SOURCE | time=MISSING | frequency=NOT_APPLICABLE | region=NOT_APPLICABLE | population=NOT_APPLICABLE | dimension=NOT_APPLICABLE | comparison=SOURCE | calculation=SOURCE | condition=SOURCE | source_hint=NOT_APPLICABLE,아니오,0,0,0,HUMAN_REVIEW,CLAIM_PARSE,CONTEXT_REQUIRED,CONTEXT,,CLAIM_SPLIT~CLAIM_PARSE,HUMAN_REVIEW,CONTEXT_REQUIRED,,,,,0,,,
A01023,17,A01023_17,A01023_17,1970년대식 스태그플레이션 가능성에 대한 질문에 “현재 우리는 실업률이 완전고용에 근접한 4.1%를 유지하는 동안에도 인플레이션이 높은 수준에서 2%에 가깝게 둔화하는 상황에 있다”며 “우리가 (1970년대의)그런 상황과 비교할 만한 상황에 직면했다고 보진 않는다”라고 했다.,,indicator=SOURCE | value=SOURCE | unit=SOURCE | time=MISSING | frequency=NOT_APPLICABLE | region=NOT_APPLICABLE | population=NOT_APPLICABLE | dimension=NOT_APPLICABLE | comparison=SOURCE | calculation=SOURCE | condition=NOT_APPLICABLE | source_hint=NOT_APPLICABLE,아니오,0,0,0,HUMAN_REVIEW,CLAIM_PARSE,CONTEXT_REQUIRED,CONTEXT,,CLAIM_SPLIT~CLAIM_PARSE,HUMAN_REVIEW,CONTEXT_REQUIRED,,,,,0,,,
A01033,17,A01033_17,A01033_17,1970년대식 스태그플레이션 가능성에 대한 질문에 “현재 우리는 실업률이 완전고용에 근접한 4.1%를 유지하는 동안에도 인플레이션이 2%에 가깝게 둔화하는 상황에 있다”며 “우리가 (1970년대의) 그런 상황에 직면했다고 보지 않는다”고 했다.,,indicator=SOURCE | value=SOURCE | unit=SOURCE | time=MISSING | frequency=NOT_APPLICABLE | region=NOT_APPLICABLE | population=NOT_APPLICABLE | dimension=NOT_APPLICABLE | comparison=SOURCE | calculation=SOURCE | condition=NOT_APPLICABLE | source_hint=NOT_APPLICABLE,아니오,0,0,0,HUMAN_REVIEW,CLAIM_PARSE,CONTEXT_REQUIRED,CONTEXT,,CLAIM_SPLIT~CLAIM_PARSE,HUMAN_REVIEW,CONTEXT_REQUIRED,,,,,0,,,
A01037,3,A01037_3,A01037_3,"관세청이 21일 발표한 ‘3월 1~20일 수출입 현황’에 따르면, 3월 1~20일 수출액은 355억달러로 1년 전 대비 4.5% 증가했다.",,indicator=SOURCE | value=SOURCE | unit=SOURCE | time=MISSING | frequency=NOT_APPLICABLE | region=NOT_APPLICABLE | population=NOT_APPLICABLE | dimension=NOT_APPLICABLE | comparison=SOURCE | calculation=SOURCE | condition=SOURCE | source_hint=SOURCE,아니오,0,0,0,HUMAN_REVIEW,CLAIM_PARSE,CONTEXT_REQUIRED,CONTEXT,,CLAIM_SPLIT~CLAIM_PARSE,HUMAN_REVIEW,CONTEXT_REQUIRED,,,,,0,,,
A01037,4,A01037_4,A01037_4,"이 같은 수출액 증가는 반도체(11.6%)와 승용차(3.7%), 선박(80.3%) 등 국내 주력 수출 품목이 호조세를 보인 데 따른 것이었다.",,indicator=SOURCE | value=SOURCE | unit=SOURCE | time=MISSING | frequency=NOT_APPLICABLE | region=SOURCE | population=NOT_APPLICABLE | dimension=SOURCE | comparison=SOURCE | calculation=SOURCE | condition=SOURCE | source_hint=NOT_APPLICABLE,아니오,0,0,0,HUMAN_REVIEW,CLAIM_PARSE,CONTEXT_REQUIRED,CONTEXT,,CLAIM_SPLIT~CLAIM_PARSE,HUMAN_REVIEW,CONTEXT_REQUIRED,,,,,0,,,
A01037,7,A01037_7,A01037_7,수출액이 수입액을 웃돌면서 이 기간 무역수지는 11억 달러 흑자를 기록했다.,,indicator=SOURCE | value=SOURCE | unit=SOURCE | time=MISSING | frequency=NOT_APPLICABLE | region=NOT_APPLICABLE | population=NOT_APPLICABLE | dimension=NOT_APPLICABLE | comparison=NOT_APPLICABLE | calculation=SOURCE | condition=SOURCE | source_hint=NOT_APPLICABLE,아니오,0,0,0,HUMAN_REVIEW,CLAIM_PARSE,CONTEXT_REQUIRED,CONTEXT,,CLAIM_SPLIT~CLAIM_PARSE,HUMAN_REVIEW,CONTEXT_REQUIRED,,,,,0,,,
A01037,9,A01037_9,A01037_9,"이달 1~20일 수출은 늘었지만, 올 들어 감소 흐름을 보여온 수출이 3월 들어 증가세로 돌아설지는 미지수라는 분석도 나온다.",,indicator=SOURCE | value=MISSING | unit=MISSING | time=MISSING | frequency=NOT_APPLICABLE | region=NOT_APPLICABLE | population=NOT_APPLICABLE | dimension=NOT_APPLICABLE | comparison=NOT_APPLICABLE | calculation=SOURCE | condition=SOURCE | source_hint=NOT_APPLICABLE,아니오,0,0,0,HUMAN_REVIEW,CLAIM_PARSE,CONTEXT_REQUIRED,CONTEXT,,CLAIM_SPLIT~CLAIM_PARSE,HUMAN_REVIEW,CONTEXT_REQUIRED,,,,,0,,,
A01076,9,A01076_9,A01076_9,"또 민생경제점검회의를 열고 4조8000억원 규모 서민정책금융 지원방안과 철도 지하화 사업 추진 등을 발표했고, 수출전략회의를 거쳐 366조원 규모 무역금융 투입 방안도 내놨다.",,indicator=SOURCE | value=SOURCE | unit=SOURCE | time=MISSING | frequency=NOT_APPLICABLE | region=NOT_APPLICABLE | population=NOT_APPLICABLE | dimension=NOT_APPLICABLE | comparison=SOURCE | calculation=SOURCE | condition=NOT_APPLICABLE | source_hint=NOT_APPLICABLE,아니오,0,0,0,HUMAN_REVIEW,CLAIM_PARSE,CONTEXT_REQUIRED,CONTEXT,,CLAIM_SPLIT~CLAIM_PARSE,HUMAN_REVIEW,CONTEXT_REQUIRED,,,,,0,,,
A01097,5,A01097_5,A01097_5,"메르세데스-벤츠 EQA, BMW iX1 등 다른 수입차 브랜드에서 선보인 전기 SUV와 비교하면 최대 1500만원 이상 저렴한 수준이다.",,indicator=SOURCE | value=SOURCE | unit=SOURCE | time=MISSING | frequency=NOT_APPLICABLE | region=NOT_APPLICABLE | population=NOT_APPLICABLE | dimension=NOT_APPLICABLE | comparison=NOT_APPLICABLE | calculation=SOURCE | condition=SOURCE | source_hint=NOT_APPLICABLE,아니오,0,0,0,HUMAN_REVIEW,CLAIM_PARSE,CONTEXT_REQUIRED,CONTEXT,,CLAIM_SPLIT~CLAIM_PARSE,HUMAN_REVIEW,CONTEXT_REQUIRED,,,,,0,,,
A01103,20,A01103_20,A01103_20,여러 수입 경쟁 모델들의 국고 보조금 총액이 100만~300만원대에 그친 것과 대조적이다.,,indicator=SOURCE | value=SOURCE | unit=SOURCE | time=MISSING | frequency=NOT_APPLICABLE | region=NOT_APPLICABLE | population=NOT_APPLICABLE | dimension=NOT_APPLICABLE | comparison=NOT_APPLICABLE | calculation=SOURCE | condition=NOT_APPLICABLE | source_hint=NOT_APPLICABLE,아니오,0,0,0,HUMAN_REVIEW,CLAIM_PARSE,CONTEXT_REQUIRED,CONTEXT,,CLAIM_SPLIT~CLAIM_PARSE,HUMAN_REVIEW,CONTEXT_REQUIRED,,,,,0,,,
A01103,5,A01103_5,A01103_5,"여성 비율도 31.9%(772명)로, 수입 전기차 평균(23.1%)보다 크게 높았다.",,indicator=SOURCE | value=SOURCE | unit=SOURCE | time=MISSING | frequency=NOT_APPLICABLE | region=NOT_APPLICABLE | population=NOT_APPLICABLE | dimension=SOURCE | comparison=SOURCE | calculation=SOURCE | condition=NOT_APPLICABLE | source_hint=NOT_APPLICABLE,아니오,0,0,0,HUMAN_REVIEW,CLAIM_PARSE,CONTEXT_REQUIRED,CONTEXT,,CLAIM_SPLIT~CLAIM_PARSE,HUMAN_REVIEW,CONTEXT_REQUIRED,,,,,0,,,
A01120,15,A01120_15,A01120_15,한 업계 관계자는 “이들 소형 SUV의 마진율은 한 자릿수”라며 “25% 관세가 붙으면 수출 길이 막힐 수밖에 없고 경영 전략을 다 새로 짜야 할 것”이라고 했다.,,indicator=SOURCE | value=SOURCE | unit=SOURCE | time=MISSING | frequency=NOT_APPLICABLE | region=NOT_APPLICABLE | population=NOT_APPLICABLE | dimension=NOT_APPLICABLE | comparison=NOT_APPLICABLE | calculation=SOURCE | condition=NOT_APPLICABLE | source_hint=NOT_APPLICABLE,아니오,0,0,0,HUMAN_REVIEW,CLAIM_PARSE,CONTEXT_REQUIRED,CONTEXT,,CLAIM_SPLIT~CLAIM_PARSE,HUMAN_REVIEW,CONTEXT_REQUIRED,,,,,0,,,
A01120,5,A01120_5,A01120_5,◇대미 수출에 직격탄 자동차는 우리나라 대미(對美) 수출 1위 품목이다.,,indicator=SOURCE | value=SOURCE | unit=SOURCE | time=MISSING | frequency=NOT_APPLICABLE | region=SOURCE | population=NOT_APPLICABLE | dimension=SOURCE | comparison=NOT_APPLICABLE | calculation=SOURCE | condition=SOURCE | source_hint=NOT_APPLICABLE,아니오,0,0,0,HUMAN_REVIEW,CLAIM_PARSE,CONTEXT_REQUIRED,CONTEXT,,CLAIM_SPLIT~CLAIM_PARSE,HUMAN_REVIEW,CONTEXT_REQUIRED,,,,,0,,,
A01124,10,A01124_10,A01124_10,그 결과 생활 인구는 80만명을 넘겼다.,,indicator=SOURCE | value=SOURCE | unit=SOURCE | time=MISSING | frequency=NOT_APPLICABLE | region=NOT_APPLICABLE | population=NOT_APPLICABLE | dimension=NOT_APPLICABLE | comparison=NOT_APPLICABLE | calculation=SOURCE | condition=NOT_APPLICABLE | source_hint=NOT_APPLICABLE,아니오,0,0,0,HUMAN_REVIEW,CLAIM_PARSE,CONTEXT_REQUIRED,CONTEXT,,CLAIM_SPLIT~CLAIM_PARSE,HUMAN_REVIEW,CONTEXT_REQUIRED,,,,,0,,,
A01124,11,A01124_11,A01124_11,인근 고성군도 해수욕장으로 피서객이 모여들며 체류 인구가 등록 인구의 24.6배에 달했다.,,indicator=SOURCE | value=SOURCE | unit=SOURCE | time=MISSING | frequency=NOT_APPLICABLE | region=NOT_APPLICABLE | population=NOT_APPLICABLE | dimension=NOT_APPLICABLE | comparison=SOURCE | calculation=SOURCE | condition=NOT_APPLICABLE | source_hint=NOT_APPLICABLE,아니오,0,0,0,HUMAN_REVIEW,CLAIM_PARSE,CONTEXT_REQUIRED,CONTEXT,,CLAIM_SPLIT~CLAIM_PARSE,HUMAN_REVIEW,CONTEXT_REQUIRED,,,,,0,,,
A01124,15,A01124_15,A01124_15,"같은 기간 인구 감소 지역의 등록 인구는 490만여 명에서 489만여 명으로 줄었지만, 관광객 등 체류 인구가 대폭 늘어난 영향이다.",,indicator=SOURCE | value=MISSING | unit=MISSING | time=MISSING | frequency=NOT_APPLICABLE | region=NOT_APPLICABLE | population=NOT_APPLICABLE | dimension=NOT_APPLICABLE | comparison=NOT_APPLICABLE | calculation=SOURCE | condition=SOURCE | source_hint=NOT_APPLICABLE,아니오,0,0,0,HUMAN_REVIEW,CLAIM_PARSE,CONTEXT_REQUIRED,CONTEXT,,CLAIM_SPLIT~CLAIM_PARSE,HUMAN_REVIEW,CONTEXT_REQUIRED,,,,,0,,,
A01124,19,A01124_19,A01124_19,강원도(66.7%)뿐만 아니라 수도권 인구 감소 지역에서도 체류 인구의 소비 비율이 56.4%로 절반을 넘어섰다.,,indicator=SOURCE | value=SOURCE | unit=SOURCE | time=MISSING | frequency=NOT_APPLICABLE | region=SOURCE | population=NOT_APPLICABLE | dimension=NOT_APPLICABLE | comparison=SOURCE | calculation=SOURCE | condition=SOURCE | source_hint=NOT_APPLICABLE,아니오,0,0,0,HUMAN_REVIEW,CLAIM_PARSE,CONTEXT_REQUIRED,CONTEXT,,CLAIM_SPLIT~CLAIM_PARSE,HUMAN_REVIEW,CONTEXT_REQUIRED,,,,,0,,,
A01124,25,A01124_25,A01124_25,"반대로 체류 인구 가운데 대도시에 집을 두고 인구 감소 지역으로 통근·통학하는 이들의 비율은 강원도의 경우 7.4%에 불과했지만, 수도권은 36%나 됐다.",,indicator=SOURCE | value=SOURCE | unit=SOURCE | time=MISSING | frequency=NOT_APPLICABLE | region=SOURCE | population=NOT_APPLICABLE | dimension=NOT_APPLICABLE | comparison=SOURCE | calculation=SOURCE | condition=SOURCE | source_hint=NOT_APPLICABLE,아니오,0,0,0,HUMAN_REVIEW,CLAIM_PARSE,CONTEXT_REQUIRED,CONTEXT,,CLAIM_SPLIT~CLAIM_PARSE,HUMAN_REVIEW,CONTEXT_REQUIRED,,,,,0,,,
A01124,26,A01124_26,A01124_26,"차미숙 국토연구원 선임연구위원은 “생활 인구의 숫자 자체를 늘리는 것을 넘어서, 질적으로 지역별 생활 인구의 특성을 분석해야 한다”며 “우리 지역을 방문하는 사람이 60대 ‘4도3촌(4일은 도시에서 3일은 농촌에서 생활)’하는 주말 농부인지 20대의 장거리 통근 직장인인지 따져 보고, 그에 맞춘 지역 브랜드를 키워야 한다”고 했다.",,indicator=SOURCE | value=SOURCE | unit=SOURCE | time=MISSING | frequency=NOT_APPLICABLE | region=NOT_APPLICABLE | population=NOT_APPLICABLE | dimension=NOT_APPLICABLE | comparison=SOURCE | calculation=SOURCE | condition=SOURCE | source_hint=NOT_APPLICABLE,아니오,0,0,0,HUMAN_REVIEW,CLAIM_PARSE,CONTEXT_REQUIRED,CONTEXT,,CLAIM_SPLIT~CLAIM_PARSE,HUMAN_REVIEW,CONTEXT_REQUIRED,,,,,0,,,
A01124,8,A01124_8,A01124_8,"◇‘서핑 성지’ 양양, 체류 인구가 등록 인구 28배 서핑과 해변 클럽 등을 즐기려는 청년들로 붐비는 양양군이 여름철 관광 특수를 누린 대표적 사례다.",,indicator=SOURCE | value=SOURCE | unit=SOURCE | time=MISSING | frequency=NOT_APPLICABLE | region=NOT_APPLICABLE | population=SOURCE | dimension=SOURCE | comparison=SOURCE | calculation=SOURCE | condition=NOT_APPLICABLE | source_hint=NOT_APPLICABLE,아니오,0,0,0,HUMAN_REVIEW,CLAIM_PARSE,CONTEXT_REQUIRED,CONTEXT,,CLAIM_SPLIT~CLAIM_PARSE,HUMAN_REVIEW,CONTEXT_REQUIRED,,,,,0,,,
A01132,12,A01132_12,A01132_12,"한편 29일 경찰 등에 따르면, 경북 지역 산불 관련 사망자는 26명으로 확인됐다.",,indicator=SOURCE | value=SOURCE | unit=SOURCE | time=MISSING | frequency=NOT_APPLICABLE | region=SOURCE | population=NOT_APPLICABLE | dimension=NOT_APPLICABLE | comparison=NOT_APPLICABLE | calculation=SOURCE | condition=NOT_APPLICABLE | source_hint=NOT_APPLICABLE,아니오,0,0,0,HUMAN_REVIEW,CLAIM_PARSE,CONTEXT_REQUIRED,CONTEXT,,CLAIM_SPLIT~CLAIM_PARSE,HUMAN_REVIEW,CONTEXT_REQUIRED,,,,,0,,,
A01132,14,A01132_14,A01132_14,지난 22일 경남 산청면에서 숨진 산불 진화대원 4명을 포함하면 이번 영남권 산불 전체 사망자는 30명으로 집계된다.,,indicator=SOURCE | value=SOURCE | unit=SOURCE | time=MISSING | frequency=NOT_APPLICABLE | region=SOURCE | population=NOT_APPLICABLE | dimension=NOT_APPLICABLE | comparison=SOURCE | calculation=SOURCE | condition=NOT_APPLICABLE | source_hint=NOT_APPLICABLE,아니오,0,0,0,HUMAN_REVIEW,CLAIM_PARSE,CONTEXT_REQUIRED,CONTEXT,,CLAIM_SPLIT~CLAIM_PARSE,HUMAN_REVIEW,CONTEXT_REQUIRED,,,,,0,,,
A01149,17,A01149_17,A01149_17,삼성전자의 지난해 대중수출액은 64조9275억원으로 2023년(42조2007억원)에 비해 50% 이상 급증했다.,,indicator=SOURCE | value=SOURCE | unit=SOURCE | time=SOURCE | frequency=SOURCE | region=NOT_APPLICABLE | population=NOT_APPLICABLE | dimension=NOT_APPLICABLE | comparison=SOURCE | calculation=SOURCE | condition=SOURCE | source_hint=NOT_APPLICABLE,예,0,0,0,HUMAN_REVIEW,CLAIM_PARSE,CONTEXT_REQUIRED,CONTEXT,,CLAIM_SPLIT~CLAIM_PARSE,HUMAN_REVIEW,CONTEXT_REQUIRED,,,,,0,,,
A01164,19,A01164_19,A01164_19,경제의 세 축이 되는 지표가 모두 감소한 것은 지난해 1... 끝이 안 보이는 내수 부진… 소매 판매 21년 만에 최대 감소 고(高)금리·고물가로 식어가던 내수가 경기 부진과 정치 불안이 겹친 작년 들어 싸늘하게 얼어붙었다.,,indicator=SOURCE | value=MISSING | unit=MISSING | time=SOURCE | frequency=SOURCE | region=SOURCE | population=NOT_APPLICABLE | dimension=NOT_APPLICABLE | comparison=NOT_APPLICABLE | calculation=SOURCE | condition=SOURCE | source_hint=NOT_APPLICABLE,아니오,0,0,0,HUMAN_REVIEW,CLAIM_PARSE,CONTEXT_REQUIRED,CONTEXT,,CLAIM_SPLIT~CLAIM_PARSE,HUMAN_REVIEW,CONTEXT_REQUIRED,,,,,0,,,
A01167,3,A01167_3,A01167_3,65세 이상이 인구의 20% 이상을 차지하는 ‘초고령 사회’에 진입한 한국에서 ‘골다공증 치료제’ 출시 경쟁이 본격화했다는 평가가 나온다.,,indicator=SOURCE | value=SOURCE | unit=SOURCE | time=MISSING | frequency=NOT_APPLICABLE | region=SOURCE | population=SOURCE | dimension=SOURCE | comparison=SOURCE | calculation=SOURCE | condition=SOURCE | source_hint=NOT_APPLICABLE,아니오,0,0,0,HUMAN_REVIEW,CLAIM_PARSE,CONTEXT_REQUIRED,CONTEXT,,CLAIM_SPLIT~CLAIM_PARSE,HUMAN_REVIEW,CONTEXT_REQUIRED,,,,,0,,,
A01176,1,A01176_1,A01176_1,"1 사상 최악의 피해를 입힌 영남권 산불은 열흘 만에 잡혔지만, 먹거리 물가에 미치는 영향은 올해 내내 이어질 것이란 우려가 나온다.",,indicator=SOURCE | value=MISSING | unit=MISSING | time=SOURCE | frequency=SOURCE | region=NOT_APPLICABLE | population=NOT_APPLICABLE | dimension=NOT_APPLICABLE | comparison=NOT_APPLICABLE | calculation=SOURCE | condition=NOT_APPLICABLE | source_hint=NOT_APPLICABLE,아니오,0,0,0,HUMAN_REVIEW,CLAIM_PARSE,CONTEXT_REQUIRED,CONTEXT,,CLAIM_SPLIT~CLAIM_PARSE,HUMAN_REVIEW,CONTEXT_REQUIRED,,,,,0,,,
A01176,4,A01176_4,A01176_4,"상당수가 사과를 키우는 과수원으로, 경북 지역은 전국 사과 생산량의 62%를 차지하는 사과 주산지다.",,indicator=SOURCE | value=SOURCE | unit=SOURCE | time=MISSING | frequency=NOT_APPLICABLE | region=SOURCE | population=NOT_APPLICABLE | dimension=SOURCE | comparison=SOURCE | calculation=SOURCE | condition=NOT_APPLICABLE | source_hint=NOT_APPLICABLE,아니오,0,0,0,HUMAN_REVIEW,CLAIM_PARSE,CONTEXT_REQUIRED,CONTEXT,,CLAIM_SPLIT~CLAIM_PARSE,HUMAN_REVIEW,CONTEXT_REQUIRED,,,,,0,,,
A01176,6,A01176_6,A01176_6,전국 마늘 생산의 38%를 담당하는 의성군 농가들도 비상이 걸렸다.,,indicator=SOURCE | value=SOURCE | unit=SOURCE | time=MISSING | frequency=NOT_APPLICABLE | region=SOURCE | population=NOT_APPLICABLE | dimension=SOURCE | comparison=SOURCE | calculation=SOURCE | condition=NOT_APPLICABLE | source_hint=NOT_APPLICABLE,아니오,0,0,0,HUMAN_REVIEW,CLAIM_PARSE,CONTEXT_REQUIRED,CONTEXT,,CLAIM_SPLIT~CLAIM_PARSE,HUMAN_REVIEW,CONTEXT_REQUIRED,,,,,0,,,
A01180,18,A01180_18,A01180_18,이미 25% 관세가 시행 중인 철강 업계는 상호 관세 부과로 관세가 40~50%에 이르면 수출이 어려워질 것이라는 분위기다.,,indicator=SOURCE | value=SOURCE | unit=SOURCE | time=MISSING | frequency=NOT_APPLICABLE | region=NOT_APPLICABLE | population=NOT_APPLICABLE | dimension=NOT_APPLICABLE | comparison=SOURCE | calculation=SOURCE | condition=NOT_APPLICABLE | source_hint=NOT_APPLICABLE,아니오,0,0,0,HUMAN_REVIEW,CLAIM_PARSE,CONTEXT_REQUIRED,CONTEXT,,CLAIM_SPLIT~CLAIM_PARSE,HUMAN_REVIEW,CONTEXT_REQUIRED,,,,,0,,,
A01180,4,A01180_4,A01180_4,우리 GDP(국내총생산) 성장률 2% 중 90%를 웃도는 1.9%포인트를 수출이 만들어낸 상황에서 한국 경제 성장의 6분의 1쯤을 책임졌던 대미 수출이 직격탄을 맞는 것이다.,,indicator=SOURCE | value=SOURCE | unit=SOURCE | time=MISSING | frequency=NOT_APPLICABLE | region=SOURCE | population=NOT_APPLICABLE | dimension=SOURCE | comparison=SOURCE | calculation=SOURCE | condition=NOT_APPLICABLE | source_hint=NOT_APPLICABLE,아니오,0,0,0,HUMAN_REVIEW,CLAIM_PARSE,CONTEXT_REQUIRED,CONTEXT,,CLAIM_SPLIT~CLAIM_PARSE,HUMAN_REVIEW,CONTEXT_REQUIRED,,,,,0,,,
A01185,19,A01185_19,A01185_19,"10개 경기 지표에는 소매판매액지수, 수출·수입액, 설비투자지수 등이 포함된다.",,indicator=SOURCE | value=SOURCE | unit=SOURCE | time=MISSING | frequency=NOT_APPLICABLE | region=SOURCE | population=NOT_APPLICABLE | dimension=NOT_APPLICABLE | comparison=NOT_APPLICABLE | calculation=SOURCE | condition=NOT_APPLICABLE | source_hint=NOT_APPLICABLE,아니오,0,0,0,HUMAN_REVIEW,CLAIM_PARSE,CONTEXT_REQUIRED,CONTEXT,,CLAIM_SPLIT~CLAIM_PARSE,HUMAN_REVIEW,CONTEXT_REQUIRED,,,,,0,,,
A01186,2,A01186_2,A01186_2,"내수 판매(12만3817대)는 작년 동월 대비 2.9% 늘었지만, 같은 기간 수출(57만9036대)이 2.6% 줄면서 전체 판매가 줄었다.",,indicator=SOURCE | value=SOURCE | unit=SOURCE | time=SOURCE | frequency=SOURCE | region=NOT_APPLICABLE | population=NOT_APPLICABLE | dimension=NOT_APPLICABLE | comparison=SOURCE | calculation=SOURCE | condition=MISSING | source_hint=NOT_APPLICABLE,아니오,0,0,0,HUMAN_REVIEW,CLAIM_PARSE,CONTEXT_REQUIRED,CONTEXT,,CLAIM_SPLIT~CLAIM_PARSE,HUMAN_REVIEW,CONTEXT_REQUIRED,,,,,0,,,
A01188,3,A01188_3,A01188_3,"관세청과 해경청은 정보 입수 직후 해당 선박에 대한 합동 검색 작전을 수립해, 서울세관 및 동해해경청 마약 수사 요원 90명, 세관 마약 탐지견 2팀 등 대규모 합동 검색팀을 구성했다.",,indicator=SOURCE | value=SOURCE | unit=SOURCE | time=MISSING | frequency=NOT_APPLICABLE | region=SOURCE | population=NOT_APPLICABLE | dimension=SOURCE | comparison=NOT_APPLICABLE | calculation=SOURCE | condition=NOT_APPLICABLE | source_hint=SOURCE,아니오,0,0,0,HUMAN_REVIEW,CLAIM_PARSE,CONTEXT_REQUIRED,CONTEXT,,CLAIM_SPLIT~CLAIM_PARSE,HUMAN_REVIEW,CONTEXT_REQUIRED,,,,,0,,,
A01188,7,A01188_7,A01188_7,"관세청 관계자는 “가액은 5000억원, 200만명이 동시 투약이 가능할 정도로 많은 규모”라고 했다.",,indicator=SOURCE | value=SOURCE | unit=SOURCE | time=MISSING | frequency=NOT_APPLICABLE | region=NOT_APPLICABLE | population=NOT_APPLICABLE | dimension=NOT_APPLICABLE | comparison=SOURCE | calculation=SOURCE | condition=NOT_APPLICABLE | source_hint=SOURCE,아니오,0,0,0,HUMAN_REVIEW,CLAIM_PARSE,CONTEXT_REQUIRED,CONTEXT,,CLAIM_SPLIT~CLAIM_PARSE,HUMAN_REVIEW,CONTEXT_REQUIRED,,,,,0,,,
A01190,14,A01190_14,A01190_14,"다만 지출 비중이 높아 소비자들이 가격 변동을 민감하게 느끼는 144품목을 추려서 작성한 생활물가지수는 2.4% 상승하며, 5개월째 전체 물가 상승폭을 넘어섰다.",,indicator=SOURCE | value=SOURCE | unit=SOURCE | time=MISSING | frequency=NOT_APPLICABLE | region=NOT_APPLICABLE | population=NOT_APPLICABLE | dimension=NOT_APPLICABLE | comparison=SOURCE | calculation=SOURCE | condition=SOURCE | source_hint=NOT_APPLICABLE,아니오,0,0,0,HUMAN_REVIEW,CLAIM_PARSE,CONTEXT_REQUIRED,CONTEXT,,CLAIM_SPLIT~CLAIM_PARSE,HUMAN_REVIEW,CONTEXT_REQUIRED,,,,,0,,,
A01191,5,A01191_5,A01191_5,"이번 영남권 산불로 산림 4만8000ha가 불에 탔고, 농가 피해는 경북 지역의 5개 시·군(의성·안동·청송·영양·영덕)에서 주로 발생했다.",,indicator=SOURCE | value=SOURCE | unit=SOURCE | time=MISSING | frequency=NOT_APPLICABLE | region=SOURCE | population=SOURCE | dimension=NOT_APPLICABLE | comparison=SOURCE | calculation=SOURCE | condition=NOT_APPLICABLE | source_hint=NOT_APPLICABLE,아니오,0,0,0,HUMAN_REVIEW,CLAIM_PARSE,CONTEXT_REQUIRED,CONTEXT,,CLAIM_SPLIT~CLAIM_PARSE,HUMAN_REVIEW,CONTEXT_REQUIRED,,,,,0,,,
A01191,6,A01191_6,A01191_6,"경북도에 따르면, 이날 오전 8시 30분 기준 경북에서 과수원 3645ha를 포함해 총 3785ha의 농작물 피해가 발생했다.",,indicator=SOURCE | value=SOURCE | unit=SOURCE | time=MISSING | frequency=NOT_APPLICABLE | region=SOURCE | population=NOT_APPLICABLE | dimension=NOT_APPLICABLE | comparison=SOURCE | calculation=SOURCE | condition=NOT_APPLICABLE | source_hint=SOURCE,아니오,0,0,0,HUMAN_REVIEW,CLAIM_PARSE,CONTEXT_REQUIRED,CONTEXT,,CLAIM_SPLIT~CLAIM_PARSE,HUMAN_REVIEW,CONTEXT_REQUIRED,,,,,0,,,
A01193,5,A01193_5,A01193_5,작년 취업자 수 증가 폭은 국적을 불문하고 국내에서 일한 15세 이상의 취업자를 따져 나온 것이다.,,indicator=SOURCE | value=MISSING | unit=MISSING | time=SOURCE | frequency=SOURCE | region=SOURCE | population=NOT_APPLICABLE | dimension=NOT_APPLICABLE | comparison=NOT_APPLICABLE | calculation=SOURCE | condition=SOURCE | source_hint=NOT_APPLICABLE,아니오,0,0,0,HUMAN_REVIEW,CLAIM_PARSE,CONTEXT_REQUIRED,CONTEXT,,CLAIM_SPLIT~CLAIM_PARSE,HUMAN_REVIEW,CONTEXT_REQUIRED,,,,,0,,,
A01193,8,A01193_8,A01193_8,"둘을 합치면 17만9000명으로, 전체 취업자 증가 규모(15만9000명)를 뛰어넘은 것이다.",,indicator=SOURCE | value=SOURCE | unit=SOURCE | time=MISSING | frequency=NOT_APPLICABLE | region=NOT_APPLICABLE | population=NOT_APPLICABLE | dimension=NOT_APPLICABLE | comparison=SOURCE | calculation=SOURCE | condition=SOURCE | source_hint=NOT_APPLICABLE,아니오,0,0,0,HUMAN_REVIEW,CLAIM_PARSE,CONTEXT_REQUIRED,CONTEXT,,CLAIM_SPLIT~CLAIM_PARSE,HUMAN_REVIEW,CONTEXT_REQUIRED,,,,,0,,,
A01194,6,A01194_6,A01194_6,"정부는 현재 네 품목에 대해 할당관세(관세율 0%)를 적용하고 있고, 배추와 무는 직접 수입도 하고 있다.",,indicator=SOURCE | value=SOURCE | unit=SOURCE | time=MISSING | frequency=NOT_APPLICABLE | region=NOT_APPLICABLE | population=NOT_APPLICABLE | dimension=NOT_APPLICABLE | comparison=NOT_APPLICABLE | calculation=SOURCE | condition=NOT_APPLICABLE | source_hint=NOT_APPLICABLE,아니오,0,0,0,HUMAN_REVIEW,CLAIM_PARSE,CONTEXT_REQUIRED,CONTEXT,,CLAIM_SPLIT~CLAIM_PARSE,HUMAN_REVIEW,CONTEXT_REQUIRED,,,,,0,,,
A01201,10,A01201_10,A01201_10,관세청 관계자는 “적발 가액만 5000억원이고 200만명이 동시에 투약이 가능할 정도로 많은 규모”라고 말했다.,,indicator=SOURCE | value=SOURCE | unit=SOURCE | time=MISSING | frequency=NOT_APPLICABLE | region=NOT_APPLICABLE | population=NOT_APPLICABLE | dimension=NOT_APPLICABLE | comparison=SOURCE | calculation=SOURCE | condition=NOT_APPLICABLE | source_hint=SOURCE,아니오,0,0,0,HUMAN_REVIEW,CLAIM_PARSE,CONTEXT_REQUIRED,CONTEXT,,CLAIM_SPLIT~CLAIM_PARSE,HUMAN_REVIEW,CONTEXT_REQUIRED,,,,,0,,,
A01201,3,A01201_3,A01201_3,이 같은 적발 규모는 관세청 적발 사상 최대 규모다.,,indicator=SOURCE | value=MISSING | unit=MISSING | time=MISSING | frequency=NOT_APPLICABLE | region=NOT_APPLICABLE | population=NOT_APPLICABLE | dimension=NOT_APPLICABLE | comparison=NOT_APPLICABLE | calculation=SOURCE | condition=SOURCE | source_hint=SOURCE,아니오,0,0,0,HUMAN_REVIEW,CLAIM_PARSE,CONTEXT_REQUIRED,CONTEXT,,CLAIM_SPLIT~CLAIM_PARSE,HUMAN_REVIEW,CONTEXT_REQUIRED,,,,,0,,,
A01202,11,A01202_11,A01202_11,"농림축산식품부에 따르면, 이번 산불로 국내 사과 재배 면적의 9%인 3000㏊에서 피해 신고가 들어왔다.",,indicator=SOURCE | value=SOURCE | unit=SOURCE | time=MISSING | frequency=NOT_APPLICABLE | region=SOURCE | population=NOT_APPLICABLE | dimension=SOURCE | comparison=SOURCE | calculation=SOURCE | condition=NOT_APPLICABLE | source_hint=SOURCE,아니오,0,0,0,HUMAN_REVIEW,CLAIM_PARSE,CONTEXT_REQUIRED,CONTEXT,,CLAIM_SPLIT~CLAIM_PARSE,HUMAN_REVIEW,CONTEXT_REQUIRED,,,,,0,,,
A01204,7,A01204_7,A01204_7,작년 9~12월 1%대였던 소비자물가 상승률은 올 들어 석 달 연속 2%대를 보이고 있다.,,indicator=SOURCE | value=SOURCE | unit=SOURCE | time=SOURCE | frequency=SOURCE | region=NOT_APPLICABLE | population=NOT_APPLICABLE | dimension=NOT_APPLICABLE | comparison=SOURCE | calculation=SOURCE | condition=SOURCE | source_hint=NOT_APPLICABLE,예,0,0,0,HUMAN_REVIEW,CLAIM_PARSE,CONTEXT_REQUIRED,CONTEXT,,CLAIM_SPLIT~CLAIM_PARSE,HUMAN_REVIEW,CONTEXT_REQUIRED,,,,,0,,,
A01211,14,A01211_14,A01211_14,수입차 중에선 메르세데스 벤츠가 2세대 완전 변경을 거친 ‘메르세데스-AMG GT’를 국내에 최초 공개했다.,,indicator=SOURCE | value=MISSING | unit=MISSING | time=MISSING | frequency=NOT_APPLICABLE | region=SOURCE | population=NOT_APPLICABLE | dimension=NOT_APPLICABLE | comparison=NOT_APPLICABLE | calculation=SOURCE | condition=NOT_APPLICABLE | source_hint=NOT_APPLICABLE,아니오,0,0,0,HUMAN_REVIEW,CLAIM_PARSE,CONTEXT_REQUIRED,CONTEXT,,CLAIM_SPLIT~CLAIM_PARSE,HUMAN_REVIEW,CONTEXT_REQUIRED,,,,,0,,,
A01253,13,A01253_13,A01253_13,"아직 물가 상승률이 연준의 목표치인 2%에 도달하지 못했는데, 높은 관세 때문에 물가는 높게 유지되면서 경기는 꺾이는 스태그플레이션 위험이 커지고 있기 때문이다.",,indicator=SOURCE | value=SOURCE | unit=SOURCE | time=MISSING | frequency=NOT_APPLICABLE | region=SOURCE | population=NOT_APPLICABLE | dimension=NOT_APPLICABLE | comparison=MISSING | calculation=SOURCE | condition=SOURCE | source_hint=NOT_APPLICABLE,아니오,0,0,0,HUMAN_REVIEW,CLAIM_PARSE,CONTEXT_REQUIRED,CONTEXT,,CLAIM_SPLIT~CLAIM_PARSE,HUMAN_REVIEW,CONTEXT_REQUIRED,,,,,0,,,
A01254,14,A01254_14,A01254_14,"대전이 혼인율 1위 지역으로 올라선 이유로는 머크·SK온·LIG넥스원 등 대기업 유치로 20·30대 청년층 인구가 늘어난 점, 대전시의 최대 500만원 결혼 장려금 일시불 지원 등이 꼽힌다.",,indicator=SOURCE | value=SOURCE | unit=SOURCE | time=MISSING | frequency=NOT_APPLICABLE | region=SOURCE | population=SOURCE | dimension=SOURCE | comparison=SOURCE | calculation=SOURCE | condition=SOURCE | source_hint=NOT_APPLICABLE,아니오,0,0,0,HUMAN_REVIEW,CLAIM_PARSE,CONTEXT_REQUIRED,CONTEXT,,CLAIM_SPLIT~CLAIM_PARSE,HUMAN_REVIEW,CONTEXT_REQUIRED,,,,,0,,,
A01254,40,A01254_40,A01254_40,☞일반 혼인율 인구 1000명당 혼인 건수. 인구수가 다른 지역 간 혼인 추이 비교 등에 쓰인다.,,indicator=SOURCE | value=SOURCE | unit=SOURCE | time=MISSING | frequency=NOT_APPLICABLE | region=NOT_APPLICABLE | population=NOT_APPLICABLE | dimension=NOT_APPLICABLE | comparison=NOT_APPLICABLE | calculation=SOURCE | condition=NOT_APPLICABLE | source_hint=NOT_APPLICABLE,아니오,0,0,0,HUMAN_REVIEW,CLAIM_PARSE,CONTEXT_REQUIRED,CONTEXT,,CLAIM_SPLIT~CLAIM_PARSE,HUMAN_REVIEW,CONTEXT_REQUIRED,,,,,0,,,
A01259,3,A01259_3,A01259_3,"이 자리에서 회사는 “50년간 축적된 세계 1위 비철금속 제련 기업의 역량을 활용해 이차전지 소재 등 미래 사업에 향후 10년간 11조9000억원을 투자하고, 연평균 10% 성장률을 달성하겠다”고 밝혔다.",,indicator=SOURCE | value=SOURCE | unit=SOURCE | time=MISSING | frequency=NOT_APPLICABLE | region=NOT_APPLICABLE | population=NOT_APPLICABLE | dimension=MISSING | comparison=SOURCE | calculation=SOURCE | condition=SOURCE | source_hint=NOT_APPLICABLE,아니오,0,0,0,HUMAN_REVIEW,CLAIM_PARSE,CONTEXT_REQUIRED,CONTEXT,,CLAIM_SPLIT~CLAIM_PARSE,HUMAN_REVIEW,CONTEXT_REQUIRED,,,,,0,,,
A01269,21,A01269_21,A01269_21,"◇수출로 먹고살던 아시아, 관세 전쟁에 피 흘렸다 이날 국내 유가증권 시장에서 외국인은 2조915억원을 순매도했다.",,indicator=SOURCE | value=SOURCE | unit=SOURCE | time=MISSING | frequency=NOT_APPLICABLE | region=SOURCE | population=NOT_APPLICABLE | dimension=NOT_APPLICABLE | comparison=NOT_APPLICABLE | calculation=SOURCE | condition=NOT_APPLICABLE | source_hint=NOT_APPLICABLE,아니오,0,0,0,HUMAN_REVIEW,CLAIM_PARSE,CONTEXT_REQUIRED,CONTEXT,,CLAIM_SPLIT~CLAIM_PARSE,HUMAN_REVIEW,CONTEXT_REQUIRED,,,,,0,,,
A01277,12,A01277_12,A01277_12,권성동 국민의힘 원내대표는 “기존 10조원 규모의 추경 계획을 재검토해서 수출 기업에 대한 지원을 대폭 확대하고 경기 침체에 선제적으로 대응할 내수 진작 예산을 과감히 늘리기를 바란다”며 “국민 안전을 위한 예산도 (추경안에) 반드시 포함해야 한다”고 했다.,,indicator=SOURCE | value=SOURCE | unit=SOURCE | time=MISSING | frequency=NOT_APPLICABLE | region=SOURCE | population=NOT_APPLICABLE | dimension=NOT_APPLICABLE | comparison=NOT_APPLICABLE | calculation=SOURCE | condition=NOT_APPLICABLE | source_hint=NOT_APPLICABLE,아니오,0,0,0,HUMAN_REVIEW,CLAIM_PARSE,CONTEXT_REQUIRED,CONTEXT,,CLAIM_SPLIT~CLAIM_PARSE,HUMAN_REVIEW,CONTEXT_REQUIRED,,,,,0,,,
A01278,9,A01278_9,A01278_9,통합 재정 수지에서 국민연금·고용보험 등 4대 사회 보장성 기금의 흑자를 빼내 실질적인 나라 살림을 보여주는 관리 재정 수지는 104조8000억원 적자로 GDP의 4.1%에 달했다.,,indicator=SOURCE | value=SOURCE | unit=SOURCE | time=MISSING | frequency=NOT_APPLICABLE | region=NOT_APPLICABLE | population=NOT_APPLICABLE | dimension=NOT_APPLICABLE | comparison=SOURCE | calculation=SOURCE | condition=NOT_APPLICABLE | source_hint=NOT_APPLICABLE,아니오,0,0,0,HUMAN_REVIEW,CLAIM_PARSE,CONTEXT_REQUIRED,CONTEXT,,CLAIM_SPLIT~CLAIM_PARSE,HUMAN_REVIEW,CONTEXT_REQUIRED,,,,,0,,,
A01284,21,A01284_21,A01284_21,"수출 시장 확대를 위해 관세 대응 수출 바우처도 2400억원에서 1000억원 확대 편성하고, 무역보험 한도도 최대 2배 확대하기로 했다.",,indicator=SOURCE | value=SOURCE | unit=SOURCE | time=MISSING | frequency=NOT_APPLICABLE | region=NOT_APPLICABLE | population=NOT_APPLICABLE | dimension=NOT_APPLICABLE | comparison=SOURCE | calculation=SOURCE | condition=SOURCE | source_hint=NOT_APPLICABLE,아니오,0,0,0,HUMAN_REVIEW,CLAIM_PARSE,CONTEXT_REQUIRED,CONTEXT,,CLAIM_SPLIT~CLAIM_PARSE,HUMAN_REVIEW,CONTEXT_REQUIRED,,,,,0,,,
A01284,22,A01284_22,A01284_22,무역보험 가입 시 단기 수출 보험료는 60% 할인 적용한다.,,indicator=SOURCE | value=SOURCE | unit=SOURCE | time=MISSING | frequency=NOT_APPLICABLE | region=NOT_APPLICABLE | population=NOT_APPLICABLE | dimension=NOT_APPLICABLE | comparison=NOT_APPLICABLE | calculation=SOURCE | condition=NOT_APPLICABLE | source_hint=NOT_APPLICABLE,아니오,0,0,0,HUMAN_REVIEW,CLAIM_PARSE,CONTEXT_REQUIRED,CONTEXT,,CLAIM_SPLIT~CLAIM_PARSE,HUMAN_REVIEW,CONTEXT_REQUIRED,,,,,0,,,
A01284,7,A01284_7,A01284_7,자동차 부품 수출액도 82억달러에 달한다.,,indicator=SOURCE | value=SOURCE | unit=SOURCE | time=MISSING | frequency=NOT_APPLICABLE | region=NOT_APPLICABLE | population=NOT_APPLICABLE | dimension=SOURCE | comparison=NOT_APPLICABLE | calculation=SOURCE | condition=NOT_APPLICABLE | source_hint=NOT_APPLICABLE,아니오,0,0,0,HUMAN_REVIEW,CLAIM_PARSE,CONTEXT_REQUIRED,CONTEXT,,CLAIM_SPLIT~CLAIM_PARSE,HUMAN_REVIEW,CONTEXT_REQUIRED,,,,,0,,,
A01285,10,A01285_10,A01285_10,청년 경제활동인구 대비 실업자 수를 뜻하는 청년 실업률은 7.5%로 코로나 대유행이 한창이었던 2021년 6월(8.9%) 이후 3년 9개월 이후 최고치를 기록했다.,,indicator=SOURCE | value=SOURCE | unit=SOURCE | time=SOURCE | frequency=SOURCE | region=NOT_APPLICABLE | population=SOURCE | dimension=SOURCE | comparison=SOURCE | calculation=SOURCE | condition=NOT_APPLICABLE | source_hint=NOT_APPLICABLE,예,0,0,0,HUMAN_REVIEW,CLAIM_PARSE,CONTEXT_REQUIRED,CONTEXT,,CLAIM_SPLIT~CLAIM_PARSE,HUMAN_REVIEW,CONTEXT_REQUIRED,,,,,0,,,
A01285,13,A01285_13,A01285_13,"건설업 부진 장기화로 40대와 50대 취업자 수도 각각 4만9000명, 2만6000명 줄었다.",,indicator=SOURCE | value=SOURCE | unit=SOURCE | time=MISSING | frequency=NOT_APPLICABLE | region=NOT_APPLICABLE | population=NOT_APPLICABLE | dimension=SOURCE | comparison=SOURCE | calculation=SOURCE | condition=NOT_APPLICABLE | source_hint=NOT_APPLICABLE,아니오,0,0,0,HUMAN_REVIEW,CLAIM_PARSE,CONTEXT_REQUIRED,CONTEXT,,CLAIM_SPLIT~CLAIM_PARSE,HUMAN_REVIEW,CONTEXT_REQUIRED,,,,,0,,,
A01285,17,A01285_17,A01285_17,특히 청년층 쉬었음 인구는 45만5000명으로 1년새 5만2000명 불었다.,,indicator=SOURCE | value=SOURCE | unit=SOURCE | time=MISSING | frequency=NOT_APPLICABLE | region=NOT_APPLICABLE | population=SOURCE | dimension=SOURCE | comparison=SOURCE | calculation=SOURCE | condition=NOT_APPLICABLE | source_hint=NOT_APPLICABLE,아니오,0,0,0,HUMAN_REVIEW,CLAIM_PARSE,CONTEXT_REQUIRED,CONTEXT,,CLAIM_SPLIT~CLAIM_PARSE,HUMAN_REVIEW,CONTEXT_REQUIRED,,,,,0,,,
A01285,3,A01285_3,A01285_3,인구 감소 효과까지 겹쳐 청년 취업자는 4개월 연속으로 20만명 넘게 감소했다.,,indicator=SOURCE | value=SOURCE | unit=SOURCE | time=MISSING | frequency=NOT_APPLICABLE | region=NOT_APPLICABLE | population=SOURCE | dimension=SOURCE | comparison=SOURCE | calculation=SOURCE | condition=SOURCE | source_hint=NOT_APPLICABLE,아니오,0,0,0,HUMAN_REVIEW,CLAIM_PARSE,CONTEXT_REQUIRED,CONTEXT,,CLAIM_SPLIT~CLAIM_PARSE,HUMAN_REVIEW,CONTEXT_REQUIRED,,,,,0,,,
A01285,5,A01285_5,A01285_5,60대와 30대를 중심으로 취업자가 늘며 올 들어 3개월 연속으로 취업자가 10만명 넘게 늘었다.,,indicator=SOURCE | value=SOURCE | unit=SOURCE | time=MISSING | frequency=NOT_APPLICABLE | region=NOT_APPLICABLE | population=NOT_APPLICABLE | dimension=NOT_APPLICABLE | comparison=SOURCE | calculation=SOURCE | condition=NOT_APPLICABLE | source_hint=NOT_APPLICABLE,아니오,0,0,0,HUMAN_REVIEW,CLAIM_PARSE,CONTEXT_REQUIRED,CONTEXT,,CLAIM_SPLIT~CLAIM_PARSE,HUMAN_REVIEW,CONTEXT_REQUIRED,,,,,0,,,
A01285,8,A01285_8,A01285_8,"제조업과 도소매업에서 취업자 수가 각각 11만2000명, 2만6000명 감소하는 등 청년층 취업자 비중이 높은 분야의 고용이 부진한 영향이 컸다.",,indicator=SOURCE | value=SOURCE | unit=SOURCE | time=MISSING | frequency=NOT_APPLICABLE | region=NOT_APPLICABLE | population=SOURCE | dimension=SOURCE | comparison=SOURCE | calculation=SOURCE | condition=SOURCE | source_hint=NOT_APPLICABLE,아니오,0,0,0,HUMAN_REVIEW,CLAIM_PARSE,CONTEXT_REQUIRED,CONTEXT,,CLAIM_SPLIT~CLAIM_PARSE,HUMAN_REVIEW,CONTEXT_REQUIRED,,,,,0,,,
A01292,4,A01292_4,A01292_4,청년 경제활동인구 대비 실업자 수를 뜻하는 청년 실업률은 7.5%에 달했다.,,indicator=SOURCE | value=SOURCE | unit=SOURCE | time=MISSING | frequency=NOT_APPLICABLE | region=NOT_APPLICABLE | population=SOURCE | dimension=SOURCE | comparison=NOT_APPLICABLE | calculation=SOURCE | condition=NOT_APPLICABLE | source_hint=NOT_APPLICABLE,아니오,0,0,0,HUMAN_REVIEW,CLAIM_PARSE,CONTEXT_REQUIRED,CONTEXT,,CLAIM_SPLIT~CLAIM_PARSE,HUMAN_REVIEW,CONTEXT_REQUIRED,,,,,0,,,
A01292,7,A01292_7,A01292_7,"청년 취업자 비율이 높은 제조업(-11만2000명)과 건설업(-18만5000명), 도·소매업(-2만6000명) 등에서 줄줄이 고용이 줄었다.",,indicator=SOURCE | value=SOURCE | unit=SOURCE | time=MISSING | frequency=NOT_APPLICABLE | region=NOT_APPLICABLE | population=SOURCE | dimension=SOURCE | comparison=SOURCE | calculation=SOURCE | condition=NOT_APPLICABLE | source_hint=NOT_APPLICABLE,아니오,0,0,0,HUMAN_REVIEW,CLAIM_PARSE,CONTEXT_REQUIRED,CONTEXT,,CLAIM_SPLIT~CLAIM_PARSE,HUMAN_REVIEW,CONTEXT_REQUIRED,,,,,0,,,
A01303,8,A01303_8,A01303_8,"주요 품목별로는 반도체(32%)와 승용차(11.9%) 등 핵심 수출 품목의 수출 실적이 크게 늘었고, 자동차 부품 수출(10.5%)도 증가했다.",,indicator=SOURCE | value=SOURCE | unit=SOURCE | time=MISSING | frequency=NOT_APPLICABLE | region=NOT_APPLICABLE | population=NOT_APPLICABLE | dimension=SOURCE | comparison=SOURCE | calculation=SOURCE | condition=SOURCE | source_hint=NOT_APPLICABLE,아니오,0,0,0,HUMAN_REVIEW,CLAIM_PARSE,CONTEXT_REQUIRED,CONTEXT,,CLAIM_SPLIT~CLAIM_PARSE,HUMAN_REVIEW,CONTEXT_REQUIRED,,,,,0,,,
A01303,9,A01303_9,A01303_9,다만 석유제품(-39.%)이나 가전제품(-22.4%) 수출은 줄어들었다.,,indicator=SOURCE | value=SOURCE | unit=SOURCE | time=MISSING | frequency=NOT_APPLICABLE | region=NOT_APPLICABLE | population=NOT_APPLICABLE | dimension=SOURCE | comparison=MISSING | calculation=SOURCE | condition=SOURCE | source_hint=NOT_APPLICABLE,아니오,0,0,0,HUMAN_REVIEW,CLAIM_PARSE,CONTEXT_REQUIRED,CONTEXT,,CLAIM_SPLIT~CLAIM_PARSE,HUMAN_REVIEW,CONTEXT_REQUIRED,,,,,0,,,
A01315,34,A01315_34,A01315_34,하지만 물가를 뜯어보면 휘발유 가격이 6.3% 내리는 등 경기 침체 우려가 고스란히 반영되어 있다.,,indicator=SOURCE | value=SOURCE | unit=SOURCE | time=MISSING | frequency=NOT_APPLICABLE | region=SOURCE | population=NOT_APPLICABLE | dimension=NOT_APPLICABLE | comparison=NOT_APPLICABLE | calculation=SOURCE | condition=NOT_APPLICABLE | source_hint=NOT_APPLICABLE,아니오,0,0,0,HUMAN_REVIEW,CLAIM_PARSE,CONTEXT_REQUIRED,CONTEXT,,CLAIM_SPLIT~CLAIM_PARSE,HUMAN_REVIEW,CONTEXT_REQUIRED,,,,,0,,,
A01316,2,A01316_2,A01316_2,다만 실제 일한 날을 뜻하는 조업일수를 고려한 일평균 수출액은 0.3% 증가하는 데 그쳤다.,,indicator=SOURCE | value=SOURCE | unit=SOURCE | time=MISSING | frequency=NOT_APPLICABLE | region=NOT_APPLICABLE | population=NOT_APPLICABLE | dimension=NOT_APPLICABLE | comparison=MISSING | calculation=SOURCE | condition=SOURCE | source_hint=NOT_APPLICABLE,아니오,0,0,0,HUMAN_REVIEW,CLAIM_PARSE,CONTEXT_REQUIRED,CONTEXT,,CLAIM_SPLIT~CLAIM_PARSE,HUMAN_REVIEW,CONTEXT_REQUIRED,,,,,0,,,
A01319,15,A01319_15,A01319_15,"패키지에는 2조원 규모의 긴급 정책금융 추가 공급, 관세 피해 기업에 대한 조세 부담 완화, 전기차 보조금의 확대 및 기간 연장, 수출 기업 지원 확대 및 투자 환경 개선 등이 포함됐다.",,indicator=SOURCE | value=SOURCE | unit=SOURCE | time=MISSING | frequency=NOT_APPLICABLE | region=NOT_APPLICABLE | population=NOT_APPLICABLE | dimension=NOT_APPLICABLE | comparison=NOT_APPLICABLE | calculation=SOURCE | condition=NOT_APPLICABLE | source_hint=NOT_APPLICABLE,아니오,0,0,0,HUMAN_REVIEW,CLAIM_PARSE,CONTEXT_REQUIRED,CONTEXT,,CLAIM_SPLIT~CLAIM_PARSE,HUMAN_REVIEW,CONTEXT_REQUIRED,,,,,0,,,
A01327,11,A01327_11,A01327_11,"미 무역확장법 232조는 외국산 수입 제품이 국가 안보에 위협이 될 경우, 대통령이 관세 부과 등 긴급하게 조치를 할 수 있는 권한을 부여하고 있다.",,indicator=SOURCE | value=MISSING | unit=MISSING | time=MISSING | frequency=NOT_APPLICABLE | region=NOT_APPLICABLE | population=NOT_APPLICABLE | dimension=NOT_APPLICABLE | comparison=NOT_APPLICABLE | calculation=SOURCE | condition=NOT_APPLICABLE | source_hint=NOT_APPLICABLE,아니오,0,0,0,HUMAN_REVIEW,CLAIM_PARSE,CONTEXT_REQUIRED,CONTEXT,,CLAIM_SPLIT~CLAIM_PARSE,HUMAN_REVIEW,CONTEXT_REQUIRED,,,,,0,,,
A01330,2,A01330_2,A01330_2,트럼프 정부가 수입 철강 제품에 대해 25% 관세를 매기는 것과 관련한 조치 중 하나인 것이란 해석이 나온다.,,indicator=SOURCE | value=SOURCE | unit=SOURCE | time=MISSING | frequency=NOT_APPLICABLE | region=NOT_APPLICABLE | population=NOT_APPLICABLE | dimension=NOT_APPLICABLE | comparison=NOT_APPLICABLE | calculation=SOURCE | condition=NOT_APPLICABLE | source_hint=NOT_APPLICABLE,아니오,0,0,0,HUMAN_REVIEW,CLAIM_PARSE,CONTEXT_REQUIRED,CONTEXT,,CLAIM_SPLIT~CLAIM_PARSE,HUMAN_REVIEW,CONTEXT_REQUIRED,,,,,0,,,
A01333,10,A01333_10,A01333_10,"신한카자흐스탄은행의 손익은 1031억원으로, 최근 2년 동안 연 평균 성장률이 231%였다.",,indicator=SOURCE | value=SOURCE | unit=SOURCE | time=MISSING | frequency=NOT_APPLICABLE | region=NOT_APPLICABLE | population=NOT_APPLICABLE | dimension=NOT_APPLICABLE | comparison=SOURCE | calculation=SOURCE | condition=NOT_APPLICABLE | source_hint=NOT_APPLICABLE,아니오,0,0,0,HUMAN_REVIEW,CLAIM_PARSE,CONTEXT_REQUIRED,CONTEXT,,CLAIM_SPLIT~CLAIM_PARSE,HUMAN_REVIEW,CONTEXT_REQUIRED,,,,,0,,,
A01359,2,A01359_2,A01359_2,"20대 후반(25~29세) 청년으로 좁히면 취업자가 10만명 가까이 줄며, 12년 만에 최대 감소 폭을 보였다.",,indicator=SOURCE | value=SOURCE | unit=SOURCE | time=MISSING | frequency=NOT_APPLICABLE | region=NOT_APPLICABLE | population=SOURCE | dimension=SOURCE | comparison=SOURCE | calculation=SOURCE | condition=SOURCE | source_hint=NOT_APPLICABLE,아니오,0,0,0,HUMAN_REVIEW,CLAIM_PARSE,CONTEXT_REQUIRED,CONTEXT,,CLAIM_SPLIT~CLAIM_PARSE,HUMAN_REVIEW,CONTEXT_REQUIRED,,,,,0,,,
A01367,10,A01367_10,A01367_10,‘유령의 도시’라고까지 불리던 웨스트포인트시의 인구는 기아차 공장 가동 후 80% 증가했다.,,indicator=SOURCE | value=SOURCE | unit=SOURCE | time=MISSING | frequency=NOT_APPLICABLE | region=NOT_APPLICABLE | population=NOT_APPLICABLE | dimension=NOT_APPLICABLE | comparison=MISSING | calculation=SOURCE | condition=SOURCE | source_hint=NOT_APPLICABLE,아니오,0,0,0,HUMAN_REVIEW,CLAIM_PARSE,CONTEXT_REQUIRED,CONTEXT,,CLAIM_SPLIT~CLAIM_PARSE,HUMAN_REVIEW,CONTEXT_REQUIRED,,,,,0,,,
A01374,7,A01374_7,A01374_7,"통상·AI 지원책과 관련해 최 부총리는 “(추경 재원을 활용해) 정책 자금 25조원을 신규로 공급하고, 수출 바우처 지원 기업도 2배 이상 늘리겠다”며 “AI·반도체 등 첨단 산업 관련 인프라·금융 연구·개발(R&D) 등에도 2조원 이상 재정 지원을 확대하겠다”고 했다.",,indicator=SOURCE | value=SOURCE | unit=SOURCE | time=MISSING | frequency=NOT_APPLICABLE | region=NOT_APPLICABLE | population=NOT_APPLICABLE | dimension=SOURCE | comparison=SOURCE | calculation=SOURCE | condition=SOURCE | source_hint=NOT_APPLICABLE,아니오,0,0,0,HUMAN_REVIEW,CLAIM_PARSE,CONTEXT_REQUIRED,CONTEXT,,CLAIM_SPLIT~CLAIM_PARSE,HUMAN_REVIEW,CONTEXT_REQUIRED,,,,,0,,,
A01384,7,A01384_7,A01384_7,정부가 예산을 1원 더 쓰면 국내총생산(GDP)이 0.4~0.5원 늘어난다는 뜻이다.,,indicator=SOURCE | value=SOURCE | unit=SOURCE | time=MISSING | frequency=NOT_APPLICABLE | region=SOURCE | population=NOT_APPLICABLE | dimension=NOT_APPLICABLE | comparison=SOURCE | calculation=SOURCE | condition=SOURCE | source_hint=NOT_APPLICABLE,아니오,0,0,0,HUMAN_REVIEW,CLAIM_PARSE,CONTEXT_REQUIRED,CONTEXT,,CLAIM_SPLIT~CLAIM_PARSE,HUMAN_REVIEW,CONTEXT_REQUIRED,,,,,0,,,
A01385,13,A01385_13,A01385_13,전체어가 인구는 8만7000명에서 8만4000명으로 3.6% 감소했다.,,indicator=SOURCE | value=SOURCE | unit=SOURCE | time=MISSING | frequency=NOT_APPLICABLE | region=NOT_APPLICABLE | population=NOT_APPLICABLE | dimension=NOT_APPLICABLE | comparison=SOURCE | calculation=SOURCE | condition=SOURCE | source_hint=NOT_APPLICABLE,아니오,0,0,0,HUMAN_REVIEW,CLAIM_PARSE,CONTEXT_REQUIRED,CONTEXT,,CLAIM_SPLIT~CLAIM_PARSE,HUMAN_REVIEW,CONTEXT_REQUIRED,,,,,0,,,
A01385,14,A01385_14,A01385_14,다만 같은 기간고령 인구 비율은 48.0%에서 50.9%로 2.9%포인트 증가했다.,,indicator=SOURCE | value=SOURCE | unit=SOURCE | time=MISSING | frequency=NOT_APPLICABLE | region=NOT_APPLICABLE | population=NOT_APPLICABLE | dimension=NOT_APPLICABLE | comparison=SOURCE | calculation=SOURCE | condition=SOURCE | source_hint=NOT_APPLICABLE,아니오,0,0,0,HUMAN_REVIEW,CLAIM_PARSE,CONTEXT_REQUIRED,CONTEXT,,CLAIM_SPLIT~CLAIM_PARSE,HUMAN_REVIEW,CONTEXT_REQUIRED,,,,,0,,,
A01385,16,A01385_16,A01385_16,임가 인구는 20만4000명에서 20만명으로 2.2% 감소했다.,,indicator=SOURCE | value=SOURCE | unit=SOURCE | time=MISSING | frequency=NOT_APPLICABLE | region=NOT_APPLICABLE | population=NOT_APPLICABLE | dimension=NOT_APPLICABLE | comparison=SOURCE | calculation=SOURCE | condition=SOURCE | source_hint=NOT_APPLICABLE,아니오,0,0,0,HUMAN_REVIEW,CLAIM_PARSE,CONTEXT_REQUIRED,CONTEXT,,CLAIM_SPLIT~CLAIM_PARSE,HUMAN_REVIEW,CONTEXT_REQUIRED,,,,,0,,,
A01393,3,A01393_3,A01393_3,지난 3일부터 트럼프 행정부가 모든 수입차에 25% 관세를 부과하는 가운데 현대차가 지난해 제시한 중장기 전략(2030년까지 연간 550만대 판매)의 이행 가능성 등을 따져보겠다는 것이다.,,indicator=SOURCE | value=SOURCE | unit=SOURCE | time=SOURCE | frequency=SOURCE | region=NOT_APPLICABLE | population=NOT_APPLICABLE | dimension=NOT_APPLICABLE | comparison=SOURCE | calculation=SOURCE | condition=NOT_APPLICABLE | source_hint=NOT_APPLICABLE,예,0,0,0,HUMAN_REVIEW,CLAIM_PARSE,CONTEXT_REQUIRED,CONTEXT,,CLAIM_SPLIT~CLAIM_PARSE,HUMAN_REVIEW,CONTEXT_REQUIRED,,,,,0,,,
A01399,11,A01399_11,A01399_11,"수출 기업들이 마케팅이나 컨설팅, 운송 등에 쓸 수 있는 수출바우처도 지원 대상을 3290개사에서 8058개사로 늘리고 관세대응바우처를 신설하기로 했다.",,indicator=SOURCE | value=SOURCE | unit=SOURCE | time=MISSING | frequency=NOT_APPLICABLE | region=NOT_APPLICABLE | population=NOT_APPLICABLE | dimension=NOT_APPLICABLE | comparison=SOURCE | calculation=SOURCE | condition=NOT_APPLICABLE | source_hint=NOT_APPLICABLE,아니오,0,0,0,HUMAN_REVIEW,CLAIM_PARSE,CONTEXT_REQUIRED,CONTEXT,,CLAIM_SPLIT~CLAIM_PARSE,HUMAN_REVIEW,CONTEXT_REQUIRED,,,,,0,,,
A01399,9,A01399_9,A01399_9,"수출입은행과 산업은행, 중소벤처기업진흥공단 등을 통해 수출기업 대상 저리 대출 프로그램을 15조원 추가 공급하고, 관세 피해 보증·보험도 10조2000억원 늘리겠다는 것이다.",,indicator=SOURCE | value=SOURCE | unit=SOURCE | time=MISSING | frequency=NOT_APPLICABLE | region=NOT_APPLICABLE | population=NOT_APPLICABLE | dimension=NOT_APPLICABLE | comparison=SOURCE | calculation=SOURCE | condition=NOT_APPLICABLE | source_hint=NOT_APPLICABLE,아니오,0,0,0,HUMAN_REVIEW,CLAIM_PARSE,CONTEXT_REQUIRED,CONTEXT,,CLAIM_SPLIT~CLAIM_PARSE,HUMAN_REVIEW,CONTEXT_REQUIRED,,,,,0,,,
A01401,15,A01401_15,A01401_15,"국내총생산(GDP) 대비 국가채무비율은 48.1%에서 48.4%로, GDP 대비 재정수지(국민연금 등 사회보장성 기금 흑자분을 제외한 관리재정수지 기준) 적자 비율은 2.8%에서 3.2%로 각각 악화된다.",,indicator=SOURCE | value=SOURCE | unit=SOURCE | time=MISSING | frequency=NOT_APPLICABLE | region=SOURCE | population=NOT_APPLICABLE | dimension=NOT_APPLICABLE | comparison=SOURCE | calculation=SOURCE | condition=NOT_APPLICABLE | source_hint=NOT_APPLICABLE,아니오,0,0,0,HUMAN_REVIEW,CLAIM_PARSE,CONTEXT_REQUIRED,CONTEXT,,CLAIM_SPLIT~CLAIM_PARSE,HUMAN_REVIEW,CONTEXT_REQUIRED,,,,,0,,,
A01402,7,A01402_7,A01402_7,1인당 국민총생산(GDP)이 65달러밖에 안 될 때다.,,indicator=SOURCE | value=SOURCE | unit=SOURCE | time=MISSING | frequency=NOT_APPLICABLE | region=NOT_APPLICABLE | population=NOT_APPLICABLE | dimension=NOT_APPLICABLE | comparison=NOT_APPLICABLE | calculation=SOURCE | condition=NOT_APPLICABLE | source_hint=NOT_APPLICABLE,아니오,0,0,0,HUMAN_REVIEW,CLAIM_PARSE,CONTEXT_REQUIRED,CONTEXT,,CLAIM_SPLIT~CLAIM_PARSE,HUMAN_REVIEW,CONTEXT_REQUIRED,,,,,0,,,
A01409,11,A01409_11,A01409_11,수입 원유가격 기준인 두바이유는 배럴당 66.9달러로 직전 주보다 2.5 상승했다.,,indicator=SOURCE | value=SOURCE | unit=SOURCE | time=MISSING | frequency=NOT_APPLICABLE | region=NOT_APPLICABLE | population=NOT_APPLICABLE | dimension=NOT_APPLICABLE | comparison=NOT_APPLICABLE | calculation=SOURCE | condition=SOURCE | source_hint=NOT_APPLICABLE,아니오,0,0,0,HUMAN_REVIEW,CLAIM_PARSE,CONTEXT_REQUIRED,CONTEXT,,CLAIM_SPLIT~CLAIM_PARSE,HUMAN_REVIEW,CONTEXT_REQUIRED,,,,,0,,,
A01410,5,A01410_5,A01410_5,"주력 상품인 자동차 수출이 11.2% 감소했고, 기타기계류(-50.9%), 건설기계(-29.4%), 철강판(-26.5%) 등 품목의 수출도 줄었다.",,indicator=SOURCE | value=SOURCE | unit=SOURCE | time=MISSING | frequency=NOT_APPLICABLE | region=NOT_APPLICABLE | population=NOT_APPLICABLE | dimension=SOURCE | comparison=SOURCE | calculation=SOURCE | condition=SOURCE | source_hint=NOT_APPLICABLE,아니오,0,0,0,HUMAN_REVIEW,CLAIM_PARSE,CONTEXT_REQUIRED,CONTEXT,,CLAIM_SPLIT~CLAIM_PARSE,HUMAN_REVIEW,CONTEXT_REQUIRED,,,,,0,,,
A01426,13,A01426_13,A01426_13,수입 보험료는 13조185억원으로 1.9% 감소했다.,,indicator=SOURCE | value=SOURCE | unit=SOURCE | time=MISSING | frequency=NOT_APPLICABLE | region=NOT_APPLICABLE | population=NOT_APPLICABLE | dimension=NOT_APPLICABLE | comparison=SOURCE | calculation=SOURCE | condition=SOURCE | source_hint=NOT_APPLICABLE,아니오,0,0,0,HUMAN_REVIEW,CLAIM_PARSE,CONTEXT_REQUIRED,CONTEXT,,CLAIM_SPLIT~CLAIM_PARSE,HUMAN_REVIEW,CONTEXT_REQUIRED,,,,,0,,,
A01435,10,A01435_10,A01435_10,"가전제품(-29.9%), 컴퓨터주변기기(-23.3%), 석유제품(-22%), 선박(-9.1%), 철강제품(-8.7%), 승용차(-6.5%) 등에서 수출이 줄었다.",,indicator=SOURCE | value=SOURCE | unit=SOURCE | time=MISSING | frequency=NOT_APPLICABLE | region=NOT_APPLICABLE | population=NOT_APPLICABLE | dimension=SOURCE | comparison=SOURCE | calculation=SOURCE | condition=MISSING | source_hint=NOT_APPLICABLE,아니오,0,0,0,HUMAN_REVIEW,CLAIM_PARSE,CONTEXT_REQUIRED,CONTEXT,,CLAIM_SPLIT~CLAIM_PARSE,HUMAN_REVIEW,CONTEXT_REQUIRED,,,,,0,,,
A01435,14,A01435_14,A01435_14,"특히 4월 1~10일까지는 대미 수출이 0.6% 감소에 불과했지만, 기간을 늘리자 14.3% 감소로 감소 폭이 급격히 늘었다.",,indicator=SOURCE | value=SOURCE | unit=SOURCE | time=MISSING | frequency=NOT_APPLICABLE | region=NOT_APPLICABLE | population=NOT_APPLICABLE | dimension=SOURCE | comparison=SOURCE | calculation=SOURCE | condition=SOURCE | source_hint=NOT_APPLICABLE,아니오,0,0,0,HUMAN_REVIEW,CLAIM_PARSE,CONTEXT_REQUIRED,CONTEXT,,CLAIM_SPLIT~CLAIM_PARSE,HUMAN_REVIEW,CONTEXT_REQUIRED,,,,,0,,,
A01435,16,A01435_16,A01435_16,"품목별 수입은 반도체장비(+9.8%), 정밀기기(+2.9%) 등에서 증가했고, 원유(-29.5%), 반도체(-2%) 등 수입은 감소했다.",,indicator=SOURCE | value=SOURCE | unit=SOURCE | time=MISSING | frequency=NOT_APPLICABLE | region=NOT_APPLICABLE | population=NOT_APPLICABLE | dimension=SOURCE | comparison=SOURCE | calculation=SOURCE | condition=SOURCE | source_hint=NOT_APPLICABLE,아니오,0,0,0,HUMAN_REVIEW,CLAIM_PARSE,CONTEXT_REQUIRED,CONTEXT,,CLAIM_SPLIT~CLAIM_PARSE,HUMAN_REVIEW,CONTEXT_REQUIRED,,,,,0,,,
A01435,2,A01435_2,A01435_2,같은 기간 대미 수출은 1년 전보다 14.3% 급감했다.,,indicator=SOURCE | value=SOURCE | unit=SOURCE | time=MISSING | frequency=NOT_APPLICABLE | region=NOT_APPLICABLE | population=NOT_APPLICABLE | dimension=SOURCE | comparison=SOURCE | calculation=SOURCE | condition=MISSING | source_hint=NOT_APPLICABLE,아니오,0,0,0,HUMAN_REVIEW,CLAIM_PARSE,CONTEXT_REQUIRED,CONTEXT,,CLAIM_SPLIT~CLAIM_PARSE,HUMAN_REVIEW,CONTEXT_REQUIRED,,,,,0,,,
A01435,4,A01435_4,A01435_4,조업일수를 고려한 일 평균 수출액도 5.2% 가량 감소했다.,,indicator=SOURCE | value=SOURCE | unit=SOURCE | time=MISSING | frequency=NOT_APPLICABLE | region=NOT_APPLICABLE | population=NOT_APPLICABLE | dimension=NOT_APPLICABLE | comparison=MISSING | calculation=SOURCE | condition=SOURCE | source_hint=NOT_APPLICABLE,아니오,0,0,0,HUMAN_REVIEW,CLAIM_PARSE,CONTEXT_REQUIRED,CONTEXT,,CLAIM_SPLIT~CLAIM_PARSE,HUMAN_REVIEW,CONTEXT_REQUIRED,,,,,0,,,
A01435,7,A01435_7,A01435_7,수출액이 수입액을 밑돌면서 이 기간 무역 수지는 1억 달러 적자를 기록했다.,,indicator=SOURCE | value=SOURCE | unit=SOURCE | time=MISSING | frequency=NOT_APPLICABLE | region=NOT_APPLICABLE | population=NOT_APPLICABLE | dimension=NOT_APPLICABLE | comparison=NOT_APPLICABLE | calculation=SOURCE | condition=SOURCE | source_hint=NOT_APPLICABLE,아니오,0,0,0,HUMAN_REVIEW,CLAIM_PARSE,CONTEXT_REQUIRED,CONTEXT,,CLAIM_SPLIT~CLAIM_PARSE,HUMAN_REVIEW,CONTEXT_REQUIRED,,,,,0,,,
A01435,9,A01435_9,A01435_9,품목별로 보면 주요 수출 품목인 반도체(+10.7%)를 제외한 주요 품목들의 수출이 모두 감소했다.,,indicator=SOURCE | value=SOURCE | unit=SOURCE | time=MISSING | frequency=NOT_APPLICABLE | region=NOT_APPLICABLE | population=NOT_APPLICABLE | dimension=SOURCE | comparison=MISSING | calculation=SOURCE | condition=SOURCE | source_hint=NOT_APPLICABLE,아니오,0,0,0,HUMAN_REVIEW,CLAIM_PARSE,CONTEXT_REQUIRED,CONTEXT,,CLAIM_SPLIT~CLAIM_PARSE,HUMAN_REVIEW,CONTEXT_REQUIRED,,,,,0,,,
A01436,7,A01436_7,A01436_7,"이 밖에 트렌비와 발란이 온라인 쇼핑몰에서 제조자, 제조국, 수입자 등 상품 판매 정보를 빠뜨린 것에 대해 공정위는 금지 명령과 과태료 100만원씩의 제재를 내렸다.",,indicator=SOURCE | value=SOURCE | unit=SOURCE | time=MISSING | frequency=NOT_APPLICABLE | region=NOT_APPLICABLE | population=NOT_APPLICABLE | dimension=NOT_APPLICABLE | comparison=NOT_APPLICABLE | calculation=SOURCE | condition=NOT_APPLICABLE | source_hint=NOT_APPLICABLE,아니오,0,0,0,HUMAN_REVIEW,CLAIM_PARSE,CONTEXT_REQUIRED,CONTEXT,,CLAIM_SPLIT~CLAIM_PARSE,HUMAN_REVIEW,CONTEXT_REQUIRED,,,,,0,,,
A01438,1,A01438_1,A01438_1,한국의 성장률이 사상 처음으로 4개 분기 연속으로 0.1% 이하의 ‘제로(0) 성장’을 기록할 것이라는 우려가 커지고 있다.,,indicator=SOURCE | value=SOURCE | unit=SOURCE | time=MISSING | frequency=NOT_APPLICABLE | region=SOURCE | population=NOT_APPLICABLE | dimension=NOT_APPLICABLE | comparison=SOURCE | calculation=SOURCE | condition=SOURCE | source_hint=NOT_APPLICABLE,아니오,0,0,0,HUMAN_REVIEW,CLAIM_PARSE,CONTEXT_REQUIRED,CONTEXT,,CLAIM_SPLIT~CLAIM_PARSE,HUMAN_REVIEW,CONTEXT_REQUIRED,,,,,0,,,
A01438,3,A01438_3,A01438_3,성장률이 4개 분기 연속으로 0.1% 이하를 기록한 것은 과거 대형 경제 위기 때도 없던 일이다.,,indicator=SOURCE | value=SOURCE | unit=SOURCE | time=MISSING | frequency=NOT_APPLICABLE | region=NOT_APPLICABLE | population=NOT_APPLICABLE | dimension=NOT_APPLICABLE | comparison=SOURCE | calculation=SOURCE | condition=SOURCE | source_hint=NOT_APPLICABLE,아니오,0,0,0,HUMAN_REVIEW,CLAIM_PARSE,CONTEXT_REQUIRED,CONTEXT,,CLAIM_SPLIT~CLAIM_PARSE,HUMAN_REVIEW,CONTEXT_REQUIRED,,,,,0,,,
A01455,1,A01455_1,A01455_1,이달 1~20일 대미(對美) 수출이 14.3% 급감했다.,,indicator=SOURCE | value=SOURCE | unit=SOURCE | time=MISSING | frequency=NOT_APPLICABLE | region=NOT_APPLICABLE | population=NOT_APPLICABLE | dimension=SOURCE | comparison=NOT_APPLICABLE | calculation=SOURCE | condition=NOT_APPLICABLE | source_hint=NOT_APPLICABLE,아니오,0,0,0,HUMAN_REVIEW,CLAIM_PARSE,CONTEXT_REQUIRED,CONTEXT,,CLAIM_SPLIT~CLAIM_PARSE,HUMAN_REVIEW,CONTEXT_REQUIRED,,,,,0,,,
A01478,16,A01478_16,A01478_16,합계출산율은 여성 1명이 가임 기간(15~49세)에 낳을 것으로 기대되는 평균 출생아 수를 말한다.,,indicator=SOURCE | value=SOURCE | unit=SOURCE | time=MISSING | frequency=NOT_APPLICABLE | region=NOT_APPLICABLE | population=NOT_APPLICABLE | dimension=SOURCE | comparison=NOT_APPLICABLE | calculation=SOURCE | condition=NOT_APPLICABLE | source_hint=NOT_APPLICABLE,아니오,0,0,0,HUMAN_REVIEW,CLAIM_PARSE,CONTEXT_REQUIRED,CONTEXT,,CLAIM_SPLIT~CLAIM_PARSE,HUMAN_REVIEW,CONTEXT_REQUIRED,,,,,0,,,
A01478,17,A01478_17,A01478_17,통계청 관계자는 “코로나 이후 혼인 건수가 증가하면서 출생아 수 증가세도 이어지고 있다”며 “주된 출산 연령층에 해당하는 30대 초반 여성 인구가 증가한 부분과 출산에 대한 인식이 긍정적으로 변화하고 있는 부분도 영향을 미쳤다”고 했다.,,indicator=SOURCE | value=SOURCE | unit=SOURCE | time=MISSING | frequency=NOT_APPLICABLE | region=NOT_APPLICABLE | population=NOT_APPLICABLE | dimension=SOURCE | comparison=NOT_APPLICABLE | calculation=SOURCE | condition=SOURCE | source_hint=SOURCE,아니오,0,0,0,HUMAN_REVIEW,CLAIM_PARSE,CONTEXT_REQUIRED,CONTEXT,,CLAIM_SPLIT~CLAIM_PARSE,HUMAN_REVIEW,CONTEXT_REQUIRED,,,,,0,,,
A01480,1,A01480_1,A01480_1,한국의 성장률이 사상 처음으로 4개 분기 연속으로 0.1% 밑으로 떨어진 ‘저성장 쇼크’가 현실로 나타났다.,,indicator=SOURCE | value=SOURCE | unit=SOURCE | time=MISSING | frequency=NOT_APPLICABLE | region=SOURCE | population=NOT_APPLICABLE | dimension=NOT_APPLICABLE | comparison=SOURCE | calculation=SOURCE | condition=SOURCE | source_hint=NOT_APPLICABLE,아니오,0,0,0,HUMAN_REVIEW,CLAIM_PARSE,CONTEXT_REQUIRED,CONTEXT,,CLAIM_SPLIT~CLAIM_PARSE,HUMAN_REVIEW,CONTEXT_REQUIRED,,,,,0,,,
A01480,11,A01480_11,A01480_11,"의료·오락문화 부문 소비가 부진하면서 민간소비가 전 분기보다 0.1% 감소했고, 건설투자도 건물 건설을 중심으로 3.2% 줄었다.",,indicator=SOURCE | value=SOURCE | unit=SOURCE | time=MISSING | frequency=NOT_APPLICABLE | region=NOT_APPLICABLE | population=NOT_APPLICABLE | dimension=NOT_APPLICABLE | comparison=SOURCE | calculation=SOURCE | condition=SOURCE | source_hint=NOT_APPLICABLE,아니오,0,0,0,HUMAN_REVIEW,CLAIM_PARSE,CONTEXT_REQUIRED,CONTEXT,,CLAIM_SPLIT~CLAIM_PARSE,HUMAN_REVIEW,CONTEXT_REQUIRED,,,,,0,,,
A01480,3,A01480_3,A01480_3,성장률이 4개 분기 연속으로 0.1% 이하를 기록한 것은 과거 대형 경제 위기 때도 없었다.,,indicator=SOURCE | value=SOURCE | unit=SOURCE | time=MISSING | frequency=NOT_APPLICABLE | region=NOT_APPLICABLE | population=NOT_APPLICABLE | dimension=NOT_APPLICABLE | comparison=SOURCE | calculation=SOURCE | condition=SOURCE | source_hint=NOT_APPLICABLE,아니오,0,0,0,HUMAN_REVIEW,CLAIM_PARSE,CONTEXT_REQUIRED,CONTEXT,,CLAIM_SPLIT~CLAIM_PARSE,HUMAN_REVIEW,CONTEXT_REQUIRED,,,,,0,,,
A01482,7,A01482_7,A01482_7,다만 KDI는 “앞으로 기대 수명 증가세가 둔화되고 자산을 축적한 75세 이상 초고령층 인구 비율은 늘면서 소비 성향이 2030년대 중반부터 다시 올라갈 것”으로 봤다.,,indicator=SOURCE | value=MISSING | unit=MISSING | time=SOURCE | frequency=SOURCE | region=NOT_APPLICABLE | population=NOT_APPLICABLE | dimension=NOT_APPLICABLE | comparison=NOT_APPLICABLE | calculation=SOURCE | condition=SOURCE | source_hint=NOT_APPLICABLE,아니오,0,0,0,HUMAN_REVIEW,CLAIM_PARSE,CONTEXT_REQUIRED,CONTEXT,,CLAIM_SPLIT~CLAIM_PARSE,HUMAN_REVIEW,CONTEXT_REQUIRED,,,,,0,,,
A01489,7,A01489_7,A01489_7,특히 이 기간 대미 수출액이 61억8200만달러로 1년 전보다 14.3% 급감했다.,,indicator=SOURCE | value=SOURCE | unit=SOURCE | time=MISSING | frequency=NOT_APPLICABLE | region=NOT_APPLICABLE | population=NOT_APPLICABLE | dimension=SOURCE | comparison=SOURCE | calculation=SOURCE | condition=MISSING | source_hint=NOT_APPLICABLE,아니오,0,0,0,HUMAN_REVIEW,CLAIM_PARSE,CONTEXT_REQUIRED,CONTEXT,,CLAIM_SPLIT~CLAIM_PARSE,HUMAN_REVIEW,CONTEXT_REQUIRED,,,,,0,,,
A01492,5,A01492_5,A01492_5,"“한국에서 수입하는 알루미늄, 철강, 자동차에 25% 세율의 품목별 관세가 붙었다.",,indicator=SOURCE | value=SOURCE | unit=SOURCE | time=MISSING | frequency=NOT_APPLICABLE | region=SOURCE | population=NOT_APPLICABLE | dimension=SOURCE | comparison=NOT_APPLICABLE | calculation=SOURCE | condition=NOT_APPLICABLE | source_hint=NOT_APPLICABLE,아니오,0,0,0,HUMAN_REVIEW,CLAIM_PARSE,CONTEXT_REQUIRED,CONTEXT,,CLAIM_SPLIT~CLAIM_PARSE,HUMAN_REVIEW,CONTEXT_REQUIRED,,,,,0,,,
A01513,3,A01513_3,A01513_3,현대그린푸드는 2022년부터 62개 농가의 청년 농업인을 지원했다.,,indicator=SOURCE | value=SOURCE | unit=SOURCE | time=SOURCE | frequency=SOURCE | region=NOT_APPLICABLE | population=SOURCE | dimension=SOURCE | comparison=NOT_APPLICABLE | calculation=SOURCE | condition=NOT_APPLICABLE | source_hint=NOT_APPLICABLE,예,0,0,0,HUMAN_REVIEW,CLAIM_PARSE,CONTEXT_REQUIRED,CONTEXT,,CLAIM_SPLIT~CLAIM_PARSE,HUMAN_REVIEW,CONTEXT_REQUIRED,,,,,0,,,
A01539,11,A01539_11,A01539_11,"한국이 1인당 GDP 2만달러로 진입할 때는 반도체, 3만달러로 진입할 때는 자동차·화학·정유라는 버팀목이 든든했다.",,indicator=SOURCE | value=SOURCE | unit=SOURCE | time=MISSING | frequency=NOT_APPLICABLE | region=SOURCE | population=NOT_APPLICABLE | dimension=SOURCE | comparison=SOURCE | calculation=SOURCE | condition=NOT_APPLICABLE | source_hint=NOT_APPLICABLE,아니오,0,0,0,HUMAN_REVIEW,CLAIM_PARSE,CONTEXT_REQUIRED,CONTEXT,,CLAIM_SPLIT~CLAIM_PARSE,HUMAN_REVIEW,CONTEXT_REQUIRED,,,,,0,,,
A01539,14,A01539_14,A01539_14,1만달러를 돌파한 1994년엔 저금리·저유가·저달러 3저(低) 호황이 뒷받침된 수출 입국 정신과 1988년 서울올림픽의 성공적인 개최를 바탕으로 한 자신감이 자리 잡고 있었다.,,indicator=SOURCE | value=SOURCE | unit=SOURCE | time=MISSING | frequency=NOT_APPLICABLE | region=SOURCE | population=NOT_APPLICABLE | dimension=NOT_APPLICABLE | comparison=NOT_APPLICABLE | calculation=SOURCE | condition=SOURCE | source_hint=NOT_APPLICABLE,아니오,0,0,0,HUMAN_REVIEW,CLAIM_PARSE,CONTEXT_REQUIRED,CONTEXT,,CLAIM_SPLIT~CLAIM_PARSE,HUMAN_REVIEW,CONTEXT_REQUIRED,,,,,0,,,
A01539,18,A01539_18,A01539_18,한국 경제는 1인당 GDP 2만달러에서 3만달러까지 연평균 4% 가까운 성장을 거듭해 9년 만에 달성했다.,,indicator=SOURCE | value=SOURCE | unit=SOURCE | time=MISSING | frequency=NOT_APPLICABLE | region=SOURCE | population=NOT_APPLICABLE | dimension=NOT_APPLICABLE | comparison=SOURCE | calculation=SOURCE | condition=NOT_APPLICABLE | source_hint=NOT_APPLICABLE,아니오,0,0,0,HUMAN_REVIEW,CLAIM_PARSE,CONTEXT_REQUIRED,CONTEXT,,CLAIM_SPLIT~CLAIM_PARSE,HUMAN_REVIEW,CONTEXT_REQUIRED,,,,,0,,,
A01539,9,A01539_9,A01539_9,한국 경제의 기초 체력이 떨어진 것을 반영해 지난 6개월 동안 달러화에 대한 원화 환율은 125원(9.4%) 올라 달러화로 표시되는 GDP 자체를 갉아먹었다.,,indicator=SOURCE | value=SOURCE | unit=SOURCE | time=MISSING | frequency=NOT_APPLICABLE | region=SOURCE | population=NOT_APPLICABLE | dimension=NOT_APPLICABLE | comparison=SOURCE | calculation=SOURCE | condition=SOURCE | source_hint=NOT_APPLICABLE,아니오,0,0,0,HUMAN_REVIEW,CLAIM_PARSE,CONTEXT_REQUIRED,CONTEXT,,CLAIM_SPLIT~CLAIM_PARSE,HUMAN_REVIEW,CONTEXT_REQUIRED,,,,,0,,,
A01543,22,A01543_22,A01543_22,젊은 유동 인구가 많은 상권인 서울 홍대입구 인근에는 무인점포 중 사진관 비율이 52%였다.,,indicator=SOURCE | value=SOURCE | unit=SOURCE | time=MISSING | frequency=NOT_APPLICABLE | region=SOURCE | population=NOT_APPLICABLE | dimension=NOT_APPLICABLE | comparison=SOURCE | calculation=SOURCE | condition=NOT_APPLICABLE | source_hint=NOT_APPLICABLE,아니오,0,0,0,HUMAN_REVIEW,CLAIM_PARSE,CONTEXT_REQUIRED,CONTEXT,,CLAIM_SPLIT~CLAIM_PARSE,HUMAN_REVIEW,CONTEXT_REQUIRED,,,,,0,,,
A01555,9,A01555_9,A01555_9,하지만 수출은 소폭(1.8%) 늘어난 데 반해 수입액이 41.3%나 급증하면서 GPD를 끌어내리는 데 가장 큰 요인이 됐다.,,indicator=SOURCE | value=SOURCE | unit=SOURCE | time=MISSING | frequency=NOT_APPLICABLE | region=NOT_APPLICABLE | population=NOT_APPLICABLE | dimension=NOT_APPLICABLE | comparison=SOURCE | calculation=SOURCE | condition=SOURCE | source_hint=NOT_APPLICABLE,아니오,0,0,0,HUMAN_REVIEW,CLAIM_PARSE,CONTEXT_REQUIRED,CONTEXT,,CLAIM_SPLIT~CLAIM_PARSE,HUMAN_REVIEW,CONTEXT_REQUIRED,,,,,0,,,
A01589,2,A01589_2,A01589_2,2%는 한국은행이 제시한 물가 상승률 목표치다.,,indicator=SOURCE | value=SOURCE | unit=SOURCE | time=MISSING | frequency=NOT_APPLICABLE | region=SOURCE | population=NOT_APPLICABLE | dimension=NOT_APPLICABLE | comparison=MISSING | calculation=SOURCE | condition=SOURCE | source_hint=SOURCE,아니오,0,0,0,HUMAN_REVIEW,CLAIM_PARSE,CONTEXT_REQUIRED,CONTEXT,,CLAIM_SPLIT~CLAIM_PARSE,HUMAN_REVIEW,CONTEXT_REQUIRED,,,,,0,,,
A01629,4,A01629_4,A01629_4,"같은 달 전체 소비자 물가 상승률은 한국은행의 물가 안정 목표치(2%)를 조금 웃도는 2.1%에 그친 반면, 가공식품 물가 상승률은 거의 두 배 수준으로 치솟은 것이다.",,indicator=SOURCE | value=SOURCE | unit=SOURCE | time=MISSING | frequency=NOT_APPLICABLE | region=SOURCE | population=NOT_APPLICABLE | dimension=NOT_APPLICABLE | comparison=SOURCE | calculation=SOURCE | condition=SOURCE | source_hint=SOURCE,아니오,0,0,0,HUMAN_REVIEW,CLAIM_PARSE,CONTEXT_REQUIRED,CONTEXT,,CLAIM_SPLIT~CLAIM_PARSE,HUMAN_REVIEW,CONTEXT_REQUIRED,,,,,0,,,
A01641,10,A01641_10,A01641_10,"예정처는 개정안을 시행하면 직장인들이 내는 근로소득세 수입은 5년간 평균 3조1060억원씩 줄어들고, 자영업자나 투잡·스리잡 근로자가 내는 종합소득세 수입은 2조1871억원씩 줄어들 것으로 추산했다.",,indicator=SOURCE | value=SOURCE | unit=SOURCE | time=MISSING | frequency=NOT_APPLICABLE | region=NOT_APPLICABLE | population=NOT_APPLICABLE | dimension=NOT_APPLICABLE | comparison=SOURCE | calculation=SOURCE | condition=SOURCE | source_hint=NOT_APPLICABLE,아니오,0,0,0,HUMAN_REVIEW,CLAIM_PARSE,CONTEXT_REQUIRED,CONTEXT,,CLAIM_SPLIT~CLAIM_PARSE,HUMAN_REVIEW,CONTEXT_REQUIRED,,,,,0,,,
A01641,12,A01641_12,A01641_12,"둘을 합하면 2543만4000명으로, 전체 인구의 절반에 이른다.",,indicator=SOURCE | value=SOURCE | unit=SOURCE | time=MISSING | frequency=NOT_APPLICABLE | region=NOT_APPLICABLE | population=NOT_APPLICABLE | dimension=NOT_APPLICABLE | comparison=NOT_APPLICABLE | calculation=SOURCE | condition=NOT_APPLICABLE | source_hint=NOT_APPLICABLE,아니오,0,0,0,HUMAN_REVIEW,CLAIM_PARSE,CONTEXT_REQUIRED,CONTEXT,,CLAIM_SPLIT~CLAIM_PARSE,HUMAN_REVIEW,CONTEXT_REQUIRED,,,,,0,,,
A01641,4,A01641_4,A01641_4,국회예산정책처(예정처)는 기본 공제를 200만원으로 늘릴 경우 소득세 세수(세금 수입)가 내년부터 5년간 26조4657억원 감소할 것으로 추산했다.,,indicator=SOURCE | value=SOURCE | unit=SOURCE | time=MISSING | frequency=NOT_APPLICABLE | region=NOT_APPLICABLE | population=NOT_APPLICABLE | dimension=NOT_APPLICABLE | comparison=SOURCE | calculation=SOURCE | condition=SOURCE | source_hint=NOT_APPLICABLE,아니오,0,0,0,HUMAN_REVIEW,CLAIM_PARSE,CONTEXT_REQUIRED,CONTEXT,,CLAIM_SPLIT~CLAIM_PARSE,HUMAN_REVIEW,CONTEXT_REQUIRED,,,,,0,,,
A01664,14,A01664_14,A01664_14,"이 후보는 또 “일하는 ... 기본소득 또 꺼낸 李 ""농어촌에 月20만원씩"" 이재명 더불어민주당 대선 후보가 7일 전북·충남 유세에서 “재량 예산을 늘려서 지역 화폐를 대량 발행하고 농어촌 기본소득을 지급하면 농촌 인구가... 박순찬 기자 한국을 대표하는 삼성, SK, 현대차, LG 등 국내 주요 기업들을 담당합니다.",,indicator=SOURCE | value=SOURCE | unit=SOURCE | time=MISSING | frequency=NOT_APPLICABLE | region=SOURCE | population=NOT_APPLICABLE | dimension=NOT_APPLICABLE | comparison=NOT_APPLICABLE | calculation=SOURCE | condition=NOT_APPLICABLE | source_hint=NOT_APPLICABLE,아니오,0,0,0,HUMAN_REVIEW,CLAIM_PARSE,CONTEXT_REQUIRED,CONTEXT,,CLAIM_SPLIT~CLAIM_PARSE,HUMAN_REVIEW,CONTEXT_REQUIRED,,,,,0,,,
A01673,10,A01673_10,A01673_10,비관적 시나리오만 놓고 비교하면 성장률이 0% 이하로 떨어지는 시기가 9년가량 앞당겨진 것이다.,,indicator=SOURCE | value=SOURCE | unit=SOURCE | time=MISSING | frequency=NOT_APPLICABLE | region=NOT_APPLICABLE | population=NOT_APPLICABLE | dimension=NOT_APPLICABLE | comparison=NOT_APPLICABLE | calculation=SOURCE | condition=SOURCE | source_hint=NOT_APPLICABLE,아니오,0,0,0,HUMAN_REVIEW,CLAIM_PARSE,CONTEXT_REQUIRED,CONTEXT,,CLAIM_SPLIT~CLAIM_PARSE,HUMAN_REVIEW,CONTEXT_REQUIRED,,,,,0,,,
A01679,11,A01679_11,A01679_11,앞서 산업통상자원부는 경상수지를 좌우하는 무역수지 흑자가 4월에 48억8000만달러로 3월(49억8000만달러)보다 소폭 줄었다고 밝힌 바 있다.,,indicator=SOURCE | value=SOURCE | unit=SOURCE | time=MISSING | frequency=NOT_APPLICABLE | region=NOT_APPLICABLE | population=NOT_APPLICABLE | dimension=NOT_APPLICABLE | comparison=SOURCE | calculation=SOURCE | condition=NOT_APPLICABLE | source_hint=SOURCE,아니오,0,0,0,HUMAN_REVIEW,CLAIM_PARSE,CONTEXT_REQUIRED,CONTEXT,,CLAIM_SPLIT~CLAIM_PARSE,HUMAN_REVIEW,CONTEXT_REQUIRED,,,,,0,,,
A01679,7,A01679_7,A01679_7,반도체 수출이 1개월 만에 반등하고 컴퓨터 수출도 늘면서 수출(593억1000만달러)은 1년 전보다 2.2% 증가했다.,,indicator=SOURCE | value=SOURCE | unit=SOURCE | time=MISSING | frequency=NOT_APPLICABLE | region=NOT_APPLICABLE | population=NOT_APPLICABLE | dimension=SOURCE | comparison=SOURCE | calculation=SOURCE | condition=SOURCE | source_hint=NOT_APPLICABLE,아니오,0,0,0,HUMAN_REVIEW,CLAIM_PARSE,CONTEXT_REQUIRED,CONTEXT,,CLAIM_SPLIT~CLAIM_PARSE,HUMAN_REVIEW,CONTEXT_REQUIRED,,,,,0,,,
A01679,8,A01679_8,A01679_8,수입(508억2000만달러)은 2.3% 증가했다.,,indicator=SOURCE | value=SOURCE | unit=SOURCE | time=MISSING | frequency=NOT_APPLICABLE | region=NOT_APPLICABLE | population=NOT_APPLICABLE | dimension=NOT_APPLICABLE | comparison=SOURCE | calculation=SOURCE | condition=SOURCE | source_hint=NOT_APPLICABLE,아니오,0,0,0,HUMAN_REVIEW,CLAIM_PARSE,CONTEXT_REQUIRED,CONTEXT,,CLAIM_SPLIT~CLAIM_PARSE,HUMAN_REVIEW,CONTEXT_REQUIRED,,,,,0,,,
A01679,9,A01679_9,A01679_9,"에너지 가격 하락으로 석탄(-34.6%), 석유제품(-15.1%) 등 원자재 수입은 줄었지만, 반도체 제조 장비(85.1%) 등 자본재 수입이 증가했다.",,indicator=SOURCE | value=SOURCE | unit=SOURCE | time=MISSING | frequency=NOT_APPLICABLE | region=NOT_APPLICABLE | population=NOT_APPLICABLE | dimension=SOURCE | comparison=SOURCE | calculation=SOURCE | condition=SOURCE | source_hint=NOT_APPLICABLE,아니오,0,0,0,HUMAN_REVIEW,CLAIM_PARSE,CONTEXT_REQUIRED,CONTEXT,,CLAIM_SPLIT~CLAIM_PARSE,HUMAN_REVIEW,CONTEXT_REQUIRED,,,,,0,,,
A01683,7,A01683_7,A01683_7,4월 생산자물가지수(PPI)는 작년 동월보다 2.7% 떨어지며 31개월 연속 하락세를 면치 못했다.,,indicator=SOURCE | value=SOURCE | unit=SOURCE | time=SOURCE | frequency=SOURCE | region=NOT_APPLICABLE | population=NOT_APPLICABLE | dimension=NOT_APPLICABLE | comparison=SOURCE | calculation=SOURCE | condition=SOURCE | source_hint=NOT_APPLICABLE,예,0,0,0,HUMAN_REVIEW,CLAIM_PARSE,CONTEXT_REQUIRED,CONTEXT,,CLAIM_SPLIT~CLAIM_PARSE,HUMAN_REVIEW,CONTEXT_REQUIRED,,,,,0,,,
A01708,13,A01708_13,A01708_13,"원유, 가스, 석탄 등 에너지 수입액은 13.7% 감소했다.",,indicator=SOURCE | value=SOURCE | unit=SOURCE | time=MISSING | frequency=NOT_APPLICABLE | region=NOT_APPLICABLE | population=NOT_APPLICABLE | dimension=NOT_APPLICABLE | comparison=MISSING | calculation=SOURCE | condition=SOURCE | source_hint=NOT_APPLICABLE,아니오,0,0,0,HUMAN_REVIEW,CLAIM_PARSE,CONTEXT_REQUIRED,CONTEXT,,CLAIM_SPLIT~CLAIM_PARSE,HUMAN_REVIEW,CONTEXT_REQUIRED,,,,,0,,,
A01708,15,A01708_15,A01708_15,수입액이 수출액을 웃돌면서 무역수지는 17억 달러 적자를 기록했다.,,indicator=SOURCE | value=SOURCE | unit=SOURCE | time=MISSING | frequency=NOT_APPLICABLE | region=NOT_APPLICABLE | population=NOT_APPLICABLE | dimension=NOT_APPLICABLE | comparison=NOT_APPLICABLE | calculation=SOURCE | condition=SOURCE | source_hint=NOT_APPLICABLE,아니오,0,0,0,HUMAN_REVIEW,CLAIM_PARSE,CONTEXT_REQUIRED,CONTEXT,,CLAIM_SPLIT~CLAIM_PARSE,HUMAN_REVIEW,CONTEXT_REQUIRED,,,,,0,,,
A01708,4,A01708_4,A01708_4,조업일수를 고려한 일평균 수출액은 25억7000만달러로 1.0% 감소했다.,,indicator=SOURCE | value=SOURCE | unit=SOURCE | time=MISSING | frequency=NOT_APPLICABLE | region=NOT_APPLICABLE | population=NOT_APPLICABLE | dimension=NOT_APPLICABLE | comparison=SOURCE | calculation=SOURCE | condition=SOURCE | source_hint=NOT_APPLICABLE,아니오,0,0,0,HUMAN_REVIEW,CLAIM_PARSE,CONTEXT_REQUIRED,CONTEXT,,CLAIM_SPLIT~CLAIM_PARSE,HUMAN_REVIEW,CONTEXT_REQUIRED,,,,,0,,,
A01708,7,A01708_7,A01708_7,"그러나 승용차는 23.2%, 석유 제품은 36.5%로 수출이 큰 폭으로 감소했고, 선박 역시 8.7% 감소했다.",,indicator=SOURCE | value=SOURCE | unit=SOURCE | time=MISSING | frequency=NOT_APPLICABLE | region=NOT_APPLICABLE | population=NOT_APPLICABLE | dimension=SOURCE | comparison=SOURCE | calculation=SOURCE | condition=SOURCE | source_hint=NOT_APPLICABLE,아니오,0,0,0,HUMAN_REVIEW,CLAIM_PARSE,CONTEXT_REQUIRED,CONTEXT,,CLAIM_SPLIT~CLAIM_PARSE,HUMAN_REVIEW,CONTEXT_REQUIRED,,,,,0,,,
A01710,8,A01710_8,A01710_8,특히 4월 대미 수출은 관세 부과 대상 품목인 자동차와 철강을 중심으로 1년 새 6.7% 줄었고 일평균 수출은 10.6% 감소했다.,,indicator=SOURCE | value=SOURCE | unit=SOURCE | time=MISSING | frequency=NOT_APPLICABLE | region=NOT_APPLICABLE | population=NOT_APPLICABLE | dimension=SOURCE | comparison=SOURCE | calculation=SOURCE | condition=SOURCE | source_hint=NOT_APPLICABLE,아니오,0,0,0,HUMAN_REVIEW,CLAIM_PARSE,CONTEXT_REQUIRED,CONTEXT,,CLAIM_SPLIT~CLAIM_PARSE,HUMAN_REVIEW,CONTEXT_REQUIRED,,,,,0,,,
A01719,1,A01719_1,A01719_1,관세청은 12일 이달 들어 대미 수출이 30.4% 급감했다고 밝혔다.,,indicator=SOURCE | value=SOURCE | unit=SOURCE | time=MISSING | frequency=NOT_APPLICABLE | region=NOT_APPLICABLE | population=NOT_APPLICABLE | dimension=SOURCE | comparison=NOT_APPLICABLE | calculation=SOURCE | condition=NOT_APPLICABLE | source_hint=SOURCE,아니오,0,0,0,HUMAN_REVIEW,CLAIM_PARSE,CONTEXT_REQUIRED,CONTEXT,,CLAIM_SPLIT~CLAIM_PARSE,HUMAN_REVIEW,CONTEXT_REQUIRED,,,,,0,,,
A01719,2,A01719_2,A01719_2,같은 기간 전체 수출도 23.8% 줄었다.,,indicator=SOURCE | value=SOURCE | unit=SOURCE | time=MISSING | frequency=NOT_APPLICABLE | region=NOT_APPLICABLE | population=NOT_APPLICABLE | dimension=NOT_APPLICABLE | comparison=MISSING | calculation=SOURCE | condition=MISSING | source_hint=NOT_APPLICABLE,아니오,0,0,0,HUMAN_REVIEW,CLAIM_PARSE,CONTEXT_REQUIRED,CONTEXT,,CLAIM_SPLIT~CLAIM_PARSE,HUMAN_REVIEW,CONTEXT_REQUIRED,,,,,0,,,
A01719,6,A01719_6,A01719_6,우선 두 자릿수 급감한 이달 1~10일 수출 실적은 트럼프 관세가 한국 경제에 미치는 영향을 뚜렷하게 보여줬다는 평가다.,,indicator=SOURCE | value=MISSING | unit=MISSING | time=MISSING | frequency=NOT_APPLICABLE | region=SOURCE | population=NOT_APPLICABLE | dimension=NOT_APPLICABLE | comparison=NOT_APPLICABLE | calculation=SOURCE | condition=NOT_APPLICABLE | source_hint=NOT_APPLICABLE,아니오,0,0,0,HUMAN_REVIEW,CLAIM_PARSE,CONTEXT_REQUIRED,CONTEXT,,CLAIM_SPLIT~CLAIM_PARSE,HUMAN_REVIEW,CONTEXT_REQUIRED,,,,,0,,,
A01723,11,A01723_11,A01723_11,최근 20년간 한국의 잠재성장률 하락 속도는 2.29%포인트(4.27%→1.98%)로 주요 선진국 중 가장 빠르다.,,indicator=SOURCE | value=SOURCE | unit=SOURCE | time=MISSING | frequency=NOT_APPLICABLE | region=SOURCE | population=NOT_APPLICABLE | dimension=NOT_APPLICABLE | comparison=SOURCE | calculation=SOURCE | condition=SOURCE | source_hint=NOT_APPLICABLE,아니오,0,0,0,HUMAN_REVIEW,CLAIM_PARSE,CONTEXT_REQUIRED,CONTEXT,,CLAIM_SPLIT~CLAIM_PARSE,HUMAN_REVIEW,CONTEXT_REQUIRED,,,,,0,,,
A01732,2,A01732_2,A01732_2,가계 부채가 국내총생산(GDP)에서 차지하는 비율이 90%를 넘어 세계 주요국 중 2위다.,,indicator=SOURCE | value=SOURCE | unit=SOURCE | time=MISSING | frequency=NOT_APPLICABLE | region=SOURCE | population=NOT_APPLICABLE | dimension=MISSING | comparison=SOURCE | calculation=SOURCE | condition=SOURCE | source_hint=NOT_APPLICABLE,아니오,0,0,0,HUMAN_REVIEW,CLAIM_PARSE,CONTEXT_REQUIRED,CONTEXT,,CLAIM_SPLIT~CLAIM_PARSE,HUMAN_REVIEW,CONTEXT_REQUIRED,,,,,0,,,
A01733,13,A01733_13,A01733_13,KDI는 “대내외 수요 둔화로 초래될 수 있는 물가 하방 압력을 축소하기 위해 통화정책은 보다 완화적인 기조로 운용하는 것이 바람직하다”며 “재정정책은 큰 폭의 관리재정수지 적자(GDP 대비 3.3%)를 감안하면 이미 어느 정도 완화적 기조라 정부 지출 추가 확대는 신중히 접근해야 한다”고 했다.,,indicator=SOURCE | value=SOURCE | unit=SOURCE | time=MISSING | frequency=NOT_APPLICABLE | region=NOT_APPLICABLE | population=NOT_APPLICABLE | dimension=NOT_APPLICABLE | comparison=NOT_APPLICABLE | calculation=SOURCE | condition=NOT_APPLICABLE | source_hint=NOT_APPLICABLE,아니오,0,0,0,HUMAN_REVIEW,CLAIM_PARSE,CONTEXT_REQUIRED,CONTEXT,,CLAIM_SPLIT~CLAIM_PARSE,HUMAN_REVIEW,CONTEXT_REQUIRED,,,,,0,,,
A01733,15,A01733_15,A01733_15,같은 기간 전체 수출도 23.8% 줄었다.,,indicator=SOURCE | value=SOURCE | unit=SOURCE | time=MISSING | frequency=NOT_APPLICABLE | region=NOT_APPLICABLE | population=NOT_APPLICABLE | dimension=NOT_APPLICABLE | comparison=MISSING | calculation=SOURCE | condition=MISSING | source_hint=NOT_APPLICABLE,아니오,0,0,0,HUMAN_REVIEW,CLAIM_PARSE,CONTEXT_REQUIRED,CONTEXT,,CLAIM_SPLIT~CLAIM_PARSE,HUMAN_REVIEW,CONTEXT_REQUIRED,,,,,0,,,
A01737,1,A01737_1,A01737_1,청년층(15~29세) 고용률이 1년째 감소세를 이어가고 있는 것으로 파악됐다.,,indicator=SOURCE | value=MISSING | unit=MISSING | time=MISSING | frequency=NOT_APPLICABLE | region=NOT_APPLICABLE | population=SOURCE | dimension=SOURCE | comparison=NOT_APPLICABLE | calculation=SOURCE | condition=SOURCE | source_hint=NOT_APPLICABLE,아니오,0,0,0,HUMAN_REVIEW,CLAIM_PARSE,CONTEXT_REQUIRED,CONTEXT,,CLAIM_SPLIT~CLAIM_PARSE,HUMAN_REVIEW,CONTEXT_REQUIRED,,,,,0,,,
A01737,18,A01737_18,A01737_18,도·소매업도 취업자가 3000명 줄었다.,,indicator=SOURCE | value=SOURCE | unit=SOURCE | time=MISSING | frequency=NOT_APPLICABLE | region=NOT_APPLICABLE | population=NOT_APPLICABLE | dimension=NOT_APPLICABLE | comparison=NOT_APPLICABLE | calculation=SOURCE | condition=NOT_APPLICABLE | source_hint=NOT_APPLICABLE,아니오,0,0,0,HUMAN_REVIEW,CLAIM_PARSE,CONTEXT_REQUIRED,CONTEXT,,CLAIM_SPLIT~CLAIM_PARSE,HUMAN_REVIEW,CONTEXT_REQUIRED,,,,,0,,,
A01737,3,A01737_3,A01737_3,"갓 대학을 졸업하고 사회에 진출하는 20대 후반 실업률은 7%대로 올라서며, 청년 취업난이 갈수록 심각해지고 있다는 분석이 나온다.",,indicator=SOURCE | value=SOURCE | unit=SOURCE | time=MISSING | frequency=NOT_APPLICABLE | region=NOT_APPLICABLE | population=SOURCE | dimension=SOURCE | comparison=SOURCE | calculation=SOURCE | condition=SOURCE | source_hint=NOT_APPLICABLE,아니오,0,0,0,HUMAN_REVIEW,CLAIM_PARSE,CONTEXT_REQUIRED,CONTEXT,,CLAIM_SPLIT~CLAIM_PARSE,HUMAN_REVIEW,CONTEXT_REQUIRED,,,,,0,,,
A01737,6,A01737_6,A01737_6,국제 비교 기준인 15~64세 고용률은 69.9%로 4월 기준 역대 최대치를 보였다.,,indicator=SOURCE | value=SOURCE | unit=SOURCE | time=MISSING | frequency=NOT_APPLICABLE | region=NOT_APPLICABLE | population=NOT_APPLICABLE | dimension=SOURCE | comparison=NOT_APPLICABLE | calculation=SOURCE | condition=SOURCE | source_hint=NOT_APPLICABLE,아니오,0,0,0,HUMAN_REVIEW,CLAIM_PARSE,CONTEXT_REQUIRED,CONTEXT,,CLAIM_SPLIT~CLAIM_PARSE,HUMAN_REVIEW,CONTEXT_REQUIRED,,,,,0,,,
A01747,11,A01747_11,A01747_11,KDI 관계자는 “(25%의) 상호 관세 유예가 종료되거나 주력 수출품인 전자 제품에 높은 품목별 관세가 부과될 경우 수출 부진이 심화될 수 있다”고 했다.,,indicator=SOURCE | value=SOURCE | unit=SOURCE | time=MISSING | frequency=NOT_APPLICABLE | region=NOT_APPLICABLE | population=NOT_APPLICABLE | dimension=NOT_APPLICABLE | comparison=NOT_APPLICABLE | calculation=SOURCE | condition=NOT_APPLICABLE | source_hint=NOT_APPLICABLE,아니오,0,0,0,HUMAN_REVIEW,CLAIM_PARSE,CONTEXT_REQUIRED,CONTEXT,,CLAIM_SPLIT~CLAIM_PARSE,HUMAN_REVIEW,CONTEXT_REQUIRED,,,,,0,,,
A01747,2,A01747_2,A01747_2,0%대 성장률은 위기 때나 나타났다는 점에서 경고 수위가 높아진 것이다.,,indicator=SOURCE | value=SOURCE | unit=SOURCE | time=MISSING | frequency=NOT_APPLICABLE | region=NOT_APPLICABLE | population=NOT_APPLICABLE | dimension=NOT_APPLICABLE | comparison=NOT_APPLICABLE | calculation=SOURCE | condition=NOT_APPLICABLE | source_hint=NOT_APPLICABLE,아니오,0,0,0,HUMAN_REVIEW,CLAIM_PARSE,CONTEXT_REQUIRED,CONTEXT,,CLAIM_SPLIT~CLAIM_PARSE,HUMAN_REVIEW,CONTEXT_REQUIRED,,,,,0,,,
A01752,1,A01752_1,A01752_1,"올 들어 취업자 수가 넉 달 연속 10만명 넘게 늘고 있지만, 20대 청년 일자리를 뒷받침해온 제조업 고용은 10개월 연속 줄고 있다.",,indicator=SOURCE | value=SOURCE | unit=SOURCE | time=MISSING | frequency=NOT_APPLICABLE | region=NOT_APPLICABLE | population=SOURCE | dimension=SOURCE | comparison=SOURCE | calculation=SOURCE | condition=NOT_APPLICABLE | source_hint=NOT_APPLICABLE,아니오,0,0,0,HUMAN_REVIEW,CLAIM_PARSE,CONTEXT_REQUIRED,CONTEXT,,CLAIM_SPLIT~CLAIM_PARSE,HUMAN_REVIEW,CONTEXT_REQUIRED,,,,,0,,,
A01752,15,A01752_15,A01752_15,제조업·건설업·도소매업 취업자 수는 전체 취업자 3명 중 1명꼴인 33.2%를 차지한다.,,indicator=SOURCE | value=SOURCE | unit=SOURCE | time=MISSING | frequency=NOT_APPLICABLE | region=NOT_APPLICABLE | population=NOT_APPLICABLE | dimension=SOURCE | comparison=SOURCE | calculation=SOURCE | condition=NOT_APPLICABLE | source_hint=NOT_APPLICABLE,아니오,0,0,0,HUMAN_REVIEW,CLAIM_PARSE,CONTEXT_REQUIRED,CONTEXT,,CLAIM_SPLIT~CLAIM_PARSE,HUMAN_REVIEW,CONTEXT_REQUIRED,,,,,0,,,
A01752,20,A01752_20,A01752_20,청년층 인구에서 취업자 비율을 뜻하는 청년 고용률도 45.3%로 1년 전보다 0.9%포인트 하락했다.,,indicator=SOURCE | value=SOURCE | unit=SOURCE | time=MISSING | frequency=NOT_APPLICABLE | region=NOT_APPLICABLE | population=SOURCE | dimension=SOURCE | comparison=SOURCE | calculation=SOURCE | condition=SOURCE | source_hint=NOT_APPLICABLE,아니오,0,0,0,HUMAN_REVIEW,CLAIM_PARSE,CONTEXT_REQUIRED,CONTEXT,,CLAIM_SPLIT~CLAIM_PARSE,HUMAN_REVIEW,CONTEXT_REQUIRED,,,,,0,,,
A01752,3,A01752_3,A01752_3,우리나라 취업자 수의 15% 이상을 차지하는 제조업 분야 고용 쇼크가 이어질 경우 내수 경기가 더 나빠질 가능성이 있다.,,indicator=SOURCE | value=SOURCE | unit=SOURCE | time=MISSING | frequency=NOT_APPLICABLE | region=SOURCE | population=NOT_APPLICABLE | dimension=SOURCE | comparison=SOURCE | calculation=SOURCE | condition=SOURCE | source_hint=NOT_APPLICABLE,아니오,0,0,0,HUMAN_REVIEW,CLAIM_PARSE,CONTEXT_REQUIRED,CONTEXT,,CLAIM_SPLIT~CLAIM_PARSE,HUMAN_REVIEW,CONTEXT_REQUIRED,,,,,0,,,
A01762,5,A01762_5,A01762_5,"예금 보호 한도가 지금은 1인당 GDP와 같은 수준인데, 1억원으로 늘어나면 2배가 되는 것이다.",,indicator=SOURCE | value=SOURCE | unit=SOURCE | time=MISSING | frequency=NOT_APPLICABLE | region=NOT_APPLICABLE | population=NOT_APPLICABLE | dimension=NOT_APPLICABLE | comparison=SOURCE | calculation=SOURCE | condition=SOURCE | source_hint=NOT_APPLICABLE,아니오,0,0,0,HUMAN_REVIEW,CLAIM_PARSE,CONTEXT_REQUIRED,CONTEXT,,CLAIM_SPLIT~CLAIM_PARSE,HUMAN_REVIEW,CONTEXT_REQUIRED,,,,,0,,,
A01765,5,A01765_5,A01765_5,금융위 관계자는 “2001년 이후 1인당 GDP(국내총생산)가 1547만원에서 4926만원으로 증가한 점 등을 고려했다”고 했다.,,indicator=SOURCE | value=SOURCE | unit=SOURCE | time=SOURCE | frequency=SOURCE | region=SOURCE | population=NOT_APPLICABLE | dimension=NOT_APPLICABLE | comparison=SOURCE | calculation=SOURCE | condition=SOURCE | source_hint=NOT_APPLICABLE,예,0,0,0,HUMAN_REVIEW,CLAIM_PARSE,CONTEXT_REQUIRED,CONTEXT,,CLAIM_SPLIT~CLAIM_PARSE,HUMAN_REVIEW,CONTEXT_REQUIRED,,,,,0,,,
A01770,6,A01770_6,A01770_6,"수출은 전기 대비 0.6% 감소하고, 수입은 2.9% 급증해 전체 성장률을 끌어내렸다.",,indicator=SOURCE | value=SOURCE | unit=SOURCE | time=MISSING | frequency=NOT_APPLICABLE | region=NOT_APPLICABLE | population=NOT_APPLICABLE | dimension=NOT_APPLICABLE | comparison=SOURCE | calculation=SOURCE | condition=SOURCE | source_hint=NOT_APPLICABLE,아니오,0,0,0,HUMAN_REVIEW,CLAIM_PARSE,CONTEXT_REQUIRED,CONTEXT,,CLAIM_SPLIT~CLAIM_PARSE,HUMAN_REVIEW,CONTEXT_REQUIRED,,,,,0,,,
A01770,9,A01770_9,A01770_9,"수출은 전기 대비 1.1% 줄었고, 민간소비는 가라앉았고, 비상계엄 사태 이후 정치 불확실성으로 정부 소비마저 줄었다.",,indicator=SOURCE | value=SOURCE | unit=SOURCE | time=MISSING | frequency=NOT_APPLICABLE | region=NOT_APPLICABLE | population=NOT_APPLICABLE | dimension=NOT_APPLICABLE | comparison=SOURCE | calculation=SOURCE | condition=MISSING | source_hint=NOT_APPLICABLE,아니오,0,0,0,HUMAN_REVIEW,CLAIM_PARSE,CONTEXT_REQUIRED,CONTEXT,,CLAIM_SPLIT~CLAIM_PARSE,HUMAN_REVIEW,CONTEXT_REQUIRED,,,,,0,,,
A01824,3,A01824_3,A01824_3,지난해 수입차 시장에서 SUV 판매량이 세단을 7% 가까이 뛰어넘을 정도로 점차 커지는 수입 SUV 시장을 공략하기 위해서다.,,indicator=SOURCE | value=SOURCE | unit=SOURCE | time=SOURCE | frequency=SOURCE | region=NOT_APPLICABLE | population=NOT_APPLICABLE | dimension=NOT_APPLICABLE | comparison=NOT_APPLICABLE | calculation=SOURCE | condition=NOT_APPLICABLE | source_hint=NOT_APPLICABLE,예,0,0,0,HUMAN_REVIEW,CLAIM_PARSE,CONTEXT_REQUIRED,CONTEXT,,CLAIM_SPLIT~CLAIM_PARSE,HUMAN_REVIEW,CONTEXT_REQUIRED,,,,,0,,,
A01825,1,A01825_1,A01825_1,BMW코리아가 올 1~4월 SUV(스포츠유틸리티차) 국내 수입차 브랜드 중 처음으로 판매량 1만대를 넘어섰다.,,indicator=SOURCE | value=SOURCE | unit=SOURCE | time=MISSING | frequency=NOT_APPLICABLE | region=SOURCE | population=NOT_APPLICABLE | dimension=NOT_APPLICABLE | comparison=NOT_APPLICABLE | calculation=SOURCE | condition=SOURCE | source_hint=NOT_APPLICABLE,아니오,0,0,0,HUMAN_REVIEW,CLAIM_PARSE,CONTEXT_REQUIRED,CONTEXT,,CLAIM_SPLIT~CLAIM_PARSE,HUMAN_REVIEW,CONTEXT_REQUIRED,,,,,0,,,
A01825,13,A01825_13,A01825_13,"특히 X7 xDrive40i는 1억원 이상 수입차 중 유일하게 판매량 10위권 안에 들면서, 수입 대형차 단일 트림으로는 가장 높은 실적을 나타냈다.",,indicator=SOURCE | value=SOURCE | unit=SOURCE | time=MISSING | frequency=NOT_APPLICABLE | region=NOT_APPLICABLE | population=NOT_APPLICABLE | dimension=MISSING | comparison=SOURCE | calculation=SOURCE | condition=SOURCE | source_hint=NOT_APPLICABLE,아니오,0,0,0,HUMAN_REVIEW,CLAIM_PARSE,CONTEXT_REQUIRED,CONTEXT,,CLAIM_SPLIT~CLAIM_PARSE,HUMAN_REVIEW,CONTEXT_REQUIRED,,,,,0,,,
A01825,3,A01825_3,A01825_3,"한국수입자동차협회(KAIDA)에 따르면, BMW코리아는 올 1~4월 SUV 총 1만770대를 판매했다.",,indicator=SOURCE | value=SOURCE | unit=SOURCE | time=MISSING | frequency=NOT_APPLICABLE | region=SOURCE | population=NOT_APPLICABLE | dimension=SOURCE | comparison=NOT_APPLICABLE | calculation=SOURCE | condition=NOT_APPLICABLE | source_hint=NOT_APPLICABLE,아니오,0,0,0,HUMAN_REVIEW,CLAIM_PARSE,CONTEXT_REQUIRED,CONTEXT,,CLAIM_SPLIT~CLAIM_PARSE,HUMAN_REVIEW,CONTEXT_REQUIRED,,,,,0,,,
A01825,6,A01825_6,A01825_6,같은 기간 2181대(20.3%)를 판매해 수입 프리미엄 SUV 단일 모델 중에선 가장 판매량이 많았다.,,indicator=SOURCE | value=SOURCE | unit=SOURCE | time=MISSING | frequency=NOT_APPLICABLE | region=NOT_APPLICABLE | population=NOT_APPLICABLE | dimension=NOT_APPLICABLE | comparison=SOURCE | calculation=SOURCE | condition=NOT_APPLICABLE | source_hint=NOT_APPLICABLE,아니오,0,0,0,HUMAN_REVIEW,CLAIM_PARSE,CONTEXT_REQUIRED,CONTEXT,,CLAIM_SPLIT~CLAIM_PARSE,HUMAN_REVIEW,CONTEXT_REQUIRED,,,,,0,,,
A01828,17,A01828_17,A01828_17,최근 미 미시간대가 발표한 소비자 설문 조사에서 ‘1년 후 상품·서비스 물가가 얼마나 올라 있을 것 같은가’라는 질문에 7.3%라는 응답이 나왔다.,,indicator=SOURCE | value=SOURCE | unit=SOURCE | time=MISSING | frequency=NOT_APPLICABLE | region=NOT_APPLICABLE | population=NOT_APPLICABLE | dimension=NOT_APPLICABLE | comparison=NOT_APPLICABLE | calculation=SOURCE | condition=SOURCE | source_hint=NOT_APPLICABLE,아니오,0,0,0,HUMAN_REVIEW,CLAIM_PARSE,CONTEXT_REQUIRED,CONTEXT,,CLAIM_SPLIT~CLAIM_PARSE,HUMAN_REVIEW,CONTEXT_REQUIRED,,,,,0,,,
A01845,7,A01845_7,A01845_7,65세 이상 인구가 늘어나는 건 당연한 일”이라며 “고령화를 피할 수 없다면 건강한 고령 인구를 만드는 것이 지속 가능한 사회를 위한 현실적인 대안”이라고 했다.,,indicator=SOURCE | value=MISSING | unit=MISSING | time=MISSING | frequency=NOT_APPLICABLE | region=NOT_APPLICABLE | population=SOURCE | dimension=SOURCE | comparison=NOT_APPLICABLE | calculation=SOURCE | condition=SOURCE | source_hint=NOT_APPLICABLE,아니오,0,0,0,HUMAN_REVIEW,CLAIM_PARSE,CONTEXT_REQUIRED,CONTEXT,,CLAIM_SPLIT~CLAIM_PARSE,HUMAN_REVIEW,CONTEXT_REQUIRED,,,,,0,,,
A01859,5,A01859_5,A01859_5,"이번 산불로 주택 3848채, 농·어업 시설 6106동이 불에 타고, 농기계 1만여 대가 고장 나는 등 농가 피해가 특히 컸다.",,indicator=SOURCE | value=MISSING | unit=MISSING | time=MISSING | frequency=NOT_APPLICABLE | region=NOT_APPLICABLE | population=SOURCE | dimension=NOT_APPLICABLE | comparison=NOT_APPLICABLE | calculation=SOURCE | condition=NOT_APPLICABLE | source_hint=NOT_APPLICABLE,아니오,0,0,0,HUMAN_REVIEW,CLAIM_PARSE,CONTEXT_REQUIRED,CONTEXT,,CLAIM_SPLIT~CLAIM_PARSE,HUMAN_REVIEW,CONTEXT_REQUIRED,,,,,0,,,
A01866,9,A01866_9,A01866_9,"중소기업 관련 단체들은 최근 ‘주 52시간제, 중대재해처벌법, 최저임금’ 등 이른바 3대 노동 문제 개선과 인구부(部) 신설을 통한 인력난 해소, 중소 제조업 경쟁력 강화 등의 정책을 차기 정부에 제안한 바 있다.",,indicator=SOURCE | value=SOURCE | unit=SOURCE | time=MISSING | frequency=NOT_APPLICABLE | region=NOT_APPLICABLE | population=NOT_APPLICABLE | dimension=SOURCE | comparison=NOT_APPLICABLE | calculation=SOURCE | condition=NOT_APPLICABLE | source_hint=NOT_APPLICABLE,아니오,0,0,0,HUMAN_REVIEW,CLAIM_PARSE,CONTEXT_REQUIRED,CONTEXT,,CLAIM_SPLIT~CLAIM_PARSE,HUMAN_REVIEW,CONTEXT_REQUIRED,,,,,0,,,
A01889,12,A01889_12,A01889_12,"3위는 ‘지역 소멸 등 국토 불균형’, 4위는 ‘주거·물가 불안에 따른 생계 불안’이었다.",,indicator=SOURCE | value=SOURCE | unit=SOURCE | time=MISSING | frequency=NOT_APPLICABLE | region=NOT_APPLICABLE | population=NOT_APPLICABLE | dimension=MISSING | comparison=SOURCE | calculation=SOURCE | condition=SOURCE | source_hint=NOT_APPLICABLE,아니오,0,0,0,HUMAN_REVIEW,CLAIM_PARSE,CONTEXT_REQUIRED,CONTEXT,,CLAIM_SPLIT~CLAIM_PARSE,HUMAN_REVIEW,CONTEXT_REQUIRED,,,,,0,,,
A01902,18,A01902_18,A01902_18,"◇6명 중 1명은 사실상 백수 내수 부진과 수출 둔화 등으로 청년 취업난이 장기화하는 가운데, 이 같은 트렌드 변화까지 맞물리면서 청년 실업률 지표는 날로 악화하고 있다.",,indicator=SOURCE | value=SOURCE | unit=SOURCE | time=MISSING | frequency=NOT_APPLICABLE | region=NOT_APPLICABLE | population=SOURCE | dimension=SOURCE | comparison=SOURCE | calculation=SOURCE | condition=NOT_APPLICABLE | source_hint=NOT_APPLICABLE,아니오,0,0,0,HUMAN_REVIEW,CLAIM_PARSE,CONTEXT_REQUIRED,CONTEXT,,CLAIM_SPLIT~CLAIM_PARSE,HUMAN_REVIEW,CONTEXT_REQUIRED,,,,,0,,,
A01902,20,A01902_20,A01902_20,"취업준비생, 아르바이트를 하며 더 나은 직장을 알아보는 ‘추가 취업 가능자’, 구직 활동도 하지 않고 그냥 시간을 보낸 ‘쉬었음’ 등까지 감안한 ‘확장실업률’은 16.8%에 달한다.",,indicator=SOURCE | value=SOURCE | unit=SOURCE | time=MISSING | frequency=NOT_APPLICABLE | region=NOT_APPLICABLE | population=NOT_APPLICABLE | dimension=NOT_APPLICABLE | comparison=NOT_APPLICABLE | calculation=SOURCE | condition=NOT_APPLICABLE | source_hint=NOT_APPLICABLE,아니오,0,0,0,HUMAN_REVIEW,CLAIM_PARSE,CONTEXT_REQUIRED,CONTEXT,,CLAIM_SPLIT~CLAIM_PARSE,HUMAN_REVIEW,CONTEXT_REQUIRED,,,,,0,,,
A01903,10,A01903_10,A01903_10,이 비율은 70세 재취업자의 경우 59.6%까지 증가했다.,,indicator=SOURCE | value=SOURCE | unit=SOURCE | time=MISSING | frequency=NOT_APPLICABLE | region=NOT_APPLICABLE | population=NOT_APPLICABLE | dimension=NOT_APPLICABLE | comparison=SOURCE | calculation=SOURCE | condition=SOURCE | source_hint=NOT_APPLICABLE,아니오,0,0,0,HUMAN_REVIEW,CLAIM_PARSE,CONTEXT_REQUIRED,CONTEXT,,CLAIM_SPLIT~CLAIM_PARSE,HUMAN_REVIEW,CONTEXT_REQUIRED,,,,,0,,,
A01918,1,A01918_1,A01918_1,0 동해지방해양경찰청과 관세청이 지난달 강릉 옥계항에서 적발된 국내 최대 규모 ‘코카인 1.7t 밀반입 사건’과 관련해 선원 4명을 마약류 관리에 관한 법률 위반 혐의로 구속 송치했다고 28일 밝혔다.,,indicator=SOURCE | value=SOURCE | unit=SOURCE | time=SOURCE | frequency=SOURCE | region=SOURCE | population=NOT_APPLICABLE | dimension=NOT_APPLICABLE | comparison=SOURCE | calculation=SOURCE | condition=SOURCE | source_hint=SOURCE,예,0,0,0,HUMAN_REVIEW,CLAIM_PARSE,CONTEXT_REQUIRED,CONTEXT,,CLAIM_SPLIT~CLAIM_PARSE,HUMAN_REVIEW,CONTEXT_REQUIRED,,,,,0,,,
A01918,2,A01918_2,A01918_2,"관세청 등에 따르면, 이날 관세청 서울본부세관과 동해지방해양경찰청은 지난달 2일 강릉 옥계항에 입항한 3만2000t급 화물선에서 적발된 코카인 1.7t 밀반입 사건의 합동 수사 결과를 발표했다.",,indicator=SOURCE | value=SOURCE | unit=SOURCE | time=SOURCE | frequency=SOURCE | region=SOURCE | population=NOT_APPLICABLE | dimension=NOT_APPLICABLE | comparison=SOURCE | calculation=SOURCE | condition=NOT_APPLICABLE | source_hint=SOURCE,예,0,0,0,HUMAN_REVIEW,CLAIM_PARSE,CONTEXT_REQUIRED,CONTEXT,,CLAIM_SPLIT~CLAIM_PARSE,HUMAN_REVIEW,CONTEXT_REQUIRED,,,,,0,,,
A01918,7,A01918_7,A01918_7,이 같은 적발 규모는 관세청 적발 사상 최대 규모다.,,indicator=SOURCE | value=MISSING | unit=MISSING | time=MISSING | frequency=NOT_APPLICABLE | region=NOT_APPLICABLE | population=NOT_APPLICABLE | dimension=NOT_APPLICABLE | comparison=NOT_APPLICABLE | calculation=SOURCE | condition=SOURCE | source_hint=SOURCE,아니오,0,0,0,HUMAN_REVIEW,CLAIM_PARSE,CONTEXT_REQUIRED,CONTEXT,,CLAIM_SPLIT~CLAIM_PARSE,HUMAN_REVIEW,CONTEXT_REQUIRED,,,,,0,,,
A01924,6,A01924_6,A01924_6,1분기 기준으로도 출생아 수 증가세는 역대 최고 수준이다.,,indicator=SOURCE | value=MISSING | unit=MISSING | time=SOURCE | frequency=SOURCE | region=NOT_APPLICABLE | population=NOT_APPLICABLE | dimension=NOT_APPLICABLE | comparison=NOT_APPLICABLE | calculation=SOURCE | condition=SOURCE | source_hint=NOT_APPLICABLE,아니오,0,0,0,HUMAN_REVIEW,CLAIM_PARSE,CONTEXT_REQUIRED,CONTEXT,,CLAIM_SPLIT~CLAIM_PARSE,HUMAN_REVIEW,CONTEXT_REQUIRED,,,,,0,,,
A01927,12,A01927_12,A01927_12,출생아 증가의 일차적 원인은 출산 적령기인 30~34세 인구가 많기 때문이다.,,indicator=SOURCE | value=MISSING | unit=MISSING | time=MISSING | frequency=NOT_APPLICABLE | region=NOT_APPLICABLE | population=NOT_APPLICABLE | dimension=SOURCE | comparison=NOT_APPLICABLE | calculation=SOURCE | condition=SOURCE | source_hint=NOT_APPLICABLE,아니오,0,0,0,HUMAN_REVIEW,CLAIM_PARSE,CONTEXT_REQUIRED,CONTEXT,,CLAIM_SPLIT~CLAIM_PARSE,HUMAN_REVIEW,CONTEXT_REQUIRED,,,,,0,,,
A01927,16,A01927_16,A01927_16,"1990년대 초반에 태어난 부부가 코로나 사태로 미뤘던 결혼을 지난 2022~2023년에 많이 했고, 지난해부터 본격적으로 아이를 낳기 시작하면서 출생아 수가 증가한 것이다.",,indicator=SOURCE | value=MISSING | unit=MISSING | time=SOURCE | frequency=SOURCE | region=NOT_APPLICABLE | population=NOT_APPLICABLE | dimension=NOT_APPLICABLE | comparison=NOT_APPLICABLE | calculation=SOURCE | condition=SOURCE | source_hint=NOT_APPLICABLE,아니오,0,0,0,HUMAN_REVIEW,CLAIM_PARSE,CONTEXT_REQUIRED,CONTEXT,,CLAIM_SPLIT~CLAIM_PARSE,HUMAN_REVIEW,CONTEXT_REQUIRED,,,,,0,,,
A01931,7,A01931_7,A01931_7,"철강·알루미늄 산업의 경우 GDP재화수출이 0.3%, 대미 수출이 1.4% 줄어들 것으로 봤다.",,indicator=SOURCE | value=SOURCE | unit=SOURCE | time=MISSING | frequency=NOT_APPLICABLE | region=NOT_APPLICABLE | population=NOT_APPLICABLE | dimension=SOURCE | comparison=SOURCE | calculation=SOURCE | condition=SOURCE | source_hint=NOT_APPLICABLE,아니오,0,0,0,HUMAN_REVIEW,CLAIM_PARSE,CONTEXT_REQUIRED,CONTEXT,,CLAIM_SPLIT~CLAIM_PARSE,HUMAN_REVIEW,CONTEXT_REQUIRED,,,,,0,,,
A01932,13,A01932_13,A01932_13,"다른 국가와 같은 10% 기본관세를 적용받고 있지만, 우리 주력 수출품인 자동차에는 25%의 품목관세가 부과되고 있어 대미 수출이 감소하고 있다.",,indicator=SOURCE | value=SOURCE | unit=SOURCE | time=MISSING | frequency=NOT_APPLICABLE | region=NOT_APPLICABLE | population=NOT_APPLICABLE | dimension=SOURCE | comparison=SOURCE | calculation=SOURCE | condition=SOURCE | source_hint=NOT_APPLICABLE,아니오,0,0,0,HUMAN_REVIEW,CLAIM_PARSE,CONTEXT_REQUIRED,CONTEXT,,CLAIM_SPLIT~CLAIM_PARSE,HUMAN_REVIEW,CONTEXT_REQUIRED,,,,,0,,,
A01932,28,A01932_28,A01932_28,"“불과 10년 전만 하더라도 경제성장률 3% 달성이 이슈였는데, 지금은 2% 달성이 쉽지 않다.",,indicator=SOURCE | value=SOURCE | unit=SOURCE | time=MISSING | frequency=NOT_APPLICABLE | region=NOT_APPLICABLE | population=NOT_APPLICABLE | dimension=NOT_APPLICABLE | comparison=SOURCE | calculation=SOURCE | condition=NOT_APPLICABLE | source_hint=NOT_APPLICABLE,아니오,0,0,0,HUMAN_REVIEW,CLAIM_PARSE,CONTEXT_REQUIRED,CONTEXT,,CLAIM_SPLIT~CLAIM_PARSE,HUMAN_REVIEW,CONTEXT_REQUIRED,,,,,0,,,
A01932,54,A01932_54,A01932_54,"2019년까지는 생산연령인구(15~64세)가 확대됐지만, 2020년 이후에는 줄어들고 있다.",,indicator=SOURCE | value=MISSING | unit=MISSING | time=SOURCE | frequency=SOURCE | region=NOT_APPLICABLE | population=NOT_APPLICABLE | dimension=SOURCE | comparison=NOT_APPLICABLE | calculation=SOURCE | condition=SOURCE | source_hint=NOT_APPLICABLE,아니오,0,0,0,HUMAN_REVIEW,CLAIM_PARSE,CONTEXT_REQUIRED,CONTEXT,,CLAIM_SPLIT~CLAIM_PARSE,HUMAN_REVIEW,CONTEXT_REQUIRED,,,,,0,,,
A01933,9,A01933_9,A01933_9,"하지만 주식 계좌 보유율은 인구 대비 10% 수준으로, 금융시장 확대 여지는 크다.",,indicator=SOURCE | value=SOURCE | unit=SOURCE | time=MISSING | frequency=NOT_APPLICABLE | region=NOT_APPLICABLE | population=NOT_APPLICABLE | dimension=NOT_APPLICABLE | comparison=NOT_APPLICABLE | calculation=SOURCE | condition=NOT_APPLICABLE | source_hint=NOT_APPLICABLE,아니오,0,0,0,HUMAN_REVIEW,CLAIM_PARSE,CONTEXT_REQUIRED,CONTEXT,,CLAIM_SPLIT~CLAIM_PARSE,HUMAN_REVIEW,CONTEXT_REQUIRED,,,,,0,,,
A01935,14,A01935_14,A01935_14,"이 총재는 성장률 충격에도 0.5%포인트 인하가 아닌 0.25%포인트 인하를 결정한 배경에는 “유동성을 더 공급할 경우에는 주택 가격, 자산 가격으로 유동성이 흘러 들어와 코로나 때 실수(자산가격 폭등) 반복할 가능성이 크기 때문”이라고 했다.",,indicator=SOURCE | value=SOURCE | unit=SOURCE | time=MISSING | frequency=NOT_APPLICABLE | region=NOT_APPLICABLE | population=NOT_APPLICABLE | dimension=NOT_APPLICABLE | comparison=SOURCE | calculation=SOURCE | condition=NOT_APPLICABLE | source_hint=NOT_APPLICABLE,아니오,0,0,0,HUMAN_REVIEW,CLAIM_PARSE,CONTEXT_REQUIRED,CONTEXT,,CLAIM_SPLIT~CLAIM_PARSE,HUMAN_REVIEW,CONTEXT_REQUIRED,,,,,0,,,
A01937,5,A01937_5,A01937_5,◇절반 이상은 건설 부진 탓 한은은 이날 하향된 0.7%포인트 성장률 중 건설투자 부문이 차지하는 몫이 0.4%포인트라고 밝혔다.,,indicator=SOURCE | value=SOURCE | unit=SOURCE | time=MISSING | frequency=NOT_APPLICABLE | region=NOT_APPLICABLE | population=NOT_APPLICABLE | dimension=NOT_APPLICABLE | comparison=SOURCE | calculation=SOURCE | condition=SOURCE | source_hint=NOT_APPLICABLE,아니오,0,0,0,HUMAN_REVIEW,CLAIM_PARSE,CONTEXT_REQUIRED,CONTEXT,,CLAIM_SPLIT~CLAIM_PARSE,HUMAN_REVIEW,CONTEXT_REQUIRED,,,,,0,,,
A01947,12,A01947_12,A01947_12,"지난달 건설업과 제조업 취업자 수는 1년 전보다 각각 15만명, 12만4000명 급감했다.",,indicator=SOURCE | value=SOURCE | unit=SOURCE | time=SOURCE | frequency=SOURCE | region=NOT_APPLICABLE | population=NOT_APPLICABLE | dimension=SOURCE | comparison=SOURCE | calculation=SOURCE | condition=MISSING | source_hint=NOT_APPLICABLE,아니오,0,0,0,HUMAN_REVIEW,CLAIM_PARSE,CONTEXT_REQUIRED,CONTEXT,,CLAIM_SPLIT~CLAIM_PARSE,HUMAN_REVIEW,CONTEXT_REQUIRED,,,,,0,,,
A01947,27,A01947_27,A01947_27,관세전쟁과 상관없이 성장률은 1%를 넘지 못한다는 것이다.,,indicator=SOURCE | value=SOURCE | unit=SOURCE | time=MISSING | frequency=NOT_APPLICABLE | region=NOT_APPLICABLE | population=NOT_APPLICABLE | dimension=NOT_APPLICABLE | comparison=NOT_APPLICABLE | calculation=SOURCE | condition=NOT_APPLICABLE | source_hint=NOT_APPLICABLE,아니오,0,0,0,HUMAN_REVIEW,CLAIM_PARSE,CONTEXT_REQUIRED,CONTEXT,,CLAIM_SPLIT~CLAIM_PARSE,HUMAN_REVIEW,CONTEXT_REQUIRED,,,,,0,,,
A01947,37,A01947_37,A01947_37,이대로면 사상 처음 한국 성장률이 2년 연속 2%를 밑돌게 된다.,,indicator=SOURCE | value=SOURCE | unit=SOURCE | time=MISSING | frequency=NOT_APPLICABLE | region=SOURCE | population=NOT_APPLICABLE | dimension=NOT_APPLICABLE | comparison=NOT_APPLICABLE | calculation=SOURCE | condition=SOURCE | source_hint=NOT_APPLICABLE,아니오,0,0,0,HUMAN_REVIEW,CLAIM_PARSE,CONTEXT_REQUIRED,CONTEXT,,CLAIM_SPLIT~CLAIM_PARSE,HUMAN_REVIEW,CONTEXT_REQUIRED,,,,,0,,,
A01947,8,A01947_8,A01947_8,◇꾹 닫힌 지갑 “코로나보다 힘들다” 한국 GDP(국내총생산)의 14%를 차지하는 건설 경기는 ‘마이너스 행진’ 중이다.,,indicator=SOURCE | value=SOURCE | unit=SOURCE | time=MISSING | frequency=NOT_APPLICABLE | region=SOURCE | population=NOT_APPLICABLE | dimension=NOT_APPLICABLE | comparison=SOURCE | calculation=SOURCE | condition=SOURCE | source_hint=NOT_APPLICABLE,아니오,0,0,0,HUMAN_REVIEW,CLAIM_PARSE,CONTEXT_REQUIRED,CONTEXT,,CLAIM_SPLIT~CLAIM_PARSE,HUMAN_REVIEW,CONTEXT_REQUIRED,,,,,0,,,
A01952,6,A01952_6,A01952_6,"광공업 생산은 0.9% 줄었는데, 이 중 제조업이 자동차(-4.2%), 반도체(-2.9%) 등을 중심으로 0.9% 줄었다.",,indicator=SOURCE | value=SOURCE | unit=SOURCE | time=MISSING | frequency=NOT_APPLICABLE | region=NOT_APPLICABLE | population=NOT_APPLICABLE | dimension=SOURCE | comparison=SOURCE | calculation=SOURCE | condition=MISSING | source_hint=NOT_APPLICABLE,아니오,0,0,0,HUMAN_REVIEW,CLAIM_PARSE,CONTEXT_REQUIRED,CONTEXT,,CLAIM_SPLIT~CLAIM_PARSE,HUMAN_REVIEW,CONTEXT_REQUIRED,,,,,0,,,
A01953,24,A01953_24,A01953_24,노바티스에 기술 수출한 종근당은 임상 2상 진입을 계기로 기술료 500만달러를 수령한다고 지난 29일 공시했다.,,indicator=SOURCE | value=SOURCE | unit=SOURCE | time=MISSING | frequency=NOT_APPLICABLE | region=NOT_APPLICABLE | population=NOT_APPLICABLE | dimension=NOT_APPLICABLE | comparison=NOT_APPLICABLE | calculation=SOURCE | condition=NOT_APPLICABLE | source_hint=NOT_APPLICABLE,아니오,0,0,0,HUMAN_REVIEW,CLAIM_PARSE,CONTEXT_REQUIRED,CONTEXT,,CLAIM_SPLIT~CLAIM_PARSE,HUMAN_REVIEW,CONTEXT_REQUIRED,,,,,0,,,
A01965,10,A01965_10,A01965_10,대중 수출도 104억달러로 8.4% 줄었다.,,indicator=SOURCE | value=SOURCE | unit=SOURCE | time=MISSING | frequency=NOT_APPLICABLE | region=NOT_APPLICABLE | population=NOT_APPLICABLE | dimension=NOT_APPLICABLE | comparison=SOURCE | calculation=SOURCE | condition=MISSING | source_hint=NOT_APPLICABLE,아니오,0,0,0,HUMAN_REVIEW,CLAIM_PARSE,CONTEXT_REQUIRED,CONTEXT,,CLAIM_SPLIT~CLAIM_PARSE,HUMAN_REVIEW,CONTEXT_REQUIRED,,,,,0,,,
A01965,2,A01965_2,A01965_2,"수출 효자 상품인 반도체 수출이 21% 넘게 늘어나며 역대 5월 최고 실적을 기록했지만, 트럼프 미 행정부의 고액 관세 정책 영향으로 대미 수출이 8% 넘게 줄었다.",,indicator=SOURCE | value=SOURCE | unit=SOURCE | time=MISSING | frequency=NOT_APPLICABLE | region=NOT_APPLICABLE | population=NOT_APPLICABLE | dimension=SOURCE | comparison=SOURCE | calculation=SOURCE | condition=SOURCE | source_hint=NOT_APPLICABLE,아니오,0,0,0,HUMAN_REVIEW,CLAIM_PARSE,CONTEXT_REQUIRED,CONTEXT,,CLAIM_SPLIT~CLAIM_PARSE,HUMAN_REVIEW,CONTEXT_REQUIRED,,,,,0,,,
A01965,4,A01965_4,A01965_4,이에 따르면 지난달 수출액과 수입액은 각각 572억7000만 달러와 503억3000만달러로 집계됐다.,,indicator=SOURCE | value=SOURCE | unit=SOURCE | time=SOURCE | frequency=SOURCE | region=NOT_APPLICABLE | population=NOT_APPLICABLE | dimension=NOT_APPLICABLE | comparison=SOURCE | calculation=SOURCE | condition=NOT_APPLICABLE | source_hint=NOT_APPLICABLE,예,0,0,0,HUMAN_REVIEW,CLAIM_PARSE,CONTEXT_REQUIRED,CONTEXT,,CLAIM_SPLIT~CLAIM_PARSE,HUMAN_REVIEW,CONTEXT_REQUIRED,,,,,0,,,
A01965,5,A01965_5,A01965_5,"수출액은 전년 대비 1.3% 줄었고, 수입액은 5.3% 감소했다.",,indicator=SOURCE | value=SOURCE | unit=SOURCE | time=SOURCE | frequency=SOURCE | region=NOT_APPLICABLE | population=NOT_APPLICABLE | dimension=NOT_APPLICABLE | comparison=SOURCE | calculation=SOURCE | condition=SOURCE | source_hint=NOT_APPLICABLE,예,0,0,0,HUMAN_REVIEW,CLAIM_PARSE,CONTEXT_REQUIRED,CONTEXT,,CLAIM_SPLIT~CLAIM_PARSE,HUMAN_REVIEW,CONTEXT_REQUIRED,,,,,0,,,
A01965,8,A01965_8,A01965_8,"주요 국가별 수출을 보면, 대미 수출이 100억달러로 8.1% 감소했다.",,indicator=SOURCE | value=SOURCE | unit=SOURCE | time=MISSING | frequency=NOT_APPLICABLE | region=NOT_APPLICABLE | population=NOT_APPLICABLE | dimension=SOURCE | comparison=SOURCE | calculation=SOURCE | condition=SOURCE | source_hint=NOT_APPLICABLE,아니오,0,0,0,HUMAN_REVIEW,CLAIM_PARSE,CONTEXT_REQUIRED,CONTEXT,,CLAIM_SPLIT~CLAIM_PARSE,HUMAN_REVIEW,CONTEXT_REQUIRED,,,,,0,,,
A01968,8,A01968_8,A01968_8,"국내 중고차 수출액이 2년 새 2배 규모가 됐고, 이러한 수출 수요의 급증이 중고차 가격 상승을 견인하는 모습이다.",,indicator=SOURCE | value=SOURCE | unit=SOURCE | time=MISSING | frequency=NOT_APPLICABLE | region=SOURCE | population=NOT_APPLICABLE | dimension=NOT_APPLICABLE | comparison=SOURCE | calculation=SOURCE | condition=SOURCE | source_hint=NOT_APPLICABLE,아니오,0,0,0,HUMAN_REVIEW,CLAIM_PARSE,CONTEXT_REQUIRED,CONTEXT,,CLAIM_SPLIT~CLAIM_PARSE,HUMAN_REVIEW,CONTEXT_REQUIRED,,,,,0,,,
A01981,1,A01981_1,A01981_1,지난 10여 년간 민간 소비 증가율 둔화 폭의 절반가량이 인구 감소와 고령화로 인한 영향이라는 분석이 나왔다.,,indicator=SOURCE | value=MISSING | unit=MISSING | time=MISSING | frequency=NOT_APPLICABLE | region=NOT_APPLICABLE | population=NOT_APPLICABLE | dimension=NOT_APPLICABLE | comparison=NOT_APPLICABLE | calculation=SOURCE | condition=SOURCE | source_hint=NOT_APPLICABLE,아니오,0,0,0,HUMAN_REVIEW,CLAIM_PARSE,CONTEXT_REQUIRED,CONTEXT,,CLAIM_SPLIT~CLAIM_PARSE,HUMAN_REVIEW,CONTEXT_REQUIRED,,,,,0,,,
A01986,9,A01986_9,A01986_9,업계에서는 “50% 관세율을 감수한 대미 철강 수출은 사실상 불가능하다”는 목소리가 나온다.,,indicator=SOURCE | value=SOURCE | unit=SOURCE | time=MISSING | frequency=NOT_APPLICABLE | region=NOT_APPLICABLE | population=NOT_APPLICABLE | dimension=SOURCE | comparison=NOT_APPLICABLE | calculation=SOURCE | condition=NOT_APPLICABLE | source_hint=NOT_APPLICABLE,아니오,0,0,0,HUMAN_REVIEW,CLAIM_PARSE,CONTEXT_REQUIRED,CONTEXT,,CLAIM_SPLIT~CLAIM_PARSE,HUMAN_REVIEW,CONTEXT_REQUIRED,,,,,0,,,
A01987,18,A01987_18,A01987_18,"과거 대표적 대중 수출 품목이었던 석유화학과 일반 기계도 각각 11.4%, 13.6% 감소했다.",,indicator=SOURCE | value=SOURCE | unit=SOURCE | time=MISSING | frequency=NOT_APPLICABLE | region=NOT_APPLICABLE | population=NOT_APPLICABLE | dimension=NOT_APPLICABLE | comparison=SOURCE | calculation=SOURCE | condition=SOURCE | source_hint=NOT_APPLICABLE,아니오,0,0,0,HUMAN_REVIEW,CLAIM_PARSE,CONTEXT_REQUIRED,CONTEXT,,CLAIM_SPLIT~CLAIM_PARSE,HUMAN_REVIEW,CONTEXT_REQUIRED,,,,,0,,,
A01987,19,A01987_19,A01987_19,대(對)아세안 수출은 1.3% 감소했다.,,indicator=SOURCE | value=SOURCE | unit=SOURCE | time=MISSING | frequency=NOT_APPLICABLE | region=NOT_APPLICABLE | population=NOT_APPLICABLE | dimension=NOT_APPLICABLE | comparison=MISSING | calculation=SOURCE | condition=SOURCE | source_hint=NOT_APPLICABLE,아니오,0,0,0,HUMAN_REVIEW,CLAIM_PARSE,CONTEXT_REQUIRED,CONTEXT,,CLAIM_SPLIT~CLAIM_PARSE,HUMAN_REVIEW,CONTEXT_REQUIRED,,,,,0,,,
A01991,16,A01991_16,A01991_16,"올해 전기차 국고 보조금이 예년보다 한 달 빠르게 책정되면서, 전기... 완성차 5사 판매량 3년만에 감소세로...내수 부진에 전기차 캐즘 본격화 한국 경제의 내수와 수출을 떠받치던 자동차 산업이 전기차 캐즘(수요 정체) 영향권에 본격 접어들면서 실적 부진에 빠졌다.",,indicator=SOURCE | value=MISSING | unit=MISSING | time=SOURCE | frequency=SOURCE | region=SOURCE | population=NOT_APPLICABLE | dimension=SOURCE | comparison=NOT_APPLICABLE | calculation=SOURCE | condition=SOURCE | source_hint=NOT_APPLICABLE,아니오,0,0,0,HUMAN_REVIEW,CLAIM_PARSE,CONTEXT_REQUIRED,CONTEXT,,CLAIM_SPLIT~CLAIM_PARSE,HUMAN_REVIEW,CONTEXT_REQUIRED,,,,,0,,,
A01995,19,A01995_19,A01995_19,"5월 수출입 동향을 보면, 대미·대중 수출이 전년 동기보다 각각 8.1%, 8.4% 감소했다.",,indicator=SOURCE | value=SOURCE | unit=SOURCE | time=SOURCE | frequency=SOURCE | region=NOT_APPLICABLE | population=NOT_APPLICABLE | dimension=SOURCE | comparison=SOURCE | calculation=SOURCE | condition=SOURCE | source_hint=NOT_APPLICABLE,예,0,0,0,HUMAN_REVIEW,CLAIM_PARSE,CONTEXT_REQUIRED,CONTEXT,,CLAIM_SPLIT~CLAIM_PARSE,HUMAN_REVIEW,CONTEXT_REQUIRED,,,,,0,,,
A02010,11,A02010_11,A02010_11,농·축·수산물 물가도 0.1% 오르는 데 그쳤다.,,indicator=SOURCE | value=SOURCE | unit=SOURCE | time=MISSING | frequency=NOT_APPLICABLE | region=NOT_APPLICABLE | population=NOT_APPLICABLE | dimension=NOT_APPLICABLE | comparison=NOT_APPLICABLE | calculation=SOURCE | condition=NOT_APPLICABLE | source_hint=NOT_APPLICABLE,아니오,0,0,0,HUMAN_REVIEW,CLAIM_PARSE,CONTEXT_REQUIRED,CONTEXT,,CLAIM_SPLIT~CLAIM_PARSE,HUMAN_REVIEW,CONTEXT_REQUIRED,,,,,0,,,
A02010,13,A02010_13,A02010_13,이두원 통계청 경제동향통계심의관은 “최근 기상호조로 채소류 산지 출하량이 증가했다”며 “유류세 인하율이 축소됐지만 국제 유가가 1년 전에 비해 24.2% 하락하면서 석유류 물가가 내렸다”고 했다.,,indicator=SOURCE | value=SOURCE | unit=SOURCE | time=MISSING | frequency=NOT_APPLICABLE | region=NOT_APPLICABLE | population=NOT_APPLICABLE | dimension=NOT_APPLICABLE | comparison=SOURCE | calculation=SOURCE | condition=SOURCE | source_hint=SOURCE,아니오,0,0,0,HUMAN_REVIEW,CLAIM_PARSE,CONTEXT_REQUIRED,CONTEXT,,CLAIM_SPLIT~CLAIM_PARSE,HUMAN_REVIEW,CONTEXT_REQUIRED,,,,,0,,,
A02010,14,A02010_14,A02010_14,"반면 돼지고기(8.4%)와 국산쇠고기(5.3%), 수입쇠고기(5.4%), 계란(3.8%) 등 축산물 가격은 6.2%나 뛰었다.",,indicator=SOURCE | value=SOURCE | unit=SOURCE | time=MISSING | frequency=NOT_APPLICABLE | region=NOT_APPLICABLE | population=NOT_APPLICABLE | dimension=SOURCE | comparison=SOURCE | calculation=SOURCE | condition=NOT_APPLICABLE | source_hint=NOT_APPLICABLE,아니오,0,0,0,HUMAN_REVIEW,CLAIM_PARSE,CONTEXT_REQUIRED,CONTEXT,,CLAIM_SPLIT~CLAIM_PARSE,HUMAN_REVIEW,CONTEXT_REQUIRED,,,,,0,,,
A02010,19,A02010_19,A02010_19,외식 물가도 전달에 이어 3.2% 올랐다.,,indicator=SOURCE | value=SOURCE | unit=SOURCE | time=MISSING | frequency=NOT_APPLICABLE | region=NOT_APPLICABLE | population=NOT_APPLICABLE | dimension=NOT_APPLICABLE | comparison=NOT_APPLICABLE | calculation=SOURCE | condition=NOT_APPLICABLE | source_hint=NOT_APPLICABLE,아니오,0,0,0,HUMAN_REVIEW,CLAIM_PARSE,CONTEXT_REQUIRED,CONTEXT,,CLAIM_SPLIT~CLAIM_PARSE,HUMAN_REVIEW,CONTEXT_REQUIRED,,,,,0,,,
A02010,5,A02010_5,A02010_5,작년 12월 1.9%였던 소비자 물가 상승률은 올해 1월(2.2%)부터 지난 4월(2.1%)까지 2~2.2% 사이에서 움직이다가 5달 만에 다시 1%대로 내려왔다.,,indicator=SOURCE | value=SOURCE | unit=SOURCE | time=SOURCE | frequency=SOURCE | region=NOT_APPLICABLE | population=NOT_APPLICABLE | dimension=NOT_APPLICABLE | comparison=SOURCE | calculation=SOURCE | condition=SOURCE | source_hint=NOT_APPLICABLE,예,0,0,0,HUMAN_REVIEW,CLAIM_PARSE,CONTEXT_REQUIRED,CONTEXT,,CLAIM_SPLIT~CLAIM_PARSE,HUMAN_REVIEW,CONTEXT_REQUIRED,,,,,0,,,
A02010,7,A02010_7,A02010_7,국제 유가 하락 영향으로 휘발유(-3.9%)·경유(-2.6%)·부탄가스(-0.5%)·등유(-3.8%) 등 석유류 물가가 2.3% 떨어진 결과다.,,indicator=SOURCE | value=SOURCE | unit=SOURCE | time=MISSING | frequency=NOT_APPLICABLE | region=NOT_APPLICABLE | population=NOT_APPLICABLE | dimension=NOT_APPLICABLE | comparison=SOURCE | calculation=SOURCE | condition=SOURCE | source_hint=NOT_APPLICABLE,아니오,0,0,0,HUMAN_REVIEW,CLAIM_PARSE,CONTEXT_REQUIRED,CONTEXT,,CLAIM_SPLIT~CLAIM_PARSE,HUMAN_REVIEW,CONTEXT_REQUIRED,,,,,0,,,
A02018,2,A02018_2,A02018_2,다만 채소와 과일 값이 하락해 전체 소비자 물가 상승률은 5개월 만에 1%대로 내려앉았다.,,indicator=SOURCE | value=SOURCE | unit=SOURCE | time=MISSING | frequency=NOT_APPLICABLE | region=NOT_APPLICABLE | population=NOT_APPLICABLE | dimension=NOT_APPLICABLE | comparison=SOURCE | calculation=SOURCE | condition=SOURCE | source_hint=NOT_APPLICABLE,아니오,0,0,0,HUMAN_REVIEW,CLAIM_PARSE,CONTEXT_REQUIRED,CONTEXT,,CLAIM_SPLIT~CLAIM_PARSE,HUMAN_REVIEW,CONTEXT_REQUIRED,,,,,0,,,
A02018,5,A02018_5,A02018_5,"연초 국제 유가가 하락했던 게 국내 휘발유 가격 등에도 영향을 끼치며 석유류 물가가 2.3% 하락했고, 참외(-27.3%), 파(-33.4%), 사과(-11.6%) 등 주요 채소·과일 가격도 떨어졌다.",,indicator=SOURCE | value=SOURCE | unit=SOURCE | time=MISSING | frequency=NOT_APPLICABLE | region=SOURCE | population=NOT_APPLICABLE | dimension=SOURCE | comparison=SOURCE | calculation=SOURCE | condition=SOURCE | source_hint=NOT_APPLICABLE,아니오,0,0,0,HUMAN_REVIEW,CLAIM_PARSE,CONTEXT_REQUIRED,CONTEXT,,CLAIM_SPLIT~CLAIM_PARSE,HUMAN_REVIEW,CONTEXT_REQUIRED,,,,,0,,,
A02019,60,A02019_60,A02019_60,GDP(국내총생산) 대비 국가 채무 비율이 50%에 육박하는 상황에서 재정 건전성이 언제 무너질지 모른다.,,indicator=SOURCE | value=SOURCE | unit=SOURCE | time=MISSING | frequency=NOT_APPLICABLE | region=SOURCE | population=NOT_APPLICABLE | dimension=NOT_APPLICABLE | comparison=SOURCE | calculation=SOURCE | condition=NOT_APPLICABLE | source_hint=NOT_APPLICABLE,아니오,0,0,0,HUMAN_REVIEW,CLAIM_PARSE,CONTEXT_REQUIRED,CONTEXT,,CLAIM_SPLIT~CLAIM_PARSE,HUMAN_REVIEW,CONTEXT_REQUIRED,,,,,0,,,
A02020,69,A02020_69,A02020_69,GDP(국내총생산) 대비 국가 채무 비율이 50%에 육박하는 상황에서 재정 건전성이 언제 무너질지 모른다.,,indicator=SOURCE | value=SOURCE | unit=SOURCE | time=MISSING | frequency=NOT_APPLICABLE | region=SOURCE | population=NOT_APPLICABLE | dimension=NOT_APPLICABLE | comparison=SOURCE | calculation=SOURCE | condition=NOT_APPLICABLE | source_hint=NOT_APPLICABLE,아니오,0,0,0,HUMAN_REVIEW,CLAIM_PARSE,CONTEXT_REQUIRED,CONTEXT,,CLAIM_SPLIT~CLAIM_PARSE,HUMAN_REVIEW,CONTEXT_REQUIRED,,,,,0,,,
A02021,5,A02021_5,A02021_5,이를 인구 수로 나눈 1인당 국민소득은 국민들의 생활 수준을 국제적으로 비교할 때 자주 쓰인다.,,indicator=SOURCE | value=MISSING | unit=MISSING | time=MISSING | frequency=NOT_APPLICABLE | region=NOT_APPLICABLE | population=NOT_APPLICABLE | dimension=NOT_APPLICABLE | comparison=NOT_APPLICABLE | calculation=SOURCE | condition=NOT_APPLICABLE | source_hint=NOT_APPLICABLE,아니오,0,0,0,HUMAN_REVIEW,CLAIM_PARSE,CONTEXT_REQUIRED,CONTEXT,,CLAIM_SPLIT~CLAIM_PARSE,HUMAN_REVIEW,CONTEXT_REQUIRED,,,,,0,,,
A02022,14,A02022_14,A02022_14,우리나라 역시 잠재성장률이 연 2%까지 떨어진 상황이다.,,indicator=SOURCE | value=SOURCE | unit=SOURCE | time=MISSING | frequency=NOT_APPLICABLE | region=SOURCE | population=NOT_APPLICABLE | dimension=NOT_APPLICABLE | comparison=NOT_APPLICABLE | calculation=SOURCE | condition=SOURCE | source_hint=NOT_APPLICABLE,아니오,0,0,0,HUMAN_REVIEW,CLAIM_PARSE,CONTEXT_REQUIRED,CONTEXT,,CLAIM_SPLIT~CLAIM_PARSE,HUMAN_REVIEW,CONTEXT_REQUIRED,,,,,0,,,
A02025,1,A02025_1,A02025_1,지난달 수입차 판매량이 테슬라의 판매량 급증에 힘입어 작년 5월보다 16% 늘었다.,,indicator=SOURCE | value=SOURCE | unit=SOURCE | time=SOURCE | frequency=SOURCE | region=NOT_APPLICABLE | population=NOT_APPLICABLE | dimension=NOT_APPLICABLE | comparison=MISSING | calculation=SOURCE | condition=MISSING | source_hint=NOT_APPLICABLE,아니오,0,0,0,HUMAN_REVIEW,CLAIM_PARSE,CONTEXT_REQUIRED,CONTEXT,,CLAIM_SPLIT~CLAIM_PARSE,HUMAN_REVIEW,CONTEXT_REQUIRED,,,,,0,,,
A02025,14,A02025_14,A02025_14,"22일(현지시각) AP통신에 따르면 미 국가교통안전위... 연두색 번호판 창피해서 못 탄다?…1억 이상 수입차 판매량, 결국 지난해 1억원 넘는 고가 수입차 판매량이 8년 만에 감소한 것으로 나타났다.",,indicator=SOURCE | value=SOURCE | unit=SOURCE | time=SOURCE | frequency=SOURCE | region=NOT_APPLICABLE | population=NOT_APPLICABLE | dimension=NOT_APPLICABLE | comparison=NOT_APPLICABLE | calculation=SOURCE | condition=SOURCE | source_hint=NOT_APPLICABLE,예,0,0,0,HUMAN_REVIEW,CLAIM_PARSE,CONTEXT_REQUIRED,CONTEXT,,CLAIM_SPLIT~CLAIM_PARSE,HUMAN_REVIEW,CONTEXT_REQUIRED,,,,,0,,,
A02025,7,A02025_7,A02025_7,"브랜드별 등록 대수에서는 테슬라가 6570대의 판매량을 기록해, 한국 진출 이후 처음으로 월간 수입차 등록 대수 1위를 차지하는 이변이 발생했다.",,indicator=SOURCE | value=SOURCE | unit=SOURCE | time=SOURCE | frequency=SOURCE | region=SOURCE | population=NOT_APPLICABLE | dimension=MISSING | comparison=SOURCE | calculation=SOURCE | condition=SOURCE | source_hint=NOT_APPLICABLE,아니오,0,0,0,HUMAN_REVIEW,CLAIM_PARSE,CONTEXT_REQUIRED,CONTEXT,,CLAIM_SPLIT~CLAIM_PARSE,HUMAN_REVIEW,CONTEXT_REQUIRED,,,,,0,,,
A02028,1,A02028_1,A02028_1,K방산이 필리핀에 7억달러(약 1조원) 규모 국산 다목적 전투기 추가 수출을 따냈다.,,indicator=SOURCE | value=SOURCE | unit=SOURCE | time=MISSING | frequency=NOT_APPLICABLE | region=NOT_APPLICABLE | population=NOT_APPLICABLE | dimension=NOT_APPLICABLE | comparison=SOURCE | calculation=SOURCE | condition=NOT_APPLICABLE | source_hint=NOT_APPLICABLE,아니오,0,0,0,HUMAN_REVIEW,CLAIM_PARSE,CONTEXT_REQUIRED,CONTEXT,,CLAIM_SPLIT~CLAIM_PARSE,HUMAN_REVIEW,CONTEXT_REQUIRED,,,,,0,,,
A02028,34,A02028_34,A02028_34,"천궁II는 사우디아라비아, 아랍에미리트(UAE), 이라크 중동 3국에 약 12조원어치 수출을 성사시켰다.",,indicator=SOURCE | value=SOURCE | unit=SOURCE | time=MISSING | frequency=NOT_APPLICABLE | region=NOT_APPLICABLE | population=NOT_APPLICABLE | dimension=NOT_APPLICABLE | comparison=NOT_APPLICABLE | calculation=SOURCE | condition=NOT_APPLICABLE | source_hint=NOT_APPLICABLE,아니오,0,0,0,HUMAN_REVIEW,CLAIM_PARSE,CONTEXT_REQUIRED,CONTEXT,,CLAIM_SPLIT~CLAIM_PARSE,HUMAN_REVIEW,CONTEXT_REQUIRED,,,,,0,,,
A02028,7,A02028_7,A02028_7,수출 규모로는 12조원 안팎이다.,,indicator=SOURCE | value=SOURCE | unit=SOURCE | time=MISSING | frequency=NOT_APPLICABLE | region=NOT_APPLICABLE | population=NOT_APPLICABLE | dimension=NOT_APPLICABLE | comparison=NOT_APPLICABLE | calculation=SOURCE | condition=NOT_APPLICABLE | source_hint=NOT_APPLICABLE,아니오,0,0,0,HUMAN_REVIEW,CLAIM_PARSE,CONTEXT_REQUIRED,CONTEXT,,CLAIM_SPLIT~CLAIM_PARSE,HUMAN_REVIEW,CONTEXT_REQUIRED,,,,,0,,,
A02042,47,A02042_47,A02042_47,이런 가운데 한국 경제 성장률은 0%대로 떨어져 ‘피크 코리아’라는 말까지 나도는 상황입니다.,,indicator=SOURCE | value=SOURCE | unit=SOURCE | time=MISSING | frequency=NOT_APPLICABLE | region=SOURCE | population=NOT_APPLICABLE | dimension=NOT_APPLICABLE | comparison=NOT_APPLICABLE | calculation=SOURCE | condition=SOURCE | source_hint=NOT_APPLICABLE,아니오,0,0,0,HUMAN_REVIEW,CLAIM_PARSE,CONTEXT_REQUIRED,CONTEXT,,CLAIM_SPLIT~CLAIM_PARSE,HUMAN_REVIEW,CONTEXT_REQUIRED,,,,,0,,,
A02070,6,A02070_6,A02070_6,"신차 시장에서 인기를 얻는 하이브리드는 물론이고 휘발유, 경유 등 다른 차종 가운데 가장 높은 성장률을 보이며 분기 기준 판매량이 처음으로 1만대를 넘겼다.",,indicator=SOURCE | value=SOURCE | unit=SOURCE | time=MISSING | frequency=NOT_APPLICABLE | region=NOT_APPLICABLE | population=NOT_APPLICABLE | dimension=NOT_APPLICABLE | comparison=NOT_APPLICABLE | calculation=SOURCE | condition=NOT_APPLICABLE | source_hint=NOT_APPLICABLE,아니오,0,0,0,HUMAN_REVIEW,CLAIM_PARSE,CONTEXT_REQUIRED,CONTEXT,,CLAIM_SPLIT~CLAIM_PARSE,HUMAN_REVIEW,CONTEXT_REQUIRED,,,,,0,,,
A02092,1,A02092_1,A02092_1,0 박상훈 동국씨엠 대표이사가 9일 열린 ‘제26회 철의 날’ 기념 행사에서 친환경 컬러 강판 개발 및 수출 확대에 기여한 공로로 은탑산업훈장을 받았다.,,indicator=SOURCE | value=MISSING | unit=MISSING | time=MISSING | frequency=NOT_APPLICABLE | region=NOT_APPLICABLE | population=NOT_APPLICABLE | dimension=NOT_APPLICABLE | comparison=NOT_APPLICABLE | calculation=SOURCE | condition=NOT_APPLICABLE | source_hint=NOT_APPLICABLE,아니오,0,0,0,HUMAN_REVIEW,CLAIM_PARSE,CONTEXT_REQUIRED,CONTEXT,,CLAIM_SPLIT~CLAIM_PARSE,HUMAN_REVIEW,CONTEXT_REQUIRED,,,,,0,,,
A02096,11,A02096_11,A02096_11,"지난달 연령대 별 취업자 수는 60세 이상과 30대에서 취업자가 각각 37만명, 13만2000명 늘어났다.",,indicator=SOURCE | value=SOURCE | unit=SOURCE | time=SOURCE | frequency=SOURCE | region=NOT_APPLICABLE | population=NOT_APPLICABLE | dimension=NOT_APPLICABLE | comparison=SOURCE | calculation=SOURCE | condition=SOURCE | source_hint=NOT_APPLICABLE,예,0,0,0,HUMAN_REVIEW,CLAIM_PARSE,CONTEXT_REQUIRED,CONTEXT,,CLAIM_SPLIT~CLAIM_PARSE,HUMAN_REVIEW,CONTEXT_REQUIRED,,,,,0,,,
A02096,12,A02096_12,A02096_12,"반면 15~29세 청년층은 취업자가 1년새 15만명 줄었고, 50대와 40대도 각각 취업자가 6만8000명, 3만9000명 감소했다.",,indicator=SOURCE | value=SOURCE | unit=SOURCE | time=MISSING | frequency=NOT_APPLICABLE | region=NOT_APPLICABLE | population=SOURCE | dimension=SOURCE | comparison=SOURCE | calculation=SOURCE | condition=SOURCE | source_hint=NOT_APPLICABLE,아니오,0,0,0,HUMAN_REVIEW,CLAIM_PARSE,CONTEXT_REQUIRED,CONTEXT,,CLAIM_SPLIT~CLAIM_PARSE,HUMAN_REVIEW,CONTEXT_REQUIRED,,,,,0,,,
A02096,13,A02096_13,A02096_13,인구 대비 취업자 수를 뜻하는 고용률은 지난달 63.8%로 1년 전 대비 0.3%포인트 늘었다.,,indicator=SOURCE | value=SOURCE | unit=SOURCE | time=SOURCE | frequency=SOURCE | region=NOT_APPLICABLE | population=NOT_APPLICABLE | dimension=NOT_APPLICABLE | comparison=SOURCE | calculation=SOURCE | condition=MISSING | source_hint=NOT_APPLICABLE,아니오,0,0,0,HUMAN_REVIEW,CLAIM_PARSE,CONTEXT_REQUIRED,CONTEXT,,CLAIM_SPLIT~CLAIM_PARSE,HUMAN_REVIEW,CONTEXT_REQUIRED,,,,,0,,,
A02096,17,A02096_17,A02096_17,실업률은 2.8%로 집계됐다.,,indicator=SOURCE | value=SOURCE | unit=SOURCE | time=MISSING | frequency=NOT_APPLICABLE | region=NOT_APPLICABLE | population=NOT_APPLICABLE | dimension=NOT_APPLICABLE | comparison=NOT_APPLICABLE | calculation=SOURCE | condition=NOT_APPLICABLE | source_hint=NOT_APPLICABLE,아니오,0,0,0,HUMAN_REVIEW,CLAIM_PARSE,CONTEXT_REQUIRED,CONTEXT,,CLAIM_SPLIT~CLAIM_PARSE,HUMAN_REVIEW,CONTEXT_REQUIRED,,,,,0,,,
A02096,20,A02096_20,A02096_20,다만 고교생 등을 포함한 15~29세 쉬었음 인구는 39만6000명으로 1년 전 대비 3000명 줄었다.,,indicator=SOURCE | value=SOURCE | unit=SOURCE | time=MISSING | frequency=NOT_APPLICABLE | region=NOT_APPLICABLE | population=NOT_APPLICABLE | dimension=SOURCE | comparison=SOURCE | calculation=SOURCE | condition=MISSING | source_hint=NOT_APPLICABLE,아니오,0,0,0,HUMAN_REVIEW,CLAIM_PARSE,CONTEXT_REQUIRED,CONTEXT,,CLAIM_SPLIT~CLAIM_PARSE,HUMAN_REVIEW,CONTEXT_REQUIRED,,,,,0,,,
A02099,11,A02099_11,A02099_11,다만 석유제품(-20.5%)이나 무선통신기기(-43.1%) 등 수출은 크게 줄었다.,,indicator=SOURCE | value=SOURCE | unit=SOURCE | time=MISSING | frequency=NOT_APPLICABLE | region=NOT_APPLICABLE | population=NOT_APPLICABLE | dimension=SOURCE | comparison=SOURCE | calculation=SOURCE | condition=MISSING | source_hint=NOT_APPLICABLE,아니오,0,0,0,HUMAN_REVIEW,CLAIM_PARSE,CONTEXT_REQUIRED,CONTEXT,,CLAIM_SPLIT~CLAIM_PARSE,HUMAN_REVIEW,CONTEXT_REQUIRED,,,,,0,,,
A02099,14,A02099_14,A02099_14,"더불어, 작년 6월 1~10일에는 수출이 감소했던 기저효과도 영향을 끼쳤다는 분석이다.",,indicator=SOURCE | value=MISSING | unit=MISSING | time=SOURCE | frequency=SOURCE | region=NOT_APPLICABLE | population=NOT_APPLICABLE | dimension=NOT_APPLICABLE | comparison=NOT_APPLICABLE | calculation=SOURCE | condition=SOURCE | source_hint=NOT_APPLICABLE,아니오,0,0,0,HUMAN_REVIEW,CLAIM_PARSE,CONTEXT_REQUIRED,CONTEXT,,CLAIM_SPLIT~CLAIM_PARSE,HUMAN_REVIEW,CONTEXT_REQUIRED,,,,,0,,,
A02099,17,A02099_17,A02099_17,"반도체(15.2%)와 기계류(16.8%), 가스(36%) 등 주요 수출품목들이 일제히 증가한 영향이다.",,indicator=SOURCE | value=SOURCE | unit=SOURCE | time=MISSING | frequency=NOT_APPLICABLE | region=NOT_APPLICABLE | population=NOT_APPLICABLE | dimension=SOURCE | comparison=SOURCE | calculation=SOURCE | condition=SOURCE | source_hint=NOT_APPLICABLE,아니오,0,0,0,HUMAN_REVIEW,CLAIM_PARSE,CONTEXT_REQUIRED,CONTEXT,,CLAIM_SPLIT~CLAIM_PARSE,HUMAN_REVIEW,CONTEXT_REQUIRED,,,,,0,,,
A02099,19,A02099_19,A02099_19,"수입 증가폭이 수출 증가폭을 앞지르면서, 1~10일 무역수지는 17억800만달러 적자를 보였다.",,indicator=SOURCE | value=SOURCE | unit=SOURCE | time=MISSING | frequency=NOT_APPLICABLE | region=NOT_APPLICABLE | population=NOT_APPLICABLE | dimension=NOT_APPLICABLE | comparison=NOT_APPLICABLE | calculation=SOURCE | condition=SOURCE | source_hint=NOT_APPLICABLE,아니오,0,0,0,HUMAN_REVIEW,CLAIM_PARSE,CONTEXT_REQUIRED,CONTEXT,,CLAIM_SPLIT~CLAIM_PARSE,HUMAN_REVIEW,CONTEXT_REQUIRED,,,,,0,,,
A02106,8,A02106_8,A02106_8,전체 수입량의 12%에 달한다.,,indicator=SOURCE | value=SOURCE | unit=SOURCE | time=MISSING | frequency=NOT_APPLICABLE | region=NOT_APPLICABLE | population=NOT_APPLICABLE | dimension=NOT_APPLICABLE | comparison=NOT_APPLICABLE | calculation=SOURCE | condition=NOT_APPLICABLE | source_hint=NOT_APPLICABLE,아니오,0,0,0,HUMAN_REVIEW,CLAIM_PARSE,CONTEXT_REQUIRED,CONTEXT,,CLAIM_SPLIT~CLAIM_PARSE,HUMAN_REVIEW,CONTEXT_REQUIRED,,,,,0,,,
A02111,1,A02111_1,A02111_1,법적 정년을 넘긴 60세 이상 고령층 취업자가 사상 처음으로 700만명을 넘었다.,,indicator=SOURCE | value=SOURCE | unit=SOURCE | time=MISSING | frequency=NOT_APPLICABLE | region=NOT_APPLICABLE | population=NOT_APPLICABLE | dimension=NOT_APPLICABLE | comparison=NOT_APPLICABLE | calculation=SOURCE | condition=SOURCE | source_hint=NOT_APPLICABLE,아니오,0,0,0,HUMAN_REVIEW,CLAIM_PARSE,CONTEXT_REQUIRED,CONTEXT,,CLAIM_SPLIT~CLAIM_PARSE,HUMAN_REVIEW,CONTEXT_REQUIRED,,,,,0,,,
A02111,14,A02111_14,A02111_14,"정년을 막 넘긴 60~64세의 경우 경제활동참가율과 고용률이 각각 68.4%, 66.5%에 달한다.",,indicator=SOURCE | value=SOURCE | unit=SOURCE | time=MISSING | frequency=NOT_APPLICABLE | region=NOT_APPLICABLE | population=NOT_APPLICABLE | dimension=SOURCE | comparison=SOURCE | calculation=SOURCE | condition=NOT_APPLICABLE | source_hint=NOT_APPLICABLE,아니오,0,0,0,HUMAN_REVIEW,CLAIM_PARSE,CONTEXT_REQUIRED,CONTEXT,,CLAIM_SPLIT~CLAIM_PARSE,HUMAN_REVIEW,CONTEXT_REQUIRED,,,,,0,,,
A02111,15,A02111_15,A02111_15,"◇65세 이상 근로자 61%가 비정규직… 고용의 질 낮아 일하는 고령층이 늘고 있지만, 고용의 질은 낮은 편이다.",,indicator=SOURCE | value=SOURCE | unit=SOURCE | time=MISSING | frequency=NOT_APPLICABLE | region=NOT_APPLICABLE | population=SOURCE | dimension=SOURCE | comparison=NOT_APPLICABLE | calculation=SOURCE | condition=SOURCE | source_hint=NOT_APPLICABLE,아니오,0,0,0,HUMAN_REVIEW,CLAIM_PARSE,CONTEXT_REQUIRED,CONTEXT,,CLAIM_SPLIT~CLAIM_PARSE,HUMAN_REVIEW,CONTEXT_REQUIRED,,,,,0,,,
A02111,2,A02111_2,A02111_2,모든 연령대를 통틀어 취업자 수 1위가 60세 이상이 됐다.,,indicator=SOURCE | value=SOURCE | unit=SOURCE | time=MISSING | frequency=NOT_APPLICABLE | region=NOT_APPLICABLE | population=NOT_APPLICABLE | dimension=MISSING | comparison=NOT_APPLICABLE | calculation=SOURCE | condition=SOURCE | source_hint=NOT_APPLICABLE,아니오,0,0,0,HUMAN_REVIEW,CLAIM_PARSE,CONTEXT_REQUIRED,CONTEXT,,CLAIM_SPLIT~CLAIM_PARSE,HUMAN_REVIEW,CONTEXT_REQUIRED,,,,,0,,,
A02111,26,A02111_26,A02111_26,하지만 사회 초년생인 청년층 고용률은 46.2%로 1년 전보다 0.7%포인트 감소했다.,,indicator=SOURCE | value=SOURCE | unit=SOURCE | time=MISSING | frequency=NOT_APPLICABLE | region=NOT_APPLICABLE | population=SOURCE | dimension=SOURCE | comparison=SOURCE | calculation=SOURCE | condition=SOURCE | source_hint=NOT_APPLICABLE,아니오,0,0,0,HUMAN_REVIEW,CLAIM_PARSE,CONTEXT_REQUIRED,CONTEXT,,CLAIM_SPLIT~CLAIM_PARSE,HUMAN_REVIEW,CONTEXT_REQUIRED,,,,,0,,,
A02111,5,A02111_5,A02111_5,"15~29세 청년층과 50대 취업자가 각각 15만명, 6만8000명 줄었지만, 60세 이상 취업자가 37만명이나 불어난 영향이 컸다.",,indicator=SOURCE | value=SOURCE | unit=SOURCE | time=MISSING | frequency=NOT_APPLICABLE | region=NOT_APPLICABLE | population=SOURCE | dimension=SOURCE | comparison=SOURCE | calculation=SOURCE | condition=SOURCE | source_hint=NOT_APPLICABLE,아니오,0,0,0,HUMAN_REVIEW,CLAIM_PARSE,CONTEXT_REQUIRED,CONTEXT,,CLAIM_SPLIT~CLAIM_PARSE,HUMAN_REVIEW,CONTEXT_REQUIRED,,,,,0,,,
A02111,7,A02111_7,A02111_7,연령대별 취업자 수 순위에서도 올 들어 60세 이상이 1위로 올라섰다.,,indicator=SOURCE | value=SOURCE | unit=SOURCE | time=MISSING | frequency=NOT_APPLICABLE | region=NOT_APPLICABLE | population=NOT_APPLICABLE | dimension=MISSING | comparison=NOT_APPLICABLE | calculation=SOURCE | condition=SOURCE | source_hint=NOT_APPLICABLE,아니오,0,0,0,HUMAN_REVIEW,CLAIM_PARSE,CONTEXT_REQUIRED,CONTEXT,,CLAIM_SPLIT~CLAIM_PARSE,HUMAN_REVIEW,CONTEXT_REQUIRED,,,,,0,,,
A02113,4,A02113_4,A02113_4,HBM 등 고사양 메모리 반도체 수요 증가와 D램 반도체 가격 상승 등에 힘입은 반도체 수출액이 22% 늘어 전체 수출 증가세를 견인했다.,,indicator=SOURCE | value=SOURCE | unit=SOURCE | time=MISSING | frequency=NOT_APPLICABLE | region=NOT_APPLICABLE | population=NOT_APPLICABLE | dimension=SOURCE | comparison=MISSING | calculation=SOURCE | condition=SOURCE | source_hint=NOT_APPLICABLE,아니오,0,0,0,HUMAN_REVIEW,CLAIM_PARSE,CONTEXT_REQUIRED,CONTEXT,,CLAIM_SPLIT~CLAIM_PARSE,HUMAN_REVIEW,CONTEXT_REQUIRED,,,,,0,,,
A02113,5,A02113_5,A02113_5,반도체와 더불어 양대 수출품인 자동차 수출액도 8.4% 늘었다.,,indicator=SOURCE | value=SOURCE | unit=SOURCE | time=MISSING | frequency=NOT_APPLICABLE | region=NOT_APPLICABLE | population=NOT_APPLICABLE | dimension=SOURCE | comparison=MISSING | calculation=SOURCE | condition=MISSING | source_hint=NOT_APPLICABLE,아니오,0,0,0,HUMAN_REVIEW,CLAIM_PARSE,CONTEXT_REQUIRED,CONTEXT,,CLAIM_SPLIT~CLAIM_PARSE,HUMAN_REVIEW,CONTEXT_REQUIRED,,,,,0,,,
A02130,14,A02130_14,A02130_14,"한국무역협회에 따르면 국제 유가가 10% 상승하면 우리 수출은 0.32% 줄고, 수입은 2.38% 늘어난다.",,indicator=SOURCE | value=SOURCE | unit=SOURCE | time=MISSING | frequency=NOT_APPLICABLE | region=SOURCE | population=NOT_APPLICABLE | dimension=NOT_APPLICABLE | comparison=SOURCE | calculation=SOURCE | condition=SOURCE | source_hint=NOT_APPLICABLE,아니오,0,0,0,HUMAN_REVIEW,CLAIM_PARSE,CONTEXT_REQUIRED,CONTEXT,,CLAIM_SPLIT~CLAIM_PARSE,HUMAN_REVIEW,CONTEXT_REQUIRED,,,,,0,,,
A02130,4,A02130_4,A02130_4,"원유 수요의 약 70%, 액화천연가스(LNG)의 약 30%를 중동 지역에서 수입하는 현실에서 에너지 확보에 문제가 생길 수 있다는 관측도 제기된다.",,indicator=SOURCE | value=SOURCE | unit=SOURCE | time=MISSING | frequency=NOT_APPLICABLE | region=NOT_APPLICABLE | population=NOT_APPLICABLE | dimension=NOT_APPLICABLE | comparison=SOURCE | calculation=SOURCE | condition=NOT_APPLICABLE | source_hint=NOT_APPLICABLE,아니오,0,0,0,HUMAN_REVIEW,CLAIM_PARSE,CONTEXT_REQUIRED,CONTEXT,,CLAIM_SPLIT~CLAIM_PARSE,HUMAN_REVIEW,CONTEXT_REQUIRED,,,,,0,,,
A02132,27,A02132_27,A02132_27,"다만 대미 수출 1위 품목인 자동차에 관세 25%가 4월부터 붙고 있고, 철강 관세가 이달 들어 50%로 오르며 사실상 대미 수출이 막힌 상황에서 마냥 시간을 늦출 수는 없다는 지적도 나온다.",,indicator=SOURCE | value=SOURCE | unit=SOURCE | time=MISSING | frequency=NOT_APPLICABLE | region=NOT_APPLICABLE | population=NOT_APPLICABLE | dimension=SOURCE | comparison=SOURCE | calculation=SOURCE | condition=SOURCE | source_hint=NOT_APPLICABLE,아니오,0,0,0,HUMAN_REVIEW,CLAIM_PARSE,CONTEXT_REQUIRED,CONTEXT,,CLAIM_SPLIT~CLAIM_PARSE,HUMAN_REVIEW,CONTEXT_REQUIRED,,,,,0,,,
A02142,1,A02142_1,A02142_1,"맥킨지 ""민간 자본의 시니어주택 혁신 투자 방식"" 세계 고령화 가속…시니어주택 공급률 5%도 안돼 노후주택 리모델링부터 렌트·분양 병행 [땅집고] 고령화는 세계적 화두다.",,indicator=SOURCE | value=SOURCE | unit=SOURCE | time=MISSING | frequency=NOT_APPLICABLE | region=NOT_APPLICABLE | population=NOT_APPLICABLE | dimension=NOT_APPLICABLE | comparison=NOT_APPLICABLE | calculation=SOURCE | condition=NOT_APPLICABLE | source_hint=NOT_APPLICABLE,아니오,0,0,0,HUMAN_REVIEW,CLAIM_PARSE,CONTEXT_REQUIRED,CONTEXT,,CLAIM_SPLIT~CLAIM_PARSE,HUMAN_REVIEW,CONTEXT_REQUIRED,,,,,0,,,
A02143,4,A02143_4,A02143_4,"정부는 노인 인구 급증으로 ‘시니어타운 난민’이라는 말까지 나오는 만큼, 3기 신도시에 ‘고령자복지주택’을 순차적으로 공급하면서 초고령화 시대에 대응한다는 방침이다.",,indicator=SOURCE | value=MISSING | unit=MISSING | time=MISSING | frequency=NOT_APPLICABLE | region=NOT_APPLICABLE | population=NOT_APPLICABLE | dimension=NOT_APPLICABLE | comparison=NOT_APPLICABLE | calculation=SOURCE | condition=NOT_APPLICABLE | source_hint=NOT_APPLICABLE,아니오,0,0,0,HUMAN_REVIEW,CLAIM_PARSE,CONTEXT_REQUIRED,CONTEXT,,CLAIM_SPLIT~CLAIM_PARSE,HUMAN_REVIEW,CONTEXT_REQUIRED,,,,,0,,,
A02167,20,A02167_20,A02167_20,◇5년 새 20% 이상 오른 외식 품목 30가지 음식료품 물가 중 외식 물가는 최근 특히 비상이다.,,indicator=SOURCE | value=SOURCE | unit=SOURCE | time=MISSING | frequency=NOT_APPLICABLE | region=NOT_APPLICABLE | population=NOT_APPLICABLE | dimension=NOT_APPLICABLE | comparison=NOT_APPLICABLE | calculation=SOURCE | condition=SOURCE | source_hint=NOT_APPLICABLE,아니오,0,0,0,HUMAN_REVIEW,CLAIM_PARSE,CONTEXT_REQUIRED,CONTEXT,,CLAIM_SPLIT~CLAIM_PARSE,HUMAN_REVIEW,CONTEXT_REQUIRED,,,,,0,,,
A02167,22,A02167_22,A02167_22,같은 기간 전체 소비자물가가 16.9% 오른 것과 비교하면 외식 물가 상승 곡선이 더 가팔랐다.,,indicator=SOURCE | value=SOURCE | unit=SOURCE | time=MISSING | frequency=NOT_APPLICABLE | region=NOT_APPLICABLE | population=NOT_APPLICABLE | dimension=NOT_APPLICABLE | comparison=MISSING | calculation=SOURCE | condition=SOURCE | source_hint=NOT_APPLICABLE,아니오,0,0,0,HUMAN_REVIEW,CLAIM_PARSE,CONTEXT_REQUIRED,CONTEXT,,CLAIM_SPLIT~CLAIM_PARSE,HUMAN_REVIEW,CONTEXT_REQUIRED,,,,,0,,,
A02167,23,A02167_23,A02167_23,"외식 물가를 구성하는 39품목 중에서 김밥(38.3%), 햄버거(37%)가 가장 많이 올랐고, 떡볶이, 자장면 등도 30% 넘게 올랐다.",,indicator=SOURCE | value=SOURCE | unit=SOURCE | time=MISSING | frequency=NOT_APPLICABLE | region=NOT_APPLICABLE | population=NOT_APPLICABLE | dimension=NOT_APPLICABLE | comparison=SOURCE | calculation=SOURCE | condition=NOT_APPLICABLE | source_hint=NOT_APPLICABLE,아니오,0,0,0,HUMAN_REVIEW,CLAIM_PARSE,CONTEXT_REQUIRED,CONTEXT,,CLAIM_SPLIT~CLAIM_PARSE,HUMAN_REVIEW,CONTEXT_REQUIRED,,,,,0,,,
A02167,25,A02167_25,A02167_25,"전체 소비자물가 상승률보다 낮게 오른 품목은 소주, 해물찜, 커피 등 4품목뿐이었다.",,indicator=SOURCE | value=MISSING | unit=MISSING | time=MISSING | frequency=NOT_APPLICABLE | region=NOT_APPLICABLE | population=NOT_APPLICABLE | dimension=NOT_APPLICABLE | comparison=NOT_APPLICABLE | calculation=SOURCE | condition=SOURCE | source_hint=NOT_APPLICABLE,아니오,0,0,0,HUMAN_REVIEW,CLAIM_PARSE,CONTEXT_REQUIRED,CONTEXT,,CLAIM_SPLIT~CLAIM_PARSE,HUMAN_REVIEW,CONTEXT_REQUIRED,,,,,0,,,
A02167,3,A02167_3,A02167_3,"특히 김밥·햄버거 등 국내 외식 39품목 중 30종 가격은 지난 5년간 20% 넘게 올라, 외식 품목 대부분의 가격 상승률이 같은 기간 소비자물가 상승률(16.9%)을 앞질렀다.",,indicator=SOURCE | value=SOURCE | unit=SOURCE | time=MISSING | frequency=NOT_APPLICABLE | region=SOURCE | population=NOT_APPLICABLE | dimension=NOT_APPLICABLE | comparison=SOURCE | calculation=SOURCE | condition=SOURCE | source_hint=NOT_APPLICABLE,아니오,0,0,0,HUMAN_REVIEW,CLAIM_PARSE,CONTEXT_REQUIRED,CONTEXT,,CLAIM_SPLIT~CLAIM_PARSE,HUMAN_REVIEW,CONTEXT_REQUIRED,,,,,0,,,
A02184,16,A02184_16,A02184_16,"40대에서도 고졸 실업률은 3.3%, 대졸은 1.6%에 불과했다.",,indicator=SOURCE | value=SOURCE | unit=SOURCE | time=MISSING | frequency=NOT_APPLICABLE | region=NOT_APPLICABLE | population=NOT_APPLICABLE | dimension=NOT_APPLICABLE | comparison=SOURCE | calculation=SOURCE | condition=NOT_APPLICABLE | source_hint=NOT_APPLICABLE,아니오,0,0,0,HUMAN_REVIEW,CLAIM_PARSE,CONTEXT_REQUIRED,CONTEXT,,CLAIM_SPLIT~CLAIM_PARSE,HUMAN_REVIEW,CONTEXT_REQUIRED,,,,,0,,,
A02184,17,A02184_17,A02184_17,"50대도 고졸 실업률이 2%, 대졸이 1.5%로 마찬가지였다.",,indicator=SOURCE | value=SOURCE | unit=SOURCE | time=MISSING | frequency=NOT_APPLICABLE | region=NOT_APPLICABLE | population=NOT_APPLICABLE | dimension=NOT_APPLICABLE | comparison=SOURCE | calculation=SOURCE | condition=NOT_APPLICABLE | source_hint=NOT_APPLICABLE,아니오,0,0,0,HUMAN_REVIEW,CLAIM_PARSE,CONTEXT_REQUIRED,CONTEXT,,CLAIM_SPLIT~CLAIM_PARSE,HUMAN_REVIEW,CONTEXT_REQUIRED,,,,,0,,,
A02184,7,A02184_7,A02184_7,"◇20대 후반 대졸 실업률이 고졸보다 높아 16일 통계청 경제활동인구조사에 따르면, 주 취업 연령대인 20대 후반(25~29세) 고졸 실업률은 지난 1분기(1~3월)에 5.5%로 같은 연령대 대졸(전문대졸·4년제졸·대학원졸 포함) 실업률(6.7%)보다 1.2%포인트 낮았다.",,indicator=SOURCE | value=SOURCE | unit=SOURCE | time=SOURCE | frequency=SOURCE | region=NOT_APPLICABLE | population=NOT_APPLICABLE | dimension=SOURCE | comparison=SOURCE | calculation=SOURCE | condition=NOT_APPLICABLE | source_hint=SOURCE,예,0,0,0,HUMAN_REVIEW,CLAIM_PARSE,CONTEXT_REQUIRED,CONTEXT,,CLAIM_SPLIT~CLAIM_PARSE,HUMAN_REVIEW,CONTEXT_REQUIRED,,,,,0,,,
A02189,13,A02189_13,A02189_13,"국내 수입차 시장이 확대되면서 2010년부턴 연간 판매량이 1만대를 넘어섰고, 2017년엔 연간 5만대를 기록하기도 했다.",,indicator=SOURCE | value=SOURCE | unit=SOURCE | time=SOURCE | frequency=SOURCE | region=SOURCE | population=NOT_APPLICABLE | dimension=NOT_APPLICABLE | comparison=SOURCE | calculation=SOURCE | condition=SOURCE | source_hint=NOT_APPLICABLE,예,0,0,0,HUMAN_REVIEW,CLAIM_PARSE,CONTEXT_REQUIRED,CONTEXT,,CLAIM_SPLIT~CLAIM_PARSE,HUMAN_REVIEW,CONTEXT_REQUIRED,,,,,0,,,
A02204,10,A02204_10,A02204_10,"경북 봉화군, 인천 강화군 등 84개 인구감소지역의 경우 1인당 2만원이 추가 지원, 1인당 17~42만원의 소비쿠폰이 지급된다.",,indicator=SOURCE | value=SOURCE | unit=SOURCE | time=MISSING | frequency=NOT_APPLICABLE | region=SOURCE | population=NOT_APPLICABLE | dimension=NOT_APPLICABLE | comparison=SOURCE | calculation=SOURCE | condition=SOURCE | source_hint=NOT_APPLICABLE,아니오,0,0,0,HUMAN_REVIEW,CLAIM_PARSE,CONTEXT_REQUIRED,CONTEXT,,CLAIM_SPLIT~CLAIM_PARSE,HUMAN_REVIEW,CONTEXT_REQUIRED,,,,,0,,,
A02206,12,A02206_12,A02206_12,"경북 봉화군, 인천 강화군 등 84개 인구감소지역에서는 할인율이 10%에서 15%로 높아진다.",,indicator=SOURCE | value=SOURCE | unit=SOURCE | time=MISSING | frequency=NOT_APPLICABLE | region=SOURCE | population=NOT_APPLICABLE | dimension=NOT_APPLICABLE | comparison=SOURCE | calculation=SOURCE | condition=SOURCE | source_hint=NOT_APPLICABLE,아니오,0,0,0,HUMAN_REVIEW,CLAIM_PARSE,CONTEXT_REQUIRED,CONTEXT,,CLAIM_SPLIT~CLAIM_PARSE,HUMAN_REVIEW,CONTEXT_REQUIRED,,,,,0,,,
A02206,13,A02206_13,A02206_13,인구감소지역에서 1만원권 지역화폐를 8500원에 살 수 있게 된 것이다.,,indicator=SOURCE | value=SOURCE | unit=SOURCE | time=MISSING | frequency=NOT_APPLICABLE | region=NOT_APPLICABLE | population=NOT_APPLICABLE | dimension=NOT_APPLICABLE | comparison=SOURCE | calculation=SOURCE | condition=SOURCE | source_hint=NOT_APPLICABLE,아니오,0,0,0,HUMAN_REVIEW,CLAIM_PARSE,CONTEXT_REQUIRED,CONTEXT,,CLAIM_SPLIT~CLAIM_PARSE,HUMAN_REVIEW,CONTEXT_REQUIRED,,,,,0,,,
A02209,13,A02209_13,A02209_13,GDP 대비 관리재정수지 비율은 –4.2%로 재정준칙 목표치(-3%)를 넘어선다.,,indicator=SOURCE | value=SOURCE | unit=SOURCE | time=MISSING | frequency=NOT_APPLICABLE | region=NOT_APPLICABLE | population=NOT_APPLICABLE | dimension=NOT_APPLICABLE | comparison=SOURCE | calculation=SOURCE | condition=SOURCE | source_hint=NOT_APPLICABLE,아니오,0,0,0,HUMAN_REVIEW,CLAIM_PARSE,CONTEXT_REQUIRED,CONTEXT,,CLAIM_SPLIT~CLAIM_PARSE,HUMAN_REVIEW,CONTEXT_REQUIRED,,,,,0,,,
A02209,15,A02209_15,A02209_15,기획재정부는 관리재정수지 적자 규모를 GDP의 3% 이내로 제한하는 재정준칙 법제화를 추진해왔다.,,indicator=SOURCE | value=SOURCE | unit=SOURCE | time=MISSING | frequency=NOT_APPLICABLE | region=NOT_APPLICABLE | population=NOT_APPLICABLE | dimension=NOT_APPLICABLE | comparison=NOT_APPLICABLE | calculation=SOURCE | condition=NOT_APPLICABLE | source_hint=SOURCE,아니오,0,0,0,HUMAN_REVIEW,CLAIM_PARSE,CONTEXT_REQUIRED,CONTEXT,,CLAIM_SPLIT~CLAIM_PARSE,HUMAN_REVIEW,CONTEXT_REQUIRED,,,,,0,,,
A02209,2,A02209_2,A02209_2,국내총생산(GDP) 대비 국가채무 비율도 49%를 넘어 ‘재정준칙 상한선’인 50%에 육박하게 된다.,,indicator=SOURCE | value=SOURCE | unit=SOURCE | time=MISSING | frequency=NOT_APPLICABLE | region=SOURCE | population=NOT_APPLICABLE | dimension=NOT_APPLICABLE | comparison=SOURCE | calculation=SOURCE | condition=SOURCE | source_hint=NOT_APPLICABLE,아니오,0,0,0,HUMAN_REVIEW,CLAIM_PARSE,CONTEXT_REQUIRED,CONTEXT,,CLAIM_SPLIT~CLAIM_PARSE,HUMAN_REVIEW,CONTEXT_REQUIRED,,,,,0,,,
A02213,7,A02213_7,A02213_7,"경북 봉화, 인천 옹진 등 84개 농어촌 인구 소멸 지역 주민 411만명은 1인당 2만원을 더 받는다.",,indicator=SOURCE | value=SOURCE | unit=SOURCE | time=MISSING | frequency=NOT_APPLICABLE | region=SOURCE | population=NOT_APPLICABLE | dimension=NOT_APPLICABLE | comparison=SOURCE | calculation=SOURCE | condition=NOT_APPLICABLE | source_hint=NOT_APPLICABLE,아니오,0,0,0,HUMAN_REVIEW,CLAIM_PARSE,CONTEXT_REQUIRED,CONTEXT,,CLAIM_SPLIT~CLAIM_PARSE,HUMAN_REVIEW,CONTEXT_REQUIRED,,,,,0,,,
A02219,36,A02219_36,A02219_36,"국내총생산(GDP) 대비 국가채무 비율도 ... ""세금은 우리가 70% 넘게 내는데…"" 상위 10%의 불만 정부가 2차 추가경정예산(추경)안을 통해 국민 1인당 15~52만원의 민생회복 소비 쿠폰을 지급하기로 하자, 최저 구간인 15만원을 받게 된 상...",,indicator=SOURCE | value=SOURCE | unit=SOURCE | time=MISSING | frequency=NOT_APPLICABLE | region=SOURCE | population=NOT_APPLICABLE | dimension=NOT_APPLICABLE | comparison=SOURCE | calculation=SOURCE | condition=NOT_APPLICABLE | source_hint=NOT_APPLICABLE,아니오,0,0,0,HUMAN_REVIEW,CLAIM_PARSE,CONTEXT_REQUIRED,CONTEXT,,CLAIM_SPLIT~CLAIM_PARSE,HUMAN_REVIEW,CONTEXT_REQUIRED,,,,,0,,,
A02222,5,A02222_5,A02222_5,"또 경북 봉화, 인천 강화 등 84개 인구 소멸 지역 지역 화폐는 할인율이 10%에서 15%로 높아진다.",,indicator=SOURCE | value=SOURCE | unit=SOURCE | time=MISSING | frequency=NOT_APPLICABLE | region=SOURCE | population=NOT_APPLICABLE | dimension=NOT_APPLICABLE | comparison=SOURCE | calculation=SOURCE | condition=NOT_APPLICABLE | source_hint=NOT_APPLICABLE,아니오,0,0,0,HUMAN_REVIEW,CLAIM_PARSE,CONTEXT_REQUIRED,CONTEXT,,CLAIM_SPLIT~CLAIM_PARSE,HUMAN_REVIEW,CONTEXT_REQUIRED,,,,,0,,,
A02222,6,A02222_6,A02222_6,인구 감소 지역에서는 1만원권 지역 화폐를 8500원에 살 수 있게 된 것이다.,,indicator=SOURCE | value=SOURCE | unit=SOURCE | time=MISSING | frequency=NOT_APPLICABLE | region=NOT_APPLICABLE | population=NOT_APPLICABLE | dimension=NOT_APPLICABLE | comparison=SOURCE | calculation=SOURCE | condition=SOURCE | source_hint=NOT_APPLICABLE,아니오,0,0,0,HUMAN_REVIEW,CLAIM_PARSE,CONTEXT_REQUIRED,CONTEXT,,CLAIM_SPLIT~CLAIM_PARSE,HUMAN_REVIEW,CONTEXT_REQUIRED,,,,,0,,,
A02223,7,A02223_7,A02223_7,"경북 봉화, 인천 강화 등 전국 84개의 농어촌 인구 소멸 지역 주민 411만명은 1인당 2만원을 더 받는다.",,indicator=SOURCE | value=SOURCE | unit=SOURCE | time=MISSING | frequency=NOT_APPLICABLE | region=SOURCE | population=NOT_APPLICABLE | dimension=NOT_APPLICABLE | comparison=SOURCE | calculation=SOURCE | condition=NOT_APPLICABLE | source_hint=NOT_APPLICABLE,아니오,0,0,0,HUMAN_REVIEW,CLAIM_PARSE,CONTEXT_REQUIRED,CONTEXT,,CLAIM_SPLIT~CLAIM_PARSE,HUMAN_REVIEW,CONTEXT_REQUIRED,,,,,0,,,
A02251,6,A02251_6,A02251_6,"올해 1~4월 아이오닉5(9663대)와 코나 EV(5916대)의 수출량은 작년 동기 대비 각각 65%, 42% 급감했다.",,indicator=SOURCE | value=SOURCE | unit=SOURCE | time=SOURCE | frequency=SOURCE | region=NOT_APPLICABLE | population=NOT_APPLICABLE | dimension=NOT_APPLICABLE | comparison=SOURCE | calculation=SOURCE | condition=NOT_APPLICABLE | source_hint=NOT_APPLICABLE,예,0,0,0,HUMAN_REVIEW,CLAIM_PARSE,CONTEXT_REQUIRED,CONTEXT,,CLAIM_SPLIT~CLAIM_PARSE,HUMAN_REVIEW,CONTEXT_REQUIRED,,,,,0,,,
A02256,1,A02256_1,A02256_1,반도체와 자동차 등 주력 품목 수출이 크게 늘면서 올 들어 지난 20일까지 우리나라 수출이 8% 넘게 증가했다고 관세청이 23일 밝혔다.,,indicator=SOURCE | value=SOURCE | unit=SOURCE | time=MISSING | frequency=NOT_APPLICABLE | region=SOURCE | population=NOT_APPLICABLE | dimension=SOURCE | comparison=MISSING | calculation=SOURCE | condition=SOURCE | source_hint=SOURCE,아니오,0,0,0,HUMAN_REVIEW,CLAIM_PARSE,CONTEXT_REQUIRED,CONTEXT,,CLAIM_SPLIT~CLAIM_PARSE,HUMAN_REVIEW,CONTEXT_REQUIRED,,,,,0,,,
A02256,4,A02256_4,A02256_4,"반도체와 승용차 등 주력 수출 품목이 각각 21.8%, 9.2% 늘어난 영향이 컸다.",,indicator=SOURCE | value=SOURCE | unit=SOURCE | time=MISSING | frequency=NOT_APPLICABLE | region=NOT_APPLICABLE | population=NOT_APPLICABLE | dimension=SOURCE | comparison=SOURCE | calculation=SOURCE | condition=SOURCE | source_hint=NOT_APPLICABLE,아니오,0,0,0,HUMAN_REVIEW,CLAIM_PARSE,CONTEXT_REQUIRED,CONTEXT,,CLAIM_SPLIT~CLAIM_PARSE,HUMAN_REVIEW,CONTEXT_REQUIRED,,,,,0,,,
A02256,8,A02256_8,A02256_8,이 기간 수입액은 360억6100만달러로 1년 전 대비 5.3% 증가했다.,,indicator=SOURCE | value=SOURCE | unit=SOURCE | time=MISSING | frequency=NOT_APPLICABLE | region=NOT_APPLICABLE | population=NOT_APPLICABLE | dimension=NOT_APPLICABLE | comparison=SOURCE | calculation=SOURCE | condition=SOURCE | source_hint=NOT_APPLICABLE,아니오,0,0,0,HUMAN_REVIEW,CLAIM_PARSE,CONTEXT_REQUIRED,CONTEXT,,CLAIM_SPLIT~CLAIM_PARSE,HUMAN_REVIEW,CONTEXT_REQUIRED,,,,,0,,,
A02256,9,A02256_9,A02256_9,수출액이 수입액을 웃돌아 26억2100만달러의 무역 흑자가 발생했다.,,indicator=SOURCE | value=SOURCE | unit=SOURCE | time=MISSING | frequency=NOT_APPLICABLE | region=NOT_APPLICABLE | population=NOT_APPLICABLE | dimension=NOT_APPLICABLE | comparison=NOT_APPLICABLE | calculation=SOURCE | condition=SOURCE | source_hint=NOT_APPLICABLE,아니오,0,0,0,HUMAN_REVIEW,CLAIM_PARSE,CONTEXT_REQUIRED,CONTEXT,,CLAIM_SPLIT~CLAIM_PARSE,HUMAN_REVIEW,CONTEXT_REQUIRED,,,,,0,,,
A02258,27,A02258_27,A02258_27,"배선영 전 연세대 경제대학원 교수는 “설비 투자는 GDP의 10% 정도를 차지해, 감소하면 국가 경쟁력에 나쁜 영향을 준다”며 “정부가 각종 규제를 완화해 기업의 설비 투자를 독려해야 한다”고 말했다.",,indicator=SOURCE | value=SOURCE | unit=SOURCE | time=MISSING | frequency=NOT_APPLICABLE | region=NOT_APPLICABLE | population=NOT_APPLICABLE | dimension=NOT_APPLICABLE | comparison=SOURCE | calculation=SOURCE | condition=SOURCE | source_hint=NOT_APPLICABLE,아니오,0,0,0,HUMAN_REVIEW,CLAIM_PARSE,CONTEXT_REQUIRED,CONTEXT,,CLAIM_SPLIT~CLAIM_PARSE,HUMAN_REVIEW,CONTEXT_REQUIRED,,,,,0,,,
A02264,4,A02264_4,A02264_4,"23일 한국수입차협회(KAIDA)에 따르면, 올 1~5월 PHEV 판매량은 6287대로 작년 동기(2913대) 대비 116% 늘었다.",,indicator=SOURCE | value=SOURCE | unit=SOURCE | time=SOURCE | frequency=SOURCE | region=SOURCE | population=NOT_APPLICABLE | dimension=NOT_APPLICABLE | comparison=SOURCE | calculation=SOURCE | condition=MISSING | source_hint=NOT_APPLICABLE,아니오,0,0,0,HUMAN_REVIEW,CLAIM_PARSE,CONTEXT_REQUIRED,CONTEXT,,CLAIM_SPLIT~CLAIM_PARSE,HUMAN_REVIEW,CONTEXT_REQUIRED,,,,,0,,,
A02274,11,A02274_11,A02274_11,실제 현대차·기아의 지난 5월 대미 수출 물량은 총 7만7892대로 작년 동월(9만9172대)보다 21.5％ 감소했다.,,indicator=SOURCE | value=SOURCE | unit=SOURCE | time=SOURCE | frequency=SOURCE | region=NOT_APPLICABLE | population=NOT_APPLICABLE | dimension=SOURCE | comparison=SOURCE | calculation=SOURCE | condition=SOURCE | source_hint=NOT_APPLICABLE,예,0,0,0,HUMAN_REVIEW,CLAIM_PARSE,CONTEXT_REQUIRED,CONTEXT,,CLAIM_SPLIT~CLAIM_PARSE,HUMAN_REVIEW,CONTEXT_REQUIRED,,,,,0,,,
A02282,6,A02282_6,A02282_6,출생아 수 증가율로 보면 1991년(8.7%) 이후 4월 기준 34년 만에 가장 높았다.,,indicator=SOURCE | value=SOURCE | unit=SOURCE | time=MISSING | frequency=NOT_APPLICABLE | region=NOT_APPLICABLE | population=NOT_APPLICABLE | dimension=NOT_APPLICABLE | comparison=MISSING | calculation=SOURCE | condition=SOURCE | source_hint=NOT_APPLICABLE,아니오,0,0,0,HUMAN_REVIEW,CLAIM_PARSE,CONTEXT_REQUIRED,CONTEXT,,CLAIM_SPLIT~CLAIM_PARSE,HUMAN_REVIEW,CONTEXT_REQUIRED,,,,,0,,,
A02282,7,A02282_7,A02282_7,"시도별 출생아 수를 보면, 제주를 제외한 전국 16개 시도에서 출생아 수가 늘었다.",,indicator=SOURCE | value=SOURCE | unit=SOURCE | time=MISSING | frequency=NOT_APPLICABLE | region=SOURCE | population=NOT_APPLICABLE | dimension=NOT_APPLICABLE | comparison=NOT_APPLICABLE | calculation=SOURCE | condition=NOT_APPLICABLE | source_hint=NOT_APPLICABLE,아니오,0,0,0,HUMAN_REVIEW,CLAIM_PARSE,CONTEXT_REQUIRED,CONTEXT,,CLAIM_SPLIT~CLAIM_PARSE,HUMAN_REVIEW,CONTEXT_REQUIRED,,,,,0,,,
A02285,24,A02285_24,A02285_24,"작년 말 기준 삼성 SSAFY 수료생(9144명) 가운데 취업자는 7727명으로, 85%의 취업률을 기록했다.",,indicator=SOURCE | value=SOURCE | unit=SOURCE | time=SOURCE | frequency=SOURCE | region=NOT_APPLICABLE | population=NOT_APPLICABLE | dimension=NOT_APPLICABLE | comparison=SOURCE | calculation=SOURCE | condition=NOT_APPLICABLE | source_hint=NOT_APPLICABLE,예,0,0,0,HUMAN_REVIEW,CLAIM_PARSE,CONTEXT_REQUIRED,CONTEXT,,CLAIM_SPLIT~CLAIM_PARSE,HUMAN_REVIEW,CONTEXT_REQUIRED,,,,,0,,,
A02291,16,A02291_16,A02291_16,"특히 대구(-24.3%), 광주(-18.5%), 세종(-19.4%) 등 8개 광역지자체의 건설업 성장률은 전국 평균 건설업 성장률보다 크게 낮은 것으로 집계됐다.",,indicator=SOURCE | value=SOURCE | unit=SOURCE | time=MISSING | frequency=NOT_APPLICABLE | region=SOURCE | population=NOT_APPLICABLE | dimension=SOURCE | comparison=SOURCE | calculation=SOURCE | condition=NOT_APPLICABLE | source_hint=NOT_APPLICABLE,아니오,0,0,0,HUMAN_REVIEW,CLAIM_PARSE,CONTEXT_REQUIRED,CONTEXT,,CLAIM_SPLIT~CLAIM_PARSE,HUMAN_REVIEW,CONTEXT_REQUIRED,,,,,0,,,
A02291,5,A02291_5,A02291_5,"실질 지역내총생산 성장률은 경북(1.6%), 울산(1.4%), 서울(1.0%) 순으로 높았다.",,indicator=SOURCE | value=SOURCE | unit=SOURCE | time=MISSING | frequency=NOT_APPLICABLE | region=SOURCE | population=NOT_APPLICABLE | dimension=NOT_APPLICABLE | comparison=SOURCE | calculation=SOURCE | condition=NOT_APPLICABLE | source_hint=NOT_APPLICABLE,아니오,0,0,0,HUMAN_REVIEW,CLAIM_PARSE,CONTEXT_REQUIRED,CONTEXT,,CLAIM_SPLIT~CLAIM_PARSE,HUMAN_REVIEW,CONTEXT_REQUIRED,,,,,0,,,
A02292,8,A02292_8,A02292_8,지난달 전체 소비자 물가 상승률(1.9%)보다 1.5%포인트 높다.,,indicator=SOURCE | value=SOURCE | unit=SOURCE | time=SOURCE | frequency=SOURCE | region=NOT_APPLICABLE | population=NOT_APPLICABLE | dimension=NOT_APPLICABLE | comparison=SOURCE | calculation=SOURCE | condition=SOURCE | source_hint=NOT_APPLICABLE,예,0,0,0,HUMAN_REVIEW,CLAIM_PARSE,CONTEXT_REQUIRED,CONTEXT,,CLAIM_SPLIT~CLAIM_PARSE,HUMAN_REVIEW,CONTEXT_REQUIRED,,,,,0,,,
A02293,1,A02293_1,A02293_1,"지난 4월 혼인 건수와 출생아 수가 전년 같은 달 대비 각각 4.9%, 8.7% 늘면서 10개월 연속 동반 증가했다.",,indicator=SOURCE | value=SOURCE | unit=SOURCE | time=SOURCE | frequency=SOURCE | region=NOT_APPLICABLE | population=NOT_APPLICABLE | dimension=NOT_APPLICABLE | comparison=SOURCE | calculation=SOURCE | condition=SOURCE | source_hint=NOT_APPLICABLE,예,0,0,0,HUMAN_REVIEW,CLAIM_PARSE,CONTEXT_REQUIRED,CONTEXT,,CLAIM_SPLIT~CLAIM_PARSE,HUMAN_REVIEW,CONTEXT_REQUIRED,,,,,0,,,
A02301,5,A02301_5,A02301_5,"중기부 측은 “사우디는 GDP(국내총생산)가 1조1000억달러로 중동 최대지만, 한국 중소기업의 사우디 수출은 10억달러(약 1조3600억원)로 전체 중소기업 수출의 0.9%에 불과한 상황”이라고 했다.",,indicator=SOURCE | value=SOURCE | unit=SOURCE | time=MISSING | frequency=NOT_APPLICABLE | region=SOURCE | population=NOT_APPLICABLE | dimension=NOT_APPLICABLE | comparison=SOURCE | calculation=SOURCE | condition=SOURCE | source_hint=NOT_APPLICABLE,아니오,0,0,0,HUMAN_REVIEW,CLAIM_PARSE,CONTEXT_REQUIRED,CONTEXT,,CLAIM_SPLIT~CLAIM_PARSE,HUMAN_REVIEW,CONTEXT_REQUIRED,,,,,0,,,
A02329,17,A02329_17,A02329_17,23일 테슬... 테슬라 5월 수입차 판매서 첫 1위...수입차 판매 16%↑ 지난달 수입차 판매량이 테슬라의 판매량 급증에 힘입어 작년 5월보다 16% 늘었다.,,indicator=SOURCE | value=SOURCE | unit=SOURCE | time=SOURCE | frequency=SOURCE | region=NOT_APPLICABLE | population=NOT_APPLICABLE | dimension=MISSING | comparison=SOURCE | calculation=SOURCE | condition=SOURCE | source_hint=NOT_APPLICABLE,아니오,0,0,0,HUMAN_REVIEW,CLAIM_PARSE,CONTEXT_REQUIRED,CONTEXT,,CLAIM_SPLIT~CLAIM_PARSE,HUMAN_REVIEW,CONTEXT_REQUIRED,,,,,0,,,
A02330,10,A02330_10,A02330_10,"수입 원유 가격 기준인 두바이유는 전주보다 배럴당 5.2달러 내린 70달러였고, 국제 휘발유 가격은 4.1달러 하락한 81.4달러, 국제 자동차용 경유 가격은 5.5달러 하락한 89.1달러로 집계됐다.",,indicator=SOURCE | value=SOURCE | unit=SOURCE | time=MISSING | frequency=NOT_APPLICABLE | region=NOT_APPLICABLE | population=NOT_APPLICABLE | dimension=SOURCE | comparison=SOURCE | calculation=SOURCE | condition=SOURCE | source_hint=NOT_APPLICABLE,아니오,0,0,0,HUMAN_REVIEW,CLAIM_PARSE,CONTEXT_REQUIRED,CONTEXT,,CLAIM_SPLIT~CLAIM_PARSE,HUMAN_REVIEW,CONTEXT_REQUIRED,,,,,0,,,
A02340,11,A02340_11,A02340_11,"반려동물을 기르는 개인은 1546만명으로, 총인구의 29.9%에 이른다.",,indicator=SOURCE | value=SOURCE | unit=SOURCE | time=MISSING | frequency=NOT_APPLICABLE | region=NOT_APPLICABLE | population=NOT_APPLICABLE | dimension=NOT_APPLICABLE | comparison=SOURCE | calculation=SOURCE | condition=NOT_APPLICABLE | source_hint=NOT_APPLICABLE,아니오,0,0,0,HUMAN_REVIEW,CLAIM_PARSE,CONTEXT_REQUIRED,CONTEXT,,CLAIM_SPLIT~CLAIM_PARSE,HUMAN_REVIEW,CONTEXT_REQUIRED,,,,,0,,,
A02343,13,A02343_13,A02343_13,향후 건설 경기를 가늠할 수 있는 건설 수주 실적도 발전·통신 분야 토목 수주 감소로 1년 전 대비 5.5% 줄었다.,,indicator=SOURCE | value=SOURCE | unit=SOURCE | time=MISSING | frequency=NOT_APPLICABLE | region=SOURCE | population=NOT_APPLICABLE | dimension=NOT_APPLICABLE | comparison=SOURCE | calculation=SOURCE | condition=SOURCE | source_hint=NOT_APPLICABLE,아니오,0,0,0,HUMAN_REVIEW,CLAIM_PARSE,CONTEXT_REQUIRED,CONTEXT,,CLAIM_SPLIT~CLAIM_PARSE,HUMAN_REVIEW,CONTEXT_REQUIRED,,,,,0,,,
A02343,5,A02343_5,A02343_5,제조업 생산이 3% 줄어드는 등 광공업 생산 부진 여파가 컸다.,,indicator=SOURCE | value=SOURCE | unit=SOURCE | time=MISSING | frequency=NOT_APPLICABLE | region=NOT_APPLICABLE | population=NOT_APPLICABLE | dimension=SOURCE | comparison=MISSING | calculation=SOURCE | condition=SOURCE | source_hint=NOT_APPLICABLE,아니오,0,0,0,HUMAN_REVIEW,CLAIM_PARSE,CONTEXT_REQUIRED,CONTEXT,,CLAIM_SPLIT~CLAIM_PARSE,HUMAN_REVIEW,CONTEXT_REQUIRED,,,,,0,,,
A02345,1,A02345_1,A02345_1,농림축산식품부가 1일부터 인구 소멸 지역으로 여행을 떠나는 관광객들의 대중교통비를 최대 50%까지 할인해주는 ‘농촌투어패스’ 사업을 진행한다고 30일 밝혔다.,,indicator=SOURCE | value=SOURCE | unit=SOURCE | time=MISSING | frequency=NOT_APPLICABLE | region=NOT_APPLICABLE | population=NOT_APPLICABLE | dimension=NOT_APPLICABLE | comparison=NOT_APPLICABLE | calculation=SOURCE | condition=SOURCE | source_hint=SOURCE,아니오,0,0,0,HUMAN_REVIEW,CLAIM_PARSE,CONTEXT_REQUIRED,CONTEXT,,CLAIM_SPLIT~CLAIM_PARSE,HUMAN_REVIEW,CONTEXT_REQUIRED,,,,,0,,,
A02345,2,A02345_2,A02345_2,"농식품부에 따르면, 이 패스를 구매한 관광객이 강원 삼척이나 충청 괴산 등 인구 소멸 지역으로 지정된 33개 기초자치단체를 갈 경우 버스비를 1만원 한도 내에서 최대 50%까지 할인해준다.",,indicator=SOURCE | value=SOURCE | unit=SOURCE | time=MISSING | frequency=NOT_APPLICABLE | region=SOURCE | population=NOT_APPLICABLE | dimension=NOT_APPLICABLE | comparison=SOURCE | calculation=SOURCE | condition=SOURCE | source_hint=SOURCE,아니오,0,0,0,HUMAN_REVIEW,CLAIM_PARSE,CONTEXT_REQUIRED,CONTEXT,,CLAIM_SPLIT~CLAIM_PARSE,HUMAN_REVIEW,CONTEXT_REQUIRED,,,,,0,,,
A02349,23,A02349_23,A02349_23,"전직 경제 부처 국장은 “35조원 규모의 두 차례 추가경정예산 편성으로 ‘급한 불’을 껐고, AI 생태계 조성과 북극 항로 개척 같은 장기 과제도 나와 있다”며 “새 경제팀은 내수와 건설 투자를 되살릴 3년 정도 시계의 중기 대책을 내놓아야 하는 상황”이라고 했다.",,indicator=SOURCE | value=SOURCE | unit=SOURCE | time=MISSING | frequency=NOT_APPLICABLE | region=NOT_APPLICABLE | population=NOT_APPLICABLE | dimension=NOT_APPLICABLE | comparison=NOT_APPLICABLE | calculation=SOURCE | condition=NOT_APPLICABLE | source_hint=NOT_APPLICABLE,아니오,0,0,0,HUMAN_REVIEW,CLAIM_PARSE,CONTEXT_REQUIRED,CONTEXT,,CLAIM_SPLIT~CLAIM_PARSE,HUMAN_REVIEW,CONTEXT_REQUIRED,,,,,0,,,
A02355,17,A02355_17,A02355_17,지난달 국내 수입차 판매량 1위에 오른 테슬라 SUV ‘모델 Y 주니퍼’는 핸들 옆 방향 지시등(깜박이) 레버가 주목을 받았다.,,indicator=SOURCE | value=SOURCE | unit=SOURCE | time=SOURCE | frequency=SOURCE | region=SOURCE | population=NOT_APPLICABLE | dimension=MISSING | comparison=NOT_APPLICABLE | calculation=SOURCE | condition=SOURCE | source_hint=NOT_APPLICABLE,아니오,0,0,0,HUMAN_REVIEW,CLAIM_PARSE,CONTEXT_REQUIRED,CONTEXT,,CLAIM_SPLIT~CLAIM_PARSE,HUMAN_REVIEW,CONTEXT_REQUIRED,,,,,0,,,
A02357,3,A02357_3,A02357_3,통계청은 30일 발표한 ‘5월 산업활동동향’에서 5월 전(全) 산업 생산이 전달 대비 1.1% 감소했다고 밝혔다.,,indicator=SOURCE | value=SOURCE | unit=SOURCE | time=MISSING | frequency=NOT_APPLICABLE | region=NOT_APPLICABLE | population=NOT_APPLICABLE | dimension=NOT_APPLICABLE | comparison=MISSING | calculation=SOURCE | condition=SOURCE | source_hint=SOURCE,아니오,0,0,0,HUMAN_REVIEW,CLAIM_PARSE,CONTEXT_REQUIRED,CONTEXT,,CLAIM_SPLIT~CLAIM_PARSE,HUMAN_REVIEW,CONTEXT_REQUIRED,,,,,0,,,
A02357,5,A02357_5,A02357_5,4월에 0.6% 줄었던 제조업 생산이 5월에는 3%나 감소한 영향이 컸다.,,indicator=SOURCE | value=SOURCE | unit=SOURCE | time=MISSING | frequency=NOT_APPLICABLE | region=NOT_APPLICABLE | population=NOT_APPLICABLE | dimension=SOURCE | comparison=SOURCE | calculation=SOURCE | condition=SOURCE | source_hint=NOT_APPLICABLE,아니오,0,0,0,HUMAN_REVIEW,CLAIM_PARSE,CONTEXT_REQUIRED,CONTEXT,,CLAIM_SPLIT~CLAIM_PARSE,HUMAN_REVIEW,CONTEXT_REQUIRED,,,,,0,,,
A02371,36,A02371_36,A02371_36,"▲야생동물 영업 허가제도 시행 =월 평균 10개체 이상의 야생동물을 판매하거나 수입, 생산·위탁관리 영업을 하고자 하는 이는 12월부터 지방자치단체장 허가를 받아야 한다.",,indicator=SOURCE | value=SOURCE | unit=SOURCE | time=MISSING | frequency=NOT_APPLICABLE | region=NOT_APPLICABLE | population=NOT_APPLICABLE | dimension=NOT_APPLICABLE | comparison=NOT_APPLICABLE | calculation=SOURCE | condition=SOURCE | source_hint=NOT_APPLICABLE,아니오,0,0,0,HUMAN_REVIEW,CLAIM_PARSE,CONTEXT_REQUIRED,CONTEXT,,CLAIM_SPLIT~CLAIM_PARSE,HUMAN_REVIEW,CONTEXT_REQUIRED,,,,,0,,,
A02375,1,A02375_1,A02375_1,6월 소비자 물가가 2.2% 올라 5개월 만에 최고치를 기록했다.,,indicator=SOURCE | value=SOURCE | unit=SOURCE | time=MISSING | frequency=NOT_APPLICABLE | region=NOT_APPLICABLE | population=NOT_APPLICABLE | dimension=NOT_APPLICABLE | comparison=SOURCE | calculation=SOURCE | condition=SOURCE | source_hint=NOT_APPLICABLE,아니오,0,0,0,HUMAN_REVIEW,CLAIM_PARSE,CONTEXT_REQUIRED,CONTEXT,,CLAIM_SPLIT~CLAIM_PARSE,HUMAN_REVIEW,CONTEXT_REQUIRED,,,,,0,,,
A02375,13,A02375_13,A02375_13,"통계청이 물가를 집계하는 73개 품목 가운데 빵(6.4%)과 라면(6.9%), 생수(3.7%) 등 62개 품목의 가격이 올랐다.",,indicator=SOURCE | value=SOURCE | unit=SOURCE | time=MISSING | frequency=NOT_APPLICABLE | region=NOT_APPLICABLE | population=NOT_APPLICABLE | dimension=NOT_APPLICABLE | comparison=SOURCE | calculation=SOURCE | condition=NOT_APPLICABLE | source_hint=SOURCE,아니오,0,0,0,HUMAN_REVIEW,CLAIM_PARSE,CONTEXT_REQUIRED,CONTEXT,,CLAIM_SPLIT~CLAIM_PARSE,HUMAN_REVIEW,CONTEXT_REQUIRED,,,,,0,,,
A02375,17,A02375_17,A02375_17,농축수산물은 1.5% 오르는 데 그쳤지만 달걀과 닭고기가 5% 넘게 오르면서 축산물 물가 상승률은 4.3%에 달했다.,,indicator=SOURCE | value=SOURCE | unit=SOURCE | time=MISSING | frequency=NOT_APPLICABLE | region=NOT_APPLICABLE | population=NOT_APPLICABLE | dimension=NOT_APPLICABLE | comparison=SOURCE | calculation=SOURCE | condition=SOURCE | source_hint=NOT_APPLICABLE,아니오,0,0,0,HUMAN_REVIEW,CLAIM_PARSE,CONTEXT_REQUIRED,CONTEXT,,CLAIM_SPLIT~CLAIM_PARSE,HUMAN_REVIEW,CONTEXT_REQUIRED,,,,,0,,,
A02375,26,A02375_26,A02375_26,"소비 빈도가 높은 식료품과 외식, 생활용품 물가를 집계한 생활물가지수 상승률은 지난달 2.5%로 전달(2.3%)보다 오름폭이 0.2%포인트 커졌다.",,indicator=SOURCE | value=SOURCE | unit=SOURCE | time=SOURCE | frequency=SOURCE | region=NOT_APPLICABLE | population=NOT_APPLICABLE | dimension=NOT_APPLICABLE | comparison=SOURCE | calculation=SOURCE | condition=SOURCE | source_hint=NOT_APPLICABLE,예,0,0,0,HUMAN_REVIEW,CLAIM_PARSE,CONTEXT_REQUIRED,CONTEXT,,CLAIM_SPLIT~CLAIM_PARSE,HUMAN_REVIEW,CONTEXT_REQUIRED,,,,,0,,,
A02375,27,A02375_27,A02375_27,다만 변동폭이 큰 식료품과 에너지를 제외한 근원물가 지수는 2% 올랐다.,,indicator=SOURCE | value=SOURCE | unit=SOURCE | time=MISSING | frequency=NOT_APPLICABLE | region=NOT_APPLICABLE | population=NOT_APPLICABLE | dimension=NOT_APPLICABLE | comparison=NOT_APPLICABLE | calculation=SOURCE | condition=NOT_APPLICABLE | source_hint=NOT_APPLICABLE,아니오,0,0,0,HUMAN_REVIEW,CLAIM_PARSE,CONTEXT_REQUIRED,CONTEXT,,CLAIM_SPLIT~CLAIM_PARSE,HUMAN_REVIEW,CONTEXT_REQUIRED,,,,,0,,,
A02375,5,A02375_5,A02375_5,소비자물가 상승률은 지난 5월 1.9%로 떨어졌지만 지난달 다시 2%대로 반등했다.,,indicator=SOURCE | value=SOURCE | unit=SOURCE | time=SOURCE | frequency=SOURCE | region=NOT_APPLICABLE | population=NOT_APPLICABLE | dimension=NOT_APPLICABLE | comparison=SOURCE | calculation=SOURCE | condition=SOURCE | source_hint=NOT_APPLICABLE,예,0,0,0,HUMAN_REVIEW,CLAIM_PARSE,CONTEXT_REQUIRED,CONTEXT,,CLAIM_SPLIT~CLAIM_PARSE,HUMAN_REVIEW,CONTEXT_REQUIRED,,,,,0,,,
A02375,6,A02375_6,A02375_6,가공식품이 1년새 4.6%나 올라 전체적인 소비자 물가 상승세를 이끌었다.,,indicator=SOURCE | value=SOURCE | unit=SOURCE | time=MISSING | frequency=NOT_APPLICABLE | region=NOT_APPLICABLE | population=NOT_APPLICABLE | dimension=NOT_APPLICABLE | comparison=MISSING | calculation=SOURCE | condition=SOURCE | source_hint=NOT_APPLICABLE,아니오,0,0,0,HUMAN_REVIEW,CLAIM_PARSE,CONTEXT_REQUIRED,CONTEXT,,CLAIM_SPLIT~CLAIM_PARSE,HUMAN_REVIEW,CONTEXT_REQUIRED,,,,,0,,,
A02377,2,A02377_2,A02377_2,구체적인 계약 규모는 밝히지 않았지만 방산 업계 안팎에선 K2 전차 총 180대를 67억달러(약 9조원)에 수출하는 것으로 알려졌다.,,indicator=SOURCE | value=SOURCE | unit=SOURCE | time=MISSING | frequency=NOT_APPLICABLE | region=NOT_APPLICABLE | population=NOT_APPLICABLE | dimension=NOT_APPLICABLE | comparison=SOURCE | calculation=SOURCE | condition=NOT_APPLICABLE | source_hint=NOT_APPLICABLE,아니오,0,0,0,HUMAN_REVIEW,CLAIM_PARSE,CONTEXT_REQUIRED,CONTEXT,,CLAIM_SPLIT~CLAIM_PARSE,HUMAN_REVIEW,CONTEXT_REQUIRED,,,,,0,,,
A02377,36,A02377_36,A02377_36,"총 180대, 9조원 규모 계약으로 K방산 수출 금액... K방산, 대포 넘어 전투기로… 6국에 150여대 수출 K방산이 필리핀에 7억달러(약 1조원) 규모 국산 다목적 전투기 추가 수출을 따냈다.",,indicator=SOURCE | value=SOURCE | unit=SOURCE | time=MISSING | frequency=NOT_APPLICABLE | region=NOT_APPLICABLE | population=NOT_APPLICABLE | dimension=NOT_APPLICABLE | comparison=SOURCE | calculation=SOURCE | condition=SOURCE | source_hint=NOT_APPLICABLE,아니오,0,0,0,HUMAN_REVIEW,CLAIM_PARSE,CONTEXT_REQUIRED,CONTEXT,,CLAIM_SPLIT~CLAIM_PARSE,HUMAN_REVIEW,CONTEXT_REQUIRED,,,,,0,,,
A02377,6,A02377_6,A02377_6,"특히 이번에는 수출 물량은 같지만 계약 금액은 2배 가까이 커지면서, 우리 방위산업이 한층 더 ‘진화’했다는 평가가 나온다.",,indicator=SOURCE | value=SOURCE | unit=SOURCE | time=MISSING | frequency=NOT_APPLICABLE | region=NOT_APPLICABLE | population=NOT_APPLICABLE | dimension=NOT_APPLICABLE | comparison=SOURCE | calculation=SOURCE | condition=NOT_APPLICABLE | source_hint=NOT_APPLICABLE,아니오,0,0,0,HUMAN_REVIEW,CLAIM_PARSE,CONTEXT_REQUIRED,CONTEXT,,CLAIM_SPLIT~CLAIM_PARSE,HUMAN_REVIEW,CONTEXT_REQUIRED,,,,,0,,,
A02385,31,A02385_31,A02385_31,외식 물가도 3.1%나 뛰었다.,,indicator=SOURCE | value=SOURCE | unit=SOURCE | time=MISSING | frequency=NOT_APPLICABLE | region=NOT_APPLICABLE | population=NOT_APPLICABLE | dimension=NOT_APPLICABLE | comparison=NOT_APPLICABLE | calculation=SOURCE | condition=NOT_APPLICABLE | source_hint=NOT_APPLICABLE,아니오,0,0,0,HUMAN_REVIEW,CLAIM_PARSE,CONTEXT_REQUIRED,CONTEXT,,CLAIM_SPLIT~CLAIM_PARSE,HUMAN_REVIEW,CONTEXT_REQUIRED,,,,,0,,,
A02385,4,A02385_4,A02385_4,소비자 물가 상승률은 지난 5월 1.9%로 주춤했다가 이번에 다시 2%대로 반등했다.,,indicator=SOURCE | value=SOURCE | unit=SOURCE | time=SOURCE | frequency=SOURCE | region=NOT_APPLICABLE | population=NOT_APPLICABLE | dimension=NOT_APPLICABLE | comparison=SOURCE | calculation=SOURCE | condition=SOURCE | source_hint=NOT_APPLICABLE,예,0,0,0,HUMAN_REVIEW,CLAIM_PARSE,CONTEXT_REQUIRED,CONTEXT,,CLAIM_SPLIT~CLAIM_PARSE,HUMAN_REVIEW,CONTEXT_REQUIRED,,,,,0,,,
A02388,8,A02388_8,A02388_8,아이스크림(23.1%)과 소스류(18.4%)의 수출 증가율도 높았다.,,indicator=SOURCE | value=SOURCE | unit=SOURCE | time=MISSING | frequency=NOT_APPLICABLE | region=NOT_APPLICABLE | population=NOT_APPLICABLE | dimension=NOT_APPLICABLE | comparison=SOURCE | calculation=SOURCE | condition=SOURCE | source_hint=NOT_APPLICABLE,아니오,0,0,0,HUMAN_REVIEW,CLAIM_PARSE,CONTEXT_REQUIRED,CONTEXT,,CLAIM_SPLIT~CLAIM_PARSE,HUMAN_REVIEW,CONTEXT_REQUIRED,,,,,0,,,
A02395,10,A02395_10,A02395_10,"1960년에는 13세 이상 인구 중 문맹자 수가 445만4004명으로 크게 줄었고, 1970년에는 학교에 입학하지 않은 6세 이상 인구(약 512만명) 중 글을 모른다고 응답한 인구가 229만9323명으로 나타났다.",,indicator=SOURCE | value=SOURCE | unit=SOURCE | time=MISSING | frequency=NOT_APPLICABLE | region=NOT_APPLICABLE | population=NOT_APPLICABLE | dimension=NOT_APPLICABLE | comparison=SOURCE | calculation=SOURCE | condition=SOURCE | source_hint=NOT_APPLICABLE,아니오,0,0,0,HUMAN_REVIEW,CLAIM_PARSE,CONTEXT_REQUIRED,CONTEXT,,CLAIM_SPLIT~CLAIM_PARSE,HUMAN_REVIEW,CONTEXT_REQUIRED,,,,,0,,,
A02395,6,A02395_6,A02395_6,이는 당시 추계 인구(2150만2386명)의 0.8%였다.,,indicator=SOURCE | value=SOURCE | unit=SOURCE | time=MISSING | frequency=NOT_APPLICABLE | region=NOT_APPLICABLE | population=NOT_APPLICABLE | dimension=NOT_APPLICABLE | comparison=SOURCE | calculation=SOURCE | condition=NOT_APPLICABLE | source_hint=NOT_APPLICABLE,아니오,0,0,0,HUMAN_REVIEW,CLAIM_PARSE,CONTEXT_REQUIRED,CONTEXT,,CLAIM_SPLIT~CLAIM_PARSE,HUMAN_REVIEW,CONTEXT_REQUIRED,,,,,0,,,
A02395,9,A02395_9,A02395_9,1930년 당시 조선인 인구 2043만명 중 1588만8127명(77.8%)이 ‘가나와 국문을 둘 다 못 하는 자’로 집계됐다.,,indicator=SOURCE | value=SOURCE | unit=SOURCE | time=MISSING | frequency=NOT_APPLICABLE | region=NOT_APPLICABLE | population=NOT_APPLICABLE | dimension=NOT_APPLICABLE | comparison=SOURCE | calculation=SOURCE | condition=NOT_APPLICABLE | source_hint=NOT_APPLICABLE,아니오,0,0,0,HUMAN_REVIEW,CLAIM_PARSE,CONTEXT_REQUIRED,CONTEXT,,CLAIM_SPLIT~CLAIM_PARSE,HUMAN_REVIEW,CONTEXT_REQUIRED,,,,,0,,,
A02396,4,A02396_4,A02396_4,"보고서에 따르면 민간 서비스업은 지난해 명목 국내총생산(GDP)의 44%, 취업자 수의 65%를 차지하는 수준으로 커졌지만 코로나 팬데믹 이후 생산성은 장기 추세보다 7~10% 밑돌며 정체되고 있다.",,indicator=SOURCE | value=SOURCE | unit=SOURCE | time=SOURCE | frequency=SOURCE | region=SOURCE | population=NOT_APPLICABLE | dimension=SOURCE | comparison=SOURCE | calculation=SOURCE | condition=SOURCE | source_hint=NOT_APPLICABLE,예,0,0,0,HUMAN_REVIEW,CLAIM_PARSE,CONTEXT_REQUIRED,CONTEXT,,CLAIM_SPLIT~CLAIM_PARSE,HUMAN_REVIEW,CONTEXT_REQUIRED,,,,,0,,,
A02407,15,A02407_15,A02407_15,국민의힘이 불참한 채 열린 이날 국회 본회의에서 더불어민... 가공식품 물가 4.6%↑ 새 정부 출범에도 고공행진 6월 소비자 물가가 2.2% 올라 5개월 만에 최고치를 기록했다.,,indicator=SOURCE | value=SOURCE | unit=SOURCE | time=MISSING | frequency=NOT_APPLICABLE | region=NOT_APPLICABLE | population=NOT_APPLICABLE | dimension=NOT_APPLICABLE | comparison=SOURCE | calculation=SOURCE | condition=SOURCE | source_hint=NOT_APPLICABLE,아니오,0,0,0,HUMAN_REVIEW,CLAIM_PARSE,CONTEXT_REQUIRED,CONTEXT,,CLAIM_SPLIT~CLAIM_PARSE,HUMAN_REVIEW,CONTEXT_REQUIRED,,,,,0,,,
A02412,5,A02412_5,A02412_5,"수도권(서울·경기·인천) 이외 지역 주민은 3만원을, 경북 봉화와 인천 강화 등 농·어촌 인구감소지역(84개 시·군) 주민은 5만원을 더 받는다.",,indicator=SOURCE | value=SOURCE | unit=SOURCE | time=MISSING | frequency=NOT_APPLICABLE | region=SOURCE | population=NOT_APPLICABLE | dimension=NOT_APPLICABLE | comparison=SOURCE | calculation=SOURCE | condition=SOURCE | source_hint=NOT_APPLICABLE,아니오,0,0,0,HUMAN_REVIEW,CLAIM_PARSE,CONTEXT_REQUIRED,CONTEXT,,CLAIM_SPLIT~CLAIM_PARSE,HUMAN_REVIEW,CONTEXT_REQUIRED,,,,,0,,,
A02414,10,A02414_10,A02414_10,"그러나 추경안 국회 심사 과정에서 민주당이 비수도권과 농어촌 인구 소멸 지역 거주자들에게 각각 3만원, 5만원의 소비 쿠폰을 추가 지급하자며 6000억원가량을 증액했고 이 안이 국회 본회의에서 통과됐다.",,indicator=SOURCE | value=SOURCE | unit=SOURCE | time=MISSING | frequency=NOT_APPLICABLE | region=NOT_APPLICABLE | population=NOT_APPLICABLE | dimension=NOT_APPLICABLE | comparison=SOURCE | calculation=SOURCE | condition=NOT_APPLICABLE | source_hint=NOT_APPLICABLE,아니오,0,0,0,HUMAN_REVIEW,CLAIM_PARSE,CONTEXT_REQUIRED,CONTEXT,,CLAIM_SPLIT~CLAIM_PARSE,HUMAN_REVIEW,CONTEXT_REQUIRED,,,,,0,,,
A02414,11,A02414_11,A02414_11,"최종적으로 비수도권 거주자는 최대 53만원, 인구 소멸 지역 거주자는 최대 55만원까지 소비 쿠폰을 받을 수 있게 된 것이다.",,indicator=SOURCE | value=SOURCE | unit=SOURCE | time=MISSING | frequency=NOT_APPLICABLE | region=NOT_APPLICABLE | population=NOT_APPLICABLE | dimension=NOT_APPLICABLE | comparison=SOURCE | calculation=SOURCE | condition=SOURCE | source_hint=NOT_APPLICABLE,아니오,0,0,0,HUMAN_REVIEW,CLAIM_PARSE,CONTEXT_REQUIRED,CONTEXT,,CLAIM_SPLIT~CLAIM_PARSE,HUMAN_REVIEW,CONTEXT_REQUIRED,,,,,0,,,
A02414,2,A02414_2,A02414_2,"전 국민에게 15만~50만원을 지급하되, 비수도권과 농어촌 인구 감소 지역 주민에게는 각각 3만원, 5만원을 추가 지원하는 것으로 확정됐다.",,indicator=SOURCE | value=SOURCE | unit=SOURCE | time=MISSING | frequency=NOT_APPLICABLE | region=NOT_APPLICABLE | population=NOT_APPLICABLE | dimension=NOT_APPLICABLE | comparison=SOURCE | calculation=SOURCE | condition=SOURCE | source_hint=NOT_APPLICABLE,아니오,0,0,0,HUMAN_REVIEW,CLAIM_PARSE,CONTEXT_REQUIRED,CONTEXT,,CLAIM_SPLIT~CLAIM_PARSE,HUMAN_REVIEW,CONTEXT_REQUIRED,,,,,0,,,
A02414,9,A02414_9,A02414_9,당초 정부는 1차 지급 때 전국 84개의 농어촌 인구 소멸 지역 주민들에게 소득 수준과 무관하게 1인당 2만원을 더 주기로 했다.,,indicator=SOURCE | value=SOURCE | unit=SOURCE | time=MISSING | frequency=NOT_APPLICABLE | region=SOURCE | population=NOT_APPLICABLE | dimension=NOT_APPLICABLE | comparison=SOURCE | calculation=SOURCE | condition=NOT_APPLICABLE | source_hint=NOT_APPLICABLE,아니오,0,0,0,HUMAN_REVIEW,CLAIM_PARSE,CONTEXT_REQUIRED,CONTEXT,,CLAIM_SPLIT~CLAIM_PARSE,HUMAN_REVIEW,CONTEXT_REQUIRED,,,,,0,,,
A02416,18,A02416_18,A02416_18,"정부 돈 투입 대비 국내총생산(GDP) 성장이 늘어나는 것을 정부지출승수라고 하는데, 이창용 한은 총재는 지난 4월 “정부지출승수를 0.4~0.5 정도로 보고 있다”고 했다.",,indicator=SOURCE | value=MISSING | unit=MISSING | time=SOURCE | frequency=SOURCE | region=SOURCE | population=NOT_APPLICABLE | dimension=NOT_APPLICABLE | comparison=NOT_APPLICABLE | calculation=SOURCE | condition=SOURCE | source_hint=NOT_APPLICABLE,아니오,0,0,0,HUMAN_REVIEW,CLAIM_PARSE,CONTEXT_REQUIRED,CONTEXT,,CLAIM_SPLIT~CLAIM_PARSE,HUMAN_REVIEW,CONTEXT_REQUIRED,,,,,0,,,
A02416,19,A02416_19,A02416_19,정부가 예산을 1원 쓰면 GDP는 0.4~0.5원 늘어난다는 뜻이다.,,indicator=SOURCE | value=SOURCE | unit=SOURCE | time=MISSING | frequency=NOT_APPLICABLE | region=NOT_APPLICABLE | population=NOT_APPLICABLE | dimension=NOT_APPLICABLE | comparison=SOURCE | calculation=SOURCE | condition=SOURCE | source_hint=NOT_APPLICABLE,아니오,0,0,0,HUMAN_REVIEW,CLAIM_PARSE,CONTEXT_REQUIRED,CONTEXT,,CLAIM_SPLIT~CLAIM_PARSE,HUMAN_REVIEW,CONTEXT_REQUIRED,,,,,0,,,
A02416,20,A02416_20,A02416_20,이에 이 총재는 최근 추경 편성으로 성장률이 0.2%포인트 오를 것이라고 하기도 했다.,,indicator=SOURCE | value=SOURCE | unit=SOURCE | time=MISSING | frequency=NOT_APPLICABLE | region=NOT_APPLICABLE | population=NOT_APPLICABLE | dimension=NOT_APPLICABLE | comparison=NOT_APPLICABLE | calculation=SOURCE | condition=NOT_APPLICABLE | source_hint=NOT_APPLICABLE,아니오,0,0,0,HUMAN_REVIEW,CLAIM_PARSE,CONTEXT_REQUIRED,CONTEXT,,CLAIM_SPLIT~CLAIM_PARSE,HUMAN_REVIEW,CONTEXT_REQUIRED,,,,,0,,,
A02416,22,A02416_22,A02416_22,◇“2차 추경으로 성장률 0.8→0.9%” 추경이 어떤 효과를 보일지는 민생 회복 소비 쿠폰에 달려 있다는 말이 나온다.,,indicator=SOURCE | value=SOURCE | unit=SOURCE | time=MISSING | frequency=NOT_APPLICABLE | region=NOT_APPLICABLE | population=NOT_APPLICABLE | dimension=NOT_APPLICABLE | comparison=NOT_APPLICABLE | calculation=SOURCE | condition=NOT_APPLICABLE | source_hint=NOT_APPLICABLE,아니오,0,0,0,HUMAN_REVIEW,CLAIM_PARSE,CONTEXT_REQUIRED,CONTEXT,,CLAIM_SPLIT~CLAIM_PARSE,HUMAN_REVIEW,CONTEXT_REQUIRED,,,,,0,,,
A02416,26,A02416_26,A02416_26,국회 예산정책처는 추경에 따른 성장률 증가 폭이 0.14~0.32%포인트에 그칠 것이라고 봤다.,,indicator=SOURCE | value=SOURCE | unit=SOURCE | time=MISSING | frequency=NOT_APPLICABLE | region=NOT_APPLICABLE | population=NOT_APPLICABLE | dimension=NOT_APPLICABLE | comparison=NOT_APPLICABLE | calculation=SOURCE | condition=SOURCE | source_hint=NOT_APPLICABLE,아니오,0,0,0,HUMAN_REVIEW,CLAIM_PARSE,CONTEXT_REQUIRED,CONTEXT,,CLAIM_SPLIT~CLAIM_PARSE,HUMAN_REVIEW,CONTEXT_REQUIRED,,,,,0,,,
A02416,28,A02416_28,A02416_28,반면 소비 유발 효과가 작을 경우 성장률은 0.94%로 0.14%포인트 늘어나는 데 그칠 것으로 예산정책처는 봤다.,,indicator=SOURCE | value=SOURCE | unit=SOURCE | time=MISSING | frequency=NOT_APPLICABLE | region=NOT_APPLICABLE | population=NOT_APPLICABLE | dimension=NOT_APPLICABLE | comparison=SOURCE | calculation=SOURCE | condition=SOURCE | source_hint=NOT_APPLICABLE,아니오,0,0,0,HUMAN_REVIEW,CLAIM_PARSE,CONTEXT_REQUIRED,CONTEXT,,CLAIM_SPLIT~CLAIM_PARSE,HUMAN_REVIEW,CONTEXT_REQUIRED,,,,,0,,,
A02416,32,A02416_32,A02416_32,"1차 추경이 집행되기 시작한 5월 산업 생산은 1.1%, 설비 투자는 4.7% 감소했다.",,indicator=SOURCE | value=SOURCE | unit=SOURCE | time=MISSING | frequency=NOT_APPLICABLE | region=NOT_APPLICABLE | population=NOT_APPLICABLE | dimension=NOT_APPLICABLE | comparison=SOURCE | calculation=SOURCE | condition=SOURCE | source_hint=NOT_APPLICABLE,아니오,0,0,0,HUMAN_REVIEW,CLAIM_PARSE,CONTEXT_REQUIRED,CONTEXT,,CLAIM_SPLIT~CLAIM_PARSE,HUMAN_REVIEW,CONTEXT_REQUIRED,,,,,0,,,
A02434,1,A02434_1,A02434_1,정부와 식품·유통 업계가 먹거리 물가 부담을 낮추기 위해 라면·빵 등을 최대 50% 싸게 파는 대규모 할인 행사를 이달부터 진행하기로 했다.,,indicator=SOURCE | value=SOURCE | unit=SOURCE | time=MISSING | frequency=NOT_APPLICABLE | region=NOT_APPLICABLE | population=NOT_APPLICABLE | dimension=NOT_APPLICABLE | comparison=NOT_APPLICABLE | calculation=SOURCE | condition=SOURCE | source_hint=NOT_APPLICABLE,아니오,0,0,0,HUMAN_REVIEW,CLAIM_PARSE,CONTEXT_REQUIRED,CONTEXT,,CLAIM_SPLIT~CLAIM_PARSE,HUMAN_REVIEW,CONTEXT_REQUIRED,,,,,0,,,
A02438,2,A02438_2,A02438_2,15만~45만원(차상위계층은 30만원·기초생활수급자는 40만원)의 전 국민 1차 지급분과 수도권 외 지역 주민 대상 추가 3만원(경북 봉화 등 농어촌 인구 감소 지역 83개 시군은 5만원)은 이달 21일~9월 12일 지급된다.,,indicator=SOURCE | value=SOURCE | unit=SOURCE | time=MISSING | frequency=NOT_APPLICABLE | region=SOURCE | population=NOT_APPLICABLE | dimension=NOT_APPLICABLE | comparison=SOURCE | calculation=SOURCE | condition=SOURCE | source_hint=NOT_APPLICABLE,아니오,0,0,0,HUMAN_REVIEW,CLAIM_PARSE,CONTEXT_REQUIRED,CONTEXT,,CLAIM_SPLIT~CLAIM_PARSE,HUMAN_REVIEW,CONTEXT_REQUIRED,,,,,0,,,
A02450,27,A02450_27,A02450_27,"둘째, 국제 원자재 가격이 1.9% 오를 때 국내 물가는 0.12%포인트 상승했다.",,indicator=SOURCE | value=SOURCE | unit=SOURCE | time=MISSING | frequency=NOT_APPLICABLE | region=SOURCE | population=NOT_APPLICABLE | dimension=NOT_APPLICABLE | comparison=SOURCE | calculation=SOURCE | condition=SOURCE | source_hint=NOT_APPLICABLE,아니오,0,0,0,HUMAN_REVIEW,CLAIM_PARSE,CONTEXT_REQUIRED,CONTEXT,,CLAIM_SPLIT~CLAIM_PARSE,HUMAN_REVIEW,CONTEXT_REQUIRED,,,,,0,,,
A02450,28,A02450_28,A02450_28,"셋째, 국내 산업생산이 1% 상승할 때 물가는 0.8%포인트 올랐다.",,indicator=SOURCE | value=SOURCE | unit=SOURCE | time=MISSING | frequency=NOT_APPLICABLE | region=SOURCE | population=NOT_APPLICABLE | dimension=NOT_APPLICABLE | comparison=SOURCE | calculation=SOURCE | condition=SOURCE | source_hint=NOT_APPLICABLE,아니오,0,0,0,HUMAN_REVIEW,CLAIM_PARSE,CONTEXT_REQUIRED,CONTEXT,,CLAIM_SPLIT~CLAIM_PARSE,HUMAN_REVIEW,CONTEXT_REQUIRED,,,,,0,,,
A02450,6,A02450_6,A02450_6,“정부가 재정을 100원 쓰면 GDP(국내총생산)가 80~120원 증가하는 재정승수 효과가 있다.,,indicator=SOURCE | value=SOURCE | unit=SOURCE | time=MISSING | frequency=NOT_APPLICABLE | region=SOURCE | population=NOT_APPLICABLE | dimension=NOT_APPLICABLE | comparison=SOURCE | calculation=SOURCE | condition=SOURCE | source_hint=NOT_APPLICABLE,아니오,0,0,0,HUMAN_REVIEW,CLAIM_PARSE,CONTEXT_REQUIRED,CONTEXT,,CLAIM_SPLIT~CLAIM_PARSE,HUMAN_REVIEW,CONTEXT_REQUIRED,,,,,0,,,
A02452,24,A02452_24,A02452_24,"실제 전북의 인구 감소 지역 10곳 중 정읍시를 제외한 9곳 모두 종이 지역 화폐를 발행하고 있고, 전남은 인구 감소 지역 16곳 모두 종이 지역 화폐를 발행하고 있다.",,indicator=SOURCE | value=SOURCE | unit=SOURCE | time=MISSING | frequency=NOT_APPLICABLE | region=SOURCE | population=NOT_APPLICABLE | dimension=NOT_APPLICABLE | comparison=SOURCE | calculation=SOURCE | condition=SOURCE | source_hint=NOT_APPLICABLE,아니오,0,0,0,HUMAN_REVIEW,CLAIM_PARSE,CONTEXT_REQUIRED,CONTEXT,,CLAIM_SPLIT~CLAIM_PARSE,HUMAN_REVIEW,CONTEXT_REQUIRED,,,,,0,,,
A02457,34,A02457_34,A02457_34,특정 품목이 국가 안보를 위협한다고 판단하면 수입을 제한할 수 있도록 한 무역확장법 232조가 근거 규정이다.,,indicator=SOURCE | value=MISSING | unit=MISSING | time=MISSING | frequency=NOT_APPLICABLE | region=NOT_APPLICABLE | population=NOT_APPLICABLE | dimension=NOT_APPLICABLE | comparison=NOT_APPLICABLE | calculation=SOURCE | condition=NOT_APPLICABLE | source_hint=NOT_APPLICABLE,아니오,0,0,0,HUMAN_REVIEW,CLAIM_PARSE,CONTEXT_REQUIRED,CONTEXT,,CLAIM_SPLIT~CLAIM_PARSE,HUMAN_REVIEW,CONTEXT_REQUIRED,,,,,0,,,
A02476,14,A02476_14,A02476_14,32조원 규모로 확정된 2차 추경에 대해선 “경제성장률을 0.1%포인트 올리는 효과가 있다고 한은은 보고 있다”고 했다.,,indicator=SOURCE | value=SOURCE | unit=SOURCE | time=MISSING | frequency=NOT_APPLICABLE | region=NOT_APPLICABLE | population=NOT_APPLICABLE | dimension=NOT_APPLICABLE | comparison=SOURCE | calculation=SOURCE | condition=NOT_APPLICABLE | source_hint=NOT_APPLICABLE,아니오,0,0,0,HUMAN_REVIEW,CLAIM_PARSE,CONTEXT_REQUIRED,CONTEXT,,CLAIM_SPLIT~CLAIM_PARSE,HUMAN_REVIEW,CONTEXT_REQUIRED,,,,,0,,,
A02488,11,A02488_11,A02488_11,한편 이 총재는 약 32조원 규모의 2차 추가경정예산에 대해선 “성장률을 0.1%포인트 올리는 효과가 있다고 보고 있다”면서도 “소비 쿠폰 등의 실제 효과는 데이터가 나오고 나서 확인해야 할 것”이라고 했다.,,indicator=SOURCE | value=SOURCE | unit=SOURCE | time=MISSING | frequency=NOT_APPLICABLE | region=NOT_APPLICABLE | population=NOT_APPLICABLE | dimension=NOT_APPLICABLE | comparison=SOURCE | calculation=SOURCE | condition=NOT_APPLICABLE | source_hint=NOT_APPLICABLE,아니오,0,0,0,HUMAN_REVIEW,CLAIM_PARSE,CONTEXT_REQUIRED,CONTEXT,,CLAIM_SPLIT~CLAIM_PARSE,HUMAN_REVIEW,CONTEXT_REQUIRED,,,,,0,,,
A02491,11,A02491_11,A02491_11,반도체와 더불어 양대 수출품인 자동차 수출액도 13.3% 늘었다.,,indicator=SOURCE | value=SOURCE | unit=SOURCE | time=MISSING | frequency=NOT_APPLICABLE | region=NOT_APPLICABLE | population=NOT_APPLICABLE | dimension=SOURCE | comparison=MISSING | calculation=SOURCE | condition=MISSING | source_hint=NOT_APPLICABLE,아니오,0,0,0,HUMAN_REVIEW,CLAIM_PARSE,CONTEXT_REQUIRED,CONTEXT,,CLAIM_SPLIT~CLAIM_PARSE,HUMAN_REVIEW,CONTEXT_REQUIRED,,,,,0,,,
A02491,6,A02491_6,A02491_6,수출에서 수입을 뺀 무역 수지는 6억달러 적자를 기록했다.,,indicator=SOURCE | value=SOURCE | unit=SOURCE | time=MISSING | frequency=NOT_APPLICABLE | region=NOT_APPLICABLE | population=NOT_APPLICABLE | dimension=NOT_APPLICABLE | comparison=NOT_APPLICABLE | calculation=SOURCE | condition=NOT_APPLICABLE | source_hint=NOT_APPLICABLE,아니오,0,0,0,HUMAN_REVIEW,CLAIM_PARSE,CONTEXT_REQUIRED,CONTEXT,,CLAIM_SPLIT~CLAIM_PARSE,HUMAN_REVIEW,CONTEXT_REQUIRED,,,,,0,,,
A02494,26,A02494_26,A02494_26,"트럼프 대통령은 지난 7일 한국을 포함한 14국에 대해 8월 1일부터 상호 관세 25%를 매기겠다고 한 데 이어, 8일엔 한국의 수출 1위 품목인 반도체에도 관세를 부과하겠다는 방침을 재확인했다.",,indicator=SOURCE | value=SOURCE | unit=SOURCE | time=MISSING | frequency=NOT_APPLICABLE | region=SOURCE | population=NOT_APPLICABLE | dimension=SOURCE | comparison=SOURCE | calculation=SOURCE | condition=SOURCE | source_hint=NOT_APPLICABLE,아니오,0,0,0,HUMAN_REVIEW,CLAIM_PARSE,CONTEXT_REQUIRED,CONTEXT,,CLAIM_SPLIT~CLAIM_PARSE,HUMAN_REVIEW,CONTEXT_REQUIRED,,,,,0,,,
A02494,9,A02494_9,A02494_9,"류성원 한경협 팀장은 “이미 25% 관세가 붙고 있는 자동차와 자동차 부품 등에 대한 품목별 관세가 유지되고, 트럼프 대통령이 8월 1일부터 부과하겠다고 통보한 25% 상호 관세가 시행되면 국내 기업들의 대미 수출은 더욱 어려워질 것”이라고 말했다.",,indicator=SOURCE | value=SOURCE | unit=SOURCE | time=MISSING | frequency=NOT_APPLICABLE | region=SOURCE | population=NOT_APPLICABLE | dimension=SOURCE | comparison=SOURCE | calculation=SOURCE | condition=NOT_APPLICABLE | source_hint=NOT_APPLICABLE,아니오,0,0,0,HUMAN_REVIEW,CLAIM_PARSE,CONTEXT_REQUIRED,CONTEXT,,CLAIM_SPLIT~CLAIM_PARSE,HUMAN_REVIEW,CONTEXT_REQUIRED,,,,,0,,,
A02512,16,A02512_16,A02512_16,"역대급 더위에 과일 수요... 허리 휘겠네… 가공식품 73 품목 중 62개가 올랐다 대표적인 ‘불황형 소비’ 품목인 계란, 닭고기, 라면 등의 물가가 고공 행진하면서 안 그래도 지갑이 얇아진 소비자들의 밥상 물가 부담이 커지고 ... 고기 대신 계란 프라이... 서글픈 에그플레이션 ‘에그플레이션(Eggflation·계란 값이 상승한다는 의미의 신조어)’이 이어지면서 장바구니 물가 부담이 커지고 있다.",,indicator=SOURCE | value=SOURCE | unit=SOURCE | time=MISSING | frequency=NOT_APPLICABLE | region=NOT_APPLICABLE | population=NOT_APPLICABLE | dimension=SOURCE | comparison=NOT_APPLICABLE | calculation=SOURCE | condition=SOURCE | source_hint=NOT_APPLICABLE,아니오,0,0,0,HUMAN_REVIEW,CLAIM_PARSE,CONTEXT_REQUIRED,CONTEXT,,CLAIM_SPLIT~CLAIM_PARSE,HUMAN_REVIEW,CONTEXT_REQUIRED,,,,,0,,,
A02535,5,A02535_5,A02535_5,"지난주 국내 수입 원유 가격의 기준인 두바이유는 전주보다 1.8달러 오른 70.7달러를 나타냈고, 국제 휘발유 가격은 0.5달러 상승한 78.8달러, 국제 자동차용 경유는 2.3달러 오른 90.6달러였다.",,indicator=SOURCE | value=SOURCE | unit=SOURCE | time=MISSING | frequency=NOT_APPLICABLE | region=SOURCE | population=NOT_APPLICABLE | dimension=SOURCE | comparison=SOURCE | calculation=SOURCE | condition=SOURCE | source_hint=NOT_APPLICABLE,아니오,0,0,0,HUMAN_REVIEW,CLAIM_PARSE,CONTEXT_REQUIRED,CONTEXT,,CLAIM_SPLIT~CLAIM_PARSE,HUMAN_REVIEW,CONTEXT_REQUIRED,,,,,0,,,
A02539,2,A02539_2,A02539_2,"수입차협회가 지난 3일 발표한 6월 수입차 판매 실적에 따르면, 지난달 BMW가 6553대로 1위, 테슬라가 6377대로 2위, 벤츠가 6037대로 3위를 기록했다.",,indicator=SOURCE | value=SOURCE | unit=SOURCE | time=SOURCE | frequency=SOURCE | region=NOT_APPLICABLE | population=NOT_APPLICABLE | dimension=MISSING | comparison=SOURCE | calculation=SOURCE | condition=SOURCE | source_hint=NOT_APPLICABLE,아니오,0,0,0,HUMAN_REVIEW,CLAIM_PARSE,CONTEXT_REQUIRED,CONTEXT,,CLAIM_SPLIT~CLAIM_PARSE,HUMAN_REVIEW,CONTEXT_REQUIRED,,,,,0,,,
A02542,16,A02542_16,A02542_16,지난 5월 15~29세 고용률(15~29세 인구 대비 취업자 수 비율)은 46.2%로 전년 동월 대비 1.5%포인트 감소했다.,,indicator=SOURCE | value=SOURCE | unit=SOURCE | time=SOURCE | frequency=SOURCE | region=NOT_APPLICABLE | population=NOT_APPLICABLE | dimension=SOURCE | comparison=SOURCE | calculation=SOURCE | condition=SOURCE | source_hint=NOT_APPLICABLE,예,0,0,0,HUMAN_REVIEW,CLAIM_PARSE,CONTEXT_REQUIRED,CONTEXT,,CLAIM_SPLIT~CLAIM_PARSE,HUMAN_REVIEW,CONTEXT_REQUIRED,,,,,0,,,
A02552,37,A02552_37,A02552_37,"수입차협회가 지난 3일 발표한 6월 수입차 판매 실... 전기차, 중고차 시장선 고속 질주 올 1분기(1~3월) 국내 중고차 판매량(약 49만대)은 작년 동기 대비 4% 줄었다.",,indicator=SOURCE | value=SOURCE | unit=SOURCE | time=SOURCE | frequency=SOURCE | region=SOURCE | population=NOT_APPLICABLE | dimension=NOT_APPLICABLE | comparison=SOURCE | calculation=SOURCE | condition=MISSING | source_hint=NOT_APPLICABLE,아니오,0,0,0,HUMAN_REVIEW,CLAIM_PARSE,CONTEXT_REQUIRED,CONTEXT,,CLAIM_SPLIT~CLAIM_PARSE,HUMAN_REVIEW,CONTEXT_REQUIRED,,,,,0,,,
A02553,8,A02553_8,A02553_8,"여기에 국내 최고 수준의 지도 데이터를 갖춘 ‘티맵 오토’, 평균 96% 이상의 한국어 인식률을 자랑하는 자동차 전용 AI 플랫폼 ‘누구 오토’와 함께 수입차 최초로 네이버의 차량용 ‘웨일 브라우저’가 새로 탑재된다.",,indicator=SOURCE | value=SOURCE | unit=SOURCE | time=MISSING | frequency=NOT_APPLICABLE | region=SOURCE | population=NOT_APPLICABLE | dimension=SOURCE | comparison=NOT_APPLICABLE | calculation=SOURCE | condition=SOURCE | source_hint=NOT_APPLICABLE,아니오,0,0,0,HUMAN_REVIEW,CLAIM_PARSE,CONTEXT_REQUIRED,CONTEXT,,CLAIM_SPLIT~CLAIM_PARSE,HUMAN_REVIEW,CONTEXT_REQUIRED,,,,,0,,,
A02558,6,A02558_6,A02558_6,"전체 인구 중 취업자 비율을 뜻하는 고용률은 63.6%로 전년 동월 대비 0.1%포인트 증가하며, 지난 1982년 관련 통계 작성 이래 최고치를 새로 썼다.",,indicator=SOURCE | value=SOURCE | unit=SOURCE | time=SOURCE | frequency=SOURCE | region=NOT_APPLICABLE | population=NOT_APPLICABLE | dimension=NOT_APPLICABLE | comparison=SOURCE | calculation=SOURCE | condition=SOURCE | source_hint=NOT_APPLICABLE,예,0,0,0,HUMAN_REVIEW,CLAIM_PARSE,CONTEXT_REQUIRED,CONTEXT,,CLAIM_SPLIT~CLAIM_PARSE,HUMAN_REVIEW,CONTEXT_REQUIRED,,,,,0,,,
A02558,7,A02558_7,A02558_7,국제 비교 기준인 15~64세 고용률은 70.3%로 마찬가지로 6월 기준 역대 최대치를 보였다.,,indicator=SOURCE | value=SOURCE | unit=SOURCE | time=MISSING | frequency=NOT_APPLICABLE | region=NOT_APPLICABLE | population=NOT_APPLICABLE | dimension=SOURCE | comparison=NOT_APPLICABLE | calculation=SOURCE | condition=SOURCE | source_hint=NOT_APPLICABLE,아니오,0,0,0,HUMAN_REVIEW,CLAIM_PARSE,CONTEXT_REQUIRED,CONTEXT,,CLAIM_SPLIT~CLAIM_PARSE,HUMAN_REVIEW,CONTEXT_REQUIRED,,,,,0,,,
A02559,14,A02559_14,A02559_14,"2일 금융감독원에 ... 30대 싱글맘 죽음으로 내몬 불법추심 대부업자 구속기소 유치원생 딸을 키우던 30대 싱글맘에게 고리로 돈을 빌려준 뒤 상환을 독촉하면서 지속적으로 협박해 결국 죽음으로 내몬 사채업자가 구속 상태로 재... ""대부 추심 연락 유예·제한 요청 가능"" 고물가, 경기 침체로 대부업을 이용하는 취약 계층이 늘어나면서 금융감독원이 소비자 유의 사항을 27일 안내했다.",,indicator=SOURCE | value=SOURCE | unit=SOURCE | time=MISSING | frequency=NOT_APPLICABLE | region=SOURCE | population=NOT_APPLICABLE | dimension=NOT_APPLICABLE | comparison=SOURCE | calculation=SOURCE | condition=SOURCE | source_hint=NOT_APPLICABLE,아니오,0,0,0,HUMAN_REVIEW,CLAIM_PARSE,CONTEXT_REQUIRED,CONTEXT,,CLAIM_SPLIT~CLAIM_PARSE,HUMAN_REVIEW,CONTEXT_REQUIRED,,,,,0,,,
A02569,12,A02569_12,A02569_12,"지난달 연령대별 취업자 수는 60세 이상과 30대에서 1년 새 각각 34만8000명, 11만6000명 늘어났지만, 15~29세 청년 취업자는 17만3000명이나 크게 줄었다.",,indicator=SOURCE | value=SOURCE | unit=SOURCE | time=SOURCE | frequency=SOURCE | region=NOT_APPLICABLE | population=SOURCE | dimension=SOURCE | comparison=SOURCE | calculation=SOURCE | condition=SOURCE | source_hint=NOT_APPLICABLE,예,0,0,0,HUMAN_REVIEW,CLAIM_PARSE,CONTEXT_REQUIRED,CONTEXT,,CLAIM_SPLIT~CLAIM_PARSE,HUMAN_REVIEW,CONTEXT_REQUIRED,,,,,0,,,
A02569,26,A02569_26,A02569_26,"인구 대비 취업자 수를 뜻하는 고용률도 지난달 63.6%로 전년 동월 대비 0.1%포인트 증가했지만, 청년층은 45.6%로 1년 전 대비 1%포인트 감소했다.",,indicator=SOURCE | value=SOURCE | unit=SOURCE | time=SOURCE | frequency=SOURCE | region=NOT_APPLICABLE | population=SOURCE | dimension=SOURCE | comparison=SOURCE | calculation=SOURCE | condition=SOURCE | source_hint=NOT_APPLICABLE,예,0,0,0,HUMAN_REVIEW,CLAIM_PARSE,CONTEXT_REQUIRED,CONTEXT,,CLAIM_SPLIT~CLAIM_PARSE,HUMAN_REVIEW,CONTEXT_REQUIRED,,,,,0,,,
A02569,3,A02569_3,A02569_3,내수 부진 여파로 숙박·음식점업 취업자 수도 두 달 연속 줄어 사회 초년생인 20대 청년들의 취업문이 좀처럼 열리지 않고 있다.,,indicator=SOURCE | value=SOURCE | unit=SOURCE | time=MISSING | frequency=NOT_APPLICABLE | region=NOT_APPLICABLE | population=SOURCE | dimension=SOURCE | comparison=NOT_APPLICABLE | calculation=SOURCE | condition=SOURCE | source_hint=NOT_APPLICABLE,아니오,0,0,0,HUMAN_REVIEW,CLAIM_PARSE,CONTEXT_REQUIRED,CONTEXT,,CLAIM_SPLIT~CLAIM_PARSE,HUMAN_REVIEW,CONTEXT_REQUIRED,,,,,0,,,
A02569,34,A02569_34,A02569_34,기업데이터연구소 CEO스코어는 16일 매출액 기준 국내 100... 제조업 취업자 1년째 내리막에...'쉬었음' 20대 5년 만 최대 제조업 취업자 수가 1년째 내리막을 이어가고 있는 것으로 파악됐다.,,indicator=SOURCE | value=SOURCE | unit=SOURCE | time=MISSING | frequency=NOT_APPLICABLE | region=SOURCE | population=NOT_APPLICABLE | dimension=SOURCE | comparison=NOT_APPLICABLE | calculation=SOURCE | condition=SOURCE | source_hint=NOT_APPLICABLE,아니오,0,0,0,HUMAN_REVIEW,CLAIM_PARSE,CONTEXT_REQUIRED,CONTEXT,,CLAIM_SPLIT~CLAIM_PARSE,HUMAN_REVIEW,CONTEXT_REQUIRED,,,,,0,,,
A02569,5,A02569_5,A02569_5,보건업·사회복지서비스업 분야 취업자가 21만명 넘게 증가한 영향이 컸다.,,indicator=SOURCE | value=SOURCE | unit=SOURCE | time=MISSING | frequency=NOT_APPLICABLE | region=NOT_APPLICABLE | population=NOT_APPLICABLE | dimension=SOURCE | comparison=NOT_APPLICABLE | calculation=SOURCE | condition=SOURCE | source_hint=NOT_APPLICABLE,아니오,0,0,0,HUMAN_REVIEW,CLAIM_PARSE,CONTEXT_REQUIRED,CONTEXT,,CLAIM_SPLIT~CLAIM_PARSE,HUMAN_REVIEW,CONTEXT_REQUIRED,,,,,0,,,
A02575,3,A02575_3,A02575_3,"이번 캠페인은 음식·친절·물가 등 3개 분야를 중심으로 ▲음식점 3정 실천 운동(정겨운 미소, 정갈한 음식, 정직한 가격) ▲부당 요금·불친절 근절 캠페인 ▲지역 물가 안정 홍보 및 안내물 배부 등으로 진행됐다.",,indicator=SOURCE | value=SOURCE | unit=SOURCE | time=MISSING | frequency=NOT_APPLICABLE | region=NOT_APPLICABLE | population=NOT_APPLICABLE | dimension=NOT_APPLICABLE | comparison=NOT_APPLICABLE | calculation=SOURCE | condition=NOT_APPLICABLE | source_hint=NOT_APPLICABLE,아니오,0,0,0,HUMAN_REVIEW,CLAIM_PARSE,CONTEXT_REQUIRED,CONTEXT,,CLAIM_SPLIT~CLAIM_PARSE,HUMAN_REVIEW,CONTEXT_REQUIRED,,,,,0,,,
A02584,2,A02584_2,A02584_2,그러나 전체 자동차 수출액은 도리어 늘어나 6월 기준 역대 최대를 기록했다.,,indicator=SOURCE | value=MISSING | unit=MISSING | time=MISSING | frequency=NOT_APPLICABLE | region=NOT_APPLICABLE | population=NOT_APPLICABLE | dimension=SOURCE | comparison=NOT_APPLICABLE | calculation=SOURCE | condition=SOURCE | source_hint=NOT_APPLICABLE,아니오,0,0,0,HUMAN_REVIEW,CLAIM_PARSE,CONTEXT_REQUIRED,CONTEXT,,CLAIM_SPLIT~CLAIM_PARSE,HUMAN_REVIEW,CONTEXT_REQUIRED,,,,,0,,,
A02603,11,A02603_11,A02603_11,가공식품 물가는 4.2% 뛰며 전체 물가를 0.36%p 끌어올렸다.,,indicator=SOURCE | value=SOURCE | unit=SOURCE | time=MISSING | frequency=NOT_APPLICABLE | region=NOT_APPLICABLE | population=NOT_APPLICABLE | dimension=NOT_APPLICABLE | comparison=SOURCE | calculation=SOURCE | condition=NOT_APPLICABLE | source_hint=NOT_APPLICABLE,아니오,0,0,0,HUMAN_REVIEW,CLAIM_PARSE,CONTEXT_REQUIRED,CONTEXT,,CLAIM_SPLIT~CLAIM_PARSE,HUMAN_REVIEW,CONTEXT_REQUIRED,,,,,0,,,
A02603,15,A02603_15,A02603_15,공공서비스 물가 상승률은 전체 소비자물가 상승률 중 0.57%p를 끌어올렸다.,,indicator=SOURCE | value=SOURCE | unit=SOURCE | time=MISSING | frequency=NOT_APPLICABLE | region=NOT_APPLICABLE | population=NOT_APPLICABLE | dimension=NOT_APPLICABLE | comparison=NOT_APPLICABLE | calculation=SOURCE | condition=SOURCE | source_hint=NOT_APPLICABLE,아니오,0,0,0,HUMAN_REVIEW,CLAIM_PARSE,CONTEXT_REQUIRED,CONTEXT,,CLAIM_SPLIT~CLAIM_PARSE,HUMAN_REVIEW,CONTEXT_REQUIRED,,,,,0,,,
A02603,21,A02603_21,A02603_21,구입 빈도와 지출 비중이 높은 144개 품목을 중심으로 한 생활물가지수는 전년 동월 대비 2.5% 올랐다.,,indicator=SOURCE | value=SOURCE | unit=SOURCE | time=SOURCE | frequency=SOURCE | region=NOT_APPLICABLE | population=NOT_APPLICABLE | dimension=NOT_APPLICABLE | comparison=SOURCE | calculation=SOURCE | condition=NOT_APPLICABLE | source_hint=NOT_APPLICABLE,예,0,0,0,HUMAN_REVIEW,CLAIM_PARSE,CONTEXT_REQUIRED,CONTEXT,,CLAIM_SPLIT~CLAIM_PARSE,HUMAN_REVIEW,CONTEXT_REQUIRED,,,,,0,,,
A02604,4,A02604_4,A02604_4,8월엔 SK텔레콤 해킹 사태에 따른 요금 인하 효과로 물가 상승률이 1.7%로 떨어졌었다.,,indicator=SOURCE | value=SOURCE | unit=SOURCE | time=MISSING | frequency=NOT_APPLICABLE | region=NOT_APPLICABLE | population=NOT_APPLICABLE | dimension=NOT_APPLICABLE | comparison=MISSING | calculation=SOURCE | condition=SOURCE | source_hint=NOT_APPLICABLE,아니오,0,0,0,HUMAN_REVIEW,CLAIM_PARSE,CONTEXT_REQUIRED,CONTEXT,,CLAIM_SPLIT~CLAIM_PARSE,HUMAN_REVIEW,CONTEXT_REQUIRED,,,,,0,,,
A02605,15,A02605_15,A02605_15,"다만 축산물과 수산물 물가는 각각 5.4%, 6.4% 상승했다.",,indicator=SOURCE | value=SOURCE | unit=SOURCE | time=MISSING | frequency=NOT_APPLICABLE | region=NOT_APPLICABLE | population=NOT_APPLICABLE | dimension=NOT_APPLICABLE | comparison=SOURCE | calculation=SOURCE | condition=SOURCE | source_hint=NOT_APPLICABLE,아니오,0,0,0,HUMAN_REVIEW,CLAIM_PARSE,CONTEXT_REQUIRED,CONTEXT,,CLAIM_SPLIT~CLAIM_PARSE,HUMAN_REVIEW,CONTEXT_REQUIRED,,,,,0,,,
A02605,19,A02605_19,A02605_19,"이 외에도 돼지고기(6.3%), 국산 쇠고기(4.8%), 고등어(10.7%) 물가도 상승했다.",,indicator=SOURCE | value=SOURCE | unit=SOURCE | time=MISSING | frequency=NOT_APPLICABLE | region=NOT_APPLICABLE | population=NOT_APPLICABLE | dimension=SOURCE | comparison=SOURCE | calculation=SOURCE | condition=SOURCE | source_hint=NOT_APPLICABLE,아니오,0,0,0,HUMAN_REVIEW,CLAIM_PARSE,CONTEXT_REQUIRED,CONTEXT,,CLAIM_SPLIT~CLAIM_PARSE,HUMAN_REVIEW,CONTEXT_REQUIRED,,,,,0,,,
A02605,2,A02605_2,A02605_2,전월(8월) 1.5%를 기록했던 생활물가지수 상승률이 한 달 만에 1.0%포인트(P) 올랐다.,,indicator=SOURCE | value=SOURCE | unit=SOURCE | time=SOURCE | frequency=SOURCE | region=NOT_APPLICABLE | population=NOT_APPLICABLE | dimension=NOT_APPLICABLE | comparison=SOURCE | calculation=SOURCE | condition=SOURCE | source_hint=NOT_APPLICABLE,예,0,0,0,HUMAN_REVIEW,CLAIM_PARSE,CONTEXT_REQUIRED,CONTEXT,,CLAIM_SPLIT~CLAIM_PARSE,HUMAN_REVIEW,CONTEXT_REQUIRED,,,,,0,,,
A02605,21,A02605_21,A02605_21,다만 가공식품 물가는 4.2% 오른 것으로 집계됐다.,,indicator=SOURCE | value=SOURCE | unit=SOURCE | time=MISSING | frequency=NOT_APPLICABLE | region=NOT_APPLICABLE | population=NOT_APPLICABLE | dimension=NOT_APPLICABLE | comparison=NOT_APPLICABLE | calculation=SOURCE | condition=NOT_APPLICABLE | source_hint=NOT_APPLICABLE,아니오,0,0,0,HUMAN_REVIEW,CLAIM_PARSE,CONTEXT_REQUIRED,CONTEXT,,CLAIM_SPLIT~CLAIM_PARSE,HUMAN_REVIEW,CONTEXT_REQUIRED,,,,,0,,,
A02605,3,A02605_3,A02605_3,2일 국가데이터처에 따르면 9월 소비자물가 상승률은 2.1%로 집계됐다.,,indicator=SOURCE | value=SOURCE | unit=SOURCE | time=MISSING | frequency=NOT_APPLICABLE | region=NOT_APPLICABLE | population=NOT_APPLICABLE | dimension=NOT_APPLICABLE | comparison=MISSING | calculation=SOURCE | condition=SOURCE | source_hint=NOT_APPLICABLE,아니오,0,0,0,HUMAN_REVIEW,CLAIM_PARSE,CONTEXT_REQUIRED,CONTEXT,,CLAIM_SPLIT~CLAIM_PARSE,HUMAN_REVIEW,CONTEXT_REQUIRED,,,,,0,,,
A02605,30,A02605_30,A02605_30,국가데이터처에 따르면 9월 물가 상승에는 개인서비스가 1.00%포인트 기여했다.,,indicator=SOURCE | value=SOURCE | unit=SOURCE | time=MISSING | frequency=NOT_APPLICABLE | region=NOT_APPLICABLE | population=NOT_APPLICABLE | dimension=NOT_APPLICABLE | comparison=NOT_APPLICABLE | calculation=SOURCE | condition=SOURCE | source_hint=NOT_APPLICABLE,아니오,0,0,0,HUMAN_REVIEW,CLAIM_PARSE,CONTEXT_REQUIRED,CONTEXT,,CLAIM_SPLIT~CLAIM_PARSE,HUMAN_REVIEW,CONTEXT_REQUIRED,,,,,0,,,
A02605,6,A02605_6,A02605_6,생활물가지수 상승률이 한 달 만에 1%P 오른 요인으로는 SK텔레콤의 요금 감면 종료와 외식업계 할인 행사 마감이 거론된다.,,indicator=SOURCE | value=SOURCE | unit=SOURCE | time=MISSING | frequency=NOT_APPLICABLE | region=NOT_APPLICABLE | population=NOT_APPLICABLE | dimension=NOT_APPLICABLE | comparison=MISSING | calculation=SOURCE | condition=SOURCE | source_hint=NOT_APPLICABLE,아니오,0,0,0,HUMAN_REVIEW,CLAIM_PARSE,CONTEXT_REQUIRED,CONTEXT,,CLAIM_SPLIT~CLAIM_PARSE,HUMAN_REVIEW,CONTEXT_REQUIRED,,,,,0,,,
A02605,8,A02605_8,A02605_8,이로 인해 8월 공공서비스 물가는 3.6% 하락했다.,,indicator=SOURCE | value=SOURCE | unit=SOURCE | time=MISSING | frequency=NOT_APPLICABLE | region=NOT_APPLICABLE | population=NOT_APPLICABLE | dimension=NOT_APPLICABLE | comparison=MISSING | calculation=SOURCE | condition=SOURCE | source_hint=NOT_APPLICABLE,아니오,0,0,0,HUMAN_REVIEW,CLAIM_PARSE,CONTEXT_REQUIRED,CONTEXT,,CLAIM_SPLIT~CLAIM_PARSE,HUMAN_REVIEW,CONTEXT_REQUIRED,,,,,0,,,
A02614,1,A02614_1,A02614_1,년간 먹거리 물가가 20% 넘게 상승한 것으로 분석됐다.,,indicator=SOURCE | value=SOURCE | unit=SOURCE | time=MISSING | frequency=NOT_APPLICABLE | region=NOT_APPLICABLE | population=NOT_APPLICABLE | dimension=NOT_APPLICABLE | comparison=MISSING | calculation=SOURCE | condition=SOURCE | source_hint=NOT_APPLICABLE,아니오,0,0,0,HUMAN_REVIEW,CLAIM_PARSE,CONTEXT_REQUIRED,CONTEXT,,CLAIM_SPLIT~CLAIM_PARSE,HUMAN_REVIEW,CONTEXT_REQUIRED,,,,,0,,,
A02614,11,A02614_11,A02614_11,"이 기간 전체 소비자물가 상승률은 2020년 0.5%, 2021년 2.5%, 2022년 5.1%, 2023년 3.6%, 2024년 2.3%다.",,indicator=SOURCE | value=SOURCE | unit=SOURCE | time=SOURCE | frequency=SOURCE | region=NOT_APPLICABLE | population=NOT_APPLICABLE | dimension=NOT_APPLICABLE | comparison=SOURCE | calculation=SOURCE | condition=SOURCE | source_hint=NOT_APPLICABLE,예,0,0,0,HUMAN_REVIEW,CLAIM_PARSE,CONTEXT_REQUIRED,CONTEXT,,CLAIM_SPLIT~CLAIM_PARSE,HUMAN_REVIEW,CONTEXT_REQUIRED,,,,,0,,,
A02614,16,A02614_16,A02614_16,"세제, 청소용품 등 살림에 필요한 물품과 세탁·청소 같은 가사 서비스를 포함한 '가정용품 및 가사서비스' 물가는 19.4% 상승했다.",,indicator=SOURCE | value=SOURCE | unit=SOURCE | time=MISSING | frequency=NOT_APPLICABLE | region=NOT_APPLICABLE | population=NOT_APPLICABLE | dimension=NOT_APPLICABLE | comparison=MISSING | calculation=SOURCE | condition=SOURCE | source_hint=NOT_APPLICABLE,아니오,0,0,0,HUMAN_REVIEW,CLAIM_PARSE,CONTEXT_REQUIRED,CONTEXT,,CLAIM_SPLIT~CLAIM_PARSE,HUMAN_REVIEW,CONTEXT_REQUIRED,,,,,0,,,
A02614,18,A02614_18,A02614_18,"다만 연료비, 차량 유지비, 대중교통 요금 등을 포함한 '교통' 물가는 15.9%로 평균을 하회했다.",,indicator=SOURCE | value=SOURCE | unit=SOURCE | time=MISSING | frequency=NOT_APPLICABLE | region=NOT_APPLICABLE | population=NOT_APPLICABLE | dimension=NOT_APPLICABLE | comparison=NOT_APPLICABLE | calculation=SOURCE | condition=NOT_APPLICABLE | source_hint=NOT_APPLICABLE,아니오,0,0,0,HUMAN_REVIEW,CLAIM_PARSE,CONTEXT_REQUIRED,CONTEXT,,CLAIM_SPLIT~CLAIM_PARSE,HUMAN_REVIEW,CONTEXT_REQUIRED,,,,,0,,,
A02614,3,A02614_3,A02614_3,같은 기간 전체 소비자 물가지수 상승률(16.2%)보다 7%포인트 가까이 높은 수치다.,,indicator=SOURCE | value=SOURCE | unit=SOURCE | time=MISSING | frequency=NOT_APPLICABLE | region=NOT_APPLICABLE | population=NOT_APPLICABLE | dimension=NOT_APPLICABLE | comparison=SOURCE | calculation=SOURCE | condition=SOURCE | source_hint=NOT_APPLICABLE,아니오,0,0,0,HUMAN_REVIEW,CLAIM_PARSE,CONTEXT_REQUIRED,CONTEXT,,CLAIM_SPLIT~CLAIM_PARSE,HUMAN_REVIEW,CONTEXT_REQUIRED,,,,,0,,,
A02617,14,A02617_14,A02617_14,특히 정신과 의사가 한 명도 없는 전국 28곳 중 24곳(86%)이 인구 감소 지역이었다.,,indicator=SOURCE | value=SOURCE | unit=SOURCE | time=MISSING | frequency=NOT_APPLICABLE | region=SOURCE | population=NOT_APPLICABLE | dimension=NOT_APPLICABLE | comparison=SOURCE | calculation=SOURCE | condition=SOURCE | source_hint=NOT_APPLICABLE,아니오,0,0,0,HUMAN_REVIEW,CLAIM_PARSE,CONTEXT_REQUIRED,CONTEXT,,CLAIM_SPLIT~CLAIM_PARSE,HUMAN_REVIEW,CONTEXT_REQUIRED,,,,,0,,,
A02617,4,A02617_4,A02617_4,인구 감소 지역 89곳 중 전국 평균보다 자살률이 높은 곳은 67곳(75.3%)에 달했다.,,indicator=SOURCE | value=SOURCE | unit=SOURCE | time=MISSING | frequency=NOT_APPLICABLE | region=SOURCE | population=NOT_APPLICABLE | dimension=NOT_APPLICABLE | comparison=SOURCE | calculation=SOURCE | condition=SOURCE | source_hint=NOT_APPLICABLE,아니오,0,0,0,HUMAN_REVIEW,CLAIM_PARSE,CONTEXT_REQUIRED,CONTEXT,,CLAIM_SPLIT~CLAIM_PARSE,HUMAN_REVIEW,CONTEXT_REQUIRED,,,,,0,,,
A02623,1,A02623_1,A02623_1,저출산 고령화가 장기화하면서 20대 인구가 급격히 감소해 처음으로 70대 이상 노년층보다 적어진 것으로 나타났다.,,indicator=SOURCE | value=SOURCE | unit=SOURCE | time=MISSING | frequency=NOT_APPLICABLE | region=NOT_APPLICABLE | population=NOT_APPLICABLE | dimension=NOT_APPLICABLE | comparison=SOURCE | calculation=SOURCE | condition=SOURCE | source_hint=NOT_APPLICABLE,아니오,0,0,0,HUMAN_REVIEW,CLAIM_PARSE,CONTEXT_REQUIRED,CONTEXT,,CLAIM_SPLIT~CLAIM_PARSE,HUMAN_REVIEW,CONTEXT_REQUIRED,,,,,0,,,
A02624,12,A02624_12,A02624_12,인구 자체가 줄면서 노동 시장에서의 20대 비중은 줄어들고 있다.,,indicator=SOURCE | value=SOURCE | unit=SOURCE | time=MISSING | frequency=NOT_APPLICABLE | region=NOT_APPLICABLE | population=NOT_APPLICABLE | dimension=NOT_APPLICABLE | comparison=NOT_APPLICABLE | calculation=SOURCE | condition=SOURCE | source_hint=NOT_APPLICABLE,아니오,0,0,0,HUMAN_REVIEW,CLAIM_PARSE,CONTEXT_REQUIRED,CONTEXT,,CLAIM_SPLIT~CLAIM_PARSE,HUMAN_REVIEW,CONTEXT_REQUIRED,,,,,0,,,
A02624,15,A02624_15,A02624_15,같은 달 20대 실업률은 5.0%를 기록했다.,,indicator=SOURCE | value=SOURCE | unit=SOURCE | time=MISSING | frequency=NOT_APPLICABLE | region=NOT_APPLICABLE | population=NOT_APPLICABLE | dimension=NOT_APPLICABLE | comparison=SOURCE | calculation=SOURCE | condition=NOT_APPLICABLE | source_hint=NOT_APPLICABLE,아니오,0,0,0,HUMAN_REVIEW,CLAIM_PARSE,CONTEXT_REQUIRED,CONTEXT,,CLAIM_SPLIT~CLAIM_PARSE,HUMAN_REVIEW,CONTEXT_REQUIRED,,,,,0,,,
A02624,4,A02624_4,A02624_4,70대 이상 인구(654만3000명)보다 24만1000명 적은 수치다.,,indicator=SOURCE | value=SOURCE | unit=SOURCE | time=MISSING | frequency=NOT_APPLICABLE | region=NOT_APPLICABLE | population=NOT_APPLICABLE | dimension=NOT_APPLICABLE | comparison=SOURCE | calculation=SOURCE | condition=SOURCE | source_hint=NOT_APPLICABLE,아니오,0,0,0,HUMAN_REVIEW,CLAIM_PARSE,CONTEXT_REQUIRED,CONTEXT,,CLAIM_SPLIT~CLAIM_PARSE,HUMAN_REVIEW,CONTEXT_REQUIRED,,,,,0,,,
A02624,5,A02624_5,A02624_5,20대 인구의 감소 폭은 전 연령대 중 가장 컸다.,,indicator=SOURCE | value=SOURCE | unit=SOURCE | time=MISSING | frequency=NOT_APPLICABLE | region=NOT_APPLICABLE | population=NOT_APPLICABLE | dimension=NOT_APPLICABLE | comparison=NOT_APPLICABLE | calculation=SOURCE | condition=SOURCE | source_hint=NOT_APPLICABLE,아니오,0,0,0,HUMAN_REVIEW,CLAIM_PARSE,CONTEXT_REQUIRED,CONTEXT,,CLAIM_SPLIT~CLAIM_PARSE,HUMAN_REVIEW,CONTEXT_REQUIRED,,,,,0,,,
A02624,9,A02624_9,A02624_9,이 탓에 관련 통계가 집계된 지 100년 만에 70대 이상 인구보다 적은 수치를 기록했다.,,indicator=SOURCE | value=SOURCE | unit=SOURCE | time=MISSING | frequency=NOT_APPLICABLE | region=NOT_APPLICABLE | population=NOT_APPLICABLE | dimension=NOT_APPLICABLE | comparison=NOT_APPLICABLE | calculation=SOURCE | condition=SOURCE | source_hint=NOT_APPLICABLE,아니오,0,0,0,HUMAN_REVIEW,CLAIM_PARSE,CONTEXT_REQUIRED,CONTEXT,,CLAIM_SPLIT~CLAIM_PARSE,HUMAN_REVIEW,CONTEXT_REQUIRED,,,,,0,,,
A02632,2,A02632_2,A02632_2,취업자 수 증가 폭이 30만명대를 기록한 것은 1년 7개월 만이다.,,indicator=SOURCE | value=SOURCE | unit=SOURCE | time=MISSING | frequency=NOT_APPLICABLE | region=NOT_APPLICABLE | population=NOT_APPLICABLE | dimension=NOT_APPLICABLE | comparison=SOURCE | calculation=SOURCE | condition=SOURCE | source_hint=NOT_APPLICABLE,아니오,0,0,0,HUMAN_REVIEW,CLAIM_PARSE,CONTEXT_REQUIRED,CONTEXT,,CLAIM_SPLIT~CLAIM_PARSE,HUMAN_REVIEW,CONTEXT_REQUIRED,,,,,0,,,
A02633,11,A02633_11,A02633_11,"이에 대해 국가데이터처 관계자는 “50대 인구가 줄어드는 효과도 있지만, 그 보다는 50대 취업자가 많은 건설업 등에서의 부진이 이어지면서 취업자에 부정적 영향을 준 측면이 있다”고 말했다.",,indicator=SOURCE | value=SOURCE | unit=SOURCE | time=MISSING | frequency=NOT_APPLICABLE | region=NOT_APPLICABLE | population=NOT_APPLICABLE | dimension=SOURCE | comparison=SOURCE | calculation=SOURCE | condition=SOURCE | source_hint=NOT_APPLICABLE,아니오,0,0,0,HUMAN_REVIEW,CLAIM_PARSE,CONTEXT_REQUIRED,CONTEXT,,CLAIM_SPLIT~CLAIM_PARSE,HUMAN_REVIEW,CONTEXT_REQUIRED,,,,,0,,,
A02633,15,A02633_15,A02633_15,상용직 취업자는 34만400명 늘어 증가세를 주도했다.,,indicator=SOURCE | value=SOURCE | unit=SOURCE | time=MISSING | frequency=NOT_APPLICABLE | region=NOT_APPLICABLE | population=NOT_APPLICABLE | dimension=NOT_APPLICABLE | comparison=NOT_APPLICABLE | calculation=SOURCE | condition=SOURCE | source_hint=NOT_APPLICABLE,아니오,0,0,0,HUMAN_REVIEW,CLAIM_PARSE,CONTEXT_REQUIRED,CONTEXT,,CLAIM_SPLIT~CLAIM_PARSE,HUMAN_REVIEW,CONTEXT_REQUIRED,,,,,0,,,
A02633,26,A02633_26,A02633_26,농림어업도 14만6100명 줄었다.,,indicator=SOURCE | value=SOURCE | unit=SOURCE | time=MISSING | frequency=NOT_APPLICABLE | region=NOT_APPLICABLE | population=NOT_APPLICABLE | dimension=SOURCE | comparison=NOT_APPLICABLE | calculation=SOURCE | condition=NOT_APPLICABLE | source_hint=NOT_APPLICABLE,아니오,0,0,0,HUMAN_REVIEW,CLAIM_PARSE,CONTEXT_REQUIRED,CONTEXT,,CLAIM_SPLIT~CLAIM_PARSE,HUMAN_REVIEW,CONTEXT_REQUIRED,,,,,0,,,
A02633,3,A02633_3,A02633_3,30대와 60세 이상을 제외한 모든 연령대에서 취업자가 줄어 고용시장의 양극화가 극심해지는 모습이다.,,indicator=SOURCE | value=SOURCE | unit=SOURCE | time=MISSING | frequency=NOT_APPLICABLE | region=NOT_APPLICABLE | population=NOT_APPLICABLE | dimension=NOT_APPLICABLE | comparison=NOT_APPLICABLE | calculation=SOURCE | condition=SOURCE | source_hint=NOT_APPLICABLE,아니오,0,0,0,HUMAN_REVIEW,CLAIM_PARSE,CONTEXT_REQUIRED,CONTEXT,,CLAIM_SPLIT~CLAIM_PARSE,HUMAN_REVIEW,CONTEXT_REQUIRED,,,,,0,,,
A02633,44,A02633_44,A02633_44,"실업률은 2.1%로 낮지만, 일자리를 찾는 실업자는 여전히 많다는 의미다.",,indicator=SOURCE | value=SOURCE | unit=SOURCE | time=MISSING | frequency=NOT_APPLICABLE | region=NOT_APPLICABLE | population=NOT_APPLICABLE | dimension=NOT_APPLICABLE | comparison=NOT_APPLICABLE | calculation=SOURCE | condition=NOT_APPLICABLE | source_hint=NOT_APPLICABLE,아니오,0,0,0,HUMAN_REVIEW,CLAIM_PARSE,CONTEXT_REQUIRED,CONTEXT,,CLAIM_SPLIT~CLAIM_PARSE,HUMAN_REVIEW,CONTEXT_REQUIRED,,,,,0,,,
A02633,7,A02633_7,A02633_7,반면 청년(15~29세) 취업자는 14만6200명 감소했다.,,indicator=SOURCE | value=SOURCE | unit=SOURCE | time=MISSING | frequency=NOT_APPLICABLE | region=NOT_APPLICABLE | population=SOURCE | dimension=SOURCE | comparison=NOT_APPLICABLE | calculation=SOURCE | condition=SOURCE | source_hint=NOT_APPLICABLE,아니오,0,0,0,HUMAN_REVIEW,CLAIM_PARSE,CONTEXT_REQUIRED,CONTEXT,,CLAIM_SPLIT~CLAIM_PARSE,HUMAN_REVIEW,CONTEXT_REQUIRED,,,,,0,,,
A02633,9,A02633_9,A02633_9,"40대와 50대 취업자도 각각 4만5200명, 1만1000명 줄었다.",,indicator=SOURCE | value=SOURCE | unit=SOURCE | time=MISSING | frequency=NOT_APPLICABLE | region=NOT_APPLICABLE | population=NOT_APPLICABLE | dimension=NOT_APPLICABLE | comparison=SOURCE | calculation=SOURCE | condition=NOT_APPLICABLE | source_hint=NOT_APPLICABLE,아니오,0,0,0,HUMAN_REVIEW,CLAIM_PARSE,CONTEXT_REQUIRED,CONTEXT,,CLAIM_SPLIT~CLAIM_PARSE,HUMAN_REVIEW,CONTEXT_REQUIRED,,,,,0,,,
A02638,2,A02638_2,A02638_2,20대 취업자 수는 물론 인구 대비 취업자 수를 나타내는 고용률도 감소세가 길어지고 있다.,,indicator=SOURCE | value=SOURCE | unit=SOURCE | time=MISSING | frequency=NOT_APPLICABLE | region=NOT_APPLICABLE | population=NOT_APPLICABLE | dimension=NOT_APPLICABLE | comparison=NOT_APPLICABLE | calculation=SOURCE | condition=SOURCE | source_hint=NOT_APPLICABLE,아니오,0,0,0,HUMAN_REVIEW,CLAIM_PARSE,CONTEXT_REQUIRED,CONTEXT,,CLAIM_SPLIT~CLAIM_PARSE,HUMAN_REVIEW,CONTEXT_REQUIRED,,,,,0,,,
A02638,6,A02638_6,A02638_6,저출산에 따른 인구 감소 요인을 뺀 고용률을 봐도 20대 취업난은 악화하고 있다.,,indicator=SOURCE | value=SOURCE | unit=SOURCE | time=MISSING | frequency=NOT_APPLICABLE | region=NOT_APPLICABLE | population=NOT_APPLICABLE | dimension=NOT_APPLICABLE | comparison=NOT_APPLICABLE | calculation=SOURCE | condition=SOURCE | source_hint=NOT_APPLICABLE,아니오,0,0,0,HUMAN_REVIEW,CLAIM_PARSE,CONTEXT_REQUIRED,CONTEXT,,CLAIM_SPLIT~CLAIM_PARSE,HUMAN_REVIEW,CONTEXT_REQUIRED,,,,,0,,,
A02639,2,A02639_2,A02639_2,"19일 국가데이터처(옛 통계청)에 따르면, 지난 달 청년층 고용률은 45.1%로 1년 전보다 0.7%포인트(p) 낮아졌다.",,indicator=SOURCE | value=SOURCE | unit=SOURCE | time=MISSING | frequency=NOT_APPLICABLE | region=NOT_APPLICABLE | population=SOURCE | dimension=SOURCE | comparison=SOURCE | calculation=SOURCE | condition=MISSING | source_hint=SOURCE,아니오,0,0,0,HUMAN_REVIEW,CLAIM_PARSE,CONTEXT_REQUIRED,CONTEXT,,CLAIM_SPLIT~CLAIM_PARSE,HUMAN_REVIEW,CONTEXT_REQUIRED,,,,,0,,,
A02639,8,A02639_8,A02639_8,건설업 취업자도 8만4000명 줄면서 17개월째 마이너스다.,,indicator=SOURCE | value=SOURCE | unit=SOURCE | time=MISSING | frequency=NOT_APPLICABLE | region=NOT_APPLICABLE | population=NOT_APPLICABLE | dimension=SOURCE | comparison=SOURCE | calculation=SOURCE | condition=SOURCE | source_hint=NOT_APPLICABLE,아니오,0,0,0,HUMAN_REVIEW,CLAIM_PARSE,CONTEXT_REQUIRED,CONTEXT,,CLAIM_SPLIT~CLAIM_PARSE,HUMAN_REVIEW,CONTEXT_REQUIRED,,,,,0,,,
A02641,6,A02641_6,A02641_6,"조사 항목은 총 55개로 성명, 성별, 교육 정도, 직업, 결혼 계획 및 의향, 가족 돌봄 시간, 1인 가구 사유 등이다.",,indicator=SOURCE | value=SOURCE | unit=SOURCE | time=MISSING | frequency=NOT_APPLICABLE | region=NOT_APPLICABLE | population=SOURCE | dimension=NOT_APPLICABLE | comparison=NOT_APPLICABLE | calculation=SOURCE | condition=NOT_APPLICABLE | source_hint=NOT_APPLICABLE,아니오,0,0,0,HUMAN_REVIEW,CLAIM_PARSE,CONTEXT_REQUIRED,CONTEXT,,CLAIM_SPLIT~CLAIM_PARSE,HUMAN_REVIEW,CONTEXT_REQUIRED,,,,,0,,,
A02642,1,A02642_1,A02642_1,국가데이터처는 10월 22일부터 11월 18일까지 2025 인구주택 총조사를 실시한다고 21일 밝혔다.,,indicator=SOURCE | value=MISSING | unit=MISSING | time=MISSING | frequency=NOT_APPLICABLE | region=NOT_APPLICABLE | population=NOT_APPLICABLE | dimension=NOT_APPLICABLE | comparison=NOT_APPLICABLE | calculation=SOURCE | condition=NOT_APPLICABLE | source_hint=NOT_APPLICABLE,아니오,0,0,0,HUMAN_REVIEW,CLAIM_PARSE,CONTEXT_REQUIRED,CONTEXT,,CLAIM_SPLIT~CLAIM_PARSE,HUMAN_REVIEW,CONTEXT_REQUIRED,,,,,0,,,
A02647,10,A02647_10,A02647_10,"연령별로는 60세 이상 비정규직 근로자가 35.5%로 가장 많았으며, 이어 50대(19.1%), 29세 이하(18.0%) 순이었다.",,indicator=SOURCE | value=SOURCE | unit=SOURCE | time=MISSING | frequency=NOT_APPLICABLE | region=NOT_APPLICABLE | population=NOT_APPLICABLE | dimension=NOT_APPLICABLE | comparison=SOURCE | calculation=SOURCE | condition=SOURCE | source_hint=NOT_APPLICABLE,아니오,0,0,0,HUMAN_REVIEW,CLAIM_PARSE,CONTEXT_REQUIRED,CONTEXT,,CLAIM_SPLIT~CLAIM_PARSE,HUMAN_REVIEW,CONTEXT_REQUIRED,,,,,0,,,
A02647,12,A02647_12,A02647_12,"60세 이상 임금근로자 중 비정규직 비율은 69.9%로, 10명 중 7명이 비정규직인 것으로 나타났다.",,indicator=SOURCE | value=SOURCE | unit=SOURCE | time=MISSING | frequency=NOT_APPLICABLE | region=NOT_APPLICABLE | population=NOT_APPLICABLE | dimension=NOT_APPLICABLE | comparison=SOURCE | calculation=SOURCE | condition=SOURCE | source_hint=NOT_APPLICABLE,아니오,0,0,0,HUMAN_REVIEW,CLAIM_PARSE,CONTEXT_REQUIRED,CONTEXT,,CLAIM_SPLIT~CLAIM_PARSE,HUMAN_REVIEW,CONTEXT_REQUIRED,,,,,0,,,
A02647,2,A02647_2,A02647_2,비정규직 근로자 수는 관련 통계가 집계되기 시작한 2003년 이후 역대 최고치를 기록했다.,,indicator=SOURCE | value=MISSING | unit=MISSING | time=SOURCE | frequency=SOURCE | region=NOT_APPLICABLE | population=NOT_APPLICABLE | dimension=NOT_APPLICABLE | comparison=NOT_APPLICABLE | calculation=SOURCE | condition=NOT_APPLICABLE | source_hint=NOT_APPLICABLE,아니오,0,0,0,HUMAN_REVIEW,CLAIM_PARSE,CONTEXT_REQUIRED,CONTEXT,,CLAIM_SPLIT~CLAIM_PARSE,HUMAN_REVIEW,CONTEXT_REQUIRED,,,,,0,,,
A02647,20,A02647_20,A02647_20,"정규직 근로자는 389만 6000원으로 10만원 증가했으며, 비정규직 근로자는 208만8000원으로 4만원 증가했다.",,indicator=SOURCE | value=SOURCE | unit=SOURCE | time=MISSING | frequency=NOT_APPLICABLE | region=NOT_APPLICABLE | population=NOT_APPLICABLE | dimension=NOT_APPLICABLE | comparison=SOURCE | calculation=SOURCE | condition=SOURCE | source_hint=NOT_APPLICABLE,아니오,0,0,0,HUMAN_REVIEW,CLAIM_PARSE,CONTEXT_REQUIRED,CONTEXT,,CLAIM_SPLIT~CLAIM_PARSE,HUMAN_REVIEW,CONTEXT_REQUIRED,,,,,0,,,
A02647,21,A02647_21,A02647_21,시간제 근로자를 제외할 경우 비정규직의 월평균 임금은 303만7000원으로 8만 원 늘었다.,,indicator=SOURCE | value=SOURCE | unit=SOURCE | time=MISSING | frequency=NOT_APPLICABLE | region=NOT_APPLICABLE | population=NOT_APPLICABLE | dimension=NOT_APPLICABLE | comparison=SOURCE | calculation=SOURCE | condition=NOT_APPLICABLE | source_hint=NOT_APPLICABLE,아니오,0,0,0,HUMAN_REVIEW,CLAIM_PARSE,CONTEXT_REQUIRED,CONTEXT,,CLAIM_SPLIT~CLAIM_PARSE,HUMAN_REVIEW,CONTEXT_REQUIRED,,,,,0,,,
A02650,32,A02650_32,A02650_32,관련 기사 한국서 희망 못 찾는 20대… 취업자 2년 11개월째 감소 청년 취업난이 심각한 것으로 나타났다.,,indicator=SOURCE | value=SOURCE | unit=SOURCE | time=MISSING | frequency=NOT_APPLICABLE | region=SOURCE | population=SOURCE | dimension=SOURCE | comparison=SOURCE | calculation=SOURCE | condition=SOURCE | source_hint=NOT_APPLICABLE,아니오,0,0,0,HUMAN_REVIEW,CLAIM_PARSE,CONTEXT_REQUIRED,CONTEXT,,CLAIM_SPLIT~CLAIM_PARSE,HUMAN_REVIEW,CONTEXT_REQUIRED,,,,,0,,,
A02650,33,A02650_33,A02650_33,20대 취업자 수는 물론 인구 대비 취업자 수를 나타내는 고용률도 감소세가 길어지고 있다.,,indicator=SOURCE | value=SOURCE | unit=SOURCE | time=MISSING | frequency=NOT_APPLICABLE | region=NOT_APPLICABLE | population=NOT_APPLICABLE | dimension=NOT_APPLICABLE | comparison=NOT_APPLICABLE | calculation=SOURCE | condition=SOURCE | source_hint=NOT_APPLICABLE,아니오,0,0,0,HUMAN_REVIEW,CLAIM_PARSE,CONTEXT_REQUIRED,CONTEXT,,CLAIM_SPLIT~CLAIM_PARSE,HUMAN_REVIEW,CONTEXT_REQUIRED,,,,,0,,,
A02656,19,A02656_19,A02656_19,"이 조사에 따르면 보건업 및 사회복지 서비스업 취업자는 302만7000명이었는데, 이 중 절반 이상인 159만4000명이 비거주 복지시설 운영업 취업자였다.",,indicator=SOURCE | value=SOURCE | unit=SOURCE | time=MISSING | frequency=NOT_APPLICABLE | region=NOT_APPLICABLE | population=NOT_APPLICABLE | dimension=SOURCE | comparison=SOURCE | calculation=SOURCE | condition=SOURCE | source_hint=NOT_APPLICABLE,아니오,0,0,0,HUMAN_REVIEW,CLAIM_PARSE,CONTEXT_REQUIRED,CONTEXT,,CLAIM_SPLIT~CLAIM_PARSE,HUMAN_REVIEW,CONTEXT_REQUIRED,,,,,0,,,
A02656,30,A02656_30,A02656_30,병원 취업자의 3개월 평균 임금은 384만원으로 비거주 복지시설 운영업의 3배 이상이었다.,,indicator=SOURCE | value=SOURCE | unit=SOURCE | time=MISSING | frequency=NOT_APPLICABLE | region=NOT_APPLICABLE | population=NOT_APPLICABLE | dimension=NOT_APPLICABLE | comparison=SOURCE | calculation=SOURCE | condition=SOURCE | source_hint=NOT_APPLICABLE,아니오,0,0,0,HUMAN_REVIEW,CLAIM_PARSE,CONTEXT_REQUIRED,CONTEXT,,CLAIM_SPLIT~CLAIM_PARSE,HUMAN_REVIEW,CONTEXT_REQUIRED,,,,,0,,,
A02656,36,A02656_36,A02656_36,"박승희 성균관대 사회복지학과 교수는 ""60세 이상 노인들은 취업의 기회가 많지 않아 복지 관련 업무라도 하는 경우가 많다""면서 ""제조업 등과 달리 좋은 자리는 많이 없지만 고령화로 (사회복지) 일자리는 늘어날 것""이라고 했다.",,indicator=SOURCE | value=MISSING | unit=MISSING | time=MISSING | frequency=NOT_APPLICABLE | region=NOT_APPLICABLE | population=NOT_APPLICABLE | dimension=SOURCE | comparison=NOT_APPLICABLE | calculation=SOURCE | condition=SOURCE | source_hint=NOT_APPLICABLE,아니오,0,0,0,HUMAN_REVIEW,CLAIM_PARSE,CONTEXT_REQUIRED,CONTEXT,,CLAIM_SPLIT~CLAIM_PARSE,HUMAN_REVIEW,CONTEXT_REQUIRED,,,,,0,,,
A02656,8,A02656_8,A02656_8,"잠재성장률이란 자본·노동력을 최대한 활용했을 때 달성할 수 있는 성장률로, 이 총재의 말은 우리나라가 최선을 다해도 GDP가 2%도 채 늘지 않는다는 뜻이다.",,indicator=SOURCE | value=SOURCE | unit=SOURCE | time=MISSING | frequency=NOT_APPLICABLE | region=SOURCE | population=NOT_APPLICABLE | dimension=NOT_APPLICABLE | comparison=NOT_APPLICABLE | calculation=SOURCE | condition=SOURCE | source_hint=NOT_APPLICABLE,아니오,0,0,0,HUMAN_REVIEW,CLAIM_PARSE,CONTEXT_REQUIRED,CONTEXT,,CLAIM_SPLIT~CLAIM_PARSE,HUMAN_REVIEW,CONTEXT_REQUIRED,,,,,0,,,
A02661,10,A02661_10,A02661_10,"올해 상반기 취업자는 매장판매종사자(153만9000명, 5.3%), 청소관련종사자(127만2000명, 4.4%), 작물재배종사자(120만5000명, 4.2%) 순이었다.",,indicator=SOURCE | value=SOURCE | unit=SOURCE | time=SOURCE | frequency=SOURCE | region=NOT_APPLICABLE | population=NOT_APPLICABLE | dimension=NOT_APPLICABLE | comparison=SOURCE | calculation=SOURCE | condition=NOT_APPLICABLE | source_hint=NOT_APPLICABLE,예,0,0,0,HUMAN_REVIEW,CLAIM_PARSE,CONTEXT_REQUIRED,CONTEXT,,CLAIM_SPLIT~CLAIM_PARSE,HUMAN_REVIEW,CONTEXT_REQUIRED,,,,,0,,,
A02664,1,A02664_1,A02664_1,결혼과 출생이 1년 넘게 동반해서 늘면서 올해 1~8월 출생아 수가 18년 만에 가장 큰 폭으로 늘었다.,,indicator=SOURCE | value=MISSING | unit=MISSING | time=SOURCE | frequency=SOURCE | region=NOT_APPLICABLE | population=NOT_APPLICABLE | dimension=NOT_APPLICABLE | comparison=NOT_APPLICABLE | calculation=SOURCE | condition=NOT_APPLICABLE | source_hint=NOT_APPLICABLE,아니오,0,0,0,HUMAN_REVIEW,CLAIM_PARSE,CONTEXT_REQUIRED,CONTEXT,,CLAIM_SPLIT~CLAIM_PARSE,HUMAN_REVIEW,CONTEXT_REQUIRED,,,,,0,,,
A02665,13,A02665_13,A02665_13,8월 사망자 수는 1년 전보다 3150명(9.8%) 감소한 2만8971명이다.,,indicator=SOURCE | value=SOURCE | unit=SOURCE | time=MISSING | frequency=NOT_APPLICABLE | region=NOT_APPLICABLE | population=NOT_APPLICABLE | dimension=NOT_APPLICABLE | comparison=SOURCE | calculation=SOURCE | condition=SOURCE | source_hint=NOT_APPLICABLE,아니오,0,0,0,HUMAN_REVIEW,CLAIM_PARSE,CONTEXT_REQUIRED,CONTEXT,,CLAIM_SPLIT~CLAIM_PARSE,HUMAN_REVIEW,CONTEXT_REQUIRED,,,,,0,,,
A02665,15,A02665_15,A02665_15,사망자 수가 출생아 수를 웃돌면서 8월 인구는 8105명 자연 감소했다.,,indicator=SOURCE | value=SOURCE | unit=SOURCE | time=MISSING | frequency=NOT_APPLICABLE | region=NOT_APPLICABLE | population=NOT_APPLICABLE | dimension=NOT_APPLICABLE | comparison=NOT_APPLICABLE | calculation=SOURCE | condition=SOURCE | source_hint=NOT_APPLICABLE,아니오,0,0,0,HUMAN_REVIEW,CLAIM_PARSE,CONTEXT_REQUIRED,CONTEXT,,CLAIM_SPLIT~CLAIM_PARSE,HUMAN_REVIEW,CONTEXT_REQUIRED,,,,,0,,,
A02665,17,A02665_17,A02665_17,"인구가 순이동된 도시는 인천(3422명), 충북(861명), 충남(823명) 등이고, 순유출된 도시는 서울(-3382명), 부산(-731명), 경북(-620명) 등이다.",,indicator=SOURCE | value=SOURCE | unit=SOURCE | time=MISSING | frequency=NOT_APPLICABLE | region=SOURCE | population=NOT_APPLICABLE | dimension=NOT_APPLICABLE | comparison=SOURCE | calculation=SOURCE | condition=NOT_APPLICABLE | source_hint=NOT_APPLICABLE,아니오,0,0,0,HUMAN_REVIEW,CLAIM_PARSE,CONTEXT_REQUIRED,CONTEXT,,CLAIM_SPLIT~CLAIM_PARSE,HUMAN_REVIEW,CONTEXT_REQUIRED,,,,,0,,,
A02665,9,A02665_9,A02665_9,시도별로는 서울과 부산 등 12개 시도에선 출생아가 늘었고 대전과 세종 등 5개 시도에선 줄었다.,,indicator=SOURCE | value=SOURCE | unit=SOURCE | time=MISSING | frequency=NOT_APPLICABLE | region=SOURCE | population=NOT_APPLICABLE | dimension=NOT_APPLICABLE | comparison=SOURCE | calculation=SOURCE | condition=NOT_APPLICABLE | source_hint=NOT_APPLICABLE,아니오,0,0,0,HUMAN_REVIEW,CLAIM_PARSE,CONTEXT_REQUIRED,CONTEXT,,CLAIM_SPLIT~CLAIM_PARSE,HUMAN_REVIEW,CONTEXT_REQUIRED,,,,,0,,,
A02670,1,A02670_1,A02670_1,우리나라에서 거주 중인 외국인 주민 수가 사상 최대 규모인 258만명을 기록했다.,,indicator=SOURCE | value=SOURCE | unit=SOURCE | time=MISSING | frequency=NOT_APPLICABLE | region=SOURCE | population=NOT_APPLICABLE | dimension=NOT_APPLICABLE | comparison=NOT_APPLICABLE | calculation=SOURCE | condition=SOURCE | source_hint=NOT_APPLICABLE,아니오,0,0,0,HUMAN_REVIEW,CLAIM_PARSE,CONTEXT_REQUIRED,CONTEXT,,CLAIM_SPLIT~CLAIM_PARSE,HUMAN_REVIEW,CONTEXT_REQUIRED,,,,,0,,,
A02670,11,A02670_11,A02670_11,"외국인주민이 가장 많이 거주하는 시·도는 경기(84만5074명), 서울(45만888명), 충남(16만9245명), 인천(16만9219명), 경남(16만2714명) 순이었다.",,indicator=SOURCE | value=SOURCE | unit=SOURCE | time=MISSING | frequency=NOT_APPLICABLE | region=SOURCE | population=SOURCE | dimension=NOT_APPLICABLE | comparison=SOURCE | calculation=SOURCE | condition=NOT_APPLICABLE | source_hint=NOT_APPLICABLE,아니오,0,0,0,HUMAN_REVIEW,CLAIM_PARSE,CONTEXT_REQUIRED,CONTEXT,,CLAIM_SPLIT~CLAIM_PARSE,HUMAN_REVIEW,CONTEXT_REQUIRED,,,,,0,,,
A02670,12,A02670_12,A02670_12,전체 외국인주민의 56.7%가 수도권에 거주하고 있었다.,,indicator=SOURCE | value=SOURCE | unit=SOURCE | time=MISSING | frequency=NOT_APPLICABLE | region=NOT_APPLICABLE | population=SOURCE | dimension=NOT_APPLICABLE | comparison=NOT_APPLICABLE | calculation=SOURCE | condition=NOT_APPLICABLE | source_hint=NOT_APPLICABLE,아니오,0,0,0,HUMAN_REVIEW,CLAIM_PARSE,CONTEXT_REQUIRED,CONTEXT,,CLAIM_SPLIT~CLAIM_PARSE,HUMAN_REVIEW,CONTEXT_REQUIRED,,,,,0,,,
A02670,2,A02670_2,A02670_2,전체 인구의 5%를 차지한다.,,indicator=SOURCE | value=SOURCE | unit=SOURCE | time=MISSING | frequency=NOT_APPLICABLE | region=NOT_APPLICABLE | population=NOT_APPLICABLE | dimension=NOT_APPLICABLE | comparison=SOURCE | calculation=SOURCE | condition=NOT_APPLICABLE | source_hint=NOT_APPLICABLE,아니오,0,0,0,HUMAN_REVIEW,CLAIM_PARSE,CONTEXT_REQUIRED,CONTEXT,,CLAIM_SPLIT~CLAIM_PARSE,HUMAN_REVIEW,CONTEXT_REQUIRED,,,,,0,,,
A02670,5,A02670_5,A02670_5,외국인 주민 수는 총 258만3626명으로 집계됐다.,,indicator=SOURCE | value=SOURCE | unit=SOURCE | time=MISSING | frequency=NOT_APPLICABLE | region=NOT_APPLICABLE | population=NOT_APPLICABLE | dimension=NOT_APPLICABLE | comparison=NOT_APPLICABLE | calculation=SOURCE | condition=NOT_APPLICABLE | source_hint=NOT_APPLICABLE,아니오,0,0,0,HUMAN_REVIEW,CLAIM_PARSE,CONTEXT_REQUIRED,CONTEXT,,CLAIM_SPLIT~CLAIM_PARSE,HUMAN_REVIEW,CONTEXT_REQUIRED,,,,,0,,,
A02670,6,A02670_6,A02670_6,인구주택총조사 기준 우리나라 총인구인 5180만5547명의 5%다.,,indicator=SOURCE | value=SOURCE | unit=SOURCE | time=MISSING | frequency=NOT_APPLICABLE | region=SOURCE | population=NOT_APPLICABLE | dimension=NOT_APPLICABLE | comparison=SOURCE | calculation=SOURCE | condition=NOT_APPLICABLE | source_hint=NOT_APPLICABLE,아니오,0,0,0,HUMAN_REVIEW,CLAIM_PARSE,CONTEXT_REQUIRED,CONTEXT,,CLAIM_SPLIT~CLAIM_PARSE,HUMAN_REVIEW,CONTEXT_REQUIRED,,,,,0,,,
A02670,7,A02670_7,A02670_7,"행안부는 ""국내 외국인주민 수는 통계가 처음 발표된 2006년 이후 매년 증가해, 지난해에도 사상 최대 규모를 경신했다""고 설명했다.",,indicator=SOURCE | value=MISSING | unit=MISSING | time=SOURCE | frequency=SOURCE | region=SOURCE | population=SOURCE | dimension=NOT_APPLICABLE | comparison=NOT_APPLICABLE | calculation=SOURCE | condition=SOURCE | source_hint=NOT_APPLICABLE,아니오,0,0,0,HUMAN_REVIEW,CLAIM_PARSE,CONTEXT_REQUIRED,CONTEXT,,CLAIM_SPLIT~CLAIM_PARSE,HUMAN_REVIEW,CONTEXT_REQUIRED,,,,,0,,,
A02679,12,A02679_12,A02679_12,"특히 축산물(5.4%), 수산물(6.4%), 가공식품(4.2%), 외식(3.4%) 등 먹거리 가격이 소비자물가보다 상승률이 더 높았다.",,indicator=SOURCE | value=SOURCE | unit=SOURCE | time=MISSING | frequency=NOT_APPLICABLE | region=NOT_APPLICABLE | population=NOT_APPLICABLE | dimension=NOT_APPLICABLE | comparison=SOURCE | calculation=SOURCE | condition=SOURCE | source_hint=NOT_APPLICABLE,아니오,0,0,0,HUMAN_REVIEW,CLAIM_PARSE,CONTEXT_REQUIRED,CONTEXT,,CLAIM_SPLIT~CLAIM_PARSE,HUMAN_REVIEW,CONTEXT_REQUIRED,,,,,0,,,
A02680,10,A02680_10,A02680_10,"오후 5시 ‘칼퇴(정시 퇴근)’하고, 밤 8... 더 벌어졌다… 정규·비정규직 월급차 역대 최대 180만원 이른바 ‘N잡(2개 이상의 직업을 갖는 것)’에 뛰어드는 직장인이 늘어나는 데는 정규직과 비정규직 간 임금 격차 확대 등 ‘노동시장 양극화’가 ... 다 비싸졌다… 월세 상승률 10년래 최고, 물가도 껑충 월세, 외식 물가 등이 크게 올라 생활비 부담이 커지는 것은 비정규직 근로자 등 서민의 생활고를 가중시키는 요인으로 꼽힌다.",,indicator=SOURCE | value=SOURCE | unit=SOURCE | time=MISSING | frequency=NOT_APPLICABLE | region=NOT_APPLICABLE | population=NOT_APPLICABLE | dimension=NOT_APPLICABLE | comparison=SOURCE | calculation=SOURCE | condition=SOURCE | source_hint=NOT_APPLICABLE,아니오,0,0,0,HUMAN_REVIEW,CLAIM_PARSE,CONTEXT_REQUIRED,CONTEXT,,CLAIM_SPLIT~CLAIM_PARSE,HUMAN_REVIEW,CONTEXT_REQUIRED,,,,,0,,,
A02681,10,A02681_10,A02681_10,"그 외에도 커피(14.7%), 빵(6.6%), 수입 승용차(5.1%), 여자 외의(4.7%)의 가격 인상이 두드러졌다.",,indicator=SOURCE | value=SOURCE | unit=SOURCE | time=MISSING | frequency=NOT_APPLICABLE | region=NOT_APPLICABLE | population=NOT_APPLICABLE | dimension=NOT_APPLICABLE | comparison=SOURCE | calculation=SOURCE | condition=NOT_APPLICABLE | source_hint=NOT_APPLICABLE,아니오,0,0,0,HUMAN_REVIEW,CLAIM_PARSE,CONTEXT_REQUIRED,CONTEXT,,CLAIM_SPLIT~CLAIM_PARSE,HUMAN_REVIEW,CONTEXT_REQUIRED,,,,,0,,,
A02681,11,A02681_11,A02681_11,"소비자물가 상승률 중 농축수산물의 기여도는 0.25%p로 다른 항목에 비해 낮았으나, 개별 품목은 크게 올랐다.",,indicator=SOURCE | value=SOURCE | unit=SOURCE | time=MISSING | frequency=NOT_APPLICABLE | region=NOT_APPLICABLE | population=NOT_APPLICABLE | dimension=NOT_APPLICABLE | comparison=NOT_APPLICABLE | calculation=SOURCE | condition=SOURCE | source_hint=NOT_APPLICABLE,아니오,0,0,0,HUMAN_REVIEW,CLAIM_PARSE,CONTEXT_REQUIRED,CONTEXT,,CLAIM_SPLIT~CLAIM_PARSE,HUMAN_REVIEW,CONTEXT_REQUIRED,,,,,0,,,
A02681,16,A02681_16,A02681_16,전기·가스·수도는 전년 동월보다 0.4% 오르면서 소비자물가 상승률 기여도는 0.02%p다.,,indicator=SOURCE | value=SOURCE | unit=SOURCE | time=SOURCE | frequency=SOURCE | region=NOT_APPLICABLE | population=NOT_APPLICABLE | dimension=NOT_APPLICABLE | comparison=SOURCE | calculation=SOURCE | condition=SOURCE | source_hint=NOT_APPLICABLE,예,0,0,0,HUMAN_REVIEW,CLAIM_PARSE,CONTEXT_REQUIRED,CONTEXT,,CLAIM_SPLIT~CLAIM_PARSE,HUMAN_REVIEW,CONTEXT_REQUIRED,,,,,0,,,
A02681,19,A02681_19,A02681_19,구입 빈도와 지출 비중이 높은 144개 품목을 중심으로 한 생활물가지수는 전년 동월 대비 2.5% 올랐다.,,indicator=SOURCE | value=SOURCE | unit=SOURCE | time=SOURCE | frequency=SOURCE | region=NOT_APPLICABLE | population=NOT_APPLICABLE | dimension=NOT_APPLICABLE | comparison=SOURCE | calculation=SOURCE | condition=NOT_APPLICABLE | source_hint=NOT_APPLICABLE,예,0,0,0,HUMAN_REVIEW,CLAIM_PARSE,CONTEXT_REQUIRED,CONTEXT,,CLAIM_SPLIT~CLAIM_PARSE,HUMAN_REVIEW,CONTEXT_REQUIRED,,,,,0,,,
A02681,20,A02681_20,A02681_20,"English 기사보기 세종=문수빈 기자 관련 기사 구윤철 부총리 ""물가 안정 총력… 김장철 배추·무 4.7만톤 공급"" 구윤철 경제부총리 겸 기획재정부 장관은 4일 ""배추와 무를 4만7000톤 이상 공급하는 등 김장철 장바구니 물가 부담을 덜기 ... 한은 ""소비자 물가 상승률, 연말·연초 2% 내외로 다시 안정"" 지난달 소비자물가 상승률이 1년 3개월 만에 최고치를 기록한 가운데, 한국은행은 연말 상승률이 2% 내외를 기록하며 안정될 것... 오늘의 핫뉴스 K뷰티 美서 인기라더니… 죽 쑤는 북미 공장의 아이러니 ""현대차는 좀 고리타분해…"" 14년 뒤 이미지 바꾼 한 수 李, 대선 때 54억원 썼다… 네이버 속 선거 광고, 단가는?",,indicator=SOURCE | value=SOURCE | unit=SOURCE | time=SOURCE | frequency=SOURCE | region=SOURCE | population=NOT_APPLICABLE | dimension=NOT_APPLICABLE | comparison=SOURCE | calculation=SOURCE | condition=SOURCE | source_hint=SOURCE,예,0,0,0,HUMAN_REVIEW,CLAIM_PARSE,CONTEXT_REQUIRED,CONTEXT,,CLAIM_SPLIT~CLAIM_PARSE,HUMAN_REVIEW,CONTEXT_REQUIRED,,,,,0,,,
A02681,4,A02681_4,A02681_4,최근 소비자물가 상승률은 8월 SK텔레콤의 50% 요금 할인으로 1%대로 떨어졌다가 최근 두 달 연속 상승 폭을 확대하는 모습이다.,,indicator=SOURCE | value=SOURCE | unit=SOURCE | time=MISSING | frequency=NOT_APPLICABLE | region=NOT_APPLICABLE | population=NOT_APPLICABLE | dimension=NOT_APPLICABLE | comparison=SOURCE | calculation=SOURCE | condition=SOURCE | source_hint=NOT_APPLICABLE,아니오,0,0,0,HUMAN_REVIEW,CLAIM_PARSE,CONTEXT_REQUIRED,CONTEXT,,CLAIM_SPLIT~CLAIM_PARSE,HUMAN_REVIEW,CONTEXT_REQUIRED,,,,,0,,,
A02681,5,A02681_5,A02681_5,이번 소비자물가 상승률은 서비스의 기여도(1.35%p)가 가장 컸다.,,indicator=SOURCE | value=SOURCE | unit=SOURCE | time=MISSING | frequency=NOT_APPLICABLE | region=NOT_APPLICABLE | population=NOT_APPLICABLE | dimension=NOT_APPLICABLE | comparison=NOT_APPLICABLE | calculation=SOURCE | condition=SOURCE | source_hint=NOT_APPLICABLE,아니오,0,0,0,HUMAN_REVIEW,CLAIM_PARSE,CONTEXT_REQUIRED,CONTEXT,,CLAIM_SPLIT~CLAIM_PARSE,HUMAN_REVIEW,CONTEXT_REQUIRED,,,,,0,,,
A02682,11,A02682_11,A02682_11,"배추(-34.5%), 무(-40.5%) 등은 마이너스 물가 상승률을 보였지만, 쌀(21.3%), 사과(21.6%), 달걀(6.9%) 등은 여전히 전체 물가 상승률을 크게 웃돌았다.",,indicator=SOURCE | value=SOURCE | unit=SOURCE | time=MISSING | frequency=NOT_APPLICABLE | region=NOT_APPLICABLE | population=NOT_APPLICABLE | dimension=SOURCE | comparison=SOURCE | calculation=SOURCE | condition=SOURCE | source_hint=NOT_APPLICABLE,아니오,0,0,0,HUMAN_REVIEW,CLAIM_PARSE,CONTEXT_REQUIRED,CONTEXT,,CLAIM_SPLIT~CLAIM_PARSE,HUMAN_REVIEW,CONTEXT_REQUIRED,,,,,0,,,
A02682,12,A02682_12,A02682_12,사람들이 자주 구매하는 품목 위주로 구성돼 체감물가에 가까운 생활물가지수는 2.5% 올라 9월과 상승 폭이 같았다.,,indicator=SOURCE | value=SOURCE | unit=SOURCE | time=MISSING | frequency=NOT_APPLICABLE | region=NOT_APPLICABLE | population=NOT_APPLICABLE | dimension=NOT_APPLICABLE | comparison=MISSING | calculation=SOURCE | condition=SOURCE | source_hint=NOT_APPLICABLE,아니오,0,0,0,HUMAN_REVIEW,CLAIM_PARSE,CONTEXT_REQUIRED,CONTEXT,,CLAIM_SPLIT~CLAIM_PARSE,HUMAN_REVIEW,CONTEXT_REQUIRED,,,,,0,,,
A02682,15,A02682_15,A02682_15,"관련 기사 2.4% 찍은 소비자물가 상승률에...한은 ""2% 내외로 다시 안정될 것"" 지난달 소비자물가 상승률이 2.4%를 기록하며 1년 3개월 만에 최고치를 기록했다.",,indicator=SOURCE | value=SOURCE | unit=SOURCE | time=SOURCE | frequency=SOURCE | region=NOT_APPLICABLE | population=NOT_APPLICABLE | dimension=NOT_APPLICABLE | comparison=SOURCE | calculation=SOURCE | condition=SOURCE | source_hint=NOT_APPLICABLE,예,0,0,0,HUMAN_REVIEW,CLAIM_PARSE,CONTEXT_REQUIRED,CONTEXT,,CLAIM_SPLIT~CLAIM_PARSE,HUMAN_REVIEW,CONTEXT_REQUIRED,,,,,0,,,
A02682,17,A02682_17,A02682_17,"소비자물가 상승률은... 김장 물가 안정에 역대 최대 '500억' 투입...배추·무 40% 할인 본격적인 김장철을 앞두고 정부가 소비자 부담 완화를 위해 역대 최대 규모인 500억원을 투입해 김장 재료를 최대 40%까지 할인 지원에 나서기로... 다 비싸졌다… 월세 상승률 10년래 최고, 물가도 껑충 월세, 외식 물가 등이 크게 올라 생활비 부담이 커지는 것은 비정규직 근로자 등 서민의 생활고를 가중시키는 요인으로 꼽힌다.",,indicator=SOURCE | value=SOURCE | unit=SOURCE | time=MISSING | frequency=NOT_APPLICABLE | region=NOT_APPLICABLE | population=NOT_APPLICABLE | dimension=NOT_APPLICABLE | comparison=SOURCE | calculation=SOURCE | condition=SOURCE | source_hint=NOT_APPLICABLE,아니오,0,0,0,HUMAN_REVIEW,CLAIM_PARSE,CONTEXT_REQUIRED,CONTEXT,,CLAIM_SPLIT~CLAIM_PARSE,HUMAN_REVIEW,CONTEXT_REQUIRED,,,,,0,,,
A02682,4,A02682_4,A02682_4,"소비자 물가 상승률은 지난 8월 SK텔레콤 해킹 사태에 따른 요금 인하 효과로 1.7%를 기록했다가, 추석 명절 수요 등으로 가공식품과 축·수산물 등 먹거리 물가가 오르면서 9월 2.1%로 올라선 바 있다.",,indicator=SOURCE | value=SOURCE | unit=SOURCE | time=SOURCE | frequency=SOURCE | region=NOT_APPLICABLE | population=NOT_APPLICABLE | dimension=NOT_APPLICABLE | comparison=SOURCE | calculation=SOURCE | condition=SOURCE | source_hint=NOT_APPLICABLE,예,0,0,0,HUMAN_REVIEW,CLAIM_PARSE,CONTEXT_REQUIRED,CONTEXT,,CLAIM_SPLIT~CLAIM_PARSE,HUMAN_REVIEW,CONTEXT_REQUIRED,,,,,0,,,
A02682,7,A02682_7,A02682_7,"9월 가공식품 물가 상승률(4.2%)보다는 소폭 낮아지긴 했지만, 품목별로 빵(6.6%), 커피(14.7%) 등의 상승세는 여전했다.",,indicator=SOURCE | value=SOURCE | unit=SOURCE | time=MISSING | frequency=NOT_APPLICABLE | region=NOT_APPLICABLE | population=NOT_APPLICABLE | dimension=NOT_APPLICABLE | comparison=SOURCE | calculation=SOURCE | condition=SOURCE | source_hint=NOT_APPLICABLE,아니오,0,0,0,HUMAN_REVIEW,CLAIM_PARSE,CONTEXT_REQUIRED,CONTEXT,,CLAIM_SPLIT~CLAIM_PARSE,HUMAN_REVIEW,CONTEXT_REQUIRED,,,,,0,,,
A02687,2,A02687_2,A02687_2,▲10월 28일 자 A12면 “경부선보다 열차 수 적은 호남 KTX… 영호남 2.5배 인구 차이 감안한 운행” 기사에서 ‘통계청’을 ‘국가데이터처’로 바로잡습니다.,,indicator=SOURCE | value=SOURCE | unit=SOURCE | time=MISSING | frequency=NOT_APPLICABLE | region=NOT_APPLICABLE | population=NOT_APPLICABLE | dimension=NOT_APPLICABLE | comparison=SOURCE | calculation=SOURCE | condition=NOT_APPLICABLE | source_hint=SOURCE,아니오,0,0,0,HUMAN_REVIEW,CLAIM_PARSE,CONTEXT_REQUIRED,CONTEXT,,CLAIM_SPLIT~CLAIM_PARSE,HUMAN_REVIEW,CONTEXT_REQUIRED,,,,,0,,,
A02688,2,A02688_2,A02688_2,"한동안 한국은행의 물가 안정 목표치인 2% 안팎을 유지하던 물가 상승률은 쌀, 사과 등이 20% 넘게 뛰는 등 먹거리 물가가 고공 행진하면서 2%대 중반으로 올라섰다.",,indicator=SOURCE | value=SOURCE | unit=SOURCE | time=MISSING | frequency=NOT_APPLICABLE | region=SOURCE | population=NOT_APPLICABLE | dimension=SOURCE | comparison=SOURCE | calculation=SOURCE | condition=SOURCE | source_hint=SOURCE,아니오,0,0,0,HUMAN_REVIEW,CLAIM_PARSE,CONTEXT_REQUIRED,CONTEXT,,CLAIM_SPLIT~CLAIM_PARSE,HUMAN_REVIEW,CONTEXT_REQUIRED,,,,,0,,,
A02689,14,A02689_14,A02689_14,"관련 기사 실질 소비 코로나 이후 최대 폭 감소..자영업자 줄폐업, 물가 상승 영향 올해 2분기(4~6월) 가계의 실질 소비가 코로나 팬데믹 이후 가장 큰 폭으로 줄어든 것으로 나타났다.",,indicator=SOURCE | value=MISSING | unit=MISSING | time=SOURCE | frequency=SOURCE | region=NOT_APPLICABLE | population=NOT_APPLICABLE | dimension=NOT_APPLICABLE | comparison=NOT_APPLICABLE | calculation=SOURCE | condition=SOURCE | source_hint=NOT_APPLICABLE,아니오,0,0,0,HUMAN_REVIEW,CLAIM_PARSE,CONTEXT_REQUIRED,CONTEXT,,CLAIM_SPLIT~CLAIM_PARSE,HUMAN_REVIEW,CONTEXT_REQUIRED,,,,,0,,,
A02689,15,A02689_15,A02689_15,"물가는 오르는데 경기 부진으로 급여가 줄... 햇살론 못 갚는 영세자영업자 등 5만명, 1년 상환 유예 정부가 햇살론 등 정책대출을 갚지 못할 처지에 빠졌을 때 원리금 상환을 유예해 주던 대상자를 이달부터 늘리기로 했다.",,indicator=SOURCE | value=SOURCE | unit=SOURCE | time=MISSING | frequency=NOT_APPLICABLE | region=SOURCE | population=NOT_APPLICABLE | dimension=NOT_APPLICABLE | comparison=NOT_APPLICABLE | calculation=SOURCE | condition=NOT_APPLICABLE | source_hint=NOT_APPLICABLE,아니오,0,0,0,HUMAN_REVIEW,CLAIM_PARSE,CONTEXT_REQUIRED,CONTEXT,,CLAIM_SPLIT~CLAIM_PARSE,HUMAN_REVIEW,CONTEXT_REQUIRED,,,,,0,,,
A02689,8,A02689_8,A02689_8,전체 취업자 중 비임금 근로자가 차지하는 비율(22.6%)도 역대 최저였다.,,indicator=SOURCE | value=SOURCE | unit=SOURCE | time=MISSING | frequency=NOT_APPLICABLE | region=NOT_APPLICABLE | population=NOT_APPLICABLE | dimension=NOT_APPLICABLE | comparison=SOURCE | calculation=SOURCE | condition=NOT_APPLICABLE | source_hint=NOT_APPLICABLE,아니오,0,0,0,HUMAN_REVIEW,CLAIM_PARSE,CONTEXT_REQUIRED,CONTEXT,,CLAIM_SPLIT~CLAIM_PARSE,HUMAN_REVIEW,CONTEXT_REQUIRED,,,,,0,,,
A02690,1,A02690_1,A02690_1,취업자도 실업자도 아닌 비경제활동인구 가운데 중대한 질병이나 장애는 없지만 “그냥 쉰다”고 답한 인구가 1년 새 7만명 넘게 늘어난 것으로 나타났다.,,indicator=SOURCE | value=SOURCE | unit=SOURCE | time=MISSING | frequency=NOT_APPLICABLE | region=NOT_APPLICABLE | population=NOT_APPLICABLE | dimension=NOT_APPLICABLE | comparison=NOT_APPLICABLE | calculation=SOURCE | condition=SOURCE | source_hint=NOT_APPLICABLE,아니오,0,0,0,HUMAN_REVIEW,CLAIM_PARSE,CONTEXT_REQUIRED,CONTEXT,,CLAIM_SPLIT~CLAIM_PARSE,HUMAN_REVIEW,CONTEXT_REQUIRED,,,,,0,,,
A02690,2,A02690_2,A02690_2,특히 30대에서 ‘쉬었음 인구’가 두드러지게 늘어나면서 원하는 일자리를 찾지 못해 구직을 단념한 인구가 확산하는 모양새다.,,indicator=SOURCE | value=SOURCE | unit=SOURCE | time=MISSING | frequency=NOT_APPLICABLE | region=NOT_APPLICABLE | population=NOT_APPLICABLE | dimension=NOT_APPLICABLE | comparison=NOT_APPLICABLE | calculation=SOURCE | condition=SOURCE | source_hint=NOT_APPLICABLE,아니오,0,0,0,HUMAN_REVIEW,CLAIM_PARSE,CONTEXT_REQUIRED,CONTEXT,,CLAIM_SPLIT~CLAIM_PARSE,HUMAN_REVIEW,CONTEXT_REQUIRED,,,,,0,,,
A02693,2,A02693_2,A02693_2,"양질의 일자리가 부족해 일하지도 구직 활동도 하지 않는 20대 ‘쉬었음’ 청년이 늘고, 이들이 실업률을 계산하는 경제활동인구에서 아예 빠지면서 역설적으로 실업률이 하락했다는 것이다.",,indicator=SOURCE | value=SOURCE | unit=SOURCE | time=MISSING | frequency=NOT_APPLICABLE | region=NOT_APPLICABLE | population=SOURCE | dimension=SOURCE | comparison=NOT_APPLICABLE | calculation=SOURCE | condition=SOURCE | source_hint=NOT_APPLICABLE,아니오,0,0,0,HUMAN_REVIEW,CLAIM_PARSE,CONTEXT_REQUIRED,CONTEXT,,CLAIM_SPLIT~CLAIM_PARSE,HUMAN_REVIEW,CONTEXT_REQUIRED,,,,,0,,,
A02696,14,A02696_14,A02696_14,농가는 1인당 3만6000원에 도시 농부를 불러 쓸 수 있다.,,indicator=SOURCE | value=SOURCE | unit=SOURCE | time=MISSING | frequency=NOT_APPLICABLE | region=NOT_APPLICABLE | population=SOURCE | dimension=NOT_APPLICABLE | comparison=NOT_APPLICABLE | calculation=SOURCE | condition=NOT_APPLICABLE | source_hint=NOT_APPLICABLE,아니오,0,0,0,HUMAN_REVIEW,CLAIM_PARSE,CONTEXT_REQUIRED,CONTEXT,,CLAIM_SPLIT~CLAIM_PARSE,HUMAN_REVIEW,CONTEXT_REQUIRED,,,,,0,,,
A02696,27,A02696_27,A02696_27,충북도 인구(159만명) 3명 중 1명꼴이다.,,indicator=SOURCE | value=SOURCE | unit=SOURCE | time=MISSING | frequency=NOT_APPLICABLE | region=SOURCE | population=NOT_APPLICABLE | dimension=NOT_APPLICABLE | comparison=SOURCE | calculation=SOURCE | condition=NOT_APPLICABLE | source_hint=NOT_APPLICABLE,아니오,0,0,0,HUMAN_REVIEW,CLAIM_PARSE,CONTEXT_REQUIRED,CONTEXT,,CLAIM_SPLIT~CLAIM_PARSE,HUMAN_REVIEW,CONTEXT_REQUIRED,,,,,0,,,
A02696,28,A02696_28,A02696_28,충북도 농가 6만7000곳 중 2만1300곳(31%)이 도시 농부를 활용했다.,,indicator=SOURCE | value=SOURCE | unit=SOURCE | time=MISSING | frequency=NOT_APPLICABLE | region=SOURCE | population=SOURCE | dimension=NOT_APPLICABLE | comparison=SOURCE | calculation=SOURCE | condition=NOT_APPLICABLE | source_hint=NOT_APPLICABLE,아니오,0,0,0,HUMAN_REVIEW,CLAIM_PARSE,CONTEXT_REQUIRED,CONTEXT,,CLAIM_SPLIT~CLAIM_PARSE,HUMAN_REVIEW,CONTEXT_REQUIRED,,,,,0,,,
A02696,33,A02696_33,A02696_33,실업률은 1%로 가장 낮다.,,indicator=SOURCE | value=SOURCE | unit=SOURCE | time=MISSING | frequency=NOT_APPLICABLE | region=NOT_APPLICABLE | population=NOT_APPLICABLE | dimension=NOT_APPLICABLE | comparison=NOT_APPLICABLE | calculation=SOURCE | condition=NOT_APPLICABLE | source_hint=NOT_APPLICABLE,아니오,0,0,0,HUMAN_REVIEW,CLAIM_PARSE,CONTEXT_REQUIRED,CONTEXT,,CLAIM_SPLIT~CLAIM_PARSE,HUMAN_REVIEW,CONTEXT_REQUIRED,,,,,0,,,
A02700,36,A02700_36,A02700_36,당시 남녀 17만5177명(인구의 0.8%)이 신체 불구자로 집계됐다.,,indicator=SOURCE | value=SOURCE | unit=SOURCE | time=MISSING | frequency=NOT_APPLICABLE | region=NOT_APPLICABLE | population=NOT_APPLICABLE | dimension=NOT_APPLICABLE | comparison=SOURCE | calculation=SOURCE | condition=NOT_APPLICABLE | source_hint=NOT_APPLICABLE,아니오,0,0,0,HUMAN_REVIEW,CLAIM_PARSE,CONTEXT_REQUIRED,CONTEXT,,CLAIM_SPLIT~CLAIM_PARSE,HUMAN_REVIEW,CONTEXT_REQUIRED,,,,,0,,,
A02700,38,A02700_38,A02700_38,1930년 인구의 77.8%가 문맹이었다.,,indicator=SOURCE | value=SOURCE | unit=SOURCE | time=MISSING | frequency=NOT_APPLICABLE | region=NOT_APPLICABLE | population=NOT_APPLICABLE | dimension=NOT_APPLICABLE | comparison=NOT_APPLICABLE | calculation=SOURCE | condition=NOT_APPLICABLE | source_hint=NOT_APPLICABLE,아니오,0,0,0,HUMAN_REVIEW,CLAIM_PARSE,CONTEXT_REQUIRED,CONTEXT,,CLAIM_SPLIT~CLAIM_PARSE,HUMAN_REVIEW,CONTEXT_REQUIRED,,,,,0,,,
A02700,45,A02700_45,A02700_45,이전까진 5년 새 6%가량 늘던 인구수는 1955~1960년 16% 넘게 늘었다.,,indicator=SOURCE | value=SOURCE | unit=SOURCE | time=MISSING | frequency=NOT_APPLICABLE | region=NOT_APPLICABLE | population=NOT_APPLICABLE | dimension=NOT_APPLICABLE | comparison=SOURCE | calculation=SOURCE | condition=MISSING | source_hint=NOT_APPLICABLE,아니오,0,0,0,HUMAN_REVIEW,CLAIM_PARSE,CONTEXT_REQUIRED,CONTEXT,,CLAIM_SPLIT~CLAIM_PARSE,HUMAN_REVIEW,CONTEXT_REQUIRED,,,,,0,,,
A02700,67,A02700_67,A02700_67,인구주택총조사는 전 국민을 대상으로 하는 전수조사와 전국 가구의 20%를 뽑아 진행하는 표본조사로 나눠 진행된다.,,indicator=SOURCE | value=SOURCE | unit=SOURCE | time=MISSING | frequency=NOT_APPLICABLE | region=SOURCE | population=NOT_APPLICABLE | dimension=NOT_APPLICABLE | comparison=NOT_APPLICABLE | calculation=SOURCE | condition=NOT_APPLICABLE | source_hint=NOT_APPLICABLE,아니오,0,0,0,HUMAN_REVIEW,CLAIM_PARSE,CONTEXT_REQUIRED,CONTEXT,,CLAIM_SPLIT~CLAIM_PARSE,HUMAN_REVIEW,CONTEXT_REQUIRED,,,,,0,,,
A02702,1,A02702_1,A02702_1,3 건설투자 위축과 수출 증가세 둔화에도 불구하고 소비를 중심으로 국내 경기가 다소 개선되는 모습을 보이고 있다는 분석이 나왔다.,,indicator=SOURCE | value=SOURCE | unit=SOURCE | time=MISSING | frequency=NOT_APPLICABLE | region=SOURCE | population=NOT_APPLICABLE | dimension=NOT_APPLICABLE | comparison=NOT_APPLICABLE | calculation=SOURCE | condition=SOURCE | source_hint=NOT_APPLICABLE,아니오,0,0,0,HUMAN_REVIEW,CLAIM_PARSE,CONTEXT_REQUIRED,CONTEXT,,CLAIM_SPLIT~CLAIM_PARSE,HUMAN_REVIEW,CONTEXT_REQUIRED,,,,,0,,,
A02702,23,A02702_23,A02702_23,9~10월 일평균 수출액은 3.2% 증가에 그쳤다.,,indicator=SOURCE | value=SOURCE | unit=SOURCE | time=MISSING | frequency=NOT_APPLICABLE | region=NOT_APPLICABLE | population=NOT_APPLICABLE | dimension=NOT_APPLICABLE | comparison=MISSING | calculation=SOURCE | condition=SOURCE | source_hint=NOT_APPLICABLE,아니오,0,0,0,HUMAN_REVIEW,CLAIM_PARSE,CONTEXT_REQUIRED,CONTEXT,,CLAIM_SPLIT~CLAIM_PARSE,HUMAN_REVIEW,CONTEXT_REQUIRED,,,,,0,,,
A02704,12,A02704_12,A02704_12,"전체 수출에서 차지하는 비중을 보면, 대기업이 전체 수출의 66.1%를 차지하며 지난해 3분기(67.0%)와 비슷한 수준을 유지했다.",,indicator=SOURCE | value=SOURCE | unit=SOURCE | time=SOURCE | frequency=SOURCE | region=NOT_APPLICABLE | population=NOT_APPLICABLE | dimension=NOT_APPLICABLE | comparison=SOURCE | calculation=SOURCE | condition=NOT_APPLICABLE | source_hint=NOT_APPLICABLE,예,0,0,0,HUMAN_REVIEW,CLAIM_PARSE,CONTEXT_REQUIRED,CONTEXT,,CLAIM_SPLIT~CLAIM_PARSE,HUMAN_REVIEW,CONTEXT_REQUIRED,,,,,0,,,
A02704,14,A02704_14,A02704_14,"수출 기업 수가 6만9808개로 4.5% 늘었지만, 대다수 기업들이 체감하는 수출 증가 효과는 미미한 것이다.",,indicator=SOURCE | value=SOURCE | unit=SOURCE | time=MISSING | frequency=NOT_APPLICABLE | region=NOT_APPLICABLE | population=NOT_APPLICABLE | dimension=NOT_APPLICABLE | comparison=SOURCE | calculation=SOURCE | condition=SOURCE | source_hint=NOT_APPLICABLE,아니오,0,0,0,HUMAN_REVIEW,CLAIM_PARSE,CONTEXT_REQUIRED,CONTEXT,,CLAIM_SPLIT~CLAIM_PARSE,HUMAN_REVIEW,CONTEXT_REQUIRED,,,,,0,,,
A02704,16,A02704_16,A02704_16,"◇반도체 호황, 내수로 안 퍼져 재화 성질별로 보면 반도체와 자동차, 디스플레이, 유·무선 통신기기 등으로 대표되는 자본재 수출은 1110억달러로 11.2% 증가하며 8개 분기 연속 상승세를 기록했다.",,indicator=SOURCE | value=SOURCE | unit=SOURCE | time=MISSING | frequency=NOT_APPLICABLE | region=NOT_APPLICABLE | population=NOT_APPLICABLE | dimension=SOURCE | comparison=SOURCE | calculation=SOURCE | condition=SOURCE | source_hint=NOT_APPLICABLE,아니오,0,0,0,HUMAN_REVIEW,CLAIM_PARSE,CONTEXT_REQUIRED,CONTEXT,,CLAIM_SPLIT~CLAIM_PARSE,HUMAN_REVIEW,CONTEXT_REQUIRED,,,,,0,,,
A02704,19,A02704_19,A02704_19,"대기업의 경우 자본재 수출이 773억달러로 12.2% 증가했지만, 원자재(-5.1%)와 소비재(-5.4%)는 감소했다.",,indicator=SOURCE | value=SOURCE | unit=SOURCE | time=MISSING | frequency=NOT_APPLICABLE | region=NOT_APPLICABLE | population=NOT_APPLICABLE | dimension=NOT_APPLICABLE | comparison=SOURCE | calculation=SOURCE | condition=SOURCE | source_hint=NOT_APPLICABLE,아니오,0,0,0,HUMAN_REVIEW,CLAIM_PARSE,CONTEXT_REQUIRED,CONTEXT,,CLAIM_SPLIT~CLAIM_PARSE,HUMAN_REVIEW,CONTEXT_REQUIRED,,,,,0,,,
A02704,27,A02704_27,A02704_27,◇소비재도 반등했지만…구조는 그대로 자동차와 화장품 등 소비재 수출은 239억달러로 4.9% 증가하며 5개 분기 만에 증가세로 전환했다.,,indicator=SOURCE | value=SOURCE | unit=SOURCE | time=MISSING | frequency=NOT_APPLICABLE | region=NOT_APPLICABLE | population=NOT_APPLICABLE | dimension=SOURCE | comparison=SOURCE | calculation=SOURCE | condition=SOURCE | source_hint=NOT_APPLICABLE,아니오,0,0,0,HUMAN_REVIEW,CLAIM_PARSE,CONTEXT_REQUIRED,CONTEXT,,CLAIM_SPLIT~CLAIM_PARSE,HUMAN_REVIEW,CONTEXT_REQUIRED,,,,,0,,,
A02704,30,A02704_30,A02704_30,"대기업의 소비재 수출은 119억달러로 여전히 5.4% 감소했지만, 중견기업(4.4%)과 중소기업(24.9%)은 증가했다.",,indicator=SOURCE | value=SOURCE | unit=SOURCE | time=MISSING | frequency=NOT_APPLICABLE | region=NOT_APPLICABLE | population=NOT_APPLICABLE | dimension=NOT_APPLICABLE | comparison=SOURCE | calculation=SOURCE | condition=SOURCE | source_hint=NOT_APPLICABLE,아니오,0,0,0,HUMAN_REVIEW,CLAIM_PARSE,CONTEXT_REQUIRED,CONTEXT,,CLAIM_SPLIT~CLAIM_PARSE,HUMAN_REVIEW,CONTEXT_REQUIRED,,,,,0,,,
A02704,31,A02704_31,A02704_31,중소기업의 소비재 수출 증가율이 높아 보이지만 금액으로는 84억달러에 불과해 대기업의 70% 수준이다.,,indicator=SOURCE | value=SOURCE | unit=SOURCE | time=MISSING | frequency=NOT_APPLICABLE | region=NOT_APPLICABLE | population=NOT_APPLICABLE | dimension=NOT_APPLICABLE | comparison=SOURCE | calculation=SOURCE | condition=SOURCE | source_hint=NOT_APPLICABLE,아니오,0,0,0,HUMAN_REVIEW,CLAIM_PARSE,CONTEXT_REQUIRED,CONTEXT,,CLAIM_SPLIT~CLAIM_PARSE,HUMAN_REVIEW,CONTEXT_REQUIRED,,,,,0,,,
A02704,33,A02704_33,A02704_33,지역별로는 동남아시아 수출이 556억달러(약 81조원)로 17.4% 급증하며 분기 기준 최대치를 기록했다.,,indicator=SOURCE | value=SOURCE | unit=SOURCE | time=MISSING | frequency=NOT_APPLICABLE | region=NOT_APPLICABLE | population=NOT_APPLICABLE | dimension=NOT_APPLICABLE | comparison=SOURCE | calculation=SOURCE | condition=SOURCE | source_hint=NOT_APPLICABLE,아니오,0,0,0,HUMAN_REVIEW,CLAIM_PARSE,CONTEXT_REQUIRED,CONTEXT,,CLAIM_SPLIT~CLAIM_PARSE,HUMAN_REVIEW,CONTEXT_REQUIRED,,,,,0,,,
A02704,35,A02704_35,A02704_35,"산업별로는 광제조업이 1595억달러로 8.0% 늘었고, 전기전자(15.0%)와 운송장비(9.3%) 수출이 크게 증가했다.",,indicator=SOURCE | value=SOURCE | unit=SOURCE | time=MISSING | frequency=NOT_APPLICABLE | region=NOT_APPLICABLE | population=NOT_APPLICABLE | dimension=SOURCE | comparison=SOURCE | calculation=SOURCE | condition=SOURCE | source_hint=NOT_APPLICABLE,아니오,0,0,0,HUMAN_REVIEW,CLAIM_PARSE,CONTEXT_REQUIRED,CONTEXT,,CLAIM_SPLIT~CLAIM_PARSE,HUMAN_REVIEW,CONTEXT_REQUIRED,,,,,0,,,
A02704,39,A02704_39,A02704_39,"특히 ‘메이드 인 차... 반도체·조선이 이끌었다… '10월 수출' 역대 최대 지난달 최장 열흘간 이어진 추석 연휴로 조업 일수가 줄었음에도, 우리나라 수출액이 10월 기준 역대 최대를 기록했다.",,indicator=SOURCE | value=MISSING | unit=MISSING | time=SOURCE | frequency=SOURCE | region=SOURCE | population=NOT_APPLICABLE | dimension=SOURCE | comparison=NOT_APPLICABLE | calculation=SOURCE | condition=SOURCE | source_hint=NOT_APPLICABLE,아니오,0,0,0,HUMAN_REVIEW,CLAIM_PARSE,CONTEXT_REQUIRED,CONTEXT,,CLAIM_SPLIT~CLAIM_PARSE,HUMAN_REVIEW,CONTEXT_REQUIRED,,,,,0,,,
A02704,6,A02704_6,A02704_6,삼성전자·SK하이닉스 등 반도체 기업과 현대차·LG 등 상위 10개 기업이 전체 수출의 40%를 차지한 셈이다.,,indicator=SOURCE | value=SOURCE | unit=SOURCE | time=MISSING | frequency=NOT_APPLICABLE | region=NOT_APPLICABLE | population=NOT_APPLICABLE | dimension=SOURCE | comparison=SOURCE | calculation=SOURCE | condition=NOT_APPLICABLE | source_hint=NOT_APPLICABLE,아니오,0,0,0,HUMAN_REVIEW,CLAIM_PARSE,CONTEXT_REQUIRED,CONTEXT,,CLAIM_SPLIT~CLAIM_PARSE,HUMAN_REVIEW,CONTEXT_REQUIRED,,,,,0,,,
A02704,8,A02704_8,A02704_8,톱10 기업과 그 다음 90개 기업 간 수출 격차가 벌어지면서 대기업 내에서도 양극화가 진행되는 것으로 풀이된다.,,indicator=SOURCE | value=SOURCE | unit=SOURCE | time=MISSING | frequency=NOT_APPLICABLE | region=NOT_APPLICABLE | population=NOT_APPLICABLE | dimension=NOT_APPLICABLE | comparison=NOT_APPLICABLE | calculation=SOURCE | condition=NOT_APPLICABLE | source_hint=NOT_APPLICABLE,아니오,0,0,0,HUMAN_REVIEW,CLAIM_PARSE,CONTEXT_REQUIRED,CONTEXT,,CLAIM_SPLIT~CLAIM_PARSE,HUMAN_REVIEW,CONTEXT_REQUIRED,,,,,0,,,
A02704,9,A02704_9,A02704_9,◇중소·중견 비중은 제자리…온기 못 느껴 기업 규모별로 보면 대기업 수출액은 1223억달러(약 178조원)로 5.1% 증가하며 분기 기준 역대 최대 실적을 달성했다.,,indicator=SOURCE | value=SOURCE | unit=SOURCE | time=MISSING | frequency=NOT_APPLICABLE | region=NOT_APPLICABLE | population=NOT_APPLICABLE | dimension=NOT_APPLICABLE | comparison=SOURCE | calculation=SOURCE | condition=SOURCE | source_hint=NOT_APPLICABLE,아니오,0,0,0,HUMAN_REVIEW,CLAIM_PARSE,CONTEXT_REQUIRED,CONTEXT,,CLAIM_SPLIT~CLAIM_PARSE,HUMAN_REVIEW,CONTEXT_REQUIRED,,,,,0,,,
A02705,2,A02705_2,A02705_2,대기업뿐 아니라 중견기업 수출도 사상 최고치를 달성했다.,,indicator=SOURCE | value=MISSING | unit=MISSING | time=MISSING | frequency=NOT_APPLICABLE | region=NOT_APPLICABLE | population=NOT_APPLICABLE | dimension=NOT_APPLICABLE | comparison=NOT_APPLICABLE | calculation=SOURCE | condition=NOT_APPLICABLE | source_hint=NOT_APPLICABLE,아니오,0,0,0,HUMAN_REVIEW,CLAIM_PARSE,CONTEXT_REQUIRED,CONTEXT,,CLAIM_SPLIT~CLAIM_PARSE,HUMAN_REVIEW,CONTEXT_REQUIRED,,,,,0,,,
A02705,8,A02705_8,A02705_8,특히 SK하이닉스의 고대역폭 메모리(HBM) 수출이 급증해 수출 상위 10대 기업의 무역 집중도(40%)는 역대 최고치를 기록했다.,,indicator=SOURCE | value=SOURCE | unit=SOURCE | time=MISSING | frequency=NOT_APPLICABLE | region=NOT_APPLICABLE | population=NOT_APPLICABLE | dimension=NOT_APPLICABLE | comparison=SOURCE | calculation=SOURCE | condition=NOT_APPLICABLE | source_hint=NOT_APPLICABLE,아니오,0,0,0,HUMAN_REVIEW,CLAIM_PARSE,CONTEXT_REQUIRED,CONTEXT,,CLAIM_SPLIT~CLAIM_PARSE,HUMAN_REVIEW,CONTEXT_REQUIRED,,,,,0,,,
A02705,9,A02705_9,A02705_9,"국가데이터처 관계자는 ""대기업, 중견기업, 중소기업 할 것 없이 모두 수출이 증가했지만, 반도체 수출이 크게 늘어나면서 10대 기업의 무역 집중도가 사상 최대치를 나타냈다""고 설명했다.",,indicator=SOURCE | value=SOURCE | unit=SOURCE | time=MISSING | frequency=NOT_APPLICABLE | region=NOT_APPLICABLE | population=NOT_APPLICABLE | dimension=SOURCE | comparison=NOT_APPLICABLE | calculation=SOURCE | condition=SOURCE | source_hint=NOT_APPLICABLE,아니오,0,0,0,HUMAN_REVIEW,CLAIM_PARSE,CONTEXT_REQUIRED,CONTEXT,,CLAIM_SPLIT~CLAIM_PARSE,HUMAN_REVIEW,CONTEXT_REQUIRED,,,,,0,,,
