기사번호,문장번호,부모Claim번호,Claim번호,원문,분야,12개항목상태,12개항목공식조회가능,통계표검색시도,항목정보조회시도,기간정보조회시도,현재상태,현재중단단계,현재사유,대표문제,보조문제,다음실행단계,개선전상태,개선전사유,개선후상태,개선후사유,개선판정,공식통계표,공식값출처,실행횟수,코드버전,데이터버전,기록시각
A00006,11,A00006_11,A00006_11,"자동차 수출은 하반기 주요 완성차·부품업계 파업 등에 따른 일부 생산 차질 영향으로 전년도와 보합세인 708억 달러(-0.1%)를 기록하였으며, 2년 연속 700억 달러 이상의 호실적을 이어갔다.",,indicator=SOURCE | value=SOURCE | unit=SOURCE | time=SOURCE | frequency=SOURCE | region=NOT_APPLICABLE | population=NOT_APPLICABLE | dimension=SOURCE | comparison=SOURCE | calculation=SOURCE | condition=SOURCE | source_hint=NOT_APPLICABLE,예,6,49,20,HOLD,HARD_GUARD,NO_HARD_GUARD_CANDIDATE,HARD_GUARD,,HARD_GUARD,HOLD,NO_HARD_GUARD_CANDIDATE,,,,,,0,,,
A00006,4,A00006_4,A00006_4,무역수지는 전년 대비 621억 달러 개선된 518억 달러의 흑자를 기록했다.,,indicator=SOURCE | value=SOURCE | unit=SOURCE | time=SOURCE | frequency=SOURCE | region=NOT_APPLICABLE | population=NOT_APPLICABLE | dimension=NOT_APPLICABLE | comparison=SOURCE | calculation=SOURCE | condition=MISSING | source_hint=NOT_APPLICABLE,아니오,1,3,2,HOLD,HARD_GUARD,NO_HARD_GUARD_CANDIDATE,HARD_GUARD,,HARD_GUARD,HOLD,NO_HARD_GUARD_CANDIDATE,,,,,,0,,,
A00007,3,A00007_3,A00007_3,보잉 737 맥스 여객기가 자카르타에서 추락한 사고로 189명이 사망한 사건이 발생한 2018년(전체 사망자 526명) 이후 가장 많다.,,indicator=SOURCE | value=SOURCE | unit=SOURCE | time=SOURCE | frequency=SOURCE | region=NOT_APPLICABLE | population=NOT_APPLICABLE | dimension=NOT_APPLICABLE | comparison=SOURCE | calculation=SOURCE | condition=NOT_APPLICABLE | source_hint=NOT_APPLICABLE,예,1,22,10,HOLD,HARD_GUARD,NO_HARD_GUARD_CANDIDATE,HARD_GUARD,,HARD_GUARD,HOLD,NO_HARD_GUARD_CANDIDATE,,,,,,0,,,
A00094,3,A00094_3,A00094_3,"7일 샤오미테크놀로지코리아와 서울중앙지법에 따르면, 샤오미는 지난해 9월 자본금 4억8000만원 규모로 국내 법인을 설립하면서 사업 목적에 휴대폰, 태블릿, 대형 가전, 청소 가전 등과 함께 자동차와 자동차 부품 수입과 도소매업을 기재했다.",,indicator=SOURCE | value=SOURCE | unit=SOURCE | time=SOURCE | frequency=SOURCE | region=SOURCE | population=NOT_APPLICABLE | dimension=SOURCE | comparison=NOT_APPLICABLE | calculation=SOURCE | condition=NOT_APPLICABLE | source_hint=NOT_APPLICABLE,예,4,39,17,HOLD,HARD_GUARD,NO_HARD_GUARD_CANDIDATE,HARD_GUARD,,HARD_GUARD,HOLD,NO_HARD_GUARD_CANDIDATE,,,,,,0,,,
A00163,5,A00163_5,A00163_5,"전년 동기 대비 1~10일 수출액을 보면 반도체(23.8%), 승용차(4.7%), 선박(15.7%)은 증가했다.",,indicator=SOURCE | value=SOURCE | unit=SOURCE | time=SOURCE | frequency=SOURCE | region=NOT_APPLICABLE | population=NOT_APPLICABLE | dimension=SOURCE | comparison=SOURCE | calculation=SOURCE | condition=SOURCE | source_hint=NOT_APPLICABLE,예,10,59,16,HOLD,HARD_GUARD,NO_HARD_GUARD_CANDIDATE,HARD_GUARD,,HARD_GUARD,HOLD,NO_HARD_GUARD_CANDIDATE,,,,,,0,,,
A00186,6,A00186_6,A00186_6,하이브리드차 수출은 전년 대비 44.6% 증가한 39만7200대로 전체 친환경차 수출의 56.1%를 차지했다.,,indicator=SOURCE | value=SOURCE | unit=SOURCE | time=SOURCE | frequency=SOURCE | region=NOT_APPLICABLE | population=NOT_APPLICABLE | dimension=SOURCE | comparison=SOURCE | calculation=SOURCE | condition=SOURCE | source_hint=NOT_APPLICABLE,예,6,18,6,HOLD,HARD_GUARD,NO_HARD_GUARD_CANDIDATE,HARD_GUARD,,HARD_GUARD,HOLD,NO_HARD_GUARD_CANDIDATE,,,,,,0,,,
A00212,22,A00212_22,A00212_22,"당시 이 총재는 “아무래도 탄핵이 경제에 부정적 영향을 미칠 것”이라며 작년 4분기(10~12월) 성장률을 전기 대비 0.5%에서 0.4%나 그보다 아래로, 작년 성장률을 2.1%쯤으로 낮춰서 봤다.",,indicator=SOURCE | value=SOURCE | unit=SOURCE | time=SOURCE | frequency=SOURCE | region=NOT_APPLICABLE | population=NOT_APPLICABLE | dimension=NOT_APPLICABLE | comparison=SOURCE | calculation=SOURCE | condition=MISSING | source_hint=NOT_APPLICABLE,아니오,1,4,1,HOLD,HARD_GUARD,NO_HARD_GUARD_CANDIDATE,HARD_GUARD,,HARD_GUARD,HOLD,NO_HARD_GUARD_CANDIDATE,,,,,,0,,,
A00231,10,A00231_10,A00231_10,"지난 2022년 폴란드에 48대, 2023년 말레이시아에 18대를 수출하는 등 누적 수출액만 78억달러(약 11조3700억원)에 달한다.",,indicator=SOURCE | value=SOURCE | unit=SOURCE | time=SOURCE | frequency=SOURCE | region=NOT_APPLICABLE | population=NOT_APPLICABLE | dimension=NOT_APPLICABLE | comparison=SOURCE | calculation=SOURCE | condition=NOT_APPLICABLE | source_hint=NOT_APPLICABLE,예,4,42,12,HOLD,HARD_GUARD,NO_HARD_GUARD_CANDIDATE,HARD_GUARD,,HARD_GUARD,HOLD,NO_HARD_GUARD_CANDIDATE,,,,,,0,,,
A00254,12,A00254_12,A00254_12,"한편, 앞서 올해 정부 예산안이 감액 처리된 점이 성장률을 0.06%p 낮출 것으로 분석했지만, 정부의 예산 조기 집행 등 경기 부양책이 이를 상쇄할 것으로 평가했다.",,indicator=SOURCE | value=SOURCE | unit=SOURCE | time=SOURCE | frequency=SOURCE | region=SOURCE | population=NOT_APPLICABLE | dimension=NOT_APPLICABLE | comparison=NOT_APPLICABLE | calculation=SOURCE | condition=NOT_APPLICABLE | source_hint=NOT_APPLICABLE,예,2,39,11,HOLD,HARD_GUARD,NO_HARD_GUARD_CANDIDATE,HARD_GUARD,,HARD_GUARD,HOLD,NO_HARD_GUARD_CANDIDATE,,,,,,0,,,
A00257,7,A00257_7,A00257_7,"2016년 수입량은 30만t(19위)에 불과했지만 2019년 1779만t을 기록하며 3위 도입국에 올랐고, 코로나가 시작된 2020년 한 차례를 제외하고는 수입량이 계속 늘면서 지난해 역대 최대치를 경신한 것이다.",,indicator=SOURCE | value=SOURCE | unit=SOURCE | time=SOURCE | frequency=SOURCE | region=NOT_APPLICABLE | population=NOT_APPLICABLE | dimension=MISSING | comparison=SOURCE | calculation=SOURCE | condition=SOURCE | source_hint=NOT_APPLICABLE,아니오,1,20,7,HOLD,HARD_GUARD,NO_HARD_GUARD_CANDIDATE,HARD_GUARD,,HARD_GUARD,HOLD,NO_HARD_GUARD_CANDIDATE,,,,,,0,,,
A00278,9,A00278_9,A00278_9,더불어민주당 정일영 의원실에 따르면 작년 11월 기준 보수 성향 유튜버의 수퍼챗 수입 상위 7개 채널 중 6개의 지난달 수퍼챗 수익은 한 달 새 평균 2.1배 늘어났다.,,indicator=SOURCE | value=SOURCE | unit=SOURCE | time=SOURCE | frequency=SOURCE | region=NOT_APPLICABLE | population=NOT_APPLICABLE | dimension=NOT_APPLICABLE | comparison=SOURCE | calculation=SOURCE | condition=SOURCE | source_hint=NOT_APPLICABLE,예,1,20,3,HOLD,HARD_GUARD,NO_HARD_GUARD_CANDIDATE,HARD_GUARD,,HARD_GUARD,HOLD,NO_HARD_GUARD_CANDIDATE,,,,,,0,,,
A00292,1,A00292_1,A00292_1,작년 11월 출생아 수가 2만95명으로 1년 전에 비해 14.6% 늘어났다고 통계청이 22일 밝혔다.,,indicator=SOURCE | value=SOURCE | unit=SOURCE | time=SOURCE | frequency=SOURCE | region=NOT_APPLICABLE | population=NOT_APPLICABLE | dimension=NOT_APPLICABLE | comparison=SOURCE | calculation=SOURCE | condition=SOURCE | source_hint=SOURCE,예,1,43,29,HOLD,HARD_GUARD,NO_HARD_GUARD_CANDIDATE,HARD_GUARD,,HARD_GUARD,HOLD,NO_HARD_GUARD_CANDIDATE,,,,,,0,,,
A00292,4,A00292_4,A00292_4,월별 출생아 수는 작년 7월(7.9%)부터 11월까지 5개월 연속으로 늘었다.,,indicator=SOURCE | value=SOURCE | unit=SOURCE | time=SOURCE | frequency=SOURCE | region=NOT_APPLICABLE | population=NOT_APPLICABLE | dimension=NOT_APPLICABLE | comparison=SOURCE | calculation=SOURCE | condition=MISSING | source_hint=NOT_APPLICABLE,아니오,1,43,28,HOLD,HARD_GUARD,NO_HARD_GUARD_CANDIDATE,HARD_GUARD,,HARD_GUARD,HOLD,NO_HARD_GUARD_CANDIDATE,,,,,,0,,,
A00298,5,A00298_5,A00298_5,우리나라 경제는 작년 1분기(1~3월) 성장률이 1.3%를 기록하며 ‘깜짝 성장’을 한 뒤 2분기(4~6월)에는 0.2% 뒷걸음질쳤다.,,indicator=SOURCE | value=SOURCE | unit=SOURCE | time=SOURCE | frequency=SOURCE | region=SOURCE | population=NOT_APPLICABLE | dimension=NOT_APPLICABLE | comparison=SOURCE | calculation=SOURCE | condition=NOT_APPLICABLE | source_hint=NOT_APPLICABLE,예,1,20,12,HOLD,HARD_GUARD,NO_HARD_GUARD_CANDIDATE,HARD_GUARD,,HARD_GUARD,HOLD,NO_HARD_GUARD_CANDIDATE,,,,,,0,,,
A00308,1,A00308_1,A00308_1,-0.2%(2024년 2분기)→0.1%(3분기)→0.1%(4분기) 한국 경제성장률이 3개 분기 연속으로 0% 안팎을 기록했다.,,indicator=SOURCE | value=SOURCE | unit=SOURCE | time=SOURCE | frequency=SOURCE | region=SOURCE | population=NOT_APPLICABLE | dimension=NOT_APPLICABLE | comparison=SOURCE | calculation=SOURCE | condition=NOT_APPLICABLE | source_hint=NOT_APPLICABLE,예,1,4,2,HOLD,HARD_GUARD,NO_HARD_GUARD_CANDIDATE,HARD_GUARD,,HARD_GUARD,HOLD,NO_HARD_GUARD_CANDIDATE,,,,,,0,,,
A00308,14,A00308_14,A00308_14,"경제 성장률에 얼마나 영향을 미쳤는지 보여주는 성장기여도는 순수출(수출-수입)이 작년 3분기 -0.8%포인트에서 4분기 0.1%포인트로 올라갔으나, 내수는 0.8%포인트에서 0%포인트로 추락했다.",,indicator=SOURCE | value=SOURCE | unit=SOURCE | time=SOURCE | frequency=SOURCE | region=NOT_APPLICABLE | population=NOT_APPLICABLE | dimension=NOT_APPLICABLE | comparison=SOURCE | calculation=SOURCE | condition=SOURCE | source_hint=NOT_APPLICABLE,예,4,18,9,HOLD,HARD_GUARD,NO_HARD_GUARD_CANDIDATE,HARD_GUARD,,HARD_GUARD,HOLD,NO_HARD_GUARD_CANDIDATE,,,,,,0,,,
A00308,6,A00308_6,A00308_6,그나마 수출이 잘됐던 작년 1분기(1.3%) 덕에 2% 턱걸이를 했다.,,indicator=SOURCE | value=SOURCE | unit=SOURCE | time=SOURCE | frequency=SOURCE | region=NOT_APPLICABLE | population=NOT_APPLICABLE | dimension=NOT_APPLICABLE | comparison=SOURCE | calculation=SOURCE | condition=NOT_APPLICABLE | source_hint=NOT_APPLICABLE,예,4,52,15,HOLD,HARD_GUARD,NO_HARD_GUARD_CANDIDATE,HARD_GUARD,,HARD_GUARD,HOLD,NO_HARD_GUARD_CANDIDATE,,,,,,0,,,
A00312,11,A00312_11,A00312_11,"실제로 지난해 ‘14대 대미 수출 품목’을 보면 반도체(107억달러), 자동차부품(82억달러), 석유화학·철강(각 43억달러) 등 중간재가 상당수를 차지한다.",,indicator=SOURCE | value=SOURCE | unit=SOURCE | time=SOURCE | frequency=SOURCE | region=NOT_APPLICABLE | population=NOT_APPLICABLE | dimension=SOURCE | comparison=SOURCE | calculation=SOURCE | condition=NOT_APPLICABLE | source_hint=NOT_APPLICABLE,예,12,54,16,HOLD,HARD_GUARD,NO_HARD_GUARD_CANDIDATE,HARD_GUARD,,HARD_GUARD,HOLD,NO_HARD_GUARD_CANDIDATE,,,,,,0,,,
A00353,3,A00353_3,A00353_3,28일 한국수입자동차협회(KAIDA)에 따르면 작년 1~12월 1억원이 넘는 수입차는 총 6만2520대가 판매됐다.,,indicator=SOURCE | value=SOURCE | unit=SOURCE | time=SOURCE | frequency=SOURCE | region=SOURCE | population=NOT_APPLICABLE | dimension=SOURCE | comparison=SOURCE | calculation=SOURCE | condition=NOT_APPLICABLE | source_hint=NOT_APPLICABLE,예,2,39,9,HOLD,HARD_GUARD,NO_HARD_GUARD_CANDIDATE,HARD_GUARD,,HARD_GUARD,HOLD,NO_HARD_GUARD_CANDIDATE,,,,,,0,,,
A00354,13,A00354_13,A00354_13,"50년 후 먼 미래가 아니더라도, 불과 25년 후인 2050년에 생산연령인구 1.3명이 고령 인구 1명을 부양해야 한다.",,indicator=SOURCE | value=SOURCE | unit=SOURCE | time=SOURCE | frequency=SOURCE | region=NOT_APPLICABLE | population=NOT_APPLICABLE | dimension=NOT_APPLICABLE | comparison=SOURCE | calculation=SOURCE | condition=NOT_APPLICABLE | source_hint=NOT_APPLICABLE,예,1,30,1,HOLD,HARD_GUARD,NO_HARD_GUARD_CANDIDATE,HARD_GUARD,,HARD_GUARD,HOLD,NO_HARD_GUARD_CANDIDATE,,,,,,0,,,
A00365,2,A00365_2,A00365_2,29일 농림축산식품부와 한국농수산식품유통공사(aT)에 따르면 지난해 떡류 수출액은 9140만달러(약 1313억원)로 1억달러에 근접했다.,,indicator=SOURCE | value=SOURCE | unit=SOURCE | time=SOURCE | frequency=SOURCE | region=SOURCE | population=NOT_APPLICABLE | dimension=SOURCE | comparison=SOURCE | calculation=SOURCE | condition=NOT_APPLICABLE | source_hint=SOURCE,예,6,52,17,HOLD,HARD_GUARD,NO_HARD_GUARD_CANDIDATE,HARD_GUARD,,HARD_GUARD,HOLD,NO_HARD_GUARD_CANDIDATE,,,,,,0,,,
A00368,12,A00368_12,A00368_12,그나마 당시 반도체 경기가 워낙 좋았던 덕분에 수출·투자가 견실하게 버텨주며 2017년 3월부터 증가폭(0.9%포인트)을 끌어올릴 수 있었다.,,indicator=SOURCE | value=SOURCE | unit=SOURCE | time=SOURCE | frequency=SOURCE | region=SOURCE | population=NOT_APPLICABLE | dimension=SOURCE | comparison=NOT_APPLICABLE | calculation=SOURCE | condition=SOURCE | source_hint=NOT_APPLICABLE,예,10,37,13,HOLD,HARD_GUARD,NO_HARD_GUARD_CANDIDATE,HARD_GUARD,,HARD_GUARD,HOLD,NO_HARD_GUARD_CANDIDATE,,,,,,0,,,
A00368,4,A00368_4,A00368_4,"◇20대 이하 고용률 45% 밑으로 26일 통계청에 따르면 지난해 12월 20대 이하(15~29세) 청년 고용률은 44.7%로 1년 전보다 1.3%포인트 감소하며, 지난해 5월(-0.7%포인트)부터 8개월째 감소세를 이어갔다.",,indicator=SOURCE | value=SOURCE | unit=SOURCE | time=SOURCE | frequency=SOURCE | region=NOT_APPLICABLE | population=SOURCE | dimension=SOURCE | comparison=SOURCE | calculation=SOURCE | condition=SOURCE | source_hint=SOURCE,예,4,68,9,HOLD,HARD_GUARD,NO_HARD_GUARD_CANDIDATE,HARD_GUARD,,HARD_GUARD,HOLD,NO_HARD_GUARD_CANDIDATE,,,,,,0,,,
A00396,4,A00396_4,A00396_4,벤츠 E-클래스는 2022년 국내 수입차 시장에서 단일 모델 최초로 20만대를 판매한 데 이어 지난해에도 전년(2만3642대)보다 2000대 이상 늘어나며 호조를 이어갔다.,,indicator=SOURCE | value=SOURCE | unit=SOURCE | time=SOURCE | frequency=SOURCE | region=SOURCE | population=NOT_APPLICABLE | dimension=NOT_APPLICABLE | comparison=SOURCE | calculation=SOURCE | condition=SOURCE | source_hint=NOT_APPLICABLE,예,1,20,5,HOLD,HARD_GUARD,NO_HARD_GUARD_CANDIDATE,HARD_GUARD,,HARD_GUARD,HOLD,NO_HARD_GUARD_CANDIDATE,,,,,,0,,,
A00396,7,A00396_7,A00396_7,엔트리 모델인 메르세데스-벤츠 E200 아방가르드는 지난해 5월 출시 이후 짧은 판매 기간에도 지난해 수입차 트림(세부 모델)별 누적 판매 순위 3위(1만540대)에 오르기도 했다.,,indicator=SOURCE | value=SOURCE | unit=SOURCE | time=SOURCE | frequency=SOURCE | region=NOT_APPLICABLE | population=NOT_APPLICABLE | dimension=MISSING | comparison=SOURCE | calculation=SOURCE | condition=SOURCE | source_hint=NOT_APPLICABLE,아니오,1,35,16,HOLD,HARD_GUARD,NO_HARD_GUARD_CANDIDATE,HARD_GUARD,,HARD_GUARD,HOLD,NO_HARD_GUARD_CANDIDATE,,,,,,0,,,
A00406,6,A00406_6,A00406_6,"품목별로는 한국의 최대 수출 품목인 반도체가 101억 달러(+8.1%)로 역대 1월 중 2022년 108억 달러에 이은 2위 실적을 기록하면서, 15개월 연속 수출 플러스 및 9개월 연속 수출 100억 달러 이상의 흐름을 이어갔다.",,indicator=SOURCE | value=SOURCE | unit=SOURCE | time=SOURCE | frequency=SOURCE | region=SOURCE | population=NOT_APPLICABLE | dimension=SOURCE | comparison=SOURCE | calculation=SOURCE | condition=SOURCE | source_hint=NOT_APPLICABLE,예,6,30,15,HOLD,HARD_GUARD,NO_HARD_GUARD_CANDIDATE,HARD_GUARD,,HARD_GUARD,HOLD,NO_HARD_GUARD_CANDIDATE,,,,,,0,,,
A00433,3,A00433_3,A00433_3,"2일 한국수입자동차협회(KAIDA)에 따르면, 지난해 국내에서 판매된 수입 SUV는 12만7754대로 집계돼 세단(12만6881대)보다 많았다.",,indicator=SOURCE | value=SOURCE | unit=SOURCE | time=SOURCE | frequency=SOURCE | region=SOURCE | population=NOT_APPLICABLE | dimension=SOURCE | comparison=SOURCE | calculation=SOURCE | condition=NOT_APPLICABLE | source_hint=NOT_APPLICABLE,예,2,30,22,HOLD,HARD_GUARD,NO_HARD_GUARD_CANDIDATE,HARD_GUARD,,HARD_GUARD,HOLD,NO_HARD_GUARD_CANDIDATE,,,,,,0,,,
A00440,17,A00440_17,A00440_17,"제조업 생산이 전월 대비 4.4% 늘었는데, 특히 반도체(5.6%)와 자동차(10.7%) 등 주요 수출 품목 생산이 늘었다.",,indicator=SOURCE | value=SOURCE | unit=SOURCE | time=SOURCE | frequency=SOURCE | region=NOT_APPLICABLE | population=NOT_APPLICABLE | dimension=SOURCE | comparison=SOURCE | calculation=SOURCE | condition=MISSING | source_hint=NOT_APPLICABLE,아니오,8,30,10,HOLD,HARD_GUARD,NO_HARD_GUARD_CANDIDATE,HARD_GUARD,,HARD_GUARD,HOLD,NO_HARD_GUARD_CANDIDATE,,,,,,0,,,
A00448,20,A00448_20,A00448_20,다만 반도체를 중심으로 수출 실적이 회복되면서 작년 산업 생산은 1.7% 늘어 전년(1%)에 비해 증가 폭이 커졌다.,,indicator=SOURCE | value=SOURCE | unit=SOURCE | time=SOURCE | frequency=SOURCE | region=NOT_APPLICABLE | population=NOT_APPLICABLE | dimension=SOURCE | comparison=SOURCE | calculation=SOURCE | condition=SOURCE | source_hint=NOT_APPLICABLE,예,4,35,8,HOLD,HARD_GUARD,NO_HARD_GUARD_CANDIDATE,HARD_GUARD,,HARD_GUARD,HOLD,NO_HARD_GUARD_CANDIDATE,,,,,,0,,,
A00475,13,A00475_13,A00475_13,이에 식료품·석유류·세제·의류 등 생활필수품 144개 품목을 집계한 생활물가 지수는 1년 전 대비 2.5% 올라 작년 7월(3%) 이후 반년 만에 가장 큰 오름폭을 보였다.,,indicator=SOURCE | value=SOURCE | unit=SOURCE | time=SOURCE | frequency=SOURCE | region=NOT_APPLICABLE | population=NOT_APPLICABLE | dimension=NOT_APPLICABLE | comparison=SOURCE | calculation=SOURCE | condition=SOURCE | source_hint=NOT_APPLICABLE,예,2,28,11,HOLD,HARD_GUARD,NO_HARD_GUARD_CANDIDATE,HARD_GUARD,,HARD_GUARD,HOLD,NO_HARD_GUARD_CANDIDATE,,,,,,0,,,
A00489,11,A00489_11,A00489_11,"작년 12월 수출은 633억달러로 전달보다 11.1%, 전년 같은 달보다 6.6% 뛰었다.",,indicator=SOURCE | value=SOURCE | unit=SOURCE | time=SOURCE | frequency=SOURCE | region=NOT_APPLICABLE | population=NOT_APPLICABLE | dimension=NOT_APPLICABLE | comparison=SOURCE | calculation=SOURCE | condition=NOT_APPLICABLE | source_hint=NOT_APPLICABLE,예,4,24,8,HOLD,HARD_GUARD,NO_HARD_GUARD_CANDIDATE,HARD_GUARD,,HARD_GUARD,HOLD,NO_HARD_GUARD_CANDIDATE,,,,,,0,,,
A00527,5,A00527_5,A00527_5,"10일 기획재정부에 따르면, 지난해 국세 수입은 336조5000억원으로 1년 전(344조1000억원)보다 7조5000억원(반올림 반영) 줄었다.",,indicator=SOURCE | value=SOURCE | unit=SOURCE | time=SOURCE | frequency=SOURCE | region=NOT_APPLICABLE | population=NOT_APPLICABLE | dimension=NOT_APPLICABLE | comparison=SOURCE | calculation=SOURCE | condition=MISSING | source_hint=SOURCE,아니오,1,31,16,HOLD,HARD_GUARD,NO_HARD_GUARD_CANDIDATE,HARD_GUARD,,HARD_GUARD,HOLD,NO_HARD_GUARD_CANDIDATE,,,,,,0,,,
A00540,4,A00540_4,A00540_4,"10일 기획재정부가 발표한 ‘2024년 국세 수입 실적’에 따르면, 작년 국세 수입은 전년 대비 7조5000억원 줄어든 336조5000억원으로 집계됐다.",,indicator=SOURCE | value=SOURCE | unit=SOURCE | time=SOURCE | frequency=SOURCE | region=NOT_APPLICABLE | population=NOT_APPLICABLE | dimension=NOT_APPLICABLE | comparison=SOURCE | calculation=SOURCE | condition=SOURCE | source_hint=SOURCE,예,1,20,6,HOLD,HARD_GUARD,NO_HARD_GUARD_CANDIDATE,HARD_GUARD,,HARD_GUARD,HOLD,NO_HARD_GUARD_CANDIDATE,,,,,,0,,,
A00555,20,A00555_20,A00555_20,하지만 지난달 수출은 전년 동월 대비 10.3% 급감했다.,,indicator=SOURCE | value=SOURCE | unit=SOURCE | time=SOURCE | frequency=SOURCE | region=NOT_APPLICABLE | population=NOT_APPLICABLE | dimension=NOT_APPLICABLE | comparison=NOT_APPLICABLE | calculation=SOURCE | condition=NOT_APPLICABLE | source_hint=NOT_APPLICABLE,예,4,29,20,HOLD,HARD_GUARD,NO_HARD_GUARD_CANDIDATE,HARD_GUARD,,HARD_GUARD,HOLD,NO_HARD_GUARD_CANDIDATE,,,,,,0,,,
A00555,23,A00555_23,A00555_23,월초 일평균 수출액 기준으로 2023년 9월(-14.5%) 이후 최대 감소폭이다.,,indicator=SOURCE | value=SOURCE | unit=SOURCE | time=SOURCE | frequency=SOURCE | region=NOT_APPLICABLE | population=NOT_APPLICABLE | dimension=NOT_APPLICABLE | comparison=NOT_APPLICABLE | calculation=SOURCE | condition=SOURCE | source_hint=NOT_APPLICABLE,예,4,24,14,HOLD,HARD_GUARD,NO_HARD_GUARD_CANDIDATE,HARD_GUARD,,HARD_GUARD,HOLD,NO_HARD_GUARD_CANDIDATE,,,,,,0,,,
A00559,4,A00559_4,A00559_4,"지난해 대미 수출에서 자동차는 1위, 반도체는 3위를 기록했다.",,indicator=SOURCE | value=SOURCE | unit=SOURCE | time=SOURCE | frequency=SOURCE | region=NOT_APPLICABLE | population=NOT_APPLICABLE | dimension=SOURCE | comparison=SOURCE | calculation=SOURCE | condition=SOURCE | source_hint=NOT_APPLICABLE,예,12,39,16,HOLD,HARD_GUARD,NO_HARD_GUARD_CANDIDATE,HARD_GUARD,,HARD_GUARD,HOLD,NO_HARD_GUARD_CANDIDATE,,,,,,0,,,
A00578,19,A00578_19,A00578_19,국내 1위 코인 거래소 업비트는 지난해 3분기에만 수수료 수입으로 약 1822억원 상당의 코인을 거둬들였다.,,indicator=SOURCE | value=SOURCE | unit=SOURCE | time=SOURCE | frequency=SOURCE | region=SOURCE | population=NOT_APPLICABLE | dimension=MISSING | comparison=SOURCE | calculation=SOURCE | condition=SOURCE | source_hint=NOT_APPLICABLE,아니오,1,39,13,HOLD,HARD_GUARD,NO_HARD_GUARD_CANDIDATE,HARD_GUARD,,HARD_GUARD,HOLD,NO_HARD_GUARD_CANDIDATE,,,,,,0,,,
A00579,10,A00579_10,A00579_10,노인 일자리에 참여하려는 고령층도 다수 몰리며 65세 이상 실업률이 9.6%로 전년 동월 대비 0.2%포인트 오르기도 했다.,,indicator=SOURCE | value=SOURCE | unit=SOURCE | time=SOURCE | frequency=SOURCE | region=NOT_APPLICABLE | population=SOURCE | dimension=SOURCE | comparison=SOURCE | calculation=SOURCE | condition=SOURCE | source_hint=NOT_APPLICABLE,예,4,42,28,HOLD,HARD_GUARD,NO_HARD_GUARD_CANDIDATE,HARD_GUARD,,HARD_GUARD,HOLD,NO_HARD_GUARD_CANDIDATE,,,,,,0,,,
A00579,15,A00579_15,A00579_15,"청년층 고용률은 지난해 5월(-0.7%포인트) 이후 9개월째 감소하고 있는데, 코로나가 시작된 2020년 3월~2021년 2월 이후 최장 기간 감소세가 유지되는 상황이다.",,indicator=SOURCE | value=SOURCE | unit=SOURCE | time=SOURCE | frequency=SOURCE | region=NOT_APPLICABLE | population=SOURCE | dimension=SOURCE | comparison=SOURCE | calculation=SOURCE | condition=SOURCE | source_hint=NOT_APPLICABLE,예,2,44,29,HOLD,HARD_GUARD,NO_HARD_GUARD_CANDIDATE,HARD_GUARD,,HARD_GUARD,HOLD,NO_HARD_GUARD_CANDIDATE,,,,,,0,,,
A00588,15,A00588_15,A00588_15,"작년 12월 취업자가 코로나가 한창이던 2021년 2월 47만3000명 줄어든 이후 3년 10개월 만에 5만2000명이 줄어든 것에선 회복됐지만, 속을 들여다보면 청년과 건설업 일자리 등을 중심으로 ‘고용 쇼크’ 수준의 충격이 이어지고 있다.",,indicator=SOURCE | value=SOURCE | unit=SOURCE | time=SOURCE | frequency=SOURCE | region=NOT_APPLICABLE | population=SOURCE | dimension=SOURCE | comparison=SOURCE | calculation=SOURCE | condition=SOURCE | source_hint=NOT_APPLICABLE,예,4,58,5,HOLD,HARD_GUARD,NO_HARD_GUARD_CANDIDATE,HARD_GUARD,,HARD_GUARD,HOLD,NO_HARD_GUARD_CANDIDATE,,,,,,0,,,
A00621,11,A00621_11,A00621_11,"건설업 취업자 수도 1년 새 16만9000명이나 줄어, 2013년 이후 모든 월 기준 가장 큰 낙폭을 기록했다.",,indicator=SOURCE | value=SOURCE | unit=SOURCE | time=SOURCE | frequency=SOURCE | region=NOT_APPLICABLE | population=NOT_APPLICABLE | dimension=SOURCE | comparison=NOT_APPLICABLE | calculation=SOURCE | condition=SOURCE | source_hint=NOT_APPLICABLE,예,2,20,4,HOLD,HARD_GUARD,NO_HARD_GUARD_CANDIDATE,HARD_GUARD,,HARD_GUARD,HOLD,NO_HARD_GUARD_CANDIDATE,,,,,,0,,,
A00622,1,A00622_1,A00622_1,작년 오렌지·파인애플 등 신선 과일 수입액이 14억달러(약 2조220억원)를 넘어서 역대 최대를 기록했다.,,indicator=SOURCE | value=SOURCE | unit=SOURCE | time=SOURCE | frequency=SOURCE | region=NOT_APPLICABLE | population=NOT_APPLICABLE | dimension=NOT_APPLICABLE | comparison=SOURCE | calculation=SOURCE | condition=SOURCE | source_hint=NOT_APPLICABLE,예,1,38,18,HOLD,HARD_GUARD,NO_HARD_GUARD_CANDIDATE,HARD_GUARD,,HARD_GUARD,HOLD,NO_HARD_GUARD_CANDIDATE,,,,,,0,,,
A00630,16,A00630_16,A00630_16,정부는 관세 대응 수출 바우처를 포함해 올해 연간 수출 바우처 예산(2400억원)의 90%를 상반기에 집중 투입한다는 방침이다.,,indicator=SOURCE | value=SOURCE | unit=SOURCE | time=SOURCE | frequency=SOURCE | region=NOT_APPLICABLE | population=NOT_APPLICABLE | dimension=NOT_APPLICABLE | comparison=SOURCE | calculation=SOURCE | condition=NOT_APPLICABLE | source_hint=NOT_APPLICABLE,예,4,18,12,HOLD,HARD_GUARD,NO_HARD_GUARD_CANDIDATE,HARD_GUARD,,HARD_GUARD,HOLD,NO_HARD_GUARD_CANDIDATE,,,,,,0,,,
A00630,2,A00630_2,A00630_2,"정부는 올해 무역금융을 역대 최대 규모인 366조원으로 편성하고, 관세 부과 시 타격이 큰 중소·중견기업을 지원할 ‘관세 대응 수출 바우처’도 도입하기로 했다.",,indicator=SOURCE | value=SOURCE | unit=SOURCE | time=SOURCE | frequency=SOURCE | region=NOT_APPLICABLE | population=NOT_APPLICABLE | dimension=NOT_APPLICABLE | comparison=NOT_APPLICABLE | calculation=SOURCE | condition=SOURCE | source_hint=NOT_APPLICABLE,예,4,35,11,HOLD,HARD_GUARD,NO_HARD_GUARD_CANDIDATE,HARD_GUARD,,HARD_GUARD,HOLD,NO_HARD_GUARD_CANDIDATE,,,,,,0,,,
A00637,6,A00637_6,A00637_6,LIG넥스원은 앞서 2022년 UAE에 약 4조원대 규모 천궁-II 국산 요격미사일 수출 계약을 따낸 바 있다.,,indicator=SOURCE | value=SOURCE | unit=SOURCE | time=SOURCE | frequency=SOURCE | region=NOT_APPLICABLE | population=NOT_APPLICABLE | dimension=NOT_APPLICABLE | comparison=NOT_APPLICABLE | calculation=SOURCE | condition=NOT_APPLICABLE | source_hint=NOT_APPLICABLE,예,4,30,18,HOLD,HARD_GUARD,NO_HARD_GUARD_CANDIDATE,HARD_GUARD,,HARD_GUARD,HOLD,NO_HARD_GUARD_CANDIDATE,,,,,,0,,,
A00646,15,A00646_15,A00646_15,정부는 이를 포함해 연간 수출 바우처 예산(2400억원)의 90%를 상반기에 집중 투입하기로 했다.,,indicator=SOURCE | value=SOURCE | unit=SOURCE | time=SOURCE | frequency=SOURCE | region=NOT_APPLICABLE | population=NOT_APPLICABLE | dimension=NOT_APPLICABLE | comparison=SOURCE | calculation=SOURCE | condition=NOT_APPLICABLE | source_hint=NOT_APPLICABLE,예,4,18,10,HOLD,HARD_GUARD,NO_HARD_GUARD_CANDIDATE,HARD_GUARD,,HARD_GUARD,HOLD,NO_HARD_GUARD_CANDIDATE,,,,,,0,,,
A00647,13,A00647_13,A00647_13,반면 작년 전국 광공업 생산은 반도체를 중심으로 수출이 회복되면서 전년보다 4.1% 증가했다.,,indicator=SOURCE | value=SOURCE | unit=SOURCE | time=SOURCE | frequency=SOURCE | region=SOURCE | population=NOT_APPLICABLE | dimension=SOURCE | comparison=SOURCE | calculation=SOURCE | condition=SOURCE | source_hint=NOT_APPLICABLE,예,4,29,1,HOLD,HARD_GUARD,NO_HARD_GUARD_CANDIDATE,HARD_GUARD,,HARD_GUARD,HOLD,NO_HARD_GUARD_CANDIDATE,,,,,,0,,,
A00655,7,A00655_7,A00655_7,지난달 생산자물가는 전년과 비교해도 1.7%가량 올랐다.,,indicator=SOURCE | value=SOURCE | unit=SOURCE | time=SOURCE | frequency=SOURCE | region=NOT_APPLICABLE | population=NOT_APPLICABLE | dimension=NOT_APPLICABLE | comparison=NOT_APPLICABLE | calculation=SOURCE | condition=NOT_APPLICABLE | source_hint=NOT_APPLICABLE,예,3,29,5,HOLD,HARD_GUARD,NO_HARD_GUARD_CANDIDATE,HARD_GUARD,,HARD_GUARD,HOLD,NO_HARD_GUARD_CANDIDATE,,,,,,0,,,
A00658,11,A00658_11,A00658_11,작년 수입액은 1조3600억원어치 정도다.,,indicator=SOURCE | value=SOURCE | unit=SOURCE | time=SOURCE | frequency=SOURCE | region=NOT_APPLICABLE | population=NOT_APPLICABLE | dimension=NOT_APPLICABLE | comparison=NOT_APPLICABLE | calculation=SOURCE | condition=NOT_APPLICABLE | source_hint=NOT_APPLICABLE,예,1,39,17,HOLD,HARD_GUARD,NO_HARD_GUARD_CANDIDATE,HARD_GUARD,,HARD_GUARD,HOLD,NO_HARD_GUARD_CANDIDATE,,,,,,0,,,
A00672,9,A00672_9,A00672_9,작년 수입액은 1조3600억원어치 정도다.,,indicator=SOURCE | value=SOURCE | unit=SOURCE | time=SOURCE | frequency=SOURCE | region=NOT_APPLICABLE | population=NOT_APPLICABLE | dimension=NOT_APPLICABLE | comparison=NOT_APPLICABLE | calculation=SOURCE | condition=NOT_APPLICABLE | source_hint=NOT_APPLICABLE,예,1,39,15,HOLD,HARD_GUARD,NO_HARD_GUARD_CANDIDATE,HARD_GUARD,,HARD_GUARD,HOLD,NO_HARD_GUARD_CANDIDATE,,,,,,0,,,
A00673,9,A00673_9,A00673_9,연간 누계 무역 수지는 10억5600만달러 적자다.,,indicator=SOURCE | value=SOURCE | unit=SOURCE | time=SOURCE | frequency=SOURCE | region=NOT_APPLICABLE | population=NOT_APPLICABLE | dimension=NOT_APPLICABLE | comparison=NOT_APPLICABLE | calculation=SOURCE | condition=NOT_APPLICABLE | source_hint=NOT_APPLICABLE,예,1,3,1,HOLD,HARD_GUARD,NO_HARD_GUARD_CANDIDATE,HARD_GUARD,,HARD_GUARD,HOLD,NO_HARD_GUARD_CANDIDATE,,,,,,0,,,
A00692,2,A00692_2,A00692_2,23일 한국자동차산업협동조합이 분석한 한국무역협회 통계에 따르면 지난해 한국의 대미 자동차부품 수출액은 82억2200만달러(약 11조8200억원)로 역대 최대치를 기록했다.,,indicator=SOURCE | value=SOURCE | unit=SOURCE | time=SOURCE | frequency=SOURCE | region=SOURCE | population=NOT_APPLICABLE | dimension=SOURCE | comparison=SOURCE | calculation=SOURCE | condition=SOURCE | source_hint=NOT_APPLICABLE,예,10,29,11,HOLD,HARD_GUARD,NO_HARD_GUARD_CANDIDATE,HARD_GUARD,,HARD_GUARD,HOLD,NO_HARD_GUARD_CANDIDATE,,,,,,0,,,
A00692,4,A00692_4,A00692_4,"작년 전체 자동차 부품 수출액은 총 225억4700만달러(약 32조4300억원)로, 이 중 대미 수출 비중(36.5％)이 가장 컸다.",,indicator=SOURCE | value=SOURCE | unit=SOURCE | time=SOURCE | frequency=SOURCE | region=NOT_APPLICABLE | population=NOT_APPLICABLE | dimension=SOURCE | comparison=SOURCE | calculation=SOURCE | condition=NOT_APPLICABLE | source_hint=NOT_APPLICABLE,예,10,28,13,HOLD,HARD_GUARD,NO_HARD_GUARD_CANDIDATE,HARD_GUARD,,HARD_GUARD,HOLD,NO_HARD_GUARD_CANDIDATE,,,,,,0,,,
A00723,14,A00723_14,A00723_14,"여기에 지난달 건설업 취업자 수가 192만1000명을 기록해, 코로나 팬데믹 당시였던 2021년 이후 3년 만에 200만명 아래로 떨어졌다.",,indicator=SOURCE | value=SOURCE | unit=SOURCE | time=SOURCE | frequency=SOURCE | region=NOT_APPLICABLE | population=NOT_APPLICABLE | dimension=SOURCE | comparison=SOURCE | calculation=SOURCE | condition=SOURCE | source_hint=NOT_APPLICABLE,예,2,52,21,HOLD,HARD_GUARD,NO_HARD_GUARD_CANDIDATE,HARD_GUARD,,HARD_GUARD,HOLD,NO_HARD_GUARD_CANDIDATE,,,,,,0,,,
A00735,6,A00735_6,A00735_6,"하지만 작년 8월 2.1%로 낮췄고, 수출 둔화세가 본격화한 작년 3분기(7~9월) 이후인 작년 11월에는 이를 1.9%로 내려잡았다.",,indicator=SOURCE | value=SOURCE | unit=SOURCE | time=SOURCE | frequency=SOURCE | region=NOT_APPLICABLE | population=NOT_APPLICABLE | dimension=NOT_APPLICABLE | comparison=SOURCE | calculation=SOURCE | condition=NOT_APPLICABLE | source_hint=NOT_APPLICABLE,예,4,19,18,HOLD,HARD_GUARD,NO_HARD_GUARD_CANDIDATE,HARD_GUARD,,HARD_GUARD,HOLD,NO_HARD_GUARD_CANDIDATE,,,,,,0,,,
A00736,16,A00736_16,A00736_16,"90세 이상 고령층 사망자가 6만1200명으로 전년 대비 3800명 늘었고, 50대 사망자도 2만5800명으로 600명 늘었다.",,indicator=SOURCE | value=SOURCE | unit=SOURCE | time=SOURCE | frequency=SOURCE | region=NOT_APPLICABLE | population=NOT_APPLICABLE | dimension=NOT_APPLICABLE | comparison=SOURCE | calculation=SOURCE | condition=SOURCE | source_hint=NOT_APPLICABLE,예,1,22,19,HOLD,HARD_GUARD,NO_HARD_GUARD_CANDIDATE,HARD_GUARD,,HARD_GUARD,HOLD,NO_HARD_GUARD_CANDIDATE,,,,,,0,,,
A00736,17,A00736_17,A00736_17,반면 80대 사망자는 13만2600명으로 전년 대비 400명 줄었다.,,indicator=SOURCE | value=SOURCE | unit=SOURCE | time=SOURCE | frequency=SOURCE | region=NOT_APPLICABLE | population=NOT_APPLICABLE | dimension=NOT_APPLICABLE | comparison=SOURCE | calculation=SOURCE | condition=MISSING | source_hint=NOT_APPLICABLE,아니오,1,22,11,HOLD,HARD_GUARD,NO_HARD_GUARD_CANDIDATE,HARD_GUARD,,HARD_GUARD,HOLD,NO_HARD_GUARD_CANDIDATE,,,,,,0,,,
A00740,4,A00740_4,A00740_4,"통계청이 26일 발표한 ‘2024년 12월 인구동향’에 따르면, 작년 한해 혼인 건수는 22만2422건으로 전년 대비 14.9% 늘었다.",,indicator=SOURCE | value=SOURCE | unit=SOURCE | time=SOURCE | frequency=SOURCE | region=NOT_APPLICABLE | population=NOT_APPLICABLE | dimension=NOT_APPLICABLE | comparison=SOURCE | calculation=SOURCE | condition=MISSING | source_hint=SOURCE,아니오,1,2,2,HOLD,HARD_GUARD,NO_HARD_GUARD_CANDIDATE,HARD_GUARD,,HARD_GUARD,HOLD,NO_HARD_GUARD_CANDIDATE,,,,,,0,,,
A00749,2,A00749_2,A00749_2,"코로나로 결혼을 미루다 2년 전쯤 뒤늦게 부부가 된 ‘엔데믹(풍토병화) 커플’이 아이를 낳기 시작한 데다, 연간 출생아 수가 70만명대로 늘어난 1990년대 초반생(1991~1995년 출생)들이 결혼해서 아이를 낳는 적령기(여성의 첫아이 출산 연령은 평균 33세)를 맞은 영향이 컸다.",,indicator=SOURCE | value=SOURCE | unit=SOURCE | time=SOURCE | frequency=SOURCE | region=NOT_APPLICABLE | population=NOT_APPLICABLE | dimension=SOURCE | comparison=NOT_APPLICABLE | calculation=SOURCE | condition=SOURCE | source_hint=NOT_APPLICABLE,예,3,50,10,HOLD,HARD_GUARD,NO_HARD_GUARD_CANDIDATE,HARD_GUARD,,HARD_GUARD,HOLD,NO_HARD_GUARD_CANDIDATE,,,,,,0,,,
A00753,7,A00753_7,A00753_7,20년 전인 2005년에도 반도체는 수출 1위 품목이었다.,,indicator=SOURCE | value=SOURCE | unit=SOURCE | time=SOURCE | frequency=SOURCE | region=NOT_APPLICABLE | population=NOT_APPLICABLE | dimension=SOURCE | comparison=NOT_APPLICABLE | calculation=SOURCE | condition=SOURCE | source_hint=NOT_APPLICABLE,예,6,20,13,HOLD,HARD_GUARD,NO_HARD_GUARD_CANDIDATE,HARD_GUARD,,HARD_GUARD,HOLD,NO_HARD_GUARD_CANDIDATE,,,,,,0,,,
A00774,12,A00774_12,A00774_12,"반도체 수출은 지난달까지 9개월 연속 100억달러를 넘겼고, 15개월 연속 증가세를 유지했지만, 2월 들어 그 흐름이 깨졌다.",,indicator=SOURCE | value=SOURCE | unit=SOURCE | time=SOURCE | frequency=SOURCE | region=NOT_APPLICABLE | population=NOT_APPLICABLE | dimension=SOURCE | comparison=SOURCE | calculation=SOURCE | condition=SOURCE | source_hint=NOT_APPLICABLE,예,6,34,15,HOLD,HARD_GUARD,NO_HARD_GUARD_CANDIDATE,HARD_GUARD,,HARD_GUARD,HOLD,NO_HARD_GUARD_CANDIDATE,,,,,,0,,,
A00789,2,A00789_2,A00789_2,HMG그룹은 지난 1월 경기 용인시 처인구 역북동 신대지구 도시개발사업 공동주택 용지를 1813억원에 매입했다.,,indicator=SOURCE | value=SOURCE | unit=SOURCE | time=SOURCE | frequency=SOURCE | region=SOURCE | population=NOT_APPLICABLE | dimension=NOT_APPLICABLE | comparison=NOT_APPLICABLE | calculation=SOURCE | condition=NOT_APPLICABLE | source_hint=NOT_APPLICABLE,예,2,2,2,HOLD,HARD_GUARD,NO_HARD_GUARD_CANDIDATE,HARD_GUARD,,HARD_GUARD,HOLD,NO_HARD_GUARD_CANDIDATE,,,,,,0,,,
A00830,5,A00830_5,A00830_5,대미 수입품에 대한 평균 관세율은 작년 기준 0.79% 수준이다.,,indicator=SOURCE | value=SOURCE | unit=SOURCE | time=SOURCE | frequency=SOURCE | region=NOT_APPLICABLE | population=NOT_APPLICABLE | dimension=SOURCE | comparison=NOT_APPLICABLE | calculation=SOURCE | condition=NOT_APPLICABLE | source_hint=NOT_APPLICABLE,예,2,35,16,HOLD,HARD_GUARD,NO_HARD_GUARD_CANDIDATE,HARD_GUARD,,HARD_GUARD,HOLD,NO_HARD_GUARD_CANDIDATE,,,,,,0,,,
A00840,14,A00840_14,A00840_14,"생활물가지수는 지난해 10월(1.2%)을 저점으로 꾸준히 오름세를 보이고 있는데, 소비자들이 실제 체감하는 물가 수준이 높아지고 있음을 시사한다.",,indicator=SOURCE | value=SOURCE | unit=SOURCE | time=SOURCE | frequency=SOURCE | region=NOT_APPLICABLE | population=NOT_APPLICABLE | dimension=NOT_APPLICABLE | comparison=NOT_APPLICABLE | calculation=SOURCE | condition=NOT_APPLICABLE | source_hint=NOT_APPLICABLE,예,1,1,1,HOLD,HARD_GUARD,NO_HARD_GUARD_CANDIDATE,HARD_GUARD,,HARD_GUARD,HOLD,NO_HARD_GUARD_CANDIDATE,,,,,,0,,,
A00872,1,A00872_1,A00872_1,"인천시가 작년 1월 인구 300만명을 돌파한 이후 꾸준한 상승세를 보이며, 전국에서 가장 높은 인구 증가율을 기록했다.",,indicator=SOURCE | value=SOURCE | unit=SOURCE | time=SOURCE | frequency=SOURCE | region=SOURCE | population=NOT_APPLICABLE | dimension=NOT_APPLICABLE | comparison=NOT_APPLICABLE | calculation=SOURCE | condition=SOURCE | source_hint=NOT_APPLICABLE,예,2,2,1,HOLD,HARD_GUARD,NO_HARD_GUARD_CANDIDATE,HARD_GUARD,,HARD_GUARD,HOLD,NO_HARD_GUARD_CANDIDATE,,,,,,0,,,
A00872,2,A00872_2,A00872_2,9일 인천시에 따르면 지난달 기준 인천시 주민등록인구는 302만7854명으로 집계됐다.,,indicator=SOURCE | value=SOURCE | unit=SOURCE | time=SOURCE | frequency=SOURCE | region=SOURCE | population=NOT_APPLICABLE | dimension=NOT_APPLICABLE | comparison=NOT_APPLICABLE | calculation=SOURCE | condition=NOT_APPLICABLE | source_hint=NOT_APPLICABLE,예,2,2,2,HOLD,HARD_GUARD,NO_HARD_GUARD_CANDIDATE,HARD_GUARD,,HARD_GUARD,HOLD,NO_HARD_GUARD_CANDIDATE,,,,,,0,,,
A00904,8,A00904_8,A00904_8,"반도체 수출은 0.03% 늘어나는 데 그치면서, 전체 수출에서 차지하는 비중이 19.8%로 전년 동기 대비 0.6%포인트 줄었다.",,indicator=SOURCE | value=SOURCE | unit=SOURCE | time=SOURCE | frequency=SOURCE | region=NOT_APPLICABLE | population=NOT_APPLICABLE | dimension=SOURCE | comparison=SOURCE | calculation=SOURCE | condition=SOURCE | source_hint=NOT_APPLICABLE,예,6,22,18,HOLD,HARD_GUARD,NO_HARD_GUARD_CANDIDATE,HARD_GUARD,,HARD_GUARD,HOLD,NO_HARD_GUARD_CANDIDATE,,,,,,0,,,
A00922,18,A00922_18,A00922_18,지난달 건설업 취업자는 190만9000명으로 전년 같은 달보다 16만7000명 줄었다.,,indicator=SOURCE | value=SOURCE | unit=SOURCE | time=SOURCE | frequency=SOURCE | region=NOT_APPLICABLE | population=NOT_APPLICABLE | dimension=SOURCE | comparison=SOURCE | calculation=SOURCE | condition=NOT_APPLICABLE | source_hint=NOT_APPLICABLE,예,2,20,4,HOLD,HARD_GUARD,NO_HARD_GUARD_CANDIDATE,HARD_GUARD,,HARD_GUARD,HOLD,NO_HARD_GUARD_CANDIDATE,,,,,,0,,,
A00922,24,A00922_24,A00922_24,제조업 취업자도 전년 같은 달 대비 7만4000명 줄며 지난해 7월(-1만1000명) 이후 8개월 연속 감소세다.,,indicator=SOURCE | value=SOURCE | unit=SOURCE | time=SOURCE | frequency=SOURCE | region=NOT_APPLICABLE | population=NOT_APPLICABLE | dimension=SOURCE | comparison=SOURCE | calculation=SOURCE | condition=SOURCE | source_hint=NOT_APPLICABLE,예,2,20,5,HOLD,HARD_GUARD,NO_HARD_GUARD_CANDIDATE,HARD_GUARD,,HARD_GUARD,HOLD,NO_HARD_GUARD_CANDIDATE,,,,,,0,,,
A00922,5,A00922_5,A00922_5,청년층 쉬었음 인구가 50만명을 넘어선 것은 2003년 통계 작성 이래 최초다.,,indicator=SOURCE | value=SOURCE | unit=SOURCE | time=SOURCE | frequency=SOURCE | region=NOT_APPLICABLE | population=SOURCE | dimension=SOURCE | comparison=NOT_APPLICABLE | calculation=SOURCE | condition=SOURCE | source_hint=NOT_APPLICABLE,예,2,22,12,HOLD,HARD_GUARD,NO_HARD_GUARD_CANDIDATE,HARD_GUARD,,HARD_GUARD,HOLD,NO_HARD_GUARD_CANDIDATE,,,,,,0,,,
A00953,14,A00953_14,A00953_14,실제 본지가 소비자물가정보서비스에서 원재료와 제품값 상승률을 비교한 가공식품 21개 중에서는 지난해 원재료 가격이 떨어졌는데도 제품값이 오른 품목이 10개나 됐다.,,indicator=SOURCE | value=SOURCE | unit=SOURCE | time=SOURCE | frequency=SOURCE | region=NOT_APPLICABLE | population=NOT_APPLICABLE | dimension=NOT_APPLICABLE | comparison=SOURCE | calculation=SOURCE | condition=SOURCE | source_hint=NOT_APPLICABLE,예,4,44,17,HOLD,HARD_GUARD,NO_HARD_GUARD_CANDIDATE,HARD_GUARD,,HARD_GUARD,HOLD,NO_HARD_GUARD_CANDIDATE,,,,,,0,,,
A00970,4,A00970_4,A00970_4,◇對中 반도체 수출 30% 줄어 16일 산업통상자원부에 따르면 지난달 정보통신산업 수출액은 167억1000만달러(약 24조원)로 1년 전보다 1.2% 증가했다.,,indicator=SOURCE | value=SOURCE | unit=SOURCE | time=SOURCE | frequency=SOURCE | region=NOT_APPLICABLE | population=NOT_APPLICABLE | dimension=SOURCE | comparison=SOURCE | calculation=SOURCE | condition=SOURCE | source_hint=SOURCE,예,6,35,17,HOLD,HARD_GUARD,NO_HARD_GUARD_CANDIDATE,HARD_GUARD,,HARD_GUARD,HOLD,NO_HARD_GUARD_CANDIDATE,,,,,,0,,,
A01111,14,A01111_14,A01111_14,"통계청이 이날 처음으로 공개한 어머니 연령별 출산율 자료에 따르면, 지난 1월 30~34세 여성 1000명당 출생아 수를 뜻하는 30대 초반 출산율은 81.1명을 기록했다.",,indicator=SOURCE | value=SOURCE | unit=SOURCE | time=SOURCE | frequency=SOURCE | region=NOT_APPLICABLE | population=NOT_APPLICABLE | dimension=SOURCE | comparison=SOURCE | calculation=SOURCE | condition=NOT_APPLICABLE | source_hint=SOURCE,예,7,43,11,HOLD,HARD_GUARD,NO_HARD_GUARD_CANDIDATE,HARD_GUARD,,HARD_GUARD,HOLD,NO_HARD_GUARD_CANDIDATE,,,,,,0,,,
A01120,30,A01120_30,A01120_30,"국내 자동차 부품 업계의 대미 수출액은 지난해 82억2200만달러(약 12조원)로, 전체 수출액의 36.5%를 차지한다.",,indicator=SOURCE | value=SOURCE | unit=SOURCE | time=SOURCE | frequency=SOURCE | region=SOURCE | population=NOT_APPLICABLE | dimension=SOURCE | comparison=SOURCE | calculation=SOURCE | condition=NOT_APPLICABLE | source_hint=NOT_APPLICABLE,예,10,24,11,HOLD,HARD_GUARD,NO_HARD_GUARD_CANDIDATE,HARD_GUARD,,HARD_GUARD,HOLD,NO_HARD_GUARD_CANDIDATE,,,,,,0,,,
A01120,8,A01120_8,A01120_8,지난해 우리나라 자동차 수출액(708억달러) 중에서 대미 수출액은 49%를 웃돌았다.,,indicator=SOURCE | value=SOURCE | unit=SOURCE | time=SOURCE | frequency=SOURCE | region=SOURCE | population=NOT_APPLICABLE | dimension=SOURCE | comparison=SOURCE | calculation=SOURCE | condition=SOURCE | source_hint=NOT_APPLICABLE,예,10,33,15,HOLD,HARD_GUARD,NO_HARD_GUARD_CANDIDATE,HARD_GUARD,,HARD_GUARD,HOLD,NO_HARD_GUARD_CANDIDATE,,,,,,0,,,
A01124,24,A01124_24,A01124_24,"예컨대 작년 8월 강원도 인구 감소 지역의 체류 인구 가운데 29%는 관광 목적으로 방문한 4일 이하 ‘단기 숙박객’이었지만, 수도권은 이 비율이 6.5%에 그쳤다.",,indicator=SOURCE | value=SOURCE | unit=SOURCE | time=SOURCE | frequency=SOURCE | region=SOURCE | population=NOT_APPLICABLE | dimension=NOT_APPLICABLE | comparison=SOURCE | calculation=SOURCE | condition=SOURCE | source_hint=NOT_APPLICABLE,예,2,2,2,HOLD,HARD_GUARD,NO_HARD_GUARD_CANDIDATE,HARD_GUARD,,HARD_GUARD,HOLD,NO_HARD_GUARD_CANDIDATE,,,,,,0,,,
A01149,18,A01149_18,A01149_18,지난해 대미수출액(약 61조3533억원)을 넘어서는 규모다.,,indicator=SOURCE | value=SOURCE | unit=SOURCE | time=SOURCE | frequency=SOURCE | region=NOT_APPLICABLE | population=NOT_APPLICABLE | dimension=SOURCE | comparison=NOT_APPLICABLE | calculation=SOURCE | condition=SOURCE | source_hint=NOT_APPLICABLE,예,6,39,15,HOLD,HARD_GUARD,NO_HARD_GUARD_CANDIDATE,HARD_GUARD,,HARD_GUARD,HOLD,NO_HARD_GUARD_CANDIDATE,,,,,,0,,,
A01164,6,A01164_6,A01164_6,"전자부품(9.1%)과 전기장비(6%) 등 생산이 늘어나면서 제조업 생산이 0.8% 증가했고, 자동차 판매(9.5%) 등 도·소매업(6.5%)과 금융·보험(2.3%) 생산 증가에 힘입어 서비스업 생산도 전월 대비 0.5% 늘었다.",,indicator=SOURCE | value=SOURCE | unit=SOURCE | time=SOURCE | frequency=SOURCE | region=NOT_APPLICABLE | population=NOT_APPLICABLE | dimension=SOURCE | comparison=SOURCE | calculation=SOURCE | condition=SOURCE | source_hint=NOT_APPLICABLE,예,8,46,18,HOLD,HARD_GUARD,NO_HARD_GUARD_CANDIDATE,HARD_GUARD,,HARD_GUARD,HOLD,NO_HARD_GUARD_CANDIDATE,,,,,,0,,,
A01176,3,A01176_3,A01176_3,"지난달 31일 경상북도에 따르면, 이날 오전 8시 30분 기준으로 안동시와 의성군, 청송군, 영양군에 걸쳐 총 1490ha의 과수원이 산불 피해를 본 것으로 집계됐다.",,indicator=SOURCE | value=SOURCE | unit=SOURCE | time=SOURCE | frequency=SOURCE | region=SOURCE | population=NOT_APPLICABLE | dimension=NOT_APPLICABLE | comparison=NOT_APPLICABLE | calculation=SOURCE | condition=NOT_APPLICABLE | source_hint=SOURCE,예,4,26,25,HOLD,HARD_GUARD,NO_HARD_GUARD_CANDIDATE,HARD_GUARD,,HARD_GUARD,HOLD,NO_HARD_GUARD_CANDIDATE,,,,,,0,,,
A01180,3,A01180_3,A01180_3,지난해 우리나라 수출 6836억달러(약 1007조원) 중 대미(對美) 수출은 1278억달러로 18.7%에 달했다.,,indicator=SOURCE | value=SOURCE | unit=SOURCE | time=SOURCE | frequency=SOURCE | region=SOURCE | population=NOT_APPLICABLE | dimension=SOURCE | comparison=SOURCE | calculation=SOURCE | condition=NOT_APPLICABLE | source_hint=NOT_APPLICABLE,예,6,40,14,HOLD,HARD_GUARD,NO_HARD_GUARD_CANDIDATE,HARD_GUARD,,HARD_GUARD,HOLD,NO_HARD_GUARD_CANDIDATE,,,,,,0,,,
A01185,23,A01185_23,A01185_23,"올해 1월 기준 광공업생산지수(상승)와 취업지수(회복)를 제외한 8개 지표(서비스업생산지수, 소매판매액지수, 설비투자지수, 건설기성액, 수출액, 수입액, 기업경기실사지수, 소비자기대지수)가 하강 국면에 분포했다.",,indicator=SOURCE | value=SOURCE | unit=SOURCE | time=SOURCE | frequency=SOURCE | region=SOURCE | population=NOT_APPLICABLE | dimension=SOURCE | comparison=NOT_APPLICABLE | calculation=SOURCE | condition=SOURCE | source_hint=NOT_APPLICABLE,예,8,39,12,HOLD,HARD_GUARD,NO_HARD_GUARD_CANDIDATE,HARD_GUARD,,HARD_GUARD,HOLD,NO_HARD_GUARD_CANDIDATE,,,,,,0,,,
A01254,4,A01254_4,A01254_4,"6일 통계청의 인구 동향 통계에 따르면, 작년 대전의 일반 혼인율(남녀 인구 1000명당 혼인 건수)은 남성 12.6건, 여성 12.4건으로 전년 대비 모두 4.3건씩 늘었다.",,indicator=SOURCE | value=SOURCE | unit=SOURCE | time=SOURCE | frequency=SOURCE | region=SOURCE | population=NOT_APPLICABLE | dimension=SOURCE | comparison=SOURCE | calculation=SOURCE | condition=MISSING | source_hint=SOURCE,아니오,4,2,2,HOLD,HARD_GUARD,NO_HARD_GUARD_CANDIDATE,HARD_GUARD,,HARD_GUARD,HOLD,NO_HARD_GUARD_CANDIDATE,,,,,,0,,,
A01278,7,A01278_7,A01278_7,다만 지난해 국내총생산(GDP) 대비 국가 채무 비율은 46.1%로 2023년(46.9%)에 비해서는 0.8%포인트 감소했다.,,indicator=SOURCE | value=SOURCE | unit=SOURCE | time=SOURCE | frequency=SOURCE | region=SOURCE | population=NOT_APPLICABLE | dimension=NOT_APPLICABLE | comparison=SOURCE | calculation=SOURCE | condition=SOURCE | source_hint=NOT_APPLICABLE,예,2,14,2,HOLD,HARD_GUARD,NO_HARD_GUARD_CANDIDATE,HARD_GUARD,,HARD_GUARD,HOLD,NO_HARD_GUARD_CANDIDATE,,,,,,0,,,
A01285,11,A01285_11,A01285_11,3월 기준으로는 청년 실업률이 10%에 달했던 2021년 3월 이후 4년 만에 가장 높다.,,indicator=SOURCE | value=SOURCE | unit=SOURCE | time=SOURCE | frequency=SOURCE | region=NOT_APPLICABLE | population=SOURCE | dimension=SOURCE | comparison=NOT_APPLICABLE | calculation=SOURCE | condition=NOT_APPLICABLE | source_hint=NOT_APPLICABLE,예,2,48,14,HOLD,HARD_GUARD,NO_HARD_GUARD_CANDIDATE,HARD_GUARD,,HARD_GUARD,HOLD,NO_HARD_GUARD_CANDIDATE,,,,,,0,,,
A01285,12,A01285_12,A01285_12,지난달 청년층 실업률은 전체 연령대 실업률(3.1%)의 2.4배에 달한다.,,indicator=SOURCE | value=SOURCE | unit=SOURCE | time=SOURCE | frequency=SOURCE | region=NOT_APPLICABLE | population=SOURCE | dimension=SOURCE | comparison=SOURCE | calculation=SOURCE | condition=NOT_APPLICABLE | source_hint=NOT_APPLICABLE,예,2,48,7,HOLD,HARD_GUARD,NO_HARD_GUARD_CANDIDATE,HARD_GUARD,,HARD_GUARD,HOLD,NO_HARD_GUARD_CANDIDATE,,,,,,0,,,
A01285,16,A01285_16,A01285_16,지난달 쉬었음 인구는 251만7000명으로 1년 전 대비 7만1000명 늘었다.,,indicator=SOURCE | value=SOURCE | unit=SOURCE | time=SOURCE | frequency=SOURCE | region=NOT_APPLICABLE | population=NOT_APPLICABLE | dimension=NOT_APPLICABLE | comparison=SOURCE | calculation=SOURCE | condition=MISSING | source_hint=NOT_APPLICABLE,아니오,1,2,2,HOLD,HARD_GUARD,NO_HARD_GUARD_CANDIDATE,HARD_GUARD,,HARD_GUARD,HOLD,NO_HARD_GUARD_CANDIDATE,,,,,,0,,,
A01285,19,A01285_19,A01285_19,지난 1분기(1~3월) 월 평균 쉬었음 인구는 46만4000명으로 코로나 대유행이 시작된 2020년 2분기의 직전 최고치(46만1000명)을 고쳐썼다.,,indicator=SOURCE | value=SOURCE | unit=SOURCE | time=SOURCE | frequency=SOURCE | region=NOT_APPLICABLE | population=NOT_APPLICABLE | dimension=NOT_APPLICABLE | comparison=SOURCE | calculation=SOURCE | condition=NOT_APPLICABLE | source_hint=NOT_APPLICABLE,예,1,2,2,HOLD,HARD_GUARD,NO_HARD_GUARD_CANDIDATE,HARD_GUARD,,HARD_GUARD,HOLD,NO_HARD_GUARD_CANDIDATE,,,,,,0,,,
A01285,21,A01285_21,A01285_21,역대급 실적에도 채용문은 좁히... '쉬었음' 청년 50만명 넘어서... 청년 고용률 49개월 만에 최대 낙폭 지난달 별다른 경제활동을 하지 않고 그냥 ‘쉬었다’고 응답한 청년이 사상 처음으로 50만명을 넘어섰다.,,indicator=SOURCE | value=SOURCE | unit=SOURCE | time=SOURCE | frequency=SOURCE | region=NOT_APPLICABLE | population=SOURCE | dimension=SOURCE | comparison=SOURCE | calculation=SOURCE | condition=SOURCE | source_hint=NOT_APPLICABLE,예,2,20,5,HOLD,HARD_GUARD,NO_HARD_GUARD_CANDIDATE,HARD_GUARD,,HARD_GUARD,HOLD,NO_HARD_GUARD_CANDIDATE,,,,,,0,,,
A01285,22,A01285_22,A01285_22,"청년층 고용률은 49개월 만에 최대 감소... 작년 박사 딴 10명 중 3명은 '백수', 역대 최고 작년 박사 학위 취득자 10명 중 3명은 일자리를 구하지 못한 것으로 나타났다.",,indicator=SOURCE | value=SOURCE | unit=SOURCE | time=SOURCE | frequency=SOURCE | region=NOT_APPLICABLE | population=SOURCE | dimension=SOURCE | comparison=SOURCE | calculation=SOURCE | condition=SOURCE | source_hint=NOT_APPLICABLE,예,2,29,9,HOLD,HARD_GUARD,NO_HARD_GUARD_CANDIDATE,HARD_GUARD,,HARD_GUARD,HOLD,NO_HARD_GUARD_CANDIDATE,,,,,,0,,,
A01292,1,A01292_1,A01292_1,0 청년 실업률이 지난달 7.5%까지 치솟으며 코로나 위기 때인 2021년 이후 4년 만에 최대치를 기록했다.,,indicator=SOURCE | value=SOURCE | unit=SOURCE | time=SOURCE | frequency=SOURCE | region=NOT_APPLICABLE | population=SOURCE | dimension=SOURCE | comparison=NOT_APPLICABLE | calculation=SOURCE | condition=SOURCE | source_hint=NOT_APPLICABLE,예,2,19,4,HOLD,HARD_GUARD,NO_HARD_GUARD_CANDIDATE,HARD_GUARD,,HARD_GUARD,HOLD,NO_HARD_GUARD_CANDIDATE,,,,,,0,,,
A01292,8,A01292_8,A01292_8,"특히 건설업 취업자 수는 전년 동월 대비 8.7% 줄었는데, 2013년 관련 통계 작성 이래 최대 감소 폭이다.",,indicator=SOURCE | value=SOURCE | unit=SOURCE | time=SOURCE | frequency=SOURCE | region=NOT_APPLICABLE | population=NOT_APPLICABLE | dimension=SOURCE | comparison=NOT_APPLICABLE | calculation=SOURCE | condition=SOURCE | source_hint=NOT_APPLICABLE,예,2,20,11,HOLD,HARD_GUARD,NO_HARD_GUARD_CANDIDATE,HARD_GUARD,,HARD_GUARD,HOLD,NO_HARD_GUARD_CANDIDATE,,,,,,0,,,
A01292,9,A01292_9,A01292_9,지난 1분기 청년층 가운데 취업이나 구직 활동을 하지 않고 그냥 시간을 보냈다는 ‘쉬었음’ 인구도 46만4000명으로 코로나가 본격적으로 퍼지던 2020년 2분기(46만1000명)를 넘어 역대 최고치를 고쳐 썼다.,,indicator=SOURCE | value=SOURCE | unit=SOURCE | time=SOURCE | frequency=SOURCE | region=NOT_APPLICABLE | population=SOURCE | dimension=SOURCE | comparison=SOURCE | calculation=SOURCE | condition=SOURCE | source_hint=NOT_APPLICABLE,예,2,22,12,HOLD,HARD_GUARD,NO_HARD_GUARD_CANDIDATE,HARD_GUARD,,HARD_GUARD,HOLD,NO_HARD_GUARD_CANDIDATE,,,,,,0,,,
A01313,22,A01313_22,A01313_22,"예를 들어, 2010년 수출 2위였던 중간재인 합성수지는 2024년 6위로 내려앉았고, 당시 6위와 7위였던 편직물과 철강판은 아예 10위권 밖으로 밀려났다.",,indicator=SOURCE | value=SOURCE | unit=SOURCE | time=SOURCE | frequency=SOURCE | region=NOT_APPLICABLE | population=NOT_APPLICABLE | dimension=MISSING | comparison=SOURCE | calculation=SOURCE | condition=SOURCE | source_hint=NOT_APPLICABLE,아니오,4,35,16,HOLD,HARD_GUARD,NO_HARD_GUARD_CANDIDATE,HARD_GUARD,,HARD_GUARD,HOLD,NO_HARD_GUARD_CANDIDATE,,,,,,0,,,
A01313,24,A01313_24,A01313_24,"2016년에 수출 10위권에 진입한 전자 응용 기기는 배터리 검사 장비, 피부용 의료 기기, 산업용 정밀 기계 등 다양한 첨단 전자 제품이 포함돼 있다.",,indicator=SOURCE | value=SOURCE | unit=SOURCE | time=SOURCE | frequency=SOURCE | region=NOT_APPLICABLE | population=NOT_APPLICABLE | dimension=MISSING | comparison=NOT_APPLICABLE | calculation=SOURCE | condition=SOURCE | source_hint=NOT_APPLICABLE,아니오,4,35,14,HOLD,HARD_GUARD,NO_HARD_GUARD_CANDIDATE,HARD_GUARD,,HARD_GUARD,HOLD,NO_HARD_GUARD_CANDIDATE,,,,,,0,,,
A01313,26,A01313_26,A01313_26,2018년 수출 10위권에 진입한 ‘반도체 제조용 장비’도 최신 효자 품목이다.,,indicator=SOURCE | value=SOURCE | unit=SOURCE | time=SOURCE | frequency=SOURCE | region=NOT_APPLICABLE | population=NOT_APPLICABLE | dimension=SOURCE | comparison=NOT_APPLICABLE | calculation=SOURCE | condition=SOURCE | source_hint=NOT_APPLICABLE,예,6,24,6,HOLD,HARD_GUARD,NO_HARD_GUARD_CANDIDATE,HARD_GUARD,,HARD_GUARD,HOLD,NO_HARD_GUARD_CANDIDATE,,,,,,0,,,
A01313,28,A01313_28,A01313_28,지정학적인 요인으로 지난해 화장품에 이어 수출 2위 품목에 자동차가 깜짝 등장하기도 했다.,,indicator=SOURCE | value=SOURCE | unit=SOURCE | time=SOURCE | frequency=SOURCE | region=NOT_APPLICABLE | population=NOT_APPLICABLE | dimension=SOURCE | comparison=NOT_APPLICABLE | calculation=SOURCE | condition=SOURCE | source_hint=NOT_APPLICABLE,예,10,36,16,HOLD,HARD_GUARD,NO_HARD_GUARD_CANDIDATE,HARD_GUARD,,HARD_GUARD,HOLD,NO_HARD_GUARD_CANDIDATE,,,,,,0,,,
A01316,7,A01316_7,A01316_7,지난 1~10일 대미 수출액은 34억7300만달러로 전년 동기 대비 0.6% 감소했다.,,indicator=SOURCE | value=SOURCE | unit=SOURCE | time=SOURCE | frequency=SOURCE | region=NOT_APPLICABLE | population=NOT_APPLICABLE | dimension=SOURCE | comparison=SOURCE | calculation=SOURCE | condition=SOURCE | source_hint=NOT_APPLICABLE,예,6,42,11,HOLD,HARD_GUARD,NO_HARD_GUARD_CANDIDATE,HARD_GUARD,,HARD_GUARD,HOLD,NO_HARD_GUARD_CANDIDATE,,,,,,0,,,
A01349,18,A01349_18,A01349_18,"11일 해외건설협회의 ‘1분기 해외 수... 태국 고속도로·바라카 원전… K건설, 59년만에 수주 1조달러 “놀라운 일을 계획하고 있습니다.” 1963년 1월, 정주영 현대건설 사장은 시무식에서 임직원을 상대로 이렇게 말했다.",,indicator=SOURCE | value=SOURCE | unit=SOURCE | time=SOURCE | frequency=SOURCE | region=NOT_APPLICABLE | population=NOT_APPLICABLE | dimension=NOT_APPLICABLE | comparison=NOT_APPLICABLE | calculation=SOURCE | condition=NOT_APPLICABLE | source_hint=NOT_APPLICABLE,예,2,32,4,HOLD,HARD_GUARD,NO_HARD_GUARD_CANDIDATE,HARD_GUARD,,HARD_GUARD,HOLD,NO_HARD_GUARD_CANDIDATE,,,,,,0,,,
A01359,1,A01359_1,A01359_1,"0 올해 1분기(1~3월) 25~34세 청년층 취업자 수가 3만명 넘게 감소하며, 지난 2021년 1분기에 5만4000명 줄어든 이후 4년 만에 감소세로 전환했다.",,indicator=SOURCE | value=SOURCE | unit=SOURCE | time=SOURCE | frequency=SOURCE | region=NOT_APPLICABLE | population=SOURCE | dimension=SOURCE | comparison=SOURCE | calculation=SOURCE | condition=SOURCE | source_hint=NOT_APPLICABLE,예,4,55,27,HOLD,HARD_GUARD,NO_HARD_GUARD_CANDIDATE,HARD_GUARD,,HARD_GUARD,HOLD,NO_HARD_GUARD_CANDIDATE,,,,,,0,,,
A01359,3,A01359_3,A01359_3,14일 통계청은 1분기 25~34세 청년층 취업자 수는 528만8000명으로 전년 동기(532만4000명)보다 3만6000명(0.7%) 줄었다고 밝혔다.,,indicator=SOURCE | value=SOURCE | unit=SOURCE | time=SOURCE | frequency=SOURCE | region=NOT_APPLICABLE | population=SOURCE | dimension=SOURCE | comparison=SOURCE | calculation=SOURCE | condition=MISSING | source_hint=SOURCE,아니오,4,57,26,HOLD,HARD_GUARD,NO_HARD_GUARD_CANDIDATE,HARD_GUARD,,HARD_GUARD,HOLD,NO_HARD_GUARD_CANDIDATE,,,,,,0,,,
A01359,5,A01359_5,A01359_5,"25~34세 취업자는 코로나가 시작된 지난 2020년 2분기(-6만명)부터 2021년 1분기(-5만4000명)까지 줄다, 2021년 2분기(9만5000명)부터 작년 4분기(2000명)까지 늘었다.",,indicator=SOURCE | value=SOURCE | unit=SOURCE | time=SOURCE | frequency=SOURCE | region=NOT_APPLICABLE | population=NOT_APPLICABLE | dimension=SOURCE | comparison=SOURCE | calculation=SOURCE | condition=NOT_APPLICABLE | source_hint=NOT_APPLICABLE,예,2,55,21,HOLD,HARD_GUARD,NO_HARD_GUARD_CANDIDATE,HARD_GUARD,,HARD_GUARD,HOLD,NO_HARD_GUARD_CANDIDATE,,,,,,0,,,
A01359,7,A01359_7,A01359_7,"지난 1분기 25~34세 인구는 697만6000명으로, 작년 1분기(697만7000명)와 비슷했다.",,indicator=SOURCE | value=SOURCE | unit=SOURCE | time=SOURCE | frequency=SOURCE | region=NOT_APPLICABLE | population=NOT_APPLICABLE | dimension=SOURCE | comparison=SOURCE | calculation=SOURCE | condition=NOT_APPLICABLE | source_hint=NOT_APPLICABLE,예,2,21,12,HOLD,HARD_GUARD,NO_HARD_GUARD_CANDIDATE,HARD_GUARD,,HARD_GUARD,HOLD,NO_HARD_GUARD_CANDIDATE,,,,,,0,,,
A01385,4,A01385_4,A01385_4,"17일 통계청이 발표한 ’2024년 농림어업 조사결과’에 따르면, 2024년 농가 수는 97만 4000가구로 전년(99만9000가구) 대비 2.5% 감소했다.",,indicator=SOURCE | value=SOURCE | unit=SOURCE | time=SOURCE | frequency=SOURCE | region=NOT_APPLICABLE | population=SOURCE | dimension=SOURCE | comparison=SOURCE | calculation=SOURCE | condition=SOURCE | source_hint=SOURCE,예,2,28,22,HOLD,HARD_GUARD,NO_HARD_GUARD_CANDIDATE,HARD_GUARD,,HARD_GUARD,HOLD,NO_HARD_GUARD_CANDIDATE,,,,,,0,,,
A01385,9,A01385_9,A01385_9,농가 인구 가운데 65세 이상 고령 인구가 차지하는 비율은 지난해 55.8%로 2023년 52.6%보다 3.2%포인트 상승했다.,,indicator=SOURCE | value=SOURCE | unit=SOURCE | time=SOURCE | frequency=SOURCE | region=NOT_APPLICABLE | population=SOURCE | dimension=SOURCE | comparison=SOURCE | calculation=SOURCE | condition=SOURCE | source_hint=NOT_APPLICABLE,예,4,32,17,HOLD,HARD_GUARD,NO_HARD_GUARD_CANDIDATE,HARD_GUARD,,HARD_GUARD,HOLD,NO_HARD_GUARD_CANDIDATE,,,,,,0,,,
A01388,4,A01388_4,A01388_4,1분기 기준으로는 2008년(377만8000톤) 이후 17년 만에 최대 수입량이다.,,indicator=SOURCE | value=SOURCE | unit=SOURCE | time=SOURCE | frequency=SOURCE | region=NOT_APPLICABLE | population=NOT_APPLICABLE | dimension=NOT_APPLICABLE | comparison=NOT_APPLICABLE | calculation=SOURCE | condition=SOURCE | source_hint=NOT_APPLICABLE,예,1,20,15,HOLD,HARD_GUARD,NO_HARD_GUARD_CANDIDATE,HARD_GUARD,,HARD_GUARD,HOLD,NO_HARD_GUARD_CANDIDATE,,,,,,0,,,
A01444,4,A01444_4,A01444_4,이는 코로나에 고물가가 겹치며 세계 경기가 위축됐던 2022년 4월(-0.8%포인트) 이후 3년 만에 가장 크게 하향 조정한 것이다.,,indicator=SOURCE | value=SOURCE | unit=SOURCE | time=SOURCE | frequency=SOURCE | region=SOURCE | population=NOT_APPLICABLE | dimension=NOT_APPLICABLE | comparison=NOT_APPLICABLE | calculation=SOURCE | condition=NOT_APPLICABLE | source_hint=NOT_APPLICABLE,예,5,35,11,HOLD,HARD_GUARD,NO_HARD_GUARD_CANDIDATE,HARD_GUARD,,HARD_GUARD,HOLD,NO_HARD_GUARD_CANDIDATE,,,,,,0,,,
A01455,3,A01455_3,A01455_3,4월 대미 수출이 이 같은 추세로 마감된다면 코로나 시기였던 2020년 5월(-29.4%) 이후 월간 기준 10% 이상 처음 줄어들게 된다.,,indicator=SOURCE | value=SOURCE | unit=SOURCE | time=SOURCE | frequency=SOURCE | region=NOT_APPLICABLE | population=NOT_APPLICABLE | dimension=SOURCE | comparison=SOURCE | calculation=SOURCE | condition=SOURCE | source_hint=NOT_APPLICABLE,예,6,37,14,HOLD,HARD_GUARD,NO_HARD_GUARD_CANDIDATE,HARD_GUARD,,HARD_GUARD,HOLD,NO_HARD_GUARD_CANDIDATE,,,,,,0,,,
A01464,3,A01464_3,A01464_3,"통계청이 23일 발표한 ‘2월 인구 동향’에 따르면, 지난 2월 혼인 건수는 1만9370건으로 집계됐다.",,indicator=SOURCE | value=SOURCE | unit=SOURCE | time=SOURCE | frequency=SOURCE | region=NOT_APPLICABLE | population=NOT_APPLICABLE | dimension=NOT_APPLICABLE | comparison=NOT_APPLICABLE | calculation=SOURCE | condition=NOT_APPLICABLE | source_hint=SOURCE,예,1,2,1,HOLD,HARD_GUARD,NO_HARD_GUARD_CANDIDATE,HARD_GUARD,,HARD_GUARD,HOLD,NO_HARD_GUARD_CANDIDATE,,,,,,0,,,
A01478,12,A01478_12,A01478_12,혼인 건수가 늘면서 지난 2월 출생아 수도 2만35명으로 지난해 같은 달 대비 3.2%(622명) 늘었다.,,indicator=SOURCE | value=SOURCE | unit=SOURCE | time=SOURCE | frequency=SOURCE | region=NOT_APPLICABLE | population=NOT_APPLICABLE | dimension=NOT_APPLICABLE | comparison=SOURCE | calculation=SOURCE | condition=MISSING | source_hint=NOT_APPLICABLE,아니오,1,43,8,HOLD,HARD_GUARD,NO_HARD_GUARD_CANDIDATE,HARD_GUARD,,HARD_GUARD,HOLD,NO_HARD_GUARD_CANDIDATE,,,,,,0,,,
A01478,3,A01478_3,A01478_3,"통계청이 23일 발표한 ‘2월 인구 동향’에 따르면, 지난 2월 혼인 건수는 1만9370건으로 지난해 같은 달(1만6948건)보다 14.3% 증가했다.",,indicator=SOURCE | value=SOURCE | unit=SOURCE | time=SOURCE | frequency=SOURCE | region=NOT_APPLICABLE | population=NOT_APPLICABLE | dimension=NOT_APPLICABLE | comparison=SOURCE | calculation=SOURCE | condition=SOURCE | source_hint=SOURCE,예,1,2,2,HOLD,HARD_GUARD,NO_HARD_GUARD_CANDIDATE,HARD_GUARD,,HARD_GUARD,HOLD,NO_HARD_GUARD_CANDIDATE,,,,,,0,,,
A01480,15,A01480_15,A01480_15,설비투자의 1분기 성장률은 2021년 3분기(-4.9%) 이후 3년 6개월 만에 가장 낮은 수준을 보였다.,,indicator=SOURCE | value=SOURCE | unit=SOURCE | time=SOURCE | frequency=SOURCE | region=NOT_APPLICABLE | population=NOT_APPLICABLE | dimension=NOT_APPLICABLE | comparison=SOURCE | calculation=SOURCE | condition=NOT_APPLICABLE | source_hint=NOT_APPLICABLE,예,1,4,2,HOLD,HARD_GUARD,NO_HARD_GUARD_CANDIDATE,HARD_GUARD,,HARD_GUARD,HOLD,NO_HARD_GUARD_CANDIDATE,,,,,,0,,,
A01480,17,A01480_17,A01480_17,순수출 성장 기여도는 올해 1분기 0.3%포인트로 집계됐다.,,indicator=SOURCE | value=SOURCE | unit=SOURCE | time=SOURCE | frequency=SOURCE | region=NOT_APPLICABLE | population=NOT_APPLICABLE | dimension=NOT_APPLICABLE | comparison=NOT_APPLICABLE | calculation=SOURCE | condition=NOT_APPLICABLE | source_hint=NOT_APPLICABLE,예,4,30,22,HOLD,HARD_GUARD,NO_HARD_GUARD_CANDIDATE,HARD_GUARD,,HARD_GUARD,HOLD,NO_HARD_GUARD_CANDIDATE,,,,,,0,,,
A01496,2,A01496_2,A01496_2,정부가 최근 발표한 12조2000억원 규모 추경안을 놓고 정치권의 증액 요구가 이어진 가운데 올해 1분기(1~3월) 성장률이 전 분기 대비 -0.2%로 집계되자 추경 규모를 늘릴 수 있다고 한 것이다.,,indicator=SOURCE | value=SOURCE | unit=SOURCE | time=SOURCE | frequency=SOURCE | region=NOT_APPLICABLE | population=NOT_APPLICABLE | dimension=NOT_APPLICABLE | comparison=SOURCE | calculation=SOURCE | condition=MISSING | source_hint=NOT_APPLICABLE,아니오,1,4,1,HOLD,HARD_GUARD,NO_HARD_GUARD_CANDIDATE,HARD_GUARD,,HARD_GUARD,HOLD,NO_HARD_GUARD_CANDIDATE,,,,,,0,,,
A01526,2,A01526_2,A01526_2,1분기 성장률이 -0.2%로 마이너스(-) 성장을 기록하는 등 경기 침체 그늘이 짙어졌기 때문이다.,,indicator=SOURCE | value=SOURCE | unit=SOURCE | time=SOURCE | frequency=SOURCE | region=SOURCE | population=NOT_APPLICABLE | dimension=NOT_APPLICABLE | comparison=MISSING | calculation=SOURCE | condition=SOURCE | source_hint=NOT_APPLICABLE,아니오,2,39,23,HOLD,HARD_GUARD,NO_HARD_GUARD_CANDIDATE,HARD_GUARD,,HARD_GUARD,HOLD,NO_HARD_GUARD_CANDIDATE,,,,,,0,,,
A01528,2,A01528_2,A01528_2,"올해 1분기(1~3월) 성장률이 –0.2%로 마이너스(-) 성장을 하자, 추경 규모를 정부안(12조2000억원)보다 더 늘려야 한다는 국회 요구를 받아들일 수 있음을 시사한 것으로 풀이된다.",,indicator=SOURCE | value=SOURCE | unit=SOURCE | time=SOURCE | frequency=SOURCE | region=NOT_APPLICABLE | population=NOT_APPLICABLE | dimension=NOT_APPLICABLE | comparison=SOURCE | calculation=SOURCE | condition=SOURCE | source_hint=NOT_APPLICABLE,예,1,20,13,HOLD,HARD_GUARD,NO_HARD_GUARD_CANDIDATE,HARD_GUARD,,HARD_GUARD,HOLD,NO_HARD_GUARD_CANDIDATE,,,,,,0,,,
A01528,6,A01528_6,A01528_6,"하지만 지난 1분기까지 4개 분기 연속 성장률이 0.1%를 밑돌자, 경기 부양에 추가 재정을 투입할 수 있다고 공식화한 것이다.",,indicator=SOURCE | value=SOURCE | unit=SOURCE | time=SOURCE | frequency=SOURCE | region=SOURCE | population=NOT_APPLICABLE | dimension=NOT_APPLICABLE | comparison=SOURCE | calculation=SOURCE | condition=SOURCE | source_hint=NOT_APPLICABLE,예,2,39,20,HOLD,HARD_GUARD,NO_HARD_GUARD_CANDIDATE,HARD_GUARD,,HARD_GUARD,HOLD,NO_HARD_GUARD_CANDIDATE,,,,,,0,,,
A01539,13,A01539_13,A01539_13,"◇반도체로 2만불, 車로 3만불 시대… ‘4만불 엔진’은 안 보여 1만729달러(1994년)→2만162달러(2005년)→3만667달러(2014년). 한국 경제는 1인당 GDP가 1만달러 간격의 허들을 넘을 때마다 확실한 동력을 갖고 있었다.",,indicator=SOURCE | value=SOURCE | unit=SOURCE | time=SOURCE | frequency=SOURCE | region=SOURCE | population=NOT_APPLICABLE | dimension=SOURCE | comparison=SOURCE | calculation=SOURCE | condition=NOT_APPLICABLE | source_hint=NOT_APPLICABLE,예,4,20,8,HOLD,HARD_GUARD,NO_HARD_GUARD_CANDIDATE,HARD_GUARD,,HARD_GUARD,HOLD,NO_HARD_GUARD_CANDIDATE,,,,,,0,,,
A01539,16,A01539_16,A01539_16,3만달러를 넘은 2014년쯤에는 자동차·화학·정유(차화정)가 반도체와 함께 수출을 쌍끌이했다.,,indicator=SOURCE | value=SOURCE | unit=SOURCE | time=SOURCE | frequency=SOURCE | region=NOT_APPLICABLE | population=NOT_APPLICABLE | dimension=SOURCE | comparison=NOT_APPLICABLE | calculation=SOURCE | condition=NOT_APPLICABLE | source_hint=NOT_APPLICABLE,예,10,37,16,HOLD,HARD_GUARD,NO_HARD_GUARD_CANDIDATE,HARD_GUARD,,HARD_GUARD,HOLD,NO_HARD_GUARD_CANDIDATE,,,,,,0,,,
A01555,14,A01555_14,A01555_14,"미 상무부 발표에 따르면 올해 1분기 연방정부 지출은 5.1% 감소했고, 이는 GDP에서 0.25%포인트를 깎아내렸다.",,indicator=SOURCE | value=SOURCE | unit=SOURCE | time=SOURCE | frequency=SOURCE | region=NOT_APPLICABLE | population=NOT_APPLICABLE | dimension=NOT_APPLICABLE | comparison=SOURCE | calculation=SOURCE | condition=SOURCE | source_hint=NOT_APPLICABLE,예,2,39,6,HOLD,HARD_GUARD,NO_HARD_GUARD_CANDIDATE,HARD_GUARD,,HARD_GUARD,HOLD,NO_HARD_GUARD_CANDIDATE,,,,,,0,,,
A01565,13,A01565_13,A01565_13,올해 두나무를 포함해 자산총액이 11조6000억원(최근 명목 GDP 확정치의 0.5%) 이상인 기업집단 46곳이 상호출자제한기업집단으로 지정됐다.,,indicator=SOURCE | value=SOURCE | unit=SOURCE | time=SOURCE | frequency=SOURCE | region=NOT_APPLICABLE | population=NOT_APPLICABLE | dimension=NOT_APPLICABLE | comparison=SOURCE | calculation=SOURCE | condition=SOURCE | source_hint=NOT_APPLICABLE,예,2,27,4,HOLD,HARD_GUARD,NO_HARD_GUARD_CANDIDATE,HARD_GUARD,,HARD_GUARD,HOLD,NO_HARD_GUARD_CANDIDATE,,,,,,0,,,
A01584,3,A01584_3,A01584_3,"2일 통계청이 발표한 ‘4월 소비자물가 동향’에 따르면, 지난달 소비자물가 지수는 116.38로 전년 동월 대비 2.1% 올랐다.",,indicator=SOURCE | value=SOURCE | unit=SOURCE | time=SOURCE | frequency=SOURCE | region=NOT_APPLICABLE | population=NOT_APPLICABLE | dimension=NOT_APPLICABLE | comparison=NOT_APPLICABLE | calculation=SOURCE | condition=NOT_APPLICABLE | source_hint=SOURCE,예,4,17,10,HOLD,HARD_GUARD,NO_HARD_GUARD_CANDIDATE,HARD_GUARD,,HARD_GUARD,HOLD,NO_HARD_GUARD_CANDIDATE,,,,,,0,,,
A01669,3,A01669_3,A01669_3,"8일 한국수입차협회(KAIDA)에 따르면, BYD가 지난달 국내 출시한 소형 SUV ‘아토3′(543대)가 4월 수입 전기차 판매 1위에 올랐다.",,indicator=SOURCE | value=SOURCE | unit=SOURCE | time=SOURCE | frequency=SOURCE | region=SOURCE | population=NOT_APPLICABLE | dimension=MISSING | comparison=SOURCE | calculation=SOURCE | condition=SOURCE | source_hint=NOT_APPLICABLE,아니오,1,28,15,HOLD,HARD_GUARD,NO_HARD_GUARD_CANDIDATE,HARD_GUARD,,HARD_GUARD,HOLD,NO_HARD_GUARD_CANDIDATE,,,,,,0,,,
A01669,5,A01669_5,A01669_5,BYD가 ‘모델Y’와 ‘모델 3′로 작년 수입 전기차 시장 1위와 2위를 모두 차지한 테슬라를 제친 것이다.,,indicator=SOURCE | value=SOURCE | unit=SOURCE | time=SOURCE | frequency=SOURCE | region=NOT_APPLICABLE | population=NOT_APPLICABLE | dimension=MISSING | comparison=SOURCE | calculation=SOURCE | condition=SOURCE | source_hint=NOT_APPLICABLE,아니오,1,31,11,HOLD,HARD_GUARD,NO_HARD_GUARD_CANDIDATE,HARD_GUARD,,HARD_GUARD,HOLD,NO_HARD_GUARD_CANDIDATE,,,,,,0,,,
A01708,1,A01708_1,A01708_1,"5월 1일부터 10일까지 수출이 승용차, 석유제품 등의 부진으로 인해 지난해 같은 기간 대비 23% 넘게 급감했다.",,indicator=SOURCE | value=SOURCE | unit=SOURCE | time=SOURCE | frequency=SOURCE | region=NOT_APPLICABLE | population=NOT_APPLICABLE | dimension=SOURCE | comparison=NOT_APPLICABLE | calculation=SOURCE | condition=NOT_APPLICABLE | source_hint=NOT_APPLICABLE,예,6,31,16,HOLD,HARD_GUARD,NO_HARD_GUARD_CANDIDATE,HARD_GUARD,,HARD_GUARD,HOLD,NO_HARD_GUARD_CANDIDATE,,,,,,0,,,
A01708,2,A01708_2,A01708_2,코로나 봉쇄로 월 초순(1~10일) 수출이 29% 급락했던 2020년 10월 이후 4년 7개월 만에 최대 수출 감소 폭이다.,,indicator=SOURCE | value=SOURCE | unit=SOURCE | time=SOURCE | frequency=SOURCE | region=NOT_APPLICABLE | population=NOT_APPLICABLE | dimension=NOT_APPLICABLE | comparison=SOURCE | calculation=SOURCE | condition=SOURCE | source_hint=NOT_APPLICABLE,예,4,31,16,HOLD,HARD_GUARD,NO_HARD_GUARD_CANDIDATE,HARD_GUARD,,HARD_GUARD,HOLD,NO_HARD_GUARD_CANDIDATE,,,,,,0,,,
A01713,5,A01713_5,A01713_5,지난달 수입 돼지고기 삼겹살(냉동)은 100g당 1472원으로 1년 전보다 3.2% 올랐다.,,indicator=SOURCE | value=SOURCE | unit=SOURCE | time=SOURCE | frequency=SOURCE | region=NOT_APPLICABLE | population=NOT_APPLICABLE | dimension=SOURCE | comparison=SOURCE | calculation=SOURCE | condition=MISSING | source_hint=NOT_APPLICABLE,아니오,2,20,8,HOLD,HARD_GUARD,NO_HARD_GUARD_CANDIDATE,HARD_GUARD,,HARD_GUARD,HOLD,NO_HARD_GUARD_CANDIDATE,,,,,,0,,,
A01713,8,A01713_8,A01713_8,"삼겹살뿐만 아니라 외국산 소고기, 계란 값 등도 오르면서 지난달 축산물 소비자물가는 전년 대비 4.8% 올랐다.",,indicator=SOURCE | value=SOURCE | unit=SOURCE | time=SOURCE | frequency=SOURCE | region=NOT_APPLICABLE | population=NOT_APPLICABLE | dimension=SOURCE | comparison=SOURCE | calculation=SOURCE | condition=MISSING | source_hint=NOT_APPLICABLE,아니오,7,29,20,HOLD,HARD_GUARD,NO_HARD_GUARD_CANDIDATE,HARD_GUARD,,HARD_GUARD,HOLD,NO_HARD_GUARD_CANDIDATE,,,,,,0,,,
A01717,3,A01717_3,A01717_3,지난달 소비자물가지수(CPI)가 전년 같은 달보다 2.3% 상승했다고 미 노동부가 13일 밝혔다.,,indicator=SOURCE | value=SOURCE | unit=SOURCE | time=SOURCE | frequency=SOURCE | region=NOT_APPLICABLE | population=NOT_APPLICABLE | dimension=NOT_APPLICABLE | comparison=MISSING | calculation=SOURCE | condition=SOURCE | source_hint=NOT_APPLICABLE,아니오,2,29,21,HOLD,HARD_GUARD,NO_HARD_GUARD_CANDIDATE,HARD_GUARD,,HARD_GUARD,HOLD,NO_HARD_GUARD_CANDIDATE,,,,,,0,,,
A01723,6,A01723_6,A01723_6,한국의 잠재성장률은 2007년까지만 해도 4.27%에 달했다.,,indicator=SOURCE | value=SOURCE | unit=SOURCE | time=SOURCE | frequency=SOURCE | region=SOURCE | population=NOT_APPLICABLE | dimension=NOT_APPLICABLE | comparison=NOT_APPLICABLE | calculation=SOURCE | condition=NOT_APPLICABLE | source_hint=NOT_APPLICABLE,예,1,4,1,HOLD,HARD_GUARD,NO_HARD_GUARD_CANDIDATE,HARD_GUARD,,HARD_GUARD,HOLD,NO_HARD_GUARD_CANDIDATE,,,,,,0,,,
A01733,8,A01733_8,A01733_8,KDI는 통상 여건 악화로 올해 상품 수출이 -0.4%를 기록하고 경기 부진으로 상품 수입 역시 0%로 둔화될 것으로 봤다.,,indicator=SOURCE | value=SOURCE | unit=SOURCE | time=SOURCE | frequency=SOURCE | region=SOURCE | population=NOT_APPLICABLE | dimension=NOT_APPLICABLE | comparison=SOURCE | calculation=SOURCE | condition=NOT_APPLICABLE | source_hint=NOT_APPLICABLE,예,6,38,20,HOLD,HARD_GUARD,NO_HARD_GUARD_CANDIDATE,HARD_GUARD,,HARD_GUARD,HOLD,NO_HARD_GUARD_CANDIDATE,,,,,,0,,,
A01737,10,A01737_10,A01737_10,청년층 고용률은 작년 5월(-0.7%포인트)부터 1년째 감소세를 이어가고 있다.,,indicator=SOURCE | value=SOURCE | unit=SOURCE | time=SOURCE | frequency=SOURCE | region=NOT_APPLICABLE | population=SOURCE | dimension=SOURCE | comparison=NOT_APPLICABLE | calculation=SOURCE | condition=SOURCE | source_hint=NOT_APPLICABLE,예,2,47,19,HOLD,HARD_GUARD,NO_HARD_GUARD_CANDIDATE,HARD_GUARD,,HARD_GUARD,HOLD,NO_HARD_GUARD_CANDIDATE,,,,,,0,,,
A01737,13,A01737_13,A01737_13,이에 따라 전체 청년층 실업률도 7.3%로 전년 동월 대비 0.5%포인트 올랐다.,,indicator=SOURCE | value=SOURCE | unit=SOURCE | time=SOURCE | frequency=SOURCE | region=NOT_APPLICABLE | population=SOURCE | dimension=SOURCE | comparison=SOURCE | calculation=SOURCE | condition=NOT_APPLICABLE | source_hint=NOT_APPLICABLE,예,2,48,22,HOLD,HARD_GUARD,NO_HARD_GUARD_CANDIDATE,HARD_GUARD,,HARD_GUARD,HOLD,NO_HARD_GUARD_CANDIDATE,,,,,,0,,,
A01737,15,A01737_15,A01737_15,지난달 제조업 취업자는 439만7000명으로 전년 동월 대비 12만4000명 줄었다.,,indicator=SOURCE | value=SOURCE | unit=SOURCE | time=SOURCE | frequency=SOURCE | region=NOT_APPLICABLE | population=NOT_APPLICABLE | dimension=SOURCE | comparison=SOURCE | calculation=SOURCE | condition=NOT_APPLICABLE | source_hint=NOT_APPLICABLE,예,2,59,14,HOLD,HARD_GUARD,NO_HARD_GUARD_CANDIDATE,HARD_GUARD,,HARD_GUARD,HOLD,NO_HARD_GUARD_CANDIDATE,,,,,,0,,,
A01737,9,A01737_9,A01737_9,반면 15~29세 청년층 고용률은 45.3%로 전년 동월 대비 0.9%포인트 감소했다.,,indicator=SOURCE | value=SOURCE | unit=SOURCE | time=SOURCE | frequency=SOURCE | region=NOT_APPLICABLE | population=SOURCE | dimension=SOURCE | comparison=SOURCE | calculation=SOURCE | condition=SOURCE | source_hint=NOT_APPLICABLE,예,4,52,24,HOLD,HARD_GUARD,NO_HARD_GUARD_CANDIDATE,HARD_GUARD,,HARD_GUARD,HOLD,NO_HARD_GUARD_CANDIDATE,,,,,,0,,,
A01752,11,A01752_11,A01752_11,제조업은 지난달 기준 취업자 수가 439만7000명으로 전체 취업자의 15.2%를 차지하는 ‘일자리 창출 1위 업종’이다.,,indicator=SOURCE | value=SOURCE | unit=SOURCE | time=SOURCE | frequency=SOURCE | region=NOT_APPLICABLE | population=NOT_APPLICABLE | dimension=SOURCE | comparison=SOURCE | calculation=SOURCE | condition=SOURCE | source_hint=NOT_APPLICABLE,예,2,20,6,HOLD,HARD_GUARD,NO_HARD_GUARD_CANDIDATE,HARD_GUARD,,HARD_GUARD,HOLD,NO_HARD_GUARD_CANDIDATE,,,,,,0,,,
A01752,18,A01752_18,A01752_18,"60세 이상(34만명)과 30대(9만3000명)를 중심으로 지난달 취업자 수가 1년 전 대비 증가했지만, 15~29세 청년층은 17만4000명 줄었다.",,indicator=SOURCE | value=SOURCE | unit=SOURCE | time=SOURCE | frequency=SOURCE | region=NOT_APPLICABLE | population=SOURCE | dimension=SOURCE | comparison=SOURCE | calculation=SOURCE | condition=SOURCE | source_hint=NOT_APPLICABLE,예,4,52,26,HOLD,HARD_GUARD,NO_HARD_GUARD_CANDIDATE,HARD_GUARD,,HARD_GUARD,HOLD,NO_HARD_GUARD_CANDIDATE,,,,,,0,,,
A01752,7,A01752_7,A01752_7,지난달 제조업 취업자 감소 폭은 2019년 2월(-15만1000명) 이후 6년 2개월 만에 가장 컸다.,,indicator=SOURCE | value=SOURCE | unit=SOURCE | time=SOURCE | frequency=SOURCE | region=NOT_APPLICABLE | population=NOT_APPLICABLE | dimension=SOURCE | comparison=SOURCE | calculation=SOURCE | condition=SOURCE | source_hint=NOT_APPLICABLE,예,2,20,5,HOLD,HARD_GUARD,NO_HARD_GUARD_CANDIDATE,HARD_GUARD,,HARD_GUARD,HOLD,NO_HARD_GUARD_CANDIDATE,,,,,,0,,,
A01758,4,A01758_4,A01758_4,"조재한 산업연구원 산업정책기획실장은 “2010년 수출 1~5위가 반도체, 선박, 유무선 전화기, 석유제품, 승용차였는데, 작년 수출 1~5위 구성은 반도체, 자동차, 석유제품, 선박, 합성수지로 차이가 없다”고 지적했다.",,indicator=SOURCE | value=SOURCE | unit=SOURCE | time=SOURCE | frequency=SOURCE | region=NOT_APPLICABLE | population=NOT_APPLICABLE | dimension=SOURCE | comparison=SOURCE | calculation=SOURCE | condition=SOURCE | source_hint=NOT_APPLICABLE,예,14,38,15,HOLD,HARD_GUARD,NO_HARD_GUARD_CANDIDATE,HARD_GUARD,,HARD_GUARD,HOLD,NO_HARD_GUARD_CANDIDATE,,,,,,0,,,
A01798,9,A01798_9,A01798_9,그런데 1~4월 고등어 수출량은 3만7888톤으로 전년 동월(1만4178톤) 대비 167%나 폭증했다.,,indicator=SOURCE | value=SOURCE | unit=SOURCE | time=SOURCE | frequency=SOURCE | region=NOT_APPLICABLE | population=NOT_APPLICABLE | dimension=NOT_APPLICABLE | comparison=SOURCE | calculation=SOURCE | condition=NOT_APPLICABLE | source_hint=NOT_APPLICABLE,예,1,20,2,HOLD,HARD_GUARD,NO_HARD_GUARD_CANDIDATE,HARD_GUARD,,HARD_GUARD,HOLD,NO_HARD_GUARD_CANDIDATE,,,,,,0,,,
A01828,22,A01828_22,A01828_22,뉴욕 연은에 따르면 22~27세 대학 졸업생의 실업률은 지난 1월 4.8%에서 3월 5.8%로 상승했다.,,indicator=SOURCE | value=SOURCE | unit=SOURCE | time=SOURCE | frequency=SOURCE | region=NOT_APPLICABLE | population=NOT_APPLICABLE | dimension=SOURCE | comparison=SOURCE | calculation=SOURCE | condition=SOURCE | source_hint=NOT_APPLICABLE,예,2,19,10,HOLD,HARD_GUARD,NO_HARD_GUARD_CANDIDATE,HARD_GUARD,,HARD_GUARD,HOLD,NO_HARD_GUARD_CANDIDATE,,,,,,0,,,
A01853,4,A01853_4,A01853_4,"전월 대비 상승폭을 품목별로 보면 농산물(-5.8%), 석탄·석유제품(-2.6%)이 전체 생산자물가를 끌어내렸다.",,indicator=SOURCE | value=SOURCE | unit=SOURCE | time=SOURCE | frequency=SOURCE | region=NOT_APPLICABLE | population=NOT_APPLICABLE | dimension=SOURCE | comparison=SOURCE | calculation=SOURCE | condition=SOURCE | source_hint=NOT_APPLICABLE,예,5,45,8,HOLD,HARD_GUARD,NO_HARD_GUARD_CANDIDATE,HARD_GUARD,,HARD_GUARD,HOLD,NO_HARD_GUARD_CANDIDATE,,,,,,0,,,
A01903,20,A01903_20,A01903_20,외국인 취... 고용 한파… 청년이라 더 추운 겨울 건설업과 도소매업을 중심으로 내수 부진이 장기화하면서 지난달 취업자 수가 1년 전에 비해 5만명 넘게 줄었다.,,indicator=SOURCE | value=SOURCE | unit=SOURCE | time=SOURCE | frequency=SOURCE | region=NOT_APPLICABLE | population=SOURCE | dimension=SOURCE | comparison=SOURCE | calculation=SOURCE | condition=MISSING | source_hint=NOT_APPLICABLE,아니오,4,64,17,HOLD,HARD_GUARD,NO_HARD_GUARD_CANDIDATE,HARD_GUARD,,HARD_GUARD,HOLD,NO_HARD_GUARD_CANDIDATE,,,,,,0,,,
A01910,8,A01910_8,A01910_8,이는 트럼프 대통령이 지난 4월부터 외국산 수입차에 관세 25%를 매긴 여파로 풀이된다.,,indicator=SOURCE | value=SOURCE | unit=SOURCE | time=SOURCE | frequency=SOURCE | region=NOT_APPLICABLE | population=NOT_APPLICABLE | dimension=NOT_APPLICABLE | comparison=NOT_APPLICABLE | calculation=SOURCE | condition=NOT_APPLICABLE | source_hint=NOT_APPLICABLE,예,1,36,14,HOLD,HARD_GUARD,NO_HARD_GUARD_CANDIDATE,HARD_GUARD,,HARD_GUARD,HOLD,NO_HARD_GUARD_CANDIDATE,,,,,,0,,,
A01924,7,A01924_7,A01924_7,1분기 출생아 수는 6만5022명으로 전년 동분기(6만568명) 대비 7.4% 늘었다.,,indicator=SOURCE | value=SOURCE | unit=SOURCE | time=SOURCE | frequency=SOURCE | region=NOT_APPLICABLE | population=NOT_APPLICABLE | dimension=NOT_APPLICABLE | comparison=SOURCE | calculation=SOURCE | condition=MISSING | source_hint=NOT_APPLICABLE,아니오,1,43,21,HOLD,HARD_GUARD,NO_HARD_GUARD_CANDIDATE,HARD_GUARD,,HARD_GUARD,HOLD,NO_HARD_GUARD_CANDIDATE,,,,,,0,,,
A01927,6,A01927_6,A01927_6,"28일 통계청이 발표한 ‘3월 인구 동향’에 따르면, 지난 1분기(1~3월) 합계출산율은 0.82명으로 1년 전(0.77명)보다 0.05명 증가했다.",,indicator=SOURCE | value=SOURCE | unit=SOURCE | time=SOURCE | frequency=SOURCE | region=NOT_APPLICABLE | population=NOT_APPLICABLE | dimension=NOT_APPLICABLE | comparison=SOURCE | calculation=SOURCE | condition=SOURCE | source_hint=SOURCE,예,1,2,2,HOLD,HARD_GUARD,NO_HARD_GUARD_CANDIDATE,HARD_GUARD,,HARD_GUARD,HOLD,NO_HARD_GUARD_CANDIDATE,,,,,,0,,,
A01927,9,A01927_9,A01927_9,1분기 출생아 수는 6만5022명으로 1년 전(6만568명)보다 7.4% 늘었다.,,indicator=SOURCE | value=SOURCE | unit=SOURCE | time=SOURCE | frequency=SOURCE | region=NOT_APPLICABLE | population=NOT_APPLICABLE | dimension=NOT_APPLICABLE | comparison=SOURCE | calculation=SOURCE | condition=MISSING | source_hint=NOT_APPLICABLE,아니오,1,43,27,HOLD,HARD_GUARD,NO_HARD_GUARD_CANDIDATE,HARD_GUARD,,HARD_GUARD,HOLD,NO_HARD_GUARD_CANDIDATE,,,,,,0,,,
A01935,13,A01935_13,A01935_13,"올해 내수의 성장률 기여도는 0.8%포인트, 순수출 성장률 기여도는 0%포인트 정도로 봤다.",,indicator=SOURCE | value=SOURCE | unit=SOURCE | time=SOURCE | frequency=SOURCE | region=NOT_APPLICABLE | population=NOT_APPLICABLE | dimension=NOT_APPLICABLE | comparison=SOURCE | calculation=SOURCE | condition=NOT_APPLICABLE | source_hint=NOT_APPLICABLE,예,4,41,23,HOLD,HARD_GUARD,NO_HARD_GUARD_CANDIDATE,HARD_GUARD,,HARD_GUARD,HOLD,NO_HARD_GUARD_CANDIDATE,,,,,,0,,,
A01947,5,A01947_5,A01947_5,이창용 한은 총재는 “올해 순수출(수출에서 수입을 뺀 것)의 성장 기여도가 0%일 것”이라고 했다.,,indicator=SOURCE | value=SOURCE | unit=SOURCE | time=SOURCE | frequency=SOURCE | region=NOT_APPLICABLE | population=NOT_APPLICABLE | dimension=NOT_APPLICABLE | comparison=NOT_APPLICABLE | calculation=SOURCE | condition=NOT_APPLICABLE | source_hint=NOT_APPLICABLE,예,4,38,15,HOLD,HARD_GUARD,NO_HARD_GUARD_CANDIDATE,HARD_GUARD,,HARD_GUARD,HOLD,NO_HARD_GUARD_CANDIDATE,,,,,,0,,,
A01953,10,A01953_10,A01953_10,앞서 2021년 약 15조원으로 사상 최고였던 제약·바이오 기술 수출액은 이듬해 세계 경기 불황 여파로 6조6000억원대로 반 토막이 났다.,,indicator=SOURCE | value=SOURCE | unit=SOURCE | time=SOURCE | frequency=SOURCE | region=SOURCE | population=NOT_APPLICABLE | dimension=SOURCE | comparison=SOURCE | calculation=SOURCE | condition=NOT_APPLICABLE | source_hint=NOT_APPLICABLE,예,10,37,17,HOLD,HARD_GUARD,NO_HARD_GUARD_CANDIDATE,HARD_GUARD,,HARD_GUARD,HOLD,NO_HARD_GUARD_CANDIDATE,,,,,,0,,,
A01953,7,A01953_7,A01953_7,키움증권은 올해 5월 19일 기준 국내 제약 바이오 기술 수출액이 62억달러(약 8조5500억원)에 달했다고 최근 밝혔다.,,indicator=SOURCE | value=SOURCE | unit=SOURCE | time=SOURCE | frequency=SOURCE | region=SOURCE | population=NOT_APPLICABLE | dimension=SOURCE | comparison=SOURCE | calculation=SOURCE | condition=NOT_APPLICABLE | source_hint=NOT_APPLICABLE,예,6,39,16,HOLD,HARD_GUARD,NO_HARD_GUARD_CANDIDATE,HARD_GUARD,,HARD_GUARD,HOLD,NO_HARD_GUARD_CANDIDATE,,,,,,0,,,
A01953,8,A01953_8,A01953_8,이는 한국제약바이오협회가 집계한 지난해 기술 수출액(61억3300만달러)을 이미 넘어선 것이다.,,indicator=SOURCE | value=SOURCE | unit=SOURCE | time=SOURCE | frequency=SOURCE | region=SOURCE | population=NOT_APPLICABLE | dimension=SOURCE | comparison=NOT_APPLICABLE | calculation=SOURCE | condition=SOURCE | source_hint=NOT_APPLICABLE,예,6,30,21,HOLD,HARD_GUARD,NO_HARD_GUARD_CANDIDATE,HARD_GUARD,,HARD_GUARD,HOLD,NO_HARD_GUARD_CANDIDATE,,,,,,0,,,
A01981,3,A01981_3,A01981_3,"보고서는 인구 감소, 고령화가 더 심해지는 2025~2030년에는 인구구조 변화에 따른 소비 증가율 둔화 폭이 연평균 1%포인트까지 확대될 것으로 봤다.",,indicator=SOURCE | value=SOURCE | unit=SOURCE | time=SOURCE | frequency=SOURCE | region=NOT_APPLICABLE | population=NOT_APPLICABLE | dimension=NOT_APPLICABLE | comparison=NOT_APPLICABLE | calculation=SOURCE | condition=SOURCE | source_hint=NOT_APPLICABLE,예,1,20,4,HOLD,HARD_GUARD,NO_HARD_GUARD_CANDIDATE,HARD_GUARD,,HARD_GUARD,HOLD,NO_HARD_GUARD_CANDIDATE,,,,,,0,,,
A01986,1,A01986_1,A01986_1,5월 우리나라 수출이 반도체가 역대 최대 수출을 기록했음에도 작년 대비 1.3% 감소했다.,,indicator=SOURCE | value=SOURCE | unit=SOURCE | time=SOURCE | frequency=SOURCE | region=SOURCE | population=NOT_APPLICABLE | dimension=SOURCE | comparison=NOT_APPLICABLE | calculation=SOURCE | condition=SOURCE | source_hint=NOT_APPLICABLE,예,6,42,11,HOLD,HARD_GUARD,NO_HARD_GUARD_CANDIDATE,HARD_GUARD,,HARD_GUARD,HOLD,NO_HARD_GUARD_CANDIDATE,,,,,,0,,,
A01986,12,A01986_12,A01986_12,"내수 침체 속 버팀목 역할을 하던 ... '트럼프 관세' 본격화에 5월 수출 -1.3%...대미·자동차 수출↓ 지난 4월 한국 수출액이 572억7000만달러로 전년 동월 대비 1.3% 감소하며, 수출 증가율이 4개월 만에 마이너스로 돌아섰다.",,indicator=SOURCE | value=SOURCE | unit=SOURCE | time=SOURCE | frequency=SOURCE | region=SOURCE | population=NOT_APPLICABLE | dimension=SOURCE | comparison=SOURCE | calculation=SOURCE | condition=SOURCE | source_hint=NOT_APPLICABLE,예,10,35,17,HOLD,HARD_GUARD,NO_HARD_GUARD_CANDIDATE,HARD_GUARD,,HARD_GUARD,HOLD,NO_HARD_GUARD_CANDIDATE,,,,,,0,,,
A01987,12,A01987_12,A01987_12,"관세 부과가 이어지며 대미 수출은 작년보다 8.1% 감소한 100억5000만달러에 그쳤고, 대미 수출 1위 품목인 자동차는 32% 줄어든 18억4000만달러에 그쳤다.",,indicator=SOURCE | value=SOURCE | unit=SOURCE | time=SOURCE | frequency=SOURCE | region=NOT_APPLICABLE | population=NOT_APPLICABLE | dimension=SOURCE | comparison=SOURCE | calculation=SOURCE | condition=SOURCE | source_hint=NOT_APPLICABLE,예,10,38,16,HOLD,HARD_GUARD,NO_HARD_GUARD_CANDIDATE,HARD_GUARD,,HARD_GUARD,HOLD,NO_HARD_GUARD_CANDIDATE,,,,,,0,,,
A01987,25,A01987_25,A01987_25,지난 3월 25% 관세를 부과... 반도체 사상 최대에도 5월 수출은 마이너스 5월 우리나라 수출이 반도체가 역대 최대 수출을 기록했음에도 작년 대비 1.3% 감소했다.,,indicator=SOURCE | value=SOURCE | unit=SOURCE | time=SOURCE | frequency=SOURCE | region=SOURCE | population=NOT_APPLICABLE | dimension=SOURCE | comparison=SOURCE | calculation=SOURCE | condition=SOURCE | source_hint=NOT_APPLICABLE,예,6,35,18,HOLD,HARD_GUARD,NO_HARD_GUARD_CANDIDATE,HARD_GUARD,,HARD_GUARD,HOLD,NO_HARD_GUARD_CANDIDATE,,,,,,0,,,
A01987,6,A01987_6,A01987_6,"◇자동차·철강·기계 등 줄줄이 감소 지난달 반도체 수출은 작년보다 21.2% 늘어난 137억9000만달러(약 19조원)를 나타내, 월간 기준 역대 2위를 기록했다.",,indicator=SOURCE | value=SOURCE | unit=SOURCE | time=SOURCE | frequency=SOURCE | region=NOT_APPLICABLE | population=NOT_APPLICABLE | dimension=SOURCE | comparison=SOURCE | calculation=SOURCE | condition=SOURCE | source_hint=NOT_APPLICABLE,예,10,40,13,HOLD,HARD_GUARD,NO_HARD_GUARD_CANDIDATE,HARD_GUARD,,HARD_GUARD,HOLD,NO_HARD_GUARD_CANDIDATE,,,,,,0,,,
A01987,8,A01987_8,A01987_8,하지만 15대 주요 수출 품목 중 10종이 작년보다 줄어들어 전체 수출은 마이너스로 돌아섰다.,,indicator=SOURCE | value=SOURCE | unit=SOURCE | time=SOURCE | frequency=SOURCE | region=NOT_APPLICABLE | population=NOT_APPLICABLE | dimension=NOT_APPLICABLE | comparison=SOURCE | calculation=SOURCE | condition=SOURCE | source_hint=NOT_APPLICABLE,예,4,35,8,HOLD,HARD_GUARD,NO_HARD_GUARD_CANDIDATE,HARD_GUARD,,HARD_GUARD,HOLD,NO_HARD_GUARD_CANDIDATE,,,,,,0,,,
A02051,5,A02051_5,A02051_5,지난 3월엔 수입액(4194억달러)과 무역 적자(1383억달러) 모두 역대 최대를 기록했다.,,indicator=SOURCE | value=SOURCE | unit=SOURCE | time=SOURCE | frequency=SOURCE | region=NOT_APPLICABLE | population=NOT_APPLICABLE | dimension=NOT_APPLICABLE | comparison=SOURCE | calculation=SOURCE | condition=SOURCE | source_hint=NOT_APPLICABLE,예,1,39,15,HOLD,HARD_GUARD,NO_HARD_GUARD_CANDIDATE,HARD_GUARD,,HARD_GUARD,HOLD,NO_HARD_GUARD_CANDIDATE,,,,,,0,,,
A02065,4,A02065_4,A02065_4,"원·달러 환율(3개월 이동평균)은 작년 동기 대비 7.8% 올라, 소비자물가를 0.3%p 올렸다.",,indicator=SOURCE | value=SOURCE | unit=SOURCE | time=SOURCE | frequency=SOURCE | region=NOT_APPLICABLE | population=NOT_APPLICABLE | dimension=NOT_APPLICABLE | comparison=SOURCE | calculation=SOURCE | condition=SOURCE | source_hint=NOT_APPLICABLE,예,4,51,6,HOLD,HARD_GUARD,NO_HARD_GUARD_CANDIDATE,HARD_GUARD,,HARD_GUARD,HOLD,NO_HARD_GUARD_CANDIDATE,,,,,,0,,,
A02096,10,A02096_10,A02096_10,다만 지난 4월까지 1년2개월 연속 감소했던 도소매업 취업자는 지난달 1만8000명 늘어 증가세로 돌아섰다.,,indicator=SOURCE | value=SOURCE | unit=SOURCE | time=SOURCE | frequency=SOURCE | region=NOT_APPLICABLE | population=NOT_APPLICABLE | dimension=NOT_APPLICABLE | comparison=SOURCE | calculation=SOURCE | condition=SOURCE | source_hint=NOT_APPLICABLE,예,1,1,1,HOLD,HARD_GUARD,NO_HARD_GUARD_CANDIDATE,HARD_GUARD,,HARD_GUARD,HOLD,NO_HARD_GUARD_CANDIDATE,,,,,,0,,,
A02096,15,A02096_15,A02096_15,하지만 사회 초년생인 청년층 고용률은 46.2%로 전년 동월 대비 0.7%포인트 감소했다.,,indicator=SOURCE | value=SOURCE | unit=SOURCE | time=SOURCE | frequency=SOURCE | region=NOT_APPLICABLE | population=SOURCE | dimension=SOURCE | comparison=SOURCE | calculation=SOURCE | condition=SOURCE | source_hint=NOT_APPLICABLE,예,2,46,22,HOLD,HARD_GUARD,NO_HARD_GUARD_CANDIDATE,HARD_GUARD,,HARD_GUARD,HOLD,NO_HARD_GUARD_CANDIDATE,,,,,,0,,,
A02096,7,A02096_7,A02096_7,"건설 경기 불황으로 건설업 취업자도 10만6000명 줄어, 작년 5월 이후 1년1개월째 취업자가 줄었다.",,indicator=SOURCE | value=SOURCE | unit=SOURCE | time=SOURCE | frequency=SOURCE | region=SOURCE | population=NOT_APPLICABLE | dimension=SOURCE | comparison=SOURCE | calculation=SOURCE | condition=SOURCE | source_hint=NOT_APPLICABLE,예,4,20,8,HOLD,HARD_GUARD,NO_HARD_GUARD_CANDIDATE,HARD_GUARD,,HARD_GUARD,HOLD,NO_HARD_GUARD_CANDIDATE,,,,,,0,,,
A02106,12,A02106_12,A02106_12,우리나라도 트럼프 1기 행정부 당시 2015년부터 2017년까지 평균 수출 규모를 바탕으로 연 263만t까지 무관세 수출이 가능하도록 합의했었다.,,indicator=SOURCE | value=SOURCE | unit=SOURCE | time=SOURCE | frequency=SOURCE | region=SOURCE | population=NOT_APPLICABLE | dimension=NOT_APPLICABLE | comparison=NOT_APPLICABLE | calculation=SOURCE | condition=NOT_APPLICABLE | source_hint=NOT_APPLICABLE,예,4,35,13,HOLD,HARD_GUARD,NO_HARD_GUARD_CANDIDATE,HARD_GUARD,,HARD_GUARD,HOLD,NO_HARD_GUARD_CANDIDATE,,,,,,0,,,
A02111,10,A02111_10,A02111_10,"60세 이상 취업자 수는 2017년 청년층을 추월한 데 이어 2021년엔 30대, 작년엔 40대, 올 3월부터는 50대까지 차례로 제치고 1위가 됐다.",,indicator=SOURCE | value=SOURCE | unit=SOURCE | time=SOURCE | frequency=SOURCE | region=NOT_APPLICABLE | population=SOURCE | dimension=SOURCE | comparison=SOURCE | calculation=SOURCE | condition=SOURCE | source_hint=NOT_APPLICABLE,예,2,40,27,HOLD,HARD_GUARD,NO_HARD_GUARD_CANDIDATE,HARD_GUARD,,HARD_GUARD,HOLD,NO_HARD_GUARD_CANDIDATE,,,,,,0,,,
A02175,14,A02175_14,A02175_14,"관세 타격을 직접적으로 받은 대미 자동차 수출액은 전년 동기 대비 27.1% 감소한 것으로 나타나, 역대 다섯째로 높은 감소 폭을 보였다.",,indicator=SOURCE | value=SOURCE | unit=SOURCE | time=SOURCE | frequency=SOURCE | region=NOT_APPLICABLE | population=NOT_APPLICABLE | dimension=SOURCE | comparison=SOURCE | calculation=SOURCE | condition=SOURCE | source_hint=NOT_APPLICABLE,예,10,37,18,HOLD,HARD_GUARD,NO_HARD_GUARD_CANDIDATE,HARD_GUARD,,HARD_GUARD,HOLD,NO_HARD_GUARD_CANDIDATE,,,,,,0,,,
A02183,15,A02183_15,A02183_15,"한국은 올해 경제 성과 분야에서는 11위를 기록하며 전년(16위) 대비 5계단 올랐는데, 상품 수출 증가율(44→10위)이나 민간 서비스 수출 증가율(62→19위) 등에서 좋은 실적을 거둔 게 영향을 미쳤다.",,indicator=SOURCE | value=SOURCE | unit=SOURCE | time=SOURCE | frequency=SOURCE | region=SOURCE | population=NOT_APPLICABLE | dimension=MISSING | comparison=SOURCE | calculation=SOURCE | condition=SOURCE | source_hint=NOT_APPLICABLE,아니오,4,32,14,HOLD,HARD_GUARD,NO_HARD_GUARD_CANDIDATE,HARD_GUARD,,HARD_GUARD,HOLD,NO_HARD_GUARD_CANDIDATE,,,,,,0,,,
A02184,15,A02184_15,A02184_15,"지난 1분기 기준 30대 고졸 실업률은 4.2%인 반면, 대졸 이상은 2.4%에 그쳤다.",,indicator=SOURCE | value=SOURCE | unit=SOURCE | time=SOURCE | frequency=SOURCE | region=NOT_APPLICABLE | population=NOT_APPLICABLE | dimension=NOT_APPLICABLE | comparison=SOURCE | calculation=SOURCE | condition=SOURCE | source_hint=NOT_APPLICABLE,예,1,19,17,HOLD,HARD_GUARD,NO_HARD_GUARD_CANDIDATE,HARD_GUARD,,HARD_GUARD,HOLD,NO_HARD_GUARD_CANDIDATE,,,,,,0,,,
A02184,8,A02184_8,A02184_8,"지난 2003년부터 2022년까지 20년간 20대 후반의 실업률은 고졸이 대졸보다 높았는데, 지난 2023년부터 대졸 실업률(6.2%)이 고졸(5.2%)을 넘는 역전 현상이 발생했다.",,indicator=SOURCE | value=SOURCE | unit=SOURCE | time=SOURCE | frequency=SOURCE | region=NOT_APPLICABLE | population=NOT_APPLICABLE | dimension=NOT_APPLICABLE | comparison=SOURCE | calculation=SOURCE | condition=NOT_APPLICABLE | source_hint=NOT_APPLICABLE,예,1,19,6,HOLD,HARD_GUARD,NO_HARD_GUARD_CANDIDATE,HARD_GUARD,,HARD_GUARD,HOLD,NO_HARD_GUARD_CANDIDATE,,,,,,0,,,
A02202,10,A02202_10,A02202_10,"60세 이상 1인 가구는 지난해 296만4000가구로 전년 대비 26만4000가구가 늘었고, 50~59세 1인 가구도 7만1000가구가 늘었다.",,indicator=SOURCE | value=SOURCE | unit=SOURCE | time=SOURCE | frequency=SOURCE | region=NOT_APPLICABLE | population=SOURCE | dimension=SOURCE | comparison=SOURCE | calculation=SOURCE | condition=SOURCE | source_hint=NOT_APPLICABLE,예,2,36,25,HOLD,HARD_GUARD,NO_HARD_GUARD_CANDIDATE,HARD_GUARD,,HARD_GUARD,HOLD,NO_HARD_GUARD_CANDIDATE,,,,,,0,,,
A02253,15,A02253_15,A02253_15,대미 수출이 급증한 덕에 아일랜드는 1분기(1~3월)에 9.7% 성장했다.,,indicator=SOURCE | value=SOURCE | unit=SOURCE | time=SOURCE | frequency=SOURCE | region=NOT_APPLICABLE | population=NOT_APPLICABLE | dimension=SOURCE | comparison=NOT_APPLICABLE | calculation=SOURCE | condition=NOT_APPLICABLE | source_hint=NOT_APPLICABLE,예,6,18,5,HOLD,HARD_GUARD,NO_HARD_GUARD_CANDIDATE,HARD_GUARD,,HARD_GUARD,HOLD,NO_HARD_GUARD_CANDIDATE,,,,,,0,,,
A02282,18,A02282_18,A02282_18,상대적으로 인구가 많은 1990년... 1월 출생아 11.6% 역대 최대폭 증가...'제2 에코붐' 90년대생 효과 올해 첫 달 출생아가 전년 동월 대비 11.6% 늘어나며 1월 기준 사상 최대 증가폭을 보였다.,,indicator=SOURCE | value=SOURCE | unit=SOURCE | time=SOURCE | frequency=SOURCE | region=NOT_APPLICABLE | population=NOT_APPLICABLE | dimension=NOT_APPLICABLE | comparison=SOURCE | calculation=SOURCE | condition=SOURCE | source_hint=NOT_APPLICABLE,예,1,43,10,HOLD,HARD_GUARD,NO_HARD_GUARD_CANDIDATE,HARD_GUARD,,HARD_GUARD,HOLD,NO_HARD_GUARD_CANDIDATE,,,,,,0,,,
A02282,4,A02282_4,A02282_4,"25일 통계청이 발표한 ‘4월 인구 동향’에 따르면, 지난 4월 출생아 수는 2만717명으로 전년 같은 달 대비 8.7%가 증가했다.",,indicator=SOURCE | value=SOURCE | unit=SOURCE | time=SOURCE | frequency=SOURCE | region=NOT_APPLICABLE | population=NOT_APPLICABLE | dimension=NOT_APPLICABLE | comparison=SOURCE | calculation=SOURCE | condition=SOURCE | source_hint=SOURCE,예,1,43,17,HOLD,HARD_GUARD,NO_HARD_GUARD_CANDIDATE,HARD_GUARD,,HARD_GUARD,HOLD,NO_HARD_GUARD_CANDIDATE,,,,,,0,,,
A02291,10,A02291_10,A02291_10,"올해 1분기 광업 및 제조업 생산을 보면, 충청권(1.6%)과 부산·울산·경남 지역인 동남권(1.2%)은 반도체·전자부품, 자동차 등의 생산이 늘면서 증가했다.",,indicator=SOURCE | value=SOURCE | unit=SOURCE | time=SOURCE | frequency=SOURCE | region=SOURCE | population=NOT_APPLICABLE | dimension=SOURCE | comparison=SOURCE | calculation=SOURCE | condition=SOURCE | source_hint=NOT_APPLICABLE,예,10,61,13,HOLD,HARD_GUARD,NO_HARD_GUARD_CANDIDATE,HARD_GUARD,,HARD_GUARD,HOLD,NO_HARD_GUARD_CANDIDATE,,,,,,0,,,
A02291,8,A02291_8,A02291_8,"반면, 광업과 제조업, 건설업의 생산이 감소했던 대구(-3.9%)는 전년 동기 대비 지역내총생산 성장률이 가장 낮았다.",,indicator=SOURCE | value=SOURCE | unit=SOURCE | time=SOURCE | frequency=SOURCE | region=SOURCE | population=NOT_APPLICABLE | dimension=SOURCE | comparison=SOURCE | calculation=SOURCE | condition=SOURCE | source_hint=NOT_APPLICABLE,예,5,49,27,HOLD,HARD_GUARD,NO_HARD_GUARD_CANDIDATE,HARD_GUARD,,HARD_GUARD,HOLD,NO_HARD_GUARD_CANDIDATE,,,,,,0,,,
A02292,15,A02292_15,A02292_15,대표적인 수입 분유인 네덜란드산 분유 브랜드 압타밀(Aptamil)은 지난달 19일 일부 제품 가격을 약 5% 인상했다.,,indicator=SOURCE | value=SOURCE | unit=SOURCE | time=SOURCE | frequency=SOURCE | region=NOT_APPLICABLE | population=NOT_APPLICABLE | dimension=NOT_APPLICABLE | comparison=NOT_APPLICABLE | calculation=SOURCE | condition=NOT_APPLICABLE | source_hint=NOT_APPLICABLE,예,1,27,19,HOLD,HARD_GUARD,NO_HARD_GUARD_CANDIDATE,HARD_GUARD,,HARD_GUARD,HOLD,NO_HARD_GUARD_CANDIDATE,,,,,,0,,,
A02343,4,A02343_4,A02343_4,산업 생산은 지난 4월(-0.8%) 이후 두 달 연속 마이너스다.,,indicator=SOURCE | value=SOURCE | unit=SOURCE | time=SOURCE | frequency=SOURCE | region=NOT_APPLICABLE | population=NOT_APPLICABLE | dimension=NOT_APPLICABLE | comparison=NOT_APPLICABLE | calculation=SOURCE | condition=SOURCE | source_hint=NOT_APPLICABLE,예,2,27,8,HOLD,HARD_GUARD,NO_HARD_GUARD_CANDIDATE,HARD_GUARD,,HARD_GUARD,HOLD,NO_HARD_GUARD_CANDIDATE,,,,,,0,,,
A02350,6,A02350_6,A02350_6,15대 품목 중 10개 품목은 2분기보다 수출 여건이 악화될 것으로 조사됐다.,,indicator=SOURCE | value=SOURCE | unit=SOURCE | time=SOURCE | frequency=SOURCE | region=NOT_APPLICABLE | population=NOT_APPLICABLE | dimension=NOT_APPLICABLE | comparison=SOURCE | calculation=SOURCE | condition=NOT_APPLICABLE | source_hint=NOT_APPLICABLE,예,4,39,15,HOLD,HARD_GUARD,NO_HARD_GUARD_CANDIDATE,HARD_GUARD,,HARD_GUARD,HOLD,NO_HARD_GUARD_CANDIDATE,,,,,,0,,,
A02366,7,A02366_7,A02366_7,15대 수출 품목 중 10개가 2분기보다 수출 여건이 악화할 것으로 조사됐다.,,indicator=SOURCE | value=SOURCE | unit=SOURCE | time=SOURCE | frequency=SOURCE | region=NOT_APPLICABLE | population=NOT_APPLICABLE | dimension=NOT_APPLICABLE | comparison=SOURCE | calculation=SOURCE | condition=NOT_APPLICABLE | source_hint=NOT_APPLICABLE,예,4,30,24,HOLD,HARD_GUARD,NO_HARD_GUARD_CANDIDATE,HARD_GUARD,,HARD_GUARD,HOLD,NO_HARD_GUARD_CANDIDATE,,,,,,0,,,
A02375,20,A02375_20,A02375_20,지난달 달걀 물가 상승률은 2020년말 발생한 조류인플루엔저(AI) 방역에 따른 대규모 살처분 여파로 계란값이 15.8% 올랐던 2022년 1월 이후 3년 5개월 만에 가장 높다.,,indicator=SOURCE | value=SOURCE | unit=SOURCE | time=SOURCE | frequency=SOURCE | region=NOT_APPLICABLE | population=NOT_APPLICABLE | dimension=SOURCE | comparison=SOURCE | calculation=SOURCE | condition=SOURCE | source_hint=NOT_APPLICABLE,예,5,46,5,HOLD,HARD_GUARD,NO_HARD_GUARD_CANDIDATE,HARD_GUARD,,HARD_GUARD,HOLD,NO_HARD_GUARD_CANDIDATE,,,,,,0,,,
A02385,32,A02385_32,A02385_32,라면에 계란을 풀어 파는 외식 라면 물가도 지난달 4%나 뛰었다.,,indicator=SOURCE | value=SOURCE | unit=SOURCE | time=SOURCE | frequency=SOURCE | region=NOT_APPLICABLE | population=NOT_APPLICABLE | dimension=SOURCE | comparison=NOT_APPLICABLE | calculation=SOURCE | condition=NOT_APPLICABLE | source_hint=NOT_APPLICABLE,예,5,30,29,HOLD,HARD_GUARD,NO_HARD_GUARD_CANDIDATE,HARD_GUARD,,HARD_GUARD,HOLD,NO_HARD_GUARD_CANDIDATE,,,,,,0,,,
A02385,9,A02385_9,A02385_9,지난달 계란 물가는 1년 전 대비 6% 올랐다.,,indicator=SOURCE | value=SOURCE | unit=SOURCE | time=SOURCE | frequency=SOURCE | region=NOT_APPLICABLE | population=NOT_APPLICABLE | dimension=SOURCE | comparison=SOURCE | calculation=SOURCE | condition=MISSING | source_hint=NOT_APPLICABLE,아니오,5,25,10,HOLD,HARD_GUARD,NO_HARD_GUARD_CANDIDATE,HARD_GUARD,,HARD_GUARD,HOLD,NO_HARD_GUARD_CANDIDATE,,,,,,0,,,
A02388,5,A02388_5,A02388_5,5000만 달러 이상의 수출 실적을 보인 가공식품 중 지난해 대비 수출 증가율이 가장 큰 상위 품목은 라면(24.0%)이었다.,,indicator=SOURCE | value=SOURCE | unit=SOURCE | time=SOURCE | frequency=SOURCE | region=NOT_APPLICABLE | population=NOT_APPLICABLE | dimension=NOT_APPLICABLE | comparison=SOURCE | calculation=SOURCE | condition=SOURCE | source_hint=NOT_APPLICABLE,예,4,35,10,HOLD,HARD_GUARD,NO_HARD_GUARD_CANDIDATE,HARD_GUARD,,HARD_GUARD,HOLD,NO_HARD_GUARD_CANDIDATE,,,,,,0,,,
A02450,11,A02450_11,A02450_11,한국의 경우 2000년 10월~2023년 11월 자료를 분석해 보니 GDP 대비 정부 부채 비율이 1%포인트 증가할 경우 약 1년 뒤 소비자물가가 0.1~0.15%포인트 오르는 경향이 있었다.” ―경기 진작 효과와 물가 상승 부작용 중 어떤 게 더 큰가?,,indicator=SOURCE | value=SOURCE | unit=SOURCE | time=SOURCE | frequency=SOURCE | region=SOURCE | population=NOT_APPLICABLE | dimension=NOT_APPLICABLE | comparison=SOURCE | calculation=SOURCE | condition=SOURCE | source_hint=NOT_APPLICABLE,예,4,14,8,HOLD,HARD_GUARD,NO_HARD_GUARD_CANDIDATE,HARD_GUARD,,HARD_GUARD,HOLD,NO_HARD_GUARD_CANDIDATE,,,,,,0,,,
A02491,8,A02491_8,A02491_8,1~10일 반도체 수출액은 전년 동기 대비 12.8% 증가한 38억2800만달러로 집계됐다.,,indicator=SOURCE | value=SOURCE | unit=SOURCE | time=SOURCE | frequency=SOURCE | region=NOT_APPLICABLE | population=NOT_APPLICABLE | dimension=SOURCE | comparison=SOURCE | calculation=SOURCE | condition=SOURCE | source_hint=NOT_APPLICABLE,예,6,31,18,HOLD,HARD_GUARD,NO_HARD_GUARD_CANDIDATE,HARD_GUARD,,HARD_GUARD,HOLD,NO_HARD_GUARD_CANDIDATE,,,,,,0,,,
A02491,9,A02491_9,A02491_9,반도체 수출 비율은 19.7%로 지난해 같은 기간보다 0.6%포인트 상승했다.,,indicator=SOURCE | value=SOURCE | unit=SOURCE | time=SOURCE | frequency=SOURCE | region=NOT_APPLICABLE | population=NOT_APPLICABLE | dimension=SOURCE | comparison=SOURCE | calculation=SOURCE | condition=SOURCE | source_hint=NOT_APPLICABLE,예,6,34,17,HOLD,HARD_GUARD,NO_HARD_GUARD_CANDIDATE,HARD_GUARD,,HARD_GUARD,HOLD,NO_HARD_GUARD_CANDIDATE,,,,,,0,,,
A02494,17,A02494_17,A02494_17,지난 4월부터 25% 관세가 붙고 있는 자동차 부문은 지난해 같은 기간 GM한국의 파업으로 자동차 대미 수출이 급감했던 데 따른 ‘착시 효과’가 더해졌다는 분석이 나온다.,,indicator=SOURCE | value=SOURCE | unit=SOURCE | time=SOURCE | frequency=SOURCE | region=SOURCE | population=NOT_APPLICABLE | dimension=SOURCE | comparison=NOT_APPLICABLE | calculation=SOURCE | condition=NOT_APPLICABLE | source_hint=NOT_APPLICABLE,예,10,19,6,HOLD,HARD_GUARD,NO_HARD_GUARD_CANDIDATE,HARD_GUARD,,HARD_GUARD,HOLD,NO_HARD_GUARD_CANDIDATE,,,,,,0,,,
A02539,4,A02539_4,A02539_4,테슬라는 지난 5월에는 국내 시장 진출 8년 만에 처음으로 수입차 월간 판매 1위를 기록하기도 했다.,,indicator=SOURCE | value=SOURCE | unit=SOURCE | time=SOURCE | frequency=SOURCE | region=SOURCE | population=NOT_APPLICABLE | dimension=MISSING | comparison=NOT_APPLICABLE | calculation=SOURCE | condition=SOURCE | source_hint=NOT_APPLICABLE,아니오,1,20,13,HOLD,HARD_GUARD,NO_HARD_GUARD_CANDIDATE,HARD_GUARD,,HARD_GUARD,HOLD,NO_HARD_GUARD_CANDIDATE,,,,,,0,,,
A02554,11,A02554_11,A02554_11,530e(xDrive 포함)는 올 상반기에 작년 동기(389대) 대비 4배가량 급증한 1512대가 판매되며 수입차 PHEV 1위에 올랐다.,,indicator=SOURCE | value=SOURCE | unit=SOURCE | time=SOURCE | frequency=SOURCE | region=NOT_APPLICABLE | population=NOT_APPLICABLE | dimension=MISSING | comparison=SOURCE | calculation=SOURCE | condition=SOURCE | source_hint=NOT_APPLICABLE,아니오,1,20,14,HOLD,HARD_GUARD,NO_HARD_GUARD_CANDIDATE,HARD_GUARD,,HARD_GUARD,HOLD,NO_HARD_GUARD_CANDIDATE,,,,,,0,,,
A02558,12,A02558_12,A02558_12,제조업 취업자 수는 작년 7월(-1만1000명)부터 1년 연속으로 감소세를 이어가고 있다.,,indicator=SOURCE | value=SOURCE | unit=SOURCE | time=SOURCE | frequency=SOURCE | region=NOT_APPLICABLE | population=NOT_APPLICABLE | dimension=SOURCE | comparison=NOT_APPLICABLE | calculation=SOURCE | condition=SOURCE | source_hint=NOT_APPLICABLE,예,2,59,16,HOLD,HARD_GUARD,NO_HARD_GUARD_CANDIDATE,HARD_GUARD,,HARD_GUARD,HOLD,NO_HARD_GUARD_CANDIDATE,,,,,,0,,,
A02558,14,A02558_14,A02558_14,지난달 건설업 취업자 수도 196만명으로 전년 동월 대비 9만7000명 감소하며 200만명을 밑돌았다.,,indicator=SOURCE | value=SOURCE | unit=SOURCE | time=SOURCE | frequency=SOURCE | region=NOT_APPLICABLE | population=NOT_APPLICABLE | dimension=SOURCE | comparison=SOURCE | calculation=SOURCE | condition=SOURCE | source_hint=NOT_APPLICABLE,예,2,40,13,HOLD,HARD_GUARD,NO_HARD_GUARD_CANDIDATE,HARD_GUARD,,HARD_GUARD,HOLD,NO_HARD_GUARD_CANDIDATE,,,,,,0,,,
A02558,17,A02558_17,A02558_17,지난달 15~29세 고용률은 45.6%로 전년 동월 대비 1%포인트 하락했다.,,indicator=SOURCE | value=SOURCE | unit=SOURCE | time=SOURCE | frequency=SOURCE | region=NOT_APPLICABLE | population=NOT_APPLICABLE | dimension=SOURCE | comparison=SOURCE | calculation=SOURCE | condition=SOURCE | source_hint=NOT_APPLICABLE,예,2,20,4,HOLD,HARD_GUARD,NO_HARD_GUARD_CANDIDATE,HARD_GUARD,,HARD_GUARD,HOLD,NO_HARD_GUARD_CANDIDATE,,,,,,0,,,
A02558,18,A02558_18,A02558_18,청년층 고용률은 작년 5월(-0.7%포인트)부터 1년 넘게 감소세를 이어가고 있다.,,indicator=SOURCE | value=SOURCE | unit=SOURCE | time=SOURCE | frequency=SOURCE | region=NOT_APPLICABLE | population=SOURCE | dimension=SOURCE | comparison=NOT_APPLICABLE | calculation=SOURCE | condition=SOURCE | source_hint=NOT_APPLICABLE,예,2,20,8,HOLD,HARD_GUARD,NO_HARD_GUARD_CANDIDATE,HARD_GUARD,,HARD_GUARD,HOLD,NO_HARD_GUARD_CANDIDATE,,,,,,0,,,
A02558,21,A02558_21,A02558_21,지난달 비경제활동인구 중 활동 상태를 ‘쉬었음’이라고 응답한 20대는 39만6000명으로 전년 동월 대비 2000명 늘었다.,,indicator=SOURCE | value=SOURCE | unit=SOURCE | time=SOURCE | frequency=SOURCE | region=NOT_APPLICABLE | population=NOT_APPLICABLE | dimension=NOT_APPLICABLE | comparison=SOURCE | calculation=SOURCE | condition=NOT_APPLICABLE | source_hint=NOT_APPLICABLE,예,1,10,2,HOLD,HARD_GUARD,NO_HARD_GUARD_CANDIDATE,HARD_GUARD,,HARD_GUARD,HOLD,NO_HARD_GUARD_CANDIDATE,,,,,,0,,,
A02558,9,A02558_9,A02558_9,고령 돌봄 수요 확대 등에 따라 지난달 보건·사회복지서비스업 취업자 수는 323만4000명으로 전년 동월 대비 21만6000명 증가했다.,,indicator=SOURCE | value=SOURCE | unit=SOURCE | time=SOURCE | frequency=SOURCE | region=NOT_APPLICABLE | population=NOT_APPLICABLE | dimension=SOURCE | comparison=SOURCE | calculation=SOURCE | condition=SOURCE | source_hint=NOT_APPLICABLE,예,2,55,20,HOLD,HARD_GUARD,NO_HARD_GUARD_CANDIDATE,HARD_GUARD,,HARD_GUARD,HOLD,NO_HARD_GUARD_CANDIDATE,,,,,,0,,,
A02564,5,A02564_5,A02564_5,"법인세 수입은 지난 2022년 103조5700억원에서 2023년 80조4200억원으로 줄었고, 2024년에는 62조5000억원까지 감소했다.",,indicator=SOURCE | value=SOURCE | unit=SOURCE | time=SOURCE | frequency=SOURCE | region=NOT_APPLICABLE | population=NOT_APPLICABLE | dimension=NOT_APPLICABLE | comparison=SOURCE | calculation=SOURCE | condition=SOURCE | source_hint=NOT_APPLICABLE,예,1,24,16,HOLD,HARD_GUARD,NO_HARD_GUARD_CANDIDATE,HARD_GUARD,,HARD_GUARD,HOLD,NO_HARD_GUARD_CANDIDATE,,,,,,0,,,
A02569,10,A02569_10,A02569_10,"건설 경기 불황으로 건설업 취업자도 9만7000명 줄어, 작년 5월 이후 1년 2개월째 감소세다.",,indicator=SOURCE | value=SOURCE | unit=SOURCE | time=SOURCE | frequency=SOURCE | region=SOURCE | population=NOT_APPLICABLE | dimension=SOURCE | comparison=SOURCE | calculation=SOURCE | condition=SOURCE | source_hint=NOT_APPLICABLE,예,4,20,8,HOLD,HARD_GUARD,NO_HARD_GUARD_CANDIDATE,HARD_GUARD,,HARD_GUARD,HOLD,NO_HARD_GUARD_CANDIDATE,,,,,,0,,,
A02569,30,A02569_30,A02569_30,지난달 쉬었음 인구는 243만4000명으로 1년 전 대비 6만명 늘었다.,,indicator=SOURCE | value=SOURCE | unit=SOURCE | time=SOURCE | frequency=SOURCE | region=NOT_APPLICABLE | population=NOT_APPLICABLE | dimension=NOT_APPLICABLE | comparison=SOURCE | calculation=SOURCE | condition=MISSING | source_hint=NOT_APPLICABLE,아니오,1,2,2,HOLD,HARD_GUARD,NO_HARD_GUARD_CANDIDATE,HARD_GUARD,,HARD_GUARD,HOLD,NO_HARD_GUARD_CANDIDATE,,,,,,0,,,
A02569,6,A02569_6,A02569_6,하지만 전체 취업자의 15% 이상을 차지하는 취업자 수 1위 업종인 제조업 분야는 전년 동월 대비 8만3000명 줄었다.,,indicator=SOURCE | value=SOURCE | unit=SOURCE | time=SOURCE | frequency=SOURCE | region=NOT_APPLICABLE | population=NOT_APPLICABLE | dimension=SOURCE | comparison=SOURCE | calculation=SOURCE | condition=SOURCE | source_hint=NOT_APPLICABLE,예,2,40,20,HOLD,HARD_GUARD,NO_HARD_GUARD_CANDIDATE,HARD_GUARD,,HARD_GUARD,HOLD,NO_HARD_GUARD_CANDIDATE,,,,,,0,,,
A02584,11,A02584_11,A02584_11,"6월 수출된 친환경차는 총 7만5706대로, 작년보다 23.1% 증가했다.",,indicator=SOURCE | value=SOURCE | unit=SOURCE | time=SOURCE | frequency=SOURCE | region=NOT_APPLICABLE | population=NOT_APPLICABLE | dimension=SOURCE | comparison=SOURCE | calculation=SOURCE | condition=SOURCE | source_hint=NOT_APPLICABLE,예,6,17,10,HOLD,HARD_GUARD,NO_HARD_GUARD_CANDIDATE,HARD_GUARD,,HARD_GUARD,HOLD,NO_HARD_GUARD_CANDIDATE,,,,,,0,,,
A02584,12,A02584_12,A02584_12,친환경차 중 전기차 수출도 지난달 21.4% 늘어난 2만2325대를 기록했다.,,indicator=SOURCE | value=SOURCE | unit=SOURCE | time=SOURCE | frequency=SOURCE | region=NOT_APPLICABLE | population=NOT_APPLICABLE | dimension=SOURCE | comparison=SOURCE | calculation=SOURCE | condition=SOURCE | source_hint=NOT_APPLICABLE,예,6,16,16,HOLD,HARD_GUARD,NO_HARD_GUARD_CANDIDATE,HARD_GUARD,,HARD_GUARD,HOLD,NO_HARD_GUARD_CANDIDATE,,,,,,0,,,
A02584,14,A02584_14,A02584_14,지난 5월 초부터 대미 관세 25%가 적용 중인 자동차 부품 수출액도 전년 동월 대비 2.5% 증가한 18억달러로 집계됐다.,,indicator=SOURCE | value=SOURCE | unit=SOURCE | time=SOURCE | frequency=SOURCE | region=NOT_APPLICABLE | population=NOT_APPLICABLE | dimension=SOURCE | comparison=SOURCE | calculation=SOURCE | condition=SOURCE | source_hint=NOT_APPLICABLE,예,10,25,17,HOLD,HARD_GUARD,NO_HARD_GUARD_CANDIDATE,HARD_GUARD,,HARD_GUARD,HOLD,NO_HARD_GUARD_CANDIDATE,,,,,,0,,,
A02584,8,A02584_8,A02584_8,대미 자동차 수출액은 트럼프 행정부가 자동차 관세 25% 방침을 발표한 지난 3월부터 4개월 연속 감소했다.,,indicator=SOURCE | value=SOURCE | unit=SOURCE | time=SOURCE | frequency=SOURCE | region=NOT_APPLICABLE | population=NOT_APPLICABLE | dimension=SOURCE | comparison=SOURCE | calculation=SOURCE | condition=SOURCE | source_hint=NOT_APPLICABLE,예,10,17,8,HOLD,HARD_GUARD,NO_HARD_GUARD_CANDIDATE,HARD_GUARD,,HARD_GUARD,HOLD,NO_HARD_GUARD_CANDIDATE,,,,,,0,,,
A02604,1,A02604_1,A02604_1,"쌀과 빵, 커피, 달걀 등 먹거리 물가가 뛰면서 지난달 소비자 물가 상승률이 2달 만에 다시 2%대로 올라섰다.",,indicator=SOURCE | value=SOURCE | unit=SOURCE | time=SOURCE | frequency=SOURCE | region=NOT_APPLICABLE | population=NOT_APPLICABLE | dimension=SOURCE | comparison=MISSING | calculation=SOURCE | condition=SOURCE | source_hint=NOT_APPLICABLE,아니오,7,63,33,HOLD,HARD_GUARD,NO_HARD_GUARD_CANDIDATE,HARD_GUARD,,HARD_GUARD,HOLD,NO_HARD_GUARD_CANDIDATE,,,,,,0,,,
A02605,13,A02605_13,A02605_13,◇ 달걀 9.2%↑… 축산·수산물 가격 강세 9월 농축수산물 물가는 전년 동월 대비 1.9% 올랐다.,,indicator=SOURCE | value=SOURCE | unit=SOURCE | time=SOURCE | frequency=SOURCE | region=NOT_APPLICABLE | population=NOT_APPLICABLE | dimension=NOT_APPLICABLE | comparison=SOURCE | calculation=SOURCE | condition=NOT_APPLICABLE | source_hint=NOT_APPLICABLE,예,3,20,7,HOLD,HARD_GUARD,NO_HARD_GUARD_CANDIDATE,HARD_GUARD,,HARD_GUARD,HOLD,NO_HARD_GUARD_CANDIDATE,,,,,,0,,,
A02609,7,A02609_7,A02609_7,국가데이터처가 지난 2일 발표한 '9월 소비자물가 동향'에 따르면 쌀 소비자물가는 지난해 같은 달보다 15.9% 올랐다.,,indicator=SOURCE | value=SOURCE | unit=SOURCE | time=SOURCE | frequency=SOURCE | region=NOT_APPLICABLE | population=NOT_APPLICABLE | dimension=SOURCE | comparison=NOT_APPLICABLE | calculation=SOURCE | condition=NOT_APPLICABLE | source_hint=NOT_APPLICABLE,예,7,62,32,HOLD,HARD_GUARD,NO_HARD_GUARD_CANDIDATE,HARD_GUARD,,HARD_GUARD,HOLD,NO_HARD_GUARD_CANDIDATE,,,,,,0,,,
A02624,7,A02624_7,A02624_7,20대 인구는 2020년 703만명을 기록한 후 4년 연속 감소세다.,,indicator=SOURCE | value=SOURCE | unit=SOURCE | time=SOURCE | frequency=SOURCE | region=NOT_APPLICABLE | population=NOT_APPLICABLE | dimension=NOT_APPLICABLE | comparison=SOURCE | calculation=SOURCE | condition=SOURCE | source_hint=NOT_APPLICABLE,예,1,2,2,HOLD,HARD_GUARD,NO_HARD_GUARD_CANDIDATE,HARD_GUARD,,HARD_GUARD,HOLD,NO_HARD_GUARD_CANDIDATE,,,,,,0,,,
A02633,10,A02633_10,A02633_10,"특히 50대는 작년까지는 계속해서 매달 취업자 수가 전년대비 증가했는데, 올해 들어 1월부터는 9개월 연속 전년대비 감소하는 모습을 보이고 있다.",,indicator=SOURCE | value=SOURCE | unit=SOURCE | time=SOURCE | frequency=SOURCE | region=NOT_APPLICABLE | population=NOT_APPLICABLE | dimension=NOT_APPLICABLE | comparison=SOURCE | calculation=SOURCE | condition=SOURCE | source_hint=NOT_APPLICABLE,예,1,1,1,HOLD,HARD_GUARD,NO_HARD_GUARD_CANDIDATE,HARD_GUARD,,HARD_GUARD,HOLD,NO_HARD_GUARD_CANDIDATE,,,,,,0,,,
A02638,3,A02638_3,A02638_3,"17일 국가데이터처의 ‘9월 고용 동향’에 따르면, 지난달 20대 취업자는 343만5000명으로 지난해 9월(356만9000명)보다 13만4000명 줄었다.",,indicator=SOURCE | value=SOURCE | unit=SOURCE | time=SOURCE | frequency=SOURCE | region=NOT_APPLICABLE | population=NOT_APPLICABLE | dimension=NOT_APPLICABLE | comparison=SOURCE | calculation=SOURCE | condition=NOT_APPLICABLE | source_hint=NOT_APPLICABLE,예,1,1,1,HOLD,HARD_GUARD,NO_HARD_GUARD_CANDIDATE,HARD_GUARD,,HARD_GUARD,HOLD,NO_HARD_GUARD_CANDIDATE,,,,,,0,,,
A02638,5,A02638_5,A02638_5,20대 취업자 수는 2022년 11월(-4000명) 이후 2년 11개월 연속 줄어들고 있다.,,indicator=SOURCE | value=SOURCE | unit=SOURCE | time=SOURCE | frequency=SOURCE | region=NOT_APPLICABLE | population=NOT_APPLICABLE | dimension=NOT_APPLICABLE | comparison=SOURCE | calculation=SOURCE | condition=SOURCE | source_hint=NOT_APPLICABLE,예,1,1,1,HOLD,HARD_GUARD,NO_HARD_GUARD_CANDIDATE,HARD_GUARD,,HARD_GUARD,HOLD,NO_HARD_GUARD_CANDIDATE,,,,,,0,,,
A02638,7,A02638_7,A02638_7,지난달 20대 고용률은 60.7%로 전체 고용률(63.7%)보다 3%포인트 낮았다.,,indicator=SOURCE | value=SOURCE | unit=SOURCE | time=SOURCE | frequency=SOURCE | region=NOT_APPLICABLE | population=NOT_APPLICABLE | dimension=NOT_APPLICABLE | comparison=SOURCE | calculation=SOURCE | condition=NOT_APPLICABLE | source_hint=NOT_APPLICABLE,예,1,29,7,HOLD,HARD_GUARD,NO_HARD_GUARD_CANDIDATE,HARD_GUARD,,HARD_GUARD,HOLD,NO_HARD_GUARD_CANDIDATE,,,,,,0,,,
A02638,9,A02638_9,A02638_9,20대 고용률은 지난해 9월(-0.2%포인트) 이후 13개월 연속 오르지 못하고 있다.,,indicator=SOURCE | value=SOURCE | unit=SOURCE | time=SOURCE | frequency=SOURCE | region=NOT_APPLICABLE | population=NOT_APPLICABLE | dimension=NOT_APPLICABLE | comparison=SOURCE | calculation=SOURCE | condition=NOT_APPLICABLE | source_hint=NOT_APPLICABLE,예,1,29,6,HOLD,HARD_GUARD,NO_HARD_GUARD_CANDIDATE,HARD_GUARD,,HARD_GUARD,HOLD,NO_HARD_GUARD_CANDIDATE,,,,,,0,,,
A02639,9,A02639_9,A02639_9,지난달에는 민생회복 소비쿠폰 효과로 취업자 수가 30만명 넘게 늘었지만 주로 단기직에 집중되면서 청년층은 오히려 14만6000명 감소했다.,,indicator=SOURCE | value=SOURCE | unit=SOURCE | time=SOURCE | frequency=SOURCE | region=NOT_APPLICABLE | population=SOURCE | dimension=SOURCE | comparison=SOURCE | calculation=SOURCE | condition=SOURCE | source_hint=NOT_APPLICABLE,예,2,39,4,HOLD,HARD_GUARD,NO_HARD_GUARD_CANDIDATE,HARD_GUARD,,HARD_GUARD,HOLD,NO_HARD_GUARD_CANDIDATE,,,,,,0,,,
A02647,8,A02647_8,A02647_8,성별로는 남자 비정규직이 365만 명으로 전년동월대비 3만 5000명 증가했다.,,indicator=SOURCE | value=SOURCE | unit=SOURCE | time=SOURCE | frequency=SOURCE | region=NOT_APPLICABLE | population=NOT_APPLICABLE | dimension=NOT_APPLICABLE | comparison=SOURCE | calculation=SOURCE | condition=SOURCE | source_hint=NOT_APPLICABLE,예,3,34,14,HOLD,HARD_GUARD,NO_HARD_GUARD_CANDIDATE,HARD_GUARD,,HARD_GUARD,HOLD,NO_HARD_GUARD_CANDIDATE,,,,,,0,,,
A02656,11,A02656_11,A02656_11,취업자 수가 31만2000명 증가한 지난 9월 보건업 및 사회복지 서비스업에서는 30만4000명이 늘었다.,,indicator=SOURCE | value=SOURCE | unit=SOURCE | time=SOURCE | frequency=SOURCE | region=NOT_APPLICABLE | population=NOT_APPLICABLE | dimension=SOURCE | comparison=SOURCE | calculation=SOURCE | condition=SOURCE | source_hint=NOT_APPLICABLE,예,2,39,15,HOLD,HARD_GUARD,NO_HARD_GUARD_CANDIDATE,HARD_GUARD,,HARD_GUARD,HOLD,NO_HARD_GUARD_CANDIDATE,,,,,,0,,,
A02656,14,A02656_14,A02656_14,상대적으로 부진했던 1월과 5월에도 전체 산업 취업자의 전년 대비 증가분 90%가량은 보건업 및 사회복지 서비스업이었다.,,indicator=SOURCE | value=SOURCE | unit=SOURCE | time=SOURCE | frequency=SOURCE | region=NOT_APPLICABLE | population=NOT_APPLICABLE | dimension=SOURCE | comparison=SOURCE | calculation=SOURCE | condition=SOURCE | source_hint=NOT_APPLICABLE,예,2,20,10,HOLD,HARD_GUARD,NO_HARD_GUARD_CANDIDATE,HARD_GUARD,,HARD_GUARD,HOLD,NO_HARD_GUARD_CANDIDATE,,,,,,0,,,
A02656,27,A02656_27,A02656_27,조사 시점을 기준으로 최근 3개월간 비거주 복지시설 운영업 취업자의 평균 임금은 125만원이다.,,indicator=SOURCE | value=SOURCE | unit=SOURCE | time=SOURCE | frequency=SOURCE | region=NOT_APPLICABLE | population=NOT_APPLICABLE | dimension=NOT_APPLICABLE | comparison=SOURCE | calculation=SOURCE | condition=NOT_APPLICABLE | source_hint=NOT_APPLICABLE,예,1,1,1,HOLD,HARD_GUARD,NO_HARD_GUARD_CANDIDATE,HARD_GUARD,,HARD_GUARD,HOLD,NO_HARD_GUARD_CANDIDATE,,,,,,0,,,
A02656,5,A02656_5,A02656_5,1분기 우리나라 실질 국내총생산은 0.2% 뒷걸음질 쳤다.,,indicator=SOURCE | value=SOURCE | unit=SOURCE | time=SOURCE | frequency=SOURCE | region=SOURCE | population=NOT_APPLICABLE | dimension=NOT_APPLICABLE | comparison=NOT_APPLICABLE | calculation=SOURCE | condition=NOT_APPLICABLE | source_hint=NOT_APPLICABLE,예,2,14,7,HOLD,HARD_GUARD,NO_HARD_GUARD_CANDIDATE,HARD_GUARD,,HARD_GUARD,HOLD,NO_HARD_GUARD_CANDIDATE,,,,,,0,,,
A02680,2,A02680_2,A02680_2,"3일 국가데이터처의 경제활동인구조사 마이크로데이터를 분석한 결과에 따르면, 지난 9월 기준 국내 부업자 수는 67만9367명으로 지난해 9월(65만5475명)보다 2만4000명가량 늘었다.",,indicator=SOURCE | value=SOURCE | unit=SOURCE | time=SOURCE | frequency=SOURCE | region=SOURCE | population=NOT_APPLICABLE | dimension=NOT_APPLICABLE | comparison=SOURCE | calculation=SOURCE | condition=NOT_APPLICABLE | source_hint=NOT_APPLICABLE,예,1,10,1,HOLD,HARD_GUARD,NO_HARD_GUARD_CANDIDATE,HARD_GUARD,,HARD_GUARD,HOLD,NO_HARD_GUARD_CANDIDATE,,,,,,0,,,
A02682,9,A02682_9,A02682_9,"축산물과 수산물 물가는 지난해 같은달 대비 5.3%, 5.9% 올랐다.",,indicator=SOURCE | value=SOURCE | unit=SOURCE | time=SOURCE | frequency=SOURCE | region=NOT_APPLICABLE | population=NOT_APPLICABLE | dimension=NOT_APPLICABLE | comparison=SOURCE | calculation=SOURCE | condition=NOT_APPLICABLE | source_hint=NOT_APPLICABLE,예,3,20,11,HOLD,HARD_GUARD,NO_HARD_GUARD_CANDIDATE,HARD_GUARD,,HARD_GUARD,HOLD,NO_HARD_GUARD_CANDIDATE,,,,,,0,,,
A02704,1,A02704_1,A02704_1,올해 3분기 수출액 상위 10대 기업의 무역집중도가 40%로 역대 최고치를 기록했다.,,indicator=SOURCE | value=SOURCE | unit=SOURCE | time=SOURCE | frequency=SOURCE | region=NOT_APPLICABLE | population=NOT_APPLICABLE | dimension=NOT_APPLICABLE | comparison=SOURCE | calculation=SOURCE | condition=NOT_APPLICABLE | source_hint=NOT_APPLICABLE,예,4,18,8,HOLD,HARD_GUARD,NO_HARD_GUARD_CANDIDATE,HARD_GUARD,,HARD_GUARD,HOLD,NO_HARD_GUARD_CANDIDATE,,,,,,0,,,
A02704,4,A02704_4,A02704_4,"국가데이터처가 10일 발표한 ’2025년 3분기 기업특성별 무역통계’에 따르면, 3분기 수출액 상위 10개 기업의 무역집중도는 40.0%로 지난해 3분기(37.4%)보다 2.6%포인트 상승했다.",,indicator=SOURCE | value=SOURCE | unit=SOURCE | time=SOURCE | frequency=SOURCE | region=NOT_APPLICABLE | population=NOT_APPLICABLE | dimension=NOT_APPLICABLE | comparison=SOURCE | calculation=SOURCE | condition=SOURCE | source_hint=NOT_APPLICABLE,예,4,24,22,HOLD,HARD_GUARD,NO_HARD_GUARD_CANDIDATE,HARD_GUARD,,HARD_GUARD,HOLD,NO_HARD_GUARD_CANDIDATE,,,,,,0,,,
