기사번호,문장번호,부모Claim번호,Claim번호,원문,분야,12개항목상태,12개항목공식조회가능,통계표검색시도,항목정보조회시도,기간정보조회시도,현재상태,현재중단단계,현재사유,대표문제,보조문제,다음실행단계,개선전상태,개선전사유,개선후상태,개선후사유,개선판정,공식통계표,공식값출처,실행횟수,코드버전,데이터버전,기록시각
A00006,15,A00006_15,A00006_15,◇12월 수출 6.6% 늘어난 614억달러...수출 증가율 5개월 만에 반등 한편 이날 동시에 발표된 지난 12월 수출액은 614억달러로 전년 동월 대비 6.6% 증가했다.,,indicator=SOURCE | value=SOURCE | unit=SOURCE | time=SOURCE | frequency=SOURCE | region=NOT_APPLICABLE | population=NOT_APPLICABLE | dimension=NOT_APPLICABLE | comparison=SOURCE | calculation=SOURCE | condition=SOURCE | source_hint=NOT_APPLICABLE,예,4,24,10,HOLD,KOSIS_METADATA,KOSIS_METADATA_UNAVAILABLE,OFFICIAL_PATH,,SEMANTIC_MAPPING~KOSIS_METADATA,HOLD,KOSIS_METADATA_UNAVAILABLE,,,,,,0,,,
A00006,5,A00006_5,A00006_5,2022년 당시 수출액은 역대 최대를 기록하면서도 472억달러 적자를 냈던 것과 다른 결과다.,,indicator=SOURCE | value=SOURCE | unit=SOURCE | time=SOURCE | frequency=SOURCE | region=NOT_APPLICABLE | population=NOT_APPLICABLE | dimension=NOT_APPLICABLE | comparison=NOT_APPLICABLE | calculation=SOURCE | condition=SOURCE | source_hint=NOT_APPLICABLE,예,4,35,10,HOLD,KOSIS_METADATA,KOSIS_METADATA_UNAVAILABLE,OFFICIAL_PATH,,SEMANTIC_MAPPING~KOSIS_METADATA,HOLD,KOSIS_METADATA_UNAVAILABLE,,,,,,0,,,
A00006,6,A00006_6,A00006_6,2024년에는 에너지 수입이 감소하면서 전체 수입이 전년 대비 1.6% 감소한 덕에 무역수지가 개선됐다.,,indicator=SOURCE | value=SOURCE | unit=SOURCE | time=SOURCE | frequency=SOURCE | region=NOT_APPLICABLE | population=NOT_APPLICABLE | dimension=NOT_APPLICABLE | comparison=SOURCE | calculation=SOURCE | condition=SOURCE | source_hint=NOT_APPLICABLE,예,1,3,0,HOLD,KOSIS_METADATA,KOSIS_METADATA_UNAVAILABLE,OFFICIAL_PATH,,SEMANTIC_MAPPING~KOSIS_METADATA,HOLD,KOSIS_METADATA_UNAVAILABLE,,,,,,0,,,
A00006,9,A00006_9,A00006_9,"◇반도체, 자동차가 이끌고 바이오, 농수산, 화장품 등도 고르게 증가 품목별로는 최대 수출품목인 반도체가 43.9% 증가한 1419억 달러를 기록, 2023년 11월 이후 14개월 연속 증가 흐름을 이어가면서 기존 최대 실적인 2022년 1292억 달러를 2년 만에 경신했다.",,indicator=SOURCE | value=SOURCE | unit=SOURCE | time=SOURCE | frequency=SOURCE | region=NOT_APPLICABLE | population=NOT_APPLICABLE | dimension=SOURCE | comparison=SOURCE | calculation=SOURCE | condition=SOURCE | source_hint=NOT_APPLICABLE,예,16,24,7,HOLD,KOSIS_METADATA,KOSIS_METADATA_UNAVAILABLE,OFFICIAL_PATH,,SEMANTIC_MAPPING~KOSIS_METADATA,HOLD,KOSIS_METADATA_UNAVAILABLE,,,,,,0,,,
A00018,8,A00018_8,A00018_8,작년 12월 수출은 613억8000만달러로 1년 전 대비 6.6% 늘어 한 달 전(1.4%)에 비해 오름폭을 키웠다.,,indicator=SOURCE | value=SOURCE | unit=SOURCE | time=SOURCE | frequency=SOURCE | region=NOT_APPLICABLE | population=NOT_APPLICABLE | dimension=NOT_APPLICABLE | comparison=SOURCE | calculation=SOURCE | condition=SOURCE | source_hint=NOT_APPLICABLE,예,4,24,5,HOLD,KOSIS_METADATA,KOSIS_METADATA_UNAVAILABLE,OFFICIAL_PATH,,SEMANTIC_MAPPING~KOSIS_METADATA,HOLD,KOSIS_METADATA_UNAVAILABLE,,,,,,0,,,
A00067,3,A00067_3,A00067_3,한국수입자동차협회(KAIDA)는 6일 지난해 수입 승용차 신규 등록 대수를 집계한 결과 테슬라 모델 Y가 지난해 모두 1만8717대가 팔리며 수입 승용차 가운데 최고 인기 모델로 꼽혔다고 밝혔다.,,indicator=SOURCE | value=SOURCE | unit=SOURCE | time=SOURCE | frequency=SOURCE | region=SOURCE | population=NOT_APPLICABLE | dimension=SOURCE | comparison=NOT_APPLICABLE | calculation=SOURCE | condition=NOT_APPLICABLE | source_hint=NOT_APPLICABLE,예,2,20,6,HOLD,KOSIS_METADATA,KOSIS_METADATA_UNAVAILABLE,OFFICIAL_PATH,,SEMANTIC_MAPPING~KOSIS_METADATA,HOLD,KOSIS_METADATA_UNAVAILABLE,,,,,,0,,,
A00067,7,A00067_7,A00067_7,전체 수입차 판매는 2023년(27만1034대)보다 2.9% 감소한 26만3288대에 그쳤다.,,indicator=SOURCE | value=SOURCE | unit=SOURCE | time=SOURCE | frequency=SOURCE | region=NOT_APPLICABLE | population=NOT_APPLICABLE | dimension=NOT_APPLICABLE | comparison=SOURCE | calculation=SOURCE | condition=SOURCE | source_hint=NOT_APPLICABLE,예,1,20,6,HOLD,KOSIS_METADATA,KOSIS_METADATA_UNAVAILABLE,OFFICIAL_PATH,,SEMANTIC_MAPPING~KOSIS_METADATA,HOLD,KOSIS_METADATA_UNAVAILABLE,,,,,,0,,,
A00070,4,A00070_4,A00070_4,"6일 한국무역협회에 따르면, 지난해 대중 수출액은 1330억2600만달러로 전년 대비 6.6% 늘었다.",,indicator=SOURCE | value=SOURCE | unit=SOURCE | time=SOURCE | frequency=SOURCE | region=SOURCE | population=NOT_APPLICABLE | dimension=NOT_APPLICABLE | comparison=SOURCE | calculation=SOURCE | condition=MISSING | source_hint=NOT_APPLICABLE,아니오,4,36,14,HOLD,KOSIS_METADATA,KOSIS_METADATA_UNAVAILABLE,OFFICIAL_PATH,,SEMANTIC_MAPPING~KOSIS_METADATA,HOLD,KOSIS_METADATA_UNAVAILABLE,,,,,,0,,,
A00081,4,A00081_4,A00081_4,한국수입자동차협회(KAIDA)는 6일 “지난해 테슬라 모델 Y가 연간 1만8717대가 팔리며 수입 승용차 가운데 최고 인기 모델에 올랐다”고 밝혔다.,,indicator=SOURCE | value=SOURCE | unit=SOURCE | time=SOURCE | frequency=SOURCE | region=SOURCE | population=NOT_APPLICABLE | dimension=SOURCE | comparison=NOT_APPLICABLE | calculation=SOURCE | condition=NOT_APPLICABLE | source_hint=NOT_APPLICABLE,예,2,20,7,HOLD,KOSIS_METADATA,KOSIS_METADATA_UNAVAILABLE,OFFICIAL_PATH,,SEMANTIC_MAPPING~KOSIS_METADATA,HOLD,KOSIS_METADATA_UNAVAILABLE,,,,,,0,,,
A00081,7,A00081_7,A00081_7,전체 수입차 판매는 2023년(27만1034대)보다 2.9% 감소한 26만3288대에 그쳤다.,,indicator=SOURCE | value=SOURCE | unit=SOURCE | time=SOURCE | frequency=SOURCE | region=NOT_APPLICABLE | population=NOT_APPLICABLE | dimension=NOT_APPLICABLE | comparison=SOURCE | calculation=SOURCE | condition=SOURCE | source_hint=NOT_APPLICABLE,예,1,20,7,HOLD,KOSIS_METADATA,KOSIS_METADATA_UNAVAILABLE,OFFICIAL_PATH,,SEMANTIC_MAPPING~KOSIS_METADATA,HOLD,KOSIS_METADATA_UNAVAILABLE,,,,,,0,,,
A00086,13,A00086_13,A00086_13,한은은 올해 수출 증가율을 1.5%로 내다보고 있다.,,indicator=SOURCE | value=SOURCE | unit=SOURCE | time=SOURCE | frequency=SOURCE | region=NOT_APPLICABLE | population=NOT_APPLICABLE | dimension=NOT_APPLICABLE | comparison=MISSING | calculation=SOURCE | condition=SOURCE | source_hint=NOT_APPLICABLE,아니오,4,24,7,HOLD,KOSIS_METADATA,KOSIS_METADATA_UNAVAILABLE,OFFICIAL_PATH,,SEMANTIC_MAPPING~KOSIS_METADATA,HOLD,KOSIS_METADATA_UNAVAILABLE,,,,,,0,,,
A00163,11,A00163_11,A00163_11,"앞서 지난해 12월 수출은 전년 동월 대비 6.6% 증가한 613억 8000만달러를 기록해, 15개월 연속 증가세를 보였다.",,indicator=SOURCE | value=SOURCE | unit=SOURCE | time=SOURCE | frequency=SOURCE | region=NOT_APPLICABLE | population=NOT_APPLICABLE | dimension=NOT_APPLICABLE | comparison=SOURCE | calculation=SOURCE | condition=SOURCE | source_hint=NOT_APPLICABLE,예,4,35,9,HOLD,KOSIS_METADATA,KOSIS_METADATA_UNAVAILABLE,OFFICIAL_PATH,,SEMANTIC_MAPPING~KOSIS_METADATA,HOLD,KOSIS_METADATA_UNAVAILABLE,,,,,,0,,,
A00187,3,A00187_3,A00187_3,지난달 취업자 수가 46개월 만에 5만2000명(전년 동기 대비) 감소 전환한 데 따른 조치다.,,indicator=SOURCE | value=SOURCE | unit=SOURCE | time=SOURCE | frequency=SOURCE | region=NOT_APPLICABLE | population=NOT_APPLICABLE | dimension=NOT_APPLICABLE | comparison=SOURCE | calculation=SOURCE | condition=SOURCE | source_hint=NOT_APPLICABLE,예,1,1,0,HOLD,KOSIS_METADATA,KOSIS_METADATA_UNAVAILABLE,OFFICIAL_PATH,,SEMANTIC_MAPPING~KOSIS_METADATA,HOLD,KOSIS_METADATA_UNAVAILABLE,,,,,,0,,,
A00189,8,A00189_8,A00189_8,특히 원화로 환산한 것이 아닌 계약 통화를 기준으로 한 수입 물가는 오히려 전월대비 0.2% 떨어졌다.,,indicator=SOURCE | value=SOURCE | unit=SOURCE | time=SOURCE | frequency=SOURCE | region=NOT_APPLICABLE | population=NOT_APPLICABLE | dimension=NOT_APPLICABLE | comparison=SOURCE | calculation=SOURCE | condition=SOURCE | source_hint=NOT_APPLICABLE,예,1,1,0,HOLD,KOSIS_METADATA,KOSIS_METADATA_UNAVAILABLE,OFFICIAL_PATH,,SEMANTIC_MAPPING~KOSIS_METADATA,HOLD,KOSIS_METADATA_UNAVAILABLE,,,,,,0,,,
A00195,11,A00195_11,A00195_11,"연간 경제성장률이 3~4%에 달하던 시절은 아련하고, 지금은 1% 성장률에 머물러 있다.",,indicator=SOURCE | value=SOURCE | unit=SOURCE | time=SOURCE | frequency=SOURCE | region=NOT_APPLICABLE | population=NOT_APPLICABLE | dimension=NOT_APPLICABLE | comparison=SOURCE | calculation=SOURCE | condition=NOT_APPLICABLE | source_hint=NOT_APPLICABLE,예,1,4,0,HOLD,KOSIS_METADATA,KOSIS_METADATA_UNAVAILABLE,OFFICIAL_PATH,,SEMANTIC_MAPPING~KOSIS_METADATA,HOLD,KOSIS_METADATA_UNAVAILABLE,,,,,,0,,,
A00202,2,A00202_2,A00202_2,취업자 수는 코로나 사태의 직격탄을 맞은 2021년 2월(-47만3000명) 이후 3년 10개월 만에 감소세로 돌아섰다.,,indicator=SOURCE | value=SOURCE | unit=SOURCE | time=SOURCE | frequency=SOURCE | region=NOT_APPLICABLE | population=NOT_APPLICABLE | dimension=NOT_APPLICABLE | comparison=SOURCE | calculation=SOURCE | condition=SOURCE | source_hint=NOT_APPLICABLE,예,1,1,0,HOLD,KOSIS_METADATA,KOSIS_METADATA_UNAVAILABLE,OFFICIAL_PATH,,SEMANTIC_MAPPING~KOSIS_METADATA,HOLD,KOSIS_METADATA_UNAVAILABLE,,,,,,0,,,
A00202,4,A00202_4,A00202_4,작년 연간 취업자 수는 15만명 늘어나는 데 그쳐 증가폭이 1년 전의 절반 이하로 쪼그라들었다.,,indicator=SOURCE | value=SOURCE | unit=SOURCE | time=SOURCE | frequency=SOURCE | region=NOT_APPLICABLE | population=NOT_APPLICABLE | dimension=NOT_APPLICABLE | comparison=SOURCE | calculation=SOURCE | condition=SOURCE | source_hint=NOT_APPLICABLE,예,1,1,1,HOLD,KOSIS_METADATA,KOSIS_METADATA_UNAVAILABLE,OFFICIAL_PATH,,SEMANTIC_MAPPING~KOSIS_METADATA,HOLD,KOSIS_METADATA_UNAVAILABLE,,,,,,0,,,
A00202,5,A00202_5,A00202_5,"15일 통계청이 발표한 ‘2024년 12월 및 연간 고용 동향’에 따르면, 지난달 취업자 수는 2804만1000명으로 전년 동월 대비 5만2000명 감소했다.",,indicator=SOURCE | value=SOURCE | unit=SOURCE | time=SOURCE | frequency=SOURCE | region=NOT_APPLICABLE | population=NOT_APPLICABLE | dimension=NOT_APPLICABLE | comparison=SOURCE | calculation=SOURCE | condition=SOURCE | source_hint=SOURCE,예,1,1,0,HOLD,KOSIS_METADATA,KOSIS_METADATA_UNAVAILABLE,OFFICIAL_PATH,,SEMANTIC_MAPPING~KOSIS_METADATA,HOLD,KOSIS_METADATA_UNAVAILABLE,,,,,,0,,,
A00268,14,A00268_14,A00268_14,무역 수지도 518억 달러 흑자로 2021년 이후 3년 만에 흑자로 돌아섰다.,,indicator=SOURCE | value=SOURCE | unit=SOURCE | time=SOURCE | frequency=SOURCE | region=NOT_APPLICABLE | population=NOT_APPLICABLE | dimension=NOT_APPLICABLE | comparison=NOT_APPLICABLE | calculation=SOURCE | condition=NOT_APPLICABLE | source_hint=NOT_APPLICABLE,예,1,3,2,HOLD,KOSIS_METADATA,KOSIS_METADATA_UNAVAILABLE,OFFICIAL_PATH,,SEMANTIC_MAPPING~KOSIS_METADATA,HOLD,KOSIS_METADATA_UNAVAILABLE,,,,,,0,,,
A00270,14,A00270_14,A00270_14,"MZ세대(1980~2005년 출생)가 살기 좋은 ... ""두 세대 후 한국 인구 85%가 사라질 것"" 최후의 인구론 폴 몰런드 지음·이재득 옮김｜미래의창｜304쪽｜1만9000원 “두 세대 후 한국 인구의 85퍼센트는 사라질 것.” 세계적 인구 통... 자녀 없는 50세 여성 12%... 10년새 3배로 1960년생 여성들이 50세가 됐을 때 평균 자녀수는 1.96명이었지만, 10년 후 1970년생이 50세가 됐을 때는 1.71명으로 감소했다.",,indicator=SOURCE | value=SOURCE | unit=SOURCE | time=SOURCE | frequency=SOURCE | region=SOURCE | population=NOT_APPLICABLE | dimension=SOURCE | comparison=SOURCE | calculation=SOURCE | condition=SOURCE | source_hint=NOT_APPLICABLE,예,2,2,1,HOLD,KOSIS_METADATA,KOSIS_METADATA_UNAVAILABLE,OFFICIAL_PATH,,SEMANTIC_MAPPING~KOSIS_METADATA,HOLD,KOSIS_METADATA_UNAVAILABLE,,,,,,0,,,
A00279,12,A00279_12,A00279_12,다만 작년 11월 사망자 수는 2만9219명으로 전년 동월 대비 3.8% 감소했다.,,indicator=SOURCE | value=SOURCE | unit=SOURCE | time=SOURCE | frequency=SOURCE | region=NOT_APPLICABLE | population=NOT_APPLICABLE | dimension=NOT_APPLICABLE | comparison=SOURCE | calculation=SOURCE | condition=SOURCE | source_hint=NOT_APPLICABLE,예,2,10,1,HOLD,KOSIS_METADATA,KOSIS_METADATA_UNAVAILABLE,OFFICIAL_PATH,,SEMANTIC_MAPPING~KOSIS_METADATA,HOLD,KOSIS_METADATA_UNAVAILABLE,,,,,,0,,,
A00279,22,A00279_22,A00279_22,"3일 행... 작년 출생자 수 9년만에 늘어...60대가 40대, 70대 이상이 30대 인구 수 추월 우리나라 출생자 수가 9년만에 전년보다 늘었다.",,indicator=SOURCE | value=SOURCE | unit=SOURCE | time=SOURCE | frequency=SOURCE | region=SOURCE | population=NOT_APPLICABLE | dimension=NOT_APPLICABLE | comparison=SOURCE | calculation=SOURCE | condition=SOURCE | source_hint=NOT_APPLICABLE,예,1,2,0,HOLD,KOSIS_METADATA,KOSIS_METADATA_UNAVAILABLE,OFFICIAL_PATH,,SEMANTIC_MAPPING~KOSIS_METADATA,HOLD,KOSIS_METADATA_UNAVAILABLE,,,,,,0,,,
A00279,7,A00279_7,A00279_7,그러나 지난해 7월(7.9%)부터 5개월 연속 출생아 수가 늘어나는 등 아이 울음소리가 커지는 분위기다.,,indicator=SOURCE | value=SOURCE | unit=SOURCE | time=SOURCE | frequency=SOURCE | region=NOT_APPLICABLE | population=NOT_APPLICABLE | dimension=NOT_APPLICABLE | comparison=SOURCE | calculation=SOURCE | condition=SOURCE | source_hint=NOT_APPLICABLE,예,2,11,0,HOLD,KOSIS_METADATA,KOSIS_METADATA_UNAVAILABLE,OFFICIAL_PATH,,SEMANTIC_MAPPING~KOSIS_METADATA,HOLD,KOSIS_METADATA_UNAVAILABLE,,,,,,0,,,
A00279,8,A00279_8,A00279_8,5개월 연속 출생아 수가 늘어난 것은 2015년 3~7월 이후 9년 4개월 만에 처음이다.,,indicator=SOURCE | value=SOURCE | unit=SOURCE | time=SOURCE | frequency=SOURCE | region=NOT_APPLICABLE | population=NOT_APPLICABLE | dimension=NOT_APPLICABLE | comparison=SOURCE | calculation=SOURCE | condition=SOURCE | source_hint=NOT_APPLICABLE,예,2,11,0,HOLD,KOSIS_METADATA,KOSIS_METADATA_UNAVAILABLE,OFFICIAL_PATH,,SEMANTIC_MAPPING~KOSIS_METADATA,HOLD,KOSIS_METADATA_UNAVAILABLE,,,,,,0,,,
A00279,9,A00279_9,A00279_9,12월까지 같은 추세가 이어질 경우 작년 한해 출생아 수는 2023년(23만28명) 수준을 넘어서 2015년 이후 9년 만에 출생아 수가 반등하게 된다.,,indicator=SOURCE | value=SOURCE | unit=SOURCE | time=SOURCE | frequency=SOURCE | region=NOT_APPLICABLE | population=NOT_APPLICABLE | dimension=NOT_APPLICABLE | comparison=NOT_APPLICABLE | calculation=SOURCE | condition=SOURCE | source_hint=NOT_APPLICABLE,예,2,11,0,HOLD,KOSIS_METADATA,KOSIS_METADATA_UNAVAILABLE,OFFICIAL_PATH,,SEMANTIC_MAPPING~KOSIS_METADATA,HOLD,KOSIS_METADATA_UNAVAILABLE,,,,,,0,,,
A00298,10,A00298_10,A00298_10,한은은 올해 연간 성장률 중 건설 투자 부분이 -1.3% 수준일 것으로 봤다.,,,아니오,0,0,0,HOLD,CATALOG_SEARCH,KOSIS_CATALOG_UNAVAILABLE,OFFICIAL_PATH,,SEMANTIC_MAPPING~KOSIS_METADATA,HOLD,KOSIS_CATALOG_UNAVAILABLE,,,,,,0,,,
A00353,16,A00353_16,A00353_16,"그러나 작년에 법인 명의로 수입차를 등록한 비율은 35.3%(9만2983건)로, 전년 대비 4.3%포인트 줄어들었다.",,indicator=SOURCE | value=SOURCE | unit=SOURCE | time=SOURCE | frequency=SOURCE | region=NOT_APPLICABLE | population=NOT_APPLICABLE | dimension=NOT_APPLICABLE | comparison=SOURCE | calculation=SOURCE | condition=SOURCE | source_hint=NOT_APPLICABLE,예,1,20,5,HOLD,KOSIS_METADATA,KOSIS_METADATA_UNAVAILABLE,OFFICIAL_PATH,,SEMANTIC_MAPPING~KOSIS_METADATA,HOLD,KOSIS_METADATA_UNAVAILABLE,,,,,,0,,,
A00353,6,A00353_6,A00353_6,전체 수입차 판매에서 1억원 이상 수입차가 차지하는 비중도 2023년 28.9%에서 작년에는 23.7%로 5.2%포인트 떨어졌다.,,indicator=SOURCE | value=SOURCE | unit=SOURCE | time=SOURCE | frequency=SOURCE | region=NOT_APPLICABLE | population=NOT_APPLICABLE | dimension=NOT_APPLICABLE | comparison=SOURCE | calculation=SOURCE | condition=SOURCE | source_hint=NOT_APPLICABLE,예,1,20,2,HOLD,KOSIS_METADATA,KOSIS_METADATA_UNAVAILABLE,OFFICIAL_PATH,,SEMANTIC_MAPPING~KOSIS_METADATA,HOLD,KOSIS_METADATA_UNAVAILABLE,,,,,,0,,,
A00354,11,A00354_11,A00354_11,한국의 노년 부양비는 2024년 27.4명에서 2072년 104.2명으로 3.8배 증가한다.,,,아니오,0,0,0,HOLD,CATALOG_SEARCH,KOSIS_CATALOG_UNAVAILABLE,OFFICIAL_PATH,,SEMANTIC_MAPPING~KOSIS_METADATA,HOLD,KOSIS_CATALOG_UNAVAILABLE,,,,,,0,,,
A00358,37,A00358_37,A00358_37,"국가 부채 상환 리스크가 쌓여있던 상황에서 2019년 4월 이슬람국가(IS) 관련 단체의 부활절 테러로 수백 명의 사상자가 발생했고, 2020~2021년 코로나19 팬데믹(pandemic· 감염병 대유행)이 발발하며 국내총생산(GDP)의 10% 이상을 차지하는 관광업이 주저 앉았다.",,indicator=SOURCE | value=SOURCE | unit=SOURCE | time=SOURCE | frequency=SOURCE | region=SOURCE | population=NOT_APPLICABLE | dimension=NOT_APPLICABLE | comparison=SOURCE | calculation=SOURCE | condition=SOURCE | source_hint=NOT_APPLICABLE,예,2,39,1,HOLD,KOSIS_METADATA,KOSIS_METADATA_UNAVAILABLE,OFFICIAL_PATH,,SEMANTIC_MAPPING~KOSIS_METADATA,HOLD,KOSIS_METADATA_UNAVAILABLE,,,,,,0,,,
A00368,19,A00368_19,A00368_19,"◇2년 연속 취업자 증가폭 10만명대 그칠 듯 정부도 대내·외 불확실성을 고려해, 올해 경제정책방향을 발표하면서 올해 취업자 수 증가폭을 12만명으로 내다봤다.",,indicator=SOURCE | value=SOURCE | unit=SOURCE | time=SOURCE | frequency=SOURCE | region=NOT_APPLICABLE | population=NOT_APPLICABLE | dimension=NOT_APPLICABLE | comparison=SOURCE | calculation=SOURCE | condition=SOURCE | source_hint=NOT_APPLICABLE,예,4,1,0,HOLD,KOSIS_METADATA,KOSIS_METADATA_UNAVAILABLE,OFFICIAL_PATH,,SEMANTIC_MAPPING~KOSIS_METADATA,HOLD,KOSIS_METADATA_UNAVAILABLE,,,,,,0,,,
A00368,5,A00368_5,A00368_5,청년 고용률이 45% 아래로 떨어진 건 코로나가 한창 기승하던 2021년 5월(44.4%) 이후 43개월 만이다.,,indicator=SOURCE | value=SOURCE | unit=SOURCE | time=SOURCE | frequency=SOURCE | region=NOT_APPLICABLE | population=SOURCE | dimension=SOURCE | comparison=SOURCE | calculation=SOURCE | condition=SOURCE | source_hint=NOT_APPLICABLE,예,2,20,0,HOLD,KOSIS_METADATA,KOSIS_METADATA_UNAVAILABLE,OFFICIAL_PATH,,SEMANTIC_MAPPING~KOSIS_METADATA,HOLD,KOSIS_METADATA_UNAVAILABLE,,,,,,0,,,
A00368,9,A00368_9,A00368_9,"박 전 대통령의 탄핵 소추가 이뤄지기 직전인 2016년 11월의 경우 전년 동월 대비 청년 고용률이 보합(0%포인트 변동)을 보이며, 2013년 9월(0.1%포인트)부터 2016년 10월(0.6%포인트)까지 38개월간 이어지던 증가세가 꺾였다.",,indicator=SOURCE | value=SOURCE | unit=SOURCE | time=SOURCE | frequency=SOURCE | region=NOT_APPLICABLE | population=SOURCE | dimension=SOURCE | comparison=SOURCE | calculation=SOURCE | condition=SOURCE | source_hint=NOT_APPLICABLE,예,2,20,0,HOLD,KOSIS_METADATA,KOSIS_METADATA_UNAVAILABLE,OFFICIAL_PATH,,SEMANTIC_MAPPING~KOSIS_METADATA,HOLD,KOSIS_METADATA_UNAVAILABLE,,,,,,0,,,
A00381,19,A00381_19,A00381_19,전체 인구에서 고령자의 비율이 20%에 육박할 정도로 고령층 인구 ... 강우량 기자 2020년 조선일보에 입사해 사회부를 거쳐 경제부에서 일하고 있습니다.,,indicator=SOURCE | value=SOURCE | unit=SOURCE | time=SOURCE | frequency=SOURCE | region=NOT_APPLICABLE | population=NOT_APPLICABLE | dimension=NOT_APPLICABLE | comparison=SOURCE | calculation=SOURCE | condition=NOT_APPLICABLE | source_hint=NOT_APPLICABLE,예,1,2,0,HOLD,KOSIS_METADATA,KOSIS_METADATA_UNAVAILABLE,OFFICIAL_PATH,,SEMANTIC_MAPPING~KOSIS_METADATA,HOLD,KOSIS_METADATA_UNAVAILABLE,,,,,,0,,,
A00382,5,A00382_5,A00382_5,"한국은 2023년(1.4%) 1%대 성장률에 이어, 작년에는 간신히 2%에 턱걸이했다.",,indicator=SOURCE | value=SOURCE | unit=SOURCE | time=SOURCE | frequency=SOURCE | region=SOURCE | population=NOT_APPLICABLE | dimension=NOT_APPLICABLE | comparison=SOURCE | calculation=SOURCE | condition=NOT_APPLICABLE | source_hint=NOT_APPLICABLE,예,1,4,0,HOLD,KOSIS_METADATA,KOSIS_METADATA_UNAVAILABLE,OFFICIAL_PATH,,SEMANTIC_MAPPING~KOSIS_METADATA,HOLD,KOSIS_METADATA_UNAVAILABLE,,,,,,0,,,
A00399,21,A00399_21,A00399_21,"2017년 트럼프 1기가 시작했을 때 물가(2.1%)보다 훨씬 높고, 트럼프 1기 때 가장 높았던 물가(2018년 6~7월 2.9%)와 같은 수준이다.",,indicator=SOURCE | value=SOURCE | unit=SOURCE | time=SOURCE | frequency=SOURCE | region=NOT_APPLICABLE | population=NOT_APPLICABLE | dimension=NOT_APPLICABLE | comparison=SOURCE | calculation=SOURCE | condition=NOT_APPLICABLE | source_hint=NOT_APPLICABLE,예,3,2,0,HOLD,KOSIS_METADATA,KOSIS_METADATA_UNAVAILABLE,OFFICIAL_PATH,,SEMANTIC_MAPPING~KOSIS_METADATA,HOLD,KOSIS_METADATA_UNAVAILABLE,,,,,,0,,,
A00437,5,A00437_5,A00437_5,앞서 김병환 금융위원장은 올해 가계 부채 증가율을 경상성장률 증가 범위인 3.8% 내로 관리해 나가겠다고 밝혔다.,,indicator=SOURCE | value=SOURCE | unit=SOURCE | time=SOURCE | frequency=SOURCE | region=NOT_APPLICABLE | population=NOT_APPLICABLE | dimension=NOT_APPLICABLE | comparison=MISSING | calculation=SOURCE | condition=SOURCE | source_hint=NOT_APPLICABLE,아니오,1,4,0,HOLD,KOSIS_METADATA,KOSIS_METADATA_UNAVAILABLE,OFFICIAL_PATH,,SEMANTIC_MAPPING~KOSIS_METADATA,HOLD,KOSIS_METADATA_UNAVAILABLE,,,,,,0,,,
A00448,30,A00448_30,A00448_30,"동남아시아 사업 확장을 위한 인터내셔널헤드쿼터(iHQ) 조직도 새로 구성할... 내수 부진에 계엄·탄핵 '겹악재'...청년 고용률 43개월 만에 최저 지난해 하반기부터 내수 경기가 부진한 와중에, 계엄·탄핵 사태와 초유의 현직 대통령 구속까지 겹치며 청년 고용이 4년 만에 최저 수준으로 떨어졌... 소상공인 45% ""작년 월평균 영업이익 200만원 이하"" 국내 소상공인 10명 중 7명은 지난해 경영 실적이 좋지 않았다고 응답했다.",,indicator=SOURCE | value=SOURCE | unit=SOURCE | time=SOURCE | frequency=SOURCE | region=SOURCE | population=SOURCE | dimension=SOURCE | comparison=SOURCE | calculation=SOURCE | condition=SOURCE | source_hint=NOT_APPLICABLE,예,4,1,1,HOLD,KOSIS_METADATA,KOSIS_METADATA_UNAVAILABLE,OFFICIAL_PATH,,SEMANTIC_MAPPING~KOSIS_METADATA,HOLD,KOSIS_METADATA_UNAVAILABLE,,,,,,0,,,
A00463,1,A00463_1,A00463_1,지난달 소비자물가가 전년 동월 대비 2.2% 오른 것으로 나타났다.,,indicator=SOURCE | value=SOURCE | unit=SOURCE | time=SOURCE | frequency=SOURCE | region=NOT_APPLICABLE | population=NOT_APPLICABLE | dimension=NOT_APPLICABLE | comparison=NOT_APPLICABLE | calculation=SOURCE | condition=NOT_APPLICABLE | source_hint=NOT_APPLICABLE,예,4,2,0,HOLD,KOSIS_METADATA,KOSIS_METADATA_UNAVAILABLE,OFFICIAL_PATH,,SEMANTIC_MAPPING~KOSIS_METADATA,HOLD,KOSIS_METADATA_UNAVAILABLE,,,,,,0,,,
A00463,15,A00463_15,A00463_15,"기조적인 물가 흐름을 나타내는 근원물가지수(식료품 및 에너지 제외 지수)는 전년 동월 대비 1.9% 오르며, 4개월째 1%대를 유지했다.",,indicator=SOURCE | value=SOURCE | unit=SOURCE | time=SOURCE | frequency=SOURCE | region=NOT_APPLICABLE | population=NOT_APPLICABLE | dimension=NOT_APPLICABLE | comparison=SOURCE | calculation=SOURCE | condition=NOT_APPLICABLE | source_hint=NOT_APPLICABLE,예,1,14,0,HOLD,KOSIS_METADATA,KOSIS_METADATA_UNAVAILABLE,OFFICIAL_PATH,,SEMANTIC_MAPPING~KOSIS_METADATA,HOLD,KOSIS_METADATA_UNAVAILABLE,,,,,,0,,,
A00463,2,A00463_2,A00463_2,지난해 9월(1.6%) 이후 5개월 만에 물가상승률이 2%대로 올라섰다.,,indicator=SOURCE | value=SOURCE | unit=SOURCE | time=SOURCE | frequency=SOURCE | region=NOT_APPLICABLE | population=NOT_APPLICABLE | dimension=NOT_APPLICABLE | comparison=SOURCE | calculation=SOURCE | condition=SOURCE | source_hint=NOT_APPLICABLE,예,3,2,0,HOLD,KOSIS_METADATA,KOSIS_METADATA_UNAVAILABLE,OFFICIAL_PATH,,SEMANTIC_MAPPING~KOSIS_METADATA,HOLD,KOSIS_METADATA_UNAVAILABLE,,,,,,0,,,
A00463,5,A00463_5,A00463_5,"5일 통계청에 따르면, 지난달 소비자물가지수는 115.71(2020년=100)로 전년 동월 대비 2.2% 상승했다.",,indicator=SOURCE | value=SOURCE | unit=SOURCE | time=SOURCE | frequency=SOURCE | region=NOT_APPLICABLE | population=NOT_APPLICABLE | dimension=NOT_APPLICABLE | comparison=MISSING | calculation=SOURCE | condition=SOURCE | source_hint=SOURCE,아니오,2,9,0,HOLD,KOSIS_METADATA,KOSIS_METADATA_UNAVAILABLE,OFFICIAL_PATH,,SEMANTIC_MAPPING~KOSIS_METADATA,HOLD,KOSIS_METADATA_UNAVAILABLE,,,,,,0,,,
A00475,2,A00475_2,A00475_2,통계청은 5일 ‘1월 소비자물가 동향’에서 지난달 소비자물가가 작년 같은 달보다 2.2% 올랐다고 밝혔다.,,indicator=SOURCE | value=SOURCE | unit=SOURCE | time=SOURCE | frequency=SOURCE | region=NOT_APPLICABLE | population=NOT_APPLICABLE | dimension=NOT_APPLICABLE | comparison=NOT_APPLICABLE | calculation=SOURCE | condition=NOT_APPLICABLE | source_hint=SOURCE,예,4,2,0,HOLD,KOSIS_METADATA,KOSIS_METADATA_UNAVAILABLE,OFFICIAL_PATH,,SEMANTIC_MAPPING~KOSIS_METADATA,HOLD,KOSIS_METADATA_UNAVAILABLE,,,,,,0,,,
A00509,10,A00509_10,A00509_10,지난해 우리나라의 1분기부터 4분기까지 분기별 경제성장률을 보면 1.3%→-0.2%→0.1%→0.1%’로 최근 3분기 연속(連續) 0%대의 낙제(落第) 수준이다.,,indicator=SOURCE | value=SOURCE | unit=SOURCE | time=SOURCE | frequency=SOURCE | region=SOURCE | population=NOT_APPLICABLE | dimension=NOT_APPLICABLE | comparison=SOURCE | calculation=SOURCE | condition=NOT_APPLICABLE | source_hint=NOT_APPLICABLE,예,1,4,0,HOLD,KOSIS_METADATA,KOSIS_METADATA_UNAVAILABLE,OFFICIAL_PATH,,SEMANTIC_MAPPING~KOSIS_METADATA,HOLD,KOSIS_METADATA_UNAVAILABLE,,,,,,0,,,
A00509,9,A00509_9,A00509_9,"1990년대까지 두 자릿수에 달했던 경제성장률은 2000년대 들어 5%대, 2010년대엔 3%대, 2020년대 이후 2%대로 갈수록 하락하고 있다.",,indicator=SOURCE | value=SOURCE | unit=SOURCE | time=SOURCE | frequency=SOURCE | region=NOT_APPLICABLE | population=NOT_APPLICABLE | dimension=NOT_APPLICABLE | comparison=SOURCE | calculation=SOURCE | condition=SOURCE | source_hint=NOT_APPLICABLE,예,1,4,0,HOLD,KOSIS_METADATA,KOSIS_METADATA_UNAVAILABLE,OFFICIAL_PATH,,SEMANTIC_MAPPING~KOSIS_METADATA,HOLD,KOSIS_METADATA_UNAVAILABLE,,,,,,0,,,
A00514,8,A00514_8,A00514_8,당시 대규모 추경을 편성해 2008년 4분기 –4.6%까지 추락한 한국 경제성장률을 2010년 6.3%로 ‘V자 반등’을 이뤄내는데 크게 역할을 했다는 평가를 받는다.,,indicator=SOURCE | value=SOURCE | unit=SOURCE | time=SOURCE | frequency=SOURCE | region=SOURCE | population=NOT_APPLICABLE | dimension=NOT_APPLICABLE | comparison=SOURCE | calculation=SOURCE | condition=NOT_APPLICABLE | source_hint=NOT_APPLICABLE,예,1,4,0,HOLD,KOSIS_METADATA,KOSIS_METADATA_UNAVAILABLE,OFFICIAL_PATH,,SEMANTIC_MAPPING~KOSIS_METADATA,HOLD,KOSIS_METADATA_UNAVAILABLE,,,,,,0,,,
A00579,1,A00579_1,A00579_1,지난달 15세 이상 취업자 수가 13만5000명 늘어난 것으로 나타났다.,,indicator=SOURCE | value=SOURCE | unit=SOURCE | time=SOURCE | frequency=SOURCE | region=NOT_APPLICABLE | population=NOT_APPLICABLE | dimension=NOT_APPLICABLE | comparison=NOT_APPLICABLE | calculation=SOURCE | condition=SOURCE | source_hint=NOT_APPLICABLE,예,1,1,0,HOLD,KOSIS_METADATA,KOSIS_METADATA_UNAVAILABLE,OFFICIAL_PATH,,SEMANTIC_MAPPING~KOSIS_METADATA,HOLD,KOSIS_METADATA_UNAVAILABLE,,,,,,0,,,
A00579,17,A00579_17,A00579_17,"대표적으로 도·소매업 취업자는 전년 동월 대비 9만1000명 감소하는 데 그치며, 지난해 8월(-5만5000명) 이후 5개월 만에 최저 감소폭을 보였다.",,indicator=SOURCE | value=SOURCE | unit=SOURCE | time=SOURCE | frequency=SOURCE | region=NOT_APPLICABLE | population=NOT_APPLICABLE | dimension=NOT_APPLICABLE | comparison=SOURCE | calculation=SOURCE | condition=SOURCE | source_hint=NOT_APPLICABLE,예,1,1,0,HOLD,KOSIS_METADATA,KOSIS_METADATA_UNAVAILABLE,OFFICIAL_PATH,,SEMANTIC_MAPPING~KOSIS_METADATA,HOLD,KOSIS_METADATA_UNAVAILABLE,,,,,,0,,,
A00579,21,A00579_21,A00579_21,특히 일용직 근로자가 많은 50대는 취업자가 1만4000명 줄어들면서 지난 2021년 2월(-13만9000명) 이후 47개월 만에 감소세 보이기도 했다.,,indicator=SOURCE | value=SOURCE | unit=SOURCE | time=SOURCE | frequency=SOURCE | region=NOT_APPLICABLE | population=NOT_APPLICABLE | dimension=NOT_APPLICABLE | comparison=SOURCE | calculation=SOURCE | condition=SOURCE | source_hint=NOT_APPLICABLE,예,1,1,0,HOLD,KOSIS_METADATA,KOSIS_METADATA_UNAVAILABLE,OFFICIAL_PATH,,SEMANTIC_MAPPING~KOSIS_METADATA,HOLD,KOSIS_METADATA_UNAVAILABLE,,,,,,0,,,
A00579,3,A00579_3,A00579_3,"14일 통계청이 발표한 ‘1월 고용동향’에 따르면, 지난달 취업자 수는 2787만8000명으로 1년 전(2774만3000명)보다 13만5000명 늘었다.",,indicator=SOURCE | value=SOURCE | unit=SOURCE | time=SOURCE | frequency=SOURCE | region=NOT_APPLICABLE | population=NOT_APPLICABLE | dimension=NOT_APPLICABLE | comparison=SOURCE | calculation=SOURCE | condition=MISSING | source_hint=SOURCE,아니오,1,1,1,HOLD,KOSIS_METADATA,KOSIS_METADATA_UNAVAILABLE,OFFICIAL_PATH,,SEMANTIC_MAPPING~KOSIS_METADATA,HOLD,KOSIS_METADATA_UNAVAILABLE,,,,,,0,,,
A00581,3,A00581_3,A00581_3,"13일 통계청에 따르면, 지난 1월 가공식품 물가지수는 122.03(2020년을 100으로 본 상대적 지수)으로 작년 1월보다 2.7% 상승했다.",,indicator=SOURCE | value=SOURCE | unit=SOURCE | time=SOURCE | frequency=SOURCE | region=NOT_APPLICABLE | population=NOT_APPLICABLE | dimension=NOT_APPLICABLE | comparison=MISSING | calculation=SOURCE | condition=SOURCE | source_hint=SOURCE,아니오,1,14,2,HOLD,KOSIS_METADATA,KOSIS_METADATA_UNAVAILABLE,OFFICIAL_PATH,,SEMANTIC_MAPPING~KOSIS_METADATA,HOLD,KOSIS_METADATA_UNAVAILABLE,,,,,,0,,,
A00588,14,A00588_14,A00588_14,14일 통계청은 지난달 취업자 수가 3만5000명 늘어났다고 밝혔다.,,indicator=SOURCE | value=SOURCE | unit=SOURCE | time=SOURCE | frequency=SOURCE | region=NOT_APPLICABLE | population=NOT_APPLICABLE | dimension=NOT_APPLICABLE | comparison=NOT_APPLICABLE | calculation=SOURCE | condition=SOURCE | source_hint=SOURCE,예,1,1,0,HOLD,KOSIS_METADATA,KOSIS_METADATA_UNAVAILABLE,OFFICIAL_PATH,,SEMANTIC_MAPPING~KOSIS_METADATA,HOLD,KOSIS_METADATA_UNAVAILABLE,,,,,,0,,,
A00588,18,A00588_18,A00588_18,"또 40~50대 종사자가 많은 건설업 취업자 수는 16만9000명 줄었는데, 통계청이 2013년 관련 통계를 집계한 이후 감소 폭이 가장 컸다.",,indicator=SOURCE | value=SOURCE | unit=SOURCE | time=SOURCE | frequency=SOURCE | region=NOT_APPLICABLE | population=NOT_APPLICABLE | dimension=SOURCE | comparison=SOURCE | calculation=SOURCE | condition=SOURCE | source_hint=SOURCE,예,2,20,0,HOLD,KOSIS_METADATA,KOSIS_METADATA_UNAVAILABLE,OFFICIAL_PATH,,SEMANTIC_MAPPING~KOSIS_METADATA,HOLD,KOSIS_METADATA_UNAVAILABLE,,,,,,0,,,
A00621,10,A00621_10,A00621_10,"지난달 도소매 취업자 수는 1년 전보다 9만1000명 줄어든 318만3000명으로, 2013년 관련 통계 집계 이후 1월 기준 역대 최저다.",,indicator=SOURCE | value=SOURCE | unit=SOURCE | time=SOURCE | frequency=SOURCE | region=NOT_APPLICABLE | population=NOT_APPLICABLE | dimension=NOT_APPLICABLE | comparison=SOURCE | calculation=SOURCE | condition=SOURCE | source_hint=NOT_APPLICABLE,예,1,1,0,HOLD,KOSIS_METADATA,KOSIS_METADATA_UNAVAILABLE,OFFICIAL_PATH,,SEMANTIC_MAPPING~KOSIS_METADATA,HOLD,KOSIS_METADATA_UNAVAILABLE,,,,,,0,,,
A00621,3,A00621_3,A00621_3,"16일 통계청에 따르면, 지난달 전체 취업자 수는 2787만8000명으로 1년 전 대비 13만5000명 늘었다.",,indicator=SOURCE | value=SOURCE | unit=SOURCE | time=SOURCE | frequency=SOURCE | region=NOT_APPLICABLE | population=NOT_APPLICABLE | dimension=NOT_APPLICABLE | comparison=SOURCE | calculation=SOURCE | condition=MISSING | source_hint=SOURCE,아니오,1,1,0,HOLD,KOSIS_METADATA,KOSIS_METADATA_UNAVAILABLE,OFFICIAL_PATH,,SEMANTIC_MAPPING~KOSIS_METADATA,HOLD,KOSIS_METADATA_UNAVAILABLE,,,,,,0,,,
A00628,14,A00628_14,A00628_14,"통계청에 따르면, 지난해 취업자는 전년보다 16만명 늘었는데 임금 근로자는 21만5000명 늘었다.",,indicator=SOURCE | value=SOURCE | unit=SOURCE | time=SOURCE | frequency=SOURCE | region=NOT_APPLICABLE | population=NOT_APPLICABLE | dimension=NOT_APPLICABLE | comparison=SOURCE | calculation=SOURCE | condition=MISSING | source_hint=SOURCE,아니오,1,1,0,HOLD,KOSIS_METADATA,KOSIS_METADATA_UNAVAILABLE,OFFICIAL_PATH,,SEMANTIC_MAPPING~KOSIS_METADATA,HOLD,KOSIS_METADATA_UNAVAILABLE,,,,,,0,,,
A00635,5,A00635_5,A00635_5,"지난달 취업자 10명 중 1명은 병원, 복지 기관, 정부가 제공하는 복지성 일자리 등에서 일한다는 뜻이다.",,indicator=SOURCE | value=SOURCE | unit=SOURCE | time=SOURCE | frequency=SOURCE | region=NOT_APPLICABLE | population=NOT_APPLICABLE | dimension=NOT_APPLICABLE | comparison=SOURCE | calculation=SOURCE | condition=NOT_APPLICABLE | source_hint=NOT_APPLICABLE,예,1,1,0,HOLD,KOSIS_METADATA,KOSIS_METADATA_UNAVAILABLE,OFFICIAL_PATH,,SEMANTIC_MAPPING~KOSIS_METADATA,HOLD,KOSIS_METADATA_UNAVAILABLE,,,,,,0,,,
A00655,8,A00655_8,A00655_8,"지난달 생산자물가가 오른 것은 농림수산품 물가가 전월 대비 4%, 공산품이 0.6% 오른 것 등이 영향을 줬다.",,indicator=SOURCE | value=SOURCE | unit=SOURCE | time=SOURCE | frequency=SOURCE | region=NOT_APPLICABLE | population=NOT_APPLICABLE | dimension=NOT_APPLICABLE | comparison=SOURCE | calculation=SOURCE | condition=MISSING | source_hint=NOT_APPLICABLE,아니오,3,44,0,HOLD,KOSIS_METADATA,KOSIS_METADATA_UNAVAILABLE,OFFICIAL_PATH,,SEMANTIC_MAPPING~KOSIS_METADATA,HOLD,KOSIS_METADATA_UNAVAILABLE,,,,,,0,,,
A00669,2,A00669_2,A00669_2,지난달 생산자물가는 전월 대비 0.6% 오르며 17개월 만에 최대 폭으로 상승했다.,,indicator=SOURCE | value=SOURCE | unit=SOURCE | time=SOURCE | frequency=SOURCE | region=NOT_APPLICABLE | population=NOT_APPLICABLE | dimension=NOT_APPLICABLE | comparison=SOURCE | calculation=SOURCE | condition=SOURCE | source_hint=NOT_APPLICABLE,예,3,2,0,HOLD,KOSIS_METADATA,KOSIS_METADATA_UNAVAILABLE,OFFICIAL_PATH,,SEMANTIC_MAPPING~KOSIS_METADATA,HOLD,KOSIS_METADATA_UNAVAILABLE,,,,,,0,,,
A00675,1,A00675_1,A00675_1,경북 울릉군이 지난해 하반기 전국 시·군·구 228곳 중 고용률 1위 자리를 지켰다.,,indicator=SOURCE | value=SOURCE | unit=SOURCE | time=SOURCE | frequency=SOURCE | region=SOURCE | population=NOT_APPLICABLE | dimension=MISSING | comparison=SOURCE | calculation=SOURCE | condition=SOURCE | source_hint=NOT_APPLICABLE,아니오,2,1,0,HOLD,KOSIS_METADATA,KOSIS_METADATA_UNAVAILABLE,OFFICIAL_PATH,,SEMANTIC_MAPPING~KOSIS_METADATA,HOLD,KOSIS_METADATA_UNAVAILABLE,,,,,,0,,,
A00675,3,A00675_3,A00675_3,"20일 통계청은 ‘2024년 하반기 지역별 고용조사’에서 지난해 하반기 울릉군의 고용률은 83.5%로, 전년 동기 대비 1.1%포인트 상승했다고 밝혔다.",,indicator=SOURCE | value=SOURCE | unit=SOURCE | time=SOURCE | frequency=SOURCE | region=SOURCE | population=NOT_APPLICABLE | dimension=NOT_APPLICABLE | comparison=SOURCE | calculation=SOURCE | condition=SOURCE | source_hint=SOURCE,예,2,1,1,HOLD,KOSIS_METADATA,KOSIS_METADATA_UNAVAILABLE,OFFICIAL_PATH,,SEMANTIC_MAPPING~KOSIS_METADATA,HOLD,KOSIS_METADATA_UNAVAILABLE,,,,,,0,,,
A00708,6,A00708_6,A00708_6,한국도 물가 상승률이 5.1%에 달했던 2022년부터 도입 논의가 본격화됐다.,,indicator=SOURCE | value=SOURCE | unit=SOURCE | time=SOURCE | frequency=SOURCE | region=SOURCE | population=NOT_APPLICABLE | dimension=NOT_APPLICABLE | comparison=MISSING | calculation=SOURCE | condition=SOURCE | source_hint=NOT_APPLICABLE,아니오,3,2,0,HOLD,KOSIS_METADATA,KOSIS_METADATA_UNAVAILABLE,OFFICIAL_PATH,,SEMANTIC_MAPPING~KOSIS_METADATA,HOLD,KOSIS_METADATA_UNAVAILABLE,,,,,,0,,,
A00708,7,A00708_7,A00708_7,가령 24% 세율이 적용되는 과표 구간은 ‘5000만원 초과 8800만원 이하’인데 작년 소비자물가 지수(114)가 2020년(100)보다 14% 오른 것을 감안해 ‘5700만원 초과 1억원 이하’로 높이자는 것이다.,,indicator=SOURCE | value=SOURCE | unit=SOURCE | time=SOURCE | frequency=SOURCE | region=NOT_APPLICABLE | population=NOT_APPLICABLE | dimension=NOT_APPLICABLE | comparison=SOURCE | calculation=SOURCE | condition=SOURCE | source_hint=NOT_APPLICABLE,예,4,2,0,HOLD,KOSIS_METADATA,KOSIS_METADATA_UNAVAILABLE,OFFICIAL_PATH,,SEMANTIC_MAPPING~KOSIS_METADATA,HOLD,KOSIS_METADATA_UNAVAILABLE,,,,,,0,,,
A00722,16,A00722_16,A00722_16,한은은 계엄사태 등을 반영해 지난달 올해 경제성장률이 1.6~1.7% 정도 될 것이라고 발표했는데 이보다도 더 낮춘 것이다.,,indicator=SOURCE | value=SOURCE | unit=SOURCE | time=SOURCE | frequency=SOURCE | region=NOT_APPLICABLE | population=NOT_APPLICABLE | dimension=NOT_APPLICABLE | comparison=NOT_APPLICABLE | calculation=SOURCE | condition=NOT_APPLICABLE | source_hint=NOT_APPLICABLE,예,1,4,0,HOLD,KOSIS_METADATA,KOSIS_METADATA_UNAVAILABLE,OFFICIAL_PATH,,SEMANTIC_MAPPING~KOSIS_METADATA,HOLD,KOSIS_METADATA_UNAVAILABLE,,,,,,0,,,
A00722,6,A00722_6,A00722_6,"작년 4분기 경제성장률은 전 분기 대비 0.1%로, 외환 위기 직격탄을 맞았던 1998년 이후 처음으로 3개 분기 연속 0%대 안팎의 성장을 했다.",,indicator=SOURCE | value=SOURCE | unit=SOURCE | time=SOURCE | frequency=SOURCE | region=NOT_APPLICABLE | population=NOT_APPLICABLE | dimension=NOT_APPLICABLE | comparison=SOURCE | calculation=SOURCE | condition=NOT_APPLICABLE | source_hint=NOT_APPLICABLE,예,1,4,1,HOLD,KOSIS_METADATA,KOSIS_METADATA_UNAVAILABLE,OFFICIAL_PATH,,SEMANTIC_MAPPING~KOSIS_METADATA,HOLD,KOSIS_METADATA_UNAVAILABLE,,,,,,0,,,
A00723,34,A00723_34,A00723_34,1월 소비자물가상승률이 전년 대비 2.2% 오른 등 물가도 작년 10월부터 계속해서 오르고 있다.,,indicator=SOURCE | value=SOURCE | unit=SOURCE | time=SOURCE | frequency=SOURCE | region=NOT_APPLICABLE | population=NOT_APPLICABLE | dimension=NOT_APPLICABLE | comparison=SOURCE | calculation=SOURCE | condition=SOURCE | source_hint=NOT_APPLICABLE,예,4,2,0,HOLD,KOSIS_METADATA,KOSIS_METADATA_UNAVAILABLE,OFFICIAL_PATH,,SEMANTIC_MAPPING~KOSIS_METADATA,HOLD,KOSIS_METADATA_UNAVAILABLE,,,,,,0,,,
A00735,5,A00735_5,A00735_5,한은은 1년 전인 작년 2월까지만 해도 올해 우리나라 성장률을 2.3%로 봤다.,,indicator=SOURCE | value=SOURCE | unit=SOURCE | time=SOURCE | frequency=SOURCE | region=SOURCE | population=NOT_APPLICABLE | dimension=NOT_APPLICABLE | comparison=SOURCE | calculation=SOURCE | condition=MISSING | source_hint=NOT_APPLICABLE,아니오,1,4,1,HOLD,KOSIS_METADATA,KOSIS_METADATA_UNAVAILABLE,OFFICIAL_PATH,,SEMANTIC_MAPPING~KOSIS_METADATA,HOLD,KOSIS_METADATA_UNAVAILABLE,,,,,,0,,,
A00735,8,A00735_8,A00735_8,"게다가 한은은 이날 올해 트럼프발 관세 전쟁이 격화되면 올해, 내년 성장률이 1.4%까지 떨어질 것을 경고했다.",,indicator=SOURCE | value=SOURCE | unit=SOURCE | time=SOURCE | frequency=SOURCE | region=NOT_APPLICABLE | population=NOT_APPLICABLE | dimension=NOT_APPLICABLE | comparison=NOT_APPLICABLE | calculation=SOURCE | condition=SOURCE | source_hint=NOT_APPLICABLE,예,1,4,1,HOLD,KOSIS_METADATA,KOSIS_METADATA_UNAVAILABLE,OFFICIAL_PATH,,SEMANTIC_MAPPING~KOSIS_METADATA,HOLD,KOSIS_METADATA_UNAVAILABLE,,,,,,0,,,
A00749,10,A00749_10,A00749_10,◇출산율 반등 주역은 ‘에코 붐 세대’ 2011년 이후 13년 만에 혼인 건수와 출생아 수가 모두 늘어나면서 ‘인구 소멸 1호 국가’로 지목돼온 한국이 저출생 극복을 위한 골든 타임을 맞이했다는 진단이 나온다.,,indicator=SOURCE | value=SOURCE | unit=SOURCE | time=SOURCE | frequency=SOURCE | region=SOURCE | population=NOT_APPLICABLE | dimension=NOT_APPLICABLE | comparison=NOT_APPLICABLE | calculation=SOURCE | condition=SOURCE | source_hint=NOT_APPLICABLE,예,2,11,0,HOLD,KOSIS_METADATA,KOSIS_METADATA_UNAVAILABLE,OFFICIAL_PATH,,SEMANTIC_MAPPING~KOSIS_METADATA,HOLD,KOSIS_METADATA_UNAVAILABLE,,,,,,0,,,
A00749,14,A00749_14,A00749_14,"1990년 64만9000명대였던 출생아 수가 1991년 70만9000명대로 뛰어오른 데 이어, 올해 33세인 1992년생은 출생아 수가 73만명대로 2차 에코 붐 세대 중에서도 가장 많았기 때문이다.",,indicator=SOURCE | value=SOURCE | unit=SOURCE | time=SOURCE | frequency=SOURCE | region=NOT_APPLICABLE | population=NOT_APPLICABLE | dimension=NOT_APPLICABLE | comparison=SOURCE | calculation=SOURCE | condition=NOT_APPLICABLE | source_hint=NOT_APPLICABLE,예,2,11,0,HOLD,KOSIS_METADATA,KOSIS_METADATA_UNAVAILABLE,OFFICIAL_PATH,,SEMANTIC_MAPPING~KOSIS_METADATA,HOLD,KOSIS_METADATA_UNAVAILABLE,,,,,,0,,,
A00749,16,A00749_16,A00749_16,출생아 증가세가 이어질 경우 2027년을 전후해 합계 출산율 0.8명 달성도 가능하다고 주 부위원장은 내다봤다.,,indicator=SOURCE | value=SOURCE | unit=SOURCE | time=SOURCE | frequency=SOURCE | region=NOT_APPLICABLE | population=NOT_APPLICABLE | dimension=NOT_APPLICABLE | comparison=NOT_APPLICABLE | calculation=SOURCE | condition=SOURCE | source_hint=NOT_APPLICABLE,예,2,11,0,HOLD,KOSIS_METADATA,KOSIS_METADATA_UNAVAILABLE,OFFICIAL_PATH,,SEMANTIC_MAPPING~KOSIS_METADATA,HOLD,KOSIS_METADATA_UNAVAILABLE,,,,,,0,,,
A00749,4,A00749_4,A00749_4,"26일 통계청이 발표한 ‘2024년 12월 인구 동향’에 따르면, 작년 출생아 수는 23만8300명으로 1년 전보다 8272명 늘었다.",,indicator=SOURCE | value=SOURCE | unit=SOURCE | time=SOURCE | frequency=SOURCE | region=NOT_APPLICABLE | population=NOT_APPLICABLE | dimension=NOT_APPLICABLE | comparison=SOURCE | calculation=SOURCE | condition=MISSING | source_hint=SOURCE,아니오,2,11,0,HOLD,KOSIS_METADATA,KOSIS_METADATA_UNAVAILABLE,OFFICIAL_PATH,,SEMANTIC_MAPPING~KOSIS_METADATA,HOLD,KOSIS_METADATA_UNAVAILABLE,,,,,,0,,,
A00761,4,A00761_4,A00761_4,가격 변동폭이 큰 에너지와 식료품을 제외한 근원 PCE 물가지수는 전월(2.8%)보다 약간 하락한 2.6%를 기록했다.,,indicator=SOURCE | value=SOURCE | unit=SOURCE | time=SOURCE | frequency=SOURCE | region=NOT_APPLICABLE | population=NOT_APPLICABLE | dimension=NOT_APPLICABLE | comparison=SOURCE | calculation=SOURCE | condition=SOURCE | source_hint=NOT_APPLICABLE,예,1,14,0,HOLD,KOSIS_METADATA,KOSIS_METADATA_UNAVAILABLE,OFFICIAL_PATH,,SEMANTIC_MAPPING~KOSIS_METADATA,HOLD,KOSIS_METADATA_UNAVAILABLE,,,,,,0,,,
A00816,4,A00816_4,A00816_4,통계청이 4일 발표한 ‘1월 산업활동 동향’에 따르면 지난 1월 전(全)산업 생산지수는 111.2(2020년=100)로 전달보다 2.7% 줄었다.,,indicator=SOURCE | value=SOURCE | unit=SOURCE | time=SOURCE | frequency=SOURCE | region=NOT_APPLICABLE | population=NOT_APPLICABLE | dimension=NOT_APPLICABLE | comparison=MISSING | calculation=SOURCE | condition=MISSING | source_hint=SOURCE,아니오,2,2,0,HOLD,KOSIS_METADATA,KOSIS_METADATA_UNAVAILABLE,OFFICIAL_PATH,,SEMANTIC_MAPPING~KOSIS_METADATA,HOLD,KOSIS_METADATA_UNAVAILABLE,,,,,,0,,,
A00816,6,A00816_6,A00816_6,작년 11월 1.2% 줄었던 전산업 생산은 12월 1.7% 증가했지만 올해 첫 달 들어 다시 감소세로 돌아섰다.,,indicator=SOURCE | value=SOURCE | unit=SOURCE | time=SOURCE | frequency=SOURCE | region=NOT_APPLICABLE | population=NOT_APPLICABLE | dimension=NOT_APPLICABLE | comparison=SOURCE | calculation=SOURCE | condition=SOURCE | source_hint=NOT_APPLICABLE,예,2,2,0,HOLD,KOSIS_METADATA,KOSIS_METADATA_UNAVAILABLE,OFFICIAL_PATH,,SEMANTIC_MAPPING~KOSIS_METADATA,HOLD,KOSIS_METADATA_UNAVAILABLE,,,,,,0,,,
A00838,16,A00838_16,A00838_16,실제 우리나라 인구는 지난해 12만명 줄어드는 등 5년간 45만명 이상 감소했다.,,indicator=SOURCE | value=SOURCE | unit=SOURCE | time=SOURCE | frequency=SOURCE | region=SOURCE | population=NOT_APPLICABLE | dimension=NOT_APPLICABLE | comparison=SOURCE | calculation=SOURCE | condition=SOURCE | source_hint=NOT_APPLICABLE,예,1,2,1,HOLD,KOSIS_METADATA,KOSIS_METADATA_UNAVAILABLE,OFFICIAL_PATH,,SEMANTIC_MAPPING~KOSIS_METADATA,HOLD,KOSIS_METADATA_UNAVAILABLE,,,,,,0,,,
A00838,3,A00838_3,A00838_3,"고용노동부가 사업체 5만여 곳을 대상으로 조사한 결과에 따르면 지난해 우리나라 근로자 월평균 명목임금은 407만9000원이고, 물가 수준을 고려한 실질임금은 월평균 357만3000원이다.",,indicator=SOURCE | value=SOURCE | unit=SOURCE | time=SOURCE | frequency=SOURCE | region=SOURCE | population=NOT_APPLICABLE | dimension=NOT_APPLICABLE | comparison=SOURCE | calculation=SOURCE | condition=NOT_APPLICABLE | source_hint=SOURCE,예,3,2,0,HOLD,KOSIS_METADATA,KOSIS_METADATA_UNAVAILABLE,OFFICIAL_PATH,,SEMANTIC_MAPPING~KOSIS_METADATA,HOLD,KOSIS_METADATA_UNAVAILABLE,,,,,,0,,,
A00840,1,A00840_1,A00840_1,지난달 물가 상승률이 2%를 기록하며 지난 1월(2.2%)에 이어 두 달 연속으로 2%대를 기록했다.,,indicator=SOURCE | value=SOURCE | unit=SOURCE | time=SOURCE | frequency=SOURCE | region=NOT_APPLICABLE | population=NOT_APPLICABLE | dimension=NOT_APPLICABLE | comparison=SOURCE | calculation=SOURCE | condition=SOURCE | source_hint=NOT_APPLICABLE,예,3,2,0,HOLD,KOSIS_METADATA,KOSIS_METADATA_UNAVAILABLE,OFFICIAL_PATH,,SEMANTIC_MAPPING~KOSIS_METADATA,HOLD,KOSIS_METADATA_UNAVAILABLE,,,,,,0,,,
A00840,5,A00840_5,A00840_5,물가 상승률은 지난해 9월(1.6%)부터 4개월간 1%대로 가라앉았다가 올해 들어 꾸준히 2%대를 유지하고 있다.,,indicator=SOURCE | value=SOURCE | unit=SOURCE | time=SOURCE | frequency=SOURCE | region=NOT_APPLICABLE | population=NOT_APPLICABLE | dimension=NOT_APPLICABLE | comparison=SOURCE | calculation=SOURCE | condition=SOURCE | source_hint=NOT_APPLICABLE,예,3,2,2,HOLD,KOSIS_METADATA,KOSIS_METADATA_UNAVAILABLE,OFFICIAL_PATH,,SEMANTIC_MAPPING~KOSIS_METADATA,HOLD,KOSIS_METADATA_UNAVAILABLE,,,,,,0,,,
A00846,3,A00846_3,A00846_3,실업률 또한 4.1%로 전월(4%)보다 높아졌다.,,indicator=SOURCE | value=SOURCE | unit=SOURCE | time=SOURCE | frequency=SOURCE | region=NOT_APPLICABLE | population=NOT_APPLICABLE | dimension=NOT_APPLICABLE | comparison=SOURCE | calculation=SOURCE | condition=MISSING | source_hint=NOT_APPLICABLE,아니오,1,19,5,HOLD,KOSIS_METADATA,KOSIS_METADATA_UNAVAILABLE,OFFICIAL_PATH,,SEMANTIC_MAPPING~KOSIS_METADATA,HOLD,KOSIS_METADATA_UNAVAILABLE,,,,,,0,,,
A00922,25,A00922_25,A00922_25,도·소매업 취업자는 6만5000명 감소하며 지난해 3월(-1만4000명)부터 1년째 감소세가 이어지고 있다.,,indicator=SOURCE | value=SOURCE | unit=SOURCE | time=SOURCE | frequency=SOURCE | region=NOT_APPLICABLE | population=NOT_APPLICABLE | dimension=NOT_APPLICABLE | comparison=SOURCE | calculation=SOURCE | condition=SOURCE | source_hint=NOT_APPLICABLE,예,1,1,0,HOLD,KOSIS_METADATA,KOSIS_METADATA_UNAVAILABLE,OFFICIAL_PATH,,SEMANTIC_MAPPING~KOSIS_METADATA,HOLD,KOSIS_METADATA_UNAVAILABLE,,,,,,0,,,
A00922,27,A00922_27,A00922_27,"다만, 지난달 15세 이상 전체 취업자는 2817만9000명으로 전년 같은 달보다 13만6000명 늘었다.",,indicator=SOURCE | value=SOURCE | unit=SOURCE | time=SOURCE | frequency=SOURCE | region=NOT_APPLICABLE | population=NOT_APPLICABLE | dimension=NOT_APPLICABLE | comparison=SOURCE | calculation=SOURCE | condition=SOURCE | source_hint=NOT_APPLICABLE,예,1,1,0,HOLD,KOSIS_METADATA,KOSIS_METADATA_UNAVAILABLE,OFFICIAL_PATH,,SEMANTIC_MAPPING~KOSIS_METADATA,HOLD,KOSIS_METADATA_UNAVAILABLE,,,,,,0,,,
A00922,28,A00922_28,A00922_28,"월간 취업자 수는 지난해 12월 5만2000명 줄었다가, 올해 들어서는 1월(13만5000명)과 2월 두 달 연속 증가했다.",,indicator=SOURCE | value=SOURCE | unit=SOURCE | time=SOURCE | frequency=SOURCE | region=NOT_APPLICABLE | population=NOT_APPLICABLE | dimension=NOT_APPLICABLE | comparison=SOURCE | calculation=SOURCE | condition=SOURCE | source_hint=NOT_APPLICABLE,예,1,1,1,HOLD,KOSIS_METADATA,KOSIS_METADATA_UNAVAILABLE,OFFICIAL_PATH,,SEMANTIC_MAPPING~KOSIS_METADATA,HOLD,KOSIS_METADATA_UNAVAILABLE,,,,,,0,,,
A00922,29,A00922_29,A00922_29,60세 이상이 전년 같은 달 대비 34만2000명 늘어나며 전체 취업자 증가세를 이끌었다.,,indicator=SOURCE | value=SOURCE | unit=SOURCE | time=SOURCE | frequency=SOURCE | region=NOT_APPLICABLE | population=NOT_APPLICABLE | dimension=NOT_APPLICABLE | comparison=NOT_APPLICABLE | calculation=SOURCE | condition=SOURCE | source_hint=NOT_APPLICABLE,예,1,1,1,HOLD,KOSIS_METADATA,KOSIS_METADATA_UNAVAILABLE,OFFICIAL_PATH,,SEMANTIC_MAPPING~KOSIS_METADATA,HOLD,KOSIS_METADATA_UNAVAILABLE,,,,,,0,,,
A00922,8,A00922_8,A00922_8,지난달 청년층 고용률은 44.3%에 그치며 전년 같은 달 대비 1.7%포인트 감소했다.,,indicator=SOURCE | value=SOURCE | unit=SOURCE | time=SOURCE | frequency=SOURCE | region=NOT_APPLICABLE | population=SOURCE | dimension=SOURCE | comparison=SOURCE | calculation=SOURCE | condition=SOURCE | source_hint=NOT_APPLICABLE,예,2,20,0,HOLD,KOSIS_METADATA,KOSIS_METADATA_UNAVAILABLE,OFFICIAL_PATH,,SEMANTIC_MAPPING~KOSIS_METADATA,HOLD,KOSIS_METADATA_UNAVAILABLE,,,,,,0,,,
A00970,20,A00970_20,A00970_20,지난달 ICT 무역 수지는 58억1000만달러 흑자를 기록했다.,,indicator=SOURCE | value=SOURCE | unit=SOURCE | time=SOURCE | frequency=SOURCE | region=NOT_APPLICABLE | population=NOT_APPLICABLE | dimension=NOT_APPLICABLE | comparison=NOT_APPLICABLE | calculation=SOURCE | condition=NOT_APPLICABLE | source_hint=NOT_APPLICABLE,예,1,3,0,HOLD,KOSIS_METADATA,KOSIS_METADATA_UNAVAILABLE,OFFICIAL_PATH,,SEMANTIC_MAPPING~KOSIS_METADATA,HOLD,KOSIS_METADATA_UNAVAILABLE,,,,,,0,,,
A01124,12,A01124_12,A01124_12,대학생들의 MT(멤버십 트레이닝)촌으로 유명한 경기 가평군도 작년 8월 등록 인구의 22.4배인 149만9151명이 체류한 것으로 파악됐다.,,indicator=SOURCE | value=SOURCE | unit=SOURCE | time=SOURCE | frequency=SOURCE | region=SOURCE | population=NOT_APPLICABLE | dimension=NOT_APPLICABLE | comparison=SOURCE | calculation=SOURCE | condition=NOT_APPLICABLE | source_hint=NOT_APPLICABLE,예,2,2,0,HOLD,KOSIS_METADATA,KOSIS_METADATA_UNAVAILABLE,OFFICIAL_PATH,,SEMANTIC_MAPPING~KOSIS_METADATA,HOLD,KOSIS_METADATA_UNAVAILABLE,,,,,,0,,,
A01124,14,A01124_14,A01124_14,전국 89개 인구 감소 지역 생활 인구는 작년 1월 2274만여 명에서 작년 8월 3361만여 명으로 1000만명 넘게 불었다.,,indicator=SOURCE | value=SOURCE | unit=SOURCE | time=SOURCE | frequency=SOURCE | region=SOURCE | population=NOT_APPLICABLE | dimension=NOT_APPLICABLE | comparison=SOURCE | calculation=SOURCE | condition=SOURCE | source_hint=NOT_APPLICABLE,예,1,2,0,HOLD,KOSIS_METADATA,KOSIS_METADATA_UNAVAILABLE,OFFICIAL_PATH,,SEMANTIC_MAPPING~KOSIS_METADATA,HOLD,KOSIS_METADATA_UNAVAILABLE,,,,,,0,,,
A01124,18,A01124_18,A01124_18,작년 8월 전체 카드 사용액 대비 체류 인구의 카드 사용액 비율은 전국 인구 감소 지역에서 평균 49.7%로 절반에 육박했다.,,indicator=SOURCE | value=SOURCE | unit=SOURCE | time=SOURCE | frequency=SOURCE | region=SOURCE | population=NOT_APPLICABLE | dimension=NOT_APPLICABLE | comparison=SOURCE | calculation=SOURCE | condition=SOURCE | source_hint=NOT_APPLICABLE,예,1,2,0,HOLD,KOSIS_METADATA,KOSIS_METADATA_UNAVAILABLE,OFFICIAL_PATH,,SEMANTIC_MAPPING~KOSIS_METADATA,HOLD,KOSIS_METADATA_UNAVAILABLE,,,,,,0,,,
A01124,2,A01124_2,A01124_2,"이들이 지갑을 열면서, 작년 8월 네 지역을 포함한 강원도 내 인구 감소 지역의 전체 카드 사용액 중 관광객 등 방문자들의 카드 사용액이 차지하는 비율이 66.7%에 달했다.",,indicator=SOURCE | value=SOURCE | unit=SOURCE | time=SOURCE | frequency=SOURCE | region=SOURCE | population=NOT_APPLICABLE | dimension=NOT_APPLICABLE | comparison=SOURCE | calculation=SOURCE | condition=SOURCE | source_hint=NOT_APPLICABLE,예,2,2,0,HOLD,KOSIS_METADATA,KOSIS_METADATA_UNAVAILABLE,OFFICIAL_PATH,,SEMANTIC_MAPPING~KOSIS_METADATA,HOLD,KOSIS_METADATA_UNAVAILABLE,,,,,,0,,,
A01124,20,A01124_20,A01124_20,◇관광객 1인당 소비액은 정체 다만 작년 8월 전국 인구 감소 지역의 관광객 등 체류 인구 1인당 카드 사용액은 11만1000원으로 두 달 전인 6월(11만5000원)보다 되레 소폭 줄었다.,,indicator=SOURCE | value=SOURCE | unit=SOURCE | time=SOURCE | frequency=SOURCE | region=SOURCE | population=NOT_APPLICABLE | dimension=NOT_APPLICABLE | comparison=SOURCE | calculation=SOURCE | condition=SOURCE | source_hint=NOT_APPLICABLE,예,1,2,0,HOLD,KOSIS_METADATA,KOSIS_METADATA_UNAVAILABLE,OFFICIAL_PATH,,SEMANTIC_MAPPING~KOSIS_METADATA,HOLD,KOSIS_METADATA_UNAVAILABLE,,,,,,0,,,
A01124,4,A01124_4,A01124_4,"27일 통계청은 ‘2024년 3분기 생활 인구 산정 결과’에서 작년 8월 강원도 내 인구 감소 지역에 해당하는 12개 시·군·구의 체류 인구는 562만4000명으로, 지역에 거주하는 내·외국인 등록 인구(47만7000명)의 11.8배에 달했다고 밝혔다.",,indicator=SOURCE | value=SOURCE | unit=SOURCE | time=SOURCE | frequency=SOURCE | region=SOURCE | population=NOT_APPLICABLE | dimension=NOT_APPLICABLE | comparison=SOURCE | calculation=SOURCE | condition=SOURCE | source_hint=SOURCE,예,2,2,0,HOLD,KOSIS_METADATA,KOSIS_METADATA_UNAVAILABLE,OFFICIAL_PATH,,SEMANTIC_MAPPING~KOSIS_METADATA,HOLD,KOSIS_METADATA_UNAVAILABLE,,,,,,0,,,
A01124,9,A01124_9,A01124_9,"작년 8월 양양군의 등록 인구는 2만7578명이었지만, 관광객 등 체류 인구는 그보다 28.2배나 많은 79만1737명에 달했다.",,indicator=SOURCE | value=SOURCE | unit=SOURCE | time=SOURCE | frequency=SOURCE | region=NOT_APPLICABLE | population=NOT_APPLICABLE | dimension=NOT_APPLICABLE | comparison=SOURCE | calculation=SOURCE | condition=NOT_APPLICABLE | source_hint=NOT_APPLICABLE,예,1,2,0,HOLD,KOSIS_METADATA,KOSIS_METADATA_UNAVAILABLE,OFFICIAL_PATH,,SEMANTIC_MAPPING~KOSIS_METADATA,HOLD,KOSIS_METADATA_UNAVAILABLE,,,,,,0,,,
A01164,14,A01164_14,A01164_14,"다만 건설 수주액은 전년 동월 대비 6.9% 감소해, 향후 건설업 경기에 대한 우려도 남겼다.",,indicator=SOURCE | value=SOURCE | unit=SOURCE | time=SOURCE | frequency=SOURCE | region=SOURCE | population=NOT_APPLICABLE | dimension=SOURCE | comparison=MISSING | calculation=SOURCE | condition=SOURCE | source_hint=NOT_APPLICABLE,아니오,8,32,1,HOLD,KOSIS_METADATA,KOSIS_METADATA_UNAVAILABLE,OFFICIAL_PATH,,SEMANTIC_MAPPING~KOSIS_METADATA,HOLD,KOSIS_METADATA_UNAVAILABLE,,,,,,0,,,
A01190,1,A01190_1,A01190_1,0 지난달 소비자물가가 전년 동월 대비 2.1% 오르며 3개월 연속 2%대 물가상승률을 보였다.,,indicator=SOURCE | value=SOURCE | unit=SOURCE | time=SOURCE | frequency=SOURCE | region=NOT_APPLICABLE | population=NOT_APPLICABLE | dimension=NOT_APPLICABLE | comparison=SOURCE | calculation=SOURCE | condition=SOURCE | source_hint=NOT_APPLICABLE,예,3,2,0,HOLD,KOSIS_METADATA,KOSIS_METADATA_UNAVAILABLE,OFFICIAL_PATH,,SEMANTIC_MAPPING~KOSIS_METADATA,HOLD,KOSIS_METADATA_UNAVAILABLE,,,,,,0,,,
A01190,12,A01190_12,A01190_12,"외식 물가는 지난 2월(3%)에 이어 지난달에도 3% 상승했는데, 생선회(5.4%)와 치킨(5.3%) 등 소비자들이 자주 찾는 외식 품목들의 가격이 크게 오르며 체감 물가상승률을 높였다.",,indicator=SOURCE | value=SOURCE | unit=SOURCE | time=SOURCE | frequency=SOURCE | region=NOT_APPLICABLE | population=NOT_APPLICABLE | dimension=NOT_APPLICABLE | comparison=SOURCE | calculation=SOURCE | condition=SOURCE | source_hint=NOT_APPLICABLE,예,3,2,0,HOLD,KOSIS_METADATA,KOSIS_METADATA_UNAVAILABLE,OFFICIAL_PATH,,SEMANTIC_MAPPING~KOSIS_METADATA,HOLD,KOSIS_METADATA_UNAVAILABLE,,,,,,0,,,
A01190,4,A01190_4,A01190_4,"2일 통계청이 발표한 ‘3월 소비자물가 동향’에 따르면, 지난달 소비자물가 지수는 116.29로 전년 동월 대비 2.1% 상승했다.",,indicator=SOURCE | value=SOURCE | unit=SOURCE | time=SOURCE | frequency=SOURCE | region=NOT_APPLICABLE | population=NOT_APPLICABLE | dimension=NOT_APPLICABLE | comparison=MISSING | calculation=SOURCE | condition=SOURCE | source_hint=SOURCE,아니오,4,2,0,HOLD,KOSIS_METADATA,KOSIS_METADATA_UNAVAILABLE,OFFICIAL_PATH,,SEMANTIC_MAPPING~KOSIS_METADATA,HOLD,KOSIS_METADATA_UNAVAILABLE,,,,,,0,,,
A01190,5,A01190_5,A01190_5,"소비자물가는 작년 9월(1.6%)부터 12월(1.9%)까지 4개월간 1%대를 유지하다가, 올해 들어 지난 1월(2.2%)과 2월(2%)에 이어 세 달 연속으로 2%대를 기록했다.",,indicator=SOURCE | value=SOURCE | unit=SOURCE | time=SOURCE | frequency=SOURCE | region=NOT_APPLICABLE | population=NOT_APPLICABLE | dimension=NOT_APPLICABLE | comparison=SOURCE | calculation=SOURCE | condition=NOT_APPLICABLE | source_hint=NOT_APPLICABLE,예,4,2,0,HOLD,KOSIS_METADATA,KOSIS_METADATA_UNAVAILABLE,OFFICIAL_PATH,,SEMANTIC_MAPPING~KOSIS_METADATA,HOLD,KOSIS_METADATA_UNAVAILABLE,,,,,,0,,,
A01190,9,A01190_9,A01190_9,"지난달 가공식품 물가는 전년 동월 대비 3.6% 올랐는데, 지난해 1월(3.2%) 이후 14개월 만에 최대 증가폭이다.",,indicator=SOURCE | value=SOURCE | unit=SOURCE | time=SOURCE | frequency=SOURCE | region=NOT_APPLICABLE | population=NOT_APPLICABLE | dimension=NOT_APPLICABLE | comparison=SOURCE | calculation=SOURCE | condition=SOURCE | source_hint=NOT_APPLICABLE,예,3,2,0,HOLD,KOSIS_METADATA,KOSIS_METADATA_UNAVAILABLE,OFFICIAL_PATH,,SEMANTIC_MAPPING~KOSIS_METADATA,HOLD,KOSIS_METADATA_UNAVAILABLE,,,,,,0,,,
A01194,4,A01194_4,A01194_4,"통계청에 따르면, 지난달 농·축산물 물가는 전년 동월 대비 0.4% 오르며 지난 2월(0.6%)에 이어 두 달째 0%대를 기록했다.",,indicator=SOURCE | value=SOURCE | unit=SOURCE | time=SOURCE | frequency=SOURCE | region=NOT_APPLICABLE | population=NOT_APPLICABLE | dimension=NOT_APPLICABLE | comparison=SOURCE | calculation=SOURCE | condition=NOT_APPLICABLE | source_hint=SOURCE,예,3,2,0,HOLD,KOSIS_METADATA,KOSIS_METADATA_UNAVAILABLE,OFFICIAL_PATH,,SEMANTIC_MAPPING~KOSIS_METADATA,HOLD,KOSIS_METADATA_UNAVAILABLE,,,,,,0,,,
A01204,6,A01204_6,A01204_6,이날 통계청은 ‘3월 소비자물가 동향’에서 지난달 소비자물가가 전년 동월 대비 2.1% 상승했다고 밝혔다.,,indicator=SOURCE | value=SOURCE | unit=SOURCE | time=SOURCE | frequency=SOURCE | region=NOT_APPLICABLE | population=NOT_APPLICABLE | dimension=NOT_APPLICABLE | comparison=MISSING | calculation=SOURCE | condition=SOURCE | source_hint=SOURCE,아니오,4,2,0,HOLD,KOSIS_METADATA,KOSIS_METADATA_UNAVAILABLE,OFFICIAL_PATH,,SEMANTIC_MAPPING~KOSIS_METADATA,HOLD,KOSIS_METADATA_UNAVAILABLE,,,,,,0,,,
A01204,9,A01204_9,A01204_9,"지난달 가공식품 물가는 전년 대비 3.1% 올랐는데, 이 같은 상승 폭은 2023년 12월(4.2%) 이후 최대치다.",,indicator=SOURCE | value=SOURCE | unit=SOURCE | time=SOURCE | frequency=SOURCE | region=NOT_APPLICABLE | population=NOT_APPLICABLE | dimension=NOT_APPLICABLE | comparison=SOURCE | calculation=SOURCE | condition=SOURCE | source_hint=NOT_APPLICABLE,예,3,2,0,HOLD,KOSIS_METADATA,KOSIS_METADATA_UNAVAILABLE,OFFICIAL_PATH,,SEMANTIC_MAPPING~KOSIS_METADATA,HOLD,KOSIS_METADATA_UNAVAILABLE,,,,,,0,,,
A01278,11,A01278_11,A01278_11,지난 2022년 5월 출범한 윤석열 정부는 건전 재정을 내세우며 ‘GDP 대비 관리 재정 수지 적자 비율’을 3% 이내로 유지하는 재정 준칙 기준을 발표했다.,,indicator=SOURCE | value=SOURCE | unit=SOURCE | time=SOURCE | frequency=SOURCE | region=NOT_APPLICABLE | population=NOT_APPLICABLE | dimension=NOT_APPLICABLE | comparison=SOURCE | calculation=SOURCE | condition=NOT_APPLICABLE | source_hint=NOT_APPLICABLE,예,2,14,0,HOLD,KOSIS_METADATA,KOSIS_METADATA_UNAVAILABLE,OFFICIAL_PATH,,SEMANTIC_MAPPING~KOSIS_METADATA,HOLD,KOSIS_METADATA_UNAVAILABLE,,,,,,0,,,
A01278,8,A01278_8,A01278_8,지난해 총수입에서 총지출을 뺀 통합 재정 수지는 43조5000억원 적자로 GDP 대비 1.7%를 차지했다.,,indicator=SOURCE | value=SOURCE | unit=SOURCE | time=SOURCE | frequency=SOURCE | region=NOT_APPLICABLE | population=NOT_APPLICABLE | dimension=NOT_APPLICABLE | comparison=SOURCE | calculation=SOURCE | condition=NOT_APPLICABLE | source_hint=NOT_APPLICABLE,예,2,14,0,HOLD,KOSIS_METADATA,KOSIS_METADATA_UNAVAILABLE,OFFICIAL_PATH,,SEMANTIC_MAPPING~KOSIS_METADATA,HOLD,KOSIS_METADATA_UNAVAILABLE,,,,,,0,,,
A01285,14,A01285_14,A01285_14,대대적인 건설업계 구조조정 여파로 지난달 건설업 분야 취업자 수가 18만5000명이나 줄어든 결과다.,,indicator=SOURCE | value=SOURCE | unit=SOURCE | time=SOURCE | frequency=SOURCE | region=NOT_APPLICABLE | population=NOT_APPLICABLE | dimension=SOURCE | comparison=NOT_APPLICABLE | calculation=SOURCE | condition=SOURCE | source_hint=NOT_APPLICABLE,예,2,20,1,HOLD,KOSIS_METADATA,KOSIS_METADATA_UNAVAILABLE,OFFICIAL_PATH,,SEMANTIC_MAPPING~KOSIS_METADATA,HOLD,KOSIS_METADATA_UNAVAILABLE,,,,,,0,,,
A01345,8,A01345_8,A01345_8,"통계청에 따르면, 올해 1분기(1~3월) 도소매와 숙박음식점업 취업자 수는 552만7000명으로 전년 동기 대비 1만4000명 줄어들었다.",,indicator=SOURCE | value=SOURCE | unit=SOURCE | time=SOURCE | frequency=SOURCE | region=NOT_APPLICABLE | population=NOT_APPLICABLE | dimension=NOT_APPLICABLE | comparison=SOURCE | calculation=SOURCE | condition=SOURCE | source_hint=SOURCE,예,1,1,1,HOLD,KOSIS_METADATA,KOSIS_METADATA_UNAVAILABLE,OFFICIAL_PATH,,SEMANTIC_MAPPING~KOSIS_METADATA,HOLD,KOSIS_METADATA_UNAVAILABLE,,,,,,0,,,
A01345,9,A01345_9,A01345_9,도소매와 숙박음식점업 취업자 수는 지난해 1분기에 전년 동기 대비 5000명 감소한 이후 5분기(1년 3개월) 연속으로 감소하고 있다.,,indicator=SOURCE | value=SOURCE | unit=SOURCE | time=SOURCE | frequency=SOURCE | region=NOT_APPLICABLE | population=NOT_APPLICABLE | dimension=NOT_APPLICABLE | comparison=SOURCE | calculation=SOURCE | condition=SOURCE | source_hint=NOT_APPLICABLE,예,1,1,1,HOLD,KOSIS_METADATA,KOSIS_METADATA_UNAVAILABLE,OFFICIAL_PATH,,SEMANTIC_MAPPING~KOSIS_METADATA,HOLD,KOSIS_METADATA_UNAVAILABLE,,,,,,0,,,
A01359,11,A01359_11,A01359_11,"지난달 제조업 취업자는 전년 동월 대비 11만2000명 줄며 4년 4개월 만에 최대 감소 폭을 기록했고, 건설업 취업자는 18만5000명 급감하면서 2013년 관련 통계 집계 이래 최대 감소 폭을 보였다.",,indicator=SOURCE | value=SOURCE | unit=SOURCE | time=SOURCE | frequency=SOURCE | region=NOT_APPLICABLE | population=NOT_APPLICABLE | dimension=SOURCE | comparison=SOURCE | calculation=SOURCE | condition=SOURCE | source_hint=NOT_APPLICABLE,예,4,20,0,HOLD,KOSIS_METADATA,KOSIS_METADATA_UNAVAILABLE,OFFICIAL_PATH,,SEMANTIC_MAPPING~KOSIS_METADATA,HOLD,KOSIS_METADATA_UNAVAILABLE,,,,,,0,,,
A01384,4,A01384_4,A01384_4,앞서 이 총재는 지난 2월 “추경을 15~20조원 규모로 하는 게 바람직하다고 본다”며 “이 정도면 성장률을 0.2%포인트 올리는 효과가 있을 것”이라고 한 바 있다.,,indicator=SOURCE | value=SOURCE | unit=SOURCE | time=SOURCE | frequency=SOURCE | region=NOT_APPLICABLE | population=NOT_APPLICABLE | dimension=NOT_APPLICABLE | comparison=SOURCE | calculation=SOURCE | condition=NOT_APPLICABLE | source_hint=NOT_APPLICABLE,예,1,4,0,HOLD,KOSIS_METADATA,KOSIS_METADATA_UNAVAILABLE,OFFICIAL_PATH,,SEMANTIC_MAPPING~KOSIS_METADATA,HOLD,KOSIS_METADATA_UNAVAILABLE,,,,,,0,,,
A01385,5,A01385_5,A01385_5,"전국 농가 수는 1970년 약 248만3000가구였지만, 1984년 약 197만 3000가구로 처음 200만 가구 아래로 떨어진 뒤 2023년에는 100만 가구 선도 깨졌다.",,indicator=SOURCE | value=SOURCE | unit=SOURCE | time=SOURCE | frequency=SOURCE | region=SOURCE | population=SOURCE | dimension=NOT_APPLICABLE | comparison=SOURCE | calculation=SOURCE | condition=SOURCE | source_hint=NOT_APPLICABLE,예,1,11,0,HOLD,KOSIS_METADATA,KOSIS_METADATA_UNAVAILABLE,OFFICIAL_PATH,,SEMANTIC_MAPPING~KOSIS_METADATA,HOLD,KOSIS_METADATA_UNAVAILABLE,,,,,,0,,,
A01385,7,A01385_7,A01385_7,"농가 인구는 2003년 약 353만명에서 2013년 284만7000명으로 크게 감소했고, 지난해에는 간신히 200만명에 턱걸이할 정도로 가파르게 줄고 있다.",,indicator=SOURCE | value=SOURCE | unit=SOURCE | time=SOURCE | frequency=SOURCE | region=NOT_APPLICABLE | population=NOT_APPLICABLE | dimension=NOT_APPLICABLE | comparison=SOURCE | calculation=SOURCE | condition=SOURCE | source_hint=NOT_APPLICABLE,예,1,2,1,HOLD,KOSIS_METADATA,KOSIS_METADATA_UNAVAILABLE,OFFICIAL_PATH,,SEMANTIC_MAPPING~KOSIS_METADATA,HOLD,KOSIS_METADATA_UNAVAILABLE,,,,,,0,,,
A01386,5,A01386_5,A01386_5,또 작년 4분기의 깜짝 성장률(5.4%)과도 같다.,,indicator=SOURCE | value=SOURCE | unit=SOURCE | time=SOURCE | frequency=SOURCE | region=NOT_APPLICABLE | population=NOT_APPLICABLE | dimension=NOT_APPLICABLE | comparison=NOT_APPLICABLE | calculation=SOURCE | condition=NOT_APPLICABLE | source_hint=NOT_APPLICABLE,예,1,4,0,HOLD,KOSIS_METADATA,KOSIS_METADATA_UNAVAILABLE,OFFICIAL_PATH,,SEMANTIC_MAPPING~KOSIS_METADATA,HOLD,KOSIS_METADATA_UNAVAILABLE,,,,,,0,,,
A01480,12,A01480_12,A01480_12,지난해 4분기(-4.5%)보다 그 감소폭이 줄었지만 건설투자 역시 4분기 연속 역성장했다(-1.7%→-3.6%→-4.5%→-3.2%). 올해 1분기 우리 경제에 대한 건설투자 부문 성장기여도는 전기 대비 0.4%포인트 낮아졌다.,,,아니오,0,0,0,HOLD,CATALOG_SEARCH,KOSIS_CATALOG_UNAVAILABLE,OFFICIAL_PATH,,SEMANTIC_MAPPING~KOSIS_METADATA,HOLD,KOSIS_CATALOG_UNAVAILABLE,,,,,,0,,,
A01480,8,A01480_8,A01480_8,"2008년 금융 위기 때나 2020년 코로나 위기 때도 2개 분기 연속으로 0.1%를 하회하는 성장률을 기록했지만, 세 번째 분기에는 곧바로 1~2% 성장했었다.",,indicator=SOURCE | value=SOURCE | unit=SOURCE | time=SOURCE | frequency=SOURCE | region=NOT_APPLICABLE | population=NOT_APPLICABLE | dimension=NOT_APPLICABLE | comparison=SOURCE | calculation=SOURCE | condition=NOT_APPLICABLE | source_hint=NOT_APPLICABLE,예,1,4,0,HOLD,KOSIS_METADATA,KOSIS_METADATA_UNAVAILABLE,OFFICIAL_PATH,,SEMANTIC_MAPPING~KOSIS_METADATA,HOLD,KOSIS_METADATA_UNAVAILABLE,,,,,,0,,,
A01496,11,A01496_11,A01496_11,"한국은행은 올해 1분기(1~3월) 경제성장률이 전 분기 대비 -0.2%... 이창용 한은 총재, ""추경 12조, 성장률 0.1%포인트 높일 것...올해 성장률 상당히 낮아질 가능성"" 이창용 한국은행 총재는 17일 “추가경정예산(추경)을 12조원 규모로 집행하면 성장률을 0.1%포인트 높이는 효과가 있을 것”이라고 했다.",,indicator=SOURCE | value=SOURCE | unit=SOURCE | time=SOURCE | frequency=SOURCE | region=SOURCE | population=NOT_APPLICABLE | dimension=NOT_APPLICABLE | comparison=SOURCE | calculation=SOURCE | condition=NOT_APPLICABLE | source_hint=SOURCE,예,1,4,2,HOLD,KOSIS_METADATA,KOSIS_METADATA_UNAVAILABLE,OFFICIAL_PATH,,SEMANTIC_MAPPING~KOSIS_METADATA,HOLD,KOSIS_METADATA_UNAVAILABLE,,,,,,0,,,
A01553,4,A01553_4,A01553_4,"30일 통계청이 발표한 ‘3월 산업활동동향’에 따르면, 지난달 전(全) 산업 생산지수는 114.7로 전월 대비 0.9% 늘었다.",,indicator=SOURCE | value=SOURCE | unit=SOURCE | time=SOURCE | frequency=SOURCE | region=NOT_APPLICABLE | population=NOT_APPLICABLE | dimension=NOT_APPLICABLE | comparison=SOURCE | calculation=SOURCE | condition=MISSING | source_hint=SOURCE,아니오,2,2,1,HOLD,KOSIS_METADATA,KOSIS_METADATA_UNAVAILABLE,OFFICIAL_PATH,,SEMANTIC_MAPPING~KOSIS_METADATA,HOLD,KOSIS_METADATA_UNAVAILABLE,,,,,,0,,,
A01578,9,A01578_9,A01578_9,"이는 자산 총액이 최근 명목 GDP 확정치의 0.5%(올해는 11조6000억원) 이상인 경우 지정되는데, 올해 두나무와 한국앤컴퍼니가 새로 들어오면서 46곳이 됐다.",,indicator=SOURCE | value=SOURCE | unit=SOURCE | time=SOURCE | frequency=SOURCE | region=SOURCE | population=NOT_APPLICABLE | dimension=NOT_APPLICABLE | comparison=SOURCE | calculation=SOURCE | condition=SOURCE | source_hint=NOT_APPLICABLE,예,2,14,0,HOLD,KOSIS_METADATA,KOSIS_METADATA_UNAVAILABLE,OFFICIAL_PATH,,SEMANTIC_MAPPING~KOSIS_METADATA,HOLD,KOSIS_METADATA_UNAVAILABLE,,,,,,0,,,
A01589,13,A01589_13,A01589_13,농산물 및 석유류 등 가격 변동성이 큰 품목들을 제외하고 물가의 기조적인 흐름을 나타내는 ‘근원물가’는 1년 전보다 2.4% 오르면서 작년 3월(2.4%) 이후 13개월 만에 최대 상승 폭을 보였다.,,indicator=SOURCE | value=SOURCE | unit=SOURCE | time=SOURCE | frequency=SOURCE | region=NOT_APPLICABLE | population=NOT_APPLICABLE | dimension=NOT_APPLICABLE | comparison=SOURCE | calculation=SOURCE | condition=SOURCE | source_hint=NOT_APPLICABLE,예,3,2,0,HOLD,KOSIS_METADATA,KOSIS_METADATA_UNAVAILABLE,OFFICIAL_PATH,,SEMANTIC_MAPPING~KOSIS_METADATA,HOLD,KOSIS_METADATA_UNAVAILABLE,,,,,,0,,,
A01589,14,A01589_14,A01589_14,물가상승률 2% 가공식품 외식 강우량 기자 2020년 조선일보에 입사해 사회부를 거쳐 경제부에서 일하고 있습니다.,,indicator=SOURCE | value=SOURCE | unit=SOURCE | time=SOURCE | frequency=SOURCE | region=NOT_APPLICABLE | population=NOT_APPLICABLE | dimension=NOT_APPLICABLE | comparison=MISSING | calculation=SOURCE | condition=SOURCE | source_hint=NOT_APPLICABLE,아니오,3,2,0,HOLD,KOSIS_METADATA,KOSIS_METADATA_UNAVAILABLE,OFFICIAL_PATH,,SEMANTIC_MAPPING~KOSIS_METADATA,HOLD,KOSIS_METADATA_UNAVAILABLE,,,,,,0,,,
A01589,4,A01589_4,A01589_4,"2일 통계청이 발표한 ‘4월 소비자물가 동향’에 따르면, 지난달 소비자물가 지수는 116.38로 전년 동월 대비 2.1% 올랐다.",,indicator=SOURCE | value=SOURCE | unit=SOURCE | time=SOURCE | frequency=SOURCE | region=NOT_APPLICABLE | population=NOT_APPLICABLE | dimension=NOT_APPLICABLE | comparison=NOT_APPLICABLE | calculation=SOURCE | condition=NOT_APPLICABLE | source_hint=SOURCE,예,4,51,2,HOLD,KOSIS_METADATA,KOSIS_METADATA_UNAVAILABLE,OFFICIAL_PATH,,SEMANTIC_MAPPING~KOSIS_METADATA,HOLD,KOSIS_METADATA_UNAVAILABLE,,,,,,0,,,
A01589,8,A01589_8,A01589_8,"작년 초 물가 상승의 주범이던 농산물 가격도 지난달 1.5% 하락했는데, 사과(-5.7%)와 참외(-16.5%), 파(-20.8%) 등의 하락 폭이 컸다.",,indicator=SOURCE | value=SOURCE | unit=SOURCE | time=SOURCE | frequency=SOURCE | region=NOT_APPLICABLE | population=NOT_APPLICABLE | dimension=SOURCE | comparison=SOURCE | calculation=SOURCE | condition=SOURCE | source_hint=NOT_APPLICABLE,예,5,39,1,HOLD,KOSIS_METADATA,KOSIS_METADATA_UNAVAILABLE,OFFICIAL_PATH,,SEMANTIC_MAPPING~KOSIS_METADATA,HOLD,KOSIS_METADATA_UNAVAILABLE,,,,,,0,,,
A01629,25,A01629_25,A01629_25,"가공식품 물가가 본격적으로 오르기 전인 작년 11월에는 물가가 오른 가공식품이 48개에 그쳤는데, 5개월 만에 큰 폭으로 늘어난 것이다.",,indicator=SOURCE | value=SOURCE | unit=SOURCE | time=SOURCE | frequency=SOURCE | region=NOT_APPLICABLE | population=NOT_APPLICABLE | dimension=NOT_APPLICABLE | comparison=SOURCE | calculation=SOURCE | condition=SOURCE | source_hint=NOT_APPLICABLE,예,3,2,0,HOLD,KOSIS_METADATA,KOSIS_METADATA_UNAVAILABLE,OFFICIAL_PATH,,SEMANTIC_MAPPING~KOSIS_METADATA,HOLD,KOSIS_METADATA_UNAVAILABLE,,,,,,0,,,
A01629,3,A01629_3,A01629_3,"5일 통계청에 따르면, 지난달 가공식품 물가는 전년 동월 대비 4.1% 올라 2023년 12월(4.2%) 이후 1년 4개월 만에 가장 높은 상승률을 기록했다.",,indicator=SOURCE | value=SOURCE | unit=SOURCE | time=SOURCE | frequency=SOURCE | region=NOT_APPLICABLE | population=NOT_APPLICABLE | dimension=NOT_APPLICABLE | comparison=SOURCE | calculation=SOURCE | condition=SOURCE | source_hint=SOURCE,예,3,2,0,HOLD,KOSIS_METADATA,KOSIS_METADATA_UNAVAILABLE,OFFICIAL_PATH,,SEMANTIC_MAPPING~KOSIS_METADATA,HOLD,KOSIS_METADATA_UNAVAILABLE,,,,,,0,,,
A01629,5,A01629_5,A01629_5,가공식품 물가 상승률은 작년 11월 1.3%에 그쳤다가 12월(2%)부터 지난달까지 5개월 연속으로 상승 폭이 커졌다.,,indicator=SOURCE | value=SOURCE | unit=SOURCE | time=SOURCE | frequency=SOURCE | region=NOT_APPLICABLE | population=NOT_APPLICABLE | dimension=NOT_APPLICABLE | comparison=SOURCE | calculation=SOURCE | condition=SOURCE | source_hint=NOT_APPLICABLE,예,3,2,0,HOLD,KOSIS_METADATA,KOSIS_METADATA_UNAVAILABLE,OFFICIAL_PATH,,SEMANTIC_MAPPING~KOSIS_METADATA,HOLD,KOSIS_METADATA_UNAVAILABLE,,,,,,0,,,
A01629,8,A01629_8,A01629_8,같은 이유로 햄버거와 커피 등 외식 물가도 3.2% 올라 작년 3월 이후 1년 1개월 만에 가장 높은 상승률을 기록했다.,,indicator=SOURCE | value=SOURCE | unit=SOURCE | time=SOURCE | frequency=SOURCE | region=NOT_APPLICABLE | population=NOT_APPLICABLE | dimension=NOT_APPLICABLE | comparison=SOURCE | calculation=SOURCE | condition=SOURCE | source_hint=NOT_APPLICABLE,예,3,2,0,HOLD,KOSIS_METADATA,KOSIS_METADATA_UNAVAILABLE,OFFICIAL_PATH,,SEMANTIC_MAPPING~KOSIS_METADATA,HOLD,KOSIS_METADATA_UNAVAILABLE,,,,,,0,,,
A01693,1,A01693_1,A01693_1,올해 1분기(1~3월) 성장률이 -0.2%로 뒷걸음질 쳤던 우리 경제가 세계 주요국 중 1분기에 성장이 가장 더뎠던 것으로 나타났다.,,indicator=SOURCE | value=SOURCE | unit=SOURCE | time=SOURCE | frequency=SOURCE | region=NOT_APPLICABLE | population=NOT_APPLICABLE | dimension=NOT_APPLICABLE | comparison=NOT_APPLICABLE | calculation=SOURCE | condition=NOT_APPLICABLE | source_hint=NOT_APPLICABLE,예,1,4,0,HOLD,KOSIS_METADATA,KOSIS_METADATA_UNAVAILABLE,OFFICIAL_PATH,,SEMANTIC_MAPPING~KOSIS_METADATA,HOLD,KOSIS_METADATA_UNAVAILABLE,,,,,,0,,,
A01709,28,A01709_28,A01709_28,2023년 말 약 1127조원으로 국내총생산(GDP)의 46.9%다.,,indicator=SOURCE | value=SOURCE | unit=SOURCE | time=SOURCE | frequency=SOURCE | region=SOURCE | population=NOT_APPLICABLE | dimension=NOT_APPLICABLE | comparison=SOURCE | calculation=SOURCE | condition=NOT_APPLICABLE | source_hint=NOT_APPLICABLE,예,2,14,0,HOLD,KOSIS_METADATA,KOSIS_METADATA_UNAVAILABLE,OFFICIAL_PATH,,SEMANTIC_MAPPING~KOSIS_METADATA,HOLD,KOSIS_METADATA_UNAVAILABLE,,,,,,0,,,
A01709,31,A01709_31,A01709_31,2023년 말 일반 정부 부채는 약 1217조원(GDP의 50.7%)이다.,,indicator=SOURCE | value=SOURCE | unit=SOURCE | time=SOURCE | frequency=SOURCE | region=NOT_APPLICABLE | population=NOT_APPLICABLE | dimension=NOT_APPLICABLE | comparison=SOURCE | calculation=SOURCE | condition=NOT_APPLICABLE | source_hint=NOT_APPLICABLE,예,2,14,0,HOLD,KOSIS_METADATA,KOSIS_METADATA_UNAVAILABLE,OFFICIAL_PATH,,SEMANTIC_MAPPING~KOSIS_METADATA,HOLD,KOSIS_METADATA_UNAVAILABLE,,,,,,0,,,
A01720,37,A01720_37,A01720_37,"중동 역시 작년엔 성장률(0.3%)이 보합세로, 재작년(5.5%) 대비 크게 꺾였다.",,indicator=SOURCE | value=SOURCE | unit=SOURCE | time=SOURCE | frequency=SOURCE | region=NOT_APPLICABLE | population=NOT_APPLICABLE | dimension=NOT_APPLICABLE | comparison=SOURCE | calculation=SOURCE | condition=NOT_APPLICABLE | source_hint=NOT_APPLICABLE,예,1,4,0,HOLD,KOSIS_METADATA,KOSIS_METADATA_UNAVAILABLE,OFFICIAL_PATH,,SEMANTIC_MAPPING~KOSIS_METADATA,HOLD,KOSIS_METADATA_UNAVAILABLE,,,,,,0,,,
A01723,2,A01723_2,A01723_2,"2000년대 후반 잠재성장률이 4% 수준이었음을 고려하면, 20년 만에 반 토막 난 것이다.",,indicator=SOURCE | value=SOURCE | unit=SOURCE | time=SOURCE | frequency=SOURCE | region=NOT_APPLICABLE | population=NOT_APPLICABLE | dimension=NOT_APPLICABLE | comparison=NOT_APPLICABLE | calculation=SOURCE | condition=NOT_APPLICABLE | source_hint=NOT_APPLICABLE,예,1,4,0,HOLD,KOSIS_METADATA,KOSIS_METADATA_UNAVAILABLE,OFFICIAL_PATH,,SEMANTIC_MAPPING~KOSIS_METADATA,HOLD,KOSIS_METADATA_UNAVAILABLE,,,,,,0,,,
A01737,11,A01737_11,A01737_11,특히 사회 초년생인 20대 후반의 경우 실업률이 7.1%를 기록하며 전년 동월 대비 1.3%포인트나 증가했다.,,indicator=SOURCE | value=SOURCE | unit=SOURCE | time=SOURCE | frequency=SOURCE | region=NOT_APPLICABLE | population=NOT_APPLICABLE | dimension=NOT_APPLICABLE | comparison=SOURCE | calculation=SOURCE | condition=SOURCE | source_hint=NOT_APPLICABLE,예,1,29,6,HOLD,KOSIS_METADATA,KOSIS_METADATA_UNAVAILABLE,OFFICIAL_PATH,,SEMANTIC_MAPPING~KOSIS_METADATA,HOLD,KOSIS_METADATA_UNAVAILABLE,,,,,,0,,,
A01737,4,A01737_4,A01737_4,"14일 통계청이 발표한 ‘2025년 4월 고용동향’에 따르면, 지난달 15세 이상 취업자는 2888만7000명으로 전년 동월 대비 19만4000명 늘었다.",,indicator=SOURCE | value=SOURCE | unit=SOURCE | time=SOURCE | frequency=SOURCE | region=NOT_APPLICABLE | population=NOT_APPLICABLE | dimension=NOT_APPLICABLE | comparison=SOURCE | calculation=SOURCE | condition=SOURCE | source_hint=SOURCE,예,1,1,0,HOLD,KOSIS_METADATA,KOSIS_METADATA_UNAVAILABLE,OFFICIAL_PATH,,SEMANTIC_MAPPING~KOSIS_METADATA,HOLD,KOSIS_METADATA_UNAVAILABLE,,,,,,0,,,
A01737,5,A01737_5,A01737_5,지난 1월(13만5000명)부터 4개월 연속으로 취업자 증가폭이 10만명대를 기록한 것이다.,,indicator=SOURCE | value=SOURCE | unit=SOURCE | time=SOURCE | frequency=SOURCE | region=NOT_APPLICABLE | population=NOT_APPLICABLE | dimension=NOT_APPLICABLE | comparison=SOURCE | calculation=SOURCE | condition=SOURCE | source_hint=NOT_APPLICABLE,예,1,1,0,HOLD,KOSIS_METADATA,KOSIS_METADATA_UNAVAILABLE,OFFICIAL_PATH,,SEMANTIC_MAPPING~KOSIS_METADATA,HOLD,KOSIS_METADATA_UNAVAILABLE,,,,,,0,,,
A01737,8,A01737_8,A01737_8,지난달 65세 이상 고용률은 40.4%로 전년 동월 대비 1.2%포인트 올랐다.,,indicator=SOURCE | value=SOURCE | unit=SOURCE | time=SOURCE | frequency=SOURCE | region=NOT_APPLICABLE | population=SOURCE | dimension=SOURCE | comparison=SOURCE | calculation=SOURCE | condition=SOURCE | source_hint=NOT_APPLICABLE,예,4,39,11,HOLD,KOSIS_METADATA,KOSIS_METADATA_UNAVAILABLE,OFFICIAL_PATH,,SEMANTIC_MAPPING~KOSIS_METADATA,HOLD,KOSIS_METADATA_UNAVAILABLE,,,,,,0,,,
A01747,8,A01747_8,A01747_8,건설투자는 지난해 -3.0%에 이어 올해도 -4.2%로 2년 연속 감소할 것으로 봤다.,,,아니오,0,0,0,HOLD,CATALOG_SEARCH,KOSIS_CATALOG_UNAVAILABLE,OFFICIAL_PATH,,SEMANTIC_MAPPING~KOSIS_METADATA,HOLD,KOSIS_CATALOG_UNAVAILABLE,,,,,,0,,,
A01752,4,A01752_4,A01752_4,"통계청이 14일 발표한 ‘4월 고용 동향’에 따르면, 지난달 취업자는 2888만7000명으로 작년 4월보다 19만4000명 늘었다.",,indicator=SOURCE | value=SOURCE | unit=SOURCE | time=SOURCE | frequency=SOURCE | region=NOT_APPLICABLE | population=NOT_APPLICABLE | dimension=NOT_APPLICABLE | comparison=SOURCE | calculation=SOURCE | condition=NOT_APPLICABLE | source_hint=SOURCE,예,1,1,0,HOLD,KOSIS_METADATA,KOSIS_METADATA_UNAVAILABLE,OFFICIAL_PATH,,SEMANTIC_MAPPING~KOSIS_METADATA,HOLD,KOSIS_METADATA_UNAVAILABLE,,,,,,0,,,
A01752,5,A01752_5,A01752_5,60세 이상 취업자가 많은 보건·사회복지 분야를 중심으로 취업자가 늘면서 올해 1월부터 넉 달째 취업자 증가 폭이 10만명대를 유지했다.,,indicator=SOURCE | value=SOURCE | unit=SOURCE | time=SOURCE | frequency=SOURCE | region=NOT_APPLICABLE | population=NOT_APPLICABLE | dimension=NOT_APPLICABLE | comparison=NOT_APPLICABLE | calculation=SOURCE | condition=SOURCE | source_hint=NOT_APPLICABLE,예,1,1,0,HOLD,KOSIS_METADATA,KOSIS_METADATA_UNAVAILABLE,OFFICIAL_PATH,,SEMANTIC_MAPPING~KOSIS_METADATA,HOLD,KOSIS_METADATA_UNAVAILABLE,,,,,,0,,,
A01752,6,A01752_6,A01752_6,하지만 20대 고용이 많은 제조업 분야 취업자는 12만4000명 줄어 작년 7월부터 10개월 연속 감소세를 이어갔다.,,indicator=SOURCE | value=SOURCE | unit=SOURCE | time=SOURCE | frequency=SOURCE | region=NOT_APPLICABLE | population=NOT_APPLICABLE | dimension=SOURCE | comparison=SOURCE | calculation=SOURCE | condition=SOURCE | source_hint=NOT_APPLICABLE,예,2,20,0,HOLD,KOSIS_METADATA,KOSIS_METADATA_UNAVAILABLE,OFFICIAL_PATH,,SEMANTIC_MAPPING~KOSIS_METADATA,HOLD,KOSIS_METADATA_UNAVAILABLE,,,,,,0,,,
A01798,36,A01798_36,A01798_36,1~4월 전체 오징어 수출량도 9071톤으로 전년 동기(2272톤) 대비 299% 폭증했다.,,indicator=SOURCE | value=SOURCE | unit=SOURCE | time=SOURCE | frequency=SOURCE | region=NOT_APPLICABLE | population=NOT_APPLICABLE | dimension=NOT_APPLICABLE | comparison=SOURCE | calculation=SOURCE | condition=MISSING | source_hint=NOT_APPLICABLE,아니오,1,1,0,HOLD,KOSIS_METADATA,KOSIS_METADATA_UNAVAILABLE,OFFICIAL_PATH,,SEMANTIC_MAPPING~KOSIS_METADATA,HOLD,KOSIS_METADATA_UNAVAILABLE,,,,,,0,,,
A01845,2,A01845_2,A01845_2,한국은 지난해 65세 이상 인구 비율이 전체 주민등록 인구의 20%를 넘어 ‘초고령 사회’에 들어섰다.,,indicator=SOURCE | value=SOURCE | unit=SOURCE | time=SOURCE | frequency=SOURCE | region=SOURCE | population=SOURCE | dimension=SOURCE | comparison=SOURCE | calculation=SOURCE | condition=SOURCE | source_hint=NOT_APPLICABLE,예,4,12,0,HOLD,KOSIS_METADATA,KOSIS_METADATA_UNAVAILABLE,OFFICIAL_PATH,,SEMANTIC_MAPPING~KOSIS_METADATA,HOLD,KOSIS_METADATA_UNAVAILABLE,,,,,,0,,,
A01845,3,A01845_3,A01845_3,2008년 10% 수준이었던 고령 인구 비율이 16년 만에 2배로 늘어난 셈이다.,,indicator=SOURCE | value=SOURCE | unit=SOURCE | time=SOURCE | frequency=SOURCE | region=NOT_APPLICABLE | population=NOT_APPLICABLE | dimension=NOT_APPLICABLE | comparison=SOURCE | calculation=SOURCE | condition=SOURCE | source_hint=NOT_APPLICABLE,예,1,2,0,HOLD,KOSIS_METADATA,KOSIS_METADATA_UNAVAILABLE,OFFICIAL_PATH,,SEMANTIC_MAPPING~KOSIS_METADATA,HOLD,KOSIS_METADATA_UNAVAILABLE,,,,,,0,,,
A01894,4,A01894_4,A01894_4,저출산고령사회위원회에 따르면 2023년 기준 국내 치매 인구는 124만명이다.,,indicator=SOURCE | value=SOURCE | unit=SOURCE | time=SOURCE | frequency=SOURCE | region=SOURCE | population=NOT_APPLICABLE | dimension=NOT_APPLICABLE | comparison=NOT_APPLICABLE | calculation=SOURCE | condition=NOT_APPLICABLE | source_hint=NOT_APPLICABLE,예,1,2,0,HOLD,KOSIS_METADATA,KOSIS_METADATA_UNAVAILABLE,OFFICIAL_PATH,,SEMANTIC_MAPPING~KOSIS_METADATA,HOLD,KOSIS_METADATA_UNAVAILABLE,,,,,,0,,,
A01903,6,A01903_6,A01903_6,"지난해 기준 65세 이상 연금 소득자의 월평균 연금 소득은 70~80만원 수준으로, 같은 해 1인 가구 월 최저 생계비(134만원)에 못 미친다는 설명이다.",,indicator=SOURCE | value=SOURCE | unit=SOURCE | time=SOURCE | frequency=SOURCE | region=NOT_APPLICABLE | population=SOURCE | dimension=SOURCE | comparison=SOURCE | calculation=SOURCE | condition=SOURCE | source_hint=NOT_APPLICABLE,예,4,4,1,HOLD,KOSIS_METADATA,KOSIS_METADATA_UNAVAILABLE,OFFICIAL_PATH,,SEMANTIC_MAPPING~KOSIS_METADATA,HOLD,KOSIS_METADATA_UNAVAILABLE,,,,,,0,,,
A01924,3,A01924_3,A01924_3,"28일 통계청이 발표한 ‘3월 인구동향’에 따르면, 지난 1분기(1~3월) 합계출산율은 0.82명으로 전년 동분기(0.77명) 대비 0.05명 증가했다.",,indicator=SOURCE | value=SOURCE | unit=SOURCE | time=SOURCE | frequency=SOURCE | region=NOT_APPLICABLE | population=NOT_APPLICABLE | dimension=NOT_APPLICABLE | comparison=SOURCE | calculation=SOURCE | condition=SOURCE | source_hint=SOURCE,예,1,2,0,HOLD,KOSIS_METADATA,KOSIS_METADATA_UNAVAILABLE,OFFICIAL_PATH,,SEMANTIC_MAPPING~KOSIS_METADATA,HOLD,KOSIS_METADATA_UNAVAILABLE,,,,,,0,,,
A01924,9,A01924_9,A01924_9,분기별 출생아 수가 6만5000명을 넘어선 것 자체도 지난 2022년 1분기(6만8339명) 이후 3년 만이다.,,indicator=SOURCE | value=SOURCE | unit=SOURCE | time=SOURCE | frequency=SOURCE | region=NOT_APPLICABLE | population=NOT_APPLICABLE | dimension=NOT_APPLICABLE | comparison=SOURCE | calculation=SOURCE | condition=SOURCE | source_hint=NOT_APPLICABLE,예,2,11,2,HOLD,KOSIS_METADATA,KOSIS_METADATA_UNAVAILABLE,OFFICIAL_PATH,,SEMANTIC_MAPPING~KOSIS_METADATA,HOLD,KOSIS_METADATA_UNAVAILABLE,,,,,,0,,,
A01927,4,A01927_4,A01927_4,다만 5년 후인 2030년에는 한 해 태어난 인구가 40만명에 불과한 2000년대생들이 결혼·출산 적령기가 되기 때문에 저출생 현상이 다시 심화할 가능성이 있다.,,indicator=SOURCE | value=SOURCE | unit=SOURCE | time=SOURCE | frequency=SOURCE | region=NOT_APPLICABLE | population=NOT_APPLICABLE | dimension=NOT_APPLICABLE | comparison=NOT_APPLICABLE | calculation=SOURCE | condition=NOT_APPLICABLE | source_hint=NOT_APPLICABLE,예,1,2,1,HOLD,KOSIS_METADATA,KOSIS_METADATA_UNAVAILABLE,OFFICIAL_PATH,,SEMANTIC_MAPPING~KOSIS_METADATA,HOLD,KOSIS_METADATA_UNAVAILABLE,,,,,,0,,,
A01946,14,A01946_14,A01946_14,"명목 소비 지출에서 물가 상승분을 뺀 실질 소비 지출은 1년 전보다 0.7% 감소했는데, 실질 소비 지출이 감소세로 돌아선 것은 2023년 2분기(-0.5%) 이후 7분기 만이다.",,indicator=SOURCE | value=SOURCE | unit=SOURCE | time=SOURCE | frequency=SOURCE | region=NOT_APPLICABLE | population=NOT_APPLICABLE | dimension=NOT_APPLICABLE | comparison=SOURCE | calculation=SOURCE | condition=SOURCE | source_hint=NOT_APPLICABLE,예,3,2,0,HOLD,KOSIS_METADATA,KOSIS_METADATA_UNAVAILABLE,OFFICIAL_PATH,,SEMANTIC_MAPPING~KOSIS_METADATA,HOLD,KOSIS_METADATA_UNAVAILABLE,,,,,,0,,,
A01995,24,A01995_24,A01995_24,"예컨대, 시티는 올해 우리나라의 건설 투자가 전년 대비 -8.5%를 기록할 것으로 내다본다.",,,아니오,0,0,0,HOLD,CATALOG_SEARCH,KOSIS_CATALOG_UNAVAILABLE,OFFICIAL_PATH,,SEMANTIC_MAPPING~KOSIS_METADATA,HOLD,KOSIS_CATALOG_UNAVAILABLE,,,,,,0,,,
A02010,1,A02010_1,A02010_1,지난달 소비자 물가 상승률이 5달 만에 1%대로 내려왔다.,,indicator=SOURCE | value=SOURCE | unit=SOURCE | time=SOURCE | frequency=SOURCE | region=NOT_APPLICABLE | population=NOT_APPLICABLE | dimension=NOT_APPLICABLE | comparison=MISSING | calculation=SOURCE | condition=SOURCE | source_hint=NOT_APPLICABLE,아니오,4,2,0,HOLD,KOSIS_METADATA,KOSIS_METADATA_UNAVAILABLE,OFFICIAL_PATH,,SEMANTIC_MAPPING~KOSIS_METADATA,HOLD,KOSIS_METADATA_UNAVAILABLE,,,,,,0,,,
A02010,4,A02010_4,A02010_4,4일 통계청에 따르면 5월 소비자 물가 지수는 116.27(2020년을 100으로 본 상대적 지수)로 전년 동월 대비 1.9% 올랐다.,,indicator=SOURCE | value=SOURCE | unit=SOURCE | time=SOURCE | frequency=SOURCE | region=NOT_APPLICABLE | population=NOT_APPLICABLE | dimension=NOT_APPLICABLE | comparison=NOT_APPLICABLE | calculation=SOURCE | condition=NOT_APPLICABLE | source_hint=SOURCE,예,4,2,0,HOLD,KOSIS_METADATA,KOSIS_METADATA_UNAVAILABLE,OFFICIAL_PATH,,SEMANTIC_MAPPING~KOSIS_METADATA,HOLD,KOSIS_METADATA_UNAVAILABLE,,,,,,0,,,
A02022,18,A02022_18,A02022_18,"우리나라 역시 GDP 대비 정부 부채 비율이 2000년부터 2023년까지 34.6%포인트 늘었는데, 고령화와 관련이 높은 사회수혜금(44.5%포인트), 사회보장현물(49.8%) 지출이 큰 영향을 끼쳤다.",,indicator=SOURCE | value=SOURCE | unit=SOURCE | time=SOURCE | frequency=SOURCE | region=SOURCE | population=NOT_APPLICABLE | dimension=NOT_APPLICABLE | comparison=SOURCE | calculation=SOURCE | condition=NOT_APPLICABLE | source_hint=NOT_APPLICABLE,예,2,14,0,HOLD,KOSIS_METADATA,KOSIS_METADATA_UNAVAILABLE,OFFICIAL_PATH,,SEMANTIC_MAPPING~KOSIS_METADATA,HOLD,KOSIS_METADATA_UNAVAILABLE,,,,,,0,,,
A02096,18,A02096_18,A02096_18,"일도, 구직 활동도 하지 않은 채 그냥 시간을 보냈다는 ‘쉬었음’ 인구는 지난달 239만명으로 전년 동월 대비 5만6000명 증가했다.",,indicator=SOURCE | value=SOURCE | unit=SOURCE | time=SOURCE | frequency=SOURCE | region=NOT_APPLICABLE | population=NOT_APPLICABLE | dimension=NOT_APPLICABLE | comparison=SOURCE | calculation=SOURCE | condition=SOURCE | source_hint=NOT_APPLICABLE,예,1,2,0,HOLD,KOSIS_METADATA,KOSIS_METADATA_UNAVAILABLE,OFFICIAL_PATH,,SEMANTIC_MAPPING~KOSIS_METADATA,HOLD,KOSIS_METADATA_UNAVAILABLE,,,,,,0,,,
A02096,19,A02096_19,A02096_19,20대 쉬었음 인구는 37만8000명으로 전년 동월 대비 1만2000명 늘었다.,,indicator=SOURCE | value=SOURCE | unit=SOURCE | time=SOURCE | frequency=SOURCE | region=NOT_APPLICABLE | population=NOT_APPLICABLE | dimension=NOT_APPLICABLE | comparison=SOURCE | calculation=SOURCE | condition=NOT_APPLICABLE | source_hint=NOT_APPLICABLE,예,1,2,0,HOLD,KOSIS_METADATA,KOSIS_METADATA_UNAVAILABLE,OFFICIAL_PATH,,SEMANTIC_MAPPING~KOSIS_METADATA,HOLD,KOSIS_METADATA_UNAVAILABLE,,,,,,0,,,
A02096,3,A02096_3,A02096_3,"11일 통계청의 ‘2025년 5월 고용동향’에 따르면, 지난달 취업자는 2916만명으로 전년 동월 대비 24만5000명 증가했다.",,indicator=SOURCE | value=SOURCE | unit=SOURCE | time=SOURCE | frequency=SOURCE | region=NOT_APPLICABLE | population=NOT_APPLICABLE | dimension=NOT_APPLICABLE | comparison=SOURCE | calculation=SOURCE | condition=SOURCE | source_hint=SOURCE,예,1,1,0,HOLD,KOSIS_METADATA,KOSIS_METADATA_UNAVAILABLE,OFFICIAL_PATH,,SEMANTIC_MAPPING~KOSIS_METADATA,HOLD,KOSIS_METADATA_UNAVAILABLE,,,,,,0,,,
A02096,4,A02096_4,A02096_4,"보건업·사회복지서비스업(+23만3000명), 금융·보험업(+7만2000명) 등에서 취업자가 큰 폭으로 늘어나면서 취업자가 26만명 넘게 늘어난 작년 4월 이후 처음으로 취업자가 20만명 이상 불었다.",,indicator=SOURCE | value=SOURCE | unit=SOURCE | time=SOURCE | frequency=SOURCE | region=NOT_APPLICABLE | population=NOT_APPLICABLE | dimension=SOURCE | comparison=SOURCE | calculation=SOURCE | condition=SOURCE | source_hint=NOT_APPLICABLE,예,2,20,0,HOLD,KOSIS_METADATA,KOSIS_METADATA_UNAVAILABLE,OFFICIAL_PATH,,SEMANTIC_MAPPING~KOSIS_METADATA,HOLD,KOSIS_METADATA_UNAVAILABLE,,,,,,0,,,
A02096,5,A02096_5,A02096_5,하지만 전체 취업자의 15% 이상을 차지하는 취업자 수 1위 업종인 제조업 분야 취업자는 전년 동월 대비 6만7000명 줄어 작년 7월 이후 11달 연속 감소했다.,,indicator=SOURCE | value=SOURCE | unit=SOURCE | time=SOURCE | frequency=SOURCE | region=NOT_APPLICABLE | population=NOT_APPLICABLE | dimension=SOURCE | comparison=SOURCE | calculation=SOURCE | condition=SOURCE | source_hint=NOT_APPLICABLE,예,2,20,0,HOLD,KOSIS_METADATA,KOSIS_METADATA_UNAVAILABLE,OFFICIAL_PATH,,SEMANTIC_MAPPING~KOSIS_METADATA,HOLD,KOSIS_METADATA_UNAVAILABLE,,,,,,0,,,
A02096,8,A02096_8,A02096_8,내수 부진 여파로 지난달 숙박·음식점업 취업자도 6만7000명 줄었다.,,indicator=SOURCE | value=SOURCE | unit=SOURCE | time=SOURCE | frequency=SOURCE | region=NOT_APPLICABLE | population=NOT_APPLICABLE | dimension=NOT_APPLICABLE | comparison=NOT_APPLICABLE | calculation=SOURCE | condition=NOT_APPLICABLE | source_hint=NOT_APPLICABLE,예,1,1,0,HOLD,KOSIS_METADATA,KOSIS_METADATA_UNAVAILABLE,OFFICIAL_PATH,,SEMANTIC_MAPPING~KOSIS_METADATA,HOLD,KOSIS_METADATA_UNAVAILABLE,,,,,,0,,,
A02111,28,A02111_28,A02111_28,"지난달 고령층이 많이 일하는 보건·사회복지서비스업 취업자는 1년 전보다 23만3000명 늘었지만, 청년층이 선호하는 제조업 취업자는 6만7000명 줄어 작년 7월부터 11개월 연속 감소했다.",,indicator=SOURCE | value=SOURCE | unit=SOURCE | time=SOURCE | frequency=SOURCE | region=NOT_APPLICABLE | population=SOURCE | dimension=SOURCE | comparison=SOURCE | calculation=SOURCE | condition=SOURCE | source_hint=NOT_APPLICABLE,예,5,20,0,HOLD,KOSIS_METADATA,KOSIS_METADATA_UNAVAILABLE,OFFICIAL_PATH,,SEMANTIC_MAPPING~KOSIS_METADATA,HOLD,KOSIS_METADATA_UNAVAILABLE,,,,,,0,,,
A02111,4,A02111_4,A02111_4,"11일 통계청이 발표한 ‘5월 고용동향’에 따르면, 지난달 취업자는 2916만명으로 전년 동월 대비 24만5000명 늘었다.",,indicator=SOURCE | value=SOURCE | unit=SOURCE | time=SOURCE | frequency=SOURCE | region=NOT_APPLICABLE | population=NOT_APPLICABLE | dimension=NOT_APPLICABLE | comparison=SOURCE | calculation=SOURCE | condition=NOT_APPLICABLE | source_hint=SOURCE,예,1,1,1,HOLD,KOSIS_METADATA,KOSIS_METADATA_UNAVAILABLE,OFFICIAL_PATH,,SEMANTIC_MAPPING~KOSIS_METADATA,HOLD,KOSIS_METADATA_UNAVAILABLE,,,,,,0,,,
A02167,21,A02167_21,A02167_21,"15일 통계청 국가 통계 포털에 따르면, 지난달 외식 부문 물가를 5년 전인 2020년 5월과 비교하면 24.8% 상승했다.",,indicator=SOURCE | value=SOURCE | unit=SOURCE | time=SOURCE | frequency=SOURCE | region=NOT_APPLICABLE | population=NOT_APPLICABLE | dimension=NOT_APPLICABLE | comparison=MISSING | calculation=SOURCE | condition=SOURCE | source_hint=SOURCE,아니오,3,22,0,HOLD,KOSIS_METADATA,KOSIS_METADATA_UNAVAILABLE,OFFICIAL_PATH,,SEMANTIC_MAPPING~KOSIS_METADATA,HOLD,KOSIS_METADATA_UNAVAILABLE,,,,,,0,,,
A02179,7,A02179_7,A02179_7,특히 아랍에미리트는 2031년까지 GDP의 40%를 AI 산업에서 창출하겠다고 한다.,,indicator=SOURCE | value=SOURCE | unit=SOURCE | time=SOURCE | frequency=SOURCE | region=NOT_APPLICABLE | population=NOT_APPLICABLE | dimension=NOT_APPLICABLE | comparison=NOT_APPLICABLE | calculation=SOURCE | condition=NOT_APPLICABLE | source_hint=NOT_APPLICABLE,예,2,14,0,HOLD,KOSIS_METADATA,KOSIS_METADATA_UNAVAILABLE,OFFICIAL_PATH,,SEMANTIC_MAPPING~KOSIS_METADATA,HOLD,KOSIS_METADATA_UNAVAILABLE,,,,,,0,,,
A02181,14,A02181_14,A02181_14,"15년 전인 2010년 4월 기준 두 집단 사이의 실업률 차이가 8.7%포인트에 달했지만, 올해 4월에는 그 차이가 1.6%포인트로 크게 줄었다는 것이다.",,indicator=SOURCE | value=SOURCE | unit=SOURCE | time=SOURCE | frequency=SOURCE | region=NOT_APPLICABLE | population=NOT_APPLICABLE | dimension=NOT_APPLICABLE | comparison=SOURCE | calculation=SOURCE | condition=NOT_APPLICABLE | source_hint=NOT_APPLICABLE,예,1,19,0,HOLD,KOSIS_METADATA,KOSIS_METADATA_UNAVAILABLE,OFFICIAL_PATH,,SEMANTIC_MAPPING~KOSIS_METADATA,HOLD,KOSIS_METADATA_UNAVAILABLE,,,,,,0,,,
A02184,12,A02184_12,A02184_12,작년까지만 해도 전문대 졸업자 실업률(4.8%)이 고졸 실업률(5.1%)보다 낮았다.,,indicator=SOURCE | value=SOURCE | unit=SOURCE | time=SOURCE | frequency=SOURCE | region=NOT_APPLICABLE | population=NOT_APPLICABLE | dimension=NOT_APPLICABLE | comparison=SOURCE | calculation=SOURCE | condition=NOT_APPLICABLE | source_hint=NOT_APPLICABLE,예,1,19,7,HOLD,KOSIS_METADATA,KOSIS_METADATA_UNAVAILABLE,OFFICIAL_PATH,,SEMANTIC_MAPPING~KOSIS_METADATA,HOLD,KOSIS_METADATA_UNAVAILABLE,,,,,,0,,,
A02203,10,A02203_10,A02203_10,"구체적으로 올해 4월 기준 투입 물가의 누적 상승률이 가공식품 30.4%, 외식 24.1%, 외식 외 개인 서비스 17.4% 등이었다.",,indicator=SOURCE | value=SOURCE | unit=SOURCE | time=SOURCE | frequency=SOURCE | region=NOT_APPLICABLE | population=NOT_APPLICABLE | dimension=NOT_APPLICABLE | comparison=SOURCE | calculation=SOURCE | condition=SOURCE | source_hint=NOT_APPLICABLE,예,3,2,0,HOLD,KOSIS_METADATA,KOSIS_METADATA_UNAVAILABLE,OFFICIAL_PATH,,SEMANTIC_MAPPING~KOSIS_METADATA,HOLD,KOSIS_METADATA_UNAVAILABLE,,,,,,0,,,
A02203,2,A02203_2,A02203_2,"18일 한국은행이 발표한 ‘최근 가공식품 등 생활 물가 흐름과 수준에 대한 평가’ 보고서에 따르면, 코로나 유행기였던 2020년부터 올해 5월까지 소비자물가가 15.9% 오르는 동안 생활 물가는 19.1% 상승했다.",,indicator=SOURCE | value=SOURCE | unit=SOURCE | time=SOURCE | frequency=SOURCE | region=SOURCE | population=NOT_APPLICABLE | dimension=NOT_APPLICABLE | comparison=SOURCE | calculation=SOURCE | condition=SOURCE | source_hint=SOURCE,예,4,2,0,HOLD,KOSIS_METADATA,KOSIS_METADATA_UNAVAILABLE,OFFICIAL_PATH,,SEMANTIC_MAPPING~KOSIS_METADATA,HOLD,KOSIS_METADATA_UNAVAILABLE,,,,,,0,,,
A02203,5,A02203_5,A02203_5,생활 물가와 소비자물가 차이는 작년 상반기 0.6%포인트에서 하반기 0.1%포인트로 줄었다가 올해 1~5월 0.4%포인트로 다시 확대되는 추세다.,,indicator=SOURCE | value=SOURCE | unit=SOURCE | time=SOURCE | frequency=SOURCE | region=NOT_APPLICABLE | population=NOT_APPLICABLE | dimension=NOT_APPLICABLE | comparison=SOURCE | calculation=SOURCE | condition=NOT_APPLICABLE | source_hint=NOT_APPLICABLE,예,4,2,0,HOLD,KOSIS_METADATA,KOSIS_METADATA_UNAVAILABLE,OFFICIAL_PATH,,SEMANTIC_MAPPING~KOSIS_METADATA,HOLD,KOSIS_METADATA_UNAVAILABLE,,,,,,0,,,
A02203,8,A02203_8,A02203_8,가공식품의 생활 물가 상승률 기여도는 작년 하반기 0.15%포인트에서 올해 0.34%포인트로 두 배 이상 확대됐다.,,indicator=SOURCE | value=SOURCE | unit=SOURCE | time=SOURCE | frequency=SOURCE | region=NOT_APPLICABLE | population=NOT_APPLICABLE | dimension=NOT_APPLICABLE | comparison=SOURCE | calculation=SOURCE | condition=SOURCE | source_hint=NOT_APPLICABLE,예,3,3,0,HOLD,KOSIS_METADATA,KOSIS_METADATA_UNAVAILABLE,OFFICIAL_PATH,,SEMANTIC_MAPPING~KOSIS_METADATA,HOLD,KOSIS_METADATA_UNAVAILABLE,,,,,,0,,,
A02219,6,A02219_6,A02219_6,이전 최대 규모는 2000년대 초 17조5500억원의 김대중 정부의 농가 부채 탕감 정책이었다.,,indicator=SOURCE | value=SOURCE | unit=SOURCE | time=SOURCE | frequency=SOURCE | region=NOT_APPLICABLE | population=SOURCE | dimension=NOT_APPLICABLE | comparison=NOT_APPLICABLE | calculation=SOURCE | condition=SOURCE | source_hint=NOT_APPLICABLE,예,1,11,0,HOLD,KOSIS_METADATA,KOSIS_METADATA_UNAVAILABLE,OFFICIAL_PATH,,SEMANTIC_MAPPING~KOSIS_METADATA,HOLD,KOSIS_METADATA_UNAVAILABLE,,,,,,0,,,
A02258,26,A02258_26,A02258_26,"올해 1분기 우리나라 성장률은 -0.2%로 역성장했는데, 설비 투자 성장률은 이보다 낮은 -0.4%였다.",,indicator=SOURCE | value=SOURCE | unit=SOURCE | time=SOURCE | frequency=SOURCE | region=SOURCE | population=NOT_APPLICABLE | dimension=NOT_APPLICABLE | comparison=SOURCE | calculation=SOURCE | condition=NOT_APPLICABLE | source_hint=NOT_APPLICABLE,예,1,4,0,HOLD,KOSIS_METADATA,KOSIS_METADATA_UNAVAILABLE,OFFICIAL_PATH,,SEMANTIC_MAPPING~KOSIS_METADATA,HOLD,KOSIS_METADATA_UNAVAILABLE,,,,,,0,,,
A02293,6,A02293_6,A02293_6,월별 출생아 수는 지난해 7월(7.8%) 이후 10개월째 증가세를 보이고 있다.,,indicator=SOURCE | value=SOURCE | unit=SOURCE | time=SOURCE | frequency=SOURCE | region=NOT_APPLICABLE | population=NOT_APPLICABLE | dimension=NOT_APPLICABLE | comparison=SOURCE | calculation=SOURCE | condition=SOURCE | source_hint=NOT_APPLICABLE,예,2,11,0,HOLD,KOSIS_METADATA,KOSIS_METADATA_UNAVAILABLE,OFFICIAL_PATH,,SEMANTIC_MAPPING~KOSIS_METADATA,HOLD,KOSIS_METADATA_UNAVAILABLE,,,,,,0,,,
A02343,21,A02343_21,A02343_21,"수출, 기계류 내수 출하, 건설 수주 등 지표를 토대로 향후 경기 국면을 예고해 주는 선행종합지수 순환변동치는 100.9로 100을 웃돌았지만, 전월 대비 0.1포인트 하락했다.",,indicator=SOURCE | value=SOURCE | unit=SOURCE | time=SOURCE | frequency=SOURCE | region=SOURCE | population=NOT_APPLICABLE | dimension=NOT_APPLICABLE | comparison=SOURCE | calculation=SOURCE | condition=SOURCE | source_hint=NOT_APPLICABLE,예,4,7,0,HOLD,KOSIS_METADATA,KOSIS_METADATA_UNAVAILABLE,OFFICIAL_PATH,,SEMANTIC_MAPPING~KOSIS_METADATA,HOLD,KOSIS_METADATA_UNAVAILABLE,,,,,,0,,,
A02357,4,A02357_4,A02357_4,산업 생산은 지난 4월(-0.8%) 이후 두 달 연속 감소세다.,,indicator=SOURCE | value=SOURCE | unit=SOURCE | time=SOURCE | frequency=SOURCE | region=NOT_APPLICABLE | population=NOT_APPLICABLE | dimension=NOT_APPLICABLE | comparison=MISSING | calculation=SOURCE | condition=SOURCE | source_hint=NOT_APPLICABLE,아니오,2,20,0,HOLD,KOSIS_METADATA,KOSIS_METADATA_UNAVAILABLE,OFFICIAL_PATH,,SEMANTIC_MAPPING~KOSIS_METADATA,HOLD,KOSIS_METADATA_UNAVAILABLE,,,,,,0,,,
A02385,19,A02385_19,A02385_19,◇대통령 ”라면 2000원” 발언에도 치솟은 물가 또 다른 불황형 소비 품목인 라면도 지난달 6.9% 올랐다.,,indicator=SOURCE | value=SOURCE | unit=SOURCE | time=SOURCE | frequency=SOURCE | region=NOT_APPLICABLE | population=NOT_APPLICABLE | dimension=NOT_APPLICABLE | comparison=SOURCE | calculation=SOURCE | condition=NOT_APPLICABLE | source_hint=NOT_APPLICABLE,예,3,2,0,HOLD,KOSIS_METADATA,KOSIS_METADATA_UNAVAILABLE,OFFICIAL_PATH,,SEMANTIC_MAPPING~KOSIS_METADATA,HOLD,KOSIS_METADATA_UNAVAILABLE,,,,,,0,,,
A02385,22,A02385_22,A02385_22,"이재명 대통령이 취임 닷새 만인 지난달 9일 “라면 한 개에 2000원도 한다는데, 진짜냐”며 요주의 품목으로 라면을 콕 짚어 언급했지만, 라면을 포함한 가공식품 물가는 고공 행진하고 있다.",,indicator=SOURCE | value=SOURCE | unit=SOURCE | time=SOURCE | frequency=SOURCE | region=NOT_APPLICABLE | population=NOT_APPLICABLE | dimension=NOT_APPLICABLE | comparison=NOT_APPLICABLE | calculation=SOURCE | condition=NOT_APPLICABLE | source_hint=NOT_APPLICABLE,예,3,2,0,HOLD,KOSIS_METADATA,KOSIS_METADATA_UNAVAILABLE,OFFICIAL_PATH,,SEMANTIC_MAPPING~KOSIS_METADATA,HOLD,KOSIS_METADATA_UNAVAILABLE,,,,,,0,,,
A02385,25,A02385_25,A02385_25,"통계청이 집계하는 가공식품 품목 73개 가운데 라면과 초콜릿(20.4%), 고추장(14.2%), 김치(14.2%), 빵(6.4%) 등 62개 가격이 올라 지난달 가공식품 물가는 4.6%나 뛰었다.",,indicator=SOURCE | value=SOURCE | unit=SOURCE | time=SOURCE | frequency=SOURCE | region=NOT_APPLICABLE | population=NOT_APPLICABLE | dimension=NOT_APPLICABLE | comparison=SOURCE | calculation=SOURCE | condition=SOURCE | source_hint=SOURCE,예,3,2,0,HOLD,KOSIS_METADATA,KOSIS_METADATA_UNAVAILABLE,OFFICIAL_PATH,,SEMANTIC_MAPPING~KOSIS_METADATA,HOLD,KOSIS_METADATA_UNAVAILABLE,,,,,,0,,,
A02395,19,A02395_19,A02395_19,2005년 인구조사에서는 남북 이산가족 유무를 물었는데 총 71만5968명의 국민이 “북한에 가족이나 친인척이 있다”고 답했다.,,indicator=SOURCE | value=SOURCE | unit=SOURCE | time=SOURCE | frequency=SOURCE | region=NOT_APPLICABLE | population=NOT_APPLICABLE | dimension=NOT_APPLICABLE | comparison=NOT_APPLICABLE | calculation=SOURCE | condition=NOT_APPLICABLE | source_hint=NOT_APPLICABLE,예,1,2,0,HOLD,KOSIS_METADATA,KOSIS_METADATA_UNAVAILABLE,OFFICIAL_PATH,,SEMANTIC_MAPPING~KOSIS_METADATA,HOLD,KOSIS_METADATA_UNAVAILABLE,,,,,,0,,,
A02491,1,A02491_1,A02491_1,이달 1~10일 수출이 전년 같은 달 대비 9.5% 증가했다.,,indicator=SOURCE | value=SOURCE | unit=SOURCE | time=SOURCE | frequency=SOURCE | region=NOT_APPLICABLE | population=NOT_APPLICABLE | dimension=NOT_APPLICABLE | comparison=MISSING | calculation=SOURCE | condition=SOURCE | source_hint=NOT_APPLICABLE,아니오,4,18,4,HOLD,KOSIS_METADATA,KOSIS_METADATA_UNAVAILABLE,OFFICIAL_PATH,,SEMANTIC_MAPPING~KOSIS_METADATA,HOLD,KOSIS_METADATA_UNAVAILABLE,,,,,,0,,,
A02491,5,A02491_5,A02491_5,수입액은 200억 달러로 전년 동기 대비 1.8% 증가했다.,,indicator=SOURCE | value=SOURCE | unit=SOURCE | time=SOURCE | frequency=SOURCE | region=NOT_APPLICABLE | population=NOT_APPLICABLE | dimension=NOT_APPLICABLE | comparison=SOURCE | calculation=SOURCE | condition=SOURCE | source_hint=NOT_APPLICABLE,예,1,20,5,HOLD,KOSIS_METADATA,KOSIS_METADATA_UNAVAILABLE,OFFICIAL_PATH,,SEMANTIC_MAPPING~KOSIS_METADATA,HOLD,KOSIS_METADATA_UNAVAILABLE,,,,,,0,,,
A02492,14,A02492_14,A02492_14,재정 적자를 GDP의 3% 이내로 관리해야 한다는 정부의 재정 준칙을 2020년부터 6년 연속 위반하게 된다.,,indicator=SOURCE | value=SOURCE | unit=SOURCE | time=SOURCE | frequency=SOURCE | region=NOT_APPLICABLE | population=NOT_APPLICABLE | dimension=NOT_APPLICABLE | comparison=NOT_APPLICABLE | calculation=SOURCE | condition=NOT_APPLICABLE | source_hint=NOT_APPLICABLE,예,2,14,0,HOLD,KOSIS_METADATA,KOSIS_METADATA_UNAVAILABLE,OFFICIAL_PATH,,SEMANTIC_MAPPING~KOSIS_METADATA,HOLD,KOSIS_METADATA_UNAVAILABLE,,,,,,0,,,
A02569,25,A02569_25,A02569_25,커피숍 아르바이트 등 숙박·음식점업 취업자는 지난 5월 감소세로 돌아선 데 이어 지난달에도 1년 전 대비 3만8000명 줄었다.,,indicator=SOURCE | value=SOURCE | unit=SOURCE | time=SOURCE | frequency=SOURCE | region=NOT_APPLICABLE | population=NOT_APPLICABLE | dimension=NOT_APPLICABLE | comparison=SOURCE | calculation=SOURCE | condition=SOURCE | source_hint=NOT_APPLICABLE,예,1,1,1,HOLD,KOSIS_METADATA,KOSIS_METADATA_UNAVAILABLE,OFFICIAL_PATH,,SEMANTIC_MAPPING~KOSIS_METADATA,HOLD,KOSIS_METADATA_UNAVAILABLE,,,,,,0,,,
A02569,4,A02569_4,A02569_4,16일 통계청은 ‘2025년 6월 고용 동향’에서 지난달 취업자가 2909만1000명으로 전년 동월 대비 18만3000명 늘었다고 밝혔다.,,indicator=SOURCE | value=SOURCE | unit=SOURCE | time=SOURCE | frequency=SOURCE | region=NOT_APPLICABLE | population=NOT_APPLICABLE | dimension=NOT_APPLICABLE | comparison=SOURCE | calculation=SOURCE | condition=NOT_APPLICABLE | source_hint=SOURCE,예,1,1,0,HOLD,KOSIS_METADATA,KOSIS_METADATA_UNAVAILABLE,OFFICIAL_PATH,,SEMANTIC_MAPPING~KOSIS_METADATA,HOLD,KOSIS_METADATA_UNAVAILABLE,,,,,,0,,,
A02603,5,A02603_5,A02603_5,물가상승률은 지난 8월 SK텔레콤 해킹 사태에 따른 요금 인하 효과로 1%대로 내려갔다가 다시 반등했다.,,indicator=SOURCE | value=SOURCE | unit=SOURCE | time=SOURCE | frequency=SOURCE | region=NOT_APPLICABLE | population=NOT_APPLICABLE | dimension=NOT_APPLICABLE | comparison=MISSING | calculation=SOURCE | condition=SOURCE | source_hint=NOT_APPLICABLE,아니오,3,2,0,HOLD,KOSIS_METADATA,KOSIS_METADATA_UNAVAILABLE,OFFICIAL_PATH,,SEMANTIC_MAPPING~KOSIS_METADATA,HOLD,KOSIS_METADATA_UNAVAILABLE,,,,,,0,,,
A02605,1,A02605_1,A02605_1,지난달 생활물가지수가 2.5% 상승했다.,,indicator=SOURCE | value=SOURCE | unit=SOURCE | time=SOURCE | frequency=SOURCE | region=NOT_APPLICABLE | population=NOT_APPLICABLE | dimension=NOT_APPLICABLE | comparison=MISSING | calculation=SOURCE | condition=SOURCE | source_hint=NOT_APPLICABLE,아니오,1,1,0,HOLD,KOSIS_METADATA,KOSIS_METADATA_UNAVAILABLE,OFFICIAL_PATH,,SEMANTIC_MAPPING~KOSIS_METADATA,HOLD,KOSIS_METADATA_UNAVAILABLE,,,,,,0,,,
A02606,4,A02606_4,A02606_4,올해 벼 재배 면적은 67만8000㏊로 전년(69만8000㏊)보다 2만㏊(2.9%) 감소한 것으로 집계됐다.,,indicator=SOURCE | value=SOURCE | unit=SOURCE | time=SOURCE | frequency=SOURCE | region=NOT_APPLICABLE | population=NOT_APPLICABLE | dimension=SOURCE | comparison=SOURCE | calculation=SOURCE | condition=SOURCE | source_hint=NOT_APPLICABLE,예,2,1,0,HOLD,KOSIS_METADATA,KOSIS_METADATA_UNAVAILABLE,OFFICIAL_PATH,,SEMANTIC_MAPPING~KOSIS_METADATA,HOLD,KOSIS_METADATA_UNAVAILABLE,,,,,,0,,,
A02616,2,A02616_2,A02616_2,"국가데이터처에 따르면, 지난달 식료품·비주류 음료 물가는 5년 전(2020년 9월) 대비 22.9% 상승했다.",,indicator=SOURCE | value=SOURCE | unit=SOURCE | time=SOURCE | frequency=SOURCE | region=NOT_APPLICABLE | population=NOT_APPLICABLE | dimension=NOT_APPLICABLE | comparison=MISSING | calculation=SOURCE | condition=SOURCE | source_hint=NOT_APPLICABLE,아니오,3,2,1,HOLD,KOSIS_METADATA,KOSIS_METADATA_UNAVAILABLE,OFFICIAL_PATH,,SEMANTIC_MAPPING~KOSIS_METADATA,HOLD,KOSIS_METADATA_UNAVAILABLE,,,,,,0,,,
A02632,1,A02632_1,A02632_1,지난달 취업자가 31만명 이상 증가했다.,,indicator=SOURCE | value=SOURCE | unit=SOURCE | time=SOURCE | frequency=SOURCE | region=NOT_APPLICABLE | population=NOT_APPLICABLE | dimension=NOT_APPLICABLE | comparison=NOT_APPLICABLE | calculation=SOURCE | condition=SOURCE | source_hint=NOT_APPLICABLE,예,1,1,1,HOLD,KOSIS_METADATA,KOSIS_METADATA_UNAVAILABLE,OFFICIAL_PATH,,SEMANTIC_MAPPING~KOSIS_METADATA,HOLD,KOSIS_METADATA_UNAVAILABLE,,,,,,0,,,
A02633,29,A02633_29,A02633_29,한국건설산업연구원에 따르면 올해 상반기 건설 수주는 전년 동기 대비 10% 이상 줄었다.,,indicator=SOURCE | value=SOURCE | unit=SOURCE | time=SOURCE | frequency=SOURCE | region=SOURCE | population=NOT_APPLICABLE | dimension=NOT_APPLICABLE | comparison=SOURCE | calculation=SOURCE | condition=SOURCE | source_hint=SOURCE,예,2,7,0,HOLD,KOSIS_METADATA,KOSIS_METADATA_UNAVAILABLE,OFFICIAL_PATH,,SEMANTIC_MAPPING~KOSIS_METADATA,HOLD,KOSIS_METADATA_UNAVAILABLE,,,,,,0,,,
A02647,11,A02647_11,A02647_11,특히 60세 이상 비정규직 근로자는 304만4000명으로 전년 동월 대비 23만3000명 증가했다.,,indicator=SOURCE | value=SOURCE | unit=SOURCE | time=SOURCE | frequency=SOURCE | region=NOT_APPLICABLE | population=NOT_APPLICABLE | dimension=NOT_APPLICABLE | comparison=SOURCE | calculation=SOURCE | condition=SOURCE | source_hint=NOT_APPLICABLE,예,3,1,1,HOLD,KOSIS_METADATA,KOSIS_METADATA_UNAVAILABLE,OFFICIAL_PATH,,SEMANTIC_MAPPING~KOSIS_METADATA,HOLD,KOSIS_METADATA_UNAVAILABLE,,,,,,0,,,
A02647,3,A02647_3,A02647_3,"국가데이터처가 22일 발표한 '2025년 8월 경제활동인구조사 근로형태별 부가조사'에 따르면, 지난 8월 기준 비정규직 근로자는 856만8000명으로 전년 동월 대비 11만 명 증가했다.",,indicator=SOURCE | value=SOURCE | unit=SOURCE | time=SOURCE | frequency=SOURCE | region=NOT_APPLICABLE | population=NOT_APPLICABLE | dimension=NOT_APPLICABLE | comparison=SOURCE | calculation=SOURCE | condition=SOURCE | source_hint=NOT_APPLICABLE,예,1,10,0,HOLD,KOSIS_METADATA,KOSIS_METADATA_UNAVAILABLE,OFFICIAL_PATH,,SEMANTIC_MAPPING~KOSIS_METADATA,HOLD,KOSIS_METADATA_UNAVAILABLE,,,,,,0,,,
A02656,1,A02656_1,A02656_1,"만1000명, 16만6000명, 31만2000명… 지난해 같은 기간 대비 늘어난 올해 7~9월 월별 취업자 수다.",,indicator=SOURCE | value=SOURCE | unit=SOURCE | time=SOURCE | frequency=SOURCE | region=NOT_APPLICABLE | population=NOT_APPLICABLE | dimension=NOT_APPLICABLE | comparison=SOURCE | calculation=SOURCE | condition=SOURCE | source_hint=NOT_APPLICABLE,예,1,1,1,HOLD,KOSIS_METADATA,KOSIS_METADATA_UNAVAILABLE,OFFICIAL_PATH,,SEMANTIC_MAPPING~KOSIS_METADATA,HOLD,KOSIS_METADATA_UNAVAILABLE,,,,,,0,,,
A02656,3,A02656_3,A02656_3,"취업자 수는 올해 들어 매월 10만명 이상 늘고 있는데, 지난달엔 30만명을 돌파하며 19개월 만에 가장 큰 증가 폭을 기록하기도 했다.",,indicator=SOURCE | value=SOURCE | unit=SOURCE | time=SOURCE | frequency=SOURCE | region=NOT_APPLICABLE | population=NOT_APPLICABLE | dimension=NOT_APPLICABLE | comparison=SOURCE | calculation=SOURCE | condition=SOURCE | source_hint=NOT_APPLICABLE,예,1,1,0,HOLD,KOSIS_METADATA,KOSIS_METADATA_UNAVAILABLE,OFFICIAL_PATH,,SEMANTIC_MAPPING~KOSIS_METADATA,HOLD,KOSIS_METADATA_UNAVAILABLE,,,,,,0,,,
A02661,3,A02661_3,A02661_3,"국가데이터처가 28일 발표한 '2025년 상반기 지역별 고용조사'에 따르면, 상반기 비거주복지시설운영업 취업자는 지난해 상반기보다 168만8000명으로 13만5000명 증가해 산업소분류 가운데 가장 큰 폭으로 늘었다.",,indicator=SOURCE | value=SOURCE | unit=SOURCE | time=SOURCE | frequency=SOURCE | region=NOT_APPLICABLE | population=NOT_APPLICABLE | dimension=NOT_APPLICABLE | comparison=SOURCE | calculation=SOURCE | condition=SOURCE | source_hint=NOT_APPLICABLE,예,1,1,0,HOLD,KOSIS_METADATA,KOSIS_METADATA_UNAVAILABLE,OFFICIAL_PATH,,SEMANTIC_MAPPING~KOSIS_METADATA,HOLD,KOSIS_METADATA_UNAVAILABLE,,,,,,0,,,
A02665,16,A02665_16,A02665_16,한편 이날 함께 발표된 '9월 국내 인구 이동 통계'에 따르면 지난달 거주지를 이동한 이동자 수는 49만4000명으로 전년 동월 대비 6.5%(3만명) 증가했다.,,indicator=SOURCE | value=SOURCE | unit=SOURCE | time=SOURCE | frequency=SOURCE | region=SOURCE | population=NOT_APPLICABLE | dimension=NOT_APPLICABLE | comparison=SOURCE | calculation=SOURCE | condition=SOURCE | source_hint=NOT_APPLICABLE,예,1,2,0,HOLD,KOSIS_METADATA,KOSIS_METADATA_UNAVAILABLE,OFFICIAL_PATH,,SEMANTIC_MAPPING~KOSIS_METADATA,HOLD,KOSIS_METADATA_UNAVAILABLE,,,,,,0,,,
A02670,10,A02670_10,A02670_10,"외국인주민은 17개 모든 시·도에서 지속적으로 증가하고 있으며, 전년 대비 증가율이 높은 시·도는 전남(10.5%↑), 울산(8.9%↑), 경북·충남(8.8%↑), 충북(8.4%↑) 순이었다.",,indicator=SOURCE | value=SOURCE | unit=SOURCE | time=SOURCE | frequency=SOURCE | region=SOURCE | population=SOURCE | dimension=NOT_APPLICABLE | comparison=SOURCE | calculation=SOURCE | condition=SOURCE | source_hint=NOT_APPLICABLE,예,2,10,0,HOLD,KOSIS_METADATA,KOSIS_METADATA_UNAVAILABLE,OFFICIAL_PATH,,SEMANTIC_MAPPING~KOSIS_METADATA,HOLD,KOSIS_METADATA_UNAVAILABLE,,,,,,0,,,
A02674,13,A02674_13,A02674_13,"센서스 고용 유발 인원 3만명은 올해 취업자수 증가 폭이 가장 작았던 지난 1월(13만5000명)의 22%, 취업자수 증가 폭이 가장 컸던 지난 9월(31만2000명)의 9.6%에 해당한다.",,indicator=SOURCE | value=SOURCE | unit=SOURCE | time=SOURCE | frequency=SOURCE | region=NOT_APPLICABLE | population=NOT_APPLICABLE | dimension=NOT_APPLICABLE | comparison=SOURCE | calculation=SOURCE | condition=SOURCE | source_hint=NOT_APPLICABLE,예,4,1,0,HOLD,KOSIS_METADATA,KOSIS_METADATA_UNAVAILABLE,OFFICIAL_PATH,,SEMANTIC_MAPPING~KOSIS_METADATA,HOLD,KOSIS_METADATA_UNAVAILABLE,,,,,,0,,,
A02676,2,A02676_2,A02676_2,"2일 국가데이터처에 따르면, 올해 3분기(7~9월) 15~29세 실업률은 5.1%로 전년 같은 기간(4.9%) 대비 0.2%포인트 상승했다.",,indicator=SOURCE | value=SOURCE | unit=SOURCE | time=SOURCE | frequency=SOURCE | region=NOT_APPLICABLE | population=NOT_APPLICABLE | dimension=SOURCE | comparison=SOURCE | calculation=SOURCE | condition=SOURCE | source_hint=NOT_APPLICABLE,예,2,19,2,HOLD,KOSIS_METADATA,KOSIS_METADATA_UNAVAILABLE,OFFICIAL_PATH,,SEMANTIC_MAPPING~KOSIS_METADATA,HOLD,KOSIS_METADATA_UNAVAILABLE,,,,,,0,,,
A02676,3,A02676_3,A02676_3,작년 4분기 이후 4개 분기 연속으로 청년 실업률이 악화했다.,,indicator=SOURCE | value=SOURCE | unit=SOURCE | time=SOURCE | frequency=SOURCE | region=NOT_APPLICABLE | population=SOURCE | dimension=SOURCE | comparison=NOT_APPLICABLE | calculation=SOURCE | condition=NOT_APPLICABLE | source_hint=NOT_APPLICABLE,예,2,19,1,HOLD,KOSIS_METADATA,KOSIS_METADATA_UNAVAILABLE,OFFICIAL_PATH,,SEMANTIC_MAPPING~KOSIS_METADATA,HOLD,KOSIS_METADATA_UNAVAILABLE,,,,,,0,,,
A02679,11,A02679_11,A02679_11,국가데이터처에 따르면 9월 소비자물가는 지난해 같은 달 대비 2.1% 상승했다.,,indicator=SOURCE | value=SOURCE | unit=SOURCE | time=SOURCE | frequency=SOURCE | region=NOT_APPLICABLE | population=NOT_APPLICABLE | dimension=NOT_APPLICABLE | comparison=MISSING | calculation=SOURCE | condition=SOURCE | source_hint=NOT_APPLICABLE,아니오,4,2,1,HOLD,KOSIS_METADATA,KOSIS_METADATA_UNAVAILABLE,OFFICIAL_PATH,,SEMANTIC_MAPPING~KOSIS_METADATA,HOLD,KOSIS_METADATA_UNAVAILABLE,,,,,,0,,,
A02681,3,A02681_3,A02681_3,"국가데이터처가 4일 발표한 '10월 소비자물가동향'에 따르면, 지난달 소비자물가지수는 117.42(2020년=100)로 전년 동월 대비 0.3% 올랐다.",,indicator=SOURCE | value=SOURCE | unit=SOURCE | time=SOURCE | frequency=SOURCE | region=NOT_APPLICABLE | population=NOT_APPLICABLE | dimension=NOT_APPLICABLE | comparison=NOT_APPLICABLE | calculation=SOURCE | condition=NOT_APPLICABLE | source_hint=NOT_APPLICABLE,예,2,24,7,HOLD,KOSIS_METADATA,KOSIS_METADATA_UNAVAILABLE,OFFICIAL_PATH,,SEMANTIC_MAPPING~KOSIS_METADATA,HOLD,KOSIS_METADATA_UNAVAILABLE,,,,,,0,,,
A02682,1,A02682_1,A02682_1,"지난달 소비자 물가가 지난해 같은 달 대비 2.4% 상승하며, 9월(2.1%)에 이어 2개월 연속 2%대 상승률을 보였다.",,indicator=SOURCE | value=SOURCE | unit=SOURCE | time=SOURCE | frequency=SOURCE | region=NOT_APPLICABLE | population=NOT_APPLICABLE | dimension=NOT_APPLICABLE | comparison=SOURCE | calculation=SOURCE | condition=SOURCE | source_hint=NOT_APPLICABLE,예,4,21,9,HOLD,KOSIS_METADATA,KOSIS_METADATA_UNAVAILABLE,OFFICIAL_PATH,,SEMANTIC_MAPPING~KOSIS_METADATA,HOLD,KOSIS_METADATA_UNAVAILABLE,,,,,,0,,,
A02682,3,A02682_3,A02682_3,"국가데이터처가 4일 발표한 ’10월 소비자물가 동향’에 따르면, 지난달 소비자 물가는 1년 전보다 2.4% 올랐다.",,indicator=SOURCE | value=SOURCE | unit=SOURCE | time=SOURCE | frequency=SOURCE | region=NOT_APPLICABLE | population=NOT_APPLICABLE | dimension=NOT_APPLICABLE | comparison=SOURCE | calculation=SOURCE | condition=MISSING | source_hint=NOT_APPLICABLE,아니오,4,2,0,HOLD,KOSIS_METADATA,KOSIS_METADATA_UNAVAILABLE,OFFICIAL_PATH,,SEMANTIC_MAPPING~KOSIS_METADATA,HOLD,KOSIS_METADATA_UNAVAILABLE,,,,,,0,,,
A02682,6,A02682_6,A02682_6,가공식품 물가는 전년 같은 달 대비 3.5% 오르면서 전체 물가를 0.30%포인트 끌어올렸다.,,indicator=SOURCE | value=SOURCE | unit=SOURCE | time=SOURCE | frequency=SOURCE | region=NOT_APPLICABLE | population=NOT_APPLICABLE | dimension=NOT_APPLICABLE | comparison=SOURCE | calculation=SOURCE | condition=NOT_APPLICABLE | source_hint=NOT_APPLICABLE,예,3,2,2,HOLD,KOSIS_METADATA,KOSIS_METADATA_UNAVAILABLE,OFFICIAL_PATH,,SEMANTIC_MAPPING~KOSIS_METADATA,HOLD,KOSIS_METADATA_UNAVAILABLE,,,,,,0,,,
A02683,4,A02683_4,A02683_4,"국가데이터처가 이날 발표한 10월 소비자물가 동향에 따르면, 10월 소비자물가지수는 117.42(2020년=100)로, 1년 전과 비교해 2.4% 상승했다.",,indicator=SOURCE | value=SOURCE | unit=SOURCE | time=SOURCE | frequency=SOURCE | region=NOT_APPLICABLE | population=NOT_APPLICABLE | dimension=NOT_APPLICABLE | comparison=SOURCE | calculation=SOURCE | condition=SOURCE | source_hint=NOT_APPLICABLE,예,2,9,3,HOLD,KOSIS_METADATA,KOSIS_METADATA_UNAVAILABLE,OFFICIAL_PATH,,SEMANTIC_MAPPING~KOSIS_METADATA,HOLD,KOSIS_METADATA_UNAVAILABLE,,,,,,0,,,
A02694,4,A02694_4,A02694_4,"6일 국가데이터처가 발표한 ’2024년 다문화 인구동태 통계결과’에 따르면, 전체 혼인 중 다문화 혼인 비중은 9.6%로 전년 대비 1.0%포인트 감소했다.",,indicator=SOURCE | value=SOURCE | unit=SOURCE | time=SOURCE | frequency=SOURCE | region=NOT_APPLICABLE | population=NOT_APPLICABLE | dimension=NOT_APPLICABLE | comparison=SOURCE | calculation=SOURCE | condition=SOURCE | source_hint=NOT_APPLICABLE,예,1,2,0,HOLD,KOSIS_METADATA,KOSIS_METADATA_UNAVAILABLE,OFFICIAL_PATH,,SEMANTIC_MAPPING~KOSIS_METADATA,HOLD,KOSIS_METADATA_UNAVAILABLE,,,,,,0,,,
A02696,32,A02696_32,A02696_32,국가데이터처에 따르면 지난 9월 기준 충북의 고용률은 74%로 전국 17개 시·도 중 2위를 기록했다.,,indicator=SOURCE | value=SOURCE | unit=SOURCE | time=SOURCE | frequency=SOURCE | region=SOURCE | population=NOT_APPLICABLE | dimension=MISSING | comparison=SOURCE | calculation=SOURCE | condition=SOURCE | source_hint=NOT_APPLICABLE,아니오,2,1,0,HOLD,KOSIS_METADATA,KOSIS_METADATA_UNAVAILABLE,OFFICIAL_PATH,,SEMANTIC_MAPPING~KOSIS_METADATA,HOLD,KOSIS_METADATA_UNAVAILABLE,,,,,,0,,,
A02702,28,A02702_28,A02702_28,3분기 국민계정상 건설투자가 전기 대비로도 0.1% 감소세를 이어가고 있어 건설투자는 여전히 부진한 것으로 분석됐다.,,,아니오,0,0,0,HOLD,CATALOG_SEARCH,KOSIS_CATALOG_UNAVAILABLE,OFFICIAL_PATH,,SEMANTIC_MAPPING~KOSIS_METADATA,HOLD,KOSIS_CATALOG_UNAVAILABLE,,,,,,0,,,
