행유형,원본부모Claim번호,자식Claim번호,입력구분,최종검증유형,유형분류결과,원문,기사작성일,대상수치표현,지표,기사값,단위,기준시점,주기,지역,대상집단,차원JSON,계산방식,조건JSON,파싱상태,공식조회진입경로,최종상태,최종사유코드,실패단계,실패원인_쉬운설명,판정,공식계산값,공식좌표JSON,공식출처JSON,공식근거URL,응답해시,공표확인,공식근거종류,공식판정완료,진단번호,원본상세사유,전체자식수,8번직접값자식수,다른유형자식수,공식판정완료자식수,실행결과파일,기사그룹ID,사용집합,분할버전,최초실행상태,최초실행사유,최초실패단계,최초공식판정완료,기준선상태,기준선사유,기준선실패단계,기준선판정,기준선공식값,기준선공식좌표JSON,기준선공식출처URL,기준선응답해시,기준선공표확인,기준선공식판정완료,기준선적용규칙,개선후상태,개선후사유,개선후실패단계,개선후판정,개선후공식값,개선후공식좌표JSON,개선후공식출처URL,개선후응답해시,개선후공표확인,개선후공식판정완료,적용공통규칙ID,일반화실행여부,일반화실행출처,개선전후변화,Claim구조재판정실행,Claim구조재판정결과,Claim구조상위결과,이동대상탭,적용재판정규칙,원문근거표현,재판정이전사유,재판정최종사유,재판정사용집합,재판정실행근거
부모겸단일결과,A00067_3,A00067_3,단일 수치,8번 직접값,8번 직접값 유지,한국수입자동차협회(KAIDA)는 6일 지난해 수입 승용차 신규 등록 대수를 집계한 결과 테슬라 모델 Y가 지난해 모두 1만8717대가 팔리며 수입 승용차 가운데 최고 인기 모델로 꼽혔다고 밝혔다.,2025-01-06,18717대,수입액,18717.0,대,2024,Y,전국,,"{""raw"": ""{\""품목\"": [\""자동차\""]}""}",DIRECT_VALUE,,HUMAN_REVIEW,CONTEXT_REQUIRED,HUMAN_REVIEW,INDICATOR_REFINEMENT_REQUIRED,CLAIM_PARSE,INDICATOR_REFINEMENT_REQUIRED,,,[],[],,,,,N,,,,,,,D:\projects\services\archived\clafact-auto\.worktrees\three-type-release\artifacts\direct_value_release_20260826\single_133_live_final_v3\claim_verification_results.jsonl,A00067,RULE_DISCOVERY,clafact-direct-value-generalization-v1,HUMAN_REVIEW,INDICATOR_REFINEMENT_REQUIRED,CLAIM_PARSE,N,HUMAN_REVIEW,INDICATOR_REFINEMENT_REQUIRED,CLAIM_PARSE,,,[],,,,N,,HUMAN_REVIEW,INDICATOR_REFINEMENT_REQUIRED,CLAIM_PARSE,,,[],,,,N,,,,,Y,KEEP_DIRECT_RECOVERED,KEEP_DIRECT_VALUE,8.직접값,SOURCE_GROUNDED_DIRECT_VALUE,1만8717대,INDICATOR_REFINEMENT_REQUIRED,SOURCE_GROUNDED_DIRECT_VALUE,RULE_DISCOVERY,artifacts/direct_value_claim_reclassification_100_20260828/summary.json
부모겸단일결과,A00070_8,A00070_8,단일 수치,8번 직접값,8번 직접값 유지,7년 전인 2018년까지만 해도 대중 수출액과 대미 수출액 간 격차는 894억500만달러에 달했다.,2025-01-06,8.9405e+10달러,수출액,89405000000.0,달러,2018,Y,,,"{""raw"": ""{\""교역상대국\"": [\""미국\""]}""}",DIRECT_VALUE,,AUTO_OK,KOSIS_PIPELINE_ELIGIBLE,HOLD,AS_OF_UNAVAILABLE,OFFICIAL_VALUE_FETCH,기사 작성일 기준 공표된 공식값인지 확인하지 못함,UNDETERMINED,,"[{""canonical_key"": ""ORG=360|TBL=DT_1R11006_FRM101|ITM=13103103829T1|OBJ=13101103829E|MEMBER=미국|PRD_SE=년|PRD_DE=2018"", ""dimension_codes"": {""13101103829E"": ""13102103829E.US""}, ""dimension_members"": {""13101103829E"": ""미국""}, ""itm_id"": ""13103103829T1"", ""member_code"": ""미국"", ""obj_id"": ""13101103829E"", ""org_id"": ""360"", ""prd_de"": ""2018"", ""prd_se"": ""년"", ""status"": ""CONFIRMED"", ""tbl_id"": ""DT_1R11006_FRM101"", ""unit"": ""천달러""}]","[{""content_hash"": ""4d960f0bb0fecbe7b06d47e2d989adfded5668c841c05957fca846d74cea5fde"", ""evidence_key"": ""ORG=360|TBL=DT_1R11006_FRM101|ITM=13103103829T1|OBJ=13101103829E|MEMBER=미국|PRD_SE=년|PRD_DE=2018"", ""publication"": {""content_hash"": ""765d65ec9258a199ce9a431cc79cb87d4fd0433ab020497dca5febf9aa449271"", ""coverage_end_period"": null, ""coverage_start_period"": null, ""evidence_scope"": ""PERIOD"", ""pub_date_text"": ""작성기준 월 익월"", ""pub_period"": ""월"", ""publication_method_url"": ""전산망(인터넷)미발간https://kosis.kr/statHtml/statHtml.do?sso=ok&amp;returnurl=https%3A%2F%2Fkosis.kr%3A443%2FstatHtml%2FstatHtml.do%3Flist_id%3D360_36002%26obj_var_id%3D%26seqNo%3D%26tblId%3DDT_1R11006_FRM101%26vw_cd%3DMT_OTITLE%26orgId%3D360%26path%3D%252FstatisticsList%252FstatisticsListIndex.do%26conn_path%3DMT_OTITLE%26itm_id%3D%26lang_mode%3Dko%26scrId%3D%26"", ""published_at"": null, ""reference_period"": null, ""retrieved_at"": ""2026-08-26T08:53:05.960946Z"", ""source_url"": ""https://kosis.kr/openapi/statisticsExplData.do?method=getList&format=json&jsonVD=Y&orgId=360&tblId=DT_1R11006_FRM101&metaItm=All"", ""status"": ""UNRESOLVED""}, ""retrieved_at"": ""2026-08-26T08:53:02.891592Z"", ""source"": ""API"", ""source_url"": ""https://kosis.kr/openapi/Param/statisticsParameterData.do?method=getList&orgId=360&tblId=DT_1R11006_FRM101&itmId=13103103829T1&prdSe=Y&startPrdDe=2018&endPrdDe=2018&objL1=13102103829E.US"", ""value_last_changed_at"": null}]",https://kosis.kr/openapi/Param/statisticsParameterData.do?method=getList&orgId=360&tblId=DT_1R11006_FRM101&itmId=13103103829T1&prdSe=Y&startPrdDe=2018&endPrdDe=2018&objL1=13102103829E.US,4d960f0bb0fecbe7b06d47e2d989adfded5668c841c05957fca846d74cea5fde,,,N,,,,,,,D:\projects\services\archived\clafact-auto\.worktrees\three-type-release\artifacts\direct_value_release_20260826\single_133_live_final_v3\claim_verification_results.jsonl,A00070,INTERMEDIATE_VALIDATION,clafact-direct-value-generalization-v1,HOLD,AS_OF_UNAVAILABLE,OFFICIAL_VALUE_FETCH,N,HOLD,AS_OF_UNAVAILABLE,OFFICIAL_VALUE_FETCH,UNDETERMINED,,"[{""canonical_key"": ""ORG=360|TBL=DT_1R11006_FRM101|ITM=13103103829T1|OBJ=13101103829E|MEMBER=미국|PRD_SE=년|PRD_DE=2018"", ""dimension_codes"": {""13101103829E"": ""13102103829E.US""}, ""dimension_members"": {""13101103829E"": ""미국""}, ""itm_id"": ""13103103829T1"", ""member_code"": ""미국"", ""obj_id"": ""13101103829E"", ""org_id"": ""360"", ""prd_de"": ""2018"", ""prd_se"": ""년"", ""status"": ""CONFIRMED"", ""tbl_id"": ""DT_1R11006_FRM101"", ""unit"": ""천달러""}]",https://kosis.kr/openapi/Param/statisticsParameterData.do?method=getList&orgId=360&tblId=DT_1R11006_FRM101&itmId=13103103829T1&prdSe=Y&startPrdDe=2018&endPrdDe=2018&objL1=13102103829E.US,4d960f0bb0fecbe7b06d47e2d989adfded5668c841c05957fca846d74cea5fde,,N,,HOLD,FETCH_FAILED,OFFICIAL_VALUE_FETCH,UNDETERMINED,,"[{""canonical_key"": ""ORG=360|TBL=DT_1R11006_FRM101|ITM=13103103829T1|OBJ=13101103829E|MEMBER=미국|PRD_SE=년|PRD_DE=2018"", ""dimension_codes"": {""13101103829E"": ""13102103829E.US""}, ""dimension_members"": {""13101103829E"": ""미국""}, ""itm_id"": ""13103103829T1"", ""member_code"": ""미국"", ""obj_id"": ""13101103829E"", ""org_id"": ""360"", ""prd_de"": ""2018"", ""prd_se"": ""년"", ""status"": ""CONFIRMED"", ""tbl_id"": ""DT_1R11006_FRM101"", ""unit"": ""천달러""}]",https://kosis.kr/openapi/Param/statisticsParameterData.do?method=getList&orgId=360&tblId=DT_1R11006_FRM101&itmId=13103103829T1&prdSe=Y&startPrdDe=2018&endPrdDe=2018&objL1=13102103829E.US,,,N,STRUCTURAL_COORDINATE_UNIQUE_V1,Y,D:\projects\services\archived\clafact-auto\.worktrees\direct-value-coordinate-publication\artifacts\direct_value_coordinate_publication_v2\runs\intermediate_v2\claim_verification_results.jsonl,변경,,,,,,,,,,
부모겸단일결과,A00094_3,A00094_3,단일 수치,8번 직접값,8번 직접값 유지,"7일 샤오미테크놀로지코리아와 서울중앙지법에 따르면, 샤오미는 지난해 9월 자본금 4억8000만원 규모로 국내 법인을 설립하면서 사업 목적에 휴대폰, 태블릿, 대형 가전, 청소 가전 등과 함께 자동차와 자동차 부품 수입과 도소매업을 기재했다.",2025-01-08,4.8e+08원,수입액,480000000.0,원,2024-09,월,서울,,"{""raw"": ""{\""품목\"": [\""자동차\""]}""}",DIRECT_VALUE,,AUTO_OK,KOSIS_PIPELINE_ELIGIBLE,HOLD,NO_HARD_GUARD_CANDIDATE,HARD_GUARD,기간·단위·지역 등 필수 조건을 모두 만족하는 공식표 후보가 없음,UNDETERMINED,,[],[],,,,,N,,,,,,,D:\projects\services\archived\clafact-auto\.worktrees\three-type-release\artifacts\direct_value_release_20260826\single_133_live_final_v3\claim_verification_results.jsonl,A00094,RULE_DISCOVERY,clafact-direct-value-generalization-v1,HOLD,NO_HARD_GUARD_CANDIDATE,HARD_GUARD,N,HOLD,NO_HARD_GUARD_CANDIDATE,HARD_GUARD,UNDETERMINED,,[],,,,N,,HUMAN_REVIEW,NON_STATISTICAL_PRIVATE_TRANSACTION,CLAIM_PARSE,,,[],,,,N,,Y,D:\projects\services\archived\clafact-auto\.worktrees\direct-value-coordinate-publication\artifacts\direct_value_coordinate_publication_v2\runs\discovery_v1\claim_verification_results.jsonl,변경,Y,EXCLUDE_PRIVATE_TRANSACTION,EXCLUDE_FROM_KOSIS,검증 제외,NON_STATISTICAL_PRIVATE_TRANSACTION,,NON_STATISTICAL_PRIVATE_TRANSACTION,NON_STATISTICAL_PRIVATE_TRANSACTION,RULE_DISCOVERY,artifacts/direct_value_claim_reclassification_100_20260828/summary.json
부모겸단일결과,A00254_12,A00254_12,단일 수치,8번 직접값,8번 직접값 유지,"한편, 앞서 올해 정부 예산안이 감액 처리된 점이 성장률을 0.06%p 낮출 것으로 분석했지만, 정부의 예산 조기 집행 등 경기 부양책이 이를 상쇄할 것으로 평가했다.",2025-01-20,0.06%p,경제성장률,0.06,%p,2025,Y,경기,,,DIRECT_VALUE,,HUMAN_REVIEW,CONTEXT_REQUIRED,HUMAN_REVIEW,INDICATOR_REFINEMENT_REQUIRED,CLAIM_PARSE,INDICATOR_REFINEMENT_REQUIRED,,,[],[],,,,,N,,,,,,,D:\projects\services\archived\clafact-auto\.worktrees\three-type-release\artifacts\direct_value_release_20260826\single_133_live_final_v3\claim_verification_results.jsonl,A00254,INTERMEDIATE_VALIDATION,clafact-direct-value-generalization-v1,HUMAN_REVIEW,INDICATOR_REFINEMENT_REQUIRED,CLAIM_PARSE,N,HUMAN_REVIEW,INDICATOR_REFINEMENT_REQUIRED,CLAIM_PARSE,,,[],,,,N,,HUMAN_REVIEW,INDICATOR_REFINEMENT_REQUIRED,CLAIM_PARSE,,,[],,,,N,,Y,D:\projects\services\archived\clafact-auto\.worktrees\direct-value-general-rules\artifacts\direct_value_generalization_v1\runs\intermediate_validation_full\claim_verification_results.jsonl,동일,Y,KEEP_DIRECT_RECOVERED,KEEP_DIRECT_VALUE,8.직접값,SOURCE_GROUNDED_DIRECT_VALUE,0.06%p,INDICATOR_REFINEMENT_REQUIRED,SOURCE_GROUNDED_DIRECT_VALUE,INTERMEDIATE_VALIDATION,artifacts/direct_value_claim_reclassification_100_20260828/summary.json
부모겸단일결과,A00268_14,A00268_14,단일 수치,8번 직접값,8번 직접값 유지,무역 수지도 518억 달러 흑자로 2021년 이후 3년 만에 흑자로 돌아섰다.,2025-01-21,5.18e+10달러,무역수지,51800000000.0,달러,2021,Y,,,,DIRECT_VALUE,"{""polarity"": ""SURPLUS""}",AUTO_OK,KOSIS_PIPELINE_ELIGIBLE,HOLD,LOW_SEMANTIC_SCORE,EVIDENCE_CELL,LOW_SEMANTIC_SCORE,UNDETERMINED,,"[{""canonical_key"": ""ORG=101|TBL=DT_1TEC_P314|ITM=T20|OBJ=A|MEMBER=무역수지|PRD_SE=년|PRD_DE=2021|DIMS=A:무역수지,M:계,F:계"", ""dimension_codes"": {""A"": ""03"", ""F"": ""00"", ""M"": ""00""}, ""dimension_members"": {""A"": ""무역수지"", ""F"": ""계"", ""M"": ""계""}, ""itm_id"": ""T20"", ""member_code"": ""무역수지"", ""obj_id"": ""A"", ""org_id"": ""101"", ""prd_de"": ""2021"", ""prd_se"": ""년"", ""status"": ""CONFIRMED"", ""tbl_id"": ""DT_1TEC_P314"", ""unit"": ""천달러""}]",[],,,,,N,,,,,,,D:\projects\services\archived\clafact-auto\.worktrees\three-type-release\artifacts\direct_value_release_20260826\single_133_live_final_v3\claim_verification_results.jsonl,A00268,RULE_DISCOVERY,clafact-direct-value-generalization-v1,HOLD,LOW_SEMANTIC_SCORE,EVIDENCE_CELL,N,HOLD,LOW_SEMANTIC_SCORE,EVIDENCE_CELL,UNDETERMINED,,"[{""canonical_key"": ""ORG=101|TBL=DT_1TEC_P314|ITM=T20|OBJ=A|MEMBER=무역수지|PRD_SE=년|PRD_DE=2021|DIMS=A:무역수지,M:계,F:계"", ""dimension_codes"": {""A"": ""03"", ""F"": ""00"", ""M"": ""00""}, ""dimension_members"": {""A"": ""무역수지"", ""F"": ""계"", ""M"": ""계""}, ""itm_id"": ""T20"", ""member_code"": ""무역수지"", ""obj_id"": ""A"", ""org_id"": ""101"", ""prd_de"": ""2021"", ""prd_se"": ""년"", ""status"": ""CONFIRMED"", ""tbl_id"": ""DT_1TEC_P314"", ""unit"": ""천달러""}]",,,,N,,HOLD,LOW_SEMANTIC_SCORE,EVIDENCE_CELL,UNDETERMINED,,"[{""canonical_key"": ""ORG=101|TBL=DT_1TEC_P314|ITM=T20|OBJ=A|MEMBER=무역수지|PRD_SE=년|PRD_DE=2021|DIMS=A:무역수지,M:계,F:계"", ""dimension_codes"": {""A"": ""03"", ""F"": ""00"", ""M"": ""00""}, ""dimension_members"": {""A"": ""무역수지"", ""F"": ""계"", ""M"": ""계""}, ""itm_id"": ""T20"", ""member_code"": ""무역수지"", ""obj_id"": ""A"", ""org_id"": ""101"", ""prd_de"": ""2021"", ""prd_se"": ""년"", ""status"": ""CONFIRMED"", ""tbl_id"": ""DT_1TEC_P314"", ""unit"": ""천달러""}]",,,,N,,,,,,,,,,,,,,
부모겸단일결과,A00279_23,A00279_23,단일 수치,8번 직접값,8번 직접값 유지,"행정안전부는 2024년 주민등록 인구통계를 분석한 결과, 출생자 수가 24만2334명으로 202... 김희래 기자 법무부, 검찰, 고위공직자범죄수사처를 취재합니다.",2025-01-22,242334명,총인구,242334.0,명,2024,Y,,,,DIRECT_VALUE,,AUTO_OK,KOSIS_PIPELINE_ELIGIBLE,HOLD,NO_EVIDENCE_COORDINATE_CANDIDATE,HARD_GUARD,공식표는 찾았지만 기사 조건에 맞는 항목·지역·기간 좌표를 확정하지 못함,UNDETERMINED,,[],[],,,,,N,,,,,,,D:\projects\services\archived\clafact-auto\.worktrees\three-type-release\artifacts\direct_value_release_20260826\single_133_live_final_v3\claim_verification_results.jsonl,A00279,RULE_DISCOVERY,clafact-direct-value-generalization-v1,HOLD,NO_EVIDENCE_COORDINATE_CANDIDATE,HARD_GUARD,N,HOLD,NO_EVIDENCE_COORDINATE_CANDIDATE,HARD_GUARD,UNDETERMINED,,[],,,,N,,HOLD,FETCH_FAILED,OFFICIAL_VALUE_FETCH,UNDETERMINED,,"[{""canonical_key"": ""ORG=101|TBL=DT_1B8000G|ITM=T1|OBJ=B|MEMBER=전국|PRD_SE=년|PRD_DE=2024|DIMS=B:전국,A:출생아수(명)"", ""dimension_codes"": {""A"": ""10"", ""B"": ""00""}, ""dimension_members"": {""A"": ""출생아수(명)"", ""B"": ""전국""}, ""itm_id"": ""T1"", ""member_code"": ""전국"", ""obj_id"": ""B"", ""org_id"": ""101"", ""prd_de"": ""2024"", ""prd_se"": ""년"", ""status"": ""CONFIRMED"", ""tbl_id"": ""DT_1B8000G"", ""unit"": ""명""}]",https://kosis.kr/openapi/Param/statisticsParameterData.do?method=getList&orgId=101&tblId=DT_1B8000G&itmId=T1&prdSe=Y&startPrdDe=2024&endPrdDe=2024&objL1=00&objL2=10,,,N,OFFICIAL_RECURRING_BINDING_V1|SOURCE_GROUNDED_INDICATOR_V1,Y,D:\projects\services\archived\clafact-auto\.worktrees\direct-value-coordinate-publication\artifacts\direct_value_coordinate_publication_v2\runs\discovery_v1\claim_verification_results.jsonl,변경,,,,,,,,,,
부모겸단일결과,A00279_9,A00279_9,단일 수치,8번 직접값,8번 직접값 유지,12월까지 같은 추세가 이어질 경우 작년 한해 출생아 수는 2023년(23만28명) 수준을 넘어서 2015년 이후 9년 만에 출생아 수가 반등하게 된다.,2025-01-22,230028명,출생아 수,230028.0,명,2024년 12월,월,,,,THRESHOLD,"{""operator"": ""GT"", ""threshold_unit"": ""명"", ""threshold_value"": ""230028.0""}",AUTO_OK,KOSIS_PIPELINE_ELIGIBLE,HOLD,AS_OF_UNAVAILABLE,OFFICIAL_VALUE_FETCH,기사 작성일 기준 공표된 공식값인지 확인하지 못함,UNDETERMINED,,"[{""canonical_key"": ""ORG=101|TBL=DT_1B8000G|ITM=T1|OBJ=B|MEMBER=전국|PRD_SE=월|PRD_DE=2024-12|DIMS=B:전국,A:출생아수(명)"", ""dimension_codes"": {""A"": ""10"", ""B"": ""00""}, ""dimension_members"": {""A"": ""출생아수(명)"", ""B"": ""전국""}, ""itm_id"": ""T1"", ""member_code"": ""전국"", ""obj_id"": ""B"", ""org_id"": ""101"", ""prd_de"": ""2024-12"", ""prd_se"": ""월"", ""status"": ""CONFIRMED"", ""tbl_id"": ""DT_1B8000G"", ""unit"": ""명""}]","[{""content_hash"": ""9ae2de81230e5c48da9c6fbfd711fce2807f95dd4729337a234e4022149eb0fa"", ""evidence_key"": ""ORG=101|TBL=DT_1B8000G|ITM=T1|OBJ=B|MEMBER=전국|PRD_SE=월|PRD_DE=2024-12|DIMS=B:전국,A:출생아수(명)"", ""publication"": {""content_hash"": ""882ea1046b8fe06af80e5ccfa2f0e019e4174b51a050363f55714b66573aaacc"", ""coverage_end_period"": null, ""coverage_start_period"": null, ""evidence_scope"": ""PERIOD"", ""pub_date_text"": ""조사기준 년 익년"", ""pub_period"": ""월"", ""publication_method_url"": ""언론(보도자료), 전산망(인터넷), 간행물2024년 5월 인구동향https://mods.go.kr/board.es?mid=a10301020300&amp;bid=204"", ""published_at"": null, ""reference_period"": null, ""retrieved_at"": ""2026-08-26T08:52:14.436820Z"", ""source_url"": ""https://kosis.kr/openapi/statisticsExplData.do?method=getList&format=json&jsonVD=Y&orgId=101&tblId=DT_1B8000G&metaItm=All"", ""status"": ""UNRESOLVED""}, ""retrieved_at"": ""2026-08-26T08:52:10.096952Z"", ""source"": ""API"", ""source_url"": ""https://kosis.kr/openapi/Param/statisticsParameterData.do?method=getList&orgId=101&tblId=DT_1B8000G&itmId=T1&prdSe=M&startPrdDe=202412&endPrdDe=202412&objL1=00&objL2=10"", ""value_last_changed_at"": null}]",https://kosis.kr/openapi/Param/statisticsParameterData.do?method=getList&orgId=101&tblId=DT_1B8000G&itmId=T1&prdSe=M&startPrdDe=202412&endPrdDe=202412&objL1=00&objL2=10,9ae2de81230e5c48da9c6fbfd711fce2807f95dd4729337a234e4022149eb0fa,,,N,,,,,,,D:\projects\services\archived\clafact-auto\.worktrees\three-type-release\artifacts\direct_value_release_20260826\single_133_live_final_v3\claim_verification_results.jsonl,A00279,RULE_DISCOVERY,clafact-direct-value-generalization-v1,HOLD,AS_OF_UNAVAILABLE,OFFICIAL_VALUE_FETCH,N,HOLD,AS_OF_UNAVAILABLE,OFFICIAL_VALUE_FETCH,UNDETERMINED,,"[{""canonical_key"": ""ORG=101|TBL=DT_1B8000G|ITM=T1|OBJ=B|MEMBER=전국|PRD_SE=월|PRD_DE=2024-12|DIMS=B:전국,A:출생아수(명)"", ""dimension_codes"": {""A"": ""10"", ""B"": ""00""}, ""dimension_members"": {""A"": ""출생아수(명)"", ""B"": ""전국""}, ""itm_id"": ""T1"", ""member_code"": ""전국"", ""obj_id"": ""B"", ""org_id"": ""101"", ""prd_de"": ""2024-12"", ""prd_se"": ""월"", ""status"": ""CONFIRMED"", ""tbl_id"": ""DT_1B8000G"", ""unit"": ""명""}]",https://kosis.kr/openapi/Param/statisticsParameterData.do?method=getList&orgId=101&tblId=DT_1B8000G&itmId=T1&prdSe=M&startPrdDe=202412&endPrdDe=202412&objL1=00&objL2=10,9ae2de81230e5c48da9c6fbfd711fce2807f95dd4729337a234e4022149eb0fa,,N,,HOLD,AS_OF_UNAVAILABLE,OFFICIAL_VALUE_FETCH,UNDETERMINED,,"[{""canonical_key"": ""ORG=101|TBL=DT_1B8000G|ITM=T1|OBJ=B|MEMBER=전국|PRD_SE=월|PRD_DE=2024-12|DIMS=B:전국,A:출생아수(명)"", ""dimension_codes"": {""A"": ""10"", ""B"": ""00""}, ""dimension_members"": {""A"": ""출생아수(명)"", ""B"": ""전국""}, ""itm_id"": ""T1"", ""member_code"": ""전국"", ""obj_id"": ""B"", ""org_id"": ""101"", ""prd_de"": ""2024-12"", ""prd_se"": ""월"", ""status"": ""CONFIRMED"", ""tbl_id"": ""DT_1B8000G"", ""unit"": ""명""}]",https://kosis.kr/openapi/Param/statisticsParameterData.do?method=getList&orgId=101&tblId=DT_1B8000G&itmId=T1&prdSe=M&startPrdDe=202412&endPrdDe=202412&objL1=00&objL2=10,9ae2de81230e5c48da9c6fbfd711fce2807f95dd4729337a234e4022149eb0fa,,N,OFFICIAL_RECURRING_BINDING_V1,Y,D:\projects\services\archived\clafact-auto\.worktrees\direct-value-coordinate-publication\artifacts\direct_value_coordinate_publication_v2\runs\discovery_v1\claim_verification_results.jsonl,동일,,,,,,,,,,
부모겸단일결과,A00292_6,A00292_6,단일 수치,8번 직접값,8번 직접값 유지,"통계청의 연간 통계는 아직 나오기 전이지만, 지난 3일 행정안전부의 주민등록 인구 통계에 따르면 작년 출생아 수는 24만2334명으로 9년 만에 처음으로 증가했다.",2025-01-23,242334명,출생아 수,242334.0,명,2024,Y,,,,DIRECT_VALUE,"{""direction"": ""INCREASE""}",AUTO_OK,KOSIS_PIPELINE_ELIGIBLE,HOLD,AS_OF_UNAVAILABLE,OFFICIAL_VALUE_FETCH,기사 작성일 기준 공표된 공식값인지 확인하지 못함,UNDETERMINED,,"[{""canonical_key"": ""ORG=101|TBL=DT_1B8000G|ITM=T1|OBJ=B|MEMBER=전국|PRD_SE=년|PRD_DE=2024|DIMS=B:전국,A:출생아수(명)"", ""dimension_codes"": {""A"": ""10"", ""B"": ""00""}, ""dimension_members"": {""A"": ""출생아수(명)"", ""B"": ""전국""}, ""itm_id"": ""T1"", ""member_code"": ""전국"", ""obj_id"": ""B"", ""org_id"": ""101"", ""prd_de"": ""2024"", ""prd_se"": ""년"", ""status"": ""CONFIRMED"", ""tbl_id"": ""DT_1B8000G"", ""unit"": ""명""}]","[{""content_hash"": ""8b108c178cc52a5182d9c572527f7727086fc0df8d9128ad021c30906237b37a"", ""evidence_key"": ""ORG=101|TBL=DT_1B8000G|ITM=T1|OBJ=B|MEMBER=전국|PRD_SE=년|PRD_DE=2024|DIMS=B:전국,A:출생아수(명)"", ""publication"": {""content_hash"": ""882ea1046b8fe06af80e5ccfa2f0e019e4174b51a050363f55714b66573aaacc"", ""coverage_end_period"": null, ""coverage_start_period"": null, ""evidence_scope"": ""PERIOD"", ""pub_date_text"": ""조사기준 년 익년"", ""pub_period"": ""월"", ""publication_method_url"": ""언론(보도자료), 전산망(인터넷), 간행물2024년 5월 인구동향https://mods.go.kr/board.es?mid=a10301020300&amp;bid=204"", ""published_at"": null, ""reference_period"": null, ""retrieved_at"": ""2026-08-26T08:49:03.822299Z"", ""source_url"": ""https://kosis.kr/openapi/statisticsExplData.do?method=getList&format=json&jsonVD=Y&orgId=101&tblId=DT_1B8000G&metaItm=All"", ""status"": ""UNRESOLVED""}, ""retrieved_at"": ""2026-08-26T08:48:59.639505Z"", ""source"": ""API"", ""source_url"": ""https://kosis.kr/openapi/Param/statisticsParameterData.do?method=getList&orgId=101&tblId=DT_1B8000G&itmId=T1&prdSe=Y&startPrdDe=2024&endPrdDe=2024&objL1=00&objL2=10"", ""value_last_changed_at"": null}]",https://kosis.kr/openapi/Param/statisticsParameterData.do?method=getList&orgId=101&tblId=DT_1B8000G&itmId=T1&prdSe=Y&startPrdDe=2024&endPrdDe=2024&objL1=00&objL2=10,8b108c178cc52a5182d9c572527f7727086fc0df8d9128ad021c30906237b37a,,,N,,,,,,,D:\projects\services\archived\clafact-auto\.worktrees\three-type-release\artifacts\direct_value_release_20260826\single_133_live_final_v3\claim_verification_results.jsonl,A00292,RULE_DISCOVERY,clafact-direct-value-generalization-v1,HOLD,AS_OF_UNAVAILABLE,OFFICIAL_VALUE_FETCH,N,HOLD,AS_OF_UNAVAILABLE,OFFICIAL_VALUE_FETCH,UNDETERMINED,,"[{""canonical_key"": ""ORG=101|TBL=DT_1B8000G|ITM=T1|OBJ=B|MEMBER=전국|PRD_SE=년|PRD_DE=2024|DIMS=B:전국,A:출생아수(명)"", ""dimension_codes"": {""A"": ""10"", ""B"": ""00""}, ""dimension_members"": {""A"": ""출생아수(명)"", ""B"": ""전국""}, ""itm_id"": ""T1"", ""member_code"": ""전국"", ""obj_id"": ""B"", ""org_id"": ""101"", ""prd_de"": ""2024"", ""prd_se"": ""년"", ""status"": ""CONFIRMED"", ""tbl_id"": ""DT_1B8000G"", ""unit"": ""명""}]",https://kosis.kr/openapi/Param/statisticsParameterData.do?method=getList&orgId=101&tblId=DT_1B8000G&itmId=T1&prdSe=Y&startPrdDe=2024&endPrdDe=2024&objL1=00&objL2=10,8b108c178cc52a5182d9c572527f7727086fc0df8d9128ad021c30906237b37a,,N,,HOLD,AS_OF_UNAVAILABLE,OFFICIAL_VALUE_FETCH,UNDETERMINED,,"[{""canonical_key"": ""ORG=101|TBL=DT_1B8000G|ITM=T1|OBJ=B|MEMBER=전국|PRD_SE=년|PRD_DE=2024|DIMS=B:전국,A:출생아수(명)"", ""dimension_codes"": {""A"": ""10"", ""B"": ""00""}, ""dimension_members"": {""A"": ""출생아수(명)"", ""B"": ""전국""}, ""itm_id"": ""T1"", ""member_code"": ""전국"", ""obj_id"": ""B"", ""org_id"": ""101"", ""prd_de"": ""2024"", ""prd_se"": ""년"", ""status"": ""CONFIRMED"", ""tbl_id"": ""DT_1B8000G"", ""unit"": ""명""}]",https://kosis.kr/openapi/Param/statisticsParameterData.do?method=getList&orgId=101&tblId=DT_1B8000G&itmId=T1&prdSe=Y&startPrdDe=2024&endPrdDe=2024&objL1=00&objL2=10,8b108c178cc52a5182d9c572527f7727086fc0df8d9128ad021c30906237b37a,,N,OFFICIAL_RECURRING_BINDING_V1,Y,D:\projects\services\archived\clafact-auto\.worktrees\direct-value-coordinate-publication\artifacts\direct_value_coordinate_publication_v2\runs\discovery_v1\claim_verification_results.jsonl,동일,,,,,,,,,,
부모겸단일결과,A00298_10,A00298_10,단일 수치,8번 직접값,8번 직접값 유지,한은은 올해 연간 성장률 중 건설 투자 부분이 -1.3% 수준일 것으로 봤다.,2025-01-23,1.3%,건설투자,1.3,%,2025,Y,,,,DIRECT_VALUE,,HUMAN_REVIEW,CONTEXT_REQUIRED,HUMAN_REVIEW,INDICATOR_REFINEMENT_REQUIRED,CLAIM_PARSE,INDICATOR_REFINEMENT_REQUIRED,,,[],[],,,,,N,,,,,,,D:\projects\services\archived\clafact-auto\.worktrees\three-type-release\artifacts\direct_value_release_20260826\single_133_live_final_v3\claim_verification_results.jsonl,A00298,FINAL_BLIND,clafact-direct-value-generalization-v1,HUMAN_REVIEW,INDICATOR_REFINEMENT_REQUIRED,CLAIM_PARSE,N,HUMAN_REVIEW,INDICATOR_REFINEMENT_REQUIRED,CLAIM_PARSE,,,[],,,,N,,HUMAN_REVIEW,NON_OBSERVED_FORECAST,CLAIM_PARSE,,,[],,,,N,OBSERVATION_STATUS_GUARD_V1,Y,D:\projects\services\archived\clafact-auto\.worktrees\direct-value-general-rules\artifacts\direct_value_generalization_v1\runs\final_blind_full\claim_verification_results.jsonl,변경,Y,EXCLUDE_FORECAST,EXCLUDE_FROM_KOSIS,검증 제외,NON_OBSERVED_FORECAST,,NON_OBSERVED_FORECAST,NON_OBSERVED_FORECAST,FINAL_BLIND,artifacts/direct_value_claim_reclassification_100_20260828/summary.json
부모겸단일결과,A00308_18,A00308_18,단일 수치,8번 직접값,8번 직접값 유지,이정희 중앙대 교수는 “작년 한국 인구의 20%가 65세 이상인 초고령사회로 진입하면서 구조적으로 소비 동력이 떨어져 내수가 살아나기 쉽지 않다”고 했다.,2025-01-24,20%,총인구,20.0,%,2024,Y,전국,65세 이상 인구,"{""raw"": ""{\""연령\"": \""65세 이상\""}""}",THRESHOLD,"{""operator"": ""GTE"", ""threshold_unit"": ""%"", ""threshold_value"": ""20.0""}",HUMAN_REVIEW,CONTEXT_REQUIRED,HUMAN_REVIEW,INDICATOR_REFINEMENT_REQUIRED,CLAIM_PARSE,INDICATOR_REFINEMENT_REQUIRED,,,[],[],,,,,N,,,,,,,D:\projects\services\archived\clafact-auto\.worktrees\three-type-release\artifacts\direct_value_release_20260826\single_133_live_final_v3\claim_verification_results.jsonl,A00308,RULE_DISCOVERY,clafact-direct-value-generalization-v1,HUMAN_REVIEW,INDICATOR_REFINEMENT_REQUIRED,CLAIM_PARSE,N,HUMAN_REVIEW,INDICATOR_REFINEMENT_REQUIRED,CLAIM_PARSE,,,[],,,,N,,HUMAN_REVIEW,INDICATOR_REFINEMENT_REQUIRED,CLAIM_PARSE,,,[],,,,N,,,,,Y,KEEP_DIRECT_RECOVERED,KEEP_DIRECT_VALUE,8.직접값,SOURCE_GROUNDED_DIRECT_VALUE,20%,INDICATOR_REFINEMENT_REQUIRED,SOURCE_GROUNDED_DIRECT_VALUE,RULE_DISCOVERY,artifacts/direct_value_claim_reclassification_100_20260828/summary.json
부모겸단일결과,A00347_47,A00347_47,단일 수치,8번 직접값,8번 직접값 유지,"2009년 금융 위기를 겪은 후 금융 위기로 발생한 국채를 2011년부터 축소시키고 있고, 2016년부터는 연간 신규국채 발행이 최대 GDP의 0.35%를 초과하지 못하도록 했다.",2025-01-27,0.35%,GDP,0.35,%,2009,Y,,,,THRESHOLD,"{""operator"": ""GT"", ""threshold_unit"": ""%"", ""threshold_value"": ""0.35""}",HUMAN_REVIEW,CONTEXT_REQUIRED,HUMAN_REVIEW,INDICATOR_MEASURE_FAMILY_AMBIGUOUS,CLAIM_PARSE,INDICATOR_MEASURE_FAMILY_AMBIGUOUS,,,[],[],,,,,N,,,,,,,D:\projects\services\archived\clafact-auto\.worktrees\three-type-release\artifacts\direct_value_release_20260826\single_133_live_final_v3\claim_verification_results.jsonl,A00347,RULE_DISCOVERY,clafact-direct-value-generalization-v1,HUMAN_REVIEW,INDICATOR_MEASURE_FAMILY_AMBIGUOUS,CLAIM_PARSE,N,HUMAN_REVIEW,INDICATOR_MEASURE_FAMILY_AMBIGUOUS,CLAIM_PARSE,,,[],,,,N,,HUMAN_REVIEW,INDICATOR_MEASURE_FAMILY_AMBIGUOUS,CLAIM_PARSE,,,[],,,,N,,,,,Y,KEEP_DIRECT_RECOVERED,KEEP_DIRECT_VALUE,8.직접값,SOURCE_GROUNDED_DIRECT_VALUE,0.35%,INDICATOR_MEASURE_FAMILY_AMBIGUOUS,SOURCE_GROUNDED_DIRECT_VALUE,RULE_DISCOVERY,artifacts/direct_value_claim_reclassification_100_20260828/summary.json
부모겸단일결과,A00353_11,A00353_11,단일 수치,8번 직접값,8번 직접값 유지,지난해부터 8000만원 이상 법인차에 연두색 표지판을 부착하게 한 것도 고가 수입차 판매 감소를 이끈 요인으로 꼽힌다.,2025-01-28,8e+07원,수입액,80000000.0,원,2024,Y,,,,THRESHOLD,"{""operator"": ""GTE"", ""threshold_unit"": ""원"", ""threshold_value"": ""80000000.0""}",AUTO_OK,KOSIS_PIPELINE_ELIGIBLE,HOLD,NO_EVIDENCE_COORDINATE_CANDIDATE,HARD_GUARD,공식표는 찾았지만 기사 조건에 맞는 항목·지역·기간 좌표를 확정하지 못함,UNDETERMINED,,[],[],,,,,N,,,,,,,D:\projects\services\archived\clafact-auto\.worktrees\three-type-release\artifacts\direct_value_release_20260826\single_133_live_final_v3\claim_verification_results.jsonl,A00353,INTERMEDIATE_VALIDATION,clafact-direct-value-generalization-v1,HOLD,NO_EVIDENCE_COORDINATE_CANDIDATE,HARD_GUARD,N,HOLD,NO_EVIDENCE_COORDINATE_CANDIDATE,HARD_GUARD,UNDETERMINED,,[],,,,N,,HOLD,NO_EVIDENCE_COORDINATE_CANDIDATE,HARD_GUARD,UNDETERMINED,,[],,,,N,,Y,D:\projects\services\archived\clafact-auto\.worktrees\direct-value-coordinate-publication\artifacts\direct_value_coordinate_62_v1\runs\intermediate_v1\claim_verification_results.jsonl,동일,,,,,,,,,,
부모겸단일결과,A00489_18,A00489_18,단일 수치,8번 직접값,8번 직접값 유지,이미 1월 무역수지는 18억9000만달러의 적자로 돌아섰다.,2025-02-07,-1.89e+09달러,무역수지,-1890000000.0,달러,2025년 1월,월,,,,DIRECT_VALUE,"{""polarity"": ""DEFICIT""}",AUTO_OK,KOSIS_PIPELINE_ELIGIBLE,HOLD,NO_EVIDENCE_COORDINATE_CANDIDATE,HARD_GUARD,공식표는 찾았지만 기사 조건에 맞는 항목·지역·기간 좌표를 확정하지 못함,UNDETERMINED,,[],[],,,,,N,,,,,,,D:\projects\services\archived\clafact-auto\.worktrees\three-type-release\artifacts\direct_value_release_20260826\single_133_live_final_v3\claim_verification_results.jsonl,A00489,INTERMEDIATE_VALIDATION,clafact-direct-value-generalization-v1,HOLD,NO_EVIDENCE_COORDINATE_CANDIDATE,HARD_GUARD,N,HOLD,NO_EVIDENCE_COORDINATE_CANDIDATE,HARD_GUARD,UNDETERMINED,,[],,,,N,,HOLD,NO_EVIDENCE_COORDINATE_CANDIDATE,HARD_GUARD,UNDETERMINED,,[],,,,N,,Y,D:\projects\services\archived\clafact-auto\.worktrees\direct-value-coordinate-publication\artifacts\direct_value_coordinate_62_v1\runs\intermediate_v1\claim_verification_results.jsonl,동일,,,,,,,,,,
부모겸단일결과,A00513_2,A00513_2,단일 수치,8번 직접값,8번 직접값 유지,작년 우리나라 수출의 1.9%에 해당하는 규모다.,2025-02-09,1.9%,수출액,1.9,%,2024,Y,전국,,,DIRECT_VALUE,,HUMAN_REVIEW,CONTEXT_REQUIRED,HUMAN_REVIEW,INDICATOR_REFINEMENT_REQUIRED,CLAIM_PARSE,INDICATOR_REFINEMENT_REQUIRED,,,[],[],,,,,N,,,,,,,D:\projects\services\archived\clafact-auto\.worktrees\three-type-release\artifacts\direct_value_release_20260826\single_133_live_final_v3\claim_verification_results.jsonl,A00513,INTERMEDIATE_VALIDATION,clafact-direct-value-generalization-v1,HUMAN_REVIEW,INDICATOR_REFINEMENT_REQUIRED,CLAIM_PARSE,N,HUMAN_REVIEW,INDICATOR_REFINEMENT_REQUIRED,CLAIM_PARSE,,,[],,,,N,,HUMAN_REVIEW,INDICATOR_REFINEMENT_REQUIRED,CLAIM_PARSE,,,[],,,,N,,Y,D:\projects\services\archived\clafact-auto\.worktrees\direct-value-general-rules\artifacts\direct_value_generalization_v1\runs\intermediate_validation_full\claim_verification_results.jsonl,동일,Y,KEEP_DIRECT_RECOVERED,KEEP_DIRECT_VALUE,8.직접값,SOURCE_GROUNDED_DIRECT_VALUE,1.9%,INDICATOR_REFINEMENT_REQUIRED,SOURCE_GROUNDED_DIRECT_VALUE,INTERMEDIATE_VALIDATION,artifacts/direct_value_claim_reclassification_100_20260828/summary.json
부모겸단일결과,A00637_6,A00637_6,단일 수치,8번 직접값,8번 직접값 유지,LIG넥스원은 앞서 2022년 UAE에 약 4조원대 규모 천궁-II 국산 요격미사일 수출 계약을 따낸 바 있다.,2025-02-18,4e+12원,수출액,4000000000000.0,원,2022,Y,,,,DIRECT_VALUE,,AUTO_OK,KOSIS_PIPELINE_ELIGIBLE,HOLD,NO_EVIDENCE_COORDINATE_CANDIDATE,HARD_GUARD,공식표는 찾았지만 기사 조건에 맞는 항목·지역·기간 좌표를 확정하지 못함,UNDETERMINED,,[],[],,,,,N,,,,,,,D:\projects\services\archived\clafact-auto\.worktrees\three-type-release\artifacts\direct_value_release_20260826\single_133_live_final_v3\claim_verification_results.jsonl,A00637,RULE_DISCOVERY,clafact-direct-value-generalization-v1,HOLD,NO_EVIDENCE_COORDINATE_CANDIDATE,HARD_GUARD,N,HOLD,NO_EVIDENCE_COORDINATE_CANDIDATE,HARD_GUARD,UNDETERMINED,,[],,,,N,,HUMAN_REVIEW,NON_STATISTICAL_PRIVATE_TRANSACTION,CLAIM_PARSE,,,[],,,,N,,Y,D:\projects\services\archived\clafact-auto\.worktrees\direct-value-coordinate-publication\artifacts\direct_value_coordinate_62_v1\runs\discovery_v2\claim_verification_results.jsonl,변경,Y,EXCLUDE_PRIVATE_TRANSACTION,EXCLUDE_FROM_KOSIS,검증 제외,NON_STATISTICAL_PRIVATE_TRANSACTION,,NON_STATISTICAL_PRIVATE_TRANSACTION,NON_STATISTICAL_PRIVATE_TRANSACTION,RULE_DISCOVERY,artifacts/direct_value_claim_reclassification_100_20260828/summary.json
부모겸단일결과,A00658_11,A00658_11,단일 수치,8번 직접값,8번 직접값 유지,작년 수입액은 1조3600억원어치 정도다.,2025-02-20,1.36e+12원,수입액,1360000000000.0,원,2024,Y,,,,DIRECT_VALUE,,AUTO_OK,KOSIS_PIPELINE_ELIGIBLE,HOLD,NO_EVIDENCE_COORDINATE_CANDIDATE,HARD_GUARD,공식표는 찾았지만 기사 조건에 맞는 항목·지역·기간 좌표를 확정하지 못함,UNDETERMINED,,[],[],,,,,N,,,,,,,D:\projects\services\archived\clafact-auto\.worktrees\three-type-release\artifacts\direct_value_release_20260826\single_133_live_final_v3\claim_verification_results.jsonl,A00658,RULE_DISCOVERY,clafact-direct-value-generalization-v1,HOLD,NO_EVIDENCE_COORDINATE_CANDIDATE,HARD_GUARD,N,HOLD,NO_EVIDENCE_COORDINATE_CANDIDATE,HARD_GUARD,UNDETERMINED,,[],,,,N,,HOLD,NO_EVIDENCE_COORDINATE_CANDIDATE,HARD_GUARD,UNDETERMINED,,[],,,,N,,Y,D:\projects\services\archived\clafact-auto\.worktrees\direct-value-coordinate-publication\artifacts\direct_value_coordinate_62_v1\runs\discovery_v2\claim_verification_results.jsonl,동일,,,,,,,,,,
부모겸단일결과,A00672_9,A00672_9,단일 수치,8번 직접값,8번 직접값 유지,작년 수입액은 1조3600억원어치 정도다.,2025-02-21,1.36e+12원,수입액,1360000000000.0,원,2024,Y,,,,DIRECT_VALUE,,AUTO_OK,KOSIS_PIPELINE_ELIGIBLE,HOLD,NO_EVIDENCE_COORDINATE_CANDIDATE,HARD_GUARD,공식표는 찾았지만 기사 조건에 맞는 항목·지역·기간 좌표를 확정하지 못함,UNDETERMINED,,[],[],,,,,N,,,,,,,D:\projects\services\archived\clafact-auto\.worktrees\three-type-release\artifacts\direct_value_release_20260826\single_133_live_final_v3\claim_verification_results.jsonl,A00672,RULE_DISCOVERY,clafact-direct-value-generalization-v1,HOLD,NO_EVIDENCE_COORDINATE_CANDIDATE,HARD_GUARD,N,HOLD,NO_EVIDENCE_COORDINATE_CANDIDATE,HARD_GUARD,UNDETERMINED,,[],,,,N,,HOLD,NO_EVIDENCE_COORDINATE_CANDIDATE,HARD_GUARD,UNDETERMINED,,[],,,,N,,Y,D:\projects\services\archived\clafact-auto\.worktrees\direct-value-coordinate-publication\artifacts\direct_value_coordinate_62_v1\runs\discovery_v2\claim_verification_results.jsonl,동일,,,,,,,,,,
부모겸단일결과,A00673_9,A00673_9,단일 수치,8번 직접값,8번 직접값 유지,연간 누계 무역 수지는 10억5600만달러 적자다.,2025-02-21,-1.056e+09달러,무역수지,-1056000000.0,달러,2025-01-01/2025-02-20,CUMULATIVE_PERIOD,,,,DIRECT_VALUE,"{""polarity"": ""DEFICIT""}",AUTO_OK,KOSIS_PIPELINE_ELIGIBLE,AUTO,WITHIN_TOLERANCE,HARD_GUARD,기사값과 공식값이 허용오차 안에서 일치,MATCH,-1056000000.0,[],"[{""content_hash"": ""e754b93d306fe12a9d9e916ffc40fcc829b289eccfa2a870fadae5c1bda76d5d"", ""evidence_key"": ""OFFICIAL_TRADE_RELEASE:관세청:2025-01-01/2025-02-20"", ""publication"": {""content_hash"": ""e754b93d306fe12a9d9e916ffc40fcc829b289eccfa2a870fadae5c1bda76d5d"", ""coverage_end_period"": null, ""coverage_start_period"": null, ""evidence_scope"": ""PERIOD"", ""pub_date_text"": null, ""pub_period"": null, ""publication_method_url"": null, ""published_at"": ""2025-02-21"", ""reference_period"": ""2025-01-01/2025-02-20"", ""retrieved_at"": ""2026-08-26T08:57:47.534265Z"", ""source_url"": ""https://www.customs.go.kr/kcs/na/ntt/selectNttInfo.do?nttSn=10131794&nttSnUrl=9b510df43d783fcfd23b3f95b583609f&bbsId=1362&mi=2891"", ""status"": ""VERIFIED""}, ""retrieved_at"": ""2026-08-26T08:57:47.534265Z"", ""source"": ""OFFICIAL_DOCUMENT"", ""source_url"": ""https://www.customs.go.kr/kcs/na/ntt/selectNttInfo.do?nttSn=10131794&nttSnUrl=9b510df43d783fcfd23b3f95b583609f&bbsId=1362&mi=2891"", ""value_last_changed_at"": null}]",https://www.customs.go.kr/kcs/na/ntt/selectNttInfo.do?nttSn=10131794&nttSnUrl=9b510df43d783fcfd23b3f95b583609f&bbsId=1362&mi=2891,e754b93d306fe12a9d9e916ffc40fcc829b289eccfa2a870fadae5c1bda76d5d,VERIFIED,OFFICIAL_DOCUMENT,Y,,,,,,,D:\projects\services\archived\clafact-auto\.worktrees\three-type-release\artifacts\direct_value_release_20260826\single_133_live_final_v3\claim_verification_results.jsonl,A00673,FINAL_BLIND,clafact-direct-value-generalization-v1,AUTO,WITHIN_TOLERANCE,HARD_GUARD,Y,AUTO,WITHIN_TOLERANCE,HARD_GUARD,MATCH,-1056000000.0,[],https://www.customs.go.kr/kcs/na/ntt/selectNttInfo.do?nttSn=10131794&nttSnUrl=9b510df43d783fcfd23b3f95b583609f&bbsId=1362&mi=2891,e754b93d306fe12a9d9e916ffc40fcc829b289eccfa2a870fadae5c1bda76d5d,VERIFIED,Y,,AUTO,WITHIN_TOLERANCE,HARD_GUARD,MATCH,-1056000000.0,[],https://www.customs.go.kr/kcs/na/ntt/selectNttInfo.do?nttSn=10131794&nttSnUrl=9b510df43d783fcfd23b3f95b583609f&bbsId=1362&mi=2891,8c795ae5198dfc6f1db8f3f811a498dd6abb50c8cafccdaacfef09dfde6a2d35,VERIFIED,Y,OFFICIAL_AUTHOR_FALLBACK_V1,Y,D:\projects\services\archived\clafact-auto\.worktrees\direct-value-general-rules\artifacts\direct_value_generalization_v1\runs\final_blind_full\claim_verification_results.jsonl,동일,,,,,,,,,,
부모겸단일결과,A00709_11,A00709_11,단일 수치,8번 직접값,8번 직접값 유지,◇15년 뒤 생산연령인구 3000만명 아래로 하지만 올해부터는 90년대 초반생들도 이미 30세를 넘어 대부분 노동시장에 진출한 상태다.,2025-02-24,3e+07명,총인구,30000000.0,명,2025,Y,,,,THRESHOLD,"{""operator"": ""LTE"", ""threshold_unit"": ""명"", ""threshold_value"": ""30000000.0""}",AUTO_OK,KOSIS_PIPELINE_ELIGIBLE,HOLD,NO_EVIDENCE_COORDINATE_CANDIDATE,HARD_GUARD,공식표는 찾았지만 기사 조건에 맞는 항목·지역·기간 좌표를 확정하지 못함,UNDETERMINED,,[],[],,,,,N,,,,,,,D:\projects\services\archived\clafact-auto\.worktrees\three-type-release\artifacts\direct_value_release_20260826\single_133_live_final_v3\claim_verification_results.jsonl,A00709,RULE_DISCOVERY,clafact-direct-value-generalization-v1,HOLD,NO_EVIDENCE_COORDINATE_CANDIDATE,HARD_GUARD,N,HOLD,NO_EVIDENCE_COORDINATE_CANDIDATE,HARD_GUARD,UNDETERMINED,,[],,,,N,,HOLD,KOSIS_METADATA_UNAVAILABLE,KOSIS_METADATA,UNDETERMINED,,[],,,,N,,Y,D:\projects\services\archived\clafact-auto\.worktrees\direct-value-coordinate-publication\artifacts\direct_value_coordinate_publication_v2\runs\discovery_v1\claim_verification_results.jsonl,변경,,,,,,,,,,
부모겸단일결과,A00722_16,A00722_16,단일 수치,8번 직접값,8번 직접값 유지,한은은 계엄사태 등을 반영해 지난달 올해 경제성장률이 1.6~1.7% 정도 될 것이라고 발표했는데 이보다도 더 낮춘 것이다.,2025-02-25,1.7%,경제성장률,1.7,%,2025,Y,,,,DIRECT_VALUE,,AUTO_OK,KOSIS_PIPELINE_ELIGIBLE,HOLD,NO_EVIDENCE_COORDINATE_CANDIDATE,HARD_GUARD,공식표는 찾았지만 기사 조건에 맞는 항목·지역·기간 좌표를 확정하지 못함,UNDETERMINED,,[],[],,,,,N,,,,,,,D:\projects\services\archived\clafact-auto\.worktrees\three-type-release\artifacts\direct_value_release_20260826\single_133_live_final_v3\claim_verification_results.jsonl,A00722,INTERMEDIATE_VALIDATION,clafact-direct-value-generalization-v1,HOLD,NO_EVIDENCE_COORDINATE_CANDIDATE,HARD_GUARD,N,HOLD,NO_EVIDENCE_COORDINATE_CANDIDATE,HARD_GUARD,UNDETERMINED,,[],,,,N,,HUMAN_REVIEW,NON_OBSERVED_FORECAST,CLAIM_PARSE,,,[],,,,N,OBSERVATION_STATUS_GUARD_V1,Y,D:\projects\services\archived\clafact-auto\.worktrees\direct-value-coordinate-publication\artifacts\direct_value_coordinate_publication_v2\runs\intermediate_v2\claim_verification_results.jsonl,변경,Y,EXCLUDE_FORECAST,EXCLUDE_FROM_KOSIS,검증 제외,NON_OBSERVED_FORECAST,,NON_OBSERVED_FORECAST,NON_OBSERVED_FORECAST,INTERMEDIATE_VALIDATION,artifacts/direct_value_claim_reclassification_100_20260828/summary.json
부모겸단일결과,A00735_8,A00735_8,단일 수치,8번 직접값,8번 직접값 유지,"게다가 한은은 이날 올해 트럼프발 관세 전쟁이 격화되면 올해, 내년 성장률이 1.4%까지 떨어질 것을 경고했다.",2025-02-26,1.4%,경제성장률,1.4,%,2025,Y,,,,DIRECT_VALUE,"{""direction"": ""DECREASE""}",AUTO_OK,KOSIS_PIPELINE_ELIGIBLE,HOLD,NO_EVIDENCE_COORDINATE_CANDIDATE,HARD_GUARD,공식표는 찾았지만 기사 조건에 맞는 항목·지역·기간 좌표를 확정하지 못함,UNDETERMINED,,[],[],,,,,N,,,,,,,D:\projects\services\archived\clafact-auto\.worktrees\three-type-release\artifacts\direct_value_release_20260826\single_133_live_final_v3\claim_verification_results.jsonl,A00735,INTERMEDIATE_VALIDATION,clafact-direct-value-generalization-v1,HOLD,NO_EVIDENCE_COORDINATE_CANDIDATE,HARD_GUARD,N,HOLD,NO_EVIDENCE_COORDINATE_CANDIDATE,HARD_GUARD,UNDETERMINED,,[],,,,N,,HUMAN_REVIEW,NON_OBSERVED_FORECAST,CLAIM_PARSE,,,[],,,,N,OBSERVATION_STATUS_GUARD_V1,Y,D:\projects\services\archived\clafact-auto\.worktrees\direct-value-general-rules\artifacts\direct_value_generalization_v1\runs\intermediate_validation_full\claim_verification_results.jsonl,변경,Y,EXCLUDE_FORECAST,EXCLUDE_FROM_KOSIS,검증 제외,NON_OBSERVED_FORECAST,,NON_OBSERVED_FORECAST,NON_OBSERVED_FORECAST,INTERMEDIATE_VALIDATION,artifacts/direct_value_claim_reclassification_100_20260828/summary.json
부모겸단일결과,A00736_7,A00736_7,단일 수치,8번 직접값,8번 직접값 유지,한 해 태어난 인구가 70만명 수준인 1990년대생들이 본격적으로 결혼을 하고 아이를 낳기 시작하면서 작년 출생아가 늘어났다.,2025-02-26,700000명,출생아 수,700000.0,명,2024,Y,,,,DIRECT_VALUE,"{""direction"": ""INCREASE""}",AUTO_OK,KOSIS_PIPELINE_ELIGIBLE,HOLD,AS_OF_UNAVAILABLE,OFFICIAL_VALUE_FETCH,기사 작성일 기준 공표된 공식값인지 확인하지 못함,UNDETERMINED,,"[{""canonical_key"": ""ORG=101|TBL=DT_1B8000G|ITM=T1|OBJ=B|MEMBER=전국|PRD_SE=년|PRD_DE=2024|DIMS=B:전국,A:출생아수(명)"", ""dimension_codes"": {""A"": ""10"", ""B"": ""00""}, ""dimension_members"": {""A"": ""출생아수(명)"", ""B"": ""전국""}, ""itm_id"": ""T1"", ""member_code"": ""전국"", ""obj_id"": ""B"", ""org_id"": ""101"", ""prd_de"": ""2024"", ""prd_se"": ""년"", ""status"": ""CONFIRMED"", ""tbl_id"": ""DT_1B8000G"", ""unit"": ""명""}]","[{""content_hash"": ""8b108c178cc52a5182d9c572527f7727086fc0df8d9128ad021c30906237b37a"", ""evidence_key"": ""ORG=101|TBL=DT_1B8000G|ITM=T1|OBJ=B|MEMBER=전국|PRD_SE=년|PRD_DE=2024|DIMS=B:전국,A:출생아수(명)"", ""publication"": {""content_hash"": ""882ea1046b8fe06af80e5ccfa2f0e019e4174b51a050363f55714b66573aaacc"", ""coverage_end_period"": null, ""coverage_start_period"": null, ""evidence_scope"": ""PERIOD"", ""pub_date_text"": ""조사기준 년 익년"", ""pub_period"": ""월"", ""publication_method_url"": ""언론(보도자료), 전산망(인터넷), 간행물2024년 5월 인구동향https://mods.go.kr/board.es?mid=a10301020300&amp;bid=204"", ""published_at"": null, ""reference_period"": null, ""retrieved_at"": ""2026-08-26T08:49:03.822299Z"", ""source_url"": ""https://kosis.kr/openapi/statisticsExplData.do?method=getList&format=json&jsonVD=Y&orgId=101&tblId=DT_1B8000G&metaItm=All"", ""status"": ""UNRESOLVED""}, ""retrieved_at"": ""2026-08-26T08:51:13.057636Z"", ""source"": ""API"", ""source_url"": ""https://kosis.kr/openapi/Param/statisticsParameterData.do?method=getList&orgId=101&tblId=DT_1B8000G&itmId=T1&prdSe=Y&startPrdDe=2024&endPrdDe=2024&objL1=00&objL2=10"", ""value_last_changed_at"": null}]",https://kosis.kr/openapi/Param/statisticsParameterData.do?method=getList&orgId=101&tblId=DT_1B8000G&itmId=T1&prdSe=Y&startPrdDe=2024&endPrdDe=2024&objL1=00&objL2=10,8b108c178cc52a5182d9c572527f7727086fc0df8d9128ad021c30906237b37a,,,N,,,,,,,D:\projects\services\archived\clafact-auto\.worktrees\three-type-release\artifacts\direct_value_release_20260826\single_133_live_final_v3\claim_verification_results.jsonl,A00736,FINAL_BLIND,clafact-direct-value-generalization-v1,HOLD,AS_OF_UNAVAILABLE,OFFICIAL_VALUE_FETCH,N,HOLD,AS_OF_UNAVAILABLE,OFFICIAL_VALUE_FETCH,UNDETERMINED,,"[{""canonical_key"": ""ORG=101|TBL=DT_1B8000G|ITM=T1|OBJ=B|MEMBER=전국|PRD_SE=년|PRD_DE=2024|DIMS=B:전국,A:출생아수(명)"", ""dimension_codes"": {""A"": ""10"", ""B"": ""00""}, ""dimension_members"": {""A"": ""출생아수(명)"", ""B"": ""전국""}, ""itm_id"": ""T1"", ""member_code"": ""전국"", ""obj_id"": ""B"", ""org_id"": ""101"", ""prd_de"": ""2024"", ""prd_se"": ""년"", ""status"": ""CONFIRMED"", ""tbl_id"": ""DT_1B8000G"", ""unit"": ""명""}]",https://kosis.kr/openapi/Param/statisticsParameterData.do?method=getList&orgId=101&tblId=DT_1B8000G&itmId=T1&prdSe=Y&startPrdDe=2024&endPrdDe=2024&objL1=00&objL2=10,8b108c178cc52a5182d9c572527f7727086fc0df8d9128ad021c30906237b37a,,N,,HOLD,AS_OF_UNAVAILABLE,OFFICIAL_VALUE_FETCH,UNDETERMINED,,"[{""canonical_key"": ""ORG=101|TBL=DT_1B8000G|ITM=T1|OBJ=B|MEMBER=전국|PRD_SE=년|PRD_DE=2024|DIMS=B:전국,A:출생아수(명)"", ""dimension_codes"": {""A"": ""10"", ""B"": ""00""}, ""dimension_members"": {""A"": ""출생아수(명)"", ""B"": ""전국""}, ""itm_id"": ""T1"", ""member_code"": ""전국"", ""obj_id"": ""B"", ""org_id"": ""101"", ""prd_de"": ""2024"", ""prd_se"": ""년"", ""status"": ""CONFIRMED"", ""tbl_id"": ""DT_1B8000G"", ""unit"": ""명""}]",https://kosis.kr/openapi/Param/statisticsParameterData.do?method=getList&orgId=101&tblId=DT_1B8000G&itmId=T1&prdSe=Y&startPrdDe=2024&endPrdDe=2024&objL1=00&objL2=10,8b108c178cc52a5182d9c572527f7727086fc0df8d9128ad021c30906237b37a,,N,OFFICIAL_RECURRING_BINDING_V1,Y,D:\projects\services\archived\clafact-auto\.worktrees\direct-value-coordinate-publication\artifacts\direct_value_coordinate_publication_v2\runs\final_blind_v1\claim_verification_results.jsonl,동일,,,,,,,,,,
부모겸단일결과,A00749_16,A00749_16,단일 수치,8번 직접값,8번 직접값 유지,출생아 증가세가 이어질 경우 2027년을 전후해 합계 출산율 0.8명 달성도 가능하다고 주 부위원장은 내다봤다.,2025-02-27,0.8명,출생아 수,0.8,명,2027,Y,,,,DIRECT_VALUE,"{""direction"": ""INCREASE""}",AUTO_OK,KOSIS_PIPELINE_ELIGIBLE,HOLD,NO_HARD_GUARD_CANDIDATE,HARD_GUARD,기간·단위·지역 등 필수 조건을 모두 만족하는 공식표 후보가 없음,UNDETERMINED,,[],[],,,,,N,,,,,,,D:\projects\services\archived\clafact-auto\.worktrees\three-type-release\artifacts\direct_value_release_20260826\single_133_live_final_v3\claim_verification_results.jsonl,A00749,RULE_DISCOVERY,clafact-direct-value-generalization-v1,HOLD,NO_HARD_GUARD_CANDIDATE,HARD_GUARD,N,HOLD,NO_HARD_GUARD_CANDIDATE,HARD_GUARD,UNDETERMINED,,[],,,,N,,HUMAN_REVIEW,NON_OBSERVED_FORECAST,CLAIM_PARSE,,,[],,,,N,OBSERVATION_STATUS_GUARD_V1,Y,D:\projects\services\archived\clafact-auto\.worktrees\direct-value-coordinate-publication\artifacts\direct_value_coordinate_publication_v2\runs\discovery_v1\claim_verification_results.jsonl,변경,Y,EXCLUDE_FORECAST,EXCLUDE_FROM_KOSIS,검증 제외,NON_OBSERVED_FORECAST,,NON_OBSERVED_FORECAST,NON_OBSERVED_FORECAST,RULE_DISCOVERY,artifacts/direct_value_claim_reclassification_100_20260828/summary.json
부모겸단일결과,A00789_2,A00789_2,단일 수치,8번 직접값,8번 직접값 유지,HMG그룹은 지난 1월 경기 용인시 처인구 역북동 신대지구 도시개발사업 공동주택 용지를 1813억원에 매입했다.,2025-03-02,1.813e+11원,총인구,181300000000.0,원,2025-01,M,경기,,,DIRECT_VALUE,,HUMAN_REVIEW,CONTEXT_REQUIRED,HUMAN_REVIEW,INDICATOR_UNIT_MEASURE_MISMATCH,CLAIM_PARSE,INDICATOR_UNIT_MEASURE_MISMATCH,,,[],[],,,,,N,,,,,,,D:\projects\services\archived\clafact-auto\.worktrees\three-type-release\artifacts\direct_value_release_20260826\single_133_live_final_v3\claim_verification_results.jsonl,A00789,RULE_DISCOVERY,clafact-direct-value-generalization-v1,HUMAN_REVIEW,INDICATOR_UNIT_MEASURE_MISMATCH,CLAIM_PARSE,N,HUMAN_REVIEW,INDICATOR_UNIT_MEASURE_MISMATCH,CLAIM_PARSE,,,[],,,,N,,HUMAN_REVIEW,INDICATOR_UNIT_MEASURE_MISMATCH,CLAIM_PARSE,,,[],,,,N,,,,,Y,KEEP_DIRECT_RECOVERED,KEEP_DIRECT_VALUE,8.직접값,SOURCE_GROUNDED_DIRECT_VALUE,1813억원,INDICATOR_UNIT_MEASURE_MISMATCH,SOURCE_GROUNDED_DIRECT_VALUE,RULE_DISCOVERY,artifacts/direct_value_claim_reclassification_100_20260828/summary.json
부모겸단일결과,A00830_5,A00830_5,단일 수치,8번 직접값,8번 직접값 유지,대미 수입품에 대한 평균 관세율은 작년 기준 0.79% 수준이다.,2025-03-05,0.79%,수입액,0.79,%,2024,Y,,,"{""raw"": ""{\""교역상대국\"": [\""미국\""]}""}",DIRECT_VALUE,,HUMAN_REVIEW,CONTEXT_REQUIRED,HUMAN_REVIEW,INDICATOR_REFINEMENT_REQUIRED,CLAIM_PARSE,INDICATOR_REFINEMENT_REQUIRED,,,[],[],,,,,N,,,,,,,D:\projects\services\archived\clafact-auto\.worktrees\three-type-release\artifacts\direct_value_release_20260826\single_133_live_final_v3\claim_verification_results.jsonl,A00830,RULE_DISCOVERY,clafact-direct-value-generalization-v1,HUMAN_REVIEW,INDICATOR_REFINEMENT_REQUIRED,CLAIM_PARSE,N,HUMAN_REVIEW,INDICATOR_REFINEMENT_REQUIRED,CLAIM_PARSE,,,[],,,,N,,HUMAN_REVIEW,INDICATOR_REFINEMENT_REQUIRED,CLAIM_PARSE,,,[],,,,N,,,,,Y,KEEP_DIRECT_RECOVERED,KEEP_DIRECT_VALUE,8.직접값,SOURCE_GROUNDED_DIRECT_VALUE,0.79%,INDICATOR_REFINEMENT_REQUIRED,SOURCE_GROUNDED_DIRECT_VALUE,RULE_DISCOVERY,artifacts/direct_value_claim_reclassification_100_20260828/summary.json
부모겸단일결과,A00840_14,A00840_14,단일 수치,8번 직접값,8번 직접값 유지,"생활물가지수는 지난해 10월(1.2%)을 저점으로 꾸준히 오름세를 보이고 있는데, 소비자들이 실제 체감하는 물가 수준이 높아지고 있음을 시사한다.",2025-03-06,1.2%,생활물가지수,1.2,%,2024-10,M,,,,DIRECT_VALUE,,HUMAN_REVIEW,CONTEXT_REQUIRED,HUMAN_REVIEW,INDICATOR_REFINEMENT_REQUIRED,CLAIM_PARSE,INDICATOR_REFINEMENT_REQUIRED,,,[],[],,,,,N,,,,,,,D:\projects\services\archived\clafact-auto\.worktrees\three-type-release\artifacts\direct_value_release_20260826\single_133_live_final_v3\claim_verification_results.jsonl,A00840,RULE_DISCOVERY,clafact-direct-value-generalization-v1,HUMAN_REVIEW,INDICATOR_REFINEMENT_REQUIRED,CLAIM_PARSE,N,HUMAN_REVIEW,INDICATOR_REFINEMENT_REQUIRED,CLAIM_PARSE,,,[],,,,N,,HUMAN_REVIEW,INDICATOR_REFINEMENT_REQUIRED,CLAIM_PARSE,,,[],,,,N,,,,,Y,KEEP_DIRECT_RECOVERED,KEEP_DIRECT_VALUE,8.직접값,SOURCE_GROUNDED_DIRECT_VALUE,1.2%,INDICATOR_REFINEMENT_REQUIRED,SOURCE_GROUNDED_DIRECT_VALUE,RULE_DISCOVERY,artifacts/direct_value_claim_reclassification_100_20260828/summary.json
부모겸단일결과,A00872_2,A00872_2,단일 수치,8번 직접값,8번 직접값 유지,9일 인천시에 따르면 지난달 기준 인천시 주민등록인구는 302만7854명으로 집계됐다.,2025-03-09,3.02785e+06명,총인구,3027854.0,명,2025-02,월,인천,,,DIRECT_VALUE,,AUTO_OK,KOSIS_PIPELINE_ELIGIBLE,HOLD,NO_HARD_GUARD_CANDIDATE,HARD_GUARD,기간·단위·지역 등 필수 조건을 모두 만족하는 공식표 후보가 없음,UNDETERMINED,,[],[],,,,,N,,,,,,,D:\projects\services\archived\clafact-auto\.worktrees\three-type-release\artifacts\direct_value_release_20260826\single_133_live_final_v3\claim_verification_results.jsonl,A00872,RULE_DISCOVERY,clafact-direct-value-generalization-v1,HOLD,NO_HARD_GUARD_CANDIDATE,HARD_GUARD,N,HOLD,NO_HARD_GUARD_CANDIDATE,HARD_GUARD,UNDETERMINED,,[],,,,N,,HOLD,NO_HARD_GUARD_CANDIDATE,HARD_GUARD,UNDETERMINED,,[],,,,N,,Y,D:\projects\services\archived\clafact-auto\.worktrees\direct-value-coordinate-publication\artifacts\direct_value_coordinate_62_v1\runs\discovery_v2\claim_verification_results.jsonl,동일,,,,,,,,,,
부모겸단일결과,A00922_5,A00922_5,단일 수치,8번 직접값,8번 직접값 유지,청년층 쉬었음 인구가 50만명을 넘어선 것은 2003년 통계 작성 이래 최초다.,2025-03-12,500000명,총인구,500000.0,명,2003,Y,,청년,"{""raw"": ""{\""연령집단\"": \""청년\""}""}",THRESHOLD,"{""operator"": ""GT"", ""threshold_unit"": ""명"", ""threshold_value"": ""500000.0""}",AUTO_OK,KOSIS_PIPELINE_ELIGIBLE,HOLD,NO_EVIDENCE_COORDINATE_CANDIDATE,HARD_GUARD,공식표는 찾았지만 기사 조건에 맞는 항목·지역·기간 좌표를 확정하지 못함,UNDETERMINED,,[],[],,,,,N,,,,,,,D:\projects\services\archived\clafact-auto\.worktrees\three-type-release\artifacts\direct_value_release_20260826\single_133_live_final_v3\claim_verification_results.jsonl,A00922,RULE_DISCOVERY,clafact-direct-value-generalization-v1,HOLD,NO_EVIDENCE_COORDINATE_CANDIDATE,HARD_GUARD,N,HOLD,NO_EVIDENCE_COORDINATE_CANDIDATE,HARD_GUARD,UNDETERMINED,,[],,,,N,,HOLD,NO_HARD_GUARD_CANDIDATE,HARD_GUARD,UNDETERMINED,,[],,,,N,OFFICIAL_RECURRING_BINDING_V1|SOURCE_GROUNDED_INDICATOR_V1,Y,D:\projects\services\archived\clafact-auto\.worktrees\direct-value-coordinate-publication\artifacts\direct_value_coordinate_62_v1\runs\discovery_v2\claim_verification_results.jsonl,변경,,,,,,,,,,
부모겸단일결과,A00953_6,A00953_6,단일 수치,8번 직접값,8번 직접값 유지,"14일 본지가 한국소비자단체협의회의 ‘소비자물가정보서비스’에서 원재료와 제품 가격 상승률을 비교할 수 있는 가공식품 21개를 분석한 결과, 지난해 1년 동안 케첩과 마요네즈, 분유, 식용유, 우유 등 16품목의 제품값 상승 폭이 원재료보다 높았다.",2025-03-15,21개,소비자물가 상승률,21.0,개,2024,Y,전국,,,DIRECT_VALUE,"{""direction"": ""INCREASE""}",HUMAN_REVIEW,CONTEXT_REQUIRED,HUMAN_REVIEW,INDICATOR_UNIT_MEASURE_MISMATCH,CLAIM_PARSE,INDICATOR_UNIT_MEASURE_MISMATCH,,,[],[],,,,,N,,,,,,,D:\projects\services\archived\clafact-auto\.worktrees\three-type-release\artifacts\direct_value_release_20260826\single_133_live_final_v3\claim_verification_results.jsonl,A00953,RULE_DISCOVERY,clafact-direct-value-generalization-v1,HUMAN_REVIEW,INDICATOR_UNIT_MEASURE_MISMATCH,CLAIM_PARSE,N,HUMAN_REVIEW,INDICATOR_UNIT_MEASURE_MISMATCH,CLAIM_PARSE,,,[],,,,N,,HUMAN_REVIEW,INDICATOR_UNIT_MEASURE_MISMATCH,CLAIM_PARSE,,,[],,,,N,,,,,Y,EXCLUDE_PRODUCT_PRICE,EXCLUDE_FROM_KOSIS,검증 제외,NON_STATISTICAL_PRODUCT_PRICE,,INDICATOR_UNIT_MEASURE_MISMATCH,NON_STATISTICAL_PRODUCT_PRICE,RULE_DISCOVERY,artifacts/direct_value_claim_reclassification_100_20260828/summary.json
부모겸단일결과,A00970_20,A00970_20,단일 수치,8번 직접값,8번 직접값 유지,지난달 ICT 무역 수지는 58억1000만달러 흑자를 기록했다.,2025-03-16,5.81e+09달러,무역수지,5810000000.0,달러,2025-02,월,,,,DIRECT_VALUE,"{""polarity"": ""SURPLUS""}",AUTO_OK,KOSIS_PIPELINE_ELIGIBLE,HOLD,NO_EVIDENCE_COORDINATE_CANDIDATE,HARD_GUARD,공식표는 찾았지만 기사 조건에 맞는 항목·지역·기간 좌표를 확정하지 못함,UNDETERMINED,,[],[],,,,,N,,,,,,,D:\projects\services\archived\clafact-auto\.worktrees\three-type-release\artifacts\direct_value_release_20260826\single_133_live_final_v3\claim_verification_results.jsonl,A00970,INTERMEDIATE_VALIDATION,clafact-direct-value-generalization-v1,HOLD,NO_EVIDENCE_COORDINATE_CANDIDATE,HARD_GUARD,N,HOLD,NO_EVIDENCE_COORDINATE_CANDIDATE,HARD_GUARD,UNDETERMINED,,[],,,,N,,HOLD,NO_EVIDENCE_COORDINATE_CANDIDATE,HARD_GUARD,UNDETERMINED,,[],,,,N,,Y,D:\projects\services\archived\clafact-auto\.worktrees\direct-value-coordinate-publication\artifacts\direct_value_coordinate_62_v1\runs\intermediate_v1\claim_verification_results.jsonl,동일,,,,,,,,,,
부모겸단일결과,A01037_8,A01037_8,단일 수치,8번 직접값,8번 직접값 유지,올해 들어 지난 20일까지 누계 무역 수지는 35억달러 흑자였다.,2025-03-21,3.5e+09달러,무역수지,3500000000.0,달러,2025,Y,,,,DIRECT_VALUE,"{""polarity"": ""SURPLUS""}",AUTO_OK,KOSIS_PIPELINE_ELIGIBLE,HOLD,LOW_SEMANTIC_SCORE,EVIDENCE_CELL,LOW_SEMANTIC_SCORE,UNDETERMINED,,"[{""canonical_key"": ""ORG=101|TBL=DT_1TEC_P314|ITM=T20|OBJ=A|MEMBER=무역수지|PRD_SE=년|PRD_DE=2025|DIMS=A:무역수지,M:계,F:계"", ""dimension_codes"": {""A"": ""03"", ""F"": ""00"", ""M"": ""00""}, ""dimension_members"": {""A"": ""무역수지"", ""F"": ""계"", ""M"": ""계""}, ""itm_id"": ""T20"", ""member_code"": ""무역수지"", ""obj_id"": ""A"", ""org_id"": ""101"", ""prd_de"": ""2025"", ""prd_se"": ""년"", ""status"": ""CONFIRMED"", ""tbl_id"": ""DT_1TEC_P314"", ""unit"": ""천달러""}]",[],,,,,N,,,,,,,D:\projects\services\archived\clafact-auto\.worktrees\three-type-release\artifacts\direct_value_release_20260826\single_133_live_final_v3\claim_verification_results.jsonl,A01037,FINAL_BLIND,clafact-direct-value-generalization-v1,HOLD,LOW_SEMANTIC_SCORE,EVIDENCE_CELL,N,HOLD,LOW_SEMANTIC_SCORE,EVIDENCE_CELL,UNDETERMINED,,"[{""canonical_key"": ""ORG=101|TBL=DT_1TEC_P314|ITM=T20|OBJ=A|MEMBER=무역수지|PRD_SE=년|PRD_DE=2025|DIMS=A:무역수지,M:계,F:계"", ""dimension_codes"": {""A"": ""03"", ""F"": ""00"", ""M"": ""00""}, ""dimension_members"": {""A"": ""무역수지"", ""F"": ""계"", ""M"": ""계""}, ""itm_id"": ""T20"", ""member_code"": ""무역수지"", ""obj_id"": ""A"", ""org_id"": ""101"", ""prd_de"": ""2025"", ""prd_se"": ""년"", ""status"": ""CONFIRMED"", ""tbl_id"": ""DT_1TEC_P314"", ""unit"": ""천달러""}]",,,,N,,HOLD,LOW_SEMANTIC_SCORE,EVIDENCE_CELL,UNDETERMINED,,"[{""canonical_key"": ""ORG=101|TBL=DT_1TEC_P314|ITM=T20|OBJ=A|MEMBER=무역수지|PRD_SE=년|PRD_DE=2025|DIMS=A:무역수지,M:계,F:계"", ""dimension_codes"": {""A"": ""03"", ""F"": ""00"", ""M"": ""00""}, ""dimension_members"": {""A"": ""무역수지"", ""F"": ""계"", ""M"": ""계""}, ""itm_id"": ""T20"", ""member_code"": ""무역수지"", ""obj_id"": ""A"", ""org_id"": ""101"", ""prd_de"": ""2025"", ""prd_se"": ""년"", ""status"": ""CONFIRMED"", ""tbl_id"": ""DT_1TEC_P314"", ""unit"": ""천달러""}]",,,,N,,Y,D:\projects\services\archived\clafact-auto\.worktrees\direct-value-general-rules\artifacts\direct_value_generalization_v1\runs\final_blind_full\claim_verification_results.jsonl,동일,,,,,,,,,,
부모겸단일결과,A01120_4,A01120_4,단일 수치,8번 직접값,8번 직접값 유지,"한국GM은 2018년 군산 공장이 문을 닫는 부침 속에 대미(對美) 수출 기지로 탈바꿈하며 살아나는가 싶었지만, 트럼프 2기 출범과 함께 25% 관세 부과가 눈앞에 다가오자 존립까지 위태로워졌다.",2025-03-28,25%,수출액,25.0,%,2018,Y,전국,,"{""raw"": ""{\""교역상대국\"": [\""미국\""]}""}",DIRECT_VALUE,,HUMAN_REVIEW,CONTEXT_REQUIRED,HUMAN_REVIEW,INDICATOR_REFINEMENT_REQUIRED,CLAIM_PARSE,INDICATOR_REFINEMENT_REQUIRED,,,[],[],,,,,N,,,,,,,D:\projects\services\archived\clafact-auto\.worktrees\three-type-release\artifacts\direct_value_release_20260826\single_133_live_final_v3\claim_verification_results.jsonl,A01120,RULE_DISCOVERY,clafact-direct-value-generalization-v1,HUMAN_REVIEW,INDICATOR_REFINEMENT_REQUIRED,CLAIM_PARSE,N,HUMAN_REVIEW,INDICATOR_REFINEMENT_REQUIRED,CLAIM_PARSE,,,[],,,,N,,HUMAN_REVIEW,INDICATOR_REFINEMENT_REQUIRED,CLAIM_PARSE,,,[],,,,N,,,,,Y,KEEP_DIRECT_RECOVERED,KEEP_DIRECT_VALUE,8.직접값,SOURCE_GROUNDED_DIRECT_VALUE,25%,INDICATOR_REFINEMENT_REQUIRED,SOURCE_GROUNDED_DIRECT_VALUE,RULE_DISCOVERY,artifacts/direct_value_claim_reclassification_100_20260828/summary.json
부모겸단일결과,A01149_18,A01149_18,단일 수치,8번 직접값,8번 직접값 유지,지난해 대미수출액(약 61조3533억원)을 넘어서는 규모다.,2025-03-30,6.13533e+13원,수출액,61353300000000.0,원,2024,Y,,,"{""raw"": ""{\""교역상대국\"": [\""미국\""]}""}",THRESHOLD,"{""operator"": ""GT"", ""threshold_unit"": ""원"", ""threshold_value"": ""61353300000000.0""}",AUTO_OK,KOSIS_PIPELINE_ELIGIBLE,HOLD,NO_EVIDENCE_COORDINATE_CANDIDATE,HARD_GUARD,공식표는 찾았지만 기사 조건에 맞는 항목·지역·기간 좌표를 확정하지 못함,UNDETERMINED,,[],[],,,,,N,,,,,,,D:\projects\services\archived\clafact-auto\.worktrees\three-type-release\artifacts\direct_value_release_20260826\single_133_live_final_v3\claim_verification_results.jsonl,A01149,RULE_DISCOVERY,clafact-direct-value-generalization-v1,HOLD,NO_EVIDENCE_COORDINATE_CANDIDATE,HARD_GUARD,N,HOLD,NO_EVIDENCE_COORDINATE_CANDIDATE,HARD_GUARD,UNDETERMINED,,[],,,,N,,HOLD,NO_HARD_GUARD_CANDIDATE,HARD_GUARD,UNDETERMINED,,[],,,,N,OFFICIAL_RECURRING_BINDING_V1,Y,D:\projects\services\archived\clafact-auto\.worktrees\direct-value-coordinate-publication\artifacts\direct_value_coordinate_62_v1\runs\discovery_v2\claim_verification_results.jsonl,변경,,,,,,,,,,
부모겸단일결과,A01176_3,A01176_3,단일 수치,8번 직접값,8번 직접값 유지,"지난달 31일 경상북도에 따르면, 이날 오전 8시 30분 기준으로 안동시와 의성군, 청송군, 영양군에 걸쳐 총 1490ha의 과수원이 산불 피해를 본 것으로 집계됐다.",2025-04-01,1490ha,과수원 면적,1490.0,ha,2025-03,월,경북 | 안동시 | 의성군 | 청송군 | 영양군,,,DIRECT_VALUE,,AUTO_OK,KOSIS_PIPELINE_ELIGIBLE,HOLD,NO_HARD_GUARD_CANDIDATE,HARD_GUARD,기간·단위·지역 등 필수 조건을 모두 만족하는 공식표 후보가 없음,UNDETERMINED,,[],[],,,,,N,,,,,,,D:\projects\services\archived\clafact-auto\.worktrees\three-type-release\artifacts\direct_value_release_20260826\single_133_live_final_v3\claim_verification_results.jsonl,A01176,FINAL_BLIND,clafact-direct-value-generalization-v1,HOLD,NO_HARD_GUARD_CANDIDATE,HARD_GUARD,N,HOLD,NO_HARD_GUARD_CANDIDATE,HARD_GUARD,UNDETERMINED,,[],,,,N,,HOLD,NO_HARD_GUARD_CANDIDATE,HARD_GUARD,UNDETERMINED,,[],,,,N,,Y,D:\projects\services\archived\clafact-auto\.worktrees\direct-value-coordinate-publication\artifacts\direct_value_coordinate_62_v1\runs\final_blind_v1\claim_verification_results.jsonl,동일,,,,,,,,,,
부모겸단일결과,A01185_23,A01185_23,단일 수치,8번 직접값,8번 직접값 유지,"올해 1월 기준 광공업생산지수(상승)와 취업지수(회복)를 제외한 8개 지표(서비스업생산지수, 소매판매액지수, 설비투자지수, 건설기성액, 수출액, 수입액, 기업경기실사지수, 소비자기대지수)가 하강 국면에 분포했다.",2025-04-02,8개,광공업생산,8.0,개,2025,Y,경기,,"{""raw"": ""{\""산업\"": [\""서비스업\"", \""광공업\""]}""}",DIRECT_VALUE,"{""direction"": ""INCREASE""}",HUMAN_REVIEW,CONTEXT_REQUIRED,HUMAN_REVIEW,INDICATOR_UNIT_MEASURE_MISMATCH,CLAIM_PARSE,INDICATOR_UNIT_MEASURE_MISMATCH,,,[],[],,,,,N,,,,,,,D:\projects\services\archived\clafact-auto\.worktrees\three-type-release\artifacts\direct_value_release_20260826\single_133_live_final_v3\claim_verification_results.jsonl,A01185,RULE_DISCOVERY,clafact-direct-value-generalization-v1,HUMAN_REVIEW,INDICATOR_UNIT_MEASURE_MISMATCH,CLAIM_PARSE,N,HUMAN_REVIEW,INDICATOR_UNIT_MEASURE_MISMATCH,CLAIM_PARSE,,,[],,,,N,,HUMAN_REVIEW,INDICATOR_UNIT_MEASURE_MISMATCH,CLAIM_PARSE,,,[],,,,N,,,,,Y,KEEP_DIRECT_RECOVERED,KEEP_DIRECT_VALUE,8.직접값,SOURCE_GROUNDED_DIRECT_VALUE,8개,INDICATOR_UNIT_MEASURE_MISMATCH,SOURCE_GROUNDED_DIRECT_VALUE,RULE_DISCOVERY,artifacts/direct_value_claim_reclassification_100_20260828/summary.json
부모겸단일결과,A01324_6,A01324_6,단일 수치,8번 직접값,8번 직접값 유지,키움증권의 지난해 국내 주식 위탁 매매 수수료 수입은 총 3697억원이다.,2025-04-12,3.697e+11원,수입액,369700000000.0,원,2024,Y,전국,,,DIRECT_VALUE,,AUTO_OK,KOSIS_PIPELINE_ELIGIBLE,HOLD,NO_EVIDENCE_COORDINATE_CANDIDATE,HARD_GUARD,공식표는 찾았지만 기사 조건에 맞는 항목·지역·기간 좌표를 확정하지 못함,UNDETERMINED,,[],[],,,,,N,,,,,,,D:\projects\services\archived\clafact-auto\.worktrees\three-type-release\artifacts\direct_value_release_20260826\single_133_live_final_v3\claim_verification_results.jsonl,A01324,INTERMEDIATE_VALIDATION,clafact-direct-value-generalization-v1,HOLD,NO_EVIDENCE_COORDINATE_CANDIDATE,HARD_GUARD,N,HOLD,NO_EVIDENCE_COORDINATE_CANDIDATE,HARD_GUARD,UNDETERMINED,,[],,,,N,,HOLD,NO_EVIDENCE_COORDINATE_CANDIDATE,HARD_GUARD,UNDETERMINED,,[],,,,N,,Y,D:\projects\services\archived\clafact-auto\.worktrees\direct-value-coordinate-publication\artifacts\direct_value_coordinate_62_v1\runs\intermediate_v1\claim_verification_results.jsonl,동일,,,,,,,,,,
부모겸단일결과,A01385_1,A01385_1,단일 수치,8번 직접값,8번 직접값 유지,지난해 국내 농가 수가 97만4000가구로 집계됐다.,2025-04-17,974000가구,농가 수,974000.0,가구,2024,Y,전국,농가,,DIRECT_VALUE,,AUTO_OK,KOSIS_PIPELINE_ELIGIBLE,HOLD,AS_OF_UNAVAILABLE,OFFICIAL_VALUE_FETCH,기사 작성일 기준 공표된 공식값인지 확인하지 못함,UNDETERMINED,,"[{""canonical_key"": ""ORG=101|TBL=DT_1EA1038|ITM=T00|OBJ=A|MEMBER=전국|PRD_SE=Y|PRD_DE=2024"", ""dimension_codes"": {""A"": ""000""}, ""dimension_members"": {""A"": ""전국""}, ""itm_id"": ""T00"", ""member_code"": ""전국"", ""obj_id"": ""A"", ""org_id"": ""101"", ""prd_de"": ""2024"", ""prd_se"": ""Y"", ""status"": ""CONFIRMED"", ""tbl_id"": ""DT_1EA1038"", ""unit"": ""가구""}]","[{""content_hash"": ""103ca3a4a634ec719ca77f859d4bbe80b272458fd21f911f996e8ab0d3dafcb4"", ""evidence_key"": ""ORG=101|TBL=DT_1EA1038|ITM=T00|OBJ=A|MEMBER=전국|PRD_SE=Y|PRD_DE=2024"", ""publication"": {""content_hash"": ""461a7cdc50d37c9455b7b21880249432486a921a5d55ab35fd617535ac095f5a"", ""coverage_end_period"": null, ""coverage_start_period"": null, ""evidence_scope"": ""PERIOD"", ""pub_date_text"": null, ""pub_period"": null, ""publication_method_url"": null, ""published_at"": null, ""reference_period"": null, ""retrieved_at"": ""2026-08-26T08:55:05.350439Z"", ""source_url"": ""https://kosis.kr/openapi/statisticsExplData.do?method=getList&format=json&jsonVD=Y&orgId=101&tblId=DT_1EA1038&metaItm=All"", ""status"": ""UNRESOLVED""}, ""retrieved_at"": ""2026-08-26T08:55:03.950244Z"", ""source"": ""API"", ""source_url"": ""https://kosis.kr/openapi/Param/statisticsParameterData.do?method=getList&orgId=101&tblId=DT_1EA1038&itmId=T00&prdSe=Y&startPrdDe=2024&endPrdDe=2024&objL1=000"", ""value_last_changed_at"": null}]",https://kosis.kr/openapi/Param/statisticsParameterData.do?method=getList&orgId=101&tblId=DT_1EA1038&itmId=T00&prdSe=Y&startPrdDe=2024&endPrdDe=2024&objL1=000,103ca3a4a634ec719ca77f859d4bbe80b272458fd21f911f996e8ab0d3dafcb4,,,N,,,,,,,D:\projects\services\archived\clafact-auto\.worktrees\three-type-release\artifacts\direct_value_release_20260826\single_133_live_final_v3\claim_verification_results.jsonl,A01385,RULE_DISCOVERY,clafact-direct-value-generalization-v1,HOLD,AS_OF_UNAVAILABLE,OFFICIAL_VALUE_FETCH,N,HOLD,AS_OF_UNAVAILABLE,OFFICIAL_VALUE_FETCH,UNDETERMINED,,"[{""canonical_key"": ""ORG=101|TBL=DT_1EA1038|ITM=T00|OBJ=A|MEMBER=전국|PRD_SE=Y|PRD_DE=2024"", ""dimension_codes"": {""A"": ""000""}, ""dimension_members"": {""A"": ""전국""}, ""itm_id"": ""T00"", ""member_code"": ""전국"", ""obj_id"": ""A"", ""org_id"": ""101"", ""prd_de"": ""2024"", ""prd_se"": ""Y"", ""status"": ""CONFIRMED"", ""tbl_id"": ""DT_1EA1038"", ""unit"": ""가구""}]",https://kosis.kr/openapi/Param/statisticsParameterData.do?method=getList&orgId=101&tblId=DT_1EA1038&itmId=T00&prdSe=Y&startPrdDe=2024&endPrdDe=2024&objL1=000,103ca3a4a634ec719ca77f859d4bbe80b272458fd21f911f996e8ab0d3dafcb4,,N,,HOLD,FETCH_FAILED,OFFICIAL_VALUE_FETCH,UNDETERMINED,,"[{""canonical_key"": ""ORG=101|TBL=DT_1EA1038|ITM=T00|OBJ=A|MEMBER=전국|PRD_SE=Y|PRD_DE=2024"", ""dimension_codes"": {""A"": ""000""}, ""dimension_members"": {""A"": ""전국""}, ""itm_id"": ""T00"", ""member_code"": ""전국"", ""obj_id"": ""A"", ""org_id"": ""101"", ""prd_de"": ""2024"", ""prd_se"": ""Y"", ""status"": ""CONFIRMED"", ""tbl_id"": ""DT_1EA1038"", ""unit"": ""가구""}]",https://kosis.kr/openapi/Param/statisticsParameterData.do?method=getList&orgId=101&tblId=DT_1EA1038&itmId=T00&prdSe=Y&startPrdDe=2024&endPrdDe=2024&objL1=000,,,N,STRUCTURAL_COORDINATE_UNIQUE_V1,Y,D:\projects\services\archived\clafact-auto\.worktrees\direct-value-coordinate-publication\artifacts\direct_value_coordinate_publication_v2\runs\discovery_v1\claim_verification_results.jsonl,변경,,,,,,,,,,
부모겸단일결과,A01386_5,A01386_5,단일 수치,8번 직접값,8번 직접값 유지,또 작년 4분기의 깜짝 성장률(5.4%)과도 같다.,2025-04-17,5.4%,경제성장률,5.4,%,2024-Q4,Q,,,,DIRECT_VALUE,,AUTO_OK,KOSIS_PIPELINE_ELIGIBLE,HOLD,NO_EVIDENCE_COORDINATE_CANDIDATE,HARD_GUARD,공식표는 찾았지만 기사 조건에 맞는 항목·지역·기간 좌표를 확정하지 못함,UNDETERMINED,,[],[],,,,,N,,,,,,,D:\projects\services\archived\clafact-auto\.worktrees\three-type-release\artifacts\direct_value_release_20260826\single_133_live_final_v3\claim_verification_results.jsonl,A01386,FINAL_BLIND,clafact-direct-value-generalization-v1,HOLD,NO_EVIDENCE_COORDINATE_CANDIDATE,HARD_GUARD,N,HOLD,NO_EVIDENCE_COORDINATE_CANDIDATE,HARD_GUARD,UNDETERMINED,,[],,,,N,,HOLD,NO_EVIDENCE_COORDINATE_CANDIDATE,HARD_GUARD,UNDETERMINED,,[],,,,N,,Y,D:\projects\services\archived\clafact-auto\.worktrees\direct-value-coordinate-publication\artifacts\direct_value_coordinate_62_v1\runs\final_blind_v1\claim_verification_results.jsonl,동일,,,,,,,,,,
부모겸단일결과,A01464_3,A01464_3,단일 수치,8번 직접값,8번 직접값 유지,"통계청이 23일 발표한 ‘2월 인구 동향’에 따르면, 지난 2월 혼인 건수는 1만9370건으로 집계됐다.",2025-04-23,19370건,총인구,19370.0,건,2025-02,M,,,,DIRECT_VALUE,,HUMAN_REVIEW,CONTEXT_REQUIRED,HUMAN_REVIEW,INDICATOR_UNIT_MEASURE_MISMATCH,CLAIM_PARSE,INDICATOR_UNIT_MEASURE_MISMATCH,,,[],[],,,,,N,,,,,,,D:\projects\services\archived\clafact-auto\.worktrees\three-type-release\artifacts\direct_value_release_20260826\single_133_live_final_v3\claim_verification_results.jsonl,A01464,FINAL_BLIND,clafact-direct-value-generalization-v1,HUMAN_REVIEW,INDICATOR_UNIT_MEASURE_MISMATCH,CLAIM_PARSE,N,HUMAN_REVIEW,INDICATOR_UNIT_MEASURE_MISMATCH,CLAIM_PARSE,,,[],,,,N,,HUMAN_REVIEW,INDICATOR_UNIT_MEASURE_MISMATCH,CLAIM_PARSE,,,[],,,,N,,Y,D:\projects\services\archived\clafact-auto\.worktrees\direct-value-general-rules\artifacts\direct_value_generalization_v1\runs\final_blind_full\claim_verification_results.jsonl,동일,Y,KEEP_DIRECT_RECOVERED,KEEP_DIRECT_VALUE,8.직접값,SOURCE_GROUNDED_DIRECT_VALUE,1만9370건,INDICATOR_UNIT_MEASURE_MISMATCH,SOURCE_GROUNDED_DIRECT_VALUE,FINAL_BLIND,artifacts/direct_value_claim_reclassification_100_20260828/summary.json
부모겸단일결과,A01480_17,A01480_17,단일 수치,8번 직접값,8번 직접값 유지,순수출 성장 기여도는 올해 1분기 0.3%포인트로 집계됐다.,2025-04-24,0.3%p,수출액,0.3,%p,2025-Q1,Q,,,,DIRECT_VALUE,,HUMAN_REVIEW,CONTEXT_REQUIRED,HUMAN_REVIEW,INDICATOR_REFINEMENT_REQUIRED,CLAIM_PARSE,INDICATOR_REFINEMENT_REQUIRED,,,[],[],,,,,N,,,,,,,D:\projects\services\archived\clafact-auto\.worktrees\three-type-release\artifacts\direct_value_release_20260826\single_133_live_final_v3\claim_verification_results.jsonl,A01480,INTERMEDIATE_VALIDATION,clafact-direct-value-generalization-v1,HUMAN_REVIEW,INDICATOR_REFINEMENT_REQUIRED,CLAIM_PARSE,N,HUMAN_REVIEW,INDICATOR_REFINEMENT_REQUIRED,CLAIM_PARSE,,,[],,,,N,,HUMAN_REVIEW,INDICATOR_REFINEMENT_REQUIRED,CLAIM_PARSE,,,[],,,,N,,Y,D:\projects\services\archived\clafact-auto\.worktrees\direct-value-general-rules\artifacts\direct_value_generalization_v1\runs\intermediate_validation_full\claim_verification_results.jsonl,동일,Y,KEEP_DIRECT_RECOVERED,KEEP_DIRECT_VALUE,8.직접값,SOURCE_GROUNDED_DIRECT_VALUE,0.3%포인트,INDICATOR_REFINEMENT_REQUIRED,SOURCE_GROUNDED_DIRECT_VALUE,INTERMEDIATE_VALIDATION,artifacts/direct_value_claim_reclassification_100_20260828/summary.json
부모겸단일결과,A01539_16,A01539_16,단일 수치,8번 직접값,8번 직접값 유지,3만달러를 넘은 2014년쯤에는 자동차·화학·정유(차화정)가 반도체와 함께 수출을 쌍끌이했다.,2025-04-29,30000달러,수출액,30000.0,달러,2014,Y,,,"{""raw"": ""{\""품목\"": [\""반도체\"", \""자동차\""]}""}",DIRECT_VALUE,,AUTO_OK,KOSIS_PIPELINE_ELIGIBLE,HOLD,NO_EVIDENCE_COORDINATE_CANDIDATE,HARD_GUARD,공식표는 찾았지만 기사 조건에 맞는 항목·지역·기간 좌표를 확정하지 못함,UNDETERMINED,,[],[],,,,,N,,,,,,,D:\projects\services\archived\clafact-auto\.worktrees\three-type-release\artifacts\direct_value_release_20260826\single_133_live_final_v3\claim_verification_results.jsonl,A01539,RULE_DISCOVERY,clafact-direct-value-generalization-v1,HOLD,NO_EVIDENCE_COORDINATE_CANDIDATE,HARD_GUARD,N,HOLD,NO_EVIDENCE_COORDINATE_CANDIDATE,HARD_GUARD,UNDETERMINED,,[],,,,N,,HOLD,NO_HARD_GUARD_CANDIDATE,HARD_GUARD,UNDETERMINED,,[],,,,N,OFFICIAL_RECURRING_BINDING_V1,Y,D:\projects\services\archived\clafact-auto\.worktrees\direct-value-coordinate-publication\artifacts\direct_value_coordinate_62_v1\runs\discovery_v2\claim_verification_results.jsonl,변경,,,,,,,,,,
부모겸단일결과,A01641_18,A01641_18,단일 수치,8번 직접값,8번 직접값 유지,지난해 기업들이 낸 법인세 수입(62조5000억원)과 맞먹는 수준이다.,2025-05-07,6.25e+13원,수입액,62500000000000.0,원,2024,Y,,,,DIRECT_VALUE,,AUTO_OK,KOSIS_PIPELINE_ELIGIBLE,HOLD,NO_EVIDENCE_COORDINATE_CANDIDATE,HARD_GUARD,공식표는 찾았지만 기사 조건에 맞는 항목·지역·기간 좌표를 확정하지 못함,UNDETERMINED,,[],[],,,,,N,,,,,,,D:\projects\services\archived\clafact-auto\.worktrees\three-type-release\artifacts\direct_value_release_20260826\single_133_live_final_v3\claim_verification_results.jsonl,A01641,RULE_DISCOVERY,clafact-direct-value-generalization-v1,HOLD,NO_EVIDENCE_COORDINATE_CANDIDATE,HARD_GUARD,N,HOLD,NO_EVIDENCE_COORDINATE_CANDIDATE,HARD_GUARD,UNDETERMINED,,[],,,,N,,HOLD,NO_EVIDENCE_COORDINATE_CANDIDATE,HARD_GUARD,UNDETERMINED,,[],,,,N,,Y,D:\projects\services\archived\clafact-auto\.worktrees\direct-value-coordinate-publication\artifacts\direct_value_coordinate_62_v1\runs\discovery_v2\claim_verification_results.jsonl,동일,,,,,,,,,,
부모겸단일결과,A01693_1,A01693_1,단일 수치,8번 직접값,8번 직접값 유지,올해 1분기(1~3월) 성장률이 -0.2%로 뒷걸음질 쳤던 우리 경제가 세계 주요국 중 1분기에 성장이 가장 더뎠던 것으로 나타났다.,2025-05-11,0.2%,경제성장률,0.2,%,2025-Q1,Q,,,,DIRECT_VALUE,,AUTO_OK,KOSIS_PIPELINE_ELIGIBLE,HOLD,NO_EVIDENCE_COORDINATE_CANDIDATE,HARD_GUARD,공식표는 찾았지만 기사 조건에 맞는 항목·지역·기간 좌표를 확정하지 못함,UNDETERMINED,,[],[],,,,,N,,,,,,,D:\projects\services\archived\clafact-auto\.worktrees\three-type-release\artifacts\direct_value_release_20260826\single_133_live_final_v3\claim_verification_results.jsonl,A01693,RULE_DISCOVERY,clafact-direct-value-generalization-v1,HOLD,NO_EVIDENCE_COORDINATE_CANDIDATE,HARD_GUARD,N,HOLD,NO_EVIDENCE_COORDINATE_CANDIDATE,HARD_GUARD,UNDETERMINED,,[],,,,N,,HOLD,KOSIS_METADATA_UNAVAILABLE,KOSIS_METADATA,UNDETERMINED,,[],,,,N,,Y,D:\projects\services\archived\clafact-auto\.worktrees\direct-value-coordinate-publication\artifacts\direct_value_coordinate_publication_v2\runs\discovery_v1\claim_verification_results.jsonl,변경,,,,,,,,,,
부모겸단일결과,A01708_16,A01708_16,단일 수치,8번 직접값,8번 직접값 유지,지난달 같은 기간(4월 1~10일) 무역 수지는 11억2000만달러를 기록했었다.,2025-05-12,1.12e+09달러,무역수지,1120000000.0,달러,2025-04-01/2025-04-10,PARTIAL_PERIOD,,,,DIRECT_VALUE,,AUTO_OK,KOSIS_PIPELINE_ELIGIBLE,HOLD,NO_HARD_GUARD_CANDIDATE,HARD_GUARD,기간·단위·지역 등 필수 조건을 모두 만족하는 공식표 후보가 없음,UNDETERMINED,,[],[],,,,,N,,,,,,,D:\projects\services\archived\clafact-auto\.worktrees\three-type-release\artifacts\direct_value_release_20260826\single_133_live_final_v3\claim_verification_results.jsonl,A01708,FINAL_BLIND,clafact-direct-value-generalization-v1,HOLD,NO_HARD_GUARD_CANDIDATE,HARD_GUARD,N,HOLD,NO_HARD_GUARD_CANDIDATE,HARD_GUARD,UNDETERMINED,,[],,,,N,,HOLD,KOSIS_METADATA_UNAVAILABLE,KOSIS_METADATA,UNDETERMINED,,[],,,,N,,Y,D:\projects\services\archived\clafact-auto\.worktrees\direct-value-coordinate-publication\artifacts\direct_value_coordinate_publication_v2\runs\final_blind_v1\claim_verification_results.jsonl,변경,,,,,,,,,,
부모겸단일결과,A01723_2,A01723_2,단일 수치,8번 직접값,8번 직접값 유지,"2000년대 후반 잠재성장률이 4% 수준이었음을 고려하면, 20년 만에 반 토막 난 것이다.",2025-05-13,4%,경제성장률,4.0,%,2000,Y,,,,DIRECT_VALUE,,AUTO_OK,KOSIS_PIPELINE_ELIGIBLE,HOLD,NO_EVIDENCE_COORDINATE_CANDIDATE,HARD_GUARD,공식표는 찾았지만 기사 조건에 맞는 항목·지역·기간 좌표를 확정하지 못함,UNDETERMINED,,[],[],,,,,N,,,,,,,D:\projects\services\archived\clafact-auto\.worktrees\three-type-release\artifacts\direct_value_release_20260826\single_133_live_final_v3\claim_verification_results.jsonl,A01723,RULE_DISCOVERY,clafact-direct-value-generalization-v1,HOLD,NO_EVIDENCE_COORDINATE_CANDIDATE,HARD_GUARD,N,HOLD,NO_EVIDENCE_COORDINATE_CANDIDATE,HARD_GUARD,UNDETERMINED,,[],,,,N,,HOLD,KOSIS_METADATA_UNAVAILABLE,KOSIS_METADATA,UNDETERMINED,,[],,,,N,,Y,D:\projects\services\archived\clafact-auto\.worktrees\direct-value-coordinate-publication\artifacts\direct_value_coordinate_publication_v2\runs\discovery_v1\claim_verification_results.jsonl,변경,,,,,,,,,,
부모겸단일결과,A01723_6,A01723_6,단일 수치,8번 직접값,8번 직접값 유지,한국의 잠재성장률은 2007년까지만 해도 4.27%에 달했다.,2025-05-13,4.27%,경제성장률,4.27,%,2007,Y,전국,,,DIRECT_VALUE,,AUTO_OK,KOSIS_PIPELINE_ELIGIBLE,HOLD,LOW_SEMANTIC_SCORE,EVIDENCE_CELL,LOW_SEMANTIC_SCORE,UNDETERMINED,,"[{""canonical_key"": ""ORG=388|TBL=TX_38803_A026|ITM=16388AAY5|OBJ=15388AE7|MEMBER=경제성장률|PRD_SE=Y|PRD_DE=2007"", ""dimension_codes"": {""15388AE7"": ""15388AE7AA""}, ""dimension_members"": {""15388AE7"": ""경제성장률""}, ""itm_id"": ""16388AAY5"", ""member_code"": ""경제성장률"", ""obj_id"": ""15388AE7"", ""org_id"": ""388"", ""prd_de"": ""2007"", ""prd_se"": ""Y"", ""status"": ""CONFIRMED"", ""tbl_id"": ""TX_38803_A026"", ""unit"": ""%""}]",[],,,,,N,,,,,,,D:\projects\services\archived\clafact-auto\.worktrees\three-type-release\artifacts\direct_value_release_20260826\single_133_live_final_v3\claim_verification_results.jsonl,A01723,RULE_DISCOVERY,clafact-direct-value-generalization-v1,HOLD,LOW_SEMANTIC_SCORE,EVIDENCE_CELL,N,HOLD,LOW_SEMANTIC_SCORE,EVIDENCE_CELL,UNDETERMINED,,"[{""canonical_key"": ""ORG=388|TBL=TX_38803_A026|ITM=16388AAY5|OBJ=15388AE7|MEMBER=경제성장률|PRD_SE=Y|PRD_DE=2007"", ""dimension_codes"": {""15388AE7"": ""15388AE7AA""}, ""dimension_members"": {""15388AE7"": ""경제성장률""}, ""itm_id"": ""16388AAY5"", ""member_code"": ""경제성장률"", ""obj_id"": ""15388AE7"", ""org_id"": ""388"", ""prd_de"": ""2007"", ""prd_se"": ""Y"", ""status"": ""CONFIRMED"", ""tbl_id"": ""TX_38803_A026"", ""unit"": ""%""}]",,,,N,,HOLD,LOW_SEMANTIC_SCORE,EVIDENCE_CELL,UNDETERMINED,,"[{""canonical_key"": ""ORG=388|TBL=TX_38803_A026|ITM=16388AAY5|OBJ=15388AE7|MEMBER=경제성장률|PRD_SE=Y|PRD_DE=2007"", ""dimension_codes"": {""15388AE7"": ""15388AE7AA""}, ""dimension_members"": {""15388AE7"": ""경제성장률""}, ""itm_id"": ""16388AAY5"", ""member_code"": ""경제성장률"", ""obj_id"": ""15388AE7"", ""org_id"": ""388"", ""prd_de"": ""2007"", ""prd_se"": ""Y"", ""status"": ""CONFIRMED"", ""tbl_id"": ""TX_38803_A026"", ""unit"": ""%""}]",,,,N,,,,,,,,,,,,,,
부모겸단일결과,A01752_5,A01752_5,단일 수치,8번 직접값,8번 직접값 유지,60세 이상 취업자가 많은 보건·사회복지 분야를 중심으로 취업자가 늘면서 올해 1월부터 넉 달째 취업자 증가 폭이 10만명대를 유지했다.,2025-05-15,100000명,취업자 수,100000.0,명,2025,Y,,,,DIRECT_VALUE,,AUTO_OK,KOSIS_PIPELINE_ELIGIBLE,HOLD,AS_OF_UNAVAILABLE,OFFICIAL_VALUE_FETCH,기사 작성일 기준 공표된 공식값인지 확인하지 못함,UNDETERMINED,,"[{""canonical_key"": ""ORG=101|TBL=DT_1DA7001S|ITM=T30|OBJ=B|MEMBER=계|PRD_SE=년|PRD_DE=2025"", ""dimension_codes"": {""B"": ""0""}, ""dimension_members"": {""B"": ""계""}, ""itm_id"": ""T30"", ""member_code"": ""계"", ""obj_id"": ""B"", ""org_id"": ""101"", ""prd_de"": ""2025"", ""prd_se"": ""년"", ""status"": ""CONFIRMED"", ""tbl_id"": ""DT_1DA7001S"", ""unit"": ""천명""}]","[{""content_hash"": ""567fc949b666ed562319e0547a45efd088f6ae743c25704f4361c02e722ebf4a"", ""evidence_key"": ""ORG=101|TBL=DT_1DA7001S|ITM=T30|OBJ=B|MEMBER=계|PRD_SE=년|PRD_DE=2025"", ""publication"": {""content_hash"": ""bfe8f0ac276d9f50b0786a5a5f97094e311a62f68ff4eea283ff9f2c50fab62c"", ""coverage_end_period"": null, ""coverage_start_period"": null, ""evidence_scope"": ""PERIOD"", ""pub_date_text"": ""조사기준 월 익월"", ""pub_period"": ""월"", ""publication_method_url"": ""https://mods.go.kr/board.es?mid=a10301010000&bid=210&list_no=445948&act=view&mainXml=Y"", ""published_at"": ""2026-07-15"", ""reference_period"": ""2025"", ""retrieved_at"": ""2026-08-26T08:52:21.040824Z"", ""source_url"": ""https://mods.go.kr/board.es?mid=a10301010000&bid=210&list_no=445948&act=view&mainXml=Y"", ""status"": ""VERIFIED""}, ""retrieved_at"": ""2026-08-26T08:52:17.708918Z"", ""source"": ""API"", ""source_url"": ""https://kosis.kr/openapi/Param/statisticsParameterData.do?method=getList&orgId=101&tblId=DT_1DA7001S&itmId=T30&prdSe=Y&startPrdDe=2025&endPrdDe=2025&objL1=0"", ""value_last_changed_at"": ""2025-12-31""}]",https://kosis.kr/openapi/Param/statisticsParameterData.do?method=getList&orgId=101&tblId=DT_1DA7001S&itmId=T30&prdSe=Y&startPrdDe=2025&endPrdDe=2025&objL1=0,567fc949b666ed562319e0547a45efd088f6ae743c25704f4361c02e722ebf4a,VERIFIED,,N,,,,,,,D:\projects\services\archived\clafact-auto\.worktrees\three-type-release\artifacts\direct_value_release_20260826\single_133_live_final_v3\claim_verification_results.jsonl,A01752,RULE_DISCOVERY,clafact-direct-value-generalization-v1,HOLD,AS_OF_UNAVAILABLE,OFFICIAL_VALUE_FETCH,N,HOLD,AS_OF_UNAVAILABLE,OFFICIAL_VALUE_FETCH,UNDETERMINED,,"[{""canonical_key"": ""ORG=101|TBL=DT_1DA7001S|ITM=T30|OBJ=B|MEMBER=계|PRD_SE=년|PRD_DE=2025"", ""dimension_codes"": {""B"": ""0""}, ""dimension_members"": {""B"": ""계""}, ""itm_id"": ""T30"", ""member_code"": ""계"", ""obj_id"": ""B"", ""org_id"": ""101"", ""prd_de"": ""2025"", ""prd_se"": ""년"", ""status"": ""CONFIRMED"", ""tbl_id"": ""DT_1DA7001S"", ""unit"": ""천명""}]",https://kosis.kr/openapi/Param/statisticsParameterData.do?method=getList&orgId=101&tblId=DT_1DA7001S&itmId=T30&prdSe=Y&startPrdDe=2025&endPrdDe=2025&objL1=0,567fc949b666ed562319e0547a45efd088f6ae743c25704f4361c02e722ebf4a,VERIFIED,N,,HOLD,AS_OF_UNAVAILABLE,OFFICIAL_VALUE_FETCH,UNDETERMINED,,"[{""canonical_key"": ""ORG=101|TBL=DT_1DA7001S|ITM=T30|OBJ=B|MEMBER=계|PRD_SE=년|PRD_DE=2025"", ""dimension_codes"": {""B"": ""0""}, ""dimension_members"": {""B"": ""계""}, ""itm_id"": ""T30"", ""member_code"": ""계"", ""obj_id"": ""B"", ""org_id"": ""101"", ""prd_de"": ""2025"", ""prd_se"": ""년"", ""status"": ""CONFIRMED"", ""tbl_id"": ""DT_1DA7001S"", ""unit"": ""천명""}]",https://kosis.kr/openapi/Param/statisticsParameterData.do?method=getList&orgId=101&tblId=DT_1DA7001S&itmId=T30&prdSe=Y&startPrdDe=2025&endPrdDe=2025&objL1=0,567fc949b666ed562319e0547a45efd088f6ae743c25704f4361c02e722ebf4a,VERIFIED,N,,Y,D:\projects\services\archived\clafact-auto\.worktrees\direct-value-coordinate-publication\artifacts\direct_value_coordinate_publication_v2\runs\discovery_v1\claim_verification_results.jsonl,동일,,,,,,,,,,
부모겸단일결과,A01762_4,A01762_4,단일 수치,8번 직접값,8번 직접값 유지,한국의 1인당 GDP(국내총생산)는 지난해 기준 4926만원이다.,2025-05-16,4.926e+07원,1인당 GDP,49260000.0,원,2024,Y,전국,,,DIRECT_VALUE,,AUTO_OK,KOSIS_PIPELINE_ELIGIBLE,HOLD,NO_EVIDENCE_COORDINATE_CANDIDATE,HARD_GUARD,공식표는 찾았지만 기사 조건에 맞는 항목·지역·기간 좌표를 확정하지 못함,UNDETERMINED,,[],[],,,,,N,,,,,,,D:\projects\services\archived\clafact-auto\.worktrees\three-type-release\artifacts\direct_value_release_20260826\single_133_live_final_v3\claim_verification_results.jsonl,A01762,RULE_DISCOVERY,clafact-direct-value-generalization-v1,HOLD,NO_EVIDENCE_COORDINATE_CANDIDATE,HARD_GUARD,N,HOLD,NO_EVIDENCE_COORDINATE_CANDIDATE,HARD_GUARD,UNDETERMINED,,[],,,,N,,HOLD,NO_EVIDENCE_COORDINATE_CANDIDATE,HARD_GUARD,UNDETERMINED,,[],,,,N,,Y,D:\projects\services\archived\clafact-auto\.worktrees\direct-value-coordinate-publication\artifacts\direct_value_coordinate_62_v1\runs\discovery_v2\claim_verification_results.jsonl,동일,,,,,,,,,,
부모겸단일결과,A01798_35,A01798_35,단일 수치,8번 직접값,8번 직접값 유지,"올해 1~4월 우리나라는 스페인에 오징어를 2180톤 수출했는데, 작년 같은 기간에는 스페인에 수출한 오징어가 한 마리도 없었다.",2025-05-19,2180톤,수출액,2180.0,톤,2024,Y,전국,,,DIRECT_VALUE,,HUMAN_REVIEW,CONTEXT_REQUIRED,HUMAN_REVIEW,INDICATOR_REFINEMENT_REQUIRED,CLAIM_PARSE,INDICATOR_REFINEMENT_REQUIRED,,,[],[],,,,,N,,,,,,,D:\projects\services\archived\clafact-auto\.worktrees\three-type-release\artifacts\direct_value_release_20260826\single_133_live_final_v3\claim_verification_results.jsonl,A01798,RULE_DISCOVERY,clafact-direct-value-generalization-v1,HUMAN_REVIEW,INDICATOR_REFINEMENT_REQUIRED,CLAIM_PARSE,N,HUMAN_REVIEW,INDICATOR_REFINEMENT_REQUIRED,CLAIM_PARSE,,,[],,,,N,,HUMAN_REVIEW,INDICATOR_REFINEMENT_REQUIRED,CLAIM_PARSE,,,[],,,,N,,,,,Y,KEEP_DIRECT_RECOVERED,KEEP_DIRECT_VALUE,8.직접값,SOURCE_GROUNDED_DIRECT_VALUE,2180톤,INDICATOR_REFINEMENT_REQUIRED,SOURCE_GROUNDED_DIRECT_VALUE,RULE_DISCOVERY,artifacts/direct_value_claim_reclassification_100_20260828/summary.json
부모겸단일결과,A01894_4,A01894_4,단일 수치,8번 직접값,8번 직접값 유지,저출산고령사회위원회에 따르면 2023년 기준 국내 치매 인구는 124만명이다.,2025-05-26,1.24e+06명,총인구,1240000.0,명,2023,Y,전국,,,DIRECT_VALUE,,AUTO_OK,KOSIS_PIPELINE_ELIGIBLE,HOLD,NO_EVIDENCE_COORDINATE_CANDIDATE,HARD_GUARD,공식표는 찾았지만 기사 조건에 맞는 항목·지역·기간 좌표를 확정하지 못함,UNDETERMINED,,[],[],,,,,N,,,,,,,D:\projects\services\archived\clafact-auto\.worktrees\three-type-release\artifacts\direct_value_release_20260826\single_133_live_final_v3\claim_verification_results.jsonl,A01894,RULE_DISCOVERY,clafact-direct-value-generalization-v1,HOLD,NO_EVIDENCE_COORDINATE_CANDIDATE,HARD_GUARD,N,HOLD,NO_EVIDENCE_COORDINATE_CANDIDATE,HARD_GUARD,UNDETERMINED,,[],,,,N,,HOLD,NO_EVIDENCE_COORDINATE_CANDIDATE,HARD_GUARD,UNDETERMINED,,[],,,,N,,Y,D:\projects\services\archived\clafact-auto\.worktrees\direct-value-coordinate-publication\artifacts\direct_value_coordinate_62_v1\runs\discovery_v2\claim_verification_results.jsonl,동일,,,,,,,,,,
부모겸단일결과,A01910_8,A01910_8,단일 수치,8번 직접값,8번 직접값 유지,이는 트럼프 대통령이 지난 4월부터 외국산 수입차에 관세 25%를 매긴 여파로 풀이된다.,2025-05-27,25%,수입액,25.0,%,2025-04,M,,,,DIRECT_VALUE,,HUMAN_REVIEW,CONTEXT_REQUIRED,HUMAN_REVIEW,INDICATOR_REFINEMENT_REQUIRED,CLAIM_PARSE,INDICATOR_REFINEMENT_REQUIRED,,,[],[],,,,,N,,,,,,,D:\projects\services\archived\clafact-auto\.worktrees\three-type-release\artifacts\direct_value_release_20260826\single_133_live_final_v3\claim_verification_results.jsonl,A01910,RULE_DISCOVERY,clafact-direct-value-generalization-v1,HUMAN_REVIEW,INDICATOR_REFINEMENT_REQUIRED,CLAIM_PARSE,N,HUMAN_REVIEW,INDICATOR_REFINEMENT_REQUIRED,CLAIM_PARSE,,,[],,,,N,,HUMAN_REVIEW,INDICATOR_REFINEMENT_REQUIRED,CLAIM_PARSE,,,[],,,,N,,,,,Y,KEEP_DIRECT_RECOVERED,KEEP_DIRECT_VALUE,8.직접값,SOURCE_GROUNDED_DIRECT_VALUE,25%,INDICATOR_REFINEMENT_REQUIRED,SOURCE_GROUNDED_DIRECT_VALUE,RULE_DISCOVERY,artifacts/direct_value_claim_reclassification_100_20260828/summary.json
부모겸단일결과,A01927_15,A01927_15,단일 수치,8번 직접값,8번 직접값 유지,이들보다 5년 정도 빠른 1980년대 후반이나 5년 늦은 1990년대 후반에는 연간 출생아 수가 각각 60만명대에 머물렀다.,2025-05-29,600000명,출생아 수,600000.0,명,2025,Y,,,,DIRECT_VALUE,,AUTO_OK,KOSIS_PIPELINE_ELIGIBLE,HOLD,AS_OF_UNAVAILABLE,OFFICIAL_VALUE_FETCH,기사 작성일 기준 공표된 공식값인지 확인하지 못함,UNDETERMINED,,"[{""canonical_key"": ""ORG=101|TBL=DT_1B8000G|ITM=T1|OBJ=B|MEMBER=전국|PRD_SE=년|PRD_DE=2025|DIMS=B:전국,A:출생아수(명)"", ""dimension_codes"": {""A"": ""10"", ""B"": ""00""}, ""dimension_members"": {""A"": ""출생아수(명)"", ""B"": ""전국""}, ""itm_id"": ""T1"", ""member_code"": ""전국"", ""obj_id"": ""B"", ""org_id"": ""101"", ""prd_de"": ""2025"", ""prd_se"": ""년"", ""status"": ""CONFIRMED"", ""tbl_id"": ""DT_1B8000G"", ""unit"": ""명""}]","[{""content_hash"": ""e92cb913d789bc40b97daa9ef19c5e73b3ed4ba5e7fde26be550f9a3bcd1f7c9"", ""evidence_key"": ""ORG=101|TBL=DT_1B8000G|ITM=T1|OBJ=B|MEMBER=전국|PRD_SE=년|PRD_DE=2025|DIMS=B:전국,A:출생아수(명)"", ""publication"": {""content_hash"": ""882ea1046b8fe06af80e5ccfa2f0e019e4174b51a050363f55714b66573aaacc"", ""coverage_end_period"": null, ""coverage_start_period"": null, ""evidence_scope"": ""PERIOD"", ""pub_date_text"": ""조사기준 년 익년"", ""pub_period"": ""월"", ""publication_method_url"": ""언론(보도자료), 전산망(인터넷), 간행물2024년 5월 인구동향https://mods.go.kr/board.es?mid=a10301020300&amp;bid=204"", ""published_at"": null, ""reference_period"": null, ""retrieved_at"": ""2026-08-26T08:51:56.432548Z"", ""source_url"": ""https://kosis.kr/openapi/statisticsExplData.do?method=getList&format=json&jsonVD=Y&orgId=101&tblId=DT_1B8000G&metaItm=All"", ""status"": ""UNRESOLVED""}, ""retrieved_at"": ""2026-08-26T08:51:50.524433Z"", ""source"": ""API"", ""source_url"": ""https://kosis.kr/openapi/Param/statisticsParameterData.do?method=getList&orgId=101&tblId=DT_1B8000G&itmId=T1&prdSe=Y&startPrdDe=2025&endPrdDe=2025&objL1=00&objL2=10"", ""value_last_changed_at"": null}]",https://kosis.kr/openapi/Param/statisticsParameterData.do?method=getList&orgId=101&tblId=DT_1B8000G&itmId=T1&prdSe=Y&startPrdDe=2025&endPrdDe=2025&objL1=00&objL2=10,e92cb913d789bc40b97daa9ef19c5e73b3ed4ba5e7fde26be550f9a3bcd1f7c9,,,N,,,,,,,D:\projects\services\archived\clafact-auto\.worktrees\three-type-release\artifacts\direct_value_release_20260826\single_133_live_final_v3\claim_verification_results.jsonl,A01927,INTERMEDIATE_VALIDATION,clafact-direct-value-generalization-v1,HOLD,AS_OF_UNAVAILABLE,OFFICIAL_VALUE_FETCH,N,HOLD,AS_OF_UNAVAILABLE,OFFICIAL_VALUE_FETCH,UNDETERMINED,,"[{""canonical_key"": ""ORG=101|TBL=DT_1B8000G|ITM=T1|OBJ=B|MEMBER=전국|PRD_SE=년|PRD_DE=2025|DIMS=B:전국,A:출생아수(명)"", ""dimension_codes"": {""A"": ""10"", ""B"": ""00""}, ""dimension_members"": {""A"": ""출생아수(명)"", ""B"": ""전국""}, ""itm_id"": ""T1"", ""member_code"": ""전국"", ""obj_id"": ""B"", ""org_id"": ""101"", ""prd_de"": ""2025"", ""prd_se"": ""년"", ""status"": ""CONFIRMED"", ""tbl_id"": ""DT_1B8000G"", ""unit"": ""명""}]",https://kosis.kr/openapi/Param/statisticsParameterData.do?method=getList&orgId=101&tblId=DT_1B8000G&itmId=T1&prdSe=Y&startPrdDe=2025&endPrdDe=2025&objL1=00&objL2=10,e92cb913d789bc40b97daa9ef19c5e73b3ed4ba5e7fde26be550f9a3bcd1f7c9,,N,,HOLD,PUBLICATION_FETCH_FAILED,OFFICIAL_VALUE_FETCH,UNDETERMINED,,"[{""canonical_key"": ""ORG=101|TBL=DT_1B8000G|ITM=T1|OBJ=B|MEMBER=전국|PRD_SE=년|PRD_DE=2025|DIMS=B:전국,A:출생아수(명)"", ""dimension_codes"": {""A"": ""10"", ""B"": ""00""}, ""dimension_members"": {""A"": ""출생아수(명)"", ""B"": ""전국""}, ""itm_id"": ""T1"", ""member_code"": ""전국"", ""obj_id"": ""B"", ""org_id"": ""101"", ""prd_de"": ""2025"", ""prd_se"": ""년"", ""status"": ""CONFIRMED"", ""tbl_id"": ""DT_1B8000G"", ""unit"": ""명""}]",https://kosis.kr/openapi/Param/statisticsParameterData.do?method=getList&orgId=101&tblId=DT_1B8000G&itmId=T1&prdSe=Y&startPrdDe=2025&endPrdDe=2025&objL1=00&objL2=10,e92cb913d789bc40b97daa9ef19c5e73b3ed4ba5e7fde26be550f9a3bcd1f7c9,,N,OFFICIAL_RECURRING_BINDING_V1,Y,D:\projects\services\archived\clafact-auto\.worktrees\direct-value-coordinate-publication\artifacts\direct_value_coordinate_62_v1\runs\intermediate_v1\claim_verification_results.jsonl,변경,,,,,,,,,,
부모겸단일결과,A01927_17,A01927_17,단일 수치,8번 직접값,8번 직접값 유지,"홍석철 서울대 경제학부 교수는 “통상 신혼 부부들이 결혼 후 3년간 아이를 많이 낳는다는 점을 고려하면, 올해는 계속 출생아가 늘어나면서 연간 합계출산율이 무난히 0.8명을 넘길 수 있을 것”이라고 했다.",2025-05-29,0.8명,출생아 수,0.8,명,2025,Y,서울,,,DIRECT_VALUE,"{""direction"": ""INCREASE""}",AUTO_OK,KOSIS_PIPELINE_ELIGIBLE,HOLD,AS_OF_UNAVAILABLE,OFFICIAL_VALUE_FETCH,기사 작성일 기준 공표된 공식값인지 확인하지 못함,UNDETERMINED,,"[{""canonical_key"": ""ORG=101|TBL=DT_1B8000G|ITM=T1|OBJ=B|MEMBER=서울특별시|PRD_SE=년|PRD_DE=2025|DIMS=B:서울특별시,A:출생아수(명)"", ""dimension_codes"": {""A"": ""10"", ""B"": ""11""}, ""dimension_members"": {""A"": ""출생아수(명)"", ""B"": ""서울특별시""}, ""itm_id"": ""T1"", ""member_code"": ""서울특별시"", ""obj_id"": ""B"", ""org_id"": ""101"", ""prd_de"": ""2025"", ""prd_se"": ""년"", ""status"": ""CONFIRMED"", ""tbl_id"": ""DT_1B8000G"", ""unit"": ""명""}]","[{""content_hash"": ""499b2c65a1597a97a34fc58f57144539e7f9c62aa93c6f897243716ea7055201"", ""evidence_key"": ""ORG=101|TBL=DT_1B8000G|ITM=T1|OBJ=B|MEMBER=서울특별시|PRD_SE=년|PRD_DE=2025|DIMS=B:서울특별시,A:출생아수(명)"", ""publication"": {""content_hash"": ""882ea1046b8fe06af80e5ccfa2f0e019e4174b51a050363f55714b66573aaacc"", ""coverage_end_period"": null, ""coverage_start_period"": null, ""evidence_scope"": ""PERIOD"", ""pub_date_text"": ""조사기준 년 익년"", ""pub_period"": ""월"", ""publication_method_url"": ""언론(보도자료), 전산망(인터넷), 간행물2024년 5월 인구동향https://mods.go.kr/board.es?mid=a10301020300&amp;bid=204"", ""published_at"": null, ""reference_period"": null, ""retrieved_at"": ""2026-08-26T08:51:56.432548Z"", ""source_url"": ""https://kosis.kr/openapi/statisticsExplData.do?method=getList&format=json&jsonVD=Y&orgId=101&tblId=DT_1B8000G&metaItm=All"", ""status"": ""UNRESOLVED""}, ""retrieved_at"": ""2026-08-26T08:56:10.238187Z"", ""source"": ""API"", ""source_url"": ""https://kosis.kr/openapi/Param/statisticsParameterData.do?method=getList&orgId=101&tblId=DT_1B8000G&itmId=T1&prdSe=Y&startPrdDe=2025&endPrdDe=2025&objL1=11&objL2=10"", ""value_last_changed_at"": null}]",https://kosis.kr/openapi/Param/statisticsParameterData.do?method=getList&orgId=101&tblId=DT_1B8000G&itmId=T1&prdSe=Y&startPrdDe=2025&endPrdDe=2025&objL1=11&objL2=10,499b2c65a1597a97a34fc58f57144539e7f9c62aa93c6f897243716ea7055201,,,N,,,,,,,D:\projects\services\archived\clafact-auto\.worktrees\three-type-release\artifacts\direct_value_release_20260826\single_133_live_final_v3\claim_verification_results.jsonl,A01927,INTERMEDIATE_VALIDATION,clafact-direct-value-generalization-v1,HOLD,AS_OF_UNAVAILABLE,OFFICIAL_VALUE_FETCH,N,HOLD,AS_OF_UNAVAILABLE,OFFICIAL_VALUE_FETCH,UNDETERMINED,,"[{""canonical_key"": ""ORG=101|TBL=DT_1B8000G|ITM=T1|OBJ=B|MEMBER=서울특별시|PRD_SE=년|PRD_DE=2025|DIMS=B:서울특별시,A:출생아수(명)"", ""dimension_codes"": {""A"": ""10"", ""B"": ""11""}, ""dimension_members"": {""A"": ""출생아수(명)"", ""B"": ""서울특별시""}, ""itm_id"": ""T1"", ""member_code"": ""서울특별시"", ""obj_id"": ""B"", ""org_id"": ""101"", ""prd_de"": ""2025"", ""prd_se"": ""년"", ""status"": ""CONFIRMED"", ""tbl_id"": ""DT_1B8000G"", ""unit"": ""명""}]",https://kosis.kr/openapi/Param/statisticsParameterData.do?method=getList&orgId=101&tblId=DT_1B8000G&itmId=T1&prdSe=Y&startPrdDe=2025&endPrdDe=2025&objL1=11&objL2=10,499b2c65a1597a97a34fc58f57144539e7f9c62aa93c6f897243716ea7055201,,N,,HOLD,KOSIS_METADATA_UNAVAILABLE,KOSIS_METADATA,UNDETERMINED,,[],,,,N,SOURCE_GROUNDED_INDICATOR_V1,Y,D:\projects\services\archived\clafact-auto\.worktrees\direct-value-coordinate-publication\artifacts\direct_value_coordinate_publication_v2\runs\intermediate_v2\claim_verification_results.jsonl,변경,,,,,,,,,,
부모겸단일결과,A01927_4,A01927_4,단일 수치,8번 직접값,8번 직접값 유지,다만 5년 후인 2030년에는 한 해 태어난 인구가 40만명에 불과한 2000년대생들이 결혼·출산 적령기가 되기 때문에 저출생 현상이 다시 심화할 가능성이 있다.,2025-05-29,400000명,총인구,400000.0,명,2030,Y,,,,DIRECT_VALUE,,AUTO_OK,KOSIS_PIPELINE_ELIGIBLE,HOLD,NO_EVIDENCE_COORDINATE_CANDIDATE,HARD_GUARD,공식표는 찾았지만 기사 조건에 맞는 항목·지역·기간 좌표를 확정하지 못함,UNDETERMINED,,[],[],,,,,N,,,,,,,D:\projects\services\archived\clafact-auto\.worktrees\three-type-release\artifacts\direct_value_release_20260826\single_133_live_final_v3\claim_verification_results.jsonl,A01927,INTERMEDIATE_VALIDATION,clafact-direct-value-generalization-v1,HOLD,NO_EVIDENCE_COORDINATE_CANDIDATE,HARD_GUARD,N,HOLD,NO_EVIDENCE_COORDINATE_CANDIDATE,HARD_GUARD,UNDETERMINED,,[],,,,N,,HUMAN_REVIEW,NON_OBSERVED_FORECAST,CLAIM_PARSE,,,[],,,,N,OBSERVATION_STATUS_GUARD_V1,Y,D:\projects\services\archived\clafact-auto\.worktrees\direct-value-general-rules\artifacts\direct_value_generalization_v1\runs\intermediate_validation_full\claim_verification_results.jsonl,변경,Y,EXCLUDE_FORECAST,EXCLUDE_FROM_KOSIS,검증 제외,NON_OBSERVED_FORECAST,,NON_OBSERVED_FORECAST,NON_OBSERVED_FORECAST,INTERMEDIATE_VALIDATION,artifacts/direct_value_claim_reclassification_100_20260828/summary.json
부모겸단일결과,A01940_3,A01940_3,단일 수치,8번 직접값,8번 직접값 유지,"하지만 지난달부터 트럼프 행정부가 모든 수입차에 25% 관세를 매기면서 핵심 사업에 제동이 걸리게 되자, 한국에서 사업 일부를 축소하기 시작한 것이다.",2025-05-30,25%,수입액,25.0,%,2025-04,M,전국,,,DIRECT_VALUE,,HUMAN_REVIEW,CONTEXT_REQUIRED,HUMAN_REVIEW,INDICATOR_REFINEMENT_REQUIRED,CLAIM_PARSE,INDICATOR_REFINEMENT_REQUIRED,,,[],[],,,,,N,,,,,,,D:\projects\services\archived\clafact-auto\.worktrees\three-type-release\artifacts\direct_value_release_20260826\single_133_live_final_v3\claim_verification_results.jsonl,A01940,FINAL_BLIND,clafact-direct-value-generalization-v1,HUMAN_REVIEW,INDICATOR_REFINEMENT_REQUIRED,CLAIM_PARSE,N,HUMAN_REVIEW,INDICATOR_REFINEMENT_REQUIRED,CLAIM_PARSE,,,[],,,,N,,HUMAN_REVIEW,INDICATOR_REFINEMENT_REQUIRED,CLAIM_PARSE,,,[],,,,N,,Y,D:\projects\services\archived\clafact-auto\.worktrees\direct-value-general-rules\artifacts\direct_value_generalization_v1\runs\final_blind_full\claim_verification_results.jsonl,동일,Y,KEEP_DIRECT_RECOVERED,KEEP_DIRECT_VALUE,8.직접값,SOURCE_GROUNDED_DIRECT_VALUE,25%,INDICATOR_REFINEMENT_REQUIRED,SOURCE_GROUNDED_DIRECT_VALUE,FINAL_BLIND,artifacts/direct_value_claim_reclassification_100_20260828/summary.json
부모겸단일결과,A01947_29,A01947_29,단일 수치,8번 직접값,8번 직접값 유지,지난 2021년과 2022년에도 순수출의 성장 기여도는 0% 수준이었다.,2025-05-30,0%,수출액,0.0,%,2021,Y,,,,DIRECT_VALUE,,HUMAN_REVIEW,CONTEXT_REQUIRED,HUMAN_REVIEW,INDICATOR_REFINEMENT_REQUIRED,CLAIM_PARSE,INDICATOR_REFINEMENT_REQUIRED,,,[],[],,,,,N,,,,,,,D:\projects\services\archived\clafact-auto\.worktrees\three-type-release\artifacts\direct_value_release_20260826\single_133_live_final_v3\claim_verification_results.jsonl,A01947,RULE_DISCOVERY,clafact-direct-value-generalization-v1,HUMAN_REVIEW,INDICATOR_REFINEMENT_REQUIRED,CLAIM_PARSE,N,HUMAN_REVIEW,INDICATOR_REFINEMENT_REQUIRED,CLAIM_PARSE,,,[],,,,N,,HUMAN_REVIEW,INDICATOR_REFINEMENT_REQUIRED,CLAIM_PARSE,,,[],,,,N,,,,,Y,KEEP_DIRECT_RECOVERED,KEEP_DIRECT_VALUE,8.직접값,SOURCE_GROUNDED_DIRECT_VALUE,0%,INDICATOR_REFINEMENT_REQUIRED,SOURCE_GROUNDED_DIRECT_VALUE,RULE_DISCOVERY,artifacts/direct_value_claim_reclassification_100_20260828/summary.json
부모겸단일결과,A01947_5,A01947_5,단일 수치,8번 직접값,8번 직접값 유지,이창용 한은 총재는 “올해 순수출(수출에서 수입을 뺀 것)의 성장 기여도가 0%일 것”이라고 했다.,2025-05-30,0%,수출액,0.0,%,2025,Y,,,,DIRECT_VALUE,,HUMAN_REVIEW,CONTEXT_REQUIRED,HUMAN_REVIEW,INDICATOR_REFINEMENT_REQUIRED,CLAIM_PARSE,INDICATOR_REFINEMENT_REQUIRED,,,[],[],,,,,N,,,,,,,D:\projects\services\archived\clafact-auto\.worktrees\three-type-release\artifacts\direct_value_release_20260826\single_133_live_final_v3\claim_verification_results.jsonl,A01947,RULE_DISCOVERY,clafact-direct-value-generalization-v1,HUMAN_REVIEW,INDICATOR_REFINEMENT_REQUIRED,CLAIM_PARSE,N,HUMAN_REVIEW,INDICATOR_REFINEMENT_REQUIRED,CLAIM_PARSE,,,[],,,,N,,HUMAN_REVIEW,INDICATOR_REFINEMENT_REQUIRED,CLAIM_PARSE,,,[],,,,N,,,,,Y,KEEP_DIRECT_RECOVERED,KEEP_DIRECT_VALUE,8.직접값,SOURCE_GROUNDED_DIRECT_VALUE,0%,INDICATOR_REFINEMENT_REQUIRED,SOURCE_GROUNDED_DIRECT_VALUE,RULE_DISCOVERY,artifacts/direct_value_claim_reclassification_100_20260828/summary.json
부모겸단일결과,A01953_8,A01953_8,단일 수치,8번 직접값,8번 직접값 유지,이는 한국제약바이오협회가 집계한 지난해 기술 수출액(61억3300만달러)을 이미 넘어선 것이다.,2025-05-31,6.133e+09달러,수출액,6133000000.0,달러,2024,Y,전국,,"{""raw"": ""{\""품목\"": [\""바이오\""]}""}",THRESHOLD,"{""operator"": ""GT"", ""threshold_unit"": ""달러"", ""threshold_value"": ""6133000000.0""}",AUTO_OK,KOSIS_PIPELINE_ELIGIBLE,HOLD,NO_HARD_GUARD_CANDIDATE,HARD_GUARD,기간·단위·지역 등 필수 조건을 모두 만족하는 공식표 후보가 없음,UNDETERMINED,,[],[],,,,,N,,,,,,,D:\projects\services\archived\clafact-auto\.worktrees\three-type-release\artifacts\direct_value_release_20260826\single_133_live_final_v3\claim_verification_results.jsonl,A01953,RULE_DISCOVERY,clafact-direct-value-generalization-v1,HOLD,NO_HARD_GUARD_CANDIDATE,HARD_GUARD,N,HOLD,NO_HARD_GUARD_CANDIDATE,HARD_GUARD,UNDETERMINED,,[],,,,N,,HOLD,NO_HARD_GUARD_CANDIDATE,HARD_GUARD,UNDETERMINED,,[],,,,N,OFFICIAL_RECURRING_BINDING_V1,Y,D:\projects\services\archived\clafact-auto\.worktrees\direct-value-coordinate-publication\artifacts\direct_value_coordinate_62_v1\runs\discovery_v2\claim_verification_results.jsonl,동일,,,,,,,,,,
부모겸단일결과,A01986_11,A01986_11,단일 수치,8번 직접값,8번 직접값 유지,지난 3월 25% 관세를 부과... 철·석같이 믿었는데… 수출 15품목 중 10종 주저앉아 1일 산업통상자원부가 발표한 5월 우리 수출 실적은 최근 한국 경제에 짙게 드리운 불안함을 그대로 보여준다.,2025-06-02,25%,수출액,25.0,%,2025-03,M,전국,,,DIRECT_VALUE,,HUMAN_REVIEW,CONTEXT_REQUIRED,HUMAN_REVIEW,INDICATOR_REFINEMENT_REQUIRED,CLAIM_PARSE,INDICATOR_REFINEMENT_REQUIRED,,,[],[],,,,,N,,,,,,,D:\projects\services\archived\clafact-auto\.worktrees\three-type-release\artifacts\direct_value_release_20260826\single_133_live_final_v3\claim_verification_results.jsonl,A01986,RULE_DISCOVERY,clafact-direct-value-generalization-v1,HUMAN_REVIEW,INDICATOR_REFINEMENT_REQUIRED,CLAIM_PARSE,N,HUMAN_REVIEW,INDICATOR_REFINEMENT_REQUIRED,CLAIM_PARSE,,,[],,,,N,,HUMAN_REVIEW,INDICATOR_REFINEMENT_REQUIRED,CLAIM_PARSE,,,[],,,,N,,,,,Y,KEEP_DIRECT_RECOVERED,KEEP_DIRECT_VALUE,8.직접값,SOURCE_GROUNDED_DIRECT_VALUE,25%,INDICATOR_REFINEMENT_REQUIRED,SOURCE_GROUNDED_DIRECT_VALUE,RULE_DISCOVERY,artifacts/direct_value_claim_reclassification_100_20260828/summary.json
부모겸단일결과,A02022_15,A02022_15,단일 수치,8번 직접값,8번 직접값 유지,노동투입이 잠재성장률에 기여하는 정도도 2000년대 초반과 비슷한 30% 수준으로 낮아졌다.,2025-06-05,30%,경제성장률,30.0,%,2000,Y,,,,DIRECT_VALUE,,AUTO_OK,KOSIS_PIPELINE_ELIGIBLE,HOLD,NO_EVIDENCE_COORDINATE_CANDIDATE,HARD_GUARD,공식표는 찾았지만 기사 조건에 맞는 항목·지역·기간 좌표를 확정하지 못함,UNDETERMINED,,[],[],,,,,N,,,,,,,D:\projects\services\archived\clafact-auto\.worktrees\three-type-release\artifacts\direct_value_release_20260826\single_133_live_final_v3\claim_verification_results.jsonl,A02022,INTERMEDIATE_VALIDATION,clafact-direct-value-generalization-v1,HOLD,NO_EVIDENCE_COORDINATE_CANDIDATE,HARD_GUARD,N,HOLD,NO_EVIDENCE_COORDINATE_CANDIDATE,HARD_GUARD,UNDETERMINED,,[],,,,N,,HOLD,KOSIS_METADATA_UNAVAILABLE,KOSIS_METADATA,UNDETERMINED,,[],,,,N,,Y,D:\projects\services\archived\clafact-auto\.worktrees\direct-value-coordinate-publication\artifacts\direct_value_coordinate_publication_v2\runs\intermediate_v2\claim_verification_results.jsonl,변경,,,,,,,,,,
부모겸단일결과,A02106_12,A02106_12,단일 수치,8번 직접값,8번 직접값 유지,우리나라도 트럼프 1기 행정부 당시 2015년부터 2017년까지 평균 수출 규모를 바탕으로 연 263만t까지 무관세 수출이 가능하도록 합의했었다.,2025-06-11,2.63e+06t,수출액,2630000.0,t,2015,Y,전국,,,DIRECT_VALUE,,HUMAN_REVIEW,CONTEXT_REQUIRED,HUMAN_REVIEW,INDICATOR_REFINEMENT_REQUIRED,CLAIM_PARSE,INDICATOR_REFINEMENT_REQUIRED,,,[],[],,,,,N,,,,,,,D:\projects\services\archived\clafact-auto\.worktrees\three-type-release\artifacts\direct_value_release_20260826\single_133_live_final_v3\claim_verification_results.jsonl,A02106,RULE_DISCOVERY,clafact-direct-value-generalization-v1,HUMAN_REVIEW,INDICATOR_REFINEMENT_REQUIRED,CLAIM_PARSE,N,HUMAN_REVIEW,INDICATOR_REFINEMENT_REQUIRED,CLAIM_PARSE,,,[],,,,N,,HUMAN_REVIEW,INDICATOR_REFINEMENT_REQUIRED,CLAIM_PARSE,,,[],,,,N,,,,,Y,EXCLUDE_FORECAST,EXCLUDE_FROM_KOSIS,검증 제외,NON_OBSERVED_FORECAST,,INDICATOR_REFINEMENT_REQUIRED,NON_OBSERVED_FORECAST,RULE_DISCOVERY,artifacts/direct_value_claim_reclassification_100_20260828/summary.json
부모겸단일결과,A02179_7,A02179_7,단일 수치,8번 직접값,8번 직접값 유지,특히 아랍에미리트는 2031년까지 GDP의 40%를 AI 산업에서 창출하겠다고 한다.,2025-06-17,40%,GDP,40.0,%,2031,Y,,,,DIRECT_VALUE,,HUMAN_REVIEW,CONTEXT_REQUIRED,HUMAN_REVIEW,INDICATOR_MEASURE_FAMILY_AMBIGUOUS,CLAIM_PARSE,INDICATOR_MEASURE_FAMILY_AMBIGUOUS,,,[],[],,,,,N,,,,,,,D:\projects\services\archived\clafact-auto\.worktrees\three-type-release\artifacts\direct_value_release_20260826\single_133_live_final_v3\claim_verification_results.jsonl,A02179,RULE_DISCOVERY,clafact-direct-value-generalization-v1,HUMAN_REVIEW,INDICATOR_MEASURE_FAMILY_AMBIGUOUS,CLAIM_PARSE,N,HUMAN_REVIEW,INDICATOR_MEASURE_FAMILY_AMBIGUOUS,CLAIM_PARSE,,,[],,,,N,,HUMAN_REVIEW,INDICATOR_MEASURE_FAMILY_AMBIGUOUS,CLAIM_PARSE,,,[],,,,N,,,,,Y,KEEP_DIRECT_RECOVERED,KEEP_DIRECT_VALUE,8.직접값,SOURCE_GROUNDED_DIRECT_VALUE,40%,INDICATOR_MEASURE_FAMILY_AMBIGUOUS,SOURCE_GROUNDED_DIRECT_VALUE,RULE_DISCOVERY,artifacts/direct_value_claim_reclassification_100_20260828/summary.json
부모겸단일결과,A02253_15,A02253_15,단일 수치,8번 직접값,8번 직접값 유지,대미 수출이 급증한 덕에 아일랜드는 1분기(1~3월)에 9.7% 성장했다.,2025-06-23,9.7%,수출액,9.7,%,2025-Q1,Q,,,"{""raw"": ""{\""교역상대국\"": [\""미국\""]}""}",DIRECT_VALUE,,HUMAN_REVIEW,CONTEXT_REQUIRED,HUMAN_REVIEW,INDICATOR_REFINEMENT_REQUIRED,CLAIM_PARSE,INDICATOR_REFINEMENT_REQUIRED,,,[],[],,,,,N,,,,,,,D:\projects\services\archived\clafact-auto\.worktrees\three-type-release\artifacts\direct_value_release_20260826\single_133_live_final_v3\claim_verification_results.jsonl,A02253,FINAL_BLIND,clafact-direct-value-generalization-v1,HUMAN_REVIEW,INDICATOR_REFINEMENT_REQUIRED,CLAIM_PARSE,N,HUMAN_REVIEW,INDICATOR_REFINEMENT_REQUIRED,CLAIM_PARSE,,,[],,,,N,,HUMAN_REVIEW,INDICATOR_REFINEMENT_REQUIRED,CLAIM_PARSE,,,[],,,,N,,Y,D:\projects\services\archived\clafact-auto\.worktrees\direct-value-general-rules\artifacts\direct_value_generalization_v1\runs\final_blind_full\claim_verification_results.jsonl,동일,Y,KEEP_DIRECT_RECOVERED,KEEP_DIRECT_VALUE,8.직접값,SOURCE_GROUNDED_DIRECT_VALUE,9.7%,INDICATOR_REFINEMENT_REQUIRED,SOURCE_GROUNDED_DIRECT_VALUE,FINAL_BLIND,artifacts/direct_value_claim_reclassification_100_20260828/summary.json
부모겸단일결과,A02254_17,A02254_17,단일 수치,8번 직접값,8번 직접값 유지,출시부터 작년까지 백산수의 연평균 성장률은 16%에 달한다.,2025-06-23,16%,경제성장률,16.0,%,2024,Y,,,,DIRECT_VALUE,,AUTO_OK,KOSIS_PIPELINE_ELIGIBLE,HOLD,PUBLICATION_FETCH_FAILED,OFFICIAL_VALUE_FETCH,PUBLICATION_FETCH_FAILED,UNDETERMINED,,"[{""canonical_key"": ""ORG=101|TBL=DT_1YL20571|ITM=T10|OBJ=SGG|MEMBER=전국|PRD_SE=Y|PRD_DE=2024"", ""dimension_codes"": {""SGG"": ""00""}, ""dimension_members"": {""SGG"": ""전국""}, ""itm_id"": ""T10"", ""member_code"": ""전국"", ""obj_id"": ""SGG"", ""org_id"": ""101"", ""prd_de"": ""2024"", ""prd_se"": ""Y"", ""status"": ""CONFIRMED"", ""tbl_id"": ""DT_1YL20571"", ""unit"": ""%""}]","[{""content_hash"": ""e09b5826b4864f78e4a54f693ba8fac868eb8270b2076ce3bf35ec015b7c6e98"", ""evidence_key"": ""ORG=101|TBL=DT_1YL20571|ITM=T10|OBJ=SGG|MEMBER=전국|PRD_SE=Y|PRD_DE=2024"", ""publication"": {""content_hash"": ""0dcc3fdb670023214227ed46e3d44364bd044a323742db1bfb58d2ed6669eba8"", ""coverage_end_period"": null, ""coverage_start_period"": null, ""evidence_scope"": ""PERIOD"", ""pub_date_text"": null, ""pub_period"": null, ""publication_method_url"": null, ""published_at"": null, ""reference_period"": null, ""retrieved_at"": ""2026-08-26T08:52:07.711209Z"", ""source_url"": ""https://kosis.kr/openapi/statisticsExplData.do?method=getList&format=json&jsonVD=Y&orgId=101&tblId=DT_1YL20571&metaItm=All"", ""status"": ""FETCH_FAILED""}, ""retrieved_at"": ""2026-08-26T08:52:03.398580Z"", ""source"": ""API"", ""source_url"": ""https://kosis.kr/openapi/Param/statisticsParameterData.do?method=getList&orgId=101&tblId=DT_1YL20571&itmId=T10&prdSe=Y&startPrdDe=2024&endPrdDe=2024&objL1=00"", ""value_last_changed_at"": null}]",https://kosis.kr/openapi/Param/statisticsParameterData.do?method=getList&orgId=101&tblId=DT_1YL20571&itmId=T10&prdSe=Y&startPrdDe=2024&endPrdDe=2024&objL1=00,e09b5826b4864f78e4a54f693ba8fac868eb8270b2076ce3bf35ec015b7c6e98,,,N,,,,,,,D:\projects\services\archived\clafact-auto\.worktrees\three-type-release\artifacts\direct_value_release_20260826\single_133_live_final_v3\claim_verification_results.jsonl,A02254,FINAL_BLIND,clafact-direct-value-generalization-v1,HOLD,PUBLICATION_FETCH_FAILED,OFFICIAL_VALUE_FETCH,N,HOLD,PUBLICATION_FETCH_FAILED,OFFICIAL_VALUE_FETCH,UNDETERMINED,,"[{""canonical_key"": ""ORG=101|TBL=DT_1YL20571|ITM=T10|OBJ=SGG|MEMBER=전국|PRD_SE=Y|PRD_DE=2024"", ""dimension_codes"": {""SGG"": ""00""}, ""dimension_members"": {""SGG"": ""전국""}, ""itm_id"": ""T10"", ""member_code"": ""전국"", ""obj_id"": ""SGG"", ""org_id"": ""101"", ""prd_de"": ""2024"", ""prd_se"": ""Y"", ""status"": ""CONFIRMED"", ""tbl_id"": ""DT_1YL20571"", ""unit"": ""%""}]",https://kosis.kr/openapi/Param/statisticsParameterData.do?method=getList&orgId=101&tblId=DT_1YL20571&itmId=T10&prdSe=Y&startPrdDe=2024&endPrdDe=2024&objL1=00,e09b5826b4864f78e4a54f693ba8fac868eb8270b2076ce3bf35ec015b7c6e98,,N,,HOLD,FETCH_FAILED,OFFICIAL_VALUE_FETCH,UNDETERMINED,,"[{""canonical_key"": ""ORG=101|TBL=DT_1YL20571|ITM=T10|OBJ=SGG|MEMBER=전국|PRD_SE=Y|PRD_DE=2024"", ""dimension_codes"": {""SGG"": ""00""}, ""dimension_members"": {""SGG"": ""전국""}, ""itm_id"": ""T10"", ""member_code"": ""전국"", ""obj_id"": ""SGG"", ""org_id"": ""101"", ""prd_de"": ""2024"", ""prd_se"": ""Y"", ""status"": ""CONFIRMED"", ""tbl_id"": ""DT_1YL20571"", ""unit"": ""%""}]",https://kosis.kr/openapi/Param/statisticsParameterData.do?method=getList&orgId=101&tblId=DT_1YL20571&itmId=T10&prdSe=Y&startPrdDe=2024&endPrdDe=2024&objL1=00,,,N,STRUCTURAL_COORDINATE_UNIQUE_V1,Y,D:\projects\services\archived\clafact-auto\.worktrees\direct-value-coordinate-publication\artifacts\direct_value_coordinate_publication_v2\runs\final_blind_v1\claim_verification_results.jsonl,변경,,,,,,,,,,
부모겸단일결과,A02385_22,A02385_22,단일 수치,8번 직접값,8번 직접값 유지,"이재명 대통령이 취임 닷새 만인 지난달 9일 “라면 한 개에 2000원도 한다는데, 진짜냐”며 요주의 품목으로 라면을 콕 짚어 언급했지만, 라면을 포함한 가공식품 물가는 고공 행진하고 있다.",2025-07-03,2000원,물가상승률,2000.0,원,2025-06,M,,,,DIRECT_VALUE,,HUMAN_REVIEW,CONTEXT_REQUIRED,HUMAN_REVIEW,INDICATOR_UNIT_MEASURE_MISMATCH,CLAIM_PARSE,INDICATOR_UNIT_MEASURE_MISMATCH,,,[],[],,,,,N,,,,,,,D:\projects\services\archived\clafact-auto\.worktrees\three-type-release\artifacts\direct_value_release_20260826\single_133_live_final_v3\claim_verification_results.jsonl,A02385,RULE_DISCOVERY,clafact-direct-value-generalization-v1,HUMAN_REVIEW,INDICATOR_UNIT_MEASURE_MISMATCH,CLAIM_PARSE,N,HUMAN_REVIEW,INDICATOR_UNIT_MEASURE_MISMATCH,CLAIM_PARSE,,,[],,,,N,,HUMAN_REVIEW,INDICATOR_UNIT_MEASURE_MISMATCH,CLAIM_PARSE,,,[],,,,N,,,,,Y,KEEP_DIRECT_RECOVERED,KEEP_DIRECT_VALUE,8.직접값,SOURCE_GROUNDED_DIRECT_VALUE,2000원,INDICATOR_UNIT_MEASURE_MISMATCH,SOURCE_GROUNDED_DIRECT_VALUE,RULE_DISCOVERY,artifacts/direct_value_claim_reclassification_100_20260828/summary.json
부모겸단일결과,A02385_32,A02385_32,단일 수치,8번 직접값,8번 직접값 유지,라면에 계란을 풀어 파는 외식 라면 물가도 지난달 4%나 뛰었다.,2025-07-03,4%,물가상승률,4.0,%,2025-06,월,,,"{""raw"": ""{\""품목\"": [\""계란\""]}""}",DIRECT_VALUE,,AUTO_OK,KOSIS_PIPELINE_ELIGIBLE,HOLD,NO_HARD_GUARD_CANDIDATE,HARD_GUARD,기간·단위·지역 등 필수 조건을 모두 만족하는 공식표 후보가 없음,UNDETERMINED,,[],[],,,,,N,,,,,,,D:\projects\services\archived\clafact-auto\.worktrees\three-type-release\artifacts\direct_value_release_20260826\single_133_live_final_v3\claim_verification_results.jsonl,A02385,RULE_DISCOVERY,clafact-direct-value-generalization-v1,HOLD,NO_HARD_GUARD_CANDIDATE,HARD_GUARD,N,HOLD,NO_HARD_GUARD_CANDIDATE,HARD_GUARD,UNDETERMINED,,[],,,,N,,HOLD,NO_HARD_GUARD_CANDIDATE,HARD_GUARD,UNDETERMINED,,[],,,,N,,Y,D:\projects\services\archived\clafact-auto\.worktrees\direct-value-coordinate-publication\artifacts\direct_value_coordinate_62_v1\runs\discovery_v2\claim_verification_results.jsonl,동일,,,,,,,,,,
부모겸단일결과,A02395_19,A02395_19,단일 수치,8번 직접값,8번 직접값 유지,2005년 인구조사에서는 남북 이산가족 유무를 물었는데 총 71만5968명의 국민이 “북한에 가족이나 친인척이 있다”고 답했다.,2025-07-04,715968명,총인구,715968.0,명,2005,Y,,,,DIRECT_VALUE,,AUTO_OK,KOSIS_PIPELINE_ELIGIBLE,HOLD,NO_HARD_GUARD_CANDIDATE,HARD_GUARD,기간·단위·지역 등 필수 조건을 모두 만족하는 공식표 후보가 없음,UNDETERMINED,,[],[],,,,,N,,,,,,,D:\projects\services\archived\clafact-auto\.worktrees\three-type-release\artifacts\direct_value_release_20260826\single_133_live_final_v3\claim_verification_results.jsonl,A02395,INTERMEDIATE_VALIDATION,clafact-direct-value-generalization-v1,HOLD,NO_HARD_GUARD_CANDIDATE,HARD_GUARD,N,HOLD,NO_HARD_GUARD_CANDIDATE,HARD_GUARD,UNDETERMINED,,[],,,,N,,HOLD,KOSIS_METADATA_UNAVAILABLE,KOSIS_METADATA,UNDETERMINED,,[],,,,N,,Y,D:\projects\services\archived\clafact-auto\.worktrees\direct-value-coordinate-publication\artifacts\direct_value_coordinate_publication_v2\runs\intermediate_v2\claim_verification_results.jsonl,변경,,,,,,,,,,
부모겸단일결과,A02416_10,A02416_10,단일 수치,8번 직접값,8번 직접값 유지,이창용 한은 총재는 1일 외신 인터뷰에서 “정부가 최근 발표한 추경안은 연간 성장률을 0.2%포인트 정도 올릴 것”이라고 했다.,2025-07-05,0.2%p,경제성장률,0.2,%p,2025,Y,,,,DIRECT_VALUE,,HUMAN_REVIEW,CONTEXT_REQUIRED,HUMAN_REVIEW,INDICATOR_REFINEMENT_REQUIRED,CLAIM_PARSE,INDICATOR_REFINEMENT_REQUIRED,,,[],[],,,,,N,,,,,,,D:\projects\services\archived\clafact-auto\.worktrees\three-type-release\artifacts\direct_value_release_20260826\single_133_live_final_v3\claim_verification_results.jsonl,A02416,INTERMEDIATE_VALIDATION,clafact-direct-value-generalization-v1,HUMAN_REVIEW,INDICATOR_REFINEMENT_REQUIRED,CLAIM_PARSE,N,HUMAN_REVIEW,INDICATOR_REFINEMENT_REQUIRED,CLAIM_PARSE,,,[],,,,N,,HUMAN_REVIEW,INDICATOR_REFINEMENT_REQUIRED,CLAIM_PARSE,,,[],,,,N,,Y,D:\projects\services\archived\clafact-auto\.worktrees\direct-value-general-rules\artifacts\direct_value_generalization_v1\runs\intermediate_validation_full\claim_verification_results.jsonl,동일,Y,KEEP_DIRECT_RECOVERED,KEEP_DIRECT_VALUE,8.직접값,SOURCE_GROUNDED_DIRECT_VALUE,0.2%포인트,INDICATOR_REFINEMENT_REQUIRED,SOURCE_GROUNDED_DIRECT_VALUE,INTERMEDIATE_VALIDATION,artifacts/direct_value_claim_reclassification_100_20260828/summary.json
부모겸단일결과,A02416_7,A02416_7,단일 수치,8번 직접값,8번 직접값 유지,경제 기초 체력을 보면 한국 경제는 2%는 성장해야 한다(잠재성장률 기준). 정상적인 성장 속도의 반 토막에도 못 미치는 저성장의 덫에 빠진 올해 한국 경제에서 추경은 불가피한 측면이 있다.,2025-07-05,2%,경제성장률,2.0,%,2025,Y,전국,,,DIRECT_VALUE,,AUTO_OK,KOSIS_PIPELINE_ELIGIBLE,HOLD,NO_EVIDENCE_COORDINATE_CANDIDATE,HARD_GUARD,공식표는 찾았지만 기사 조건에 맞는 항목·지역·기간 좌표를 확정하지 못함,UNDETERMINED,,[],[],,,,,N,,,,,,,D:\projects\services\archived\clafact-auto\.worktrees\three-type-release\artifacts\direct_value_release_20260826\single_133_live_final_v3\claim_verification_results.jsonl,A02416,INTERMEDIATE_VALIDATION,clafact-direct-value-generalization-v1,HOLD,NO_EVIDENCE_COORDINATE_CANDIDATE,HARD_GUARD,N,HOLD,NO_EVIDENCE_COORDINATE_CANDIDATE,HARD_GUARD,UNDETERMINED,,[],,,,N,,HUMAN_REVIEW,NON_STATISTICAL_POLICY_THRESHOLD,CLAIM_PARSE,,,[],,,,N,,Y,D:\projects\services\archived\clafact-auto\.worktrees\direct-value-coordinate-publication\artifacts\direct_value_coordinate_publication_v2\runs\intermediate_v2\claim_verification_results.jsonl,변경,Y,EXCLUDE_POLICY_THRESHOLD,EXCLUDE_FROM_KOSIS,검증 제외,NON_STATISTICAL_POLICY_THRESHOLD,,NON_STATISTICAL_POLICY_THRESHOLD,NON_STATISTICAL_POLICY_THRESHOLD,INTERMEDIATE_VALIDATION,artifacts/direct_value_claim_reclassification_100_20260828/summary.json
부모겸단일결과,A02492_14,A02492_14,단일 수치,8번 직접값,8번 직접값 유지,재정 적자를 GDP의 3% 이내로 관리해야 한다는 정부의 재정 준칙을 2020년부터 6년 연속 위반하게 된다.,2025-07-11,3%,GDP,3.0,%,2020,Y,,,,DIRECT_VALUE,,HUMAN_REVIEW,CONTEXT_REQUIRED,HUMAN_REVIEW,INDICATOR_MEASURE_FAMILY_AMBIGUOUS,CLAIM_PARSE,INDICATOR_MEASURE_FAMILY_AMBIGUOUS,,,[],[],,,,,N,,,,,,,D:\projects\services\archived\clafact-auto\.worktrees\three-type-release\artifacts\direct_value_release_20260826\single_133_live_final_v3\claim_verification_results.jsonl,A02492,RULE_DISCOVERY,clafact-direct-value-generalization-v1,HUMAN_REVIEW,INDICATOR_MEASURE_FAMILY_AMBIGUOUS,CLAIM_PARSE,N,HUMAN_REVIEW,INDICATOR_MEASURE_FAMILY_AMBIGUOUS,CLAIM_PARSE,,,[],,,,N,,HUMAN_REVIEW,INDICATOR_MEASURE_FAMILY_AMBIGUOUS,CLAIM_PARSE,,,[],,,,N,,,,,Y,EXCLUDE_POLICY_THRESHOLD,EXCLUDE_FROM_KOSIS,검증 제외,NON_STATISTICAL_POLICY_THRESHOLD,,INDICATOR_MEASURE_FAMILY_AMBIGUOUS,NON_STATISTICAL_POLICY_THRESHOLD,RULE_DISCOVERY,artifacts/direct_value_claim_reclassification_100_20260828/summary.json
부모겸단일결과,A02494_17,A02494_17,단일 수치,8번 직접값,8번 직접값 유지,지난 4월부터 25% 관세가 붙고 있는 자동차 부문은 지난해 같은 기간 GM한국의 파업으로 자동차 대미 수출이 급감했던 데 따른 ‘착시 효과’가 더해졌다는 분석이 나온다.,2025-07-11,25%,수출액,25.0,%,2025-04,M,전국,,"{""raw"": ""{\""품목\"": [\""자동차\""], \""교역상대국\"": [\""미국\""]}""}",DIRECT_VALUE,,HUMAN_REVIEW,CONTEXT_REQUIRED,HUMAN_REVIEW,INDICATOR_REFINEMENT_REQUIRED,CLAIM_PARSE,INDICATOR_REFINEMENT_REQUIRED,,,[],[],,,,,N,,,,,,,D:\projects\services\archived\clafact-auto\.worktrees\three-type-release\artifacts\direct_value_release_20260826\single_133_live_final_v3\claim_verification_results.jsonl,A02494,FINAL_BLIND,clafact-direct-value-generalization-v1,HUMAN_REVIEW,INDICATOR_REFINEMENT_REQUIRED,CLAIM_PARSE,N,HUMAN_REVIEW,INDICATOR_REFINEMENT_REQUIRED,CLAIM_PARSE,,,[],,,,N,,HUMAN_REVIEW,INDICATOR_REFINEMENT_REQUIRED,CLAIM_PARSE,,,[],,,,N,,Y,D:\projects\services\archived\clafact-auto\.worktrees\direct-value-general-rules\artifacts\direct_value_generalization_v1\runs\final_blind_full\claim_verification_results.jsonl,동일,Y,KEEP_DIRECT_RECOVERED,KEEP_DIRECT_VALUE,8.직접값,SOURCE_GROUNDED_DIRECT_VALUE,25%,INDICATOR_REFINEMENT_REQUIRED,SOURCE_GROUNDED_DIRECT_VALUE,FINAL_BLIND,artifacts/direct_value_claim_reclassification_100_20260828/summary.json
부모겸단일결과,A02631_3,A02631_3,단일 수치,8번 직접값,8번 직접값 유지,"보고서는 2019∼2024년 국가데이터처 소비자물가지수 분류 항목 중 의식주와 관련 있고 상승률이 높은 15개 항목(식료품, 수도 및 주거 관련 서비스, 음식 서비스 등)을 중점적으로 분석했다.",2025-10-16,15개,소비자물가지수,15.0,개,2024,Y,,,,DIRECT_VALUE,"{""direction"": ""INCREASE""}",HUMAN_REVIEW,CONTEXT_REQUIRED,HUMAN_REVIEW,INDICATOR_UNIT_MEASURE_MISMATCH,CLAIM_PARSE,INDICATOR_UNIT_MEASURE_MISMATCH,,,[],[],,,,,N,,,,,,,D:\projects\services\archived\clafact-auto\.worktrees\three-type-release\artifacts\direct_value_release_20260826\single_133_live_final_v3\claim_verification_results.jsonl,A02631,INTERMEDIATE_VALIDATION,clafact-direct-value-generalization-v1,HUMAN_REVIEW,INDICATOR_UNIT_MEASURE_MISMATCH,CLAIM_PARSE,N,HUMAN_REVIEW,INDICATOR_UNIT_MEASURE_MISMATCH,CLAIM_PARSE,,,[],,,,N,,HUMAN_REVIEW,INDICATOR_UNIT_MEASURE_MISMATCH,CLAIM_PARSE,,,[],,,,N,,Y,D:\projects\services\archived\clafact-auto\.worktrees\direct-value-general-rules\artifacts\direct_value_generalization_v1\runs\intermediate_validation_full\claim_verification_results.jsonl,동일,Y,KEEP_DIRECT_RECOVERED,KEEP_DIRECT_VALUE,8.직접값,SOURCE_GROUNDED_DIRECT_VALUE,15개,INDICATOR_UNIT_MEASURE_MISMATCH,SOURCE_GROUNDED_DIRECT_VALUE,INTERMEDIATE_VALIDATION,artifacts/direct_value_claim_reclassification_100_20260828/summary.json
부모겸단일결과,A02656_28,A02656_28,단일 수치,8번 직접값,8번 직접값 유지,이는 지난해 1인 가구 최저생계비(133만원)에 못 미치는 수준이다.,2025-10-27,1.33e+06원,1인 가구 수,1330000.0,원,2024,Y,,1인 가구,,THRESHOLD,"{""operator"": ""LTE"", ""threshold_unit"": ""원"", ""threshold_value"": ""1330000.0""}",HUMAN_REVIEW,CONTEXT_REQUIRED,HUMAN_REVIEW,INDICATOR_UNIT_MEASURE_MISMATCH,CLAIM_PARSE,INDICATOR_UNIT_MEASURE_MISMATCH,,,[],[],,,,,N,,,,,,,D:\projects\services\archived\clafact-auto\.worktrees\three-type-release\artifacts\direct_value_release_20260826\single_133_live_final_v3\claim_verification_results.jsonl,A02656,RULE_DISCOVERY,clafact-direct-value-generalization-v1,HUMAN_REVIEW,INDICATOR_UNIT_MEASURE_MISMATCH,CLAIM_PARSE,N,HUMAN_REVIEW,INDICATOR_UNIT_MEASURE_MISMATCH,CLAIM_PARSE,,,[],,,,N,,HUMAN_REVIEW,INDICATOR_UNIT_MEASURE_MISMATCH,CLAIM_PARSE,,,[],,,,N,,,,,Y,KEEP_DIRECT_RECOVERED,KEEP_DIRECT_VALUE,8.직접값,SOURCE_GROUNDED_DIRECT_VALUE,133만원,INDICATOR_UNIT_MEASURE_MISMATCH,SOURCE_GROUNDED_DIRECT_VALUE,RULE_DISCOVERY,artifacts/direct_value_claim_reclassification_100_20260828/summary.json
부모겸단일결과,A02700_19,A02700_19,단일 수치,8번 직접값,8번 직접값 유지,코로나 시기였던 2020년 인구주택총조사의 최종 응답률은 96.3%였다.,2025-11-08,96.3%,총인구,96.3,%,2020,Y,,,,DIRECT_VALUE,,HUMAN_REVIEW,CONTEXT_REQUIRED,HUMAN_REVIEW,INDICATOR_REFINEMENT_REQUIRED,CLAIM_PARSE,INDICATOR_REFINEMENT_REQUIRED,,,[],[],,,,,N,,,,,,,D:\projects\services\archived\clafact-auto\.worktrees\three-type-release\artifacts\direct_value_release_20260826\single_133_live_final_v3\claim_verification_results.jsonl,A02700,RULE_DISCOVERY,clafact-direct-value-generalization-v1,HUMAN_REVIEW,INDICATOR_REFINEMENT_REQUIRED,CLAIM_PARSE,N,HUMAN_REVIEW,INDICATOR_REFINEMENT_REQUIRED,CLAIM_PARSE,,,[],,,,N,,HUMAN_REVIEW,INDICATOR_REFINEMENT_REQUIRED,CLAIM_PARSE,,,[],,,,N,,,,,Y,KEEP_DIRECT_RECOVERED,KEEP_DIRECT_VALUE,8.직접값,SOURCE_GROUNDED_DIRECT_VALUE,96.3%,INDICATOR_REFINEMENT_REQUIRED,SOURCE_GROUNDED_DIRECT_VALUE,RULE_DISCOVERY,artifacts/direct_value_claim_reclassification_100_20260828/summary.json
복수문장직접값자식결과,A01737_8,claim_00c144bd33e7cd64,복수 수치에서 분리,8번 직접값,8번 직접값 유지,지난달 65세 이상 고용률은 40.4%로 전년 동월 대비 1.2%포인트 올랐다.,2025-05-14,40.4%,고용률,40.4,%,2025년 4월,월,,,"{""age"": ""65세 이상""}",DIRECT_VALUE,"{""direction"": ""INCREASE""}",AUTO_OK,KOSIS_PIPELINE_ELIGIBLE,AUTO,WITHIN_TOLERANCE,VERDICT,기사값과 공식값이 허용오차 안에서 일치,MATCH,40.4,"[{""canonical_key"": ""ORG=101|TBL=DT_1DA7002S|ITM=T90|OBJ=G|MEMBER=65세 이상|PRD_SE=월|PRD_DE=2025-04"", ""dimension_codes"": {""G"": ""602""}, ""dimension_members"": {""G"": ""65세 이상""}, ""itm_id"": ""T90"", ""member_code"": ""65세 이상"", ""obj_id"": ""G"", ""org_id"": ""101"", ""prd_de"": ""2025-04"", ""prd_se"": ""월"", ""status"": ""CONFIRMED"", ""tbl_id"": ""DT_1DA7002S"", ""unit"": ""%""}]","[{""content_hash"": ""7674a08e668520766eeccb06be945f828a49fd6f69780b21b7c14f6d1650dca2"", ""evidence_key"": ""ORG=101|TBL=DT_1DA7002S|ITM=T90|OBJ=G|MEMBER=65세 이상|PRD_SE=월|PRD_DE=2025-04"", ""publication"": {""content_hash"": ""7a620dc9df578e17c8222b364321224472a35731f9a4e66bec6bfee0296c3f72"", ""coverage_end_period"": null, ""coverage_start_period"": null, ""evidence_scope"": ""PERIOD"", ""pub_date_text"": ""조사기준 월 익월"", ""pub_period"": ""월"", ""publication_method_url"": ""https://www.kostat.go.kr/board.es?act=list&mid=a10301010000&keyField=T&bid=210&keyWord=2025%EB%85%84+4%EC%9B%94+%EA%B3%A0%EC%9A%A9%EB%8F%99%ED%96%A5"", ""published_at"": ""2025-05-14"", ""reference_period"": ""2025-04"", ""retrieved_at"": ""2026-08-26T09:24:48.910506Z"", ""source_url"": ""https://www.kostat.go.kr/board.es?mid=a10301010000&bid=210&act=view&list_no=436594&tag=&nPage=1&ref_bid="", ""status"": ""VERIFIED""}, ""retrieved_at"": ""2026-08-26T09:24:55.104337Z"", ""source"": ""API"", ""source_url"": ""https://kosis.kr/openapi/Param/statisticsParameterData.do?method=getList&orgId=101&tblId=DT_1DA7002S&itmId=T90&prdSe=M&startPrdDe=202504&endPrdDe=202504&objL1=602"", ""value_last_changed_at"": ""2025-04-30""}]",https://kosis.kr/openapi/Param/statisticsParameterData.do?method=getList&orgId=101&tblId=DT_1DA7002S&itmId=T90&prdSe=M&startPrdDe=202504&endPrdDe=202504&objL1=602,7674a08e668520766eeccb06be945f828a49fd6f69780b21b7c14f6d1650dca2,VERIFIED,KOSIS_API,Y,,,,,,,D:\projects\services\archived\clafact-auto\.worktrees\three-type-release\artifacts\direct_value_release_20260826\multi_type8_197_live_final\claim_verification_results.jsonl,A01737,RULE_DISCOVERY,clafact-direct-value-generalization-v1,AUTO,WITHIN_TOLERANCE,VERDICT,Y,AUTO,WITHIN_TOLERANCE,VERDICT,MATCH,40.4,"[{""canonical_key"": ""ORG=101|TBL=DT_1DA7002S|ITM=T90|OBJ=G|MEMBER=65세 이상|PRD_SE=월|PRD_DE=2025-04"", ""dimension_codes"": {""G"": ""602""}, ""dimension_members"": {""G"": ""65세 이상""}, ""itm_id"": ""T90"", ""member_code"": ""65세 이상"", ""obj_id"": ""G"", ""org_id"": ""101"", ""prd_de"": ""2025-04"", ""prd_se"": ""월"", ""status"": ""CONFIRMED"", ""tbl_id"": ""DT_1DA7002S"", ""unit"": ""%""}]",https://kosis.kr/openapi/Param/statisticsParameterData.do?method=getList&orgId=101&tblId=DT_1DA7002S&itmId=T90&prdSe=M&startPrdDe=202504&endPrdDe=202504&objL1=602,7674a08e668520766eeccb06be945f828a49fd6f69780b21b7c14f6d1650dca2,VERIFIED,Y,,AUTO,WITHIN_TOLERANCE,VERDICT,MATCH,40.4,"[{""canonical_key"": ""ORG=101|TBL=DT_1DA7002S|ITM=T90|OBJ=G|MEMBER=65세 이상|PRD_SE=월|PRD_DE=2025-04"", ""dimension_codes"": {""G"": ""602""}, ""dimension_members"": {""G"": ""65세 이상""}, ""itm_id"": ""T90"", ""member_code"": ""65세 이상"", ""obj_id"": ""G"", ""org_id"": ""101"", ""prd_de"": ""2025-04"", ""prd_se"": ""월"", ""status"": ""CONFIRMED"", ""tbl_id"": ""DT_1DA7002S"", ""unit"": ""%""}]",https://kosis.kr/openapi/Param/statisticsParameterData.do?method=getList&orgId=101&tblId=DT_1DA7002S&itmId=T90&prdSe=M&startPrdDe=202504&endPrdDe=202504&objL1=602,7674a08e668520766eeccb06be945f828a49fd6f69780b21b7c14f6d1650dca2,VERIFIED,Y,,,,,,,,,,,,,,
복수문장직접값자식결과,A00922_27,claim_0182f2a8521e4a75,복수 수치에서 분리,8번 직접값,8번 직접값 유지,"다만, 지난달 15세 이상 전체 취업자는 2817만9000명으로 전년 같은 달보다 13만6000명 늘었다.",2025-03-12,2.8179e+07명,취업자,28179000.0,명,2025년 2월,월,,15세 이상 전체,,DIRECT_VALUE,"{""direction"": ""INCREASE""}",AUTO_OK,KOSIS_PIPELINE_ELIGIBLE,HOLD,NO_EVIDENCE_COORDINATE_CANDIDATE,HARD_GUARD,공식표는 찾았지만 기사 조건에 맞는 항목·지역·기간 좌표를 확정하지 못함,UNDETERMINED,,[],[],,,,,N,,,,,,,D:\projects\services\archived\clafact-auto\.worktrees\three-type-release\artifacts\direct_value_release_20260826\multi_type8_197_live_final\claim_verification_results.jsonl,A00922,RULE_DISCOVERY,clafact-direct-value-generalization-v1,HOLD,NO_EVIDENCE_COORDINATE_CANDIDATE,HARD_GUARD,N,AUTO,WITHIN_TOLERANCE,VERDICT,MATCH,28178900.0,"[{""canonical_key"": ""ORG=101|TBL=DT_1DA7001S|ITM=T30|OBJ=B|MEMBER=계|PRD_SE=월|PRD_DE=2025-02"", ""dimension_codes"": {""B"": ""0""}, ""dimension_members"": {""B"": ""계""}, ""itm_id"": ""T30"", ""member_code"": ""계"", ""obj_id"": ""B"", ""org_id"": ""101"", ""prd_de"": ""2025-02"", ""prd_se"": ""월"", ""status"": ""CONFIRMED"", ""tbl_id"": ""DT_1DA7001S"", ""unit"": ""천명""}]",https://kosis.kr/openapi/Param/statisticsParameterData.do?method=getList&orgId=101&tblId=DT_1DA7001S&itmId=T30&prdSe=M&startPrdDe=202502&endPrdDe=202502&objL1=0,bc77fbb8858ea3a188bca7f89add192247d3969f63fceedfb11c8000dd206090,VERIFIED,Y,월간 전국 전체 취업자,AUTO,WITHIN_TOLERANCE,VERDICT,MATCH,28178900.0,"[{""canonical_key"": ""ORG=101|TBL=DT_1DA7001S|ITM=T30|OBJ=B|MEMBER=계|PRD_SE=월|PRD_DE=2025-02"", ""dimension_codes"": {""B"": ""0""}, ""dimension_members"": {""B"": ""계""}, ""itm_id"": ""T30"", ""member_code"": ""계"", ""obj_id"": ""B"", ""org_id"": ""101"", ""prd_de"": ""2025-02"", ""prd_se"": ""월"", ""status"": ""CONFIRMED"", ""tbl_id"": ""DT_1DA7001S"", ""unit"": ""천명""}]",https://kosis.kr/openapi/Param/statisticsParameterData.do?method=getList&orgId=101&tblId=DT_1DA7001S&itmId=T30&prdSe=M&startPrdDe=202502&endPrdDe=202502&objL1=0,bc77fbb8858ea3a188bca7f89add192247d3969f63fceedfb11c8000dd206090,VERIFIED,Y,월간 전국 전체 취업자,,,,,,,,,,,,,
복수문장직접값자식결과,A00006_11,claim_0236b22fed29bb35,복수 수치에서 분리,8번 직접값,8번 직접값 유지,"자동차 수출은 하반기 주요 완성차·부품업계 파업 등에 따른 일부 생산 차질 영향으로 전년도와 보합세인 708억 달러(-0.1%)를 기록하였으며, 2년 연속 700억 달러 이상의 호실적을 이어갔다.",2025-01-01,708억 달러,수출액,708.0,억 달러,2024년,연간,,자동차 수출,"{""item"": ""자동차""}",DIRECT_VALUE,"{""direction"": ""DECREASE""}",HUMAN_REVIEW,CONTEXT_REQUIRED,HUMAN_REVIEW,TARGET_NOT_FOUND_IN_SOURCE,CLAIM_PARSE,구조화된 대상 수치가 뉴스 원문에서 확인되지 않음,,,[],[],,,,,N,,,,,,,D:\projects\services\archived\clafact-auto\.worktrees\three-type-release\artifacts\direct_value_release_20260826\multi_type8_197_live_final\claim_verification_results.jsonl,A00006,RULE_DISCOVERY,clafact-direct-value-generalization-v1,HUMAN_REVIEW,TARGET_NOT_FOUND_IN_SOURCE,CLAIM_PARSE,N,HUMAN_REVIEW,TARGET_NOT_FOUND_IN_SOURCE,CLAIM_PARSE,,,[],,,,N,,HUMAN_REVIEW,TARGET_NOT_FOUND_IN_SOURCE,CLAIM_PARSE,,,[],,,,N,,,,,Y,KEEP_DIRECT_RECOVERED,KEEP_DIRECT_VALUE,8.직접값,SOURCE_GROUNDED_DIRECT_VALUE,708억 달러,TARGET_NOT_FOUND_IN_SOURCE,SOURCE_GROUNDED_DIRECT_VALUE,RULE_DISCOVERY,artifacts/direct_value_claim_reclassification_100_20260828/summary.json
복수문장직접값자식결과,A02421_4,claim_052eec638c4dabea,복수 수치에서 분리,8번 직접값,8번 직접값 유지,작년 연간 아이스크림 수출액은 9150만달러로 1억달러에 근접했다.,2025-07-06,9.15e+07USD,아이스크림 수출액,91500000.0,USD,2024년,년,,,"{""product"": ""아이스크림""}",DIRECT_VALUE,,AUTO_OK,KOSIS_PIPELINE_ELIGIBLE,HOLD,NO_EVIDENCE_COORDINATE_CANDIDATE,HARD_GUARD,공식표는 찾았지만 기사 조건에 맞는 항목·지역·기간 좌표를 확정하지 못함,UNDETERMINED,,[],[],,,,,N,,,,,,,D:\projects\services\archived\clafact-auto\.worktrees\three-type-release\artifacts\direct_value_release_20260826\multi_type8_197_live_final\claim_verification_results.jsonl,A02421,RULE_DISCOVERY,clafact-direct-value-generalization-v1,HOLD,NO_EVIDENCE_COORDINATE_CANDIDATE,HARD_GUARD,N,HOLD,NO_EVIDENCE_COORDINATE_CANDIDATE,HARD_GUARD,UNDETERMINED,,[],,,,N,,HOLD,KOSIS_CATALOG_UNAVAILABLE,CLAIM_PARSE,,,[],,,,N,,Y,D:\projects\services\archived\clafact-auto\.worktrees\direct-value-coordinate-publication\artifacts\direct_value_coordinate_62_v1\runs\discovery_v2\claim_verification_results.jsonl,변경,,,,,,,,,,
복수문장직접값자식결과,A01578_9,claim_08456a7c943ec326,복수 수치에서 분리,8번 직접값,8번 직접값 유지,"이는 자산 총액이 최근 명목 GDP 확정치의 0.5%(올해는 11조6000억원) 이상인 경우 지정되는데, 올해 두나무와 한국앤컴퍼니가 새로 들어오면서 46곳이 됐다.",2025-05-02,0.5%,GDP,0.5,%,2025,Y,전국,,,THRESHOLD,"{""operator"": ""GTE""}",HUMAN_REVIEW,CONTEXT_REQUIRED,HUMAN_REVIEW,TARGET_NOT_FOUND_IN_SOURCE,CLAIM_PARSE,구조화된 대상 수치가 뉴스 원문에서 확인되지 않음,,,[],[],,,,,N,,,,,,,D:\projects\services\archived\clafact-auto\.worktrees\three-type-release\artifacts\direct_value_release_20260826\multi_type8_197_live_final\claim_verification_results.jsonl,A01578,RULE_DISCOVERY,clafact-direct-value-generalization-v1,HUMAN_REVIEW,TARGET_NOT_FOUND_IN_SOURCE,CLAIM_PARSE,N,HUMAN_REVIEW,TARGET_NOT_FOUND_IN_SOURCE,CLAIM_PARSE,,,[],,,,N,,HUMAN_REVIEW,TARGET_NOT_FOUND_IN_SOURCE,CLAIM_PARSE,,,[],,,,N,,,,,Y,KEEP_DIRECT_RECOVERED,KEEP_DIRECT_VALUE,8.직접값,SOURCE_GROUNDED_DIRECT_VALUE,0.5%,TARGET_NOT_FOUND_IN_SOURCE,SOURCE_GROUNDED_DIRECT_VALUE,RULE_DISCOVERY,artifacts/direct_value_claim_reclassification_100_20260828/summary.json
복수문장직접값자식결과,A00202_26,claim_0a51bae8271add36,복수 수치에서 분리,8번 직접값,8번 직접값 유지,"증가폭이 2023년(32만7000명)의 절반 아래로 줄어, 코로나 거리 두기 여파로 취업자 수가 22만명 가까이 감소했던 2020년 이후 최악의 고용 성적표를 기록했다.",2025-01-16,327000명,취업자 수,327000.0,명,2023,Y,,,,DIRECT_VALUE,"{""direction"": ""INCREASE""}",HUMAN_REVIEW,CONTEXT_REQUIRED,HUMAN_REVIEW,TARGET_NOT_FOUND_IN_SOURCE,CLAIM_PARSE,구조화된 대상 수치가 뉴스 원문에서 확인되지 않음,,,[],[],,,,,N,,,,,,,D:\projects\services\archived\clafact-auto\.worktrees\three-type-release\artifacts\direct_value_release_20260826\multi_type8_197_live_final\claim_verification_results.jsonl,A00202,RULE_DISCOVERY,clafact-direct-value-generalization-v1,HUMAN_REVIEW,TARGET_NOT_FOUND_IN_SOURCE,CLAIM_PARSE,N,HUMAN_REVIEW,TARGET_NOT_FOUND_IN_SOURCE,CLAIM_PARSE,,,[],,,,N,,HUMAN_REVIEW,TARGET_NOT_FOUND_IN_SOURCE,CLAIM_PARSE,,,[],,,,N,,,,,Y,KEEP_DIRECT_REQUIRES_RECOVERY,KEEP_DIRECT_VALUE,8.직접값,FAIL_CLOSED_SLOT_RECOVERY,,TARGET_NOT_FOUND_IN_SOURCE,TARGET_NOT_FOUND_IN_SOURCE,RULE_DISCOVERY,artifacts/direct_value_claim_reclassification_100_20260828/summary.json
복수문장직접값자식결과,A01385_7,claim_0b82eca204ef02a6,복수 수치에서 분리,8번 직접값,8번 직접값 유지,"농가 인구는 2003년 약 353만명에서 2013년 284만7000명으로 크게 감소했고, 지난해에는 간신히 200만명에 턱걸이할 정도로 가파르게 줄고 있다.",2025-04-17,2e+06명,농가 인구,2000000.0,명,2024년,년,,농가 인구,,DIRECT_VALUE,"{""direction"": ""DECREASE""}",AUTO_OK,KOSIS_PIPELINE_ELIGIBLE,HOLD,NO_EVIDENCE_COORDINATE_CANDIDATE,HARD_GUARD,공식표는 찾았지만 기사 조건에 맞는 항목·지역·기간 좌표를 확정하지 못함,UNDETERMINED,,[],[],,,,,N,,,,,,,D:\projects\services\archived\clafact-auto\.worktrees\three-type-release\artifacts\direct_value_release_20260826\multi_type8_197_live_final\claim_verification_results.jsonl,A01385,RULE_DISCOVERY,clafact-direct-value-generalization-v1,HOLD,NO_EVIDENCE_COORDINATE_CANDIDATE,HARD_GUARD,N,HOLD,NO_EVIDENCE_COORDINATE_CANDIDATE,HARD_GUARD,UNDETERMINED,,[],,,,N,,HOLD,KOSIS_CATALOG_UNAVAILABLE,CLAIM_PARSE,,,[],,,,N,,Y,D:\projects\services\archived\clafact-auto\.worktrees\direct-value-coordinate-publication\artifacts\direct_value_coordinate_publication_v2\runs\discovery_v1\claim_verification_results.jsonl,변경,,,,,,,,,,
복수문장직접값자식결과,A00749_14,claim_0d6482ba1fa9a6ab,복수 수치에서 분리,8번 직접값,8번 직접값 유지,"1990년 64만9000명대였던 출생아 수가 1991년 70만9000명대로 뛰어오른 데 이어, 올해 33세인 1992년생은 출생아 수가 73만명대로 2차 에코 붐 세대 중에서도 가장 많았기 때문이다.",2025-02-27,730000명,출생아 수,730000.0,명,1992년,연간,,1992년생,"{""세대"": ""2차 에코 붐 세대""}",DIRECT_VALUE,,AUTO_OK,KOSIS_PIPELINE_ELIGIBLE,HOLD,NO_HARD_GUARD_CANDIDATE,HARD_GUARD,기간·단위·지역 등 필수 조건을 모두 만족하는 공식표 후보가 없음,UNDETERMINED,,[],[],,,,,N,,,,,,,D:\projects\services\archived\clafact-auto\.worktrees\three-type-release\artifacts\direct_value_release_20260826\multi_type8_197_live_final\claim_verification_results.jsonl,A00749,RULE_DISCOVERY,clafact-direct-value-generalization-v1,HOLD,NO_HARD_GUARD_CANDIDATE,HARD_GUARD,N,HOLD,NO_HARD_GUARD_CANDIDATE,HARD_GUARD,UNDETERMINED,,[],,,,N,,HOLD,NO_HARD_GUARD_CANDIDATE,HARD_GUARD,UNDETERMINED,,[],,,,N,OFFICIAL_RECURRING_BINDING_V1,Y,D:\projects\services\archived\clafact-auto\.worktrees\direct-value-coordinate-publication\artifacts\direct_value_coordinate_62_v1\runs\discovery_v2\claim_verification_results.jsonl,동일,,,,,,,,,,
복수문장직접값자식결과,A01927_23,claim_1014ae0c2e198bd3,복수 수치에서 분리,8번 직접값,8번 직접값 유지,2000년에 64만명이던 출생아 수는 2001년 56만명으로 줄더니 2002년부터 40만명대로 떨어졌다.,2025-05-29,400000명,출생아 수,400000.0,명,2002년부터,연간,,,,DIRECT_VALUE,,AUTO_OK,KOSIS_PIPELINE_ELIGIBLE,HOLD,FETCH_FAILED,OFFICIAL_VALUE_FETCH,확정한 좌표의 공식값 조회가 실패함,UNDETERMINED,,"[{""canonical_key"": ""ORG=101|TBL=DT_1B8000G|ITM=T1|OBJ=B|MEMBER=전국|PRD_SE=년|PRD_DE=2002부터|DIMS=B:전국,A:출생아수(명)"", ""dimension_codes"": {""A"": ""10"", ""B"": ""00""}, ""dimension_members"": {""A"": ""출생아수(명)"", ""B"": ""전국""}, ""itm_id"": ""T1"", ""member_code"": ""전국"", ""obj_id"": ""B"", ""org_id"": ""101"", ""prd_de"": ""2002부터"", ""prd_se"": ""년"", ""status"": ""CONFIRMED"", ""tbl_id"": ""DT_1B8000G"", ""unit"": ""명""}]","[{""content_hash"": """", ""evidence_key"": ""ORG=101|TBL=DT_1B8000G|ITM=T1|OBJ=B|MEMBER=전국|PRD_SE=년|PRD_DE=2002부터|DIMS=B:전국,A:출생아수(명)"", ""publication"": null, ""retrieved_at"": ""2026-08-26T09:04:32.767744Z"", ""source"": ""NONE"", ""source_url"": ""https://kosis.kr/openapi/Param/statisticsParameterData.do?method=getList&orgId=101&tblId=DT_1B8000G&itmId=T1&prdSe=Y&startPrdDe=2002%EB%B6%80%ED%84%B0&endPrdDe=2002%EB%B6%80%ED%84%B0&objL1=00&objL2=10"", ""value_last_changed_at"": null}]",https://kosis.kr/openapi/Param/statisticsParameterData.do?method=getList&orgId=101&tblId=DT_1B8000G&itmId=T1&prdSe=Y&startPrdDe=2002%EB%B6%80%ED%84%B0&endPrdDe=2002%EB%B6%80%ED%84%B0&objL1=00&objL2=10,,,,N,,,,,,,D:\projects\services\archived\clafact-auto\.worktrees\three-type-release\artifacts\direct_value_release_20260826\multi_type8_197_live_final\claim_verification_results.jsonl,A01927,INTERMEDIATE_VALIDATION,clafact-direct-value-generalization-v1,HOLD,FETCH_FAILED,OFFICIAL_VALUE_FETCH,N,HOLD,FETCH_FAILED,OFFICIAL_VALUE_FETCH,UNDETERMINED,,"[{""canonical_key"": ""ORG=101|TBL=DT_1B8000G|ITM=T1|OBJ=B|MEMBER=전국|PRD_SE=년|PRD_DE=2002부터|DIMS=B:전국,A:출생아수(명)"", ""dimension_codes"": {""A"": ""10"", ""B"": ""00""}, ""dimension_members"": {""A"": ""출생아수(명)"", ""B"": ""전국""}, ""itm_id"": ""T1"", ""member_code"": ""전국"", ""obj_id"": ""B"", ""org_id"": ""101"", ""prd_de"": ""2002부터"", ""prd_se"": ""년"", ""status"": ""CONFIRMED"", ""tbl_id"": ""DT_1B8000G"", ""unit"": ""명""}]",https://kosis.kr/openapi/Param/statisticsParameterData.do?method=getList&orgId=101&tblId=DT_1B8000G&itmId=T1&prdSe=Y&startPrdDe=2002%EB%B6%80%ED%84%B0&endPrdDe=2002%EB%B6%80%ED%84%B0&objL1=00&objL2=10,,,N,,HOLD,FETCH_FAILED,OFFICIAL_VALUE_FETCH,UNDETERMINED,,"[{""canonical_key"": ""ORG=101|TBL=DT_1B8000G|ITM=T1|OBJ=B|MEMBER=전국|PRD_SE=년|PRD_DE=2002부터|DIMS=B:전국,A:출생아수(명)"", ""dimension_codes"": {""A"": ""10"", ""B"": ""00""}, ""dimension_members"": {""A"": ""출생아수(명)"", ""B"": ""전국""}, ""itm_id"": ""T1"", ""member_code"": ""전국"", ""obj_id"": ""B"", ""org_id"": ""101"", ""prd_de"": ""2002부터"", ""prd_se"": ""년"", ""status"": ""CONFIRMED"", ""tbl_id"": ""DT_1B8000G"", ""unit"": ""명""}]",https://kosis.kr/openapi/Param/statisticsParameterData.do?method=getList&orgId=101&tblId=DT_1B8000G&itmId=T1&prdSe=Y&startPrdDe=2002%EB%B6%80%ED%84%B0&endPrdDe=2002%EB%B6%80%ED%84%B0&objL1=00&objL2=10,,,N,OFFICIAL_RECURRING_BINDING_V1,Y,D:\projects\services\archived\clafact-auto\.worktrees\direct-value-general-rules\artifacts\direct_value_generalization_v1\runs\intermediate_validation_full\claim_verification_results.jsonl,동일,,,,,,,,,,
복수문장직접값자식결과,A02184_15,claim_10ced07077608569,복수 수치에서 분리,8번 직접값,8번 직접값 유지,"지난 1분기 기준 30대 고졸 실업률은 4.2%인 반면, 대졸 이상은 2.4%에 그쳤다.",2025-06-17,2.4%,실업률,2.4,%,2025년 1분기,분기,,30대,"{""학력"": ""대졸 이상""}",DIRECT_VALUE,,AUTO_OK,KOSIS_PIPELINE_ELIGIBLE,AUTO,WITHIN_TOLERANCE,VERDICT,기사값과 공식값이 허용오차 안에서 일치,MATCH,2.4,"[{""canonical_key"": ""ORG=101|TBL=DT_1DA7105S|ITM=T80|OBJ=G|MEMBER=30 - 39세|PRD_SE=분기|PRD_DE=2025-Q1|DIMS=G:30 - 39세,H:대졸이상"", ""dimension_codes"": {""G"": ""30"", ""H"": ""40""}, ""dimension_members"": {""G"": ""30 - 39세"", ""H"": ""대졸이상""}, ""itm_id"": ""T80"", ""member_code"": ""30 - 39세"", ""obj_id"": ""G"", ""org_id"": ""101"", ""prd_de"": ""2025-Q1"", ""prd_se"": ""분기"", ""status"": ""CONFIRMED"", ""tbl_id"": ""DT_1DA7105S"", ""unit"": ""%""}]","[{""content_hash"": ""4d76abf830ac7c2a46bf8cb4fa5848abedccd2bca9e0ed8113943fd9f1b2f8b8"", ""evidence_key"": ""ORG=101|TBL=DT_1DA7105S|ITM=T80|OBJ=G|MEMBER=30 - 39세|PRD_SE=분기|PRD_DE=2025-Q1|DIMS=G:30 - 39세,H:대졸이상"", ""publication"": {""content_hash"": ""3eccfc6d2797226d7874e892de3fc736d78539471a852d286e2038201e39e399"", ""coverage_end_period"": null, ""coverage_start_period"": null, ""evidence_scope"": ""PERIOD"", ""pub_date_text"": ""조사기준 월 익월"", ""pub_period"": ""월"", ""publication_method_url"": ""https://www.kostat.go.kr/board.es?act=list&mid=a10301010000&keyField=T&bid=210&keyWord=2025%EB%85%84+3%EC%9B%94+%EA%B3%A0%EC%9A%A9%EB%8F%99%ED%96%A5"", ""published_at"": ""2025-04-09"", ""reference_period"": ""2025-Q1"", ""retrieved_at"": ""2026-08-26T09:13:49.418066Z"", ""source_url"": ""https://www.kostat.go.kr/board.es?mid=a10301010000&bid=210&act=view&list_no=435969&tag=&nPage=1&ref_bid="", ""status"": ""VERIFIED""}, ""retrieved_at"": ""2026-08-26T09:13:43.482516Z"", ""source"": ""API"", ""source_url"": ""https://kosis.kr/openapi/Param/statisticsParameterData.do?method=getList&orgId=101&tblId=DT_1DA7105S&itmId=T80&prdSe=Q&startPrdDe=202501&endPrdDe=202501&objL1=30&objL2=40"", ""value_last_changed_at"": ""2025-03-27""}]",https://kosis.kr/openapi/Param/statisticsParameterData.do?method=getList&orgId=101&tblId=DT_1DA7105S&itmId=T80&prdSe=Q&startPrdDe=202501&endPrdDe=202501&objL1=30&objL2=40,4d76abf830ac7c2a46bf8cb4fa5848abedccd2bca9e0ed8113943fd9f1b2f8b8,VERIFIED,KOSIS_API,Y,,,,,,,D:\projects\services\archived\clafact-auto\.worktrees\three-type-release\artifacts\direct_value_release_20260826\multi_type8_197_live_final\claim_verification_results.jsonl,A02184,RULE_DISCOVERY,clafact-direct-value-generalization-v1,AUTO,WITHIN_TOLERANCE,VERDICT,Y,AUTO,WITHIN_TOLERANCE,VERDICT,MATCH,2.4,"[{""canonical_key"": ""ORG=101|TBL=DT_1DA7105S|ITM=T80|OBJ=G|MEMBER=30 - 39세|PRD_SE=분기|PRD_DE=2025-Q1|DIMS=G:30 - 39세,H:대졸이상"", ""dimension_codes"": {""G"": ""30"", ""H"": ""40""}, ""dimension_members"": {""G"": ""30 - 39세"", ""H"": ""대졸이상""}, ""itm_id"": ""T80"", ""member_code"": ""30 - 39세"", ""obj_id"": ""G"", ""org_id"": ""101"", ""prd_de"": ""2025-Q1"", ""prd_se"": ""분기"", ""status"": ""CONFIRMED"", ""tbl_id"": ""DT_1DA7105S"", ""unit"": ""%""}]",https://kosis.kr/openapi/Param/statisticsParameterData.do?method=getList&orgId=101&tblId=DT_1DA7105S&itmId=T80&prdSe=Q&startPrdDe=202501&endPrdDe=202501&objL1=30&objL2=40,4d76abf830ac7c2a46bf8cb4fa5848abedccd2bca9e0ed8113943fd9f1b2f8b8,VERIFIED,Y,,AUTO,WITHIN_TOLERANCE,VERDICT,MATCH,2.4,"[{""canonical_key"": ""ORG=101|TBL=DT_1DA7105S|ITM=T80|OBJ=G|MEMBER=30 - 39세|PRD_SE=분기|PRD_DE=2025-Q1|DIMS=G:30 - 39세,H:대졸이상"", ""dimension_codes"": {""G"": ""30"", ""H"": ""40""}, ""dimension_members"": {""G"": ""30 - 39세"", ""H"": ""대졸이상""}, ""itm_id"": ""T80"", ""member_code"": ""30 - 39세"", ""obj_id"": ""G"", ""org_id"": ""101"", ""prd_de"": ""2025-Q1"", ""prd_se"": ""분기"", ""status"": ""CONFIRMED"", ""tbl_id"": ""DT_1DA7105S"", ""unit"": ""%""}]",https://kosis.kr/openapi/Param/statisticsParameterData.do?method=getList&orgId=101&tblId=DT_1DA7105S&itmId=T80&prdSe=Q&startPrdDe=202501&endPrdDe=202501&objL1=30&objL2=40,4d76abf830ac7c2a46bf8cb4fa5848abedccd2bca9e0ed8113943fd9f1b2f8b8,VERIFIED,Y,,,,,,,,,,,,,,
복수문장직접값자식결과,A01927_23,claim_12fae89412f5fe2b,복수 수치에서 분리,8번 직접값,8번 직접값 유지,2000년에 64만명이던 출생아 수는 2001년 56만명으로 줄더니 2002년부터 40만명대로 떨어졌다.,2025-05-29,560000명,출생아 수,560000.0,명,2001,ANNUAL,,,,DIRECT_VALUE,"{""direction"": ""DECREASE""}",HUMAN_REVIEW,CONTEXT_REQUIRED,HUMAN_REVIEW,DIRECT_VALUE_CHANGE_TARGET_MISCLASSIFIED,CLAIM_PARSE,DIRECT_VALUE_CHANGE_TARGET_MISCLASSIFIED,,,[],[],,,,,N,,,,,,,D:\projects\services\archived\clafact-auto\.worktrees\three-type-release\artifacts\direct_value_release_20260826\multi_type8_197_live_final\claim_verification_results.jsonl,A01927,INTERMEDIATE_VALIDATION,clafact-direct-value-generalization-v1,HUMAN_REVIEW,DIRECT_VALUE_CHANGE_TARGET_MISCLASSIFIED,CLAIM_PARSE,N,HUMAN_REVIEW,DIRECT_VALUE_CHANGE_TARGET_MISCLASSIFIED,CLAIM_PARSE,,,[],,,,N,,HUMAN_REVIEW,DIRECT_VALUE_CHANGE_TARGET_MISCLASSIFIED,CLAIM_PARSE,,,[],,,,N,,Y,D:\projects\services\archived\clafact-auto\.worktrees\direct-value-general-rules\artifacts\direct_value_generalization_v1\runs\intermediate_validation_full\claim_verification_results.jsonl,동일,Y,KEEP_DIRECT_RECOVERED,KEEP_DIRECT_VALUE,8.직접값,SOURCE_GROUNDED_DIRECT_VALUE,56만명,DIRECT_VALUE_CHANGE_TARGET_MISCLASSIFIED,SOURCE_GROUNDED_DIRECT_VALUE,INTERMEDIATE_VALIDATION,artifacts/direct_value_claim_reclassification_100_20260828/summary.json
복수문장직접값자식결과,A01180_3,claim_1538c404a6786c92,복수 수치에서 분리,8번 직접값,8번 직접값 유지,지난해 우리나라 수출 6836억달러(약 1007조원) 중 대미(對美) 수출은 1278억달러로 18.7%에 달했다.,2025-04-01,1.278e+11달러,수출액,127800000000.0,달러,2024,Y,전국,,"{""raw"": ""{\""교역상대국\"": [\""미국\""]}""}",DIRECT_VALUE,"{""trade_claim_role"": ""COUNTRY_EXPORT""}",HUMAN_REVIEW,CONTEXT_REQUIRED,HUMAN_REVIEW,TARGET_NOT_FOUND_IN_SOURCE,CLAIM_PARSE,구조화된 대상 수치가 뉴스 원문에서 확인되지 않음,,,[],[],,,,,N,,,,,,,D:\projects\services\archived\clafact-auto\.worktrees\three-type-release\artifacts\direct_value_release_20260826\multi_type8_197_live_final\claim_verification_results.jsonl,A01180,RULE_DISCOVERY,clafact-direct-value-generalization-v1,HUMAN_REVIEW,TARGET_NOT_FOUND_IN_SOURCE,CLAIM_PARSE,N,HUMAN_REVIEW,TARGET_NOT_FOUND_IN_SOURCE,CLAIM_PARSE,,,[],,,,N,,HUMAN_REVIEW,TARGET_NOT_FOUND_IN_SOURCE,CLAIM_PARSE,,,[],,,,N,,,,,Y,KEEP_DIRECT_RECOVERED,KEEP_DIRECT_VALUE,8.직접값,SOURCE_GROUNDED_DIRECT_VALUE,1278억달러,TARGET_NOT_FOUND_IN_SOURCE,SOURCE_GROUNDED_DIRECT_VALUE,RULE_DISCOVERY,artifacts/direct_value_claim_reclassification_100_20260828/summary.json
복수문장직접값자식결과,A00070_11,claim_155c3f8814001494,복수 수치에서 분리,8번 직접값,8번 직접값 유지,"대중 수출은 지난 2010년(1168억3800만달러)부터 1000억달러선을 넘어섰고, 2021년에는 1629억1300만달러까지 늘어났지만 이후 감소세가 눈에 띄었다.",2025-01-06,1.16838e+11USD,수출액,116838000000.0,USD,2010,annual,,,"{""trade_partner"": ""중국""}",THRESHOLD,"{""operator"": ""GT"", ""threshold_unit"": ""USD"", ""threshold_value"": ""116838000000.0""}",AUTO_OK,KOSIS_PIPELINE_ELIGIBLE,HOLD,NO_EVIDENCE_COORDINATE_CANDIDATE,HARD_GUARD,공식표는 찾았지만 기사 조건에 맞는 항목·지역·기간 좌표를 확정하지 못함,UNDETERMINED,,[],[],,,,,N,,,,,,,D:\projects\services\archived\clafact-auto\.worktrees\three-type-release\artifacts\direct_value_release_20260826\multi_type8_197_live_final\claim_verification_results.jsonl,A00070,INTERMEDIATE_VALIDATION,clafact-direct-value-generalization-v1,HOLD,NO_EVIDENCE_COORDINATE_CANDIDATE,HARD_GUARD,N,HOLD,NO_EVIDENCE_COORDINATE_CANDIDATE,HARD_GUARD,UNDETERMINED,,[],,,,N,,HOLD,NO_EVIDENCE_COORDINATE_CANDIDATE,HARD_GUARD,UNDETERMINED,,[],,,,N,OFFICIAL_RECURRING_BINDING_V1,Y,D:\projects\services\archived\clafact-auto\.worktrees\direct-value-coordinate-publication\artifacts\direct_value_coordinate_62_v1\runs\intermediate_v1\claim_verification_results.jsonl,동일,,,,,,,,,,
복수문장직접값자식결과,A01924_3,claim_158a2ebc43efac19,복수 수치에서 분리,8번 직접값,8번 직접값 유지,"28일 통계청이 발표한 ‘3월 인구동향’에 따르면, 지난 1분기(1~3월) 합계출산율은 0.82명으로 전년 동분기(0.77명) 대비 0.05명 증가했다.",2025-05-28,0.82명,합계출산율,0.82,명,2025년 1분기,분기,,,,DIRECT_VALUE,"{""direction"": ""INCREASE""}",AUTO_OK,KOSIS_PIPELINE_ELIGIBLE,HOLD,AS_OF_UNAVAILABLE,OFFICIAL_VALUE_FETCH,기사 작성일 기준 공표된 공식값인지 확인하지 못함,UNDETERMINED,,"[{""canonical_key"": ""ORG=101|TBL=DT_1B8000G|ITM=T1|OBJ=B|MEMBER=전국|PRD_SE=분기|PRD_DE=2025-Q1|DIMS=B:전국,A:합계출산율"", ""dimension_codes"": {""A"": ""12"", ""B"": ""00""}, ""dimension_members"": {""A"": ""합계출산율"", ""B"": ""전국""}, ""itm_id"": ""T1"", ""member_code"": ""전국"", ""obj_id"": ""B"", ""org_id"": ""101"", ""prd_de"": ""2025-Q1"", ""prd_se"": ""분기"", ""status"": ""CONFIRMED"", ""tbl_id"": ""DT_1B8000G"", ""unit"": ""명""}]","[{""content_hash"": ""aa406cebc870570ecaeb6b3b9371f53f6de97fc22060412b21033d1cce5ebf28"", ""evidence_key"": ""ORG=101|TBL=DT_1B8000G|ITM=T1|OBJ=B|MEMBER=전국|PRD_SE=분기|PRD_DE=2025-Q1|DIMS=B:전국,A:합계출산율"", ""publication"": {""content_hash"": ""882ea1046b8fe06af80e5ccfa2f0e019e4174b51a050363f55714b66573aaacc"", ""coverage_end_period"": null, ""coverage_start_period"": null, ""evidence_scope"": ""PERIOD"", ""pub_date_text"": ""조사기준 년 익년"", ""pub_period"": ""월"", ""publication_method_url"": ""언론(보도자료), 전산망(인터넷), 간행물2024년 5월 인구동향https://mods.go.kr/board.es?mid=a10301020300&amp;bid=204"", ""published_at"": null, ""reference_period"": null, ""retrieved_at"": ""2026-08-26T09:25:36.870070Z"", ""source_url"": ""https://kosis.kr/openapi/statisticsExplData.do?method=getList&format=json&jsonVD=Y&orgId=101&tblId=DT_1B8000G&metaItm=All"", ""status"": ""UNRESOLVED""}, ""retrieved_at"": ""2026-08-26T09:25:33.166313Z"", ""source"": ""API"", ""source_url"": ""https://kosis.kr/openapi/Param/statisticsParameterData.do?method=getList&orgId=101&tblId=DT_1B8000G&itmId=T1&prdSe=Q&startPrdDe=202501&endPrdDe=202501&objL1=00&objL2=12"", ""value_last_changed_at"": null}]",https://kosis.kr/openapi/Param/statisticsParameterData.do?method=getList&orgId=101&tblId=DT_1B8000G&itmId=T1&prdSe=Q&startPrdDe=202501&endPrdDe=202501&objL1=00&objL2=12,aa406cebc870570ecaeb6b3b9371f53f6de97fc22060412b21033d1cce5ebf28,,,N,,,,,,,D:\projects\services\archived\clafact-auto\.worktrees\three-type-release\artifacts\direct_value_release_20260826\multi_type8_197_live_final\claim_verification_results.jsonl,A01924,RULE_DISCOVERY,clafact-direct-value-generalization-v1,HOLD,AS_OF_UNAVAILABLE,OFFICIAL_VALUE_FETCH,N,HOLD,AS_OF_UNAVAILABLE,OFFICIAL_VALUE_FETCH,UNDETERMINED,,"[{""canonical_key"": ""ORG=101|TBL=DT_1B8000G|ITM=T1|OBJ=B|MEMBER=전국|PRD_SE=분기|PRD_DE=2025-Q1|DIMS=B:전국,A:합계출산율"", ""dimension_codes"": {""A"": ""12"", ""B"": ""00""}, ""dimension_members"": {""A"": ""합계출산율"", ""B"": ""전국""}, ""itm_id"": ""T1"", ""member_code"": ""전국"", ""obj_id"": ""B"", ""org_id"": ""101"", ""prd_de"": ""2025-Q1"", ""prd_se"": ""분기"", ""status"": ""CONFIRMED"", ""tbl_id"": ""DT_1B8000G"", ""unit"": ""명""}]",https://kosis.kr/openapi/Param/statisticsParameterData.do?method=getList&orgId=101&tblId=DT_1B8000G&itmId=T1&prdSe=Q&startPrdDe=202501&endPrdDe=202501&objL1=00&objL2=12,aa406cebc870570ecaeb6b3b9371f53f6de97fc22060412b21033d1cce5ebf28,,N,,HOLD,FETCH_FAILED,OFFICIAL_VALUE_FETCH,UNDETERMINED,,"[{""canonical_key"": ""ORG=101|TBL=DT_1B8000G|ITM=T1|OBJ=B|MEMBER=전국|PRD_SE=분기|PRD_DE=2025-Q1|DIMS=B:전국,A:합계출산율"", ""dimension_codes"": {""A"": ""12"", ""B"": ""00""}, ""dimension_members"": {""A"": ""합계출산율"", ""B"": ""전국""}, ""itm_id"": ""T1"", ""member_code"": ""전국"", ""obj_id"": ""B"", ""org_id"": ""101"", ""prd_de"": ""2025-Q1"", ""prd_se"": ""분기"", ""status"": ""CONFIRMED"", ""tbl_id"": ""DT_1B8000G"", ""unit"": ""명""}]",https://kosis.kr/openapi/Param/statisticsParameterData.do?method=getList&orgId=101&tblId=DT_1B8000G&itmId=T1&prdSe=Q&startPrdDe=202501&endPrdDe=202501&objL1=00&objL2=12,,,N,OFFICIAL_RECURRING_BINDING_V1,Y,D:\projects\services\archived\clafact-auto\.worktrees\direct-value-coordinate-publication\artifacts\direct_value_coordinate_publication_v2\runs\discovery_v1\claim_verification_results.jsonl,변경,,,,,,,,,,
복수문장직접값자식결과,A02681_3,claim_16ca1f40e351972d,복수 수치에서 분리,8번 직접값,8번 직접값 유지,"국가데이터처가 4일 발표한 '10월 소비자물가동향'에 따르면, 지난달 소비자물가지수는 117.42(2020년=100)로 전년 동월 대비 0.3% 올랐다.",2025-11-04,117.42지수(2020년=100),소비자물가지수,117.42,지수(2020년=100),2025년 10월,월,대한민국,,,DIRECT_VALUE,"{""direction"": ""INCREASE""}",HOLD,CONTEXT_REQUIRED,HUMAN_REVIEW,TARGET_VALUE_NOT_IN_SOURCE_SENTENCE,CLAIM_PARSE,TARGET_VALUE_NOT_IN_SOURCE_SENTENCE,,,[],[],,,,,N,,,,,,,D:\projects\services\archived\clafact-auto\.worktrees\three-type-release\artifacts\direct_value_release_20260826\multi_type8_197_live_final\claim_verification_results.jsonl,A02681,RULE_DISCOVERY,clafact-direct-value-generalization-v1,HUMAN_REVIEW,TARGET_VALUE_NOT_IN_SOURCE_SENTENCE,CLAIM_PARSE,N,HUMAN_REVIEW,TARGET_VALUE_NOT_IN_SOURCE_SENTENCE,CLAIM_PARSE,,,[],,,,N,,HUMAN_REVIEW,TARGET_VALUE_NOT_IN_SOURCE_SENTENCE,CLAIM_PARSE,,,[],,,,N,,,,,Y,KEEP_DIRECT_REQUIRES_RECOVERY,KEEP_DIRECT_VALUE,8.직접값,FAIL_CLOSED_SLOT_RECOVERY,,TARGET_VALUE_NOT_IN_SOURCE_SENTENCE,TARGET_VALUE_NOT_IN_SOURCE_SENTENCE,RULE_DISCOVERY,artifacts/direct_value_claim_reclassification_100_20260828/summary.json
복수문장직접값자식결과,A00489_11,claim_1aa98594f46770a7,복수 수치에서 분리,8번 직접값,8번 직접값 유지,"작년 12월 수출은 633억달러로 전달보다 11.1%, 전년 같은 달보다 6.6% 뛰었다.",2025-02-07,633억달러,수출,633.0,억달러,작년 12월,월간,,,,DIRECT_VALUE,"{""direction"": ""INCREASE""}",HOLD,STRUCTURAL_HOLD,HUMAN_REVIEW,CLAIM_PARSE_UNCERTAIN,CLAIM_PARSE,중심 수치에 전월 대비와 전년 동월 대비라는 서로 독립적으로 검증 가능한 증감률이 함께 포함되어 있어 단일 주장으로 안전하게 확정할 수 없음,,,[],[],,,,,N,,중심 수치에 전월 대비와 전년 동월 대비라는 서로 독립적으로 검증 가능한 증감률이 함께 포함되어 있어 단일 주장으로 안전하게 확정할 수 없음,,,,,D:\projects\services\archived\clafact-auto\.worktrees\three-type-release\artifacts\direct_value_release_20260826\multi_type8_197_live_final\claim_verification_results.jsonl,A00489,INTERMEDIATE_VALIDATION,clafact-direct-value-generalization-v1,HUMAN_REVIEW,CLAIM_PARSE_UNCERTAIN,CLAIM_PARSE,N,HUMAN_REVIEW,CLAIM_PARSE_UNCERTAIN,CLAIM_PARSE,,,[],,,,N,,HOLD,NO_HARD_GUARD_CANDIDATE,HARD_GUARD,UNDETERMINED,,[],,,,N,,Y,D:\projects\services\archived\clafact-auto\.worktrees\direct-value-coordinate-publication\artifacts\direct_value_coordinate_62_v1\runs\intermediate_v1\claim_verification_results.jsonl,변경,,,,,,,,,,
복수문장직접값자식결과,A02111_6,claim_1af97c42f8e79dcb,복수 수치에서 분리,8번 직접값,8번 직접값 유지,4월만 해도 690만6000명이었던 60세 이상 취업자는 지난달 704만9000명으로 처음으로 700만명을 넘었다.,2025-06-12,7.049e+06명,취업자,7049000.0,명,2025년 5월,월,,취업자,"{""age"": ""60세 이상""}",THRESHOLD,"{""operator"": ""GT"", ""threshold_unit"": ""명"", ""threshold_value"": ""7049000.0""}",AUTO_OK,KOSIS_PIPELINE_ELIGIBLE,HOLD,AS_OF_UNAVAILABLE,OFFICIAL_VALUE_FETCH,기사 작성일 기준 공표된 공식값인지 확인하지 못함,UNDETERMINED,,"[{""canonical_key"": ""ORG=101|TBL=DT_1DA7002S|ITM=T30|OBJ=G|MEMBER=60세이상|PRD_SE=월|PRD_DE=2025-05"", ""dimension_codes"": {""G"": ""60""}, ""dimension_members"": {""G"": ""60세이상""}, ""itm_id"": ""T30"", ""member_code"": ""60세이상"", ""obj_id"": ""G"", ""org_id"": ""101"", ""prd_de"": ""2025-05"", ""prd_se"": ""월"", ""status"": ""CONFIRMED"", ""tbl_id"": ""DT_1DA7002S"", ""unit"": ""천명""}]","[{""content_hash"": ""cdff139d96b0b1821519f932d400069fbb55ab124036dd2297c46f0dd015bbc9"", ""evidence_key"": ""ORG=101|TBL=DT_1DA7002S|ITM=T30|OBJ=G|MEMBER=60세이상|PRD_SE=월|PRD_DE=2025-05"", ""publication"": {""content_hash"": ""b42ef01289ac1a5c50cc5bb817c0b25792157186c085f70dc6a30c993d9a2f3f"", ""coverage_end_period"": null, ""coverage_start_period"": null, ""evidence_scope"": ""PERIOD"", ""pub_date_text"": ""조사기준 월 익월"", ""pub_period"": ""월"", ""publication_method_url"": ""https://www.kostat.go.kr/board.es?act=list&mid=a10301010000&keyField=T&bid=210&keyWord=2025%EB%85%84+5%EC%9B%94+%EA%B3%A0%EC%9A%A9%EB%8F%99%ED%96%A5"", ""published_at"": ""2025-06-11"", ""reference_period"": ""2025-05"", ""retrieved_at"": ""2026-08-26T09:13:34.733813Z"", ""source_url"": ""https://www.kostat.go.kr/board.es?mid=a10301010000&bid=210&act=view&list_no=437043&tag=&nPage=1&ref_bid="", ""status"": ""VERIFIED""}, ""retrieved_at"": ""2026-08-26T09:13:28.283590Z"", ""source"": ""API"", ""source_url"": ""https://kosis.kr/openapi/Param/statisticsParameterData.do?method=getList&orgId=101&tblId=DT_1DA7002S&itmId=T30&prdSe=M&startPrdDe=202505&endPrdDe=202505&objL1=60"", ""value_last_changed_at"": ""2025-07-21""}]",https://kosis.kr/openapi/Param/statisticsParameterData.do?method=getList&orgId=101&tblId=DT_1DA7002S&itmId=T30&prdSe=M&startPrdDe=202505&endPrdDe=202505&objL1=60,cdff139d96b0b1821519f932d400069fbb55ab124036dd2297c46f0dd015bbc9,VERIFIED,,N,,,,,,,D:\projects\services\archived\clafact-auto\.worktrees\three-type-release\artifacts\direct_value_release_20260826\multi_type8_197_live_final\claim_verification_results.jsonl,A02111,RULE_DISCOVERY,clafact-direct-value-generalization-v1,HOLD,AS_OF_UNAVAILABLE,OFFICIAL_VALUE_FETCH,N,HOLD,AS_OF_UNAVAILABLE,OFFICIAL_VALUE_FETCH,UNDETERMINED,,"[{""canonical_key"": ""ORG=101|TBL=DT_1DA7002S|ITM=T30|OBJ=G|MEMBER=60세이상|PRD_SE=월|PRD_DE=2025-05"", ""dimension_codes"": {""G"": ""60""}, ""dimension_members"": {""G"": ""60세이상""}, ""itm_id"": ""T30"", ""member_code"": ""60세이상"", ""obj_id"": ""G"", ""org_id"": ""101"", ""prd_de"": ""2025-05"", ""prd_se"": ""월"", ""status"": ""CONFIRMED"", ""tbl_id"": ""DT_1DA7002S"", ""unit"": ""천명""}]",https://kosis.kr/openapi/Param/statisticsParameterData.do?method=getList&orgId=101&tblId=DT_1DA7002S&itmId=T30&prdSe=M&startPrdDe=202505&endPrdDe=202505&objL1=60,cdff139d96b0b1821519f932d400069fbb55ab124036dd2297c46f0dd015bbc9,VERIFIED,N,,HOLD,AMBIGUOUS_MARGIN,EVIDENCE_CELL,UNDETERMINED,,"[{""canonical_key"": ""ORG=101|TBL=DT_1DA7012S|ITM=T30|OBJ=B|MEMBER=계|PRD_SE=월|PRD_DE=2025-05|DIMS=B:계,G:60세이상"", ""dimension_codes"": {""B"": ""0"", ""G"": ""60""}, ""dimension_members"": {""B"": ""계"", ""G"": ""60세이상""}, ""itm_id"": ""T30"", ""member_code"": ""계"", ""obj_id"": ""B"", ""org_id"": ""101"", ""prd_de"": ""2025-05"", ""prd_se"": ""월"", ""status"": ""CONFIRMED"", ""tbl_id"": ""DT_1DA7012S"", ""unit"": ""천명""}]",,,,N,,Y,D:\projects\services\archived\clafact-auto\.worktrees\direct-value-coordinate-publication\artifacts\direct_value_coordinate_publication_v2\runs\discovery_v1\claim_verification_results.jsonl,변경,,,,,,,,,,
복수문장직접값자식결과,A02111_13,claim_1c587cb4401c7eed,복수 수치에서 분리,8번 직접값,8번 직접값 유지,고용률도 2011년 36.8%에서 지난달 48.3%로 불었다.,2025-06-12,36.8%,고용률,36.8,%,2011,Y,,,,DIRECT_VALUE,,HOLD,CONTEXT_REQUIRED,HUMAN_REVIEW,CONTEXT_TARGET_UNRESOLVED,CLAIM_PARSE,CONTEXT_TARGET_UNRESOLVED,,,[],[],,,,,N,,,,,,,D:\projects\services\archived\clafact-auto\.worktrees\three-type-release\artifacts\direct_value_release_20260826\multi_type8_197_live_final\claim_verification_results.jsonl,A02111,RULE_DISCOVERY,clafact-direct-value-generalization-v1,HUMAN_REVIEW,CONTEXT_TARGET_UNRESOLVED,CLAIM_PARSE,N,HUMAN_REVIEW,CONTEXT_TARGET_UNRESOLVED,CLAIM_PARSE,,,[],,,,N,,HUMAN_REVIEW,CONTEXT_TARGET_UNRESOLVED,CLAIM_PARSE,,,[],,,,N,,,,,Y,KEEP_DIRECT_RECOVERED,KEEP_DIRECT_VALUE,8.직접값,SOURCE_GROUNDED_DIRECT_VALUE,36.8%,CONTEXT_TARGET_UNRESOLVED,SOURCE_GROUNDED_DIRECT_VALUE,RULE_DISCOVERY,artifacts/direct_value_claim_reclassification_100_20260828/summary.json
복수문장직접값자식결과,A02558_17,claim_1c76179ada4cb22c,복수 수치에서 분리,8번 직접값,8번 직접값 유지,지난달 15~29세 고용률은 45.6%로 전년 동월 대비 1%포인트 하락했다.,2025-07-16,45.6%,고용률,45.6,%,2025년 6월,월,,,"{""age"": ""15~29세""}",DIRECT_VALUE,"{""direction"": ""DECREASE""}",AUTO_OK,KOSIS_PIPELINE_ELIGIBLE,AUTO,WITHIN_TOLERANCE,VERDICT,기사값과 공식값이 허용오차 안에서 일치,MATCH,45.6,"[{""canonical_key"": ""ORG=101|TBL=DT_1DA7002S|ITM=T90|OBJ=G|MEMBER=15 - 29세|PRD_SE=월|PRD_DE=2025-06"", ""dimension_codes"": {""G"": ""75""}, ""dimension_members"": {""G"": ""15 - 29세""}, ""itm_id"": ""T90"", ""member_code"": ""15 - 29세"", ""obj_id"": ""G"", ""org_id"": ""101"", ""prd_de"": ""2025-06"", ""prd_se"": ""월"", ""status"": ""CONFIRMED"", ""tbl_id"": ""DT_1DA7002S"", ""unit"": ""%""}]","[{""content_hash"": ""df4593dd2840ba712cd7da3ba0bf89ab016b9f11d8a20e953378b868f528e725"", ""evidence_key"": ""ORG=101|TBL=DT_1DA7002S|ITM=T90|OBJ=G|MEMBER=15 - 29세|PRD_SE=월|PRD_DE=2025-06"", ""publication"": {""content_hash"": ""cacd4d9e7889bcc9c7c876af6ec59a1efe5ee666fecf20dfbcbaa7fb8c45612f"", ""coverage_end_period"": null, ""coverage_start_period"": null, ""evidence_scope"": ""PERIOD"", ""pub_date_text"": ""조사기준 월 익월"", ""pub_period"": ""월"", ""publication_method_url"": ""https://www.kostat.go.kr/board.es?act=list&mid=a10301010000&keyField=T&bid=210&keyWord=2025%EB%85%84+6%EC%9B%94+%EA%B3%A0%EC%9A%A9%EB%8F%99%ED%96%A5"", ""published_at"": ""2025-07-16"", ""reference_period"": ""2025-06"", ""retrieved_at"": ""2026-08-26T09:23:37.418006Z"", ""source_url"": ""https://www.kostat.go.kr/board.es?mid=a10301010000&bid=210&act=view&list_no=437607&tag=&nPage=1&ref_bid="", ""status"": ""VERIFIED""}, ""retrieved_at"": ""2026-08-26T09:23:43.998807Z"", ""source"": ""API"", ""source_url"": ""https://kosis.kr/openapi/Param/statisticsParameterData.do?method=getList&orgId=101&tblId=DT_1DA7002S&itmId=T90&prdSe=M&startPrdDe=202506&endPrdDe=202506&objL1=75"", ""value_last_changed_at"": ""2025-07-03""}]",https://kosis.kr/openapi/Param/statisticsParameterData.do?method=getList&orgId=101&tblId=DT_1DA7002S&itmId=T90&prdSe=M&startPrdDe=202506&endPrdDe=202506&objL1=75,df4593dd2840ba712cd7da3ba0bf89ab016b9f11d8a20e953378b868f528e725,VERIFIED,KOSIS_API,Y,,,,,,,D:\projects\services\archived\clafact-auto\.worktrees\three-type-release\artifacts\direct_value_release_20260826\multi_type8_197_live_final\claim_verification_results.jsonl,A02558,RULE_DISCOVERY,clafact-direct-value-generalization-v1,AUTO,WITHIN_TOLERANCE,VERDICT,Y,AUTO,WITHIN_TOLERANCE,VERDICT,MATCH,45.6,"[{""canonical_key"": ""ORG=101|TBL=DT_1DA7002S|ITM=T90|OBJ=G|MEMBER=15 - 29세|PRD_SE=월|PRD_DE=2025-06"", ""dimension_codes"": {""G"": ""75""}, ""dimension_members"": {""G"": ""15 - 29세""}, ""itm_id"": ""T90"", ""member_code"": ""15 - 29세"", ""obj_id"": ""G"", ""org_id"": ""101"", ""prd_de"": ""2025-06"", ""prd_se"": ""월"", ""status"": ""CONFIRMED"", ""tbl_id"": ""DT_1DA7002S"", ""unit"": ""%""}]",https://kosis.kr/openapi/Param/statisticsParameterData.do?method=getList&orgId=101&tblId=DT_1DA7002S&itmId=T90&prdSe=M&startPrdDe=202506&endPrdDe=202506&objL1=75,df4593dd2840ba712cd7da3ba0bf89ab016b9f11d8a20e953378b868f528e725,VERIFIED,Y,,AUTO,WITHIN_TOLERANCE,VERDICT,MATCH,45.6,"[{""canonical_key"": ""ORG=101|TBL=DT_1DA7002S|ITM=T90|OBJ=G|MEMBER=15 - 29세|PRD_SE=월|PRD_DE=2025-06"", ""dimension_codes"": {""G"": ""75""}, ""dimension_members"": {""G"": ""15 - 29세""}, ""itm_id"": ""T90"", ""member_code"": ""15 - 29세"", ""obj_id"": ""G"", ""org_id"": ""101"", ""prd_de"": ""2025-06"", ""prd_se"": ""월"", ""status"": ""CONFIRMED"", ""tbl_id"": ""DT_1DA7002S"", ""unit"": ""%""}]",https://kosis.kr/openapi/Param/statisticsParameterData.do?method=getList&orgId=101&tblId=DT_1DA7002S&itmId=T90&prdSe=M&startPrdDe=202506&endPrdDe=202506&objL1=75,df4593dd2840ba712cd7da3ba0bf89ab016b9f11d8a20e953378b868f528e725,VERIFIED,Y,,,,,,,,,,,,,,
복수문장직접값자식결과,A02647_16,claim_1e5abe391f401136,복수 수치에서 분리,8번 직접값,8번 직접값 유지,"전년 동월 대비 비정규직이 늘어난 산업은 보건사회복지업(21만명), 운수창고업(3만9000명)이었고, 숙박음식업(-5만8000명), 건설업(-5만1000명), 도소매업(-4만1000명), 제조업(-3만2000명)은 감소했다.",2025-10-22,39000명,비정규직 증감,39000.0,명,,월,,비정규직,"{""산업"": ""운수창고업""}",DIRECT_VALUE,"{""direction"": ""INCREASE""}",HOLD,STRUCTURAL_HOLD,HUMAN_REVIEW,CLAIM_PARSE_UNCERTAIN,CLAIM_PARSE,"운수창고업의 전년 동월 대비 증가 폭은 명확하지만, 기사에 현재 대상 월이 명시되지 않아 claim target time을 특정할 수 없음",,,[],[],,,,,N,,"운수창고업의 전년 동월 대비 증가 폭은 명확하지만, 기사에 현재 대상 월이 명시되지 않아 claim target time을 특정할 수 없음",,,,,D:\projects\services\archived\clafact-auto\.worktrees\three-type-release\artifacts\direct_value_release_20260826\multi_type8_197_live_final\claim_verification_results.jsonl,A02647,RULE_DISCOVERY,clafact-direct-value-generalization-v1,HUMAN_REVIEW,CLAIM_PARSE_UNCERTAIN,CLAIM_PARSE,N,HUMAN_REVIEW,CLAIM_PARSE_UNCERTAIN,CLAIM_PARSE,,,[],,,,N,,HUMAN_REVIEW,CLAIM_PARSE_UNCERTAIN,CLAIM_PARSE,,,[],,,,N,,,,,Y,KEEP_DIRECT_REQUIRES_RECOVERY,KEEP_DIRECT_VALUE,8.직접값,FAIL_CLOSED_SLOT_RECOVERY,3만9000명,CLAIM_PARSE_UNCERTAIN,CLAIM_PARSE_UNCERTAIN,RULE_DISCOVERY,artifacts/direct_value_claim_reclassification_100_20260828/summary.json
복수문장직접값자식결과,A02096_19,claim_1ecdb544aa72ae01,복수 수치에서 분리,8번 직접값,8번 직접값 유지,20대 쉬었음 인구는 37만8000명으로 전년 동월 대비 1만2000명 늘었다.,2025-06-11,37.8만명,쉬었음 인구,37.8,만명,,MONTHLY,대한민국,20대 인구,,DIRECT_VALUE,"{""direction"": ""INCREASE""}",HOLD,STRUCTURAL_HOLD,HUMAN_REVIEW,CLAIM_PARSE_UNCERTAIN,CLAIM_PARSE,MISSING_REQUIRED_SLOTS:time,,,[],[],,,,,N,,MISSING_REQUIRED_SLOTS:time,,,,,D:\projects\services\archived\clafact-auto\.worktrees\three-type-release\artifacts\direct_value_release_20260826\multi_type8_197_live_final\claim_verification_results.jsonl,A02096,RULE_DISCOVERY,clafact-direct-value-generalization-v1,HUMAN_REVIEW,CLAIM_PARSE_UNCERTAIN,CLAIM_PARSE,N,HUMAN_REVIEW,CLAIM_PARSE_UNCERTAIN,CLAIM_PARSE,,,[],,,,N,,HUMAN_REVIEW,CLAIM_PARSE_UNCERTAIN,CLAIM_PARSE,,,[],,,,N,,,,,Y,KEEP_DIRECT_REQUIRES_RECOVERY,KEEP_DIRECT_VALUE,8.직접값,FAIL_CLOSED_SLOT_RECOVERY,37만8000명,CLAIM_PARSE_UNCERTAIN,CLAIM_PARSE_UNCERTAIN,RULE_DISCOVERY,artifacts/direct_value_claim_reclassification_100_20260828/summary.json
복수문장직접값자식결과,A02099_6,claim_22d76b35abe5866e,복수 수치에서 분리,8번 직접값,8번 직접값 유지,지난 1~10일 반도체 수출액은 36억2900만달러로 전년 동월 대비 22% 뛰었다.,2025-06-11,3.629e+09달러,수출액,3629000000.0,달러,2025-06-01/2025-06-10,PARTIAL_PERIOD,,,"{""품목"": ""반도체""}",DIRECT_VALUE,"{""direction"": ""INCREASE""}",AUTO_OK,KOSIS_PIPELINE_ELIGIBLE,HOLD,NO_HARD_GUARD_CANDIDATE,HARD_GUARD,기간·단위·지역 등 필수 조건을 모두 만족하는 공식표 후보가 없음,UNDETERMINED,,[],[],,,,,N,,,,,,,D:\projects\services\archived\clafact-auto\.worktrees\three-type-release\artifacts\direct_value_release_20260826\multi_type8_197_live_final\claim_verification_results.jsonl,A02099,INTERMEDIATE_VALIDATION,clafact-direct-value-generalization-v1,HOLD,NO_HARD_GUARD_CANDIDATE,HARD_GUARD,N,HOLD,NO_HARD_GUARD_CANDIDATE,HARD_GUARD,UNDETERMINED,,[],,,,N,,HOLD,NO_HARD_GUARD_CANDIDATE,HARD_GUARD,UNDETERMINED,,[],,,,N,OFFICIAL_RECURRING_BINDING_V1,Y,D:\projects\services\archived\clafact-auto\.worktrees\direct-value-coordinate-publication\artifacts\direct_value_coordinate_62_v1\runs\intermediate_v1\claim_verification_results.jsonl,동일,,,,,,,,,,
복수문장직접값자식결과,A02633_6,claim_23417092da19f631,복수 수치에서 분리,8번 직접값,8번 직접값 유지,취업자 수 증가 폭은 올해 들어 5월(24만5000명)을 제외하고 매달 10만명대를 맴돌다가 9월 들어 크게 늘었다.,2025-10-17,245000명,취업자 수,245000.0,명,2025,Y,,,,DIRECT_VALUE,"{""direction"": ""INCREASE""}",HUMAN_REVIEW,CONTEXT_REQUIRED,HUMAN_REVIEW,TARGET_NOT_FOUND_IN_SOURCE,CLAIM_PARSE,구조화된 대상 수치가 뉴스 원문에서 확인되지 않음,,,[],[],,,,,N,,,,,,,D:\projects\services\archived\clafact-auto\.worktrees\three-type-release\artifacts\direct_value_release_20260826\multi_type8_197_live_final\claim_verification_results.jsonl,A02633,RULE_DISCOVERY,clafact-direct-value-generalization-v1,HUMAN_REVIEW,TARGET_NOT_FOUND_IN_SOURCE,CLAIM_PARSE,N,HUMAN_REVIEW,TARGET_NOT_FOUND_IN_SOURCE,CLAIM_PARSE,,,[],,,,N,,HUMAN_REVIEW,TARGET_NOT_FOUND_IN_SOURCE,CLAIM_PARSE,,,[],,,,N,,,,,Y,KEEP_DIRECT_RECOVERED,KEEP_DIRECT_VALUE,8.직접값,SOURCE_GROUNDED_DIRECT_VALUE,24만5000명,TARGET_NOT_FOUND_IN_SOURCE,SOURCE_GROUNDED_DIRECT_VALUE,RULE_DISCOVERY,artifacts/direct_value_claim_reclassification_100_20260828/summary.json
복수문장직접값자식결과,A01489_17,claim_244686b731b78640,복수 수치에서 분리,8번 직접값,8번 직접값 유지,김상봉 한성대 경제학과 교수는 “상호 관세 적용 시 연간 성장률이 최대 0.9%포인트까지 내려갈 수 있다”며 “올해 우리 경제 성장률이 1%를 하회할 가능성이 크다”고 했다.,2025-04-25,김상봉 한성대 경제학과 교수는 “상호 관세 적용 시 연간 성장률이 최대 0.9%포인트까지 내려갈 수 있다”며 “올해 우리 경제 성장률이 1%를 하회할 가능성이 크다”고 했다.,경제 성장률,,%,2025년,년,한국,,,DIRECT_VALUE,,AUTO_OK,KOSIS_PIPELINE_ELIGIBLE,HOLD,NO_EVIDENCE_COORDINATE_CANDIDATE,HARD_GUARD,공식표는 찾았지만 기사 조건에 맞는 항목·지역·기간 좌표를 확정하지 못함,UNDETERMINED,,[],[],,,,,N,,,,,,,D:\projects\services\archived\clafact-auto\.worktrees\three-type-release\artifacts\direct_value_release_20260826\multi_type8_197_live_final\claim_verification_results.jsonl,A01489,INTERMEDIATE_VALIDATION,clafact-direct-value-generalization-v1,HOLD,NO_EVIDENCE_COORDINATE_CANDIDATE,HARD_GUARD,N,HOLD,NO_EVIDENCE_COORDINATE_CANDIDATE,HARD_GUARD,UNDETERMINED,,[],,,,N,,HUMAN_REVIEW,MISSING_REQUIRED_SLOTS:value,CLAIM_PARSE,,,[],,,,N,,Y,D:\projects\services\archived\clafact-auto\.worktrees\direct-value-general-rules\artifacts\direct_value_generalization_v1\runs\intermediate_validation_full\claim_verification_results.jsonl,변경,Y,EXCLUDE_FORECAST,EXCLUDE_FROM_KOSIS,검증 제외,NON_OBSERVED_FORECAST,,MISSING_REQUIRED_SLOTS:value,NON_OBSERVED_FORECAST,INTERMEDIATE_VALIDATION,artifacts/direct_value_claim_reclassification_100_20260828/summary.json
복수문장직접값자식결과,A00692_4,claim_297f5d4a6be813a9,복수 수치에서 분리,8번 직접값,8번 직접값 유지,"작년 전체 자동차 부품 수출액은 총 225억4700만달러(약 32조4300억원)로, 이 중 대미 수출 비중(36.5％)이 가장 컸다.",2025-02-23,2.2547e+10달러,자동차 부품 수출액,22547000000.0,달러,2024년,년,전체,,"{""item"": ""자동차 부품"", ""partner_share"": ""36.5%"", ""trade_partner"": ""미국""}",DIRECT_VALUE,,AUTO_OK,KOSIS_PIPELINE_ELIGIBLE,HOLD,NO_HARD_GUARD_CANDIDATE,HARD_GUARD,기간·단위·지역 등 필수 조건을 모두 만족하는 공식표 후보가 없음,UNDETERMINED,,[],[],,,,,N,,,,,,,D:\projects\services\archived\clafact-auto\.worktrees\three-type-release\artifacts\direct_value_release_20260826\multi_type8_197_live_final\claim_verification_results.jsonl,A00692,RULE_DISCOVERY,clafact-direct-value-generalization-v1,HOLD,NO_HARD_GUARD_CANDIDATE,HARD_GUARD,N,HOLD,NO_HARD_GUARD_CANDIDATE,HARD_GUARD,UNDETERMINED,,[],,,,N,,HOLD,KOSIS_CATALOG_UNAVAILABLE,CLAIM_PARSE,,,[],,,,N,,Y,D:\projects\services\archived\clafact-auto\.worktrees\direct-value-coordinate-publication\artifacts\direct_value_coordinate_publication_v2\runs\discovery_v1\claim_verification_results.jsonl,변경,,,,,,,,,,
복수문장직접값자식결과,A00514_8,claim_2ca7d994ac25a0f7,복수 수치에서 분리,8번 직접값,8번 직접값 유지,당시 대규모 추경을 편성해 2008년 4분기 –4.6%까지 추락한 한국 경제성장률을 2010년 6.3%로 ‘V자 반등’을 이뤄내는데 크게 역할을 했다는 평가를 받는다.,2025-02-09,6.3%,한국 경제성장률,6.3,%,2010년,연간,한국,,,DIRECT_VALUE,,AUTO_OK,KOSIS_PIPELINE_ELIGIBLE,HOLD,NO_EVIDENCE_COORDINATE_CANDIDATE,HARD_GUARD,공식표는 찾았지만 기사 조건에 맞는 항목·지역·기간 좌표를 확정하지 못함,UNDETERMINED,,[],[],,,,,N,,,,,,,D:\projects\services\archived\clafact-auto\.worktrees\three-type-release\artifacts\direct_value_release_20260826\multi_type8_197_live_final\claim_verification_results.jsonl,A00514,RULE_DISCOVERY,clafact-direct-value-generalization-v1,HOLD,NO_EVIDENCE_COORDINATE_CANDIDATE,HARD_GUARD,N,HOLD,NO_EVIDENCE_COORDINATE_CANDIDATE,HARD_GUARD,UNDETERMINED,,[],,,,N,,HOLD,KOSIS_CATALOG_UNAVAILABLE,CLAIM_PARSE,,,[],,,,N,,Y,D:\projects\services\archived\clafact-auto\.worktrees\direct-value-coordinate-publication\artifacts\direct_value_coordinate_publication_v2\runs\discovery_v1\claim_verification_results.jsonl,변경,,,,,,,,,,
복수문장직접값자식결과,A02558_21,claim_2d1e921e3ec4a6fc,복수 수치에서 분리,8번 직접값,8번 직접값 유지,지난달 비경제활동인구 중 활동 상태를 ‘쉬었음’이라고 응답한 20대는 39만6000명으로 전년 동월 대비 2000명 늘었다.,2025-07-16,396000명,비경제활동인구 중 활동 상태가 ‘쉬었음’인 인구,396000.0,명,2025년 6월,월,,비경제활동인구,"{""연령"": ""20대"", ""활동 상태"": ""쉬었음""}",DIRECT_VALUE,"{""direction"": ""INCREASE""}",AUTO_OK,KOSIS_PIPELINE_ELIGIBLE,HOLD,NO_HARD_GUARD_CANDIDATE,HARD_GUARD,기간·단위·지역 등 필수 조건을 모두 만족하는 공식표 후보가 없음,UNDETERMINED,,[],[],,,,,N,,,,,,,D:\projects\services\archived\clafact-auto\.worktrees\three-type-release\artifacts\direct_value_release_20260826\multi_type8_197_live_final\claim_verification_results.jsonl,A02558,RULE_DISCOVERY,clafact-direct-value-generalization-v1,HOLD,NO_HARD_GUARD_CANDIDATE,HARD_GUARD,N,HOLD,NO_HARD_GUARD_CANDIDATE,HARD_GUARD,UNDETERMINED,,[],,,,N,,HOLD,KOSIS_CATALOG_UNAVAILABLE,CLAIM_PARSE,,,[],,,,N,,Y,D:\projects\services\archived\clafact-auto\.worktrees\direct-value-coordinate-publication\artifacts\direct_value_coordinate_publication_v2\runs\discovery_v1\claim_verification_results.jsonl,변경,,,,,,,,,,
복수문장직접값자식결과,A00723_14,claim_2e73dcbf5b0f952d,복수 수치에서 분리,8번 직접값,8번 직접값 유지,"여기에 지난달 건설업 취업자 수가 192만1000명을 기록해, 코로나 팬데믹 당시였던 2021년 이후 3년 만에 200만명 아래로 떨어졌다.",2025-02-25,1.921e+06명,취업자 수,1921000.0,명,2025년 1월,월,,취업자,"{""산업"": ""건설업""}",DIRECT_VALUE,,AUTO_OK,KOSIS_PIPELINE_ELIGIBLE,HOLD,NO_EVIDENCE_COORDINATE_CANDIDATE,HARD_GUARD,공식표는 찾았지만 기사 조건에 맞는 항목·지역·기간 좌표를 확정하지 못함,UNDETERMINED,,[],[],,,,,N,,,,,,,D:\projects\services\archived\clafact-auto\.worktrees\three-type-release\artifacts\direct_value_release_20260826\multi_type8_197_live_final\claim_verification_results.jsonl,A00723,INTERMEDIATE_VALIDATION,clafact-direct-value-generalization-v1,HOLD,NO_EVIDENCE_COORDINATE_CANDIDATE,HARD_GUARD,N,HOLD,NO_EVIDENCE_COORDINATE_CANDIDATE,HARD_GUARD,UNDETERMINED,,[],,,,N,,HOLD,NO_HARD_GUARD_CANDIDATE,HARD_GUARD,UNDETERMINED,,[],,,,N,,Y,D:\projects\services\archived\clafact-auto\.worktrees\direct-value-coordinate-publication\artifacts\direct_value_coordinate_62_v1\runs\intermediate_v1\claim_verification_results.jsonl,변경,,,,,,,,,,
복수문장직접값자식결과,A01180_3,claim_2fd9321a443899ba,복수 수치에서 분리,8번 직접값,8번 직접값 유지,지난해 우리나라 수출 6836억달러(약 1007조원) 중 대미(對美) 수출은 1278억달러로 18.7%에 달했다.,2025-04-01,6.836e+11달러,수출액,683600000000.0,달러,2024,Y,전국,,,DIRECT_VALUE,"{""trade_claim_role"": ""TOTAL_EXPORT""}",HUMAN_REVIEW,CONTEXT_REQUIRED,HUMAN_REVIEW,TARGET_NOT_FOUND_IN_SOURCE,CLAIM_PARSE,구조화된 대상 수치가 뉴스 원문에서 확인되지 않음,,,[],[],,,,,N,,,,,,,D:\projects\services\archived\clafact-auto\.worktrees\three-type-release\artifacts\direct_value_release_20260826\multi_type8_197_live_final\claim_verification_results.jsonl,A01180,RULE_DISCOVERY,clafact-direct-value-generalization-v1,HUMAN_REVIEW,TARGET_NOT_FOUND_IN_SOURCE,CLAIM_PARSE,N,HUMAN_REVIEW,TARGET_NOT_FOUND_IN_SOURCE,CLAIM_PARSE,,,[],,,,N,,HUMAN_REVIEW,TARGET_NOT_FOUND_IN_SOURCE,CLAIM_PARSE,,,[],,,,N,,,,,Y,KEEP_DIRECT_RECOVERED,KEEP_DIRECT_VALUE,8.직접값,SOURCE_GROUNDED_DIRECT_VALUE,6836억달러,TARGET_NOT_FOUND_IN_SOURCE,SOURCE_GROUNDED_DIRECT_VALUE,RULE_DISCOVERY,artifacts/direct_value_claim_reclassification_100_20260828/summary.json
복수문장직접값자식결과,A00760_3,claim_31c94718f1438b78,복수 수치에서 분리,8번 직접값,8번 직접값 유지,"공정위는 자산총액이 전년도 명목 국내총생산(GDP)의 0.5% 이상(지난해는 10조4000억원)인 기업집단을 ‘상호출자제한 기업집단’으로, 자산 5조원 이상인 경우 ‘공시대상 기업집단’으로 지정한다.",2025-02-28,0.5%,상호출자제한 기업집단 지정 기준 자산총액,0.5,%,,,대한민국,기업집단,"{""기준"": ""전년도 명목 국내총생산(GDP) 대비""}",THRESHOLD,"{""operator"": ""GTE"", ""threshold_unit"": ""%"", ""threshold_value"": ""0.5""}",HOLD,STRUCTURAL_HOLD,HUMAN_REVIEW,CLAIM_PARSE_UNCERTAIN,CLAIM_PARSE,MISSING_REQUIRED_SLOTS:time,,,[],[],,,,,N,,MISSING_REQUIRED_SLOTS:time,,,,,D:\projects\services\archived\clafact-auto\.worktrees\three-type-release\artifacts\direct_value_release_20260826\multi_type8_197_live_final\claim_verification_results.jsonl,A00760,INTERMEDIATE_VALIDATION,clafact-direct-value-generalization-v1,HUMAN_REVIEW,CLAIM_PARSE_UNCERTAIN,CLAIM_PARSE,N,HUMAN_REVIEW,CLAIM_PARSE_UNCERTAIN,CLAIM_PARSE,,,[],,,,N,,HUMAN_REVIEW,MISSING_REQUIRED_SLOTS:time,CLAIM_PARSE,,,[],,,,N,,Y,D:\projects\services\archived\clafact-auto\.worktrees\direct-value-general-rules\artifacts\direct_value_generalization_v1\runs\intermediate_validation_full\claim_verification_results.jsonl,변경,Y,KEEP_DIRECT_REQUIRES_RECOVERY,KEEP_DIRECT_VALUE,8.직접값,FAIL_CLOSED_SLOT_RECOVERY,0.5%,MISSING_REQUIRED_SLOTS:time,MISSING_REQUIRED_SLOTS:time,INTERMEDIATE_VALIDATION,artifacts/direct_value_claim_reclassification_100_20260828/summary.json
복수문장직접값자식결과,A02202_2,claim_333ff0cee64de91c,복수 수치에서 분리,8번 직접값,8번 직접값 유지,1인 가구는 2021년 700만 가구를 넘어선 지 3년 만에 800만 가구를 돌파했다.,2025-06-19,1인 가구는 2021년 700만 가구를 넘어선 지 3년 만에 800만 가구를 돌파했다.,1인 가구,,가구,2024,,대한민국,1인 가구,,THRESHOLD,"{""direction"": ""INCREASE"", ""operator"": ""GT"", ""threshold_unit"": ""가구"", ""threshold_value"": ""8000000""}",HUMAN_REVIEW,CONTEXT_REQUIRED,HUMAN_REVIEW,TARGET_NOT_FOUND_IN_SOURCE,CLAIM_PARSE,구조화된 대상 수치가 뉴스 원문에서 확인되지 않음,,,[],[],,,,,N,,,,,,,D:\projects\services\archived\clafact-auto\.worktrees\three-type-release\artifacts\direct_value_release_20260826\multi_type8_197_live_final\claim_verification_results.jsonl,A02202,RULE_DISCOVERY,clafact-direct-value-generalization-v1,HUMAN_REVIEW,TARGET_NOT_FOUND_IN_SOURCE,CLAIM_PARSE,N,HUMAN_REVIEW,TARGET_NOT_FOUND_IN_SOURCE,CLAIM_PARSE,,,[],,,,N,,HUMAN_REVIEW,TARGET_NOT_FOUND_IN_SOURCE,CLAIM_PARSE,,,[],,,,N,,,,,Y,KEEP_DIRECT_REQUIRES_RECOVERY,KEEP_DIRECT_VALUE,8.직접값,FAIL_CLOSED_SLOT_RECOVERY,1인 가구는 2021년 700만 가구를 넘어선 지 3년 만에 800만 가구를 돌파했다.,TARGET_NOT_FOUND_IN_SOURCE,TARGET_NOT_FOUND_IN_SOURCE,RULE_DISCOVERY,artifacts/direct_value_claim_reclassification_100_20260828/summary.json
복수문장직접값자식결과,A02558_11,claim_3375a461ad29e545,복수 수치에서 분리,8번 직접값,8번 직접값 유지,반면 국내 산업 중 가장 많은 인력을 고용하는 제조업은 지난달 취업자 수가 441만4000명으로 전년 동월 대비 8만3000명 줄었다.,2025-07-16,4.414e+06명,취업자 수,4414000.0,명,2025년 6월,월,국내,취업자,"{""industry"": ""제조업""}",DIRECT_VALUE,,AUTO_OK,KOSIS_PIPELINE_ELIGIBLE,HOLD,NO_HARD_GUARD_CANDIDATE,HARD_GUARD,기간·단위·지역 등 필수 조건을 모두 만족하는 공식표 후보가 없음,UNDETERMINED,,[],[],,,,,N,,,,,,,D:\projects\services\archived\clafact-auto\.worktrees\three-type-release\artifacts\direct_value_release_20260826\multi_type8_197_live_final\claim_verification_results.jsonl,A02558,RULE_DISCOVERY,clafact-direct-value-generalization-v1,HOLD,NO_HARD_GUARD_CANDIDATE,HARD_GUARD,N,HOLD,NO_HARD_GUARD_CANDIDATE,HARD_GUARD,UNDETERMINED,,[],,,,N,,HOLD,NO_HARD_GUARD_CANDIDATE,HARD_GUARD,UNDETERMINED,,[],,,,N,,Y,D:\projects\services\archived\clafact-auto\.worktrees\direct-value-coordinate-publication\artifacts\direct_value_coordinate_62_v1\runs\discovery_v2\claim_verification_results.jsonl,동일,,,,,,,,,,
복수문장직접값자식결과,A02258_26,claim_33a229c35a60058a,복수 수치에서 분리,8번 직접값,8번 직접값 유지,"올해 1분기 우리나라 성장률은 -0.2%로 역성장했는데, 설비 투자 성장률은 이보다 낮은 -0.4%였다.",2025-06-23,-0.2%,우리나라 성장률,-0.2,%,2025년 1분기,분기,대한민국,,"{""항목"": ""전체 경제""}",DIRECT_VALUE,"{""direction"": ""DECREASE""}",AUTO_OK,KOSIS_PIPELINE_ELIGIBLE,HOLD,NO_HARD_GUARD_CANDIDATE,HARD_GUARD,기간·단위·지역 등 필수 조건을 모두 만족하는 공식표 후보가 없음,UNDETERMINED,,[],[],,,,,N,,,,,,,D:\projects\services\archived\clafact-auto\.worktrees\three-type-release\artifacts\direct_value_release_20260826\multi_type8_197_live_final\claim_verification_results.jsonl,A02258,RULE_DISCOVERY,clafact-direct-value-generalization-v1,HOLD,NO_HARD_GUARD_CANDIDATE,HARD_GUARD,N,HOLD,NO_HARD_GUARD_CANDIDATE,HARD_GUARD,UNDETERMINED,,[],,,,N,,HOLD,KOSIS_CATALOG_UNAVAILABLE,CLAIM_PARSE,,,[],,,,N,,Y,D:\projects\services\archived\clafact-auto\.worktrees\direct-value-coordinate-publication\artifacts\direct_value_coordinate_publication_v2\runs\discovery_v1\claim_verification_results.jsonl,변경,,,,,,,,,,
복수문장직접값자식결과,A01709_31,claim_3548667ef4067f27,복수 수치에서 분리,8번 직접값,8번 직접값 유지,2023년 말 일반 정부 부채는 약 1217조원(GDP의 50.7%)이다.,2025-05-12,1217조원,일반 정부 부채,1217.0,조원,2023년 말,연간,,일반 정부,"{""GDP 대비 비율"": ""50.7%""}",DIRECT_VALUE,,AUTO_OK,KOSIS_PIPELINE_ELIGIBLE,HOLD,NO_HARD_GUARD_CANDIDATE,HARD_GUARD,기간·단위·지역 등 필수 조건을 모두 만족하는 공식표 후보가 없음,UNDETERMINED,,[],[],,,,,N,,,,,,,D:\projects\services\archived\clafact-auto\.worktrees\three-type-release\artifacts\direct_value_release_20260826\multi_type8_197_live_final\claim_verification_results.jsonl,A01709,RULE_DISCOVERY,clafact-direct-value-generalization-v1,HOLD,NO_HARD_GUARD_CANDIDATE,HARD_GUARD,N,HOLD,NO_HARD_GUARD_CANDIDATE,HARD_GUARD,UNDETERMINED,,[],,,,N,,HOLD,KOSIS_CATALOG_UNAVAILABLE,CLAIM_PARSE,,,[],,,,N,,Y,D:\projects\services\archived\clafact-auto\.worktrees\direct-value-coordinate-publication\artifacts\direct_value_coordinate_publication_v2\runs\discovery_v1\claim_verification_results.jsonl,변경,,,,,,,,,,
복수문장직접값자식결과,A02099_4,claim_3a279cee0bf7df85,복수 수치에서 분리,8번 직접값,8번 직접값 유지,"이 기간 실제 일한 날을 뜻하는 조업일수를 고려한 일평균 수출액은 28억1000만달러로, 작년 같은 기간 조업일수를 고려한 일평균 수출액(24억5000만달러)보다 15.% 늘었다.",2025-06-11,2.81e+09달러,수출액,2810000000.0,달러,이 기간,일평균,,,"{""조업일수_고려"": ""예""}",DIRECT_VALUE,"{""direction"": ""INCREASE""}",HOLD,CONTEXT_REQUIRED,HUMAN_REVIEW,RELATIVE_TIME_UNRESOLVED,CLAIM_PARSE,RELATIVE_TIME_UNRESOLVED,,,[],[],,,,,N,,,,,,,D:\projects\services\archived\clafact-auto\.worktrees\three-type-release\artifacts\direct_value_release_20260826\multi_type8_197_live_final\claim_verification_results.jsonl,A02099,INTERMEDIATE_VALIDATION,clafact-direct-value-generalization-v1,HUMAN_REVIEW,RELATIVE_TIME_UNRESOLVED,CLAIM_PARSE,N,HUMAN_REVIEW,RELATIVE_TIME_UNRESOLVED,CLAIM_PARSE,,,[],,,,N,,HUMAN_REVIEW,RELATIVE_TIME_UNRESOLVED,CLAIM_PARSE,,,[],,,,N,,Y,D:\projects\services\archived\clafact-auto\.worktrees\direct-value-general-rules\artifacts\direct_value_generalization_v1\runs\intermediate_validation_full\claim_verification_results.jsonl,동일,Y,KEEP_DIRECT_RECOVERED,KEEP_DIRECT_VALUE,8.직접값,SOURCE_GROUNDED_DIRECT_VALUE,28억1000만달러,RELATIVE_TIME_UNRESOLVED,SOURCE_GROUNDED_DIRECT_VALUE,INTERMEDIATE_VALIDATION,artifacts/direct_value_claim_reclassification_100_20260828/summary.json
복수문장직접값자식결과,A00186_9,claim_3b4c57d9172bc1c9,복수 수치에서 분리,8번 직접값,8번 직접값 유지,"한편, 지난해 현대차·기아 전체 수출 대수는 218만698대, 수출액은 533억6000만달러(약 78조원)로, 2년 연속 수출 200만대, 수출액 500억달러를 이어갔다.",2025-01-15,53.36십억 달러,수출액,53.36,십억 달러,2024,연간,,현대차·기아 전체,"{""item"": ""자동차 수출""}",DIRECT_VALUE,"{""duration_years"": ""2"", ""operator"": ""GTE"", ""threshold_unit"": ""십억 달러"", ""threshold_value"": ""50""}",HOLD,CONTEXT_REQUIRED,HUMAN_REVIEW,TARGET_VALUE_NOT_IN_SOURCE_SENTENCE,CLAIM_PARSE,TARGET_VALUE_NOT_IN_SOURCE_SENTENCE,,,[],[],,,,,N,,,,,,,D:\projects\services\archived\clafact-auto\.worktrees\three-type-release\artifacts\direct_value_release_20260826\multi_type8_197_live_final\claim_verification_results.jsonl,A00186,RULE_DISCOVERY,clafact-direct-value-generalization-v1,HUMAN_REVIEW,TARGET_VALUE_NOT_IN_SOURCE_SENTENCE,CLAIM_PARSE,N,HUMAN_REVIEW,TARGET_VALUE_NOT_IN_SOURCE_SENTENCE,CLAIM_PARSE,,,[],,,,N,,HUMAN_REVIEW,TARGET_VALUE_NOT_IN_SOURCE_SENTENCE,CLAIM_PARSE,,,[],,,,N,,,,,Y,KEEP_DIRECT_RECOVERED,KEEP_DIRECT_VALUE,8.직접값,SOURCE_GROUNDED_DIRECT_VALUE,533억6000만달러,TARGET_VALUE_NOT_IN_SOURCE_SENTENCE,SOURCE_GROUNDED_DIRECT_VALUE,RULE_DISCOVERY,artifacts/direct_value_claim_reclassification_100_20260828/summary.json
복수문장직접값자식결과,A01589_4,claim_3e2801049ee55e9d,복수 수치에서 분리,8번 직접값,8번 직접값 유지,"2일 통계청이 발표한 ‘4월 소비자물가 동향’에 따르면, 지난달 소비자물가 지수는 116.38로 전년 동월 대비 2.1% 올랐다.",2025-05-03,116.38지수,소비자물가지수,116.38,지수,2025년 4월,월,,,,DIRECT_VALUE,"{""direction"": ""INCREASE""}",HOLD,CONTEXT_REQUIRED,HUMAN_REVIEW,TARGET_VALUE_NOT_IN_SOURCE_SENTENCE,CLAIM_PARSE,TARGET_VALUE_NOT_IN_SOURCE_SENTENCE,,,[],[],,,,,N,,,,,,,D:\projects\services\archived\clafact-auto\.worktrees\three-type-release\artifacts\direct_value_release_20260826\multi_type8_197_live_final\claim_verification_results.jsonl,A01589,RULE_DISCOVERY,clafact-direct-value-generalization-v1,HUMAN_REVIEW,TARGET_VALUE_NOT_IN_SOURCE_SENTENCE,CLAIM_PARSE,N,HUMAN_REVIEW,TARGET_VALUE_NOT_IN_SOURCE_SENTENCE,CLAIM_PARSE,,,[],,,,N,,HUMAN_REVIEW,TARGET_VALUE_NOT_IN_SOURCE_SENTENCE,CLAIM_PARSE,,,[],,,,N,,,,,Y,KEEP_DIRECT_REQUIRES_RECOVERY,KEEP_DIRECT_VALUE,8.직접값,FAIL_CLOSED_SLOT_RECOVERY,,TARGET_VALUE_NOT_IN_SOURCE_SENTENCE,TARGET_VALUE_NOT_IN_SOURCE_SENTENCE,RULE_DISCOVERY,artifacts/direct_value_claim_reclassification_100_20260828/summary.json
복수문장직접값자식결과,A02633_4,claim_3e98d7f3646f6d9b,복수 수치에서 분리,8번 직접값,8번 직접값 유지,17일 국가데이터처가 발표한 ‘9월 고용동향’에 따르면 지난달 15세 이상 취업자는 2915만4000명으로 전년 동월 대비 31만2000명 증가했다.,2025-10-17,2.9154e+07명,취업자,29154000.0,명,2025년 9월,월,대한민국,15세 이상,"{""age"": ""15세 이상""}",DIRECT_VALUE,"{""direction"": ""INCREASE""}",AUTO_OK,KOSIS_PIPELINE_ELIGIBLE,HOLD,AMBIGUOUS_MARGIN,EVIDENCE_CELL,AMBIGUOUS_MARGIN,UNDETERMINED,,"[{""canonical_key"": ""ORG=101|TBL=DT_1DA7001S|ITM=T30|OBJ=B|MEMBER=계|PRD_SE=월|PRD_DE=2025-09"", ""dimension_codes"": {""B"": ""0""}, ""dimension_members"": {""B"": ""계""}, ""itm_id"": ""T30"", ""member_code"": ""계"", ""obj_id"": ""B"", ""org_id"": ""101"", ""prd_de"": ""2025-09"", ""prd_se"": ""월"", ""status"": ""CONFIRMED"", ""tbl_id"": ""DT_1DA7001S"", ""unit"": ""천명""}]",[],,,,,N,,,,,,,D:\projects\services\archived\clafact-auto\.worktrees\three-type-release\artifacts\direct_value_release_20260826\multi_type8_197_live_final\claim_verification_results.jsonl,A02633,RULE_DISCOVERY,clafact-direct-value-generalization-v1,HOLD,AMBIGUOUS_MARGIN,EVIDENCE_CELL,N,HOLD,AS_OF_UNAVAILABLE,OFFICIAL_VALUE_FETCH,UNDETERMINED,,"[{""canonical_key"": ""ORG=101|TBL=DT_1DA7001S|ITM=T30|OBJ=B|MEMBER=계|PRD_SE=월|PRD_DE=2025-09"", ""dimension_codes"": {""B"": ""0""}, ""dimension_members"": {""B"": ""계""}, ""itm_id"": ""T30"", ""member_code"": ""계"", ""obj_id"": ""B"", ""org_id"": ""101"", ""prd_de"": ""2025-09"", ""prd_se"": ""월"", ""status"": ""CONFIRMED"", ""tbl_id"": ""DT_1DA7001S"", ""unit"": ""천명""}]",https://kosis.kr/openapi/Param/statisticsParameterData.do?method=getList&orgId=101&tblId=DT_1DA7001S&itmId=T30&prdSe=M&startPrdDe=202509&endPrdDe=202509&objL1=0,1ceb4e43788b02b212d8c82ea12e658ffb2b3f358d5b500b2d527ebc18ce35af,VERIFIED,N,월간 전국 전체 취업자,HOLD,AS_OF_UNAVAILABLE,OFFICIAL_VALUE_FETCH,UNDETERMINED,,"[{""canonical_key"": ""ORG=101|TBL=DT_1DA7001S|ITM=T30|OBJ=B|MEMBER=계|PRD_SE=월|PRD_DE=2025-09"", ""dimension_codes"": {""B"": ""0""}, ""dimension_members"": {""B"": ""계""}, ""itm_id"": ""T30"", ""member_code"": ""계"", ""obj_id"": ""B"", ""org_id"": ""101"", ""prd_de"": ""2025-09"", ""prd_se"": ""월"", ""status"": ""CONFIRMED"", ""tbl_id"": ""DT_1DA7001S"", ""unit"": ""천명""}]",https://kosis.kr/openapi/Param/statisticsParameterData.do?method=getList&orgId=101&tblId=DT_1DA7001S&itmId=T30&prdSe=M&startPrdDe=202509&endPrdDe=202509&objL1=0,1ceb4e43788b02b212d8c82ea12e658ffb2b3f358d5b500b2d527ebc18ce35af,VERIFIED,N,OFFICIAL_RECURRING_BINDING_V1,Y,D:\projects\services\archived\clafact-auto\.worktrees\direct-value-coordinate-publication\artifacts\direct_value_coordinate_publication_v2\runs\discovery_v1\claim_verification_results.jsonl,동일,,,,,,,,,,
복수문장직접값자식결과,A01120_8,claim_41e97b8114d45aa9,복수 수치에서 분리,8번 직접값,8번 직접값 유지,지난해 우리나라 자동차 수출액(708억달러) 중에서 대미 수출액은 49%를 웃돌았다.,2025-03-28,,자동차 수출액 중 대미 수출액 비중,,%,2024년,년,대한민국,,"{""product"": ""자동차"", ""trade_partner"": ""미국""}",DIRECT_VALUE,,AUTO_OK,KOSIS_PIPELINE_ELIGIBLE,HOLD,KOSIS_CATALOG_UNAVAILABLE,,KOSIS 공식표 검색 요청이 일시적으로 실패함,,,[],[],,,,,N,59f90fde9693,,,,,,D:\projects\services\archived\clafact-auto\.worktrees\three-type-release\artifacts\direct_value_release_20260826\multi_type8_197_live_final\claim_verification_results.jsonl,A01120,RULE_DISCOVERY,clafact-direct-value-generalization-v1,HOLD,KOSIS_CATALOG_UNAVAILABLE,,N,HOLD,KOSIS_CATALOG_UNAVAILABLE,,,,[],,,,N,,HOLD,KOSIS_CATALOG_UNAVAILABLE,,,,[],,,,N,,,,,,,,,,,,,,
복수문장직접값자식결과,A00231_10,claim_4292bd4861a1b423,복수 수치에서 분리,8번 직접값,8번 직접값 유지,"지난 2022년 폴란드에 48대, 2023년 말레이시아에 18대를 수출하는 등 누적 수출액만 78억달러(약 11조3700억원)에 달한다.",2025-01-18,7.8e+09미국 달러,누적 수출액,7800000000.0,미국 달러,2025-01-18,누적,,,"{""trade_partner_examples"": ""폴란드, 말레이시아""}",DIRECT_VALUE,,HOLD,CONTEXT_REQUIRED,HUMAN_REVIEW,TARGET_VALUE_NOT_IN_SOURCE_SENTENCE,CLAIM_PARSE,TARGET_VALUE_NOT_IN_SOURCE_SENTENCE,,,[],[],,,,,N,,,,,,,D:\projects\services\archived\clafact-auto\.worktrees\three-type-release\artifacts\direct_value_release_20260826\multi_type8_197_live_final\claim_verification_results.jsonl,A00231,INTERMEDIATE_VALIDATION,clafact-direct-value-generalization-v1,HUMAN_REVIEW,TARGET_VALUE_NOT_IN_SOURCE_SENTENCE,CLAIM_PARSE,N,HUMAN_REVIEW,TARGET_VALUE_NOT_IN_SOURCE_SENTENCE,CLAIM_PARSE,,,[],,,,N,,HUMAN_REVIEW,TARGET_VALUE_NOT_IN_SOURCE_SENTENCE,CLAIM_PARSE,,,[],,,,N,,Y,D:\projects\services\archived\clafact-auto\.worktrees\direct-value-general-rules\artifacts\direct_value_generalization_v1\runs\intermediate_validation_full\claim_verification_results.jsonl,동일,Y,KEEP_DIRECT_REQUIRES_RECOVERY,KEEP_DIRECT_VALUE,8.직접값,FAIL_CLOSED_SLOT_RECOVERY,,TARGET_VALUE_NOT_IN_SOURCE_SENTENCE,TARGET_VALUE_NOT_IN_SOURCE_SENTENCE,INTERMEDIATE_VALIDATION,artifacts/direct_value_claim_reclassification_100_20260828/summary.json
복수문장직접값자식결과,A02028_21,claim_45833028dbca3e22,복수 수치에서 분리,8번 직접값,8번 직접값 유지,2022년 폴란드와 30억달러 규모 FA-50 48대 수출 계약은 또 다른 변곡점이었다.,2025-06-05,3e+09달러,수출액,3000000000.0,달러,2022,Y,,,,DIRECT_VALUE,,HUMAN_REVIEW,CONTEXT_REQUIRED,HUMAN_REVIEW,TARGET_NOT_FOUND_IN_SOURCE,CLAIM_PARSE,구조화된 대상 수치가 뉴스 원문에서 확인되지 않음,,,[],[],,,,,N,,,,,,,D:\projects\services\archived\clafact-auto\.worktrees\three-type-release\artifacts\direct_value_release_20260826\multi_type8_197_live_final\claim_verification_results.jsonl,A02028,INTERMEDIATE_VALIDATION,clafact-direct-value-generalization-v1,HUMAN_REVIEW,TARGET_NOT_FOUND_IN_SOURCE,CLAIM_PARSE,N,HUMAN_REVIEW,TARGET_NOT_FOUND_IN_SOURCE,CLAIM_PARSE,,,[],,,,N,,HUMAN_REVIEW,NON_STATISTICAL_PRIVATE_TRANSACTION,CLAIM_PARSE,,,[],,,,N,,Y,D:\projects\services\archived\clafact-auto\.worktrees\direct-value-coordinate-publication\artifacts\direct_value_coordinate_publication_v2\runs\intermediate_v2\claim_verification_results.jsonl,변경,Y,EXCLUDE_PRIVATE_TRANSACTION,EXCLUDE_FROM_KOSIS,검증 제외,NON_STATISTICAL_PRIVATE_TRANSACTION,,NON_STATISTICAL_PRIVATE_TRANSACTION,NON_STATISTICAL_PRIVATE_TRANSACTION,INTERMEDIATE_VALIDATION,artifacts/direct_value_claim_reclassification_100_20260828/summary.json
복수문장직접값자식결과,A01193_11,claim_4d7dc9ed0457a5f5,복수 수치에서 분리,8번 직접값,8번 직접값 유지,"같은 방식으로 비교했을 때 2023년까지만 해도 외국인과 노인 일자리 참여자 증가 규모는 11만8000명으로, 전체 취업자 증가 폭(32만7000명)보다 적었다.",2025-04-02,327000명,취업자 증가 폭,327000.0,명,2023년,,,전체 취업자,"{""item"": ""취업자""}",DIRECT_VALUE,,AUTO_OK,KOSIS_PIPELINE_ELIGIBLE,HOLD,LOW_SEMANTIC_SCORE,EVIDENCE_CELL,LOW_SEMANTIC_SCORE,UNDETERMINED,,"[{""canonical_key"": ""ORG=101|TBL=DT_1DA7001S|ITM=T30|OBJ=B|MEMBER=계|PRD_SE=월|분기|년|PRD_DE=2023"", ""dimension_codes"": {""B"": ""0""}, ""dimension_members"": {""B"": ""계""}, ""itm_id"": ""T30"", ""member_code"": ""계"", ""obj_id"": ""B"", ""org_id"": ""101"", ""prd_de"": ""2023"", ""prd_se"": ""월|분기|년"", ""status"": ""CONFIRMED"", ""tbl_id"": ""DT_1DA7001S"", ""unit"": ""천명""}]",[],,,,,N,,,,,,,D:\projects\services\archived\clafact-auto\.worktrees\three-type-release\artifacts\direct_value_release_20260826\multi_type8_197_live_final\claim_verification_results.jsonl,A01193,RULE_DISCOVERY,clafact-direct-value-generalization-v1,HOLD,LOW_SEMANTIC_SCORE,EVIDENCE_CELL,N,HOLD,LOW_SEMANTIC_SCORE,EVIDENCE_CELL,UNDETERMINED,,"[{""canonical_key"": ""ORG=101|TBL=DT_1DA7001S|ITM=T30|OBJ=B|MEMBER=계|PRD_SE=월|분기|년|PRD_DE=2023"", ""dimension_codes"": {""B"": ""0""}, ""dimension_members"": {""B"": ""계""}, ""itm_id"": ""T30"", ""member_code"": ""계"", ""obj_id"": ""B"", ""org_id"": ""101"", ""prd_de"": ""2023"", ""prd_se"": ""월|분기|년"", ""status"": ""CONFIRMED"", ""tbl_id"": ""DT_1DA7001S"", ""unit"": ""천명""}]",,,,N,,HOLD,LOW_SEMANTIC_SCORE,EVIDENCE_CELL,UNDETERMINED,,"[{""canonical_key"": ""ORG=101|TBL=DT_1DA7001S|ITM=T30|OBJ=B|MEMBER=계|PRD_SE=월|분기|년|PRD_DE=2023"", ""dimension_codes"": {""B"": ""0""}, ""dimension_members"": {""B"": ""계""}, ""itm_id"": ""T30"", ""member_code"": ""계"", ""obj_id"": ""B"", ""org_id"": ""101"", ""prd_de"": ""2023"", ""prd_se"": ""월|분기|년"", ""status"": ""CONFIRMED"", ""tbl_id"": ""DT_1DA7001S"", ""unit"": ""천명""}]",,,,N,,,,,,,,,,,,,,
복수문장직접값자식결과,A02203_5,claim_4e7f395f77940f8f,복수 수치에서 분리,8번 직접값,8번 직접값 유지,생활 물가와 소비자물가 차이는 작년 상반기 0.6%포인트에서 하반기 0.1%포인트로 줄었다가 올해 1~5월 0.4%포인트로 다시 확대되는 추세다.,2025-06-19,0.4%포인트,생활물가와 소비자물가의 차이,0.4,%포인트,2025년 1~5월,1~5월,,,"{""물가_유형"": ""생활물가와 소비자물가""}",DIRECT_VALUE,"{""direction"": ""INCREASE""}",AUTO_OK,KOSIS_PIPELINE_ELIGIBLE,HOLD,NO_HARD_GUARD_CANDIDATE,HARD_GUARD,기간·단위·지역 등 필수 조건을 모두 만족하는 공식표 후보가 없음,UNDETERMINED,,[],[],,,,,N,,,,,,,D:\projects\services\archived\clafact-auto\.worktrees\three-type-release\artifacts\direct_value_release_20260826\multi_type8_197_live_final\claim_verification_results.jsonl,A02203,RULE_DISCOVERY,clafact-direct-value-generalization-v1,HOLD,NO_HARD_GUARD_CANDIDATE,HARD_GUARD,N,HOLD,NO_HARD_GUARD_CANDIDATE,HARD_GUARD,UNDETERMINED,,[],,,,N,,HOLD,KOSIS_CATALOG_UNAVAILABLE,CLAIM_PARSE,,,[],,,,N,,Y,D:\projects\services\archived\clafact-auto\.worktrees\direct-value-coordinate-publication\artifacts\direct_value_coordinate_62_v1\runs\discovery_v2\claim_verification_results.jsonl,변경,,,,,,,,,,
복수문장직접값자식결과,A01737_9,claim_4e8f4bec36b92b41,복수 수치에서 분리,8번 직접값,8번 직접값 유지,반면 15~29세 청년층 고용률은 45.3%로 전년 동월 대비 0.9%포인트 감소했다.,2025-05-14,45.3%,고용률,45.3,%,2025년 4월,월,,청년층,"{""age"": ""15~29세""}",DIRECT_VALUE,"{""direction"": ""DECREASE""}",AUTO_OK,KOSIS_PIPELINE_ELIGIBLE,HOLD,NO_EVIDENCE_COORDINATE_CANDIDATE,HARD_GUARD,공식표는 찾았지만 기사 조건에 맞는 항목·지역·기간 좌표를 확정하지 못함,UNDETERMINED,,[],[],,,,,N,,,,,,,D:\projects\services\archived\clafact-auto\.worktrees\three-type-release\artifacts\direct_value_release_20260826\multi_type8_197_live_final\claim_verification_results.jsonl,A01737,RULE_DISCOVERY,clafact-direct-value-generalization-v1,HOLD,NO_EVIDENCE_COORDINATE_CANDIDATE,HARD_GUARD,N,AUTO,WITHIN_TOLERANCE,VERDICT,MATCH,45.3,"[{""canonical_key"": ""ORG=101|TBL=DT_1DA7002S|ITM=T90|OBJ=G|MEMBER=15 - 29세|PRD_SE=월|PRD_DE=2025-04"", ""dimension_codes"": {""G"": ""75""}, ""dimension_members"": {""G"": ""15 - 29세""}, ""itm_id"": ""T90"", ""member_code"": ""15 - 29세"", ""obj_id"": ""G"", ""org_id"": ""101"", ""prd_de"": ""2025-04"", ""prd_se"": ""월"", ""status"": ""CONFIRMED"", ""tbl_id"": ""DT_1DA7002S"", ""unit"": ""%""}]",https://kosis.kr/openapi/Param/statisticsParameterData.do?method=getList&orgId=101&tblId=DT_1DA7002S&itmId=T90&prdSe=M&startPrdDe=202504&endPrdDe=202504&objL1=75,d9ed4590c2e704125084cf21abf05268900b4442139a0b08338700828f8462f2,VERIFIED,Y,월간 연령별 고용률,AUTO,WITHIN_TOLERANCE,VERDICT,MATCH,45.3,"[{""canonical_key"": ""ORG=101|TBL=DT_1DA7002S|ITM=T90|OBJ=G|MEMBER=15 - 29세|PRD_SE=월|PRD_DE=2025-04"", ""dimension_codes"": {""G"": ""75""}, ""dimension_members"": {""G"": ""15 - 29세""}, ""itm_id"": ""T90"", ""member_code"": ""15 - 29세"", ""obj_id"": ""G"", ""org_id"": ""101"", ""prd_de"": ""2025-04"", ""prd_se"": ""월"", ""status"": ""CONFIRMED"", ""tbl_id"": ""DT_1DA7002S"", ""unit"": ""%""}]",https://kosis.kr/openapi/Param/statisticsParameterData.do?method=getList&orgId=101&tblId=DT_1DA7002S&itmId=T90&prdSe=M&startPrdDe=202504&endPrdDe=202504&objL1=75,d9ed4590c2e704125084cf21abf05268900b4442139a0b08338700828f8462f2,VERIFIED,Y,월간 연령별 고용률,,,,,,,,,,,,,
복수문장직접값자식결과,A00735_6,claim_5095c98de43d1375,복수 수치에서 분리,8번 직접값,8번 직접값 유지,"하지만 작년 8월 2.1%로 낮췄고, 수출 둔화세가 본격화한 작년 3분기(7~9월) 이후인 작년 11월에는 이를 1.9%로 내려잡았다.",2025-02-26,1.9%,,1.9,%,작년 11월,,,,,DIRECT_VALUE,"{""direction"": ""DECREASE""}",HOLD,STRUCTURAL_HOLD,HUMAN_REVIEW,CLAIM_PARSE_UNCERTAIN,CLAIM_PARSE,"목표 수치 1.9%와 기준 수치 2.1%는 명확하지만, 대명사 '이를'이 가리키는 구체적 지표가 문장에 명시되지 않음",,,[],[],,,,,N,,"목표 수치 1.9%와 기준 수치 2.1%는 명확하지만, 대명사 '이를'이 가리키는 구체적 지표가 문장에 명시되지 않음",,,,,D:\projects\services\archived\clafact-auto\.worktrees\three-type-release\artifacts\direct_value_release_20260826\multi_type8_197_live_final\claim_verification_results.jsonl,A00735,INTERMEDIATE_VALIDATION,clafact-direct-value-generalization-v1,HUMAN_REVIEW,CLAIM_PARSE_UNCERTAIN,CLAIM_PARSE,N,HUMAN_REVIEW,CLAIM_PARSE_UNCERTAIN,CLAIM_PARSE,,,[],,,,N,,HUMAN_REVIEW,"목표 수치 1.9%와 기준 수치 2.1%는 명확하지만, 대명사 '이를'이 가리키는 구체적 지표가 문장에 명시되지 않음",CLAIM_PARSE,,,[],,,,N,,Y,D:\projects\services\archived\clafact-auto\.worktrees\direct-value-general-rules\artifacts\direct_value_generalization_v1\runs\intermediate_validation_full\claim_verification_results.jsonl,변경,Y,KEEP_DIRECT_REQUIRES_RECOVERY,KEEP_DIRECT_VALUE,8.직접값,FAIL_CLOSED_SLOT_RECOVERY,1.9%,"목표 수치 1.9%와 기준 수치 2.1%는 명확하지만, 대명사 '이를'이 가리키는 구체적 지표가 문장에 명시되지 않음","목표 수치 1.9%와 기준 수치 2.1%는 명확하지만, 대명사 '이를'이 가리키는 구체적 지표가 문장에 명시되지 않음",INTERMEDIATE_VALIDATION,artifacts/direct_value_claim_reclassification_100_20260828/summary.json
복수문장직접값자식결과,A02010_4,claim_51a6496f4aa68666,복수 수치에서 분리,8번 직접값,8번 직접값 유지,4일 통계청에 따르면 5월 소비자 물가 지수는 116.27(2020년을 100으로 본 상대적 지수)로 전년 동월 대비 1.9% 올랐다.,2025-06-04,116.27지수(2020년=100),소비자물가지수,116.27,지수(2020년=100),2025년 5월,월,,,"{""base_period"": ""2020=100""}",DIRECT_VALUE,"{""direction"": ""INCREASE""}",HOLD,CONTEXT_REQUIRED,HUMAN_REVIEW,TARGET_VALUE_NOT_IN_SOURCE_SENTENCE,CLAIM_PARSE,TARGET_VALUE_NOT_IN_SOURCE_SENTENCE,,,[],[],,,,,N,,,,,,,D:\projects\services\archived\clafact-auto\.worktrees\three-type-release\artifacts\direct_value_release_20260826\multi_type8_197_live_final\claim_verification_results.jsonl,A02010,RULE_DISCOVERY,clafact-direct-value-generalization-v1,HUMAN_REVIEW,TARGET_VALUE_NOT_IN_SOURCE_SENTENCE,CLAIM_PARSE,N,HUMAN_REVIEW,TARGET_VALUE_NOT_IN_SOURCE_SENTENCE,CLAIM_PARSE,,,[],,,,N,,HUMAN_REVIEW,TARGET_VALUE_NOT_IN_SOURCE_SENTENCE,CLAIM_PARSE,,,[],,,,N,,,,,Y,KEEP_DIRECT_REQUIRES_RECOVERY,KEEP_DIRECT_VALUE,8.직접값,FAIL_CLOSED_SLOT_RECOVERY,,TARGET_VALUE_NOT_IN_SOURCE_SENTENCE,TARGET_VALUE_NOT_IN_SOURCE_SENTENCE,RULE_DISCOVERY,artifacts/direct_value_claim_reclassification_100_20260828/summary.json
복수문장직접값자식결과,A02569_31,claim_51d22b2304b36c5e,복수 수치에서 분리,8번 직접값,8번 직접값 유지,특히 20대 쉬었음 인구는 39만6000명으로 전년 동월 대비 2000명 늘었다.,2025-07-17,396000명,쉬었음 인구,396000.0,명,,월,전국,20대,,DIRECT_VALUE,"{""direction"": ""INCREASE""}",HOLD,CONTEXT_REQUIRED,HUMAN_REVIEW,CLAIM_PARSE_UNCERTAIN,CLAIM_PARSE,목표값은 명확하지만 기사 본문에 기준 시점(해당 월)이 명시되지 않아 target time을 확정할 수 없음,,,[],[],,,,,N,,목표값은 명확하지만 기사 본문에 기준 시점(해당 월)이 명시되지 않아 target time을 확정할 수 없음,,,,,D:\projects\services\archived\clafact-auto\.worktrees\three-type-release\artifacts\direct_value_release_20260826\multi_type8_197_live_final\claim_verification_results.jsonl,A02569,RULE_DISCOVERY,clafact-direct-value-generalization-v1,HUMAN_REVIEW,CLAIM_PARSE_UNCERTAIN,CLAIM_PARSE,N,HUMAN_REVIEW,CLAIM_PARSE_UNCERTAIN,CLAIM_PARSE,,,[],,,,N,,HUMAN_REVIEW,CLAIM_PARSE_UNCERTAIN,CLAIM_PARSE,,,[],,,,N,,,,,Y,KEEP_DIRECT_REQUIRES_RECOVERY,KEEP_DIRECT_VALUE,8.직접값,FAIL_CLOSED_SLOT_RECOVERY,39만6000명,CLAIM_PARSE_UNCERTAIN,CLAIM_PARSE_UNCERTAIN,RULE_DISCOVERY,artifacts/direct_value_claim_reclassification_100_20260828/summary.json
복수문장직접값자식결과,A01737_5,claim_535e5c9e6674fa0e,복수 수치에서 분리,8번 직접값,8번 직접값 유지,지난 1월(13만5000명)부터 4개월 연속으로 취업자 증가폭이 10만명대를 기록한 것이다.,2025-05-14,100000명,취업자 증가폭,100000.0,명,지난 1월부터 4개월 연속,월,,취업자,,DIRECT_VALUE,"{""duration"": ""4개월 연속"", ""range_expression"": ""10만명대""}",HOLD,STRUCTURAL_HOLD,HUMAN_REVIEW,CLAIM_PARSE_UNCERTAIN,CLAIM_PARSE,"‘10만명대’는 정확한 단일 수치가 아닌 범위 표현이며, 4개월 연속이라는 기간에 걸친 주장이라 확정값으로 자동 구조화하기 어렵습니다.",,,[],[],,,,,N,,"‘10만명대’는 정확한 단일 수치가 아닌 범위 표현이며, 4개월 연속이라는 기간에 걸친 주장이라 확정값으로 자동 구조화하기 어렵습니다.",,,,,D:\projects\services\archived\clafact-auto\.worktrees\three-type-release\artifacts\direct_value_release_20260826\multi_type8_197_live_final\claim_verification_results.jsonl,A01737,RULE_DISCOVERY,clafact-direct-value-generalization-v1,HUMAN_REVIEW,CLAIM_PARSE_UNCERTAIN,CLAIM_PARSE,N,HUMAN_REVIEW,CLAIM_PARSE_UNCERTAIN,CLAIM_PARSE,,,[],,,,N,,HUMAN_REVIEW,CLAIM_PARSE_UNCERTAIN,CLAIM_PARSE,,,[],,,,N,,,,,Y,KEEP_DIRECT_RECOVERED,KEEP_DIRECT_VALUE,8.직접값,SOURCE_GROUNDED_DIRECT_VALUE,10만명,CLAIM_PARSE_UNCERTAIN,SOURCE_GROUNDED_DIRECT_VALUE,RULE_DISCOVERY,artifacts/direct_value_claim_reclassification_100_20260828/summary.json
복수문장직접값자식결과,A01539_13,claim_57da797b1c0ab29f,복수 수치에서 분리,8번 직접값,8번 직접값 유지,"◇반도체로 2만불, 車로 3만불 시대… ‘4만불 엔진’은 안 보여 1만729달러(1994년)→2만162달러(2005년)→3만667달러(2014년). 한국 경제는 1인당 GDP가 1만달러 간격의 허들을 넘을 때마다 확실한 동력을 갖고 있었다.",2025-04-29,30667달러,1인당 GDP,30667.0,달러,2014,,한국,1인당,,DIRECT_VALUE,,AUTO_OK,KOSIS_PIPELINE_ELIGIBLE,HOLD,NO_EVIDENCE_COORDINATE_CANDIDATE,HARD_GUARD,공식표는 찾았지만 기사 조건에 맞는 항목·지역·기간 좌표를 확정하지 못함,UNDETERMINED,,[],[],,,,,N,,,,,,,D:\projects\services\archived\clafact-auto\.worktrees\three-type-release\artifacts\direct_value_release_20260826\multi_type8_197_live_final\claim_verification_results.jsonl,A01539,RULE_DISCOVERY,clafact-direct-value-generalization-v1,HOLD,NO_EVIDENCE_COORDINATE_CANDIDATE,HARD_GUARD,N,HOLD,NO_EVIDENCE_COORDINATE_CANDIDATE,HARD_GUARD,UNDETERMINED,,[],,,,N,,HOLD,KOSIS_CATALOG_UNAVAILABLE,CLAIM_PARSE,,,[],,,,N,,Y,D:\projects\services\archived\clafact-auto\.worktrees\direct-value-coordinate-publication\artifacts\direct_value_coordinate_62_v1\runs\discovery_v2\claim_verification_results.jsonl,변경,,,,,,,,,,
복수문장직접값자식결과,A01733_8,claim_5a77a353ce8f1a1d,복수 수치에서 분리,8번 직접값,8번 직접값 유지,KDI는 통상 여건 악화로 올해 상품 수출이 -0.4%를 기록하고 경기 부진으로 상품 수입 역시 0%로 둔화될 것으로 봤다.,2025-05-14,0%,수입 증가율,0.0,%,올해,연간,,,"{""item"": ""상품""}",DIRECT_VALUE,"{""cause"": ""경기 부진""}",HOLD,STRUCTURAL_HOLD,HUMAN_REVIEW,CLAIM_PARSE_UNCERTAIN,CLAIM_PARSE,문장에 상품 수출 -0.4%와 상품 수입 0%라는 서로 독립적으로 검증 가능한 두 수치가 함께 제시되어 단일 Claim으로 확정하기 어렵습니다.,,,[],[],,,,,N,,문장에 상품 수출 -0.4%와 상품 수입 0%라는 서로 독립적으로 검증 가능한 두 수치가 함께 제시되어 단일 Claim으로 확정하기 어렵습니다.,,,,,D:\projects\services\archived\clafact-auto\.worktrees\three-type-release\artifacts\direct_value_release_20260826\multi_type8_197_live_final\claim_verification_results.jsonl,A01733,FINAL_BLIND,clafact-direct-value-generalization-v1,HUMAN_REVIEW,CLAIM_PARSE_UNCERTAIN,CLAIM_PARSE,N,HUMAN_REVIEW,CLAIM_PARSE_UNCERTAIN,CLAIM_PARSE,,,[],,,,N,,HUMAN_REVIEW,NON_OBSERVED_FORECAST,CLAIM_PARSE,,,[],,,,N,OBSERVATION_STATUS_GUARD_V1,Y,D:\projects\services\archived\clafact-auto\.worktrees\direct-value-general-rules\artifacts\direct_value_generalization_v1\runs\final_blind_full\claim_verification_results.jsonl,변경,Y,EXCLUDE_FORECAST,EXCLUDE_FROM_KOSIS,검증 제외,NON_OBSERVED_FORECAST,,NON_OBSERVED_FORECAST,NON_OBSERVED_FORECAST,FINAL_BLIND,artifacts/direct_value_claim_reclassification_100_20260828/summary.json
복수문장직접값자식결과,A02096_18,claim_5be8d71af5c168a2,복수 수치에서 분리,8번 직접값,8번 직접값 유지,"일도, 구직 활동도 하지 않은 채 그냥 시간을 보냈다는 ‘쉬었음’ 인구는 지난달 239만명으로 전년 동월 대비 5만6000명 증가했다.",2025-06-11,2.39e+06명,쉬었음 인구,2390000.0,명,2025년 5월,월,,"일도, 구직 활동도 하지 않은 사람 및 구직 활동도 하지 않은 사람 중 그냥 시간을 보낸 인구",,DIRECT_VALUE,,AUTO_OK,KOSIS_PIPELINE_ELIGIBLE,HOLD,NO_EVIDENCE_COORDINATE_CANDIDATE,HARD_GUARD,공식표는 찾았지만 기사 조건에 맞는 항목·지역·기간 좌표를 확정하지 못함,UNDETERMINED,,[],[],,,,,N,,,,,,,D:\projects\services\archived\clafact-auto\.worktrees\three-type-release\artifacts\direct_value_release_20260826\multi_type8_197_live_final\claim_verification_results.jsonl,A02096,RULE_DISCOVERY,clafact-direct-value-generalization-v1,HOLD,NO_EVIDENCE_COORDINATE_CANDIDATE,HARD_GUARD,N,HOLD,NO_EVIDENCE_COORDINATE_CANDIDATE,HARD_GUARD,UNDETERMINED,,[],,,,N,,AUTO,WITHIN_TOLERANCE,OFFICIAL_VALUE_FETCH,MATCH,2390000.0,"[{""canonical_key"": ""ORG=101|TBL=DT_1DA7147S|ITM=T50|OBJ=G|MEMBER=계|PRD_SE=월|PRD_DE=2025-05|DIMS=G:계,M:쉬었음"", ""dimension_codes"": {""G"": ""00"", ""M"": ""905""}, ""dimension_members"": {""G"": ""계"", ""M"": ""쉬었음""}, ""itm_id"": ""T50"", ""member_code"": ""계"", ""obj_id"": ""G"", ""org_id"": ""101"", ""prd_de"": ""2025-05"", ""prd_se"": ""월"", ""status"": ""CONFIRMED"", ""tbl_id"": ""DT_1DA7147S"", ""unit"": ""천명""}]",https://kosis.kr/openapi/Param/statisticsParameterData.do?method=getList&orgId=101&tblId=DT_1DA7147S&itmId=T50&prdSe=M&startPrdDe=202505&endPrdDe=202505&objL1=00&objL2=905|https://www.kostat.go.kr/boardDownload.es?bid=210&list_no=437043&seq=2,65df2d86ad297b876c5fd92d5d53839f525976d00366c9bda4579da2762dfbb9|5686ba82b8fbbb8d224d2928b92c7cef24afab2f2fd52ede7b0736defc5d04b0,VERIFIED,Y,OFFICIAL_RECURRING_BINDING_V1|OFFICIAL_AUTHOR_FALLBACK_V1,Y,D:\projects\services\archived\clafact-auto\.worktrees\direct-value-coordinate-publication\artifacts\direct_value_coordinate_publication_v2\runs\discovery_v1\claim_verification_results.jsonl,변경,,,,,,,,,,
복수문장직접값자식결과,A02184_15,claim_5bf21e8b888c9fcd,복수 수치에서 분리,8번 직접값,8번 직접값 유지,"지난 1분기 기준 30대 고졸 실업률은 4.2%인 반면, 대졸 이상은 2.4%에 그쳤다.",2025-06-17,4.2%,실업률,4.2,%,지난 1분기,분기,,30대,"{""학력"": ""고졸""}",DIRECT_VALUE,,HOLD,STRUCTURAL_HOLD,HUMAN_REVIEW,CLAIM_PARSE_UNCERTAIN,CLAIM_PARSE,"중심 수치와 비교 수치가 함께 제시되지만, 두 학력 집단의 독립적인 실업률을 하나의 단일 목표 수치로 구조화해야 하므로 비교 수치의 표준 슬롯 처리가 불충분함",,,[],[],,,,,N,,"중심 수치와 비교 수치가 함께 제시되지만, 두 학력 집단의 독립적인 실업률을 하나의 단일 목표 수치로 구조화해야 하므로 비교 수치의 표준 슬롯 처리가 불충분함",,,,,D:\projects\services\archived\clafact-auto\.worktrees\three-type-release\artifacts\direct_value_release_20260826\multi_type8_197_live_final\claim_verification_results.jsonl,A02184,RULE_DISCOVERY,clafact-direct-value-generalization-v1,HUMAN_REVIEW,CLAIM_PARSE_UNCERTAIN,CLAIM_PARSE,N,AUTO,WITHIN_TOLERANCE,VERDICT,MATCH,4.2,"[{""canonical_key"": ""ORG=101|TBL=DT_1DA7105S|ITM=T80|OBJ=G|MEMBER=30 - 39세|PRD_SE=분기|PRD_DE=2025-Q1|DIMS=G:30 - 39세,H:고졸"", ""dimension_codes"": {""G"": ""30"", ""H"": ""30""}, ""dimension_members"": {""G"": ""30 - 39세"", ""H"": ""고졸""}, ""itm_id"": ""T80"", ""member_code"": ""30 - 39세"", ""obj_id"": ""G"", ""org_id"": ""101"", ""prd_de"": ""2025-Q1"", ""prd_se"": ""분기"", ""status"": ""CONFIRMED"", ""tbl_id"": ""DT_1DA7105S"", ""unit"": ""%""}]",https://kosis.kr/openapi/Param/statisticsParameterData.do?method=getList&orgId=101&tblId=DT_1DA7105S&itmId=T80&prdSe=Q&startPrdDe=202501&endPrdDe=202501&objL1=30&objL2=30,0f55fe483a31a7979ea3182621e204885afa7d5cdf764a94de2e648fcc1304ea,VERIFIED,Y,분기 연령·학력별 실업률,AUTO,WITHIN_TOLERANCE,VERDICT,MATCH,4.2,"[{""canonical_key"": ""ORG=101|TBL=DT_1DA7105S|ITM=T80|OBJ=G|MEMBER=30 - 39세|PRD_SE=분기|PRD_DE=2025-Q1|DIMS=G:30 - 39세,H:고졸"", ""dimension_codes"": {""G"": ""30"", ""H"": ""30""}, ""dimension_members"": {""G"": ""30 - 39세"", ""H"": ""고졸""}, ""itm_id"": ""T80"", ""member_code"": ""30 - 39세"", ""obj_id"": ""G"", ""org_id"": ""101"", ""prd_de"": ""2025-Q1"", ""prd_se"": ""분기"", ""status"": ""CONFIRMED"", ""tbl_id"": ""DT_1DA7105S"", ""unit"": ""%""}]",https://kosis.kr/openapi/Param/statisticsParameterData.do?method=getList&orgId=101&tblId=DT_1DA7105S&itmId=T80&prdSe=Q&startPrdDe=202501&endPrdDe=202501&objL1=30&objL2=30,0f55fe483a31a7979ea3182621e204885afa7d5cdf764a94de2e648fcc1304ea,VERIFIED,Y,분기 연령·학력별 실업률,,,,,,,,,,,,,
복수문장직접값자식결과,A01584_3,claim_5c09a68c75dde0e2,복수 수치에서 분리,8번 직접값,8번 직접값 유지,"2일 통계청이 발표한 ‘4월 소비자물가 동향’에 따르면, 지난달 소비자물가 지수는 116.38로 전년 동월 대비 2.1% 올랐다.",2025-05-02,116.38지수,소비자물가지수,116.38,지수,2025년 4월,월,,,,DIRECT_VALUE,"{""direction"": ""INCREASE""}",HOLD,CONTEXT_REQUIRED,HUMAN_REVIEW,TARGET_VALUE_NOT_IN_SOURCE_SENTENCE,CLAIM_PARSE,TARGET_VALUE_NOT_IN_SOURCE_SENTENCE,,,[],[],,,,,N,,,,,,,D:\projects\services\archived\clafact-auto\.worktrees\three-type-release\artifacts\direct_value_release_20260826\multi_type8_197_live_final\claim_verification_results.jsonl,A01584,RULE_DISCOVERY,clafact-direct-value-generalization-v1,HUMAN_REVIEW,TARGET_VALUE_NOT_IN_SOURCE_SENTENCE,CLAIM_PARSE,N,HUMAN_REVIEW,TARGET_VALUE_NOT_IN_SOURCE_SENTENCE,CLAIM_PARSE,,,[],,,,N,,HUMAN_REVIEW,TARGET_VALUE_NOT_IN_SOURCE_SENTENCE,CLAIM_PARSE,,,[],,,,N,,,,,Y,KEEP_DIRECT_REQUIRES_RECOVERY,KEEP_DIRECT_VALUE,8.직접값,FAIL_CLOSED_SLOT_RECOVERY,,TARGET_VALUE_NOT_IN_SOURCE_SENTENCE,TARGET_VALUE_NOT_IN_SOURCE_SENTENCE,RULE_DISCOVERY,artifacts/direct_value_claim_reclassification_100_20260828/summary.json
복수문장직접값자식결과,A01565_13,claim_5f13c1222537880e,복수 수치에서 분리,8번 직접값,8번 직접값 유지,올해 두나무를 포함해 자산총액이 11조6000억원(최근 명목 GDP 확정치의 0.5%) 이상인 기업집단 46곳이 상호출자제한기업집단으로 지정됐다.,2025-05-01,46곳,상호출자제한기업집단 지정 기업집단 수,46.0,곳,2025년,년,대한민국,기업집단,"{""지정기준"": ""자산총액 11조6000억원 이상"", ""포함기업"": ""두나무""}",DIRECT_VALUE,,AUTO_OK,KOSIS_PIPELINE_ELIGIBLE,HOLD,NO_HARD_GUARD_CANDIDATE,HARD_GUARD,기간·단위·지역 등 필수 조건을 모두 만족하는 공식표 후보가 없음,UNDETERMINED,,[],[],,,,,N,,,,,,,D:\projects\services\archived\clafact-auto\.worktrees\three-type-release\artifacts\direct_value_release_20260826\multi_type8_197_live_final\claim_verification_results.jsonl,A01565,RULE_DISCOVERY,clafact-direct-value-generalization-v1,HOLD,NO_HARD_GUARD_CANDIDATE,HARD_GUARD,N,HOLD,NO_HARD_GUARD_CANDIDATE,HARD_GUARD,UNDETERMINED,,[],,,,N,,HOLD,NO_HARD_GUARD_CANDIDATE,HARD_GUARD,UNDETERMINED,,[],,,,N,,Y,D:\projects\services\archived\clafact-auto\.worktrees\direct-value-coordinate-publication\artifacts\direct_value_coordinate_62_v1\runs\discovery_v2\claim_verification_results.jsonl,동일,,,,,,,,,,
복수문장직접값자식결과,A02661_3,claim_5f58fe9138cdce63,복수 수치에서 분리,8번 직접값,8번 직접값 유지,"국가데이터처가 28일 발표한 '2025년 상반기 지역별 고용조사'에 따르면, 상반기 비거주복지시설운영업 취업자는 지난해 상반기보다 168만8000명으로 13만5000명 증가해 산업소분류 가운데 가장 큰 폭으로 늘었다.",2025-10-28,1.688e+06명,취업자,1688000.0,명,2025년 상반기,반기,대한민국,비거주복지시설운영업 취업자,"{""industry"": ""비거주복지시설운영업""}",DIRECT_VALUE,"{""direction"": ""INCREASE"", ""ranking_statement"": ""산업소분류 가운데 가장 큰 폭으로 증가""}",AUTO_OK,KOSIS_PIPELINE_ELIGIBLE,HOLD,NO_HARD_GUARD_CANDIDATE,HARD_GUARD,기간·단위·지역 등 필수 조건을 모두 만족하는 공식표 후보가 없음,UNDETERMINED,,[],[],,,,,N,,,,,,,D:\projects\services\archived\clafact-auto\.worktrees\three-type-release\artifacts\direct_value_release_20260826\multi_type8_197_live_final\claim_verification_results.jsonl,A02661,FINAL_BLIND,clafact-direct-value-generalization-v1,HOLD,NO_HARD_GUARD_CANDIDATE,HARD_GUARD,N,HOLD,NO_HARD_GUARD_CANDIDATE,HARD_GUARD,UNDETERMINED,,[],,,,N,,HOLD,NO_HARD_GUARD_CANDIDATE,HARD_GUARD,UNDETERMINED,,[],,,,N,,Y,D:\projects\services\archived\clafact-auto\.worktrees\direct-value-coordinate-publication\artifacts\direct_value_coordinate_62_v1\runs\final_blind_v1\claim_verification_results.jsonl,동일,,,,,,,,,,
복수문장직접값자식결과,A00621_5,claim_67d855f110aaaca9,복수 수치에서 분리,8번 직접값,8번 직접값 유지,하지만 ‘양질의 일자리’로 꼽히는 제조업 분야 취업자 수는 5만6000명 줄어든 439만6000명으로 집계됐다.,2025-02-17,4.396e+06명,취업자 수,4396000.0,명,,,,,"{""산업"": ""제조업""}",DIRECT_VALUE,,HOLD,STRUCTURAL_HOLD,HUMAN_REVIEW,CLAIM_PARSE_UNCERTAIN,CLAIM_PARSE,MISSING_REQUIRED_SLOTS:time,,,[],[],,,,,N,,MISSING_REQUIRED_SLOTS:time,,,,,D:\projects\services\archived\clafact-auto\.worktrees\three-type-release\artifacts\direct_value_release_20260826\multi_type8_197_live_final\claim_verification_results.jsonl,A00621,INTERMEDIATE_VALIDATION,clafact-direct-value-generalization-v1,HUMAN_REVIEW,CLAIM_PARSE_UNCERTAIN,CLAIM_PARSE,N,HUMAN_REVIEW,CLAIM_PARSE_UNCERTAIN,CLAIM_PARSE,,,[],,,,N,,HUMAN_REVIEW,MISSING_REQUIRED_SLOTS:time,CLAIM_PARSE,,,[],,,,N,,Y,D:\projects\services\archived\clafact-auto\.worktrees\direct-value-general-rules\artifacts\direct_value_generalization_v1\runs\intermediate_validation_full\claim_verification_results.jsonl,변경,Y,KEEP_DIRECT_REQUIRES_RECOVERY,KEEP_DIRECT_VALUE,8.직접값,FAIL_CLOSED_SLOT_RECOVERY,439만6000명,MISSING_REQUIRED_SLOTS:time,MISSING_REQUIRED_SLOTS:time,INTERMEDIATE_VALIDATION,artifacts/direct_value_claim_reclassification_100_20260828/summary.json
복수문장직접값자식결과,A02701_3,claim_68783c5d74281af2,복수 수치에서 분리,8번 직접값,8번 직접값 유지,"9일 국가데이터처의 경제활동인구 마이크로데이터에 따르면, 1964년생 상용근로자는 2023년 기준(59세) 29만1000명이었으나 지난해(60세)에는 23만7000명으로 5만4000명 감소했다.",2025-11-09,237000명,상용근로자 수,237000.0,명,2024,연간,,1964년생 상용근로자,"{""age"": ""60세""}",DIRECT_VALUE,,AUTO_OK,KOSIS_PIPELINE_ELIGIBLE,HOLD,NO_HARD_GUARD_CANDIDATE,HARD_GUARD,기간·단위·지역 등 필수 조건을 모두 만족하는 공식표 후보가 없음,UNDETERMINED,,[],[],,,,,N,,,,,,,D:\projects\services\archived\clafact-auto\.worktrees\three-type-release\artifacts\direct_value_release_20260826\multi_type8_197_live_final\claim_verification_results.jsonl,A02701,FINAL_BLIND,clafact-direct-value-generalization-v1,HOLD,NO_HARD_GUARD_CANDIDATE,HARD_GUARD,N,HOLD,NO_HARD_GUARD_CANDIDATE,HARD_GUARD,UNDETERMINED,,[],,,,N,,HOLD,NO_HARD_GUARD_CANDIDATE,HARD_GUARD,UNDETERMINED,,[],,,,N,,Y,D:\projects\services\archived\clafact-auto\.worktrees\direct-value-coordinate-publication\artifacts\direct_value_coordinate_62_v1\runs\final_blind_v1\claim_verification_results.jsonl,동일,,,,,,,,,,
복수문장직접값자식결과,A01798_9,claim_68f111412bb9df44,복수 수치에서 분리,8번 직접값,8번 직접값 유지,그런데 1~4월 고등어 수출량은 3만7888톤으로 전년 동월(1만4178톤) 대비 167%나 폭증했다.,2025-05-19,37888톤,수출량,37888.0,톤,2025년 1~4월,1~4월 누계,,,"{""품목"": ""고등어""}",DIRECT_VALUE,,AUTO_OK,KOSIS_PIPELINE_ELIGIBLE,HOLD,NO_HARD_GUARD_CANDIDATE,HARD_GUARD,기간·단위·지역 등 필수 조건을 모두 만족하는 공식표 후보가 없음,UNDETERMINED,,[],[],,,,,N,,,,,,,D:\projects\services\archived\clafact-auto\.worktrees\three-type-release\artifacts\direct_value_release_20260826\multi_type8_197_live_final\claim_verification_results.jsonl,A01798,RULE_DISCOVERY,clafact-direct-value-generalization-v1,HOLD,NO_HARD_GUARD_CANDIDATE,HARD_GUARD,N,HOLD,NO_HARD_GUARD_CANDIDATE,HARD_GUARD,UNDETERMINED,,[],,,,N,,HOLD,NO_HARD_GUARD_CANDIDATE,HARD_GUARD,UNDETERMINED,,[],,,,N,,Y,D:\projects\services\archived\clafact-auto\.worktrees\direct-value-coordinate-publication\artifacts\direct_value_coordinate_62_v1\runs\discovery_v2\claim_verification_results.jsonl,동일,,,,,,,,,,
복수문장직접값자식결과,A00630_16,claim_696fd653e7921dfb,복수 수치에서 분리,8번 직접값,8번 직접값 유지,정부는 관세 대응 수출 바우처를 포함해 올해 연간 수출 바우처 예산(2400억원)의 90%를 상반기에 집중 투입한다는 방침이다.,2025-02-18,2400억원,예산,2400.0,억원,2025,연간,,,"{""item"": ""수출 바우처"", ""program_scope"": ""관세 대응 수출 바우처 포함""}",DIRECT_VALUE,"{""policy_status"": ""방침""}",AUTO_OK,KOSIS_PIPELINE_ELIGIBLE,HOLD,NO_HARD_GUARD_CANDIDATE,HARD_GUARD,기간·단위·지역 등 필수 조건을 모두 만족하는 공식표 후보가 없음,UNDETERMINED,,[],[],,,,,N,,,,,,,D:\projects\services\archived\clafact-auto\.worktrees\three-type-release\artifacts\direct_value_release_20260826\multi_type8_197_live_final\claim_verification_results.jsonl,A00630,FINAL_BLIND,clafact-direct-value-generalization-v1,HOLD,NO_HARD_GUARD_CANDIDATE,HARD_GUARD,N,HOLD,NO_HARD_GUARD_CANDIDATE,HARD_GUARD,UNDETERMINED,,[],,,,N,,HOLD,NO_HARD_GUARD_CANDIDATE,HARD_GUARD,UNDETERMINED,,[],,,,N,,Y,D:\projects\services\archived\clafact-auto\.worktrees\direct-value-coordinate-publication\artifacts\direct_value_coordinate_62_v1\runs\final_blind_v1\claim_verification_results.jsonl,동일,,,,,,,,,,
복수문장직접값자식결과,A00185_3,claim_6b36a4392062740e,복수 수치에서 분리,8번 직접값,8번 직접값 유지,"15일 한국수입자동차협회(KAIDA)에 따르면, 작년 수입 승용차 판매량은 26만3288대로 2023년 대비 2.9％ 줄었다.",2025-01-15,263288대,수입 승용차 판매량,263288.0,대,2024,연간,한국,,"{""item"": ""수입 승용차""}",DIRECT_VALUE,"{""direction"": ""DECREASE""}",AUTO_OK,KOSIS_PIPELINE_ELIGIBLE,HOLD,NO_EVIDENCE_COORDINATE_CANDIDATE,HARD_GUARD,공식표는 찾았지만 기사 조건에 맞는 항목·지역·기간 좌표를 확정하지 못함,UNDETERMINED,,[],[],,,,,N,,,,,,,D:\projects\services\archived\clafact-auto\.worktrees\three-type-release\artifacts\direct_value_release_20260826\multi_type8_197_live_final\claim_verification_results.jsonl,A00185,RULE_DISCOVERY,clafact-direct-value-generalization-v1,HOLD,NO_EVIDENCE_COORDINATE_CANDIDATE,HARD_GUARD,N,HOLD,NO_EVIDENCE_COORDINATE_CANDIDATE,HARD_GUARD,UNDETERMINED,,[],,,,N,,HOLD,NO_EVIDENCE_COORDINATE_CANDIDATE,HARD_GUARD,UNDETERMINED,,[],,,,N,,Y,D:\projects\services\archived\clafact-auto\.worktrees\direct-value-coordinate-publication\artifacts\direct_value_coordinate_62_v1\runs\discovery_v2\claim_verification_results.jsonl,동일,,,,,,,,,,
복수문장직접값자식결과,A01528_6,claim_70931b90f2bda6d9,복수 수치에서 분리,8번 직접값,8번 직접값 유지,"하지만 지난 1분기까지 4개 분기 연속 성장률이 0.1%를 밑돌자, 경기 부양에 추가 재정을 투입할 수 있다고 공식화한 것이다.",2025-04-28,0.1%,성장률,0.1,%,2025년 1분기,분기,,,"{""연속 기간"": ""4개 분기""}",THRESHOLD,"{""operator"": ""LTE"", ""threshold_unit"": ""%"", ""threshold_value"": ""0.1""}",AUTO_OK,KOSIS_PIPELINE_ELIGIBLE,HOLD,NO_HARD_GUARD_CANDIDATE,HARD_GUARD,기간·단위·지역 등 필수 조건을 모두 만족하는 공식표 후보가 없음,UNDETERMINED,,[],[],,,,,N,,,,,,,D:\projects\services\archived\clafact-auto\.worktrees\three-type-release\artifacts\direct_value_release_20260826\multi_type8_197_live_final\claim_verification_results.jsonl,A01528,RULE_DISCOVERY,clafact-direct-value-generalization-v1,HOLD,NO_HARD_GUARD_CANDIDATE,HARD_GUARD,N,HOLD,NO_HARD_GUARD_CANDIDATE,HARD_GUARD,UNDETERMINED,,[],,,,N,,HOLD,NO_HARD_GUARD_CANDIDATE,HARD_GUARD,UNDETERMINED,,[],,,,N,,Y,D:\projects\services\archived\clafact-auto\.worktrees\direct-value-coordinate-publication\artifacts\direct_value_coordinate_62_v1\runs\discovery_v2\claim_verification_results.jsonl,동일,,,,,,,,,,
복수문장직접값자식결과,A02647_3,claim_7555330ed60c895a,복수 수치에서 분리,8번 직접값,8번 직접값 유지,"국가데이터처가 22일 발표한 '2025년 8월 경제활동인구조사 근로형태별 부가조사'에 따르면, 지난 8월 기준 비정규직 근로자는 856만8000명으로 전년 동월 대비 11만 명 증가했다.",2025-10-22,8.568e+06명,근로자 수,8568000.0,명,2025년 8월,월,대한민국,근로자,"{""근로형태"": ""비정규직""}",DIRECT_VALUE,"{""direction"": ""INCREASE""}",AUTO_OK,KOSIS_PIPELINE_ELIGIBLE,HOLD,NO_EVIDENCE_COORDINATE_CANDIDATE,HARD_GUARD,공식표는 찾았지만 기사 조건에 맞는 항목·지역·기간 좌표를 확정하지 못함,UNDETERMINED,,[],[],,,,,N,,,,,,,D:\projects\services\archived\clafact-auto\.worktrees\three-type-release\artifacts\direct_value_release_20260826\multi_type8_197_live_final\claim_verification_results.jsonl,A02647,RULE_DISCOVERY,clafact-direct-value-generalization-v1,HOLD,NO_EVIDENCE_COORDINATE_CANDIDATE,HARD_GUARD,N,HOLD,NO_EVIDENCE_COORDINATE_CANDIDATE,HARD_GUARD,UNDETERMINED,,[],,,,N,,HOLD,NO_EVIDENCE_COORDINATE_CANDIDATE,HARD_GUARD,UNDETERMINED,,[],,,,N,,Y,D:\projects\services\archived\clafact-auto\.worktrees\direct-value-coordinate-publication\artifacts\direct_value_coordinate_62_v1\runs\discovery_v2\claim_verification_results.jsonl,동일,,,,,,,,,,
복수문장직접값자식결과,A00368_19,claim_75abc0998b9bf098,복수 수치에서 분리,8번 직접값,8번 직접값 유지,"◇2년 연속 취업자 증가폭 10만명대 그칠 듯 정부도 대내·외 불확실성을 고려해, 올해 경제정책방향을 발표하면서 올해 취업자 수 증가폭을 12만명으로 내다봤다.",2025-01-29,120000명,취업자 수 증가폭,120000.0,명,2025년,년,대한민국,취업자,,DIRECT_VALUE,,AUTO_OK,KOSIS_PIPELINE_ELIGIBLE,HOLD,AS_OF_UNAVAILABLE,OFFICIAL_VALUE_FETCH,기사 작성일 기준 공표된 공식값인지 확인하지 못함,UNDETERMINED,,"[{""canonical_key"": ""ORG=101|TBL=DT_1DA7001S|ITM=T30|OBJ=B|MEMBER=계|PRD_SE=년|PRD_DE=2025"", ""dimension_codes"": {""B"": ""0""}, ""dimension_members"": {""B"": ""계""}, ""itm_id"": ""T30"", ""member_code"": ""계"", ""obj_id"": ""B"", ""org_id"": ""101"", ""prd_de"": ""2025"", ""prd_se"": ""년"", ""status"": ""CONFIRMED"", ""tbl_id"": ""DT_1DA7001S"", ""unit"": ""천명""}]","[{""content_hash"": ""567fc949b666ed562319e0547a45efd088f6ae743c25704f4361c02e722ebf4a"", ""evidence_key"": ""ORG=101|TBL=DT_1DA7001S|ITM=T30|OBJ=B|MEMBER=계|PRD_SE=년|PRD_DE=2025"", ""publication"": {""content_hash"": ""3b273ec65ed9819b042c57ba8bea28dba50a38128c1a48150cb2e7afe43505c1"", ""coverage_end_period"": null, ""coverage_start_period"": null, ""evidence_scope"": ""PERIOD"", ""pub_date_text"": ""조사기준 월 익월"", ""pub_period"": ""월"", ""publication_method_url"": ""https://mods.go.kr/board.es?mid=a10301010000&bid=210&list_no=445948&act=view&mainXml=Y"", ""published_at"": ""2026-07-15"", ""reference_period"": ""2025"", ""retrieved_at"": ""2026-08-26T09:01:30.476098Z"", ""source_url"": ""https://mods.go.kr/board.es?mid=a10301010000&bid=210&list_no=445948&act=view&mainXml=Y"", ""status"": ""VERIFIED""}, ""retrieved_at"": ""2026-08-26T09:01:15.750658Z"", ""source"": ""API"", ""source_url"": ""https://kosis.kr/openapi/Param/statisticsParameterData.do?method=getList&orgId=101&tblId=DT_1DA7001S&itmId=T30&prdSe=Y&startPrdDe=2025&endPrdDe=2025&objL1=0"", ""value_last_changed_at"": ""2025-12-31""}]",https://kosis.kr/openapi/Param/statisticsParameterData.do?method=getList&orgId=101&tblId=DT_1DA7001S&itmId=T30&prdSe=Y&startPrdDe=2025&endPrdDe=2025&objL1=0,567fc949b666ed562319e0547a45efd088f6ae743c25704f4361c02e722ebf4a,VERIFIED,,N,,,,,,,D:\projects\services\archived\clafact-auto\.worktrees\three-type-release\artifacts\direct_value_release_20260826\multi_type8_197_live_final\claim_verification_results.jsonl,A00368,RULE_DISCOVERY,clafact-direct-value-generalization-v1,HOLD,AS_OF_UNAVAILABLE,OFFICIAL_VALUE_FETCH,N,HOLD,AS_OF_UNAVAILABLE,OFFICIAL_VALUE_FETCH,UNDETERMINED,,"[{""canonical_key"": ""ORG=101|TBL=DT_1DA7001S|ITM=T30|OBJ=B|MEMBER=계|PRD_SE=년|PRD_DE=2025"", ""dimension_codes"": {""B"": ""0""}, ""dimension_members"": {""B"": ""계""}, ""itm_id"": ""T30"", ""member_code"": ""계"", ""obj_id"": ""B"", ""org_id"": ""101"", ""prd_de"": ""2025"", ""prd_se"": ""년"", ""status"": ""CONFIRMED"", ""tbl_id"": ""DT_1DA7001S"", ""unit"": ""천명""}]",https://kosis.kr/openapi/Param/statisticsParameterData.do?method=getList&orgId=101&tblId=DT_1DA7001S&itmId=T30&prdSe=Y&startPrdDe=2025&endPrdDe=2025&objL1=0,567fc949b666ed562319e0547a45efd088f6ae743c25704f4361c02e722ebf4a,VERIFIED,N,,HUMAN_REVIEW,NON_OBSERVED_FORECAST,CLAIM_PARSE,,,[],,,,N,OBSERVATION_STATUS_GUARD_V1,Y,D:\projects\services\archived\clafact-auto\.worktrees\direct-value-coordinate-publication\artifacts\direct_value_coordinate_publication_v2\runs\discovery_v1\claim_verification_results.jsonl,변경,Y,EXCLUDE_FORECAST,EXCLUDE_FROM_KOSIS,검증 제외,NON_OBSERVED_FORECAST,,NON_OBSERVED_FORECAST,NON_OBSERVED_FORECAST,RULE_DISCOVERY,artifacts/direct_value_claim_reclassification_100_20260828/summary.json
복수문장직접값자식결과,A01989_15,claim_7ad81eaa7dd92bd5,복수 수치에서 분리,8번 직접값,8번 직접값 유지,작년 대미 철강 수출액은 35억5000만달러(약 4조9000억원)였다.,2025-06-02,3.55e+09미국 달러,수출액,3550000000.0,미국 달러,2024년,년,미국,,"{""무역 상대국"": ""미국"", ""품목"": ""철강""}",DIRECT_VALUE,,HOLD,CONTEXT_REQUIRED,HUMAN_REVIEW,TARGET_VALUE_NOT_IN_SOURCE_SENTENCE,CLAIM_PARSE,TARGET_VALUE_NOT_IN_SOURCE_SENTENCE,,,[],[],,,,,N,,,,,,,D:\projects\services\archived\clafact-auto\.worktrees\three-type-release\artifacts\direct_value_release_20260826\multi_type8_197_live_final\claim_verification_results.jsonl,A01989,RULE_DISCOVERY,clafact-direct-value-generalization-v1,HUMAN_REVIEW,TARGET_VALUE_NOT_IN_SOURCE_SENTENCE,CLAIM_PARSE,N,HUMAN_REVIEW,TARGET_VALUE_NOT_IN_SOURCE_SENTENCE,CLAIM_PARSE,,,[],,,,N,,HUMAN_REVIEW,TARGET_VALUE_NOT_IN_SOURCE_SENTENCE,CLAIM_PARSE,,,[],,,,N,,,,,Y,KEEP_DIRECT_REQUIRES_RECOVERY,KEEP_DIRECT_VALUE,8.직접값,FAIL_CLOSED_SLOT_RECOVERY,,TARGET_VALUE_NOT_IN_SOURCE_SENTENCE,TARGET_VALUE_NOT_IN_SOURCE_SENTENCE,RULE_DISCOVERY,artifacts/direct_value_claim_reclassification_100_20260828/summary.json
복수문장직접값자식결과,A00202_23,claim_7c98d65c16d08668,복수 수치에서 분리,8번 직접값,8번 직접값 유지,"지난달 실업률은 3.8%로 2022년 1월(4.1%) 이후 가장 높았고, 청년 실업률은 5.9%로 6%에 육박했다.",2025-01-16,3.8%,실업률,3.8,%,2024년 12월,월,,,,DIRECT_VALUE,,AUTO_OK,KOSIS_PIPELINE_ELIGIBLE,AUTO,WITHIN_TOLERANCE,VERDICT,기사값과 공식값이 허용오차 안에서 일치,MATCH,3.8,"[{""canonical_key"": ""ORG=101|TBL=DT_1DA7001S|ITM=T80|OBJ=B|MEMBER=계|PRD_SE=월|PRD_DE=2024-12"", ""dimension_codes"": {""B"": ""0""}, ""dimension_members"": {""B"": ""계""}, ""itm_id"": ""T80"", ""member_code"": ""계"", ""obj_id"": ""B"", ""org_id"": ""101"", ""prd_de"": ""2024-12"", ""prd_se"": ""월"", ""status"": ""CONFIRMED"", ""tbl_id"": ""DT_1DA7001S"", ""unit"": ""%""}]","[{""content_hash"": ""0c3d654f1db7e1532f0bbc30a5284469c949648883b0917215a4e98a9595e913"", ""evidence_key"": ""ORG=101|TBL=DT_1DA7001S|ITM=T80|OBJ=B|MEMBER=계|PRD_SE=월|PRD_DE=2024-12"", ""publication"": {""content_hash"": ""fbd0cecdfab1b766036a1cc4fa61fc9e4bc468a323acfd58a24fbebb5ee1f42a"", ""coverage_end_period"": null, ""coverage_start_period"": null, ""evidence_scope"": ""PERIOD"", ""pub_date_text"": ""조사기준 월 익월"", ""pub_period"": ""월"", ""publication_method_url"": ""https://www.kostat.go.kr/board.es?act=list&mid=a10301010000&keyField=T&bid=210&keyWord=2024%EB%85%84+12%EC%9B%94+%EB%B0%8F+%EC%97%B0%EA%B0%84+%EA%B3%A0%EC%9A%A9%EB%8F%99%ED%96%A5"", ""published_at"": ""2025-01-15"", ""reference_period"": ""2024-12"", ""retrieved_at"": ""2026-08-26T09:14:34.107450Z"", ""source_url"": ""https://www.kostat.go.kr/board.es?mid=a10301010000&bid=210&act=view&list_no=434801&tag=&nPage=1&ref_bid="", ""status"": ""VERIFIED""}, ""retrieved_at"": ""2026-08-26T09:14:26.658668Z"", ""source"": ""API"", ""source_url"": ""https://kosis.kr/openapi/Param/statisticsParameterData.do?method=getList&orgId=101&tblId=DT_1DA7001S&itmId=T80&prdSe=M&startPrdDe=202412&endPrdDe=202412&objL1=0"", ""value_last_changed_at"": ""2025-01-02""}]",https://kosis.kr/openapi/Param/statisticsParameterData.do?method=getList&orgId=101&tblId=DT_1DA7001S&itmId=T80&prdSe=M&startPrdDe=202412&endPrdDe=202412&objL1=0,0c3d654f1db7e1532f0bbc30a5284469c949648883b0917215a4e98a9595e913,VERIFIED,KOSIS_API,Y,,,,,,,D:\projects\services\archived\clafact-auto\.worktrees\three-type-release\artifacts\direct_value_release_20260826\multi_type8_197_live_final\claim_verification_results.jsonl,A00202,RULE_DISCOVERY,clafact-direct-value-generalization-v1,AUTO,WITHIN_TOLERANCE,VERDICT,Y,AUTO,WITHIN_TOLERANCE,VERDICT,MATCH,3.8,"[{""canonical_key"": ""ORG=101|TBL=DT_1DA7001S|ITM=T80|OBJ=B|MEMBER=계|PRD_SE=월|PRD_DE=2024-12"", ""dimension_codes"": {""B"": ""0""}, ""dimension_members"": {""B"": ""계""}, ""itm_id"": ""T80"", ""member_code"": ""계"", ""obj_id"": ""B"", ""org_id"": ""101"", ""prd_de"": ""2024-12"", ""prd_se"": ""월"", ""status"": ""CONFIRMED"", ""tbl_id"": ""DT_1DA7001S"", ""unit"": ""%""}]",https://kosis.kr/openapi/Param/statisticsParameterData.do?method=getList&orgId=101&tblId=DT_1DA7001S&itmId=T80&prdSe=M&startPrdDe=202412&endPrdDe=202412&objL1=0,0c3d654f1db7e1532f0bbc30a5284469c949648883b0917215a4e98a9595e913,VERIFIED,Y,,AUTO,WITHIN_TOLERANCE,VERDICT,MATCH,3.8,"[{""canonical_key"": ""ORG=101|TBL=DT_1DA7001S|ITM=T80|OBJ=B|MEMBER=계|PRD_SE=월|PRD_DE=2024-12"", ""dimension_codes"": {""B"": ""0""}, ""dimension_members"": {""B"": ""계""}, ""itm_id"": ""T80"", ""member_code"": ""계"", ""obj_id"": ""B"", ""org_id"": ""101"", ""prd_de"": ""2024-12"", ""prd_se"": ""월"", ""status"": ""CONFIRMED"", ""tbl_id"": ""DT_1DA7001S"", ""unit"": ""%""}]",https://kosis.kr/openapi/Param/statisticsParameterData.do?method=getList&orgId=101&tblId=DT_1DA7001S&itmId=T80&prdSe=M&startPrdDe=202412&endPrdDe=202412&objL1=0,0c3d654f1db7e1532f0bbc30a5284469c949648883b0917215a4e98a9595e913,VERIFIED,Y,,,,,,,,,,,,,,
복수문장직접값자식결과,A02184_9,claim_7e26ca8b021dc775,복수 수치에서 분리,8번 직접값,8번 직접값 유지,작년에도 대졸 실업률(5.8%)이 고졸(5.1%)을 웃돌았고 올 들어서도 이런 상황이 이어지고 있다.,2025-06-17,5.8%,실업률,5.8,%,2024년,년,한국,,"{""학력"": ""대졸""}",DIRECT_VALUE,,AUTO_OK,KOSIS_PIPELINE_ELIGIBLE,HOLD,NO_EVIDENCE_COORDINATE_CANDIDATE,HARD_GUARD,공식표는 찾았지만 기사 조건에 맞는 항목·지역·기간 좌표를 확정하지 못함,UNDETERMINED,,[],[],,,,,N,,,,,,,D:\projects\services\archived\clafact-auto\.worktrees\three-type-release\artifacts\direct_value_release_20260826\multi_type8_197_live_final\claim_verification_results.jsonl,A02184,RULE_DISCOVERY,clafact-direct-value-generalization-v1,HOLD,NO_EVIDENCE_COORDINATE_CANDIDATE,HARD_GUARD,N,HOLD,NO_EVIDENCE_COORDINATE_CANDIDATE,HARD_GUARD,UNDETERMINED,,[],,,,N,,HOLD,NO_EVIDENCE_COORDINATE_CANDIDATE,HARD_GUARD,UNDETERMINED,,[],,,,N,OFFICIAL_RECURRING_BINDING_V1,Y,D:\projects\services\archived\clafact-auto\.worktrees\direct-value-coordinate-publication\artifacts\direct_value_coordinate_62_v1\runs\discovery_v2\claim_verification_results.jsonl,동일,,,,,,,,,,
복수문장직접값자식결과,A01584_4,claim_7e7c3ca7eabeece5,복수 수치에서 분리,8번 직접값,8번 직접값 유지,"올해 들어 소비자물가는 지난 1월(2.2%)부터 2월(2.0%), 3월(2.1%), 그리고 4월까지 넉 달 연속으로 2%대를 유지하고 있다.",2025-05-02,2%,소비자물가 상승률,2.0,%,올해 4월,월간,대한민국,,,DIRECT_VALUE,"{""band"": ""2%대""}",HUMAN_REVIEW,CONTEXT_REQUIRED,HUMAN_REVIEW,TARGET_AMBIGUOUS_IN_SOURCE,CLAIM_PARSE,같은 대상 수치가 원문에 여러 번 있어 자동 연결할 수 없음,,,[],[],,,,,N,,,,,,,D:\projects\services\archived\clafact-auto\.worktrees\three-type-release\artifacts\direct_value_release_20260826\multi_type8_197_live_final\claim_verification_results.jsonl,A01584,RULE_DISCOVERY,clafact-direct-value-generalization-v1,HUMAN_REVIEW,TARGET_AMBIGUOUS_IN_SOURCE,CLAIM_PARSE,N,HUMAN_REVIEW,TARGET_AMBIGUOUS_IN_SOURCE,CLAIM_PARSE,,,[],,,,N,,HUMAN_REVIEW,TARGET_AMBIGUOUS_IN_SOURCE,CLAIM_PARSE,,,[],,,,N,,,,,Y,KEEP_DIRECT_REQUIRES_RECOVERY,KEEP_DIRECT_VALUE,8.직접값,FAIL_CLOSED_SLOT_RECOVERY,2%,TARGET_AMBIGUOUS_IN_SOURCE,TARGET_AMBIGUOUS_IN_SOURCE,RULE_DISCOVERY,artifacts/direct_value_claim_reclassification_100_20260828/summary.json
복수문장직접값자식결과,A01737_15,claim_818db34e5f32e0ef,복수 수치에서 분리,8번 직접값,8번 직접값 유지,지난달 제조업 취업자는 439만7000명으로 전년 동월 대비 12만4000명 줄었다.,2025-05-14,4.397e+06명,취업자,4397000.0,명,2025년 4월,월,,취업자,"{""산업"": ""제조업""}",DIRECT_VALUE,"{""direction"": ""DECREASE""}",AUTO_OK,KOSIS_PIPELINE_ELIGIBLE,HOLD,NO_EVIDENCE_COORDINATE_CANDIDATE,HARD_GUARD,공식표는 찾았지만 기사 조건에 맞는 항목·지역·기간 좌표를 확정하지 못함,UNDETERMINED,,[],[],,,,,N,,,,,,,D:\projects\services\archived\clafact-auto\.worktrees\three-type-release\artifacts\direct_value_release_20260826\multi_type8_197_live_final\claim_verification_results.jsonl,A01737,RULE_DISCOVERY,clafact-direct-value-generalization-v1,HOLD,NO_EVIDENCE_COORDINATE_CANDIDATE,HARD_GUARD,N,HOLD,NO_EVIDENCE_COORDINATE_CANDIDATE,HARD_GUARD,UNDETERMINED,,[],,,,N,,HOLD,NO_HARD_GUARD_CANDIDATE,HARD_GUARD,UNDETERMINED,,[],,,,N,,Y,D:\projects\services\archived\clafact-auto\.worktrees\direct-value-coordinate-publication\artifacts\direct_value_coordinate_62_v1\runs\discovery_v2\claim_verification_results.jsonl,변경,,,,,,,,,,
복수문장직접값자식결과,A01190_5,claim_8553de442b750f6e,복수 수치에서 분리,8번 직접값,8번 직접값 유지,"소비자물가는 작년 9월(1.6%)부터 12월(1.9%)까지 4개월간 1%대를 유지하다가, 올해 들어 지난 1월(2.2%)과 2월(2%)에 이어 세 달 연속으로 2%대를 기록했다.",2025-04-02,2%,소비자물가,2.0,%,2025년 3월,월,,,,DIRECT_VALUE,"{""consecutive_months"": ""3"", ""range"": ""2%대""}",HUMAN_REVIEW,CONTEXT_REQUIRED,HUMAN_REVIEW,TARGET_AMBIGUOUS_IN_SOURCE,CLAIM_PARSE,같은 대상 수치가 원문에 여러 번 있어 자동 연결할 수 없음,,,[],[],,,,,N,,,,,,,D:\projects\services\archived\clafact-auto\.worktrees\three-type-release\artifacts\direct_value_release_20260826\multi_type8_197_live_final\claim_verification_results.jsonl,A01190,RULE_DISCOVERY,clafact-direct-value-generalization-v1,HUMAN_REVIEW,TARGET_AMBIGUOUS_IN_SOURCE,CLAIM_PARSE,N,HUMAN_REVIEW,TARGET_AMBIGUOUS_IN_SOURCE,CLAIM_PARSE,,,[],,,,N,,HUMAN_REVIEW,TARGET_AMBIGUOUS_IN_SOURCE,CLAIM_PARSE,,,[],,,,N,,,,,Y,KEEP_DIRECT_RECOVERED,KEEP_DIRECT_VALUE,8.직접값,SOURCE_GROUNDED_DIRECT_VALUE,2%,TARGET_AMBIGUOUS_IN_SOURCE,SOURCE_GROUNDED_DIRECT_VALUE,RULE_DISCOVERY,artifacts/direct_value_claim_reclassification_100_20260828/summary.json
복수문장직접값자식결과,A00433_3,claim_863eebfa6f331bc6,복수 수치에서 분리,8번 직접값,8번 직접값 유지,"2일 한국수입자동차협회(KAIDA)에 따르면, 지난해 국내에서 판매된 수입 SUV는 12만7754대로 집계돼 세단(12만6881대)보다 많았다.",2025-02-03,127754대,수입액,127754.0,대,2024,Y,전국,,"{""raw"": ""{\""품목\"": [\""자동차\""]}""}",DIRECT_VALUE,,HUMAN_REVIEW,CONTEXT_REQUIRED,HUMAN_REVIEW,TARGET_NOT_FOUND_IN_SOURCE,CLAIM_PARSE,구조화된 대상 수치가 뉴스 원문에서 확인되지 않음,,,[],[],,,,,N,,,,,,,D:\projects\services\archived\clafact-auto\.worktrees\three-type-release\artifacts\direct_value_release_20260826\multi_type8_197_live_final\claim_verification_results.jsonl,A00433,RULE_DISCOVERY,clafact-direct-value-generalization-v1,HUMAN_REVIEW,TARGET_NOT_FOUND_IN_SOURCE,CLAIM_PARSE,N,HUMAN_REVIEW,TARGET_NOT_FOUND_IN_SOURCE,CLAIM_PARSE,,,[],,,,N,,HUMAN_REVIEW,TARGET_NOT_FOUND_IN_SOURCE,CLAIM_PARSE,,,[],,,,N,,,,,Y,KEEP_DIRECT_RECOVERED,KEEP_DIRECT_VALUE,8.직접값,SOURCE_GROUNDED_DIRECT_VALUE,12만7754대,TARGET_NOT_FOUND_IN_SOURCE,SOURCE_GROUNDED_DIRECT_VALUE,RULE_DISCOVERY,artifacts/direct_value_claim_reclassification_100_20260828/summary.json
복수문장직접값자식결과,A01438_17,claim_86c3569ecb965994,복수 수치에서 분리,8번 직접값,8번 직접값 유지,"우리나라 잠재성장률은 2000년대 초반만 해도 5% 안팎이었는데, 2010년대 3%대 초·중반으로 떨어졌다.",2025-04-21,3%,잠재성장률,3.0,%,2010년대,decade,대한민국,,,DIRECT_VALUE,"{""direction"": ""DECREASE""}",HOLD,STRUCTURAL_HOLD,HUMAN_REVIEW,CLAIM_PARSE_UNCERTAIN,CLAIM_PARSE,"2010년대 수치가 '3%대 초·중반'으로 범위 표현되어 정확한 단일 수치로 확정하기 어렵지만, 중심 수치 3%와 2000년대 초반의 5% 안팎 비교를 보존함",,,[],[],,,,,N,,"2010년대 수치가 '3%대 초·중반'으로 범위 표현되어 정확한 단일 수치로 확정하기 어렵지만, 중심 수치 3%와 2000년대 초반의 5% 안팎 비교를 보존함",,,,,D:\projects\services\archived\clafact-auto\.worktrees\three-type-release\artifacts\direct_value_release_20260826\multi_type8_197_live_final\claim_verification_results.jsonl,A01438,FINAL_BLIND,clafact-direct-value-generalization-v1,HUMAN_REVIEW,CLAIM_PARSE_UNCERTAIN,CLAIM_PARSE,N,HUMAN_REVIEW,CLAIM_PARSE_UNCERTAIN,CLAIM_PARSE,,,[],,,,N,,HOLD,KOSIS_CATALOG_UNAVAILABLE,CLAIM_PARSE,,,[],,,,N,,Y,D:\projects\services\archived\clafact-auto\.worktrees\direct-value-coordinate-publication\artifacts\direct_value_coordinate_62_v1\runs\final_blind_v1\claim_verification_results.jsonl,변경,,,,,,,,,,
복수문장직접값자식결과,A01935_13,claim_876392cfe0983300,복수 수치에서 분리,8번 직접값,8번 직접값 유지,"올해 내수의 성장률 기여도는 0.8%포인트, 순수출 성장률 기여도는 0%포인트 정도로 봤다.",2025-05-29,0%포인트,성장률 기여도,0.0,%포인트,2025년,년,,,"{""item"": ""순수출""}",DIRECT_VALUE,,AUTO_OK,KOSIS_PIPELINE_ELIGIBLE,HOLD,NO_EVIDENCE_COORDINATE_CANDIDATE,HARD_GUARD,공식표는 찾았지만 기사 조건에 맞는 항목·지역·기간 좌표를 확정하지 못함,UNDETERMINED,,[],[],,,,,N,,,,,,,D:\projects\services\archived\clafact-auto\.worktrees\three-type-release\artifacts\direct_value_release_20260826\multi_type8_197_live_final\claim_verification_results.jsonl,A01935,RULE_DISCOVERY,clafact-direct-value-generalization-v1,HOLD,NO_EVIDENCE_COORDINATE_CANDIDATE,HARD_GUARD,N,HOLD,NO_EVIDENCE_COORDINATE_CANDIDATE,HARD_GUARD,UNDETERMINED,,[],,,,N,,HOLD,KOSIS_CATALOG_UNAVAILABLE,CLAIM_PARSE,,,[],,,,N,,Y,D:\projects\services\archived\clafact-auto\.worktrees\direct-value-coordinate-publication\artifacts\direct_value_coordinate_publication_v2\runs\discovery_v1\claim_verification_results.jsonl,변경,,,,,,,,,,
복수문장직접값자식결과,A01496_11,claim_89a0c41df55aaf39,복수 수치에서 분리,8번 직접값,8번 직접값 유지,"한국은행은 올해 1분기(1~3월) 경제성장률이 전 분기 대비 -0.2%... 이창용 한은 총재, ""추경 12조, 성장률 0.1%포인트 높일 것...올해 성장률 상당히 낮아질 가능성"" 이창용 한국은행 총재는 17일 “추가경정예산(추경)을 12조원 규모로 집행하면 성장률을 0.1%포인트 높이는 효과가 있을 것”이라고 했다.",2025-04-26,0.1%포인트,경제성장률,0.1,%포인트,2025년,년,한국,,"{""정책"": ""추가경정예산"", ""추경규모"": ""12조원""}",DIRECT_VALUE,"{""direction"": ""INCREASE""}",HUMAN_REVIEW,CONTEXT_REQUIRED,HUMAN_REVIEW,TARGET_AMBIGUOUS_IN_SOURCE,CLAIM_PARSE,같은 대상 수치가 원문에 여러 번 있어 자동 연결할 수 없음,,,[],[],,,,,N,,,,,,,D:\projects\services\archived\clafact-auto\.worktrees\three-type-release\artifacts\direct_value_release_20260826\multi_type8_197_live_final\claim_verification_results.jsonl,A01496,INTERMEDIATE_VALIDATION,clafact-direct-value-generalization-v1,HUMAN_REVIEW,TARGET_AMBIGUOUS_IN_SOURCE,CLAIM_PARSE,N,HUMAN_REVIEW,TARGET_AMBIGUOUS_IN_SOURCE,CLAIM_PARSE,,,[],,,,N,,HUMAN_REVIEW,TARGET_AMBIGUOUS_IN_SOURCE,CLAIM_PARSE,,,[],,,,N,,Y,D:\projects\services\archived\clafact-auto\.worktrees\direct-value-general-rules\artifacts\direct_value_generalization_v1\runs\intermediate_validation_full\claim_verification_results.jsonl,동일,Y,EXCLUDE_FORECAST,EXCLUDE_FROM_KOSIS,검증 제외,NON_OBSERVED_FORECAST,,TARGET_AMBIGUOUS_IN_SOURCE,NON_OBSERVED_FORECAST,INTERMEDIATE_VALIDATION,artifacts/direct_value_claim_reclassification_100_20260828/summary.json
복수문장직접값자식결과,A00202_23,claim_8aa30da67bf9f7e7,복수 수치에서 분리,8번 직접값,8번 직접값 유지,"지난달 실업률은 3.8%로 2022년 1월(4.1%) 이후 가장 높았고, 청년 실업률은 5.9%로 6%에 육박했다.",2025-01-16,5.9%,실업률,5.9,%,2024년 12월,월,,청년,,DIRECT_VALUE,"{""operator"": ""LT"", ""threshold_unit"": ""%"", ""threshold_value"": ""6""}",AUTO_OK,KOSIS_PIPELINE_ELIGIBLE,HOLD,AMBIGUOUS_MARGIN,EVIDENCE_CELL,AMBIGUOUS_MARGIN,UNDETERMINED,,"[{""canonical_key"": ""ORG=101|TBL=DT_1DA7001S|ITM=T80|OBJ=B|MEMBER=계|PRD_SE=월|PRD_DE=2024-12"", ""dimension_codes"": {""B"": ""0""}, ""dimension_members"": {""B"": ""계""}, ""itm_id"": ""T80"", ""member_code"": ""계"", ""obj_id"": ""B"", ""org_id"": ""101"", ""prd_de"": ""2024-12"", ""prd_se"": ""월"", ""status"": ""CONFIRMED"", ""tbl_id"": ""DT_1DA7001S"", ""unit"": ""%""}]",[],,,,,N,,,,,,,D:\projects\services\archived\clafact-auto\.worktrees\three-type-release\artifacts\direct_value_release_20260826\multi_type8_197_live_final\claim_verification_results.jsonl,A00202,RULE_DISCOVERY,clafact-direct-value-generalization-v1,HOLD,AMBIGUOUS_MARGIN,EVIDENCE_CELL,N,HOLD,AMBIGUOUS_MARGIN,EVIDENCE_CELL,UNDETERMINED,,"[{""canonical_key"": ""ORG=101|TBL=DT_1DA7001S|ITM=T80|OBJ=B|MEMBER=계|PRD_SE=월|PRD_DE=2024-12"", ""dimension_codes"": {""B"": ""0""}, ""dimension_members"": {""B"": ""계""}, ""itm_id"": ""T80"", ""member_code"": ""계"", ""obj_id"": ""B"", ""org_id"": ""101"", ""prd_de"": ""2024-12"", ""prd_se"": ""월"", ""status"": ""CONFIRMED"", ""tbl_id"": ""DT_1DA7001S"", ""unit"": ""%""}]",,,,N,,HOLD,AMBIGUOUS_MARGIN,EVIDENCE_CELL,UNDETERMINED,,"[{""canonical_key"": ""ORG=101|TBL=DT_1DA7001S|ITM=T80|OBJ=B|MEMBER=계|PRD_SE=월|PRD_DE=2024-12"", ""dimension_codes"": {""B"": ""0""}, ""dimension_members"": {""B"": ""계""}, ""itm_id"": ""T80"", ""member_code"": ""계"", ""obj_id"": ""B"", ""org_id"": ""101"", ""prd_de"": ""2024-12"", ""prd_se"": ""월"", ""status"": ""CONFIRMED"", ""tbl_id"": ""DT_1DA7001S"", ""unit"": ""%""}]",,,,N,,,,,,,,,,,,,,
복수문장직접값자식결과,A02569_4,claim_8af7f5fba0e18a13,복수 수치에서 분리,8번 직접값,8번 직접값 유지,16일 통계청은 ‘2025년 6월 고용 동향’에서 지난달 취업자가 2909만1000명으로 전년 동월 대비 18만3000명 늘었다고 밝혔다.,2025-07-17,2.9091e+07명,취업자,29091000.0,명,2025년 6월,월,대한민국,,,DIRECT_VALUE,"{""direction"": ""INCREASE""}",AUTO_OK,KOSIS_PIPELINE_ELIGIBLE,AUTO,WITHIN_TOLERANCE,VERDICT,기사값과 공식값이 허용오차 안에서 일치,MATCH,29090600.0,"[{""canonical_key"": ""ORG=101|TBL=DT_1DA7001S|ITM=T30|OBJ=B|MEMBER=계|PRD_SE=월|PRD_DE=2025-06"", ""dimension_codes"": {""B"": ""0""}, ""dimension_members"": {""B"": ""계""}, ""itm_id"": ""T30"", ""member_code"": ""계"", ""obj_id"": ""B"", ""org_id"": ""101"", ""prd_de"": ""2025-06"", ""prd_se"": ""월"", ""status"": ""CONFIRMED"", ""tbl_id"": ""DT_1DA7001S"", ""unit"": ""천명""}]","[{""content_hash"": ""4af335248121e570991dced3562bc9a84f89371447e37e5d5151f4fa23042335"", ""evidence_key"": ""ORG=101|TBL=DT_1DA7001S|ITM=T30|OBJ=B|MEMBER=계|PRD_SE=월|PRD_DE=2025-06"", ""publication"": {""content_hash"": ""d9a87c41abec0a891c6375be1ac8dc115a1079602c357ddaf7c0abe1a649f608"", ""coverage_end_period"": null, ""coverage_start_period"": null, ""evidence_scope"": ""PERIOD"", ""pub_date_text"": ""조사기준 월 익월"", ""pub_period"": ""월"", ""publication_method_url"": ""https://www.kostat.go.kr/board.es?act=list&mid=a10301010000&keyField=T&bid=210&keyWord=2025%EB%85%84+6%EC%9B%94+%EA%B3%A0%EC%9A%A9%EB%8F%99%ED%96%A5"", ""published_at"": ""2025-07-16"", ""reference_period"": ""2025-06"", ""retrieved_at"": ""2026-08-26T09:07:46.272866Z"", ""source_url"": ""https://www.kostat.go.kr/board.es?mid=a10301010000&bid=210&act=view&list_no=437607&tag=&nPage=1&ref_bid="", ""status"": ""VERIFIED""}, ""retrieved_at"": ""2026-08-26T09:07:39.986821Z"", ""source"": ""API"", ""source_url"": ""https://kosis.kr/openapi/Param/statisticsParameterData.do?method=getList&orgId=101&tblId=DT_1DA7001S&itmId=T30&prdSe=M&startPrdDe=202506&endPrdDe=202506&objL1=0"", ""value_last_changed_at"": ""2025-07-03""}]",https://kosis.kr/openapi/Param/statisticsParameterData.do?method=getList&orgId=101&tblId=DT_1DA7001S&itmId=T30&prdSe=M&startPrdDe=202506&endPrdDe=202506&objL1=0,4af335248121e570991dced3562bc9a84f89371447e37e5d5151f4fa23042335,VERIFIED,KOSIS_API,Y,,,,,,,D:\projects\services\archived\clafact-auto\.worktrees\three-type-release\artifacts\direct_value_release_20260826\multi_type8_197_live_final\claim_verification_results.jsonl,A02569,RULE_DISCOVERY,clafact-direct-value-generalization-v1,AUTO,WITHIN_TOLERANCE,VERDICT,Y,AUTO,WITHIN_TOLERANCE,VERDICT,MATCH,29090600.0,"[{""canonical_key"": ""ORG=101|TBL=DT_1DA7001S|ITM=T30|OBJ=B|MEMBER=계|PRD_SE=월|PRD_DE=2025-06"", ""dimension_codes"": {""B"": ""0""}, ""dimension_members"": {""B"": ""계""}, ""itm_id"": ""T30"", ""member_code"": ""계"", ""obj_id"": ""B"", ""org_id"": ""101"", ""prd_de"": ""2025-06"", ""prd_se"": ""월"", ""status"": ""CONFIRMED"", ""tbl_id"": ""DT_1DA7001S"", ""unit"": ""천명""}]",https://kosis.kr/openapi/Param/statisticsParameterData.do?method=getList&orgId=101&tblId=DT_1DA7001S&itmId=T30&prdSe=M&startPrdDe=202506&endPrdDe=202506&objL1=0,4af335248121e570991dced3562bc9a84f89371447e37e5d5151f4fa23042335,VERIFIED,Y,,AUTO,WITHIN_TOLERANCE,VERDICT,MATCH,29090600.0,"[{""canonical_key"": ""ORG=101|TBL=DT_1DA7001S|ITM=T30|OBJ=B|MEMBER=계|PRD_SE=월|PRD_DE=2025-06"", ""dimension_codes"": {""B"": ""0""}, ""dimension_members"": {""B"": ""계""}, ""itm_id"": ""T30"", ""member_code"": ""계"", ""obj_id"": ""B"", ""org_id"": ""101"", ""prd_de"": ""2025-06"", ""prd_se"": ""월"", ""status"": ""CONFIRMED"", ""tbl_id"": ""DT_1DA7001S"", ""unit"": ""천명""}]",https://kosis.kr/openapi/Param/statisticsParameterData.do?method=getList&orgId=101&tblId=DT_1DA7001S&itmId=T30&prdSe=M&startPrdDe=202506&endPrdDe=202506&objL1=0,4af335248121e570991dced3562bc9a84f89371447e37e5d5151f4fa23042335,VERIFIED,Y,,,,,,,,,,,,,,
복수문장직접값자식결과,A02421_1,claim_8cae8d34eacd941c,복수 수치에서 분리,8번 직접값,8번 직접값 유지,농림축산식품부는 6일 올해 상반기 아이스크림 수출액이 6550만달러(894억원)를 기록했다고 밝혔다.,2025-07-06,6550만달러,수출액,6550.0,만달러,2025년 상반기,반기,대한민국,,"{""품목"": ""아이스크림""}",DIRECT_VALUE,,AUTO_OK,KOSIS_PIPELINE_ELIGIBLE,HOLD,NO_HARD_GUARD_CANDIDATE,HARD_GUARD,기간·단위·지역 등 필수 조건을 모두 만족하는 공식표 후보가 없음,UNDETERMINED,,[],[],,,,,N,,,,,,,D:\projects\services\archived\clafact-auto\.worktrees\three-type-release\artifacts\direct_value_release_20260826\multi_type8_197_live_final\claim_verification_results.jsonl,A02421,RULE_DISCOVERY,clafact-direct-value-generalization-v1,HOLD,NO_HARD_GUARD_CANDIDATE,HARD_GUARD,N,HOLD,NO_HARD_GUARD_CANDIDATE,HARD_GUARD,UNDETERMINED,,[],,,,N,,HOLD,NO_HARD_GUARD_CANDIDATE,HARD_GUARD,UNDETERMINED,,[],,,,N,OFFICIAL_RECURRING_BINDING_V1,Y,D:\projects\services\archived\clafact-auto\.worktrees\direct-value-coordinate-publication\artifacts\direct_value_coordinate_62_v1\runs\discovery_v2\claim_verification_results.jsonl,동일,,,,,,,,,,
복수문장직접값자식결과,A01752_4,claim_93612f4fd03ddb56,복수 수치에서 분리,8번 직접값,8번 직접값 유지,"통계청이 14일 발표한 ‘4월 고용 동향’에 따르면, 지난달 취업자는 2888만7000명으로 작년 4월보다 19만4000명 늘었다.",2025-05-15,2.8887e+07명,취업자,28887000.0,명,2025년 4월,월,전국,취업자,,DIRECT_VALUE,"{""direction"": ""INCREASE""}",AUTO_OK,KOSIS_PIPELINE_ELIGIBLE,AUTO,WITHIN_TOLERANCE,VERDICT,기사값과 공식값이 허용오차 안에서 일치,MATCH,28887000.0,"[{""canonical_key"": ""ORG=101|TBL=DT_1DA7001S|ITM=T30|OBJ=B|MEMBER=계|PRD_SE=월|PRD_DE=2025-04"", ""dimension_codes"": {""B"": ""0""}, ""dimension_members"": {""B"": ""계""}, ""itm_id"": ""T30"", ""member_code"": ""계"", ""obj_id"": ""B"", ""org_id"": ""101"", ""prd_de"": ""2025-04"", ""prd_se"": ""월"", ""status"": ""CONFIRMED"", ""tbl_id"": ""DT_1DA7001S"", ""unit"": ""천명""}]","[{""content_hash"": ""49d3c5a9dbb62f72bb36e41527a493f58e5e0986134e8ae19ef12ea167869fe0"", ""evidence_key"": ""ORG=101|TBL=DT_1DA7001S|ITM=T30|OBJ=B|MEMBER=계|PRD_SE=월|PRD_DE=2025-04"", ""publication"": {""content_hash"": ""213459a3cd85aa4e294dc8ac801e810b4745ef2f8fa25b4ebe22243c99800c47"", ""coverage_end_period"": null, ""coverage_start_period"": null, ""evidence_scope"": ""PERIOD"", ""pub_date_text"": ""조사기준 월 익월"", ""pub_period"": ""월"", ""publication_method_url"": ""https://www.kostat.go.kr/board.es?act=list&mid=a10301010000&keyField=T&bid=210&keyWord=2025%EB%85%84+4%EC%9B%94+%EA%B3%A0%EC%9A%A9%EB%8F%99%ED%96%A5"", ""published_at"": ""2025-05-14"", ""reference_period"": ""2025-04"", ""retrieved_at"": ""2026-08-26T09:04:31.953739Z"", ""source_url"": ""https://www.kostat.go.kr/board.es?mid=a10301010000&bid=210&act=view&list_no=436594&tag=&nPage=1&ref_bid="", ""status"": ""VERIFIED""}, ""retrieved_at"": ""2026-08-26T09:04:25.521041Z"", ""source"": ""API"", ""source_url"": ""https://kosis.kr/openapi/Param/statisticsParameterData.do?method=getList&orgId=101&tblId=DT_1DA7001S&itmId=T30&prdSe=M&startPrdDe=202504&endPrdDe=202504&objL1=0"", ""value_last_changed_at"": ""2025-04-30""}]",https://kosis.kr/openapi/Param/statisticsParameterData.do?method=getList&orgId=101&tblId=DT_1DA7001S&itmId=T30&prdSe=M&startPrdDe=202504&endPrdDe=202504&objL1=0,49d3c5a9dbb62f72bb36e41527a493f58e5e0986134e8ae19ef12ea167869fe0,VERIFIED,KOSIS_API,Y,,,,,,,D:\projects\services\archived\clafact-auto\.worktrees\three-type-release\artifacts\direct_value_release_20260826\multi_type8_197_live_final\claim_verification_results.jsonl,A01752,RULE_DISCOVERY,clafact-direct-value-generalization-v1,AUTO,WITHIN_TOLERANCE,VERDICT,Y,AUTO,WITHIN_TOLERANCE,VERDICT,MATCH,28887000.0,"[{""canonical_key"": ""ORG=101|TBL=DT_1DA7001S|ITM=T30|OBJ=B|MEMBER=계|PRD_SE=월|PRD_DE=2025-04"", ""dimension_codes"": {""B"": ""0""}, ""dimension_members"": {""B"": ""계""}, ""itm_id"": ""T30"", ""member_code"": ""계"", ""obj_id"": ""B"", ""org_id"": ""101"", ""prd_de"": ""2025-04"", ""prd_se"": ""월"", ""status"": ""CONFIRMED"", ""tbl_id"": ""DT_1DA7001S"", ""unit"": ""천명""}]",https://kosis.kr/openapi/Param/statisticsParameterData.do?method=getList&orgId=101&tblId=DT_1DA7001S&itmId=T30&prdSe=M&startPrdDe=202504&endPrdDe=202504&objL1=0,49d3c5a9dbb62f72bb36e41527a493f58e5e0986134e8ae19ef12ea167869fe0,VERIFIED,Y,,AUTO,WITHIN_TOLERANCE,VERDICT,MATCH,28887000.0,"[{""canonical_key"": ""ORG=101|TBL=DT_1DA7001S|ITM=T30|OBJ=B|MEMBER=계|PRD_SE=월|PRD_DE=2025-04"", ""dimension_codes"": {""B"": ""0""}, ""dimension_members"": {""B"": ""계""}, ""itm_id"": ""T30"", ""member_code"": ""계"", ""obj_id"": ""B"", ""org_id"": ""101"", ""prd_de"": ""2025-04"", ""prd_se"": ""월"", ""status"": ""CONFIRMED"", ""tbl_id"": ""DT_1DA7001S"", ""unit"": ""천명""}]",https://kosis.kr/openapi/Param/statisticsParameterData.do?method=getList&orgId=101&tblId=DT_1DA7001S&itmId=T30&prdSe=M&startPrdDe=202504&endPrdDe=202504&objL1=0,49d3c5a9dbb62f72bb36e41527a493f58e5e0986134e8ae19ef12ea167869fe0,VERIFIED,Y,,,,,,,,,,,,,,
복수문장직접값자식결과,A02617_2,claim_9560077fad71b3bd,복수 수치에서 분리,8번 직접값,8번 직접값 유지,9일 국회 보건복지위원회 소속 김선민(조국혁신당) 의원이 국가데이터처 자료를 분석한 결과 인구 감소 지역으로 지정된 전국 89개 시군구의 지난해 자살률은 인구 10만명당 36.3명이었다.,2025-10-09,36.3명/인구 10만명,자살률,36.3,명/인구 10만명,2024년,년,전국 89개 시군구,인구 감소 지역으로 지정된 지역의 인구,,DIRECT_VALUE,,HOLD,CONTEXT_REQUIRED,HUMAN_REVIEW,TARGET_VALUE_NOT_IN_SOURCE_SENTENCE,CLAIM_PARSE,TARGET_VALUE_NOT_IN_SOURCE_SENTENCE,,,[],[],,,,,N,,,,,,,D:\projects\services\archived\clafact-auto\.worktrees\three-type-release\artifacts\direct_value_release_20260826\multi_type8_197_live_final\claim_verification_results.jsonl,A02617,RULE_DISCOVERY,clafact-direct-value-generalization-v1,HUMAN_REVIEW,TARGET_VALUE_NOT_IN_SOURCE_SENTENCE,CLAIM_PARSE,N,HUMAN_REVIEW,TARGET_VALUE_NOT_IN_SOURCE_SENTENCE,CLAIM_PARSE,,,[],,,,N,,HUMAN_REVIEW,TARGET_VALUE_NOT_IN_SOURCE_SENTENCE,CLAIM_PARSE,,,[],,,,N,,,,,Y,KEEP_DIRECT_REQUIRES_RECOVERY,KEEP_DIRECT_VALUE,8.직접값,FAIL_CLOSED_SLOT_RECOVERY,,TARGET_VALUE_NOT_IN_SOURCE_SENTENCE,TARGET_VALUE_NOT_IN_SOURCE_SENTENCE,RULE_DISCOVERY,artifacts/direct_value_claim_reclassification_100_20260828/summary.json
복수문장직접값자식결과,A01903_6,claim_98c3281f01004e9b,복수 수치에서 분리,8번 직접값,8번 직접값 유지,"지난해 기준 65세 이상 연금 소득자의 월평균 연금 소득은 70~80만원 수준으로, 같은 해 1인 가구 월 최저 생계비(134만원)에 못 미친다는 설명이다.",2025-05-27,80만원,월평균 연금 소득,80.0,만원,지난해,월,,65세 이상 연금 소득자,,DIRECT_VALUE,,HOLD,STRUCTURAL_HOLD,HUMAN_REVIEW,CLAIM_PARSE_UNCERTAIN,CLAIM_PARSE,중심 수치가 70~80만원의 범위로 제시되어 단일 value 슬롯으로 정확히 표현할 수 없음,,,[],[],,,,,N,,중심 수치가 70~80만원의 범위로 제시되어 단일 value 슬롯으로 정확히 표현할 수 없음,,,,,D:\projects\services\archived\clafact-auto\.worktrees\three-type-release\artifacts\direct_value_release_20260826\multi_type8_197_live_final\claim_verification_results.jsonl,A01903,RULE_DISCOVERY,clafact-direct-value-generalization-v1,HUMAN_REVIEW,CLAIM_PARSE_UNCERTAIN,CLAIM_PARSE,N,HUMAN_REVIEW,CLAIM_PARSE_UNCERTAIN,CLAIM_PARSE,,,[],,,,N,,HUMAN_REVIEW,CLAIM_PARSE_UNCERTAIN,CLAIM_PARSE,,,[],,,,N,,,,,Y,KEEP_DIRECT_RECOVERED,KEEP_DIRECT_VALUE,8.직접값,SOURCE_GROUNDED_DIRECT_VALUE,70~80만원,CLAIM_PARSE_UNCERTAIN,SOURCE_GROUNDED_DIRECT_VALUE,RULE_DISCOVERY,artifacts/direct_value_claim_reclassification_100_20260828/summary.json
복수문장직접값자식결과,A01455_7,claim_9db81e638a810385,복수 수치에서 분리,8번 직접값,8번 직접값 유지,1일 관세청은 이달 1~20일 대미 수출이 작년 같은 기간과 비교해 14.3% 급감한 61억8200만달러(약 8조7700억원)를 나타냈다고 밝혔다.,2025-04-22,6.182e+09미국 달러,대미 수출액,6182000000.0,미국 달러,2025-04-01/2025-04-20,PARTIAL_PERIOD,대한민국,,"{""무역 상대국"": ""미국""}",DIRECT_VALUE,,HOLD,CONTEXT_REQUIRED,HUMAN_REVIEW,TARGET_VALUE_NOT_IN_SOURCE_SENTENCE,CLAIM_PARSE,TARGET_VALUE_NOT_IN_SOURCE_SENTENCE,,,[],[],,,,,N,,,,,,,D:\projects\services\archived\clafact-auto\.worktrees\three-type-release\artifacts\direct_value_release_20260826\multi_type8_197_live_final\claim_verification_results.jsonl,A01455,RULE_DISCOVERY,clafact-direct-value-generalization-v1,HUMAN_REVIEW,TARGET_VALUE_NOT_IN_SOURCE_SENTENCE,CLAIM_PARSE,N,HUMAN_REVIEW,TARGET_VALUE_NOT_IN_SOURCE_SENTENCE,CLAIM_PARSE,,,[],,,,N,,HUMAN_REVIEW,TARGET_VALUE_NOT_IN_SOURCE_SENTENCE,CLAIM_PARSE,,,[],,,,N,,,,,Y,KEEP_DIRECT_REQUIRES_RECOVERY,KEEP_DIRECT_VALUE,8.직접값,FAIL_CLOSED_SLOT_RECOVERY,,TARGET_VALUE_NOT_IN_SOURCE_SENTENCE,TARGET_VALUE_NOT_IN_SOURCE_SENTENCE,RULE_DISCOVERY,artifacts/direct_value_claim_reclassification_100_20260828/summary.json
복수문장직접값자식결과,A00838_3,claim_9e3fa367e9e40c46,복수 수치에서 분리,8번 직접값,8번 직접값 유지,"고용노동부가 사업체 5만여 곳을 대상으로 조사한 결과에 따르면 지난해 우리나라 근로자 월평균 명목임금은 407만9000원이고, 물가 수준을 고려한 실질임금은 월평균 357만3000원이다.",2025-03-06,4.079e+06원,물가상승률,4079000.0,원,2024,Y,전국,,,DIRECT_VALUE,,HUMAN_REVIEW,CONTEXT_REQUIRED,HUMAN_REVIEW,TARGET_NOT_FOUND_IN_SOURCE,CLAIM_PARSE,구조화된 대상 수치가 뉴스 원문에서 확인되지 않음,,,[],[],,,,,N,,,,,,,D:\projects\services\archived\clafact-auto\.worktrees\three-type-release\artifacts\direct_value_release_20260826\multi_type8_197_live_final\claim_verification_results.jsonl,A00838,INTERMEDIATE_VALIDATION,clafact-direct-value-generalization-v1,HUMAN_REVIEW,TARGET_NOT_FOUND_IN_SOURCE,CLAIM_PARSE,N,HUMAN_REVIEW,TARGET_NOT_FOUND_IN_SOURCE,CLAIM_PARSE,,,[],,,,N,,HOLD,KOSIS_METADATA_UNAVAILABLE,KOSIS_METADATA,UNDETERMINED,,[],,,,N,,Y,D:\projects\services\archived\clafact-auto\.worktrees\direct-value-coordinate-publication\artifacts\direct_value_coordinate_publication_v2\runs\intermediate_v2\claim_verification_results.jsonl,변경,,,,,,,,,,
복수문장직접값자식결과,A01709_28,claim_a2739266c650400b,복수 수치에서 분리,8번 직접값,8번 직접값 유지,2023년 말 약 1127조원으로 국내총생산(GDP)의 46.9%다.,2025-05-12,1127조원,,1127.0,조원,2023년 말,,한국,,,DIRECT_VALUE,,HOLD,STRUCTURAL_HOLD,HUMAN_REVIEW,CLAIM_PARSE_UNCERTAIN,CLAIM_PARSE,금액이 무엇을 나타내는지에 해당하는 핵심 지표명이나 대상이 문장에 명시되지 않아 식별할 수 없음,,,[],[],,,,,N,,금액이 무엇을 나타내는지에 해당하는 핵심 지표명이나 대상이 문장에 명시되지 않아 식별할 수 없음,,,,,D:\projects\services\archived\clafact-auto\.worktrees\three-type-release\artifacts\direct_value_release_20260826\multi_type8_197_live_final\claim_verification_results.jsonl,A01709,RULE_DISCOVERY,clafact-direct-value-generalization-v1,HUMAN_REVIEW,CLAIM_PARSE_UNCERTAIN,CLAIM_PARSE,N,HUMAN_REVIEW,CLAIM_PARSE_UNCERTAIN,CLAIM_PARSE,,,[],,,,N,,HUMAN_REVIEW,CLAIM_PARSE_UNCERTAIN,CLAIM_PARSE,,,[],,,,N,,,,,Y,KEEP_DIRECT_REQUIRES_RECOVERY,KEEP_DIRECT_VALUE,8.직접값,FAIL_CLOSED_SLOT_RECOVERY,1127조원,CLAIM_PARSE_UNCERTAIN,CLAIM_PARSE_UNCERTAIN,RULE_DISCOVERY,artifacts/direct_value_claim_reclassification_100_20260828/summary.json
복수문장직접값자식결과,A02558_9,claim_a39c95dc02922b4e,복수 수치에서 분리,8번 직접값,8번 직접값 유지,고령 돌봄 수요 확대 등에 따라 지난달 보건·사회복지서비스업 취업자 수는 323만4000명으로 전년 동월 대비 21만6000명 증가했다.,2025-07-16,3.234e+06명,취업자 수,3234000.0,명,2025년 6월,월,대한민국,취업자,"{""산업"": ""보건·사회복지서비스업""}",DIRECT_VALUE,"{""direction"": ""INCREASE""}",AUTO_OK,KOSIS_PIPELINE_ELIGIBLE,HOLD,NO_HARD_GUARD_CANDIDATE,HARD_GUARD,기간·단위·지역 등 필수 조건을 모두 만족하는 공식표 후보가 없음,UNDETERMINED,,[],[],,,,,N,,,,,,,D:\projects\services\archived\clafact-auto\.worktrees\three-type-release\artifacts\direct_value_release_20260826\multi_type8_197_live_final\claim_verification_results.jsonl,A02558,RULE_DISCOVERY,clafact-direct-value-generalization-v1,HOLD,NO_HARD_GUARD_CANDIDATE,HARD_GUARD,N,HOLD,NO_HARD_GUARD_CANDIDATE,HARD_GUARD,UNDETERMINED,,[],,,,N,,HOLD,NO_HARD_GUARD_CANDIDATE,HARD_GUARD,UNDETERMINED,,[],,,,N,,Y,D:\projects\services\archived\clafact-auto\.worktrees\direct-value-coordinate-publication\artifacts\direct_value_coordinate_62_v1\runs\discovery_v2\claim_verification_results.jsonl,동일,,,,,,,,,,
복수문장직접값자식결과,A01385_5,claim_a3d2eacdeae596da,복수 수치에서 분리,8번 직접값,8번 직접값 유지,"전국 농가 수는 1970년 약 248만3000가구였지만, 1984년 약 197만 3000가구로 처음 200만 가구 아래로 떨어진 뒤 2023년에는 100만 가구 선도 깨졌다.",2025-04-17,1.973e+06가구,농가 수,1973000.0,가구,1984년,연간,전국,농가,,DIRECT_VALUE,"{""direction"": ""DECREASE"", ""operator"": ""LT"", ""threshold_unit"": ""가구"", ""threshold_value"": ""2000000""}",HUMAN_REVIEW,CONTEXT_REQUIRED,HUMAN_REVIEW,TARGET_NOT_FOUND_IN_SOURCE,CLAIM_PARSE,구조화된 대상 수치가 뉴스 원문에서 확인되지 않음,,,[],[],,,,,N,,,,,,,D:\projects\services\archived\clafact-auto\.worktrees\three-type-release\artifacts\direct_value_release_20260826\multi_type8_197_live_final\claim_verification_results.jsonl,A01385,RULE_DISCOVERY,clafact-direct-value-generalization-v1,HUMAN_REVIEW,TARGET_NOT_FOUND_IN_SOURCE,CLAIM_PARSE,N,HUMAN_REVIEW,TARGET_NOT_FOUND_IN_SOURCE,CLAIM_PARSE,,,[],,,,N,,HUMAN_REVIEW,TARGET_NOT_FOUND_IN_SOURCE,CLAIM_PARSE,,,[],,,,N,,,,,Y,KEEP_DIRECT_RECOVERED,KEEP_DIRECT_VALUE,8.직접값,SOURCE_GROUNDED_DIRECT_VALUE,197만 3000가구,TARGET_NOT_FOUND_IN_SOURCE,SOURCE_GROUNDED_DIRECT_VALUE,RULE_DISCOVERY,artifacts/direct_value_claim_reclassification_100_20260828/summary.json
복수문장직접값자식결과,A02558_5,claim_a4678613610d47a5,복수 수치에서 분리,8번 직접값,8번 직접값 유지,"16일 통계청이 발표한 ‘2025년 6월 고용동향’에 따르면, 지난달 15세 이상 취업자는 2909만1000명으로 전년 동월 대비 18만3000명 늘었다.",2025-07-16,2.9091e+07명,취업자,29091000.0,명,2025년 6월,월,대한민국,15세 이상,,DIRECT_VALUE,"{""direction"": ""INCREASE""}",AUTO_OK,KOSIS_PIPELINE_ELIGIBLE,HOLD,NO_EVIDENCE_COORDINATE_CANDIDATE,HARD_GUARD,공식표는 찾았지만 기사 조건에 맞는 항목·지역·기간 좌표를 확정하지 못함,UNDETERMINED,,[],[],,,,,N,,,,,,,D:\projects\services\archived\clafact-auto\.worktrees\three-type-release\artifacts\direct_value_release_20260826\multi_type8_197_live_final\claim_verification_results.jsonl,A02558,RULE_DISCOVERY,clafact-direct-value-generalization-v1,HOLD,NO_EVIDENCE_COORDINATE_CANDIDATE,HARD_GUARD,N,AUTO,WITHIN_TOLERANCE,VERDICT,MATCH,29090600.0,"[{""canonical_key"": ""ORG=101|TBL=DT_1DA7001S|ITM=T30|OBJ=B|MEMBER=계|PRD_SE=월|PRD_DE=2025-06"", ""dimension_codes"": {""B"": ""0""}, ""dimension_members"": {""B"": ""계""}, ""itm_id"": ""T30"", ""member_code"": ""계"", ""obj_id"": ""B"", ""org_id"": ""101"", ""prd_de"": ""2025-06"", ""prd_se"": ""월"", ""status"": ""CONFIRMED"", ""tbl_id"": ""DT_1DA7001S"", ""unit"": ""천명""}]",https://kosis.kr/openapi/Param/statisticsParameterData.do?method=getList&orgId=101&tblId=DT_1DA7001S&itmId=T30&prdSe=M&startPrdDe=202506&endPrdDe=202506&objL1=0,4af335248121e570991dced3562bc9a84f89371447e37e5d5151f4fa23042335,VERIFIED,Y,월간 전국 전체 취업자,AUTO,WITHIN_TOLERANCE,VERDICT,MATCH,29090600.0,"[{""canonical_key"": ""ORG=101|TBL=DT_1DA7001S|ITM=T30|OBJ=B|MEMBER=계|PRD_SE=월|PRD_DE=2025-06"", ""dimension_codes"": {""B"": ""0""}, ""dimension_members"": {""B"": ""계""}, ""itm_id"": ""T30"", ""member_code"": ""계"", ""obj_id"": ""B"", ""org_id"": ""101"", ""prd_de"": ""2025-06"", ""prd_se"": ""월"", ""status"": ""CONFIRMED"", ""tbl_id"": ""DT_1DA7001S"", ""unit"": ""천명""}]",https://kosis.kr/openapi/Param/statisticsParameterData.do?method=getList&orgId=101&tblId=DT_1DA7001S&itmId=T30&prdSe=M&startPrdDe=202506&endPrdDe=202506&objL1=0,4af335248121e570991dced3562bc9a84f89371447e37e5d5151f4fa23042335,VERIFIED,Y,월간 전국 전체 취업자,,,,,,,,,,,,,
복수문장직접값자식결과,A00749_24,claim_a4c35c85011066cd,복수 수치에서 분리,8번 직접값,8번 직접값 유지,"출생아 수는 1995년생(69만1226명)부터 60만명대로 내려앉고, 2001년생은 50만명대(55만9934명), 2002년생(49만6911명)부터는 40만명대로 줄어든다.",2025-02-27,691226명,출생아 수,691226.0,명,1995년,,,,"{""출생연도"": ""1995년생""}",DIRECT_VALUE,,AUTO_OK,KOSIS_PIPELINE_ELIGIBLE,HOLD,NO_HARD_GUARD_CANDIDATE,HARD_GUARD,기간·단위·지역 등 필수 조건을 모두 만족하는 공식표 후보가 없음,UNDETERMINED,,[],[],,,,,N,,,,,,,D:\projects\services\archived\clafact-auto\.worktrees\three-type-release\artifacts\direct_value_release_20260826\multi_type8_197_live_final\claim_verification_results.jsonl,A00749,RULE_DISCOVERY,clafact-direct-value-generalization-v1,HOLD,NO_HARD_GUARD_CANDIDATE,HARD_GUARD,N,HOLD,NO_HARD_GUARD_CANDIDATE,HARD_GUARD,UNDETERMINED,,[],,,,N,,HOLD,NO_HARD_GUARD_CANDIDATE,HARD_GUARD,UNDETERMINED,,[],,,,N,OFFICIAL_RECURRING_BINDING_V1,Y,D:\projects\services\archived\clafact-auto\.worktrees\direct-value-coordinate-publication\artifacts\direct_value_coordinate_62_v1\runs\discovery_v2\claim_verification_results.jsonl,동일,,,,,,,,,,
복수문장직접값자식결과,A01737_12,claim_a89607f9f689f43b,복수 수치에서 분리,8번 직접값,8번 직접값 유지,"코로나 시기였던 지난 2021년 7월(7.2%) 이후 45개월만의 최대치로, 20대 후반 실업률이 7%대에 올라선 것 자체가 2022년 4월(7%) 이후 3년 만이다.",2025-05-14,7%,실업률,7.0,%,2025년 4월,월,대한민국,20대 후반,,DIRECT_VALUE,,HUMAN_REVIEW,CONTEXT_REQUIRED,HUMAN_REVIEW,TARGET_AMBIGUOUS_IN_SOURCE,CLAIM_PARSE,같은 대상 수치가 원문에 여러 번 있어 자동 연결할 수 없음,,,[],[],,,,,N,,,,,,,D:\projects\services\archived\clafact-auto\.worktrees\three-type-release\artifacts\direct_value_release_20260826\multi_type8_197_live_final\claim_verification_results.jsonl,A01737,RULE_DISCOVERY,clafact-direct-value-generalization-v1,HUMAN_REVIEW,TARGET_AMBIGUOUS_IN_SOURCE,CLAIM_PARSE,N,HUMAN_REVIEW,TARGET_AMBIGUOUS_IN_SOURCE,CLAIM_PARSE,,,[],,,,N,,HUMAN_REVIEW,TARGET_AMBIGUOUS_IN_SOURCE,CLAIM_PARSE,,,[],,,,N,,,,,Y,MOVE_RECORD,MOVE_TO_OTHER_TYPE,5.최고·최저,SOURCE_RECORD,7%,TARGET_AMBIGUOUS_IN_SOURCE,RECLASSIFY_TO_RECORD,RULE_DISCOVERY,artifacts/direct_value_claim_reclassification_100_20260828/summary.json
복수문장직접값자식결과,A02184_12,claim_a8ea1441d888bb96,복수 수치에서 분리,8번 직접값,8번 직접값 유지,작년까지만 해도 전문대 졸업자 실업률(4.8%)이 고졸 실업률(5.1%)보다 낮았다.,2025-06-17,4.8%,실업률,4.8,%,작년까지,,,,"{""학력"": ""전문대 졸업자""}",DIRECT_VALUE,,AUTO_OK,KOSIS_PIPELINE_ELIGIBLE,HOLD,FETCH_FAILED,OFFICIAL_VALUE_FETCH,확정한 좌표의 공식값 조회가 실패함,UNDETERMINED,,"[{""canonical_key"": ""ORG=101|TBL=DT_1DA7003S|ITM=T80|OBJ=H|MEMBER=전문대졸|PRD_SE=월|분기|년|PRD_DE=작까지"", ""dimension_codes"": {""H"": ""41""}, ""dimension_members"": {""H"": ""전문대졸""}, ""itm_id"": ""T80"", ""member_code"": ""전문대졸"", ""obj_id"": ""H"", ""org_id"": ""101"", ""prd_de"": ""작까지"", ""prd_se"": ""월|분기|년"", ""status"": ""CONFIRMED"", ""tbl_id"": ""DT_1DA7003S"", ""unit"": ""%""}]","[{""content_hash"": """", ""evidence_key"": ""ORG=101|TBL=DT_1DA7003S|ITM=T80|OBJ=H|MEMBER=전문대졸|PRD_SE=월|분기|년|PRD_DE=작까지"", ""publication"": null, ""retrieved_at"": ""2026-08-26T09:05:43.776012Z"", ""source"": ""NONE"", ""source_url"": ""https://kosis.kr/openapi/Param/statisticsParameterData.do?method=getList&orgId=101&tblId=DT_1DA7003S&itmId=T80&prdSe=%EC%9B%94%7C%EB%B6%84%EA%B8%B0%7C%EB%85%84&startPrdDe=%EC%9E%91%EA%B9%8C%EC%A7%80&endPrdDe=%EC%9E%91%EA%B9%8C%EC%A7%80&objL1=41"", ""value_last_changed_at"": null}]",https://kosis.kr/openapi/Param/statisticsParameterData.do?method=getList&orgId=101&tblId=DT_1DA7003S&itmId=T80&prdSe=%EC%9B%94%7C%EB%B6%84%EA%B8%B0%7C%EB%85%84&startPrdDe=%EC%9E%91%EA%B9%8C%EC%A7%80&endPrdDe=%EC%9E%91%EA%B9%8C%EC%A7%80&objL1=41,,,,N,,,,,,,D:\projects\services\archived\clafact-auto\.worktrees\three-type-release\artifacts\direct_value_release_20260826\multi_type8_197_live_final\claim_verification_results.jsonl,A02184,RULE_DISCOVERY,clafact-direct-value-generalization-v1,HOLD,FETCH_FAILED,OFFICIAL_VALUE_FETCH,N,HOLD,FETCH_FAILED,OFFICIAL_VALUE_FETCH,UNDETERMINED,,"[{""canonical_key"": ""ORG=101|TBL=DT_1DA7003S|ITM=T80|OBJ=H|MEMBER=전문대졸|PRD_SE=월|분기|년|PRD_DE=작까지"", ""dimension_codes"": {""H"": ""41""}, ""dimension_members"": {""H"": ""전문대졸""}, ""itm_id"": ""T80"", ""member_code"": ""전문대졸"", ""obj_id"": ""H"", ""org_id"": ""101"", ""prd_de"": ""작까지"", ""prd_se"": ""월|분기|년"", ""status"": ""CONFIRMED"", ""tbl_id"": ""DT_1DA7003S"", ""unit"": ""%""}]",https://kosis.kr/openapi/Param/statisticsParameterData.do?method=getList&orgId=101&tblId=DT_1DA7003S&itmId=T80&prdSe=%EC%9B%94%7C%EB%B6%84%EA%B8%B0%7C%EB%85%84&startPrdDe=%EC%9E%91%EA%B9%8C%EC%A7%80&endPrdDe=%EC%9E%91%EA%B9%8C%EC%A7%80&objL1=41,,,N,,HOLD,FETCH_FAILED,OFFICIAL_VALUE_FETCH,UNDETERMINED,,"[{""canonical_key"": ""ORG=101|TBL=DT_1DA7003S|ITM=T80|OBJ=H|MEMBER=전문대졸|PRD_SE=월|분기|년|PRD_DE=작까지"", ""dimension_codes"": {""H"": ""41""}, ""dimension_members"": {""H"": ""전문대졸""}, ""itm_id"": ""T80"", ""member_code"": ""전문대졸"", ""obj_id"": ""H"", ""org_id"": ""101"", ""prd_de"": ""작까지"", ""prd_se"": ""월|분기|년"", ""status"": ""CONFIRMED"", ""tbl_id"": ""DT_1DA7003S"", ""unit"": ""%""}]",https://kosis.kr/openapi/Param/statisticsParameterData.do?method=getList&orgId=101&tblId=DT_1DA7003S&itmId=T80&prdSe=%EC%9B%94%7C%EB%B6%84%EA%B8%B0%7C%EB%85%84&startPrdDe=%EC%9E%91%EA%B9%8C%EC%A7%80&endPrdDe=%EC%9E%91%EA%B9%8C%EC%A7%80&objL1=41,,,N,,,,,,,,,,,,,,
복수문장직접값자식결과,A01924_9,claim_a91758e1b4b33569,복수 수치에서 분리,8번 직접값,8번 직접값 유지,분기별 출생아 수가 6만5000명을 넘어선 것 자체도 지난 2022년 1분기(6만8339명) 이후 3년 만이다.,2025-05-28,분기별 출생아 수가 6만5000명을 넘어선 것 자체도 지난 2022년 1분기(6만8339명) 이후 3년 만이다.,출생아 수,,명,2025년 1분기,분기,,출생아,,THRESHOLD,"{""operator"": ""GT"", ""threshold_unit"": ""명"", ""threshold_value"": ""None""}",AUTO_OK,KOSIS_PIPELINE_ELIGIBLE,HOLD,CALCULATION_EVIDENCE_PLAN_UNRESOLVED,EVIDENCE_CELL,CALCULATION_EVIDENCE_PLAN_UNRESOLVED,UNDETERMINED,,"[{""canonical_key"": ""ORG=101|TBL=DT_1B8000G|ITM=T1|OBJ=B|MEMBER=전국|PRD_SE=분기|PRD_DE=2025-Q1|DIMS=B:전국,A:출생아수(명)"", ""dimension_codes"": {""A"": ""10"", ""B"": ""00""}, ""dimension_members"": {""A"": ""출생아수(명)"", ""B"": ""전국""}, ""itm_id"": ""T1"", ""member_code"": ""전국"", ""obj_id"": ""B"", ""org_id"": ""101"", ""prd_de"": ""2025-Q1"", ""prd_se"": ""분기"", ""status"": ""CONFIRMED"", ""tbl_id"": ""DT_1B8000G"", ""unit"": ""명""}]",[],,,,,N,,,,,,,D:\projects\services\archived\clafact-auto\.worktrees\three-type-release\artifacts\direct_value_release_20260826\multi_type8_197_live_final\claim_verification_results.jsonl,A01924,RULE_DISCOVERY,clafact-direct-value-generalization-v1,HOLD,CALCULATION_EVIDENCE_PLAN_UNRESOLVED,EVIDENCE_CELL,N,HOLD,CALCULATION_EVIDENCE_PLAN_UNRESOLVED,EVIDENCE_CELL,UNDETERMINED,,"[{""canonical_key"": ""ORG=101|TBL=DT_1B8000G|ITM=T1|OBJ=B|MEMBER=전국|PRD_SE=분기|PRD_DE=2025-Q1|DIMS=B:전국,A:출생아수(명)"", ""dimension_codes"": {""A"": ""10"", ""B"": ""00""}, ""dimension_members"": {""A"": ""출생아수(명)"", ""B"": ""전국""}, ""itm_id"": ""T1"", ""member_code"": ""전국"", ""obj_id"": ""B"", ""org_id"": ""101"", ""prd_de"": ""2025-Q1"", ""prd_se"": ""분기"", ""status"": ""CONFIRMED"", ""tbl_id"": ""DT_1B8000G"", ""unit"": ""명""}]",,,,N,,HOLD,CALCULATION_EVIDENCE_PLAN_UNRESOLVED,EVIDENCE_CELL,UNDETERMINED,,"[{""canonical_key"": ""ORG=101|TBL=DT_1B8000G|ITM=T1|OBJ=B|MEMBER=전국|PRD_SE=분기|PRD_DE=2025-Q1|DIMS=B:전국,A:출생아수(명)"", ""dimension_codes"": {""A"": ""10"", ""B"": ""00""}, ""dimension_members"": {""A"": ""출생아수(명)"", ""B"": ""전국""}, ""itm_id"": ""T1"", ""member_code"": ""전국"", ""obj_id"": ""B"", ""org_id"": ""101"", ""prd_de"": ""2025-Q1"", ""prd_se"": ""분기"", ""status"": ""CONFIRMED"", ""tbl_id"": ""DT_1B8000G"", ""unit"": ""명""}]",,,,N,,,,,Y,KEEP_DIRECT_REQUIRES_RECOVERY,KEEP_DIRECT_VALUE,8.직접값,FAIL_CLOSED_SLOT_RECOVERY,분기별 출생아 수가 6만5000명을 넘어선 것 자체도 지난 2022년 1분기(6만8339명) 이후 3년 만이다.,CALCULATION_EVIDENCE_PLAN_UNRESOLVED,CALCULATION_EVIDENCE_PLAN_UNRESOLVED,RULE_DISCOVERY,artifacts/direct_value_claim_reclassification_100_20260828/summary.json
복수문장직접값자식결과,A02375_3,claim_a9e9a18c31e048f0,복수 수치에서 분리,8번 직접값,8번 직접값 유지,"2일 통계청이 발표한 ‘6월 소비자 물가 동향’에 따르면, 지난달 소비자물가 지수는 116.31(2020년=100)로 작년 동월 대비 2.2% 올랐다.",2025-07-02,116.31지수(2020년=100),소비자물가지수,116.31,지수(2020년=100),2025년 6월,월,대한민국,,"{""기준연도"": ""2020=100""}",DIRECT_VALUE,"{""direction"": ""INCREASE""}",HOLD,CONTEXT_REQUIRED,HUMAN_REVIEW,TARGET_VALUE_NOT_IN_SOURCE_SENTENCE,CLAIM_PARSE,TARGET_VALUE_NOT_IN_SOURCE_SENTENCE,,,[],[],,,,,N,,,,,,,D:\projects\services\archived\clafact-auto\.worktrees\three-type-release\artifacts\direct_value_release_20260826\multi_type8_197_live_final\claim_verification_results.jsonl,A02375,RULE_DISCOVERY,clafact-direct-value-generalization-v1,HUMAN_REVIEW,TARGET_VALUE_NOT_IN_SOURCE_SENTENCE,CLAIM_PARSE,N,HUMAN_REVIEW,TARGET_VALUE_NOT_IN_SOURCE_SENTENCE,CLAIM_PARSE,,,[],,,,N,,HUMAN_REVIEW,TARGET_VALUE_NOT_IN_SOURCE_SENTENCE,CLAIM_PARSE,,,[],,,,N,,,,,Y,KEEP_DIRECT_REQUIRES_RECOVERY,KEEP_DIRECT_VALUE,8.직접값,FAIL_CLOSED_SLOT_RECOVERY,,TARGET_VALUE_NOT_IN_SOURCE_SENTENCE,TARGET_VALUE_NOT_IN_SOURCE_SENTENCE,RULE_DISCOVERY,artifacts/direct_value_claim_reclassification_100_20260828/summary.json
복수문장직접값자식결과,A00922_18,claim_a9ec3f04db83dfaf,복수 수치에서 분리,8번 직접값,8번 직접값 유지,지난달 건설업 취업자는 190만9000명으로 전년 같은 달보다 16만7000명 줄었다.,2025-03-12,1.909e+06명,취업자,1909000.0,명,2025년 2월,월,,취업자,"{""산업"": ""건설업""}",DIRECT_VALUE,"{""direction"": ""DECREASE""}",AUTO_OK,KOSIS_PIPELINE_ELIGIBLE,HOLD,NO_EVIDENCE_COORDINATE_CANDIDATE,HARD_GUARD,공식표는 찾았지만 기사 조건에 맞는 항목·지역·기간 좌표를 확정하지 못함,UNDETERMINED,,[],[],,,,,N,,,,,,,D:\projects\services\archived\clafact-auto\.worktrees\three-type-release\artifacts\direct_value_release_20260826\multi_type8_197_live_final\claim_verification_results.jsonl,A00922,RULE_DISCOVERY,clafact-direct-value-generalization-v1,HOLD,NO_EVIDENCE_COORDINATE_CANDIDATE,HARD_GUARD,N,HOLD,NO_EVIDENCE_COORDINATE_CANDIDATE,HARD_GUARD,UNDETERMINED,,[],,,,N,,AUTO,WITHIN_TOLERANCE,VERDICT,MATCH,1909300.0,"[{""canonical_key"": ""ORG=101|TBL=DT_1DA7E06S_NEW|ITM=T30|OBJ=I|MEMBER=F 건설업(41~42)|PRD_SE=월|PRD_DE=2025-02"", ""dimension_codes"": {""I"": ""41""}, ""dimension_members"": {""I"": ""F 건설업(41~42)""}, ""itm_id"": ""T30"", ""member_code"": ""F 건설업(41~42)"", ""obj_id"": ""I"", ""org_id"": ""101"", ""prd_de"": ""2025-02"", ""prd_se"": ""월"", ""status"": ""CONFIRMED"", ""tbl_id"": ""DT_1DA7E06S_NEW"", ""unit"": ""천명""}]",https://kosis.kr/openapi/Param/statisticsParameterData.do?method=getList&orgId=101&tblId=DT_1DA7E06S_NEW&itmId=T30&prdSe=M&startPrdDe=202502&endPrdDe=202502&objL1=41,cb8d4ee5d2fc67ce04a2063a05774ec3af956ba0414c43596cd4fb0972bdc45c,VERIFIED,Y,OFFICIAL_RECURRING_BINDING_V1,Y,D:\projects\services\archived\clafact-auto\.worktrees\direct-value-coordinate-publication\artifacts\direct_value_coordinate_62_v1\runs\industry_recheck_v1\claim_verification_results.jsonl,변경,,,,,,,,,,
복수문장직접값자식결과,A00751_27,claim_ab7eebfc50678e82,복수 수치에서 분리,8번 직접값,8번 직접값 유지,"실업률은 4% 수준이고, 작년 12월에는 일자리 25만개가 새로 만들어졌다.",2025-02-27,4%,실업률,4.0,%,,,,,,DIRECT_VALUE,,HOLD,STRUCTURAL_HOLD,HUMAN_REVIEW,CLAIM_PARSE_UNCERTAIN,CLAIM_PARSE,실업률 4%라는 단일 수치는 명확하지만 대상 인구와 기준 시점이 본문에 직접 제시되지 않아 충분한 슬롯을 확정할 수 없음,,,[],[],,,,,N,,실업률 4%라는 단일 수치는 명확하지만 대상 인구와 기준 시점이 본문에 직접 제시되지 않아 충분한 슬롯을 확정할 수 없음,,,,,D:\projects\services\archived\clafact-auto\.worktrees\three-type-release\artifacts\direct_value_release_20260826\multi_type8_197_live_final\claim_verification_results.jsonl,A00751,RULE_DISCOVERY,clafact-direct-value-generalization-v1,HUMAN_REVIEW,CLAIM_PARSE_UNCERTAIN,CLAIM_PARSE,N,HUMAN_REVIEW,CLAIM_PARSE_UNCERTAIN,CLAIM_PARSE,,,[],,,,N,,HUMAN_REVIEW,CLAIM_PARSE_UNCERTAIN,CLAIM_PARSE,,,[],,,,N,,,,,Y,KEEP_DIRECT_REQUIRES_RECOVERY,KEEP_DIRECT_VALUE,8.직접값,FAIL_CLOSED_SLOT_RECOVERY,4%,CLAIM_PARSE_UNCERTAIN,CLAIM_PARSE_UNCERTAIN,RULE_DISCOVERY,artifacts/direct_value_claim_reclassification_100_20260828/summary.json
복수문장직접값자식결과,A01385_2,claim_ac272991918f1c8e,복수 수치에서 분리,8번 직접값,8번 직접값 유지,국내 농가 수는 지난 2023년 99만9000가구를 기록하며 처음으로 100만 가구 아래로 떨어진 이후 하락세가 지속되고 있다.,2025-04-17,999000가구,농가 수,999000.0,가구,2023,연간,국내,농가,,THRESHOLD,"{""operator"": ""LTE"", ""threshold_unit"": ""가구"", ""threshold_value"": ""999000.0""}",AUTO_OK,KOSIS_PIPELINE_ELIGIBLE,HOLD,NO_EVIDENCE_COORDINATE_CANDIDATE,HARD_GUARD,공식표는 찾았지만 기사 조건에 맞는 항목·지역·기간 좌표를 확정하지 못함,UNDETERMINED,,[],[],,,,,N,,,,,,,D:\projects\services\archived\clafact-auto\.worktrees\three-type-release\artifacts\direct_value_release_20260826\multi_type8_197_live_final\claim_verification_results.jsonl,A01385,RULE_DISCOVERY,clafact-direct-value-generalization-v1,HOLD,NO_EVIDENCE_COORDINATE_CANDIDATE,HARD_GUARD,N,HOLD,NO_EVIDENCE_COORDINATE_CANDIDATE,HARD_GUARD,UNDETERMINED,,[],,,,N,,HOLD,NO_HARD_GUARD_CANDIDATE,HARD_GUARD,UNDETERMINED,,[],,,,N,,Y,D:\projects\services\archived\clafact-auto\.worktrees\direct-value-coordinate-publication\artifacts\direct_value_coordinate_62_v1\runs\discovery_v2\claim_verification_results.jsonl,변경,,,,,,,,,,
복수문장직접값자식결과,A02385_25,claim_accf2f7d9058e976,복수 수치에서 분리,8번 직접값,8번 직접값 유지,"통계청이 집계하는 가공식품 품목 73개 가운데 라면과 초콜릿(20.4%), 고추장(14.2%), 김치(14.2%), 빵(6.4%) 등 62개 가격이 올라 지난달 가공식품 물가는 4.6%나 뛰었다.",2025-07-03,20.4%,가공식품 가격,20.4,%,2025년 6월,월,대한민국,,"{""product"": ""라면과 초콜릿""}",DIRECT_VALUE,,AUTO_OK,KOSIS_PIPELINE_ELIGIBLE,HOLD,NO_HARD_GUARD_CANDIDATE,HARD_GUARD,기간·단위·지역 등 필수 조건을 모두 만족하는 공식표 후보가 없음,UNDETERMINED,,[],[],,,,,N,,,,,,,D:\projects\services\archived\clafact-auto\.worktrees\three-type-release\artifacts\direct_value_release_20260826\multi_type8_197_live_final\claim_verification_results.jsonl,A02385,RULE_DISCOVERY,clafact-direct-value-generalization-v1,HOLD,NO_HARD_GUARD_CANDIDATE,HARD_GUARD,N,HOLD,NO_HARD_GUARD_CANDIDATE,HARD_GUARD,UNDETERMINED,,[],,,,N,,HOLD,KOSIS_CATALOG_UNAVAILABLE,CLAIM_PARSE,,,[],,,,N,,Y,D:\projects\services\archived\clafact-auto\.worktrees\direct-value-coordinate-publication\artifacts\direct_value_coordinate_publication_v2\runs\discovery_v1\claim_verification_results.jsonl,변경,,,,,,,,,,
복수문장직접값자식결과,A02638_7,claim_afe4998fc4e1a479,복수 수치에서 분리,8번 직접값,8번 직접값 유지,지난달 20대 고용률은 60.7%로 전체 고용률(63.7%)보다 3%포인트 낮았다.,2025-10-18,60.7%,고용률,60.7,%,2025년 9월,월,,20대,,DIRECT_VALUE,"{""direction"": ""DECREASE""}",AUTO_OK,KOSIS_PIPELINE_ELIGIBLE,HOLD,AS_OF_UNAVAILABLE,OFFICIAL_VALUE_FETCH,기사 작성일 기준 공표된 공식값인지 확인하지 못함,UNDETERMINED,,"[{""canonical_key"": ""ORG=101|TBL=DT_1DA7002S|ITM=T90|OBJ=G|MEMBER=20 - 29세|PRD_SE=월|PRD_DE=2025-09"", ""dimension_codes"": {""G"": ""20""}, ""dimension_members"": {""G"": ""20 - 29세""}, ""itm_id"": ""T90"", ""member_code"": ""20 - 29세"", ""obj_id"": ""G"", ""org_id"": ""101"", ""prd_de"": ""2025-09"", ""prd_se"": ""월"", ""status"": ""CONFIRMED"", ""tbl_id"": ""DT_1DA7002S"", ""unit"": ""%""}]","[{""content_hash"": ""1218151f888621c5f9410436c9488abdc36b10b3e17b5a27321007dd9af735cb"", ""evidence_key"": ""ORG=101|TBL=DT_1DA7002S|ITM=T90|OBJ=G|MEMBER=20 - 29세|PRD_SE=월|PRD_DE=2025-09"", ""publication"": {""content_hash"": ""ab73444b55be4adf183eb0bbd85d50524addb1fea08d0583b0b6b9fb79c1f11c"", ""coverage_end_period"": null, ""coverage_start_period"": null, ""evidence_scope"": ""PERIOD"", ""pub_date_text"": ""조사기준 월 익월"", ""pub_period"": ""월"", ""publication_method_url"": ""https://www.kostat.go.kr/board.es?act=list&mid=a10301010000&keyField=T&bid=210&keyWord=2025%EB%85%84+9%EC%9B%94+%EA%B3%A0%EC%9A%A9%EB%8F%99%ED%96%A5"", ""published_at"": ""2025-10-17"", ""reference_period"": ""2025-09"", ""retrieved_at"": ""2026-08-26T09:08:22.728980Z"", ""source_url"": ""https://www.kostat.go.kr/board.es?mid=a10301010000&bid=210&act=view&list_no=438842&tag=&nPage=1&ref_bid="", ""status"": ""VERIFIED""}, ""retrieved_at"": ""2026-08-26T09:08:23.271801Z"", ""source"": ""API"", ""source_url"": ""https://kosis.kr/openapi/Param/statisticsParameterData.do?method=getList&orgId=101&tblId=DT_1DA7002S&itmId=T90&prdSe=M&startPrdDe=202509&endPrdDe=202509&objL1=20"", ""value_last_changed_at"": ""2025-10-29""}]",https://kosis.kr/openapi/Param/statisticsParameterData.do?method=getList&orgId=101&tblId=DT_1DA7002S&itmId=T90&prdSe=M&startPrdDe=202509&endPrdDe=202509&objL1=20,1218151f888621c5f9410436c9488abdc36b10b3e17b5a27321007dd9af735cb,VERIFIED,,N,,,,,,,D:\projects\services\archived\clafact-auto\.worktrees\three-type-release\artifacts\direct_value_release_20260826\multi_type8_197_live_final\claim_verification_results.jsonl,A02638,RULE_DISCOVERY,clafact-direct-value-generalization-v1,HOLD,AS_OF_UNAVAILABLE,OFFICIAL_VALUE_FETCH,N,HOLD,AS_OF_UNAVAILABLE,OFFICIAL_VALUE_FETCH,UNDETERMINED,,"[{""canonical_key"": ""ORG=101|TBL=DT_1DA7002S|ITM=T90|OBJ=G|MEMBER=20 - 29세|PRD_SE=월|PRD_DE=2025-09"", ""dimension_codes"": {""G"": ""20""}, ""dimension_members"": {""G"": ""20 - 29세""}, ""itm_id"": ""T90"", ""member_code"": ""20 - 29세"", ""obj_id"": ""G"", ""org_id"": ""101"", ""prd_de"": ""2025-09"", ""prd_se"": ""월"", ""status"": ""CONFIRMED"", ""tbl_id"": ""DT_1DA7002S"", ""unit"": ""%""}]",https://kosis.kr/openapi/Param/statisticsParameterData.do?method=getList&orgId=101&tblId=DT_1DA7002S&itmId=T90&prdSe=M&startPrdDe=202509&endPrdDe=202509&objL1=20,1218151f888621c5f9410436c9488abdc36b10b3e17b5a27321007dd9af735cb,VERIFIED,N,월간 연령별 고용률,HOLD,KOSIS_METADATA_UNAVAILABLE,KOSIS_METADATA,UNDETERMINED,,[],,,,N,OFFICIAL_RECURRING_BINDING_V1,Y,D:\projects\services\archived\clafact-auto\.worktrees\direct-value-coordinate-publication\artifacts\direct_value_coordinate_publication_v2\runs\discovery_v1\claim_verification_results.jsonl,변경,,,,,,,,,,
복수문장직접값자식결과,A01953_7,claim_b0c618819d2bd081,복수 수치에서 분리,8번 직접값,8번 직접값 유지,키움증권은 올해 5월 19일 기준 국내 제약 바이오 기술 수출액이 62억달러(약 8조5500억원)에 달했다고 최근 밝혔다.,2025-05-31,62억달러,기술 수출액,62.0,억달러,올해 5월 19일,누계,국내,,"{""산업"": ""제약 바이오""}",DIRECT_VALUE,,AUTO_OK,KOSIS_PIPELINE_ELIGIBLE,HOLD,NO_HARD_GUARD_CANDIDATE,HARD_GUARD,기간·단위·지역 등 필수 조건을 모두 만족하는 공식표 후보가 없음,UNDETERMINED,,[],[],,,,,N,,,,,,,D:\projects\services\archived\clafact-auto\.worktrees\three-type-release\artifacts\direct_value_release_20260826\multi_type8_197_live_final\claim_verification_results.jsonl,A01953,RULE_DISCOVERY,clafact-direct-value-generalization-v1,HOLD,NO_HARD_GUARD_CANDIDATE,HARD_GUARD,N,HOLD,NO_HARD_GUARD_CANDIDATE,HARD_GUARD,UNDETERMINED,,[],,,,N,,HOLD,KOSIS_METADATA_UNAVAILABLE,KOSIS_METADATA,UNDETERMINED,,[],,,,N,,Y,D:\projects\services\archived\clafact-auto\.worktrees\direct-value-coordinate-publication\artifacts\direct_value_coordinate_62_v1\runs\discovery_v2\claim_verification_results.jsonl,변경,,,,,,,,,,
복수문장직접값자식결과,A00353_3,claim_b256cf2d4da2d9f2,복수 수치에서 분리,8번 직접값,8번 직접값 유지,28일 한국수입자동차협회(KAIDA)에 따르면 작년 1~12월 1억원이 넘는 수입차는 총 6만2520대가 판매됐다.,2025-01-28,62520대,수입차 판매 대수,62520.0,대,2024,연간,한국,수입차,"{""가격"": ""1억원 초과""}",DIRECT_VALUE,,AUTO_OK,KOSIS_PIPELINE_ELIGIBLE,HOLD,NO_HARD_GUARD_CANDIDATE,HARD_GUARD,기간·단위·지역 등 필수 조건을 모두 만족하는 공식표 후보가 없음,UNDETERMINED,,[],[],,,,,N,,,,,,,D:\projects\services\archived\clafact-auto\.worktrees\three-type-release\artifacts\direct_value_release_20260826\multi_type8_197_live_final\claim_verification_results.jsonl,A00353,INTERMEDIATE_VALIDATION,clafact-direct-value-generalization-v1,HOLD,NO_HARD_GUARD_CANDIDATE,HARD_GUARD,N,HOLD,NO_HARD_GUARD_CANDIDATE,HARD_GUARD,UNDETERMINED,,[],,,,N,,HOLD,KOSIS_CATALOG_UNAVAILABLE,CLAIM_PARSE,,,[],,,,N,,Y,D:\projects\services\archived\clafact-auto\.worktrees\direct-value-coordinate-publication\artifacts\direct_value_coordinate_62_v1\runs\intermediate_v1\claim_verification_results.jsonl,변경,,,,,,,,,,
복수문장직접값자식결과,A00368_5,claim_b50c19825fa9649a,복수 수치에서 분리,8번 직접값,8번 직접값 유지,청년 고용률이 45% 아래로 떨어진 건 코로나가 한창 기승하던 2021년 5월(44.4%) 이후 43개월 만이다.,2025-01-29,청년 고용률이 45% 아래로 떨어진 건 코로나가 한창 기승하던 2021년 5월(44.4%) 이후 43개월 만이다.,고용률,,%,2024년 12월,월,,청년,,THRESHOLD,"{""operator"": ""LTE"", ""threshold_unit"": ""%"", ""threshold_value"": ""None""}",AUTO_OK,KOSIS_PIPELINE_ELIGIBLE,HOLD,AMBIGUOUS_MARGIN,EVIDENCE_CELL,AMBIGUOUS_MARGIN,UNDETERMINED,,"[{""canonical_key"": ""ORG=101|TBL=DT_1DA7001S|ITM=T90|OBJ=B|MEMBER=계|PRD_SE=월|PRD_DE=2024-12"", ""dimension_codes"": {""B"": ""0""}, ""dimension_members"": {""B"": ""계""}, ""itm_id"": ""T90"", ""member_code"": ""계"", ""obj_id"": ""B"", ""org_id"": ""101"", ""prd_de"": ""2024-12"", ""prd_se"": ""월"", ""status"": ""CONFIRMED"", ""tbl_id"": ""DT_1DA7001S"", ""unit"": ""%""}]",[],,,,,N,,,,,,,D:\projects\services\archived\clafact-auto\.worktrees\three-type-release\artifacts\direct_value_release_20260826\multi_type8_197_live_final\claim_verification_results.jsonl,A00368,RULE_DISCOVERY,clafact-direct-value-generalization-v1,HOLD,AMBIGUOUS_MARGIN,EVIDENCE_CELL,N,HOLD,AMBIGUOUS_MARGIN,EVIDENCE_CELL,UNDETERMINED,,"[{""canonical_key"": ""ORG=101|TBL=DT_1DA7001S|ITM=T90|OBJ=B|MEMBER=계|PRD_SE=월|PRD_DE=2024-12"", ""dimension_codes"": {""B"": ""0""}, ""dimension_members"": {""B"": ""계""}, ""itm_id"": ""T90"", ""member_code"": ""계"", ""obj_id"": ""B"", ""org_id"": ""101"", ""prd_de"": ""2024-12"", ""prd_se"": ""월"", ""status"": ""CONFIRMED"", ""tbl_id"": ""DT_1DA7001S"", ""unit"": ""%""}]",,,,N,,HOLD,AMBIGUOUS_MARGIN,EVIDENCE_CELL,UNDETERMINED,,"[{""canonical_key"": ""ORG=101|TBL=DT_1DA7001S|ITM=T90|OBJ=B|MEMBER=계|PRD_SE=월|PRD_DE=2024-12"", ""dimension_codes"": {""B"": ""0""}, ""dimension_members"": {""B"": ""계""}, ""itm_id"": ""T90"", ""member_code"": ""계"", ""obj_id"": ""B"", ""org_id"": ""101"", ""prd_de"": ""2024-12"", ""prd_se"": ""월"", ""status"": ""CONFIRMED"", ""tbl_id"": ""DT_1DA7001S"", ""unit"": ""%""}]",,,,N,,,,,,,,,,,,,,
복수문장직접값자식결과,A00692_3,claim_b667efa0aa57cc9a,복수 수치에서 분리,8번 직접값,8번 직접값 유지,"대미 수출액은 2021년 69억1200만달러에서 2022년 80억3000만달러, 2023년 80억8700만달러로 늘어왔다.",2025-02-23,8.087e+09달러,대미 수출액,8087000000.0,달러,2023,연간,미국,,,DIRECT_VALUE,"{""direction"": ""INCREASE""}",HUMAN_REVIEW,CONTEXT_REQUIRED,HUMAN_REVIEW,DIRECT_VALUE_CHANGE_TARGET_MISCLASSIFIED,CLAIM_PARSE,DIRECT_VALUE_CHANGE_TARGET_MISCLASSIFIED,,,[],[],,,,,N,,,,,,,D:\projects\services\archived\clafact-auto\.worktrees\three-type-release\artifacts\direct_value_release_20260826\multi_type8_197_live_final\claim_verification_results.jsonl,A00692,RULE_DISCOVERY,clafact-direct-value-generalization-v1,HUMAN_REVIEW,DIRECT_VALUE_CHANGE_TARGET_MISCLASSIFIED,CLAIM_PARSE,N,HUMAN_REVIEW,DIRECT_VALUE_CHANGE_TARGET_MISCLASSIFIED,CLAIM_PARSE,,,[],,,,N,,HUMAN_REVIEW,DIRECT_VALUE_CHANGE_TARGET_MISCLASSIFIED,CLAIM_PARSE,,,[],,,,N,,,,,Y,KEEP_DIRECT_RECOVERED,KEEP_DIRECT_VALUE,8.직접값,SOURCE_GROUNDED_DIRECT_VALUE,80억8700만달러,DIRECT_VALUE_CHANGE_TARGET_MISCLASSIFIED,SOURCE_GROUNDED_DIRECT_VALUE,RULE_DISCOVERY,artifacts/direct_value_claim_reclassification_100_20260828/summary.json
복수문장직접값자식결과,A00308_33,claim_b771764a1b4cbdfa,복수 수치에서 분리,8번 직접값,8번 직접값 유지,"1990년대까지 두 자릿수 성장률을 보였던 한국의 경제성장률은 2000년대 들어선 5%대, 2010년대엔 3%대, 2020년대 이후엔 2%대로 떨어지면서 피크 코리아 주장이 강해지고 있다.",2025-01-24,2%,한국 경제성장률,2.0,%,2020년대 이후,연간,한국,,,DIRECT_VALUE,"{""direction"": ""DECREASE""}",AUTO_OK,KOSIS_PIPELINE_ELIGIBLE,HOLD,NO_EVIDENCE_COORDINATE_CANDIDATE,HARD_GUARD,공식표는 찾았지만 기사 조건에 맞는 항목·지역·기간 좌표를 확정하지 못함,UNDETERMINED,,[],[],,,,,N,,,,,,,D:\projects\services\archived\clafact-auto\.worktrees\three-type-release\artifacts\direct_value_release_20260826\multi_type8_197_live_final\claim_verification_results.jsonl,A00308,RULE_DISCOVERY,clafact-direct-value-generalization-v1,HOLD,NO_EVIDENCE_COORDINATE_CANDIDATE,HARD_GUARD,N,HOLD,NO_EVIDENCE_COORDINATE_CANDIDATE,HARD_GUARD,UNDETERMINED,,[],,,,N,,HOLD,LOW_SEMANTIC_SCORE,EVIDENCE_CELL,UNDETERMINED,,"[{""canonical_key"": ""ORG=388|TBL=TX_38803_A026|ITM=16388AAY5|OBJ=15388AE7|MEMBER=경제성장률|PRD_SE=년|PRD_DE=2020대 이후"", ""dimension_codes"": {""15388AE7"": ""15388AE7AA""}, ""dimension_members"": {""15388AE7"": ""경제성장률""}, ""itm_id"": ""16388AAY5"", ""member_code"": ""경제성장률"", ""obj_id"": ""15388AE7"", ""org_id"": ""388"", ""prd_de"": ""2020대 이후"", ""prd_se"": ""년"", ""status"": ""CONFIRMED"", ""tbl_id"": ""TX_38803_A026"", ""unit"": ""%""}]",,,,N,,Y,D:\projects\services\archived\clafact-auto\.worktrees\direct-value-coordinate-publication\artifacts\direct_value_coordinate_publication_v2\runs\discovery_v1\claim_verification_results.jsonl,변경,,,,,,,,,,
복수문장직접값자식결과,A00312_11,claim_bca90962953a18c9,복수 수치에서 분리,8번 직접값,8번 직접값 유지,"실제로 지난해 ‘14대 대미 수출 품목’을 보면 반도체(107억달러), 자동차부품(82억달러), 석유화학·철강(각 43억달러) 등 중간재가 상당수를 차지한다.",2025-01-24,14대,수출액,14.0,대,2024,Y,,,"{""raw"": ""{\""품목\"": [\""반도체\"", \""자동차\""], \""교역상대국\"": [\""미국\""]}""}",DIRECT_VALUE,,HUMAN_REVIEW,CONTEXT_REQUIRED,HUMAN_REVIEW,TARGET_NOT_FOUND_IN_SOURCE,CLAIM_PARSE,구조화된 대상 수치가 뉴스 원문에서 확인되지 않음,,,[],[],,,,,N,,,,,,,D:\projects\services\archived\clafact-auto\.worktrees\three-type-release\artifacts\direct_value_release_20260826\multi_type8_197_live_final\claim_verification_results.jsonl,A00312,FINAL_BLIND,clafact-direct-value-generalization-v1,HUMAN_REVIEW,TARGET_NOT_FOUND_IN_SOURCE,CLAIM_PARSE,N,HUMAN_REVIEW,TARGET_NOT_FOUND_IN_SOURCE,CLAIM_PARSE,,,[],,,,N,,HOLD,KOSIS_METADATA_UNAVAILABLE,KOSIS_METADATA,UNDETERMINED,,[],,,,N,,Y,D:\projects\services\archived\clafact-auto\.worktrees\direct-value-coordinate-publication\artifacts\direct_value_coordinate_62_v1\runs\final_blind_v1\claim_verification_results.jsonl,변경,,,,,,,,,,
복수문장직접값자식결과,A01359_7,claim_bf069e7a5b2482e3,복수 수치에서 분리,8번 직접값,8번 직접값 유지,"지난 1분기 25~34세 인구는 697만6000명으로, 작년 1분기(697만7000명)와 비슷했다.",2025-04-15,6.976e+06명,인구,6976000.0,명,2025년 1분기,분기,,25~34세 인구,"{""age"": ""25~34세""}",DIRECT_VALUE,,AUTO_OK,KOSIS_PIPELINE_ELIGIBLE,HOLD,NO_HARD_GUARD_CANDIDATE,HARD_GUARD,기간·단위·지역 등 필수 조건을 모두 만족하는 공식표 후보가 없음,UNDETERMINED,,[],[],,,,,N,,,,,,,D:\projects\services\archived\clafact-auto\.worktrees\three-type-release\artifacts\direct_value_release_20260826\multi_type8_197_live_final\claim_verification_results.jsonl,A01359,RULE_DISCOVERY,clafact-direct-value-generalization-v1,HOLD,NO_HARD_GUARD_CANDIDATE,HARD_GUARD,N,HOLD,NO_HARD_GUARD_CANDIDATE,HARD_GUARD,UNDETERMINED,,[],,,,N,,HOLD,NO_HARD_GUARD_CANDIDATE,HARD_GUARD,UNDETERMINED,,[],,,,N,,Y,D:\projects\services\archived\clafact-auto\.worktrees\direct-value-coordinate-publication\artifacts\direct_value_coordinate_62_v1\runs\discovery_v2\claim_verification_results.jsonl,동일,,,,,,,,,,
복수문장직접값자식결과,A00308_3,claim_c15918a1987e652a,복수 수치에서 분리,8번 직접값,8번 직접값 유지,"성장률이 3개 분기 연속으로 0.1% 이하를 기록한 것은 외환 위기 직격탄을 맞은 1997년 4분기(-0.6%), 1998년 1분기(-6.7%), 2분기(-0.8%) 이후 26년 만에 처음이다.",2025-01-24,0.1%,성장률,0.1,%,기사 발표 시점 기준 최근 3개 분기,분기,,,,THRESHOLD,"{""operator"": ""LTE"", ""threshold_unit"": ""%"", ""threshold_value"": ""0.1""}",HOLD,CONTEXT_REQUIRED,HUMAN_REVIEW,RELATIVE_TIME_UNRESOLVED,CLAIM_PARSE,RELATIVE_TIME_UNRESOLVED,,,[],[],,,,,N,,,,,,,D:\projects\services\archived\clafact-auto\.worktrees\three-type-release\artifacts\direct_value_release_20260826\multi_type8_197_live_final\claim_verification_results.jsonl,A00308,RULE_DISCOVERY,clafact-direct-value-generalization-v1,HUMAN_REVIEW,RELATIVE_TIME_UNRESOLVED,CLAIM_PARSE,N,HUMAN_REVIEW,RELATIVE_TIME_UNRESOLVED,CLAIM_PARSE,,,[],,,,N,,HUMAN_REVIEW,RELATIVE_TIME_UNRESOLVED,CLAIM_PARSE,,,[],,,,N,,,,,Y,KEEP_DIRECT_RECOVERED,KEEP_DIRECT_VALUE,8.직접값,SOURCE_GROUNDED_DIRECT_VALUE,0.1%,RELATIVE_TIME_UNRESOLVED,SOURCE_GROUNDED_DIRECT_VALUE,RULE_DISCOVERY,artifacts/direct_value_claim_reclassification_100_20260828/summary.json
복수문장직접값자식결과,A00782_8,claim_c2d064bd30f9a76d,복수 수치에서 분리,8번 직접값,8번 직접값 유지,"관세 부과 가능성이 커지는 가운데 지난 1월 투싼 1.6 HEV 모델은 국내 생산 8338대 가운데 71%에 달하는 5905대가 수출됐고, 싼타페도 1.6 HEV 생산량 중 35%가 수출됐다.",2025-03-02,5905대,수출 대수,5905.0,대,2025년 1월,월,국내,투싼 1.6 HEV 모델,"{""item"": ""투싼"", ""model"": ""1.6 HEV"", ""production_scope"": ""국내 생산""}",DIRECT_VALUE,,AUTO_OK,KOSIS_PIPELINE_ELIGIBLE,HOLD,NO_HARD_GUARD_CANDIDATE,HARD_GUARD,기간·단위·지역 등 필수 조건을 모두 만족하는 공식표 후보가 없음,UNDETERMINED,,[],[],,,,,N,,,,,,,D:\projects\services\archived\clafact-auto\.worktrees\three-type-release\artifacts\direct_value_release_20260826\multi_type8_197_live_final\claim_verification_results.jsonl,A00782,INTERMEDIATE_VALIDATION,clafact-direct-value-generalization-v1,HOLD,NO_HARD_GUARD_CANDIDATE,HARD_GUARD,N,HOLD,NO_HARD_GUARD_CANDIDATE,HARD_GUARD,UNDETERMINED,,[],,,,N,,HUMAN_REVIEW,NON_OBSERVED_FORECAST,CLAIM_PARSE,,,[],,,,N,OBSERVATION_STATUS_GUARD_V1,Y,D:\projects\services\archived\clafact-auto\.worktrees\direct-value-general-rules\artifacts\direct_value_generalization_v1\runs\intermediate_validation_full\claim_verification_results.jsonl,변경,Y,EXCLUDE_FORECAST,EXCLUDE_FROM_KOSIS,검증 제외,NON_OBSERVED_FORECAST,,NON_OBSERVED_FORECAST,NON_OBSERVED_FORECAST,INTERMEDIATE_VALIDATION,artifacts/direct_value_claim_reclassification_100_20260828/summary.json
복수문장직접값자식결과,A01254_41,claim_c320d346f775fb73,복수 수치에서 분리,8번 직접값,8번 직접값 유지,작년 남성 일반 혼인율은 9.9건으로 그해 혼인 건수(22만2412건)를 15세 이상 남성 인구(2245만9000명)로 나눈 후 1000을 곱한 값이다.,2025-04-07,"9.9건/1,000명",일반 혼인율,9.9,"건/1,000명",2024년,년,대한민국,"남성, 15세 이상","{""sex"": ""남성"", ""성별"": ""남성"", ""혼인 유형"": ""일반 혼인""}",THRESHOLD,"{""operator"": ""GTE"", ""threshold_unit"": ""건/1,000명"", ""threshold_value"": ""9.9""}",HOLD,CONTEXT_REQUIRED,HUMAN_REVIEW,TARGET_VALUE_NOT_IN_SOURCE_SENTENCE,CLAIM_PARSE,TARGET_VALUE_NOT_IN_SOURCE_SENTENCE,,,[],[],,,,,N,,,,,,,D:\projects\services\archived\clafact-auto\.worktrees\three-type-release\artifacts\direct_value_release_20260826\multi_type8_197_live_final\claim_verification_results.jsonl,A01254,RULE_DISCOVERY,clafact-direct-value-generalization-v1,HUMAN_REVIEW,TARGET_VALUE_NOT_IN_SOURCE_SENTENCE,CLAIM_PARSE,N,HUMAN_REVIEW,TARGET_VALUE_NOT_IN_SOURCE_SENTENCE,CLAIM_PARSE,,,[],,,,N,,HUMAN_REVIEW,TARGET_VALUE_NOT_IN_SOURCE_SENTENCE,CLAIM_PARSE,,,[],,,,N,,,,,Y,KEEP_DIRECT_REQUIRES_RECOVERY,KEEP_DIRECT_VALUE,8.직접값,FAIL_CLOSED_SLOT_RECOVERY,,TARGET_VALUE_NOT_IN_SOURCE_SENTENCE,TARGET_VALUE_NOT_IN_SOURCE_SENTENCE,RULE_DISCOVERY,artifacts/direct_value_claim_reclassification_100_20260828/summary.json
복수문장직접값자식결과,A01737_4,claim_c588485a27a5026c,복수 수치에서 분리,8번 직접값,8번 직접값 유지,"14일 통계청이 발표한 ‘2025년 4월 고용동향’에 따르면, 지난달 15세 이상 취업자는 2888만7000명으로 전년 동월 대비 19만4000명 늘었다.",2025-05-14,2.8887e+07명,취업자,28887000.0,명,2025년 4월,월,대한민국,15세 이상,"{""연령"": ""15세 이상""}",DIRECT_VALUE,"{""direction"": ""INCREASE""}",AUTO_OK,KOSIS_PIPELINE_ELIGIBLE,AUTO,WITHIN_TOLERANCE,VERDICT,기사값과 공식값이 허용오차 안에서 일치,MATCH,28887000.0,"[{""canonical_key"": ""ORG=101|TBL=DT_1DA7001S|ITM=T30|OBJ=B|MEMBER=계|PRD_SE=월|PRD_DE=2025-04"", ""dimension_codes"": {""B"": ""0""}, ""dimension_members"": {""B"": ""계""}, ""itm_id"": ""T30"", ""member_code"": ""계"", ""obj_id"": ""B"", ""org_id"": ""101"", ""prd_de"": ""2025-04"", ""prd_se"": ""월"", ""status"": ""CONFIRMED"", ""tbl_id"": ""DT_1DA7001S"", ""unit"": ""천명""}]","[{""content_hash"": ""49d3c5a9dbb62f72bb36e41527a493f58e5e0986134e8ae19ef12ea167869fe0"", ""evidence_key"": ""ORG=101|TBL=DT_1DA7001S|ITM=T30|OBJ=B|MEMBER=계|PRD_SE=월|PRD_DE=2025-04"", ""publication"": {""content_hash"": ""213459a3cd85aa4e294dc8ac801e810b4745ef2f8fa25b4ebe22243c99800c47"", ""coverage_end_period"": null, ""coverage_start_period"": null, ""evidence_scope"": ""PERIOD"", ""pub_date_text"": ""조사기준 월 익월"", ""pub_period"": ""월"", ""publication_method_url"": ""https://www.kostat.go.kr/board.es?act=list&mid=a10301010000&keyField=T&bid=210&keyWord=2025%EB%85%84+4%EC%9B%94+%EA%B3%A0%EC%9A%A9%EB%8F%99%ED%96%A5"", ""published_at"": ""2025-05-14"", ""reference_period"": ""2025-04"", ""retrieved_at"": ""2026-08-26T09:04:31.953739Z"", ""source_url"": ""https://www.kostat.go.kr/board.es?mid=a10301010000&bid=210&act=view&list_no=436594&tag=&nPage=1&ref_bid="", ""status"": ""VERIFIED""}, ""retrieved_at"": ""2026-08-26T09:12:33.504231Z"", ""source"": ""API"", ""source_url"": ""https://kosis.kr/openapi/Param/statisticsParameterData.do?method=getList&orgId=101&tblId=DT_1DA7001S&itmId=T30&prdSe=M&startPrdDe=202504&endPrdDe=202504&objL1=0"", ""value_last_changed_at"": ""2025-04-30""}]",https://kosis.kr/openapi/Param/statisticsParameterData.do?method=getList&orgId=101&tblId=DT_1DA7001S&itmId=T30&prdSe=M&startPrdDe=202504&endPrdDe=202504&objL1=0,49d3c5a9dbb62f72bb36e41527a493f58e5e0986134e8ae19ef12ea167869fe0,VERIFIED,KOSIS_API,Y,,,,,,,D:\projects\services\archived\clafact-auto\.worktrees\three-type-release\artifacts\direct_value_release_20260826\multi_type8_197_live_final\claim_verification_results.jsonl,A01737,RULE_DISCOVERY,clafact-direct-value-generalization-v1,AUTO,WITHIN_TOLERANCE,VERDICT,Y,AUTO,WITHIN_TOLERANCE,VERDICT,MATCH,28887000.0,"[{""canonical_key"": ""ORG=101|TBL=DT_1DA7001S|ITM=T30|OBJ=B|MEMBER=계|PRD_SE=월|PRD_DE=2025-04"", ""dimension_codes"": {""B"": ""0""}, ""dimension_members"": {""B"": ""계""}, ""itm_id"": ""T30"", ""member_code"": ""계"", ""obj_id"": ""B"", ""org_id"": ""101"", ""prd_de"": ""2025-04"", ""prd_se"": ""월"", ""status"": ""CONFIRMED"", ""tbl_id"": ""DT_1DA7001S"", ""unit"": ""천명""}]",https://kosis.kr/openapi/Param/statisticsParameterData.do?method=getList&orgId=101&tblId=DT_1DA7001S&itmId=T30&prdSe=M&startPrdDe=202504&endPrdDe=202504&objL1=0,49d3c5a9dbb62f72bb36e41527a493f58e5e0986134e8ae19ef12ea167869fe0,VERIFIED,Y,,AUTO,WITHIN_TOLERANCE,VERDICT,MATCH,28887000.0,"[{""canonical_key"": ""ORG=101|TBL=DT_1DA7001S|ITM=T30|OBJ=B|MEMBER=계|PRD_SE=월|PRD_DE=2025-04"", ""dimension_codes"": {""B"": ""0""}, ""dimension_members"": {""B"": ""계""}, ""itm_id"": ""T30"", ""member_code"": ""계"", ""obj_id"": ""B"", ""org_id"": ""101"", ""prd_de"": ""2025-04"", ""prd_se"": ""월"", ""status"": ""CONFIRMED"", ""tbl_id"": ""DT_1DA7001S"", ""unit"": ""천명""}]",https://kosis.kr/openapi/Param/statisticsParameterData.do?method=getList&orgId=101&tblId=DT_1DA7001S&itmId=T30&prdSe=M&startPrdDe=202504&endPrdDe=202504&objL1=0,49d3c5a9dbb62f72bb36e41527a493f58e5e0986134e8ae19ef12ea167869fe0,VERIFIED,Y,,,,,,,,,,,,,,
복수문장직접값자식결과,A01822_6,claim_c598b89c89778fed,복수 수치에서 분리,8번 직접값,8번 직접값 유지,"올해 1~4월 아이오닉5(9663대)와 코나 EV(5916대)의 수출량은 작년 동기 대비 65%, 42%씩 급감했다.",2025-05-21,9663대,수출량,9663.0,대,2025년 1~4월,누계,,,"{""차종"": ""아이오닉5""}",DIRECT_VALUE,"{""direction"": ""DECREASE""}",AUTO_OK,KOSIS_PIPELINE_ELIGIBLE,HOLD,NO_HARD_GUARD_CANDIDATE,HARD_GUARD,기간·단위·지역 등 필수 조건을 모두 만족하는 공식표 후보가 없음,UNDETERMINED,,[],[],,,,,N,,,,,,,D:\projects\services\archived\clafact-auto\.worktrees\three-type-release\artifacts\direct_value_release_20260826\multi_type8_197_live_final\claim_verification_results.jsonl,A01822,FINAL_BLIND,clafact-direct-value-generalization-v1,HOLD,NO_HARD_GUARD_CANDIDATE,HARD_GUARD,N,HOLD,NO_HARD_GUARD_CANDIDATE,HARD_GUARD,UNDETERMINED,,[],,,,N,,HOLD,KOSIS_METADATA_UNAVAILABLE,KOSIS_METADATA,UNDETERMINED,,[],,,,N,,Y,D:\projects\services\archived\clafact-auto\.worktrees\direct-value-coordinate-publication\artifacts\direct_value_coordinate_publication_v2\runs\final_blind_v1\claim_verification_results.jsonl,변경,,,,,,,,,,
복수문장직접값자식결과,A02096_3,claim_c67035994b1740c0,복수 수치에서 분리,8번 직접값,8번 직접값 유지,"11일 통계청의 ‘2025년 5월 고용동향’에 따르면, 지난달 취업자는 2916만명으로 전년 동월 대비 24만5000명 증가했다.",2025-06-11,2916만명,취업자,2916.0,만명,2025년 5월,월,대한민국,취업자,,DIRECT_VALUE,"{""direction"": ""INCREASE""}",AUTO_OK,KOSIS_PIPELINE_ELIGIBLE,HOLD,NO_HARD_GUARD_CANDIDATE,HARD_GUARD,기간·단위·지역 등 필수 조건을 모두 만족하는 공식표 후보가 없음,UNDETERMINED,,[],[],,,,,N,,,,,,,D:\projects\services\archived\clafact-auto\.worktrees\three-type-release\artifacts\direct_value_release_20260826\multi_type8_197_live_final\claim_verification_results.jsonl,A02096,RULE_DISCOVERY,clafact-direct-value-generalization-v1,HOLD,NO_HARD_GUARD_CANDIDATE,HARD_GUARD,N,HOLD,NO_HARD_GUARD_CANDIDATE,HARD_GUARD,UNDETERMINED,,[],,,,N,,AUTO,WITHIN_TOLERANCE,VERDICT,MATCH,2915.98,"[{""canonical_key"": ""ORG=101|TBL=DT_1DA7001S|ITM=T30|OBJ=B|MEMBER=계|PRD_SE=월|PRD_DE=2025-05"", ""dimension_codes"": {""B"": ""0""}, ""dimension_members"": {""B"": ""계""}, ""itm_id"": ""T30"", ""member_code"": ""계"", ""obj_id"": ""B"", ""org_id"": ""101"", ""prd_de"": ""2025-05"", ""prd_se"": ""월"", ""status"": ""CONFIRMED"", ""tbl_id"": ""DT_1DA7001S"", ""unit"": ""천명""}]",https://kosis.kr/openapi/Param/statisticsParameterData.do?method=getList&orgId=101&tblId=DT_1DA7001S&itmId=T30&prdSe=M&startPrdDe=202505&endPrdDe=202505&objL1=0,b41e3f732780e0269f600b3ec4ff165677bf72e5b96e49c987c8bce81e536636,VERIFIED,Y,OFFICIAL_RECURRING_BINDING_V1,Y,D:\projects\services\archived\clafact-auto\.worktrees\direct-value-coordinate-publication\artifacts\direct_value_coordinate_62_v1\runs\total_employment_recheck_v1\claim_verification_results.jsonl,변경,,,,,,,,,,
복수문장직접값자식결과,A02184_11,claim_c6b69bfc2bdf2b78,복수 수치에서 분리,8번 직접값,8번 직접값 유지,올해 1분기 고졸 실업률은 5.5%로 4년제 대학 이상 졸업자(6.9%)는 물론이고 전문대 졸업자(6.3%)보다도 낮았다.,2025-06-17,5.5%,실업률,5.5,%,2025-Q1,Q,,,,THRESHOLD,"{""operator"": ""GTE""}",HUMAN_REVIEW,CONTEXT_REQUIRED,HUMAN_REVIEW,TARGET_NOT_FOUND_IN_SOURCE,CLAIM_PARSE,구조화된 대상 수치가 뉴스 원문에서 확인되지 않음,,,[],[],,,,,N,,,,,,,D:\projects\services\archived\clafact-auto\.worktrees\three-type-release\artifacts\direct_value_release_20260826\multi_type8_197_live_final\claim_verification_results.jsonl,A02184,RULE_DISCOVERY,clafact-direct-value-generalization-v1,HUMAN_REVIEW,TARGET_NOT_FOUND_IN_SOURCE,CLAIM_PARSE,N,AUTO,WITHIN_TOLERANCE,VERDICT,MATCH,5.5,"[{""canonical_key"": ""ORG=101|TBL=DT_1DA7105S|ITM=T80|OBJ=G|MEMBER=25 - 29세|PRD_SE=분기|PRD_DE=2025-Q1|DIMS=G:25 - 29세,H:고졸"", ""dimension_codes"": {""G"": ""202"", ""H"": ""30""}, ""dimension_members"": {""G"": ""25 - 29세"", ""H"": ""고졸""}, ""itm_id"": ""T80"", ""member_code"": ""25 - 29세"", ""obj_id"": ""G"", ""org_id"": ""101"", ""prd_de"": ""2025-Q1"", ""prd_se"": ""분기"", ""status"": ""CONFIRMED"", ""tbl_id"": ""DT_1DA7105S"", ""unit"": ""%""}]",https://kosis.kr/openapi/Param/statisticsParameterData.do?method=getList&orgId=101&tblId=DT_1DA7105S&itmId=T80&prdSe=Q&startPrdDe=202501&endPrdDe=202501&objL1=202&objL2=30,3d98a32ab0b04f8485ce3f49c157f9c2e418038782aeb261b79a6181774d89c9,VERIFIED,Y,분기 연령·학력별 실업률,AUTO,WITHIN_TOLERANCE,VERDICT,MATCH,5.5,"[{""canonical_key"": ""ORG=101|TBL=DT_1DA7105S|ITM=T80|OBJ=G|MEMBER=25 - 29세|PRD_SE=분기|PRD_DE=2025-Q1|DIMS=G:25 - 29세,H:고졸"", ""dimension_codes"": {""G"": ""202"", ""H"": ""30""}, ""dimension_members"": {""G"": ""25 - 29세"", ""H"": ""고졸""}, ""itm_id"": ""T80"", ""member_code"": ""25 - 29세"", ""obj_id"": ""G"", ""org_id"": ""101"", ""prd_de"": ""2025-Q1"", ""prd_se"": ""분기"", ""status"": ""CONFIRMED"", ""tbl_id"": ""DT_1DA7105S"", ""unit"": ""%""}]",https://kosis.kr/openapi/Param/statisticsParameterData.do?method=getList&orgId=101&tblId=DT_1DA7105S&itmId=T80&prdSe=Q&startPrdDe=202501&endPrdDe=202501&objL1=202&objL2=30,3d98a32ab0b04f8485ce3f49c157f9c2e418038782aeb261b79a6181774d89c9,VERIFIED,Y,분기 연령·학력별 실업률,,,,,,,,,,,,,
복수문장직접값자식결과,A01947_22,claim_c7cdbd6b0386dfbf,복수 수치에서 분리,8번 직접값,8번 직접값 유지,관세청은 5월 1~20일 대미(對美) 수출액이 작년 같은 기간보다 14.6% 급감한 52억5400만달러(약 7조2900억원)였다고 집계했다.,2025-05-30,5.254billion USD,수출액,5.254,billion USD,2025-05-01/2025-05-20,PARTIAL_PERIOD,,,"{""trade_partner"": ""미국""}",DIRECT_VALUE,"{""direction"": ""DECREASE""}",HOLD,CONTEXT_REQUIRED,HUMAN_REVIEW,TARGET_VALUE_NOT_IN_SOURCE_SENTENCE,CLAIM_PARSE,TARGET_VALUE_NOT_IN_SOURCE_SENTENCE,,,[],[],,,,,N,,,,,,,D:\projects\services\archived\clafact-auto\.worktrees\three-type-release\artifacts\direct_value_release_20260826\multi_type8_197_live_final\claim_verification_results.jsonl,A01947,RULE_DISCOVERY,clafact-direct-value-generalization-v1,HUMAN_REVIEW,TARGET_VALUE_NOT_IN_SOURCE_SENTENCE,CLAIM_PARSE,N,HUMAN_REVIEW,TARGET_VALUE_NOT_IN_SOURCE_SENTENCE,CLAIM_PARSE,,,[],,,,N,,HUMAN_REVIEW,TARGET_VALUE_NOT_IN_SOURCE_SENTENCE,CLAIM_PARSE,,,[],,,,N,,,,,Y,KEEP_DIRECT_REQUIRES_RECOVERY,KEEP_DIRECT_VALUE,8.직접값,FAIL_CLOSED_SLOT_RECOVERY,,TARGET_VALUE_NOT_IN_SOURCE_SENTENCE,TARGET_VALUE_NOT_IN_SOURCE_SENTENCE,RULE_DISCOVERY,artifacts/direct_value_claim_reclassification_100_20260828/summary.json
복수문장직접값자식결과,A01565_13,claim_c91a83f4d40b12ab,복수 수치에서 분리,8번 직접값,8번 직접값 유지,올해 두나무를 포함해 자산총액이 11조6000억원(최근 명목 GDP 확정치의 0.5%) 이상인 기업집단 46곳이 상호출자제한기업집단으로 지정됐다.,2025-05-01,11.6조원,상호출자제한기업집단 지정 기준 자산총액,11.6,조원,2025년,년,대한민국,기업집단,"{""designated_group_count"": ""46곳"", ""included_entity"": ""두나무""}",THRESHOLD,"{""operator"": ""GTE"", ""threshold_unit"": ""조원"", ""threshold_value"": ""11.6""}",AUTO_OK,KOSIS_PIPELINE_ELIGIBLE,HOLD,NO_HARD_GUARD_CANDIDATE,HARD_GUARD,기간·단위·지역 등 필수 조건을 모두 만족하는 공식표 후보가 없음,UNDETERMINED,,[],[],,,,,N,,,,,,,D:\projects\services\archived\clafact-auto\.worktrees\three-type-release\artifacts\direct_value_release_20260826\multi_type8_197_live_final\claim_verification_results.jsonl,A01565,RULE_DISCOVERY,clafact-direct-value-generalization-v1,HOLD,NO_HARD_GUARD_CANDIDATE,HARD_GUARD,N,HOLD,NO_HARD_GUARD_CANDIDATE,HARD_GUARD,UNDETERMINED,,[],,,,N,,HOLD,NO_HARD_GUARD_CANDIDATE,HARD_GUARD,UNDETERMINED,,[],,,,N,,Y,D:\projects\services\archived\clafact-auto\.worktrees\direct-value-coordinate-publication\artifacts\direct_value_coordinate_62_v1\runs\discovery_v2\claim_verification_results.jsonl,동일,,,,,,,,,,
복수문장직접값자식결과,A01285_1,claim_cafe56bb76521bbb,복수 수치에서 분리,8번 직접값,8번 직접값 유지,지난달 청년 실업률이 7% 중반까지 치솟아 코로나 대유행으로 실업률이 10%까지 치솟았던 2021년 이후 4년 만에 가장 높았다.,2025-04-09,7%,실업률,7.0,%,지난달,MONTHLY,,청년,"{""age_group"": ""청년""}",DIRECT_VALUE,"{""direction"": ""INCREASE""}",HOLD,STRUCTURAL_HOLD,HUMAN_REVIEW,CLAIM_PARSE_UNCERTAIN,CLAIM_PARSE,"중심 수치가 '7% 중반'으로 정확한 단일 수치가 아니며, 10%는 2021년 당시의 역사적 참고값으로 현재 수치와 직접 비교할 수 없음",,,[],[],,,,,N,,"중심 수치가 '7% 중반'으로 정확한 단일 수치가 아니며, 10%는 2021년 당시의 역사적 참고값으로 현재 수치와 직접 비교할 수 없음",,,,,D:\projects\services\archived\clafact-auto\.worktrees\three-type-release\artifacts\direct_value_release_20260826\multi_type8_197_live_final\claim_verification_results.jsonl,A01285,RULE_DISCOVERY,clafact-direct-value-generalization-v1,HUMAN_REVIEW,CLAIM_PARSE_UNCERTAIN,CLAIM_PARSE,N,HUMAN_REVIEW,CLAIM_PARSE_UNCERTAIN,CLAIM_PARSE,,,[],,,,N,,HUMAN_REVIEW,CLAIM_PARSE_UNCERTAIN,CLAIM_PARSE,,,[],,,,N,,,,,Y,KEEP_DIRECT_RECOVERED,KEEP_DIRECT_VALUE,8.직접값,SOURCE_GROUNDED_DIRECT_VALUE,7%,CLAIM_PARSE_UNCERTAIN,SOURCE_GROUNDED_DIRECT_VALUE,RULE_DISCOVERY,artifacts/direct_value_claim_reclassification_100_20260828/summary.json
복수문장직접값자식결과,A00195_11,claim_cbad041451547ab2,복수 수치에서 분리,8번 직접값,8번 직접값 유지,"연간 경제성장률이 3~4%에 달하던 시절은 아련하고, 지금은 1% 성장률에 머물러 있다.",2025-01-15,1%,경제성장률,1.0,%,현재,연간,,,,DIRECT_VALUE,,AUTO_OK,KOSIS_PIPELINE_ELIGIBLE,HOLD,FETCH_FAILED,OFFICIAL_VALUE_FETCH,확정한 좌표의 공식값 조회가 실패함,UNDETERMINED,,"[{""canonical_key"": ""ORG=101|TBL=DT_1YL20571|ITM=T10|OBJ=SGG|MEMBER=전국|PRD_SE=년|PRD_DE=현재"", ""dimension_codes"": {""SGG"": ""00""}, ""dimension_members"": {""SGG"": ""전국""}, ""itm_id"": ""T10"", ""member_code"": ""전국"", ""obj_id"": ""SGG"", ""org_id"": ""101"", ""prd_de"": ""현재"", ""prd_se"": ""년"", ""status"": ""CONFIRMED"", ""tbl_id"": ""DT_1YL20571"", ""unit"": ""%""}]","[{""content_hash"": """", ""evidence_key"": ""ORG=101|TBL=DT_1YL20571|ITM=T10|OBJ=SGG|MEMBER=전국|PRD_SE=년|PRD_DE=현재"", ""publication"": null, ""retrieved_at"": ""2026-08-26T09:01:09.232221Z"", ""source"": ""NONE"", ""source_url"": ""https://kosis.kr/openapi/Param/statisticsParameterData.do?method=getList&orgId=101&tblId=DT_1YL20571&itmId=T10&prdSe=Y&startPrdDe=%ED%98%84%EC%9E%AC&endPrdDe=%ED%98%84%EC%9E%AC&objL1=00"", ""value_last_changed_at"": null}]",https://kosis.kr/openapi/Param/statisticsParameterData.do?method=getList&orgId=101&tblId=DT_1YL20571&itmId=T10&prdSe=Y&startPrdDe=%ED%98%84%EC%9E%AC&endPrdDe=%ED%98%84%EC%9E%AC&objL1=00,,,,N,,,,,,,D:\projects\services\archived\clafact-auto\.worktrees\three-type-release\artifacts\direct_value_release_20260826\multi_type8_197_live_final\claim_verification_results.jsonl,A00195,RULE_DISCOVERY,clafact-direct-value-generalization-v1,HOLD,FETCH_FAILED,OFFICIAL_VALUE_FETCH,N,HOLD,FETCH_FAILED,OFFICIAL_VALUE_FETCH,UNDETERMINED,,"[{""canonical_key"": ""ORG=101|TBL=DT_1YL20571|ITM=T10|OBJ=SGG|MEMBER=전국|PRD_SE=년|PRD_DE=현재"", ""dimension_codes"": {""SGG"": ""00""}, ""dimension_members"": {""SGG"": ""전국""}, ""itm_id"": ""T10"", ""member_code"": ""전국"", ""obj_id"": ""SGG"", ""org_id"": ""101"", ""prd_de"": ""현재"", ""prd_se"": ""년"", ""status"": ""CONFIRMED"", ""tbl_id"": ""DT_1YL20571"", ""unit"": ""%""}]",https://kosis.kr/openapi/Param/statisticsParameterData.do?method=getList&orgId=101&tblId=DT_1YL20571&itmId=T10&prdSe=Y&startPrdDe=%ED%98%84%EC%9E%AC&endPrdDe=%ED%98%84%EC%9E%AC&objL1=00,,,N,,HOLD,FETCH_FAILED,OFFICIAL_VALUE_FETCH,UNDETERMINED,,"[{""canonical_key"": ""ORG=101|TBL=DT_1YL20571|ITM=T10|OBJ=SGG|MEMBER=전국|PRD_SE=년|PRD_DE=현재"", ""dimension_codes"": {""SGG"": ""00""}, ""dimension_members"": {""SGG"": ""전국""}, ""itm_id"": ""T10"", ""member_code"": ""전국"", ""obj_id"": ""SGG"", ""org_id"": ""101"", ""prd_de"": ""현재"", ""prd_se"": ""년"", ""status"": ""CONFIRMED"", ""tbl_id"": ""DT_1YL20571"", ""unit"": ""%""}]",https://kosis.kr/openapi/Param/statisticsParameterData.do?method=getList&orgId=101&tblId=DT_1YL20571&itmId=T10&prdSe=Y&startPrdDe=%ED%98%84%EC%9E%AC&endPrdDe=%ED%98%84%EC%9E%AC&objL1=00,,,N,,,,,,,,,,,,,,
복수문장직접값자식결과,A02111_4,claim_cbf0fa2709dcf6dd,복수 수치에서 분리,8번 직접값,8번 직접값 유지,"11일 통계청이 발표한 ‘5월 고용동향’에 따르면, 지난달 취업자는 2916만명으로 전년 동월 대비 24만5000명 늘었다.",2025-06-12,2.916e+07명,취업자,29160000.0,명,2025년 5월,월,,취업자,,DIRECT_VALUE,,AUTO_OK,KOSIS_PIPELINE_ELIGIBLE,AUTO,WITHIN_TOLERANCE,VERDICT,기사값과 공식값이 허용오차 안에서 일치,MATCH,29159800.0,"[{""canonical_key"": ""ORG=101|TBL=DT_1DA7001S|ITM=T30|OBJ=B|MEMBER=계|PRD_SE=월|PRD_DE=2025-05"", ""dimension_codes"": {""B"": ""0""}, ""dimension_members"": {""B"": ""계""}, ""itm_id"": ""T30"", ""member_code"": ""계"", ""obj_id"": ""B"", ""org_id"": ""101"", ""prd_de"": ""2025-05"", ""prd_se"": ""월"", ""status"": ""CONFIRMED"", ""tbl_id"": ""DT_1DA7001S"", ""unit"": ""천명""}]","[{""content_hash"": ""b41e3f732780e0269f600b3ec4ff165677bf72e5b96e49c987c8bce81e536636"", ""evidence_key"": ""ORG=101|TBL=DT_1DA7001S|ITM=T30|OBJ=B|MEMBER=계|PRD_SE=월|PRD_DE=2025-05"", ""publication"": {""content_hash"": ""aa47d25e79c01e4df3fee86cf6ab39dc893a5421ce16aa26137e3055a3fa22af"", ""coverage_end_period"": null, ""coverage_start_period"": null, ""evidence_scope"": ""PERIOD"", ""pub_date_text"": ""조사기준 월 익월"", ""pub_period"": ""월"", ""publication_method_url"": ""https://www.kostat.go.kr/board.es?act=list&mid=a10301010000&keyField=T&bid=210&keyWord=2025%EB%85%84+5%EC%9B%94+%EA%B3%A0%EC%9A%A9%EB%8F%99%ED%96%A5"", ""published_at"": ""2025-06-11"", ""reference_period"": ""2025-05"", ""retrieved_at"": ""2026-08-26T09:05:25.702270Z"", ""source_url"": ""https://www.kostat.go.kr/board.es?mid=a10301010000&bid=210&act=view&list_no=437043&tag=&nPage=1&ref_bid="", ""status"": ""VERIFIED""}, ""retrieved_at"": ""2026-08-26T09:05:19.536546Z"", ""source"": ""API"", ""source_url"": ""https://kosis.kr/openapi/Param/statisticsParameterData.do?method=getList&orgId=101&tblId=DT_1DA7001S&itmId=T30&prdSe=M&startPrdDe=202505&endPrdDe=202505&objL1=0"", ""value_last_changed_at"": ""2025-05-29""}]",https://kosis.kr/openapi/Param/statisticsParameterData.do?method=getList&orgId=101&tblId=DT_1DA7001S&itmId=T30&prdSe=M&startPrdDe=202505&endPrdDe=202505&objL1=0,b41e3f732780e0269f600b3ec4ff165677bf72e5b96e49c987c8bce81e536636,VERIFIED,KOSIS_API,Y,,,,,,,D:\projects\services\archived\clafact-auto\.worktrees\three-type-release\artifacts\direct_value_release_20260826\multi_type8_197_live_final\claim_verification_results.jsonl,A02111,RULE_DISCOVERY,clafact-direct-value-generalization-v1,AUTO,WITHIN_TOLERANCE,VERDICT,Y,AUTO,WITHIN_TOLERANCE,VERDICT,MATCH,29159800.0,"[{""canonical_key"": ""ORG=101|TBL=DT_1DA7001S|ITM=T30|OBJ=B|MEMBER=계|PRD_SE=월|PRD_DE=2025-05"", ""dimension_codes"": {""B"": ""0""}, ""dimension_members"": {""B"": ""계""}, ""itm_id"": ""T30"", ""member_code"": ""계"", ""obj_id"": ""B"", ""org_id"": ""101"", ""prd_de"": ""2025-05"", ""prd_se"": ""월"", ""status"": ""CONFIRMED"", ""tbl_id"": ""DT_1DA7001S"", ""unit"": ""천명""}]",https://kosis.kr/openapi/Param/statisticsParameterData.do?method=getList&orgId=101&tblId=DT_1DA7001S&itmId=T30&prdSe=M&startPrdDe=202505&endPrdDe=202505&objL1=0,b41e3f732780e0269f600b3ec4ff165677bf72e5b96e49c987c8bce81e536636,VERIFIED,Y,,AUTO,WITHIN_TOLERANCE,VERDICT,MATCH,29159800.0,"[{""canonical_key"": ""ORG=101|TBL=DT_1DA7001S|ITM=T30|OBJ=B|MEMBER=계|PRD_SE=월|PRD_DE=2025-05"", ""dimension_codes"": {""B"": ""0""}, ""dimension_members"": {""B"": ""계""}, ""itm_id"": ""T30"", ""member_code"": ""계"", ""obj_id"": ""B"", ""org_id"": ""101"", ""prd_de"": ""2025-05"", ""prd_se"": ""월"", ""status"": ""CONFIRMED"", ""tbl_id"": ""DT_1DA7001S"", ""unit"": ""천명""}]",https://kosis.kr/openapi/Param/statisticsParameterData.do?method=getList&orgId=101&tblId=DT_1DA7001S&itmId=T30&prdSe=M&startPrdDe=202505&endPrdDe=202505&objL1=0,b41e3f732780e0269f600b3ec4ff165677bf72e5b96e49c987c8bce81e536636,VERIFIED,Y,,,,,,,,,,,,,,
복수문장직접값자식결과,A02022_18,claim_cc17969f6e1ae43c,복수 수치에서 분리,8번 직접값,8번 직접값 유지,"우리나라 역시 GDP 대비 정부 부채 비율이 2000년부터 2023년까지 34.6%포인트 늘었는데, 고령화와 관련이 높은 사회수혜금(44.5%포인트), 사회보장현물(49.8%) 지출이 큰 영향을 끼쳤다.",2025-06-05,44.5%포인트,사회수혜금 지출,44.5,%포인트,2000년부터 2023년까지,,우리나라,,"{""항목"": ""사회수혜금""}",DIRECT_VALUE,,AUTO_OK,KOSIS_PIPELINE_ELIGIBLE,HOLD,NO_HARD_GUARD_CANDIDATE,HARD_GUARD,기간·단위·지역 등 필수 조건을 모두 만족하는 공식표 후보가 없음,UNDETERMINED,,[],[],,,,,N,,,,,,,D:\projects\services\archived\clafact-auto\.worktrees\three-type-release\artifacts\direct_value_release_20260826\multi_type8_197_live_final\claim_verification_results.jsonl,A02022,INTERMEDIATE_VALIDATION,clafact-direct-value-generalization-v1,HOLD,NO_HARD_GUARD_CANDIDATE,HARD_GUARD,N,HOLD,NO_HARD_GUARD_CANDIDATE,HARD_GUARD,UNDETERMINED,,[],,,,N,,HOLD,KOSIS_CATALOG_UNAVAILABLE,CLAIM_PARSE,,,[],,,,N,,Y,D:\projects\services\archived\clafact-auto\.worktrees\direct-value-coordinate-publication\artifacts\direct_value_coordinate_62_v1\runs\intermediate_v1\claim_verification_results.jsonl,변경,,,,,,,,,,
복수문장직접값자식결과,A02647_16,claim_cce2f043f3f0e786,복수 수치에서 분리,8번 직접값,8번 직접값 유지,"전년 동월 대비 비정규직이 늘어난 산업은 보건사회복지업(21만명), 운수창고업(3만9000명)이었고, 숙박음식업(-5만8000명), 건설업(-5만1000명), 도소매업(-4만1000명), 제조업(-3만2000명)은 감소했다.",2025-10-22,210000명,비정규직 수 증감,210000.0,명,전년 동월,월,,비정규직,"{""산업"": ""보건사회복지업""}",DIRECT_VALUE,"{""direction"": ""INCREASE""}",HOLD,STRUCTURAL_HOLD,HUMAN_REVIEW,CLAIM_PARSE_UNCERTAIN,CLAIM_PARSE,문장에 산업별로 서로 독립적으로 검증 가능한 증감 수치가 여러 개 포함되어 있어 단일 Claim으로 확정하지 않음,,,[],[],,,,,N,,문장에 산업별로 서로 독립적으로 검증 가능한 증감 수치가 여러 개 포함되어 있어 단일 Claim으로 확정하지 않음,,,,,D:\projects\services\archived\clafact-auto\.worktrees\three-type-release\artifacts\direct_value_release_20260826\multi_type8_197_live_final\claim_verification_results.jsonl,A02647,RULE_DISCOVERY,clafact-direct-value-generalization-v1,HUMAN_REVIEW,CLAIM_PARSE_UNCERTAIN,CLAIM_PARSE,N,HUMAN_REVIEW,CLAIM_PARSE_UNCERTAIN,CLAIM_PARSE,,,[],,,,N,,HUMAN_REVIEW,CLAIM_PARSE_UNCERTAIN,CLAIM_PARSE,,,[],,,,N,,,,,Y,KEEP_DIRECT_RECOVERED,KEEP_DIRECT_VALUE,8.직접값,SOURCE_GROUNDED_DIRECT_VALUE,21만명,CLAIM_PARSE_UNCERTAIN,SOURCE_GROUNDED_DIRECT_VALUE,RULE_DISCOVERY,artifacts/direct_value_claim_reclassification_100_20260828/summary.json
복수문장직접값자식결과,A01111_14,claim_cd57273d71240241,복수 수치에서 분리,8번 직접값,8번 직접값 유지,"통계청이 이날 처음으로 공개한 어머니 연령별 출산율 자료에 따르면, 지난 1월 30~34세 여성 1000명당 출생아 수를 뜻하는 30대 초반 출산율은 81.1명을 기록했다.",2025-03-27,81.1명/여성 1000명,출산율,81.1,명/여성 1000명,2025년 1월,월,대한민국,여성,"{""age_group"": ""30~34세"", ""sex"": ""여성""}",DIRECT_VALUE,,HOLD,CONTEXT_REQUIRED,HUMAN_REVIEW,TARGET_VALUE_NOT_IN_SOURCE_SENTENCE,CLAIM_PARSE,TARGET_VALUE_NOT_IN_SOURCE_SENTENCE,,,[],[],,,,,N,,,,,,,D:\projects\services\archived\clafact-auto\.worktrees\three-type-release\artifacts\direct_value_release_20260826\multi_type8_197_live_final\claim_verification_results.jsonl,A01111,INTERMEDIATE_VALIDATION,clafact-direct-value-generalization-v1,HUMAN_REVIEW,TARGET_VALUE_NOT_IN_SOURCE_SENTENCE,CLAIM_PARSE,N,HUMAN_REVIEW,TARGET_VALUE_NOT_IN_SOURCE_SENTENCE,CLAIM_PARSE,,,[],,,,N,,HUMAN_REVIEW,TARGET_VALUE_NOT_IN_SOURCE_SENTENCE,CLAIM_PARSE,,,[],,,,N,,Y,D:\projects\services\archived\clafact-auto\.worktrees\direct-value-general-rules\artifacts\direct_value_generalization_v1\runs\intermediate_validation_full\claim_verification_results.jsonl,동일,Y,KEEP_DIRECT_REQUIRES_RECOVERY,KEEP_DIRECT_VALUE,8.직접값,FAIL_CLOSED_SLOT_RECOVERY,,TARGET_VALUE_NOT_IN_SOURCE_SENTENCE,TARGET_VALUE_NOT_IN_SOURCE_SENTENCE,INTERMEDIATE_VALIDATION,artifacts/direct_value_claim_reclassification_100_20260828/summary.json
복수문장직접값자식결과,A00526_14,claim_cdacc78d98fd1e6b,복수 수치에서 분리,8번 직접값,8번 직접값 유지,지난해 의약품 대미 수출액은 15억364만달러(약 2조2000억원)다.,2025-02-10,1.50364e+09달러,수출액,1503640000.0,달러,2024년,년,,,"{""무역상대국"": ""미국"", ""품목"": ""의약품""}",DIRECT_VALUE,,AUTO_OK,KOSIS_PIPELINE_ELIGIBLE,HOLD,NO_HARD_GUARD_CANDIDATE,HARD_GUARD,기간·단위·지역 등 필수 조건을 모두 만족하는 공식표 후보가 없음,UNDETERMINED,,[],[],,,,,N,,,,,,,D:\projects\services\archived\clafact-auto\.worktrees\three-type-release\artifacts\direct_value_release_20260826\multi_type8_197_live_final\claim_verification_results.jsonl,A00526,FINAL_BLIND,clafact-direct-value-generalization-v1,HOLD,NO_HARD_GUARD_CANDIDATE,HARD_GUARD,N,HOLD,NO_HARD_GUARD_CANDIDATE,HARD_GUARD,UNDETERMINED,,[],,,,N,,HOLD,KOSIS_METADATA_UNAVAILABLE,KOSIS_METADATA,UNDETERMINED,,[],,,,N,,Y,D:\projects\services\archived\clafact-auto\.worktrees\direct-value-coordinate-publication\artifacts\direct_value_coordinate_62_v1\runs\final_blind_v1\claim_verification_results.jsonl,변경,,,,,,,,,,
복수문장직접값자식결과,A01902_19,claim_cdf734b0f70fc46c,복수 수치에서 분리,8번 직접값,8번 직접값 유지,"26일 통계청에 따르면, 청년층인 15~29세 실업률은 7.3%로 코로나 대유행 막바지인 2022년(7.4%) 이후 3년 만에 4월 기준 최고다.",2025-05-27,7.3%,실업률,7.3,%,2025년 4월,월,대한민국,청년층 15~29세,"{""age"": ""15~29세""}",DIRECT_VALUE,"{""direction"": ""INCREASE""}",AUTO_OK,KOSIS_PIPELINE_ELIGIBLE,HOLD,NO_EVIDENCE_COORDINATE_CANDIDATE,HARD_GUARD,공식표는 찾았지만 기사 조건에 맞는 항목·지역·기간 좌표를 확정하지 못함,UNDETERMINED,,[],[],,,,,N,,,,,,,D:\projects\services\archived\clafact-auto\.worktrees\three-type-release\artifacts\direct_value_release_20260826\multi_type8_197_live_final\claim_verification_results.jsonl,A01902,RULE_DISCOVERY,clafact-direct-value-generalization-v1,HOLD,NO_EVIDENCE_COORDINATE_CANDIDATE,HARD_GUARD,N,HOLD,NO_EVIDENCE_COORDINATE_CANDIDATE,HARD_GUARD,UNDETERMINED,,[],,,,N,,AUTO,WITHIN_TOLERANCE,VERDICT,MATCH,7.3,"[{""canonical_key"": ""ORG=101|TBL=DT_1DA7002S|ITM=T80|OBJ=G|MEMBER=15 - 29세|PRD_SE=월|PRD_DE=2025-04"", ""dimension_codes"": {""G"": ""75""}, ""dimension_members"": {""G"": ""15 - 29세""}, ""itm_id"": ""T80"", ""member_code"": ""15 - 29세"", ""obj_id"": ""G"", ""org_id"": ""101"", ""prd_de"": ""2025-04"", ""prd_se"": ""월"", ""status"": ""CONFIRMED"", ""tbl_id"": ""DT_1DA7002S"", ""unit"": ""%""}]",https://kosis.kr/openapi/Param/statisticsParameterData.do?method=getList&orgId=101&tblId=DT_1DA7002S&itmId=T80&prdSe=M&startPrdDe=202504&endPrdDe=202504&objL1=75,540b9095b9788b161118e2f411f2a85f57ca60f3b96d72a012b9b70c44b8e9c2,VERIFIED,Y,,Y,D:\projects\services\archived\clafact-auto\.worktrees\direct-value-coordinate-publication\artifacts\direct_value_coordinate_publication_v2\runs\discovery_v1\claim_verification_results.jsonl,변경,,,,,,,,,,
복수문장직접값자식결과,A02564_5,claim_ce084f39d9613e94,복수 수치에서 분리,8번 직접값,8번 직접값 유지,"법인세 수입은 지난 2022년 103조5700억원에서 2023년 80조4200억원으로 줄었고, 2024년에는 62조5000억원까지 감소했다.",2025-07-17,625000억원,법인세 수입,625000.0,억원,2024,연간,,,,DIRECT_VALUE,,AUTO_OK,KOSIS_PIPELINE_ELIGIBLE,HOLD,NO_HARD_GUARD_CANDIDATE,HARD_GUARD,기간·단위·지역 등 필수 조건을 모두 만족하는 공식표 후보가 없음,UNDETERMINED,,[],[],,,,,N,,,,,,,D:\projects\services\archived\clafact-auto\.worktrees\three-type-release\artifacts\direct_value_release_20260826\multi_type8_197_live_final\claim_verification_results.jsonl,A02564,FINAL_BLIND,clafact-direct-value-generalization-v1,HOLD,NO_HARD_GUARD_CANDIDATE,HARD_GUARD,N,HOLD,NO_HARD_GUARD_CANDIDATE,HARD_GUARD,UNDETERMINED,,[],,,,N,,HOLD,KOSIS_CATALOG_UNAVAILABLE,CLAIM_PARSE,,,[],,,,N,,Y,D:\projects\services\archived\clafact-auto\.worktrees\direct-value-coordinate-publication\artifacts\direct_value_coordinate_62_v1\runs\final_blind_v1\claim_verification_results.jsonl,변경,,,,,,,,,,
복수문장직접값자식결과,A02680_2,claim_ce14765a78a0675e,복수 수치에서 분리,8번 직접값,8번 직접값 유지,"3일 국가데이터처의 경제활동인구조사 마이크로데이터를 분석한 결과에 따르면, 지난 9월 기준 국내 부업자 수는 67만9367명으로 지난해 9월(65만5475명)보다 2만4000명가량 늘었다.",2025-11-04,679367명,부업자 수,679367.0,명,2025년 9월,월,국내,,,DIRECT_VALUE,"{""direction"": ""INCREASE""}",AUTO_OK,KOSIS_PIPELINE_ELIGIBLE,HOLD,NO_HARD_GUARD_CANDIDATE,HARD_GUARD,기간·단위·지역 등 필수 조건을 모두 만족하는 공식표 후보가 없음,UNDETERMINED,,[],[],,,,,N,,,,,,,D:\projects\services\archived\clafact-auto\.worktrees\three-type-release\artifacts\direct_value_release_20260826\multi_type8_197_live_final\claim_verification_results.jsonl,A02680,INTERMEDIATE_VALIDATION,clafact-direct-value-generalization-v1,HOLD,NO_HARD_GUARD_CANDIDATE,HARD_GUARD,N,HOLD,NO_HARD_GUARD_CANDIDATE,HARD_GUARD,UNDETERMINED,,[],,,,N,,HOLD,KOSIS_CATALOG_UNAVAILABLE,CLAIM_PARSE,,,[],,,,N,,Y,D:\projects\services\archived\clafact-auto\.worktrees\direct-value-coordinate-publication\artifacts\direct_value_coordinate_62_v1\runs\intermediate_v1\claim_verification_results.jsonl,변경,,,,,,,,,,
복수문장직접값자식결과,A01953_25,claim_cecd602327217d8d,복수 수치에서 분리,8번 직접값,8번 직접값 유지,앞서 2023년 종근당은 노바티스와 총 13억500만달러(약 1조7302억원) 규모의 기술 수출 계약을 맺었다.,2025-05-31,1.305e+09달러,기술 수출 계약 규모,1305000000.0,달러,2023년,,,,"{""계약 당사자"": ""종근당·노바티스"", ""계약 유형"": ""기술 수출""}",DIRECT_VALUE,,AUTO_OK,KOSIS_PIPELINE_ELIGIBLE,HOLD,NO_HARD_GUARD_CANDIDATE,HARD_GUARD,기간·단위·지역 등 필수 조건을 모두 만족하는 공식표 후보가 없음,UNDETERMINED,,[],[],,,,,N,,,,,,,D:\projects\services\archived\clafact-auto\.worktrees\three-type-release\artifacts\direct_value_release_20260826\multi_type8_197_live_final\claim_verification_results.jsonl,A01953,RULE_DISCOVERY,clafact-direct-value-generalization-v1,HOLD,NO_HARD_GUARD_CANDIDATE,HARD_GUARD,N,HOLD,NO_HARD_GUARD_CANDIDATE,HARD_GUARD,UNDETERMINED,,[],,,,N,,HUMAN_REVIEW,NON_STATISTICAL_PRIVATE_TRANSACTION,CLAIM_PARSE,,,[],,,,N,,Y,D:\projects\services\archived\clafact-auto\.worktrees\direct-value-coordinate-publication\artifacts\direct_value_coordinate_publication_v2\runs\discovery_v1\claim_verification_results.jsonl,변경,Y,EXCLUDE_PRIVATE_TRANSACTION,EXCLUDE_FROM_KOSIS,검증 제외,NON_STATISTICAL_PRIVATE_TRANSACTION,,NON_STATISTICAL_PRIVATE_TRANSACTION,NON_STATISTICAL_PRIVATE_TRANSACTION,RULE_DISCOVERY,artifacts/direct_value_claim_reclassification_100_20260828/summary.json
복수문장직접값자식결과,A00849_11,claim_d16538d7381cefb2,복수 수치에서 분리,8번 직접값,8번 직접값 유지,"작년 1억원 이상 수입차에서 가장 인기 있는 모델 5개 중 SUV가 3개, 세단은 1개였다.",2025-03-07,1e+08원,수입액,100000000.0,원,2024,Y,,,,THRESHOLD,"{""operator"": ""GTE""}",HUMAN_REVIEW,CONTEXT_REQUIRED,HUMAN_REVIEW,TARGET_NOT_FOUND_IN_SOURCE,CLAIM_PARSE,구조화된 대상 수치가 뉴스 원문에서 확인되지 않음,,,[],[],,,,,N,,,,,,,D:\projects\services\archived\clafact-auto\.worktrees\three-type-release\artifacts\direct_value_release_20260826\multi_type8_197_live_final\claim_verification_results.jsonl,A00849,INTERMEDIATE_VALIDATION,clafact-direct-value-generalization-v1,HUMAN_REVIEW,TARGET_NOT_FOUND_IN_SOURCE,CLAIM_PARSE,N,HUMAN_REVIEW,TARGET_NOT_FOUND_IN_SOURCE,CLAIM_PARSE,,,[],,,,N,,HOLD,NO_EVIDENCE_COORDINATE_CANDIDATE,HARD_GUARD,UNDETERMINED,,[],,,,N,,Y,D:\projects\services\archived\clafact-auto\.worktrees\direct-value-coordinate-publication\artifacts\direct_value_coordinate_62_v1\runs\intermediate_v1\claim_verification_results.jsonl,변경,,,,,,,,,,
복수문장직접값자식결과,A00922_4,claim_d1831985171d074b,복수 수치에서 분리,8번 직접값,8번 직접값 유지,◇‘쉬었음’ 청년 50만명 넘어 12일 통계청은 ‘2월 고용 동향’에서 지난달 15~29세 청년층의 ‘쉬었음’ 인구가 50만4000명으로 전년 같은 달 대비 6만1000명 늘었다고 밝혔다.,2025-03-12,504000명,쉬었음 인구,504000.0,명,2025년 2월,월,,15~29세 청년층,"{""age"": ""15~29세"", ""상태"": ""쉬었음""}",DIRECT_VALUE,"{""direction"": ""INCREASE""}",AUTO_OK,KOSIS_PIPELINE_ELIGIBLE,HOLD,NO_EVIDENCE_COORDINATE_CANDIDATE,HARD_GUARD,공식표는 찾았지만 기사 조건에 맞는 항목·지역·기간 좌표를 확정하지 못함,UNDETERMINED,,[],[],,,,,N,,,,,,,D:\projects\services\archived\clafact-auto\.worktrees\three-type-release\artifacts\direct_value_release_20260826\multi_type8_197_live_final\claim_verification_results.jsonl,A00922,RULE_DISCOVERY,clafact-direct-value-generalization-v1,HOLD,NO_EVIDENCE_COORDINATE_CANDIDATE,HARD_GUARD,N,HOLD,NO_EVIDENCE_COORDINATE_CANDIDATE,HARD_GUARD,UNDETERMINED,,[],,,,N,,HOLD,FETCH_FAILED,OFFICIAL_VALUE_FETCH,UNDETERMINED,,"[{""canonical_key"": ""ORG=101|TBL=DT_1DA7147S|ITM=T50|OBJ=G|MEMBER=15 - 29세|PRD_SE=월|PRD_DE=2025-02|DIMS=G:15 - 29세,M:쉬었음"", ""dimension_codes"": {""G"": ""75"", ""M"": ""905""}, ""dimension_members"": {""G"": ""15 - 29세"", ""M"": ""쉬었음""}, ""itm_id"": ""T50"", ""member_code"": ""15 - 29세"", ""obj_id"": ""G"", ""org_id"": ""101"", ""prd_de"": ""2025-02"", ""prd_se"": ""월"", ""status"": ""CONFIRMED"", ""tbl_id"": ""DT_1DA7147S"", ""unit"": ""천명""}]",https://kosis.kr/openapi/Param/statisticsParameterData.do?method=getList&orgId=101&tblId=DT_1DA7147S&itmId=T50&prdSe=M&startPrdDe=202502&endPrdDe=202502&objL1=75&objL2=905,,,N,OFFICIAL_RECURRING_BINDING_V1,Y,D:\projects\services\archived\clafact-auto\.worktrees\direct-value-coordinate-publication\artifacts\direct_value_coordinate_publication_v2\runs\discovery_v1\claim_verification_results.jsonl,변경,,,,,,,,,,
복수문장직접값자식결과,A01480_28,claim_d3cfc35992f45b90,복수 수치에서 분리,8번 직접값,8번 직접값 유지,비상 계엄 파문 이전인 작년... 3분기 연속 제로 성장… 현실이 된 '피크 코리아' -0.2%(2024년 2분기)→0.1%(3분기)→0.1%(4분기) 한국 경제성장률이 3개 분기 연속으로 0% 안팎을 기록했다.,2025-04-24,0.2%,경제성장률,0.2,%,2024-Q2,Q,전국,,,DIRECT_VALUE,,HOLD,CONTEXT_REQUIRED,HUMAN_REVIEW,GROUPING_AMBIGUOUS,CLAIM_PARSE,한 문장의 여러 수치를 독립 Claim으로 안전하게 나누지 못함,,,[],[],,,,,N,,,,,,,D:\projects\services\archived\clafact-auto\.worktrees\three-type-release\artifacts\direct_value_release_20260826\multi_type8_197_live_final\claim_verification_results.jsonl,A01480,INTERMEDIATE_VALIDATION,clafact-direct-value-generalization-v1,HUMAN_REVIEW,GROUPING_AMBIGUOUS,CLAIM_PARSE,N,HUMAN_REVIEW,GROUPING_AMBIGUOUS,CLAIM_PARSE,,,[],,,,N,,HOLD,KOSIS_METADATA_UNAVAILABLE,KOSIS_METADATA,UNDETERMINED,,[],,,,N,,Y,D:\projects\services\archived\clafact-auto\.worktrees\direct-value-coordinate-publication\artifacts\direct_value_coordinate_publication_v2\runs\intermediate_v2\claim_verification_results.jsonl,변경,,,,,,,,,,
복수문장직접값자식결과,A00006_9,claim_d4c994a8c934e1ea,복수 수치에서 분리,8번 직접값,8번 직접값 유지,"◇반도체, 자동차가 이끌고 바이오, 농수산, 화장품 등도 고르게 증가 품목별로는 최대 수출품목인 반도체가 43.9% 증가한 1419억 달러를 기록, 2023년 11월 이후 14개월 연속 증가 흐름을 이어가면서 기존 최대 실적인 2022년 1292억 달러를 2년 만에 경신했다.",2025-01-01,141.9billion USD,반도체 수출액,141.9,billion USD,2024,ANNUAL,,수출,"{""item"": ""반도체""}",DIRECT_VALUE,,HUMAN_REVIEW,CONTEXT_REQUIRED,HUMAN_REVIEW,TARGET_NOT_FOUND_IN_SOURCE,CLAIM_PARSE,구조화된 대상 수치가 뉴스 원문에서 확인되지 않음,,,[],[],,,,,N,,,,,,,D:\projects\services\archived\clafact-auto\.worktrees\three-type-release\artifacts\direct_value_release_20260826\multi_type8_197_live_final\claim_verification_results.jsonl,A00006,RULE_DISCOVERY,clafact-direct-value-generalization-v1,HUMAN_REVIEW,TARGET_NOT_FOUND_IN_SOURCE,CLAIM_PARSE,N,HUMAN_REVIEW,TARGET_NOT_FOUND_IN_SOURCE,CLAIM_PARSE,,,[],,,,N,,HUMAN_REVIEW,TARGET_NOT_FOUND_IN_SOURCE,CLAIM_PARSE,,,[],,,,N,,,,,Y,KEEP_DIRECT_REQUIRES_RECOVERY,KEEP_DIRECT_VALUE,8.직접값,FAIL_CLOSED_SLOT_RECOVERY,,TARGET_NOT_FOUND_IN_SOURCE,TARGET_NOT_FOUND_IN_SOURCE,RULE_DISCOVERY,artifacts/direct_value_claim_reclassification_100_20260828/summary.json
복수문장직접값자식결과,A01285_4,claim_d5a7ae422c416dbf,복수 수치에서 분리,8번 직접값,8번 직접값 유지,"9일 통계청이 발표한 ‘3월 고용동향’에 따르면, 지난 3월 취업자 수는 2858만9000명으로 전년 동월 대비 19만3000명 증가했다.",2025-04-09,2.8589e+07명,취업자 수,28589000.0,명,2025년 3월,월,대한민국,취업자,,DIRECT_VALUE,"{""direction"": ""INCREASE""}",AUTO_OK,KOSIS_PIPELINE_ELIGIBLE,AUTO,WITHIN_TOLERANCE,VERDICT,기사값과 공식값이 허용오차 안에서 일치,MATCH,28589000.0,"[{""canonical_key"": ""ORG=101|TBL=DT_1DA7001S|ITM=T30|OBJ=B|MEMBER=계|PRD_SE=월|PRD_DE=2025-03"", ""dimension_codes"": {""B"": ""0""}, ""dimension_members"": {""B"": ""계""}, ""itm_id"": ""T30"", ""member_code"": ""계"", ""obj_id"": ""B"", ""org_id"": ""101"", ""prd_de"": ""2025-03"", ""prd_se"": ""월"", ""status"": ""CONFIRMED"", ""tbl_id"": ""DT_1DA7001S"", ""unit"": ""천명""}]","[{""content_hash"": ""ba95b3860024c3ea552e621c4d0c3ec24a1ef96fd16434bca699a0d60ba0c0af"", ""evidence_key"": ""ORG=101|TBL=DT_1DA7001S|ITM=T30|OBJ=B|MEMBER=계|PRD_SE=월|PRD_DE=2025-03"", ""publication"": {""content_hash"": ""246739db81ff1a69cd4128d267c47aaa1b806eee9b3fe1723c2d15bd41000920"", ""coverage_end_period"": null, ""coverage_start_period"": null, ""evidence_scope"": ""PERIOD"", ""pub_date_text"": ""조사기준 월 익월"", ""pub_period"": ""월"", ""publication_method_url"": ""https://www.kostat.go.kr/board.es?act=list&mid=a10301010000&keyField=T&bid=210&keyWord=2025%EB%85%84+3%EC%9B%94+%EA%B3%A0%EC%9A%A9%EB%8F%99%ED%96%A5"", ""published_at"": ""2025-04-09"", ""reference_period"": ""2025-03"", ""retrieved_at"": ""2026-08-26T09:03:46.035461Z"", ""source_url"": ""https://www.kostat.go.kr/board.es?mid=a10301010000&bid=210&act=view&list_no=435969&tag=&nPage=1&ref_bid="", ""status"": ""VERIFIED""}, ""retrieved_at"": ""2026-08-26T09:03:32.429896Z"", ""source"": ""API"", ""source_url"": ""https://kosis.kr/openapi/Param/statisticsParameterData.do?method=getList&orgId=101&tblId=DT_1DA7001S&itmId=T30&prdSe=M&startPrdDe=202503&endPrdDe=202503&objL1=0"", ""value_last_changed_at"": ""2025-03-27""}]",https://kosis.kr/openapi/Param/statisticsParameterData.do?method=getList&orgId=101&tblId=DT_1DA7001S&itmId=T30&prdSe=M&startPrdDe=202503&endPrdDe=202503&objL1=0,ba95b3860024c3ea552e621c4d0c3ec24a1ef96fd16434bca699a0d60ba0c0af,VERIFIED,KOSIS_API,Y,,,,,,,D:\projects\services\archived\clafact-auto\.worktrees\three-type-release\artifacts\direct_value_release_20260826\multi_type8_197_live_final\claim_verification_results.jsonl,A01285,RULE_DISCOVERY,clafact-direct-value-generalization-v1,AUTO,WITHIN_TOLERANCE,VERDICT,Y,AUTO,WITHIN_TOLERANCE,VERDICT,MATCH,28589000.0,"[{""canonical_key"": ""ORG=101|TBL=DT_1DA7001S|ITM=T30|OBJ=B|MEMBER=계|PRD_SE=월|PRD_DE=2025-03"", ""dimension_codes"": {""B"": ""0""}, ""dimension_members"": {""B"": ""계""}, ""itm_id"": ""T30"", ""member_code"": ""계"", ""obj_id"": ""B"", ""org_id"": ""101"", ""prd_de"": ""2025-03"", ""prd_se"": ""월"", ""status"": ""CONFIRMED"", ""tbl_id"": ""DT_1DA7001S"", ""unit"": ""천명""}]",https://kosis.kr/openapi/Param/statisticsParameterData.do?method=getList&orgId=101&tblId=DT_1DA7001S&itmId=T30&prdSe=M&startPrdDe=202503&endPrdDe=202503&objL1=0,ba95b3860024c3ea552e621c4d0c3ec24a1ef96fd16434bca699a0d60ba0c0af,VERIFIED,Y,,AUTO,WITHIN_TOLERANCE,VERDICT,MATCH,28589000.0,"[{""canonical_key"": ""ORG=101|TBL=DT_1DA7001S|ITM=T30|OBJ=B|MEMBER=계|PRD_SE=월|PRD_DE=2025-03"", ""dimension_codes"": {""B"": ""0""}, ""dimension_members"": {""B"": ""계""}, ""itm_id"": ""T30"", ""member_code"": ""계"", ""obj_id"": ""B"", ""org_id"": ""101"", ""prd_de"": ""2025-03"", ""prd_se"": ""월"", ""status"": ""CONFIRMED"", ""tbl_id"": ""DT_1DA7001S"", ""unit"": ""천명""}]",https://kosis.kr/openapi/Param/statisticsParameterData.do?method=getList&orgId=101&tblId=DT_1DA7001S&itmId=T30&prdSe=M&startPrdDe=202503&endPrdDe=202503&objL1=0,ba95b3860024c3ea552e621c4d0c3ec24a1ef96fd16434bca699a0d60ba0c0af,VERIFIED,Y,,,,,,,,,,,,,,
복수문장직접값자식결과,A00579_13,claim_dccdcb63bdcf78d5,복수 수치에서 분리,8번 직접값,8번 직접값 유지,"지난달 15~29세 청년층 취업자 수는 전년 동월 대비 21만8000명 줄었는데, 고용률 기준으로도 44.8%에 그치며 전년 동월 대비 1.5%포인트 감소했다.",2025-02-14,1.5%p,취업자 수,1.5,%p,2025-01,M,,청년,"{""raw"": ""{\""연령\"": \""15~29세\""}""}",DIRECT_VALUE,"{""direction"": ""DECREASE""}",HUMAN_REVIEW,CONTEXT_REQUIRED,HUMAN_REVIEW,TARGET_NOT_FOUND_IN_SOURCE,CLAIM_PARSE,구조화된 대상 수치가 뉴스 원문에서 확인되지 않음,,,[],[],,,,,N,,,,,,,D:\projects\services\archived\clafact-auto\.worktrees\three-type-release\artifacts\direct_value_release_20260826\multi_type8_197_live_final\claim_verification_results.jsonl,A00579,RULE_DISCOVERY,clafact-direct-value-generalization-v1,HUMAN_REVIEW,TARGET_NOT_FOUND_IN_SOURCE,CLAIM_PARSE,N,HUMAN_REVIEW,TARGET_NOT_FOUND_IN_SOURCE,CLAIM_PARSE,,,[],,,,N,,HUMAN_REVIEW,TARGET_NOT_FOUND_IN_SOURCE,CLAIM_PARSE,,,[],,,,N,,,,,Y,MOVE_CHANGE_AMOUNT,MOVE_TO_OTHER_TYPE,6.증감량,SOURCE_CHANGE_AMOUNT,1.5%포인트,TARGET_NOT_FOUND_IN_SOURCE,RECLASSIFY_TO_DIFFERENCE,RULE_DISCOVERY,artifacts/direct_value_claim_reclassification_100_20260828/summary.json
복수문장직접값자식결과,A00354_13,claim_de464853d689a99b,복수 수치에서 분리,8번 직접값,8번 직접값 유지,"50년 후 먼 미래가 아니더라도, 불과 25년 후인 2050년에 생산연령인구 1.3명이 고령 인구 1명을 부양해야 한다.",2025-01-28,1.3명,생산연령인구의 고령 인구 부양 규모,1.3,명,2050,,대한민국,생산연령인구,"{""부양 대상"": ""고령 인구 1명""}",DIRECT_VALUE,,AUTO_OK,KOSIS_PIPELINE_ELIGIBLE,HOLD,NO_HARD_GUARD_CANDIDATE,HARD_GUARD,기간·단위·지역 등 필수 조건을 모두 만족하는 공식표 후보가 없음,UNDETERMINED,,[],[],,,,,N,,,,,,,D:\projects\services\archived\clafact-auto\.worktrees\three-type-release\artifacts\direct_value_release_20260826\multi_type8_197_live_final\claim_verification_results.jsonl,A00354,RULE_DISCOVERY,clafact-direct-value-generalization-v1,HOLD,NO_HARD_GUARD_CANDIDATE,HARD_GUARD,N,HOLD,NO_HARD_GUARD_CANDIDATE,HARD_GUARD,UNDETERMINED,,[],,,,N,,HUMAN_REVIEW,NON_STATISTICAL_POLICY_THRESHOLD,CLAIM_PARSE,,,[],,,,N,,Y,D:\projects\services\archived\clafact-auto\.worktrees\direct-value-coordinate-publication\artifacts\direct_value_coordinate_62_v1\runs\discovery_v2\claim_verification_results.jsonl,변경,Y,EXCLUDE_POLICY_THRESHOLD,EXCLUDE_FROM_KOSIS,검증 제외,NON_STATISTICAL_POLICY_THRESHOLD,,NON_STATISTICAL_POLICY_THRESHOLD,NON_STATISTICAL_POLICY_THRESHOLD,RULE_DISCOVERY,artifacts/direct_value_claim_reclassification_100_20260828/summary.json
복수문장직접값자식결과,A02647_8,claim_dfffd1ef43518eee,복수 수치에서 분리,8번 직접값,8번 직접값 유지,성별로는 남자 비정규직이 365만 명으로 전년동월대비 3만 5000명 증가했다.,2025-10-22,3.65e+06명,비정규직,3650000.0,명,,월간,,남자,"{""성별"": ""남자""}",DIRECT_VALUE,,HUMAN_REVIEW,CONTEXT_REQUIRED,HUMAN_REVIEW,TARGET_NOT_FOUND_IN_SOURCE,CLAIM_PARSE,구조화된 대상 수치가 뉴스 원문에서 확인되지 않음,,,[],[],,,,,N,,,,,,,D:\projects\services\archived\clafact-auto\.worktrees\three-type-release\artifacts\direct_value_release_20260826\multi_type8_197_live_final\claim_verification_results.jsonl,A02647,RULE_DISCOVERY,clafact-direct-value-generalization-v1,HUMAN_REVIEW,TARGET_NOT_FOUND_IN_SOURCE,CLAIM_PARSE,N,HUMAN_REVIEW,TARGET_NOT_FOUND_IN_SOURCE,CLAIM_PARSE,,,[],,,,N,,HUMAN_REVIEW,TARGET_NOT_FOUND_IN_SOURCE,CLAIM_PARSE,,,[],,,,N,,,,,Y,KEEP_DIRECT_REQUIRES_RECOVERY,KEEP_DIRECT_VALUE,8.직접값,FAIL_CLOSED_SLOT_RECOVERY,365만 명,TARGET_NOT_FOUND_IN_SOURCE,TARGET_NOT_FOUND_IN_SOURCE,RULE_DISCOVERY,artifacts/direct_value_claim_reclassification_100_20260828/summary.json
복수문장직접값자식결과,A01359_5,claim_e14952291591b135,복수 수치에서 분리,8번 직접값,8번 직접값 유지,"25~34세 취업자는 코로나가 시작된 지난 2020년 2분기(-6만명)부터 2021년 1분기(-5만4000명)까지 줄다, 2021년 2분기(9만5000명)부터 작년 4분기(2000명)까지 늘었다.",2025-04-15,-60000명,25~34세 취업자 증감,-60000.0,명,2020년 2분기,분기,,25~34세 취업자,"{""연령"": ""25~34세""}",DIRECT_VALUE,,HOLD,STRUCTURAL_HOLD,HUMAN_REVIEW,CLAIM_PARSE_UNCERTAIN,CLAIM_PARSE,문장에 서로 다른 기간의 증감 수치가 여러 개 포함되어 있어 독립적으로 검증 가능한 단일 주장으로 확정하기 어렵습니다.,,,[],[],,,,,N,,문장에 서로 다른 기간의 증감 수치가 여러 개 포함되어 있어 독립적으로 검증 가능한 단일 주장으로 확정하기 어렵습니다.,,,,,D:\projects\services\archived\clafact-auto\.worktrees\three-type-release\artifacts\direct_value_release_20260826\multi_type8_197_live_final\claim_verification_results.jsonl,A01359,RULE_DISCOVERY,clafact-direct-value-generalization-v1,HUMAN_REVIEW,CLAIM_PARSE_UNCERTAIN,CLAIM_PARSE,N,HUMAN_REVIEW,CLAIM_PARSE_UNCERTAIN,CLAIM_PARSE,,,[],,,,N,,HUMAN_REVIEW,CLAIM_PARSE_UNCERTAIN,CLAIM_PARSE,,,[],,,,N,,,,,Y,KEEP_DIRECT_RECOVERED,KEEP_DIRECT_VALUE,8.직접값,SOURCE_GROUNDED_DIRECT_VALUE,-6만명,CLAIM_PARSE_UNCERTAIN,SOURCE_GROUNDED_DIRECT_VALUE,RULE_DISCOVERY,artifacts/direct_value_claim_reclassification_100_20260828/summary.json
복수문장직접값자식결과,A00751_27,claim_e2ed9bf16de852a0,복수 수치에서 분리,8번 직접값,8번 직접값 유지,"실업률은 4% 수준이고, 작년 12월에는 일자리 25만개가 새로 만들어졌다.",2025-02-27,250000개,일자리,250000.0,개,2024년 12월,월,,,,DIRECT_VALUE,,AUTO_OK,KOSIS_PIPELINE_ELIGIBLE,HOLD,NO_HARD_GUARD_CANDIDATE,HARD_GUARD,기간·단위·지역 등 필수 조건을 모두 만족하는 공식표 후보가 없음,UNDETERMINED,,[],[],,,,,N,,,,,,,D:\projects\services\archived\clafact-auto\.worktrees\three-type-release\artifacts\direct_value_release_20260826\multi_type8_197_live_final\claim_verification_results.jsonl,A00751,RULE_DISCOVERY,clafact-direct-value-generalization-v1,HOLD,NO_HARD_GUARD_CANDIDATE,HARD_GUARD,N,HOLD,NO_HARD_GUARD_CANDIDATE,HARD_GUARD,UNDETERMINED,,[],,,,N,,HOLD,NO_HARD_GUARD_CANDIDATE,HARD_GUARD,UNDETERMINED,,[],,,,N,,Y,D:\projects\services\archived\clafact-auto\.worktrees\direct-value-coordinate-publication\artifacts\direct_value_coordinate_62_v1\runs\discovery_v2\claim_verification_results.jsonl,동일,,,,,,,,,,
복수문장직접값자식결과,A02558_14,claim_e348805be97e11ca,복수 수치에서 분리,8번 직접값,8번 직접값 유지,지난달 건설업 취업자 수도 196만명으로 전년 동월 대비 9만7000명 감소하며 200만명을 밑돌았다.,2025-07-16,1.96e+06명,취업자 수,1960000.0,명,2025년 6월,월,,취업자,"{""산업"": ""건설업""}",DIRECT_VALUE,"{""direction"": ""DECREASE"", ""operator"": ""LT"", ""threshold_unit"": ""명"", ""threshold_value"": ""2000000""}",AUTO_OK,KOSIS_PIPELINE_ELIGIBLE,HOLD,NO_EVIDENCE_COORDINATE_CANDIDATE,HARD_GUARD,공식표는 찾았지만 기사 조건에 맞는 항목·지역·기간 좌표를 확정하지 못함,UNDETERMINED,,[],[],,,,,N,,,,,,,D:\projects\services\archived\clafact-auto\.worktrees\three-type-release\artifacts\direct_value_release_20260826\multi_type8_197_live_final\claim_verification_results.jsonl,A02558,RULE_DISCOVERY,clafact-direct-value-generalization-v1,HOLD,NO_EVIDENCE_COORDINATE_CANDIDATE,HARD_GUARD,N,HOLD,NO_EVIDENCE_COORDINATE_CANDIDATE,HARD_GUARD,UNDETERMINED,,[],,,,N,,HOLD,NO_EVIDENCE_COORDINATE_CANDIDATE,HARD_GUARD,UNDETERMINED,,[],,,,N,OFFICIAL_RECURRING_BINDING_V1,Y,D:\projects\services\archived\clafact-auto\.worktrees\direct-value-coordinate-publication\artifacts\direct_value_coordinate_62_v1\runs\discovery_v2\claim_verification_results.jsonl,동일,,,,,,,,,,
복수문장직접값자식결과,A02416_14,claim_e42477f5b7337259,복수 수치에서 분리,8번 직접값,8번 직접값 유지,"◇“추경은 급한 불 끄는 소화기… 내수 살릴 진짜 대책 필요"" 정부가 올해 두 번째 추가경정예산을 마련하고 4일 정부안보다 1조원 넘게 불어난 2차 추경이 국회 문턱을 넘었지만, 추경으로 인한 올해 성장률 상승 폭은 0.1~0.2%포인트에 그칠 것이란 관측이 나온다.",2025-07-05,,2차 추가경정예산 증가액,,원,2025,연간,대한민국,,"{""item"": ""2차 추가경정예산"", ""reference"": ""정부안""}",THRESHOLD,"{""operator"": ""GT"", ""threshold_unit"": ""원"", ""threshold_value"": ""None""}",AUTO_OK,KOSIS_PIPELINE_ELIGIBLE,HOLD,KOSIS_CATALOG_UNAVAILABLE,,KOSIS 공식표 검색 요청이 일시적으로 실패함,,,[],[],,,,,N,85e8e215a3d3,,,,,,D:\projects\services\archived\clafact-auto\.worktrees\three-type-release\artifacts\direct_value_release_20260826\multi_type8_197_live_final\claim_verification_results.jsonl,A02416,INTERMEDIATE_VALIDATION,clafact-direct-value-generalization-v1,HOLD,KOSIS_CATALOG_UNAVAILABLE,,N,HOLD,KOSIS_CATALOG_UNAVAILABLE,,,,[],,,,N,,HOLD,KOSIS_CATALOG_UNAVAILABLE,CLAIM_PARSE,,,[],,,,N,,Y,D:\projects\services\archived\clafact-auto\.worktrees\direct-value-general-rules\artifacts\direct_value_generalization_v1\runs\intermediate_validation_full\claim_verification_results.jsonl,변경,,,,,,,,,,
복수문장직접값자식결과,A02184_12,claim_e4383ee9b65c6c52,복수 수치에서 분리,8번 직접값,8번 직접값 유지,작년까지만 해도 전문대 졸업자 실업률(4.8%)이 고졸 실업률(5.1%)보다 낮았다.,2025-06-17,5.1%,실업률,5.1,%,2024년,년,,고졸자,"{""학력"": ""고졸""}",DIRECT_VALUE,,AUTO_OK,KOSIS_PIPELINE_ELIGIBLE,HOLD,AMBIGUOUS_MARGIN,EVIDENCE_CELL,AMBIGUOUS_MARGIN,UNDETERMINED,,"[{""canonical_key"": ""ORG=101|TBL=DT_1DA7003S|ITM=T80|OBJ=H|MEMBER=고졸|PRD_SE=년|PRD_DE=2024"", ""dimension_codes"": {""H"": ""30""}, ""dimension_members"": {""H"": ""고졸""}, ""itm_id"": ""T80"", ""member_code"": ""고졸"", ""obj_id"": ""H"", ""org_id"": ""101"", ""prd_de"": ""2024"", ""prd_se"": ""년"", ""status"": ""CONFIRMED"", ""tbl_id"": ""DT_1DA7003S"", ""unit"": ""%""}]",[],,,,,N,,,,,,,D:\projects\services\archived\clafact-auto\.worktrees\three-type-release\artifacts\direct_value_release_20260826\multi_type8_197_live_final\claim_verification_results.jsonl,A02184,RULE_DISCOVERY,clafact-direct-value-generalization-v1,HOLD,AMBIGUOUS_MARGIN,EVIDENCE_CELL,N,HOLD,AMBIGUOUS_MARGIN,EVIDENCE_CELL,UNDETERMINED,,"[{""canonical_key"": ""ORG=101|TBL=DT_1DA7003S|ITM=T80|OBJ=H|MEMBER=고졸|PRD_SE=년|PRD_DE=2024"", ""dimension_codes"": {""H"": ""30""}, ""dimension_members"": {""H"": ""고졸""}, ""itm_id"": ""T80"", ""member_code"": ""고졸"", ""obj_id"": ""H"", ""org_id"": ""101"", ""prd_de"": ""2024"", ""prd_se"": ""년"", ""status"": ""CONFIRMED"", ""tbl_id"": ""DT_1DA7003S"", ""unit"": ""%""}]",,,,N,,HOLD,AMBIGUOUS_MARGIN,EVIDENCE_CELL,UNDETERMINED,,"[{""canonical_key"": ""ORG=101|TBL=DT_1DA7003S|ITM=T80|OBJ=H|MEMBER=고졸|PRD_SE=년|PRD_DE=2024"", ""dimension_codes"": {""H"": ""30""}, ""dimension_members"": {""H"": ""고졸""}, ""itm_id"": ""T80"", ""member_code"": ""고졸"", ""obj_id"": ""H"", ""org_id"": ""101"", ""prd_de"": ""2024"", ""prd_se"": ""년"", ""status"": ""CONFIRMED"", ""tbl_id"": ""DT_1DA7003S"", ""unit"": ""%""}]",,,,N,,,,,,,,,,,,,,
복수문장직접값자식결과,A02065_4,claim_e6dc0e8f203a746e,복수 수치에서 분리,8번 직접값,8번 직접값 유지,"원·달러 환율(3개월 이동평균)은 작년 동기 대비 7.8% 올라, 소비자물가를 0.3%p 올렸다.",2025-06-08,0.3%p,소비자물가 상승폭,0.3,%p,,,,,"{""item"": ""원·달러 환율(3개월 이동평균)의 영향""}",DIRECT_VALUE,,HOLD,STRUCTURAL_HOLD,HUMAN_REVIEW,CLAIM_PARSE_UNCERTAIN,CLAIM_PARSE,MISSING_REQUIRED_SLOTS:time,,,[],[],,,,,N,,MISSING_REQUIRED_SLOTS:time,,,,,D:\projects\services\archived\clafact-auto\.worktrees\three-type-release\artifacts\direct_value_release_20260826\multi_type8_197_live_final\claim_verification_results.jsonl,A02065,FINAL_BLIND,clafact-direct-value-generalization-v1,HUMAN_REVIEW,CLAIM_PARSE_UNCERTAIN,CLAIM_PARSE,N,HUMAN_REVIEW,CLAIM_PARSE_UNCERTAIN,CLAIM_PARSE,,,[],,,,N,,HUMAN_REVIEW,MISSING_REQUIRED_SLOTS:time,CLAIM_PARSE,,,[],,,,N,,Y,D:\projects\services\archived\clafact-auto\.worktrees\direct-value-general-rules\artifacts\direct_value_generalization_v1\runs\final_blind_full\claim_verification_results.jsonl,변경,Y,KEEP_DIRECT_REQUIRES_RECOVERY,KEEP_DIRECT_VALUE,8.직접값,FAIL_CLOSED_SLOT_RECOVERY,0.3%p,MISSING_REQUIRED_SLOTS:time,MISSING_REQUIRED_SLOTS:time,FINAL_BLIND,artifacts/direct_value_claim_reclassification_100_20260828/summary.json
복수문장직접값자식결과,A02184_8,claim_e8ddfd4375ff8253,복수 수치에서 분리,8번 직접값,8번 직접값 유지,"지난 2003년부터 2022년까지 20년간 20대 후반의 실업률은 고졸이 대졸보다 높았는데, 지난 2023년부터 대졸 실업률(6.2%)이 고졸(5.2%)을 넘는 역전 현상이 발생했다.",2025-06-17,6.2%,실업률,6.2,%,2023년부터,연간,,20대 후반,"{""학력"": ""대졸""}",THRESHOLD,"{""operator"": ""GT"", ""threshold_unit"": ""%"", ""threshold_value"": ""6.2""}",AUTO_OK,KOSIS_PIPELINE_ELIGIBLE,HOLD,NO_EVIDENCE_COORDINATE_CANDIDATE,HARD_GUARD,공식표는 찾았지만 기사 조건에 맞는 항목·지역·기간 좌표를 확정하지 못함,UNDETERMINED,,[],[],,,,,N,,,,,,,D:\projects\services\archived\clafact-auto\.worktrees\three-type-release\artifacts\direct_value_release_20260826\multi_type8_197_live_final\claim_verification_results.jsonl,A02184,RULE_DISCOVERY,clafact-direct-value-generalization-v1,HOLD,NO_EVIDENCE_COORDINATE_CANDIDATE,HARD_GUARD,N,HOLD,NO_EVIDENCE_COORDINATE_CANDIDATE,HARD_GUARD,UNDETERMINED,,[],,,,N,,HOLD,NO_EVIDENCE_COORDINATE_CANDIDATE,HARD_GUARD,UNDETERMINED,,[],,,,N,OFFICIAL_RECURRING_BINDING_V1,Y,D:\projects\services\archived\clafact-auto\.worktrees\direct-value-coordinate-publication\artifacts\direct_value_coordinate_62_v1\runs\discovery_v2\claim_verification_results.jsonl,동일,,,,,,,,,,
복수문장직접값자식결과,A00308_6,claim_e95466b1942a27e4,복수 수치에서 분리,8번 직접값,8번 직접값 유지,그나마 수출이 잘됐던 작년 1분기(1.3%) 덕에 2% 턱걸이를 했다.,2025-01-24,2%,,2.0,%,,,,,,DIRECT_VALUE,,HOLD,STRUCTURAL_HOLD,HUMAN_REVIEW,CLAIM_PARSE_UNCERTAIN,CLAIM_PARSE,"중심 수치 2%의 지표와 대상 기간이 문장에 명시되지 않았고, 괄호의 1.3%는 비교 기준으로 보이지만 어떤 지표의 값인지 불명확함",,,[],[],,,,,N,,"중심 수치 2%의 지표와 대상 기간이 문장에 명시되지 않았고, 괄호의 1.3%는 비교 기준으로 보이지만 어떤 지표의 값인지 불명확함",,,,,D:\projects\services\archived\clafact-auto\.worktrees\three-type-release\artifacts\direct_value_release_20260826\multi_type8_197_live_final\claim_verification_results.jsonl,A00308,RULE_DISCOVERY,clafact-direct-value-generalization-v1,HUMAN_REVIEW,CLAIM_PARSE_UNCERTAIN,CLAIM_PARSE,N,HUMAN_REVIEW,CLAIM_PARSE_UNCERTAIN,CLAIM_PARSE,,,[],,,,N,,HUMAN_REVIEW,CLAIM_PARSE_UNCERTAIN,CLAIM_PARSE,,,[],,,,N,,,,,Y,KEEP_DIRECT_REQUIRES_RECOVERY,KEEP_DIRECT_VALUE,8.직접값,FAIL_CLOSED_SLOT_RECOVERY,2%,CLAIM_PARSE_UNCERTAIN,CLAIM_PARSE_UNCERTAIN,RULE_DISCOVERY,artifacts/direct_value_claim_reclassification_100_20260828/summary.json
복수문장직접값자식결과,A01410_2,claim_e9cc4c0de10264a9,복수 수치에서 분리,8번 직접값,8번 직접값 유지,한국무역협회는 올해 1분기 한국의 대미 무역수지 흑자가 133억8000만달러로 작년 동기(132억2000만달러)보다 소폭 웃돌았다고 19일 밝혔다.,2025-04-19,1.338e+10달러,무역수지 흑자,13380000000.0,달러,2025년 1분기,분기,한국,,"{""trade_partner"": ""미국""}",DIRECT_VALUE,"{""direction"": ""INCREASE""}",AUTO_OK,KOSIS_PIPELINE_ELIGIBLE,HOLD,NO_HARD_GUARD_CANDIDATE,HARD_GUARD,기간·단위·지역 등 필수 조건을 모두 만족하는 공식표 후보가 없음,UNDETERMINED,,[],[],,,,,N,,,,,,,D:\projects\services\archived\clafact-auto\.worktrees\three-type-release\artifacts\direct_value_release_20260826\multi_type8_197_live_final\claim_verification_results.jsonl,A01410,INTERMEDIATE_VALIDATION,clafact-direct-value-generalization-v1,HOLD,NO_HARD_GUARD_CANDIDATE,HARD_GUARD,N,HOLD,NO_HARD_GUARD_CANDIDATE,HARD_GUARD,UNDETERMINED,,[],,,,N,,HOLD,KOSIS_CATALOG_UNAVAILABLE,CLAIM_PARSE,,,[],,,,N,,Y,D:\projects\services\archived\clafact-auto\.worktrees\direct-value-coordinate-publication\artifacts\direct_value_coordinate_publication_v2\runs\intermediate_v2\claim_verification_results.jsonl,변경,,,,,,,,,,
복수문장직접값자식결과,A02022_18,claim_eb64c1ce7e5abde3,복수 수치에서 분리,8번 직접값,8번 직접값 유지,"우리나라 역시 GDP 대비 정부 부채 비율이 2000년부터 2023년까지 34.6%포인트 늘었는데, 고령화와 관련이 높은 사회수혜금(44.5%포인트), 사회보장현물(49.8%) 지출이 큰 영향을 끼쳤다.",2025-06-05,49.8%,사회보장현물 지출,49.8,%,2023,ANNUAL,대한민국,,"{""기준"": ""GDP 대비""}",DIRECT_VALUE,,AUTO_OK,KOSIS_PIPELINE_ELIGIBLE,HOLD,NO_HARD_GUARD_CANDIDATE,HARD_GUARD,기간·단위·지역 등 필수 조건을 모두 만족하는 공식표 후보가 없음,UNDETERMINED,,[],[],,,,,N,,,,,,,D:\projects\services\archived\clafact-auto\.worktrees\three-type-release\artifacts\direct_value_release_20260826\multi_type8_197_live_final\claim_verification_results.jsonl,A02022,INTERMEDIATE_VALIDATION,clafact-direct-value-generalization-v1,HOLD,NO_HARD_GUARD_CANDIDATE,HARD_GUARD,N,HOLD,NO_HARD_GUARD_CANDIDATE,HARD_GUARD,UNDETERMINED,,[],,,,N,,HOLD,AMBIGUOUS_MARGIN,EVIDENCE_CELL,UNDETERMINED,,"[{""canonical_key"": ""ORG=145|TBL=DT_145009_004|ITM=T001|OBJ=13999000|MEMBER=데이터|PRD_SE=년|PRD_DE=2023"", ""dimension_codes"": {""13999000"": ""DATA""}, ""dimension_members"": {""13999000"": ""데이터""}, ""itm_id"": ""T001"", ""member_code"": ""데이터"", ""obj_id"": ""13999000"", ""org_id"": ""145"", ""prd_de"": ""2023"", ""prd_se"": ""년"", ""status"": ""CONFIRMED"", ""tbl_id"": ""DT_145009_004"", ""unit"": ""%""}]",,,,N,SOURCE_GROUNDED_INDICATOR_V1,Y,D:\projects\services\archived\clafact-auto\.worktrees\direct-value-general-rules\artifacts\direct_value_generalization_v1\runs\intermediate_validation_full\claim_verification_results.jsonl,변경,,,,,,,,,,
복수문장직접값자식결과,A01480_8,claim_ec3f120db14ef8f3,복수 수치에서 분리,8번 직접값,8번 직접값 유지,"2008년 금융 위기 때나 2020년 코로나 위기 때도 2개 분기 연속으로 0.1%를 하회하는 성장률을 기록했지만, 세 번째 분기에는 곧바로 1~2% 성장했었다.",2025-04-24,0.1%,성장률,0.1,%,2008년 금융 위기 및 2020년 코로나 위기,분기,,,,DIRECT_VALUE,,AUTO_OK,KOSIS_PIPELINE_ELIGIBLE,HOLD,NO_EVIDENCE_COORDINATE_CANDIDATE,HARD_GUARD,공식표는 찾았지만 기사 조건에 맞는 항목·지역·기간 좌표를 확정하지 못함,UNDETERMINED,,[],[],,,,,N,,,,,,,D:\projects\services\archived\clafact-auto\.worktrees\three-type-release\artifacts\direct_value_release_20260826\multi_type8_197_live_final\claim_verification_results.jsonl,A01480,INTERMEDIATE_VALIDATION,clafact-direct-value-generalization-v1,HOLD,NO_EVIDENCE_COORDINATE_CANDIDATE,HARD_GUARD,N,HOLD,NO_EVIDENCE_COORDINATE_CANDIDATE,HARD_GUARD,UNDETERMINED,,[],,,,N,,HOLD,KOSIS_METADATA_UNAVAILABLE,KOSIS_METADATA,UNDETERMINED,,[],,,,N,,Y,D:\projects\services\archived\clafact-auto\.worktrees\direct-value-coordinate-publication\artifacts\direct_value_coordinate_62_v1\runs\intermediate_v1\claim_verification_results.jsonl,변경,,,,,,,,,,
복수문장직접값자식결과,A00365_2,claim_ed030b7903aeff70,복수 수치에서 분리,8번 직접값,8번 직접값 유지,29일 농림축산식품부와 한국농수산식품유통공사(aT)에 따르면 지난해 떡류 수출액은 9140만달러(약 1313억원)로 1억달러에 근접했다.,2025-01-29,9.14e+07달러,수출액,91400000.0,달러,2024년,년,,,"{""품목"": ""떡류""}",DIRECT_VALUE,,AUTO_OK,KOSIS_PIPELINE_ELIGIBLE,HOLD,NO_HARD_GUARD_CANDIDATE,HARD_GUARD,기간·단위·지역 등 필수 조건을 모두 만족하는 공식표 후보가 없음,UNDETERMINED,,[],[],,,,,N,,,,,,,D:\projects\services\archived\clafact-auto\.worktrees\three-type-release\artifacts\direct_value_release_20260826\multi_type8_197_live_final\claim_verification_results.jsonl,A00365,RULE_DISCOVERY,clafact-direct-value-generalization-v1,HOLD,NO_HARD_GUARD_CANDIDATE,HARD_GUARD,N,HOLD,NO_HARD_GUARD_CANDIDATE,HARD_GUARD,UNDETERMINED,,[],,,,N,,HOLD,NO_HARD_GUARD_CANDIDATE,HARD_GUARD,UNDETERMINED,,[],,,,N,OFFICIAL_RECURRING_BINDING_V1,Y,D:\projects\services\archived\clafact-auto\.worktrees\direct-value-coordinate-publication\artifacts\direct_value_coordinate_62_v1\runs\discovery_v2\claim_verification_results.jsonl,동일,,,,,,,,,,
복수문장직접값자식결과,A00760_3,claim_ee0939117abd240b,복수 수치에서 분리,8번 직접값,8번 직접값 유지,"공정위는 자산총액이 전년도 명목 국내총생산(GDP)의 0.5% 이상(지난해는 10조4000억원)인 기업집단을 ‘상호출자제한 기업집단’으로, 자산 5조원 이상인 경우 ‘공시대상 기업집단’으로 지정한다.",2025-02-28,5조원,기업집단 자산총액,5.0,조원,,,,기업집단,"{""designation"": ""공시대상 기업집단""}",THRESHOLD,"{""operator"": ""GTE"", ""threshold_unit"": ""조원"", ""threshold_value"": ""5.0""}",HOLD,STRUCTURAL_HOLD,HUMAN_REVIEW,CLAIM_PARSE_UNCERTAIN,CLAIM_PARSE,MISSING_REQUIRED_SLOTS:time,,,[],[],,,,,N,,MISSING_REQUIRED_SLOTS:time,,,,,D:\projects\services\archived\clafact-auto\.worktrees\three-type-release\artifacts\direct_value_release_20260826\multi_type8_197_live_final\claim_verification_results.jsonl,A00760,INTERMEDIATE_VALIDATION,clafact-direct-value-generalization-v1,HUMAN_REVIEW,CLAIM_PARSE_UNCERTAIN,CLAIM_PARSE,N,HUMAN_REVIEW,CLAIM_PARSE_UNCERTAIN,CLAIM_PARSE,,,[],,,,N,,HUMAN_REVIEW,MISSING_REQUIRED_SLOTS:time,CLAIM_PARSE,,,[],,,,N,,Y,D:\projects\services\archived\clafact-auto\.worktrees\direct-value-general-rules\artifacts\direct_value_generalization_v1\runs\intermediate_validation_full\claim_verification_results.jsonl,변경,Y,KEEP_DIRECT_REQUIRES_RECOVERY,KEEP_DIRECT_VALUE,8.직접값,FAIL_CLOSED_SLOT_RECOVERY,5조원,MISSING_REQUIRED_SLOTS:time,MISSING_REQUIRED_SLOTS:time,INTERMEDIATE_VALIDATION,artifacts/direct_value_claim_reclassification_100_20260828/summary.json
복수문장직접값자식결과,A00298_3,claim_eecfa40878a00f16,복수 수치에서 분리,8번 직접값,8번 직접값 유지,작년 연간 경제성장률은 2%로 잠재성장률(2%)을 간신히 지켰다.,2025-01-23,2%,경제성장률,2.0,%,2024,Y,,,,DIRECT_VALUE,,HUMAN_REVIEW,CONTEXT_REQUIRED,HUMAN_REVIEW,TARGET_AMBIGUOUS_IN_SOURCE,CLAIM_PARSE,같은 대상 수치가 원문에 여러 번 있어 자동 연결할 수 없음,,,[],[],,,,,N,,,,,,,D:\projects\services\archived\clafact-auto\.worktrees\three-type-release\artifacts\direct_value_release_20260826\multi_type8_197_live_final\claim_verification_results.jsonl,A00298,FINAL_BLIND,clafact-direct-value-generalization-v1,HUMAN_REVIEW,TARGET_AMBIGUOUS_IN_SOURCE,CLAIM_PARSE,N,HUMAN_REVIEW,TARGET_AMBIGUOUS_IN_SOURCE,CLAIM_PARSE,,,[],,,,N,,HUMAN_REVIEW,TARGET_AMBIGUOUS_IN_SOURCE,CLAIM_PARSE,,,[],,,,N,,Y,D:\projects\services\archived\clafact-auto\.worktrees\direct-value-general-rules\artifacts\direct_value_generalization_v1\runs\final_blind_full\claim_verification_results.jsonl,동일,Y,KEEP_DIRECT_RECOVERED,KEEP_DIRECT_VALUE,8.직접값,SOURCE_GROUNDED_DIRECT_VALUE,2%,TARGET_AMBIGUOUS_IN_SOURCE,SOURCE_GROUNDED_DIRECT_VALUE,FINAL_BLIND,artifacts/direct_value_claim_reclassification_100_20260828/summary.json
복수문장직접값자식결과,A02647_11,claim_ef7373759319caae,복수 수치에서 분리,8번 직접값,8번 직접값 유지,특히 60세 이상 비정규직 근로자는 304만4000명으로 전년 동월 대비 23만3000명 증가했다.,2025-10-22,3.044e+06명,비정규직 근로자 수,3044000.0,명,,MONTHLY,,근로자,"{""age"": ""60세 이상"", ""employment_type"": ""비정규직""}",DIRECT_VALUE,"{""direction"": ""INCREASE""}",HOLD,STRUCTURAL_HOLD,HUMAN_REVIEW,CLAIM_PARSE_UNCERTAIN,CLAIM_PARSE,MISSING_REQUIRED_SLOTS:time,,,[],[],,,,,N,,MISSING_REQUIRED_SLOTS:time,,,,,D:\projects\services\archived\clafact-auto\.worktrees\three-type-release\artifacts\direct_value_release_20260826\multi_type8_197_live_final\claim_verification_results.jsonl,A02647,RULE_DISCOVERY,clafact-direct-value-generalization-v1,HUMAN_REVIEW,CLAIM_PARSE_UNCERTAIN,CLAIM_PARSE,N,HUMAN_REVIEW,CLAIM_PARSE_UNCERTAIN,CLAIM_PARSE,,,[],,,,N,,HUMAN_REVIEW,CLAIM_PARSE_UNCERTAIN,CLAIM_PARSE,,,[],,,,N,,,,,Y,KEEP_DIRECT_REQUIRES_RECOVERY,KEEP_DIRECT_VALUE,8.직접값,FAIL_CLOSED_SLOT_RECOVERY,304만4000명,CLAIM_PARSE_UNCERTAIN,CLAIM_PARSE_UNCERTAIN,RULE_DISCOVERY,artifacts/direct_value_claim_reclassification_100_20260828/summary.json
복수문장직접값자식결과,A00185_6,claim_efe06326549a5d8e,복수 수치에서 분리,8번 직접값,8번 직접값 유지,"당시 수입차 판매량은 1996년 1만315대, 1997년 8136대, 1998년 2075대로 2년 연속 줄었다.",2025-01-15,2075대,판매량,2075.0,대,1998년,연간,,,"{""item"": ""수입차""}",DIRECT_VALUE,"{""direction"": ""DECREASE""}",AUTO_OK,KOSIS_PIPELINE_ELIGIBLE,HOLD,NO_HARD_GUARD_CANDIDATE,HARD_GUARD,기간·단위·지역 등 필수 조건을 모두 만족하는 공식표 후보가 없음,UNDETERMINED,,[],[],,,,,N,,,,,,,D:\projects\services\archived\clafact-auto\.worktrees\three-type-release\artifacts\direct_value_release_20260826\multi_type8_197_live_final\claim_verification_results.jsonl,A00185,RULE_DISCOVERY,clafact-direct-value-generalization-v1,HOLD,NO_HARD_GUARD_CANDIDATE,HARD_GUARD,N,HOLD,NO_HARD_GUARD_CANDIDATE,HARD_GUARD,UNDETERMINED,,[],,,,N,,HOLD,KOSIS_CATALOG_UNAVAILABLE,CLAIM_PARSE,,,[],,,,N,,Y,D:\projects\services\archived\clafact-auto\.worktrees\direct-value-coordinate-publication\artifacts\direct_value_coordinate_publication_v2\runs\discovery_v1\claim_verification_results.jsonl,변경,,,,,,,,,,
복수문장직접값자식결과,A02096_4,claim_f0965ec621cb18bf,복수 수치에서 분리,8번 직접값,8번 직접값 유지,"보건업·사회복지서비스업(+23만3000명), 금융·보험업(+7만2000명) 등에서 취업자가 큰 폭으로 늘어나면서 취업자가 26만명 넘게 늘어난 작년 4월 이후 처음으로 취업자가 20만명 이상 불었다.",2025-06-11,20만명,취업자,20.0,만명,2025년 4월,월,대한민국,,,THRESHOLD,"{""operator"": ""GTE"", ""threshold_unit"": ""만명"", ""threshold_value"": ""20.0""}",AUTO_OK,KOSIS_PIPELINE_ELIGIBLE,HOLD,NO_HARD_GUARD_CANDIDATE,HARD_GUARD,기간·단위·지역 등 필수 조건을 모두 만족하는 공식표 후보가 없음,UNDETERMINED,,[],[],,,,,N,,,,,,,D:\projects\services\archived\clafact-auto\.worktrees\three-type-release\artifacts\direct_value_release_20260826\multi_type8_197_live_final\claim_verification_results.jsonl,A02096,RULE_DISCOVERY,clafact-direct-value-generalization-v1,HOLD,NO_HARD_GUARD_CANDIDATE,HARD_GUARD,N,HOLD,NO_HARD_GUARD_CANDIDATE,HARD_GUARD,UNDETERMINED,,[],,,,N,,HOLD,PUBLICATION_FETCH_FAILED,OFFICIAL_VALUE_FETCH,UNDETERMINED,,"[{""canonical_key"": ""ORG=101|TBL=DT_1DA7001S|ITM=T30|OBJ=B|MEMBER=계|PRD_SE=월|PRD_DE=2025-04"", ""dimension_codes"": {""B"": ""0""}, ""dimension_members"": {""B"": ""계""}, ""itm_id"": ""T30"", ""member_code"": ""계"", ""obj_id"": ""B"", ""org_id"": ""101"", ""prd_de"": ""2025-04"", ""prd_se"": ""월"", ""status"": ""CONFIRMED"", ""tbl_id"": ""DT_1DA7001S"", ""unit"": ""천명""}]",https://kosis.kr/openapi/Param/statisticsParameterData.do?method=getList&orgId=101&tblId=DT_1DA7001S&itmId=T30&prdSe=M&startPrdDe=202504&endPrdDe=202504&objL1=0,49d3c5a9dbb62f72bb36e41527a493f58e5e0986134e8ae19ef12ea167869fe0,,N,OFFICIAL_RECURRING_BINDING_V1,Y,D:\projects\services\archived\clafact-auto\.worktrees\direct-value-coordinate-publication\artifacts\direct_value_coordinate_62_v1\runs\discovery_v2\claim_verification_results.jsonl,변경,,,,,,,,,,
복수문장직접값자식결과,A00922_9,claim_f22875b11c312f80,복수 수치에서 분리,8번 직접값,8번 직접값 유지,청년 취업자는 355만7000명으로 1년 새 23만5000명 줄었다.,2025-03-12,3.557e+06명,취업자 수,3557000.0,명,,,,청년,,DIRECT_VALUE,,HOLD,STRUCTURAL_HOLD,HUMAN_REVIEW,CLAIM_PARSE_UNCERTAIN,CLAIM_PARSE,MISSING_REQUIRED_SLOTS:time,,,[],[],,,,,N,,MISSING_REQUIRED_SLOTS:time,,,,,D:\projects\services\archived\clafact-auto\.worktrees\three-type-release\artifacts\direct_value_release_20260826\multi_type8_197_live_final\claim_verification_results.jsonl,A00922,RULE_DISCOVERY,clafact-direct-value-generalization-v1,HUMAN_REVIEW,CLAIM_PARSE_UNCERTAIN,CLAIM_PARSE,N,HUMAN_REVIEW,CLAIM_PARSE_UNCERTAIN,CLAIM_PARSE,,,[],,,,N,,HUMAN_REVIEW,CLAIM_PARSE_UNCERTAIN,CLAIM_PARSE,,,[],,,,N,,,,,Y,KEEP_DIRECT_REQUIRES_RECOVERY,KEEP_DIRECT_VALUE,8.직접값,FAIL_CLOSED_SLOT_RECOVERY,355만7000명,CLAIM_PARSE_UNCERTAIN,CLAIM_PARSE_UNCERTAIN,RULE_DISCOVERY,artifacts/direct_value_claim_reclassification_100_20260828/summary.json
복수문장직접값자식결과,A01924_10,claim_f58fdfa21e8042e8,복수 수치에서 분리,8번 직접값,8번 직접값 유지,"3월 출생아 수만 놓고 봐도 2만1041명으로 전년 동월 대비 6.8% 늘었는데, 3월 기준으로 지난 1993년 3월(8.9%) 이후 32년 만에 최대 상승폭이다.",2025-05-28,21041명,출생아 수,21041.0,명,2025년 3월,월,,출생아,,DIRECT_VALUE,"{""direction"": ""INCREASE""}",AUTO_OK,KOSIS_PIPELINE_ELIGIBLE,HOLD,AS_OF_UNAVAILABLE,OFFICIAL_VALUE_FETCH,기사 작성일 기준 공표된 공식값인지 확인하지 못함,UNDETERMINED,,"[{""canonical_key"": ""ORG=101|TBL=DT_1B8000G|ITM=T1|OBJ=B|MEMBER=전국|PRD_SE=월|PRD_DE=2025-03|DIMS=B:전국,A:출생아수(명)"", ""dimension_codes"": {""A"": ""10"", ""B"": ""00""}, ""dimension_members"": {""A"": ""출생아수(명)"", ""B"": ""전국""}, ""itm_id"": ""T1"", ""member_code"": ""전국"", ""obj_id"": ""B"", ""org_id"": ""101"", ""prd_de"": ""2025-03"", ""prd_se"": ""월"", ""status"": ""CONFIRMED"", ""tbl_id"": ""DT_1B8000G"", ""unit"": ""명""}]","[{""content_hash"": ""051d902664e316d6c8b405e659205368bec50982fbd77fab8a50b6906991af08"", ""evidence_key"": ""ORG=101|TBL=DT_1B8000G|ITM=T1|OBJ=B|MEMBER=전국|PRD_SE=월|PRD_DE=2025-03|DIMS=B:전국,A:출생아수(명)"", ""publication"": {""content_hash"": ""882ea1046b8fe06af80e5ccfa2f0e019e4174b51a050363f55714b66573aaacc"", ""coverage_end_period"": null, ""coverage_start_period"": null, ""evidence_scope"": ""PERIOD"", ""pub_date_text"": ""조사기준 년 익년"", ""pub_period"": ""월"", ""publication_method_url"": ""언론(보도자료), 전산망(인터넷), 간행물2024년 5월 인구동향https://mods.go.kr/board.es?mid=a10301020300&amp;bid=204"", ""published_at"": null, ""reference_period"": null, ""retrieved_at"": ""2026-08-26T09:12:38.039877Z"", ""source_url"": ""https://kosis.kr/openapi/statisticsExplData.do?method=getList&format=json&jsonVD=Y&orgId=101&tblId=DT_1B8000G&metaItm=All"", ""status"": ""UNRESOLVED""}, ""retrieved_at"": ""2026-08-26T09:12:34.131767Z"", ""source"": ""API"", ""source_url"": ""https://kosis.kr/openapi/Param/statisticsParameterData.do?method=getList&orgId=101&tblId=DT_1B8000G&itmId=T1&prdSe=M&startPrdDe=202503&endPrdDe=202503&objL1=00&objL2=10"", ""value_last_changed_at"": null}]",https://kosis.kr/openapi/Param/statisticsParameterData.do?method=getList&orgId=101&tblId=DT_1B8000G&itmId=T1&prdSe=M&startPrdDe=202503&endPrdDe=202503&objL1=00&objL2=10,051d902664e316d6c8b405e659205368bec50982fbd77fab8a50b6906991af08,,,N,,,,,,,D:\projects\services\archived\clafact-auto\.worktrees\three-type-release\artifacts\direct_value_release_20260826\multi_type8_197_live_final\claim_verification_results.jsonl,A01924,RULE_DISCOVERY,clafact-direct-value-generalization-v1,HOLD,AS_OF_UNAVAILABLE,OFFICIAL_VALUE_FETCH,N,HOLD,AS_OF_UNAVAILABLE,OFFICIAL_VALUE_FETCH,UNDETERMINED,,"[{""canonical_key"": ""ORG=101|TBL=DT_1B8000G|ITM=T1|OBJ=B|MEMBER=전국|PRD_SE=월|PRD_DE=2025-03|DIMS=B:전국,A:출생아수(명)"", ""dimension_codes"": {""A"": ""10"", ""B"": ""00""}, ""dimension_members"": {""A"": ""출생아수(명)"", ""B"": ""전국""}, ""itm_id"": ""T1"", ""member_code"": ""전국"", ""obj_id"": ""B"", ""org_id"": ""101"", ""prd_de"": ""2025-03"", ""prd_se"": ""월"", ""status"": ""CONFIRMED"", ""tbl_id"": ""DT_1B8000G"", ""unit"": ""명""}]",https://kosis.kr/openapi/Param/statisticsParameterData.do?method=getList&orgId=101&tblId=DT_1B8000G&itmId=T1&prdSe=M&startPrdDe=202503&endPrdDe=202503&objL1=00&objL2=10,051d902664e316d6c8b405e659205368bec50982fbd77fab8a50b6906991af08,,N,,HOLD,FETCH_FAILED,OFFICIAL_VALUE_FETCH,UNDETERMINED,,"[{""canonical_key"": ""ORG=101|TBL=DT_1B8000G|ITM=T1|OBJ=B|MEMBER=전국|PRD_SE=월|PRD_DE=2025-03|DIMS=B:전국,A:출생아수(명)"", ""dimension_codes"": {""A"": ""10"", ""B"": ""00""}, ""dimension_members"": {""A"": ""출생아수(명)"", ""B"": ""전국""}, ""itm_id"": ""T1"", ""member_code"": ""전국"", ""obj_id"": ""B"", ""org_id"": ""101"", ""prd_de"": ""2025-03"", ""prd_se"": ""월"", ""status"": ""CONFIRMED"", ""tbl_id"": ""DT_1B8000G"", ""unit"": ""명""}]",https://kosis.kr/openapi/Param/statisticsParameterData.do?method=getList&orgId=101&tblId=DT_1B8000G&itmId=T1&prdSe=M&startPrdDe=202503&endPrdDe=202503&objL1=00&objL2=10,,,N,OFFICIAL_RECURRING_BINDING_V1,Y,D:\projects\services\archived\clafact-auto\.worktrees\direct-value-coordinate-publication\artifacts\direct_value_coordinate_publication_v2\runs\discovery_v1\claim_verification_results.jsonl,변경,,,,,,,,,,
복수문장직접값자식결과,A01641_17,claim_f6144e9032ae4a7a,복수 수치에서 분리,8번 직접값,8번 직접값 유지,실제 근로소득세 수입은 2008년 15조6000억원에서 지난해 61조원으로 거의 4배로 늘었다.,2025-05-07,61조원,실제 근로소득세 수입,61.0,조원,2024년,년,,,,DIRECT_VALUE,"{""direction"": ""INCREASE""}",AUTO_OK,KOSIS_PIPELINE_ELIGIBLE,HOLD,NO_HARD_GUARD_CANDIDATE,HARD_GUARD,기간·단위·지역 등 필수 조건을 모두 만족하는 공식표 후보가 없음,UNDETERMINED,,[],[],,,,,N,,,,,,,D:\projects\services\archived\clafact-auto\.worktrees\three-type-release\artifacts\direct_value_release_20260826\multi_type8_197_live_final\claim_verification_results.jsonl,A01641,RULE_DISCOVERY,clafact-direct-value-generalization-v1,HOLD,NO_HARD_GUARD_CANDIDATE,HARD_GUARD,N,HOLD,NO_HARD_GUARD_CANDIDATE,HARD_GUARD,UNDETERMINED,,[],,,,N,,HOLD,KOSIS_CATALOG_UNAVAILABLE,CLAIM_PARSE,,,[],,,,N,,Y,D:\projects\services\archived\clafact-auto\.worktrees\direct-value-coordinate-publication\artifacts\direct_value_coordinate_publication_v2\runs\discovery_v1\claim_verification_results.jsonl,변경,,,,,,,,,,
복수문장직접값자식결과,A00007_3,claim_f8916174d4816698,복수 수치에서 분리,8번 직접값,8번 직접값 유지,보잉 737 맥스 여객기가 자카르타에서 추락한 사고로 189명이 사망한 사건이 발생한 2018년(전체 사망자 526명) 이후 가장 많다.,2025-01-01,189명,사망자 수,189.0,명,2018,Y,,,,DIRECT_VALUE,,HOLD,CONTEXT_REQUIRED,HUMAN_REVIEW,GROUPING_AMBIGUOUS,CLAIM_PARSE,한 문장의 여러 수치를 독립 Claim으로 안전하게 나누지 못함,,,[],[],,,,,N,,,,,,,D:\projects\services\archived\clafact-auto\.worktrees\three-type-release\artifacts\direct_value_release_20260826\multi_type8_197_live_final\claim_verification_results.jsonl,A00007,INTERMEDIATE_VALIDATION,clafact-direct-value-generalization-v1,HUMAN_REVIEW,GROUPING_AMBIGUOUS,CLAIM_PARSE,N,HUMAN_REVIEW,GROUPING_AMBIGUOUS,CLAIM_PARSE,,,[],,,,N,,HOLD,KOSIS_METADATA_UNAVAILABLE,KOSIS_METADATA,UNDETERMINED,,[],,,,N,OFFICIAL_RECURRING_BINDING_V1,Y,D:\projects\services\archived\clafact-auto\.worktrees\direct-value-coordinate-publication\artifacts\direct_value_coordinate_publication_v2\runs\intermediate_v2\claim_verification_results.jsonl,변경,,,,,,,,,,
복수문장직접값자식결과,A01935_13,claim_f92fc8467da2f9d7,복수 수치에서 분리,8번 직접값,8번 직접값 유지,"올해 내수의 성장률 기여도는 0.8%포인트, 순수출 성장률 기여도는 0%포인트 정도로 봤다.",2025-05-29,0.8%포인트,내수 성장률 기여도,0.8,%포인트,올해,,,,,DIRECT_VALUE,,HOLD,STRUCTURAL_HOLD,HUMAN_REVIEW,CLAIM_PARSE_UNCERTAIN,CLAIM_PARSE,문장에 내수와 순수출이라는 서로 독립적으로 검증 가능한 두 수치가 함께 제시되어 단일 Claim으로 안전하게 확정할 수 없음,,,[],[],,,,,N,,문장에 내수와 순수출이라는 서로 독립적으로 검증 가능한 두 수치가 함께 제시되어 단일 Claim으로 안전하게 확정할 수 없음,,,,,D:\projects\services\archived\clafact-auto\.worktrees\three-type-release\artifacts\direct_value_release_20260826\multi_type8_197_live_final\claim_verification_results.jsonl,A01935,RULE_DISCOVERY,clafact-direct-value-generalization-v1,HUMAN_REVIEW,CLAIM_PARSE_UNCERTAIN,CLAIM_PARSE,N,HUMAN_REVIEW,CLAIM_PARSE_UNCERTAIN,CLAIM_PARSE,,,[],,,,N,,HUMAN_REVIEW,CLAIM_PARSE_UNCERTAIN,CLAIM_PARSE,,,[],,,,N,,,,,Y,KEEP_DIRECT_RECOVERED,KEEP_DIRECT_VALUE,8.직접값,SOURCE_GROUNDED_DIRECT_VALUE,0.8%포인트,CLAIM_PARSE_UNCERTAIN,SOURCE_GROUNDED_DIRECT_VALUE,RULE_DISCOVERY,artifacts/direct_value_claim_reclassification_100_20260828/summary.json
복수문장직접값자식결과,A01193_11,claim_fa16759bc2782c6b,복수 수치에서 분리,8번 직접값,8번 직접값 유지,"같은 방식으로 비교했을 때 2023년까지만 해도 외국인과 노인 일자리 참여자 증가 규모는 11만8000명으로, 전체 취업자 증가 폭(32만7000명)보다 적었다.",2025-04-02,118000명,일자리 참여자 증가 규모,118000.0,명,2023년,,,외국인과 노인 일자리 참여자,"{""sex"": ""여성""}",DIRECT_VALUE,,AUTO_OK,KOSIS_PIPELINE_ELIGIBLE,HOLD,NO_HARD_GUARD_CANDIDATE,HARD_GUARD,기간·단위·지역 등 필수 조건을 모두 만족하는 공식표 후보가 없음,UNDETERMINED,,[],[],,,,,N,,,,,,,D:\projects\services\archived\clafact-auto\.worktrees\three-type-release\artifacts\direct_value_release_20260826\multi_type8_197_live_final\claim_verification_results.jsonl,A01193,RULE_DISCOVERY,clafact-direct-value-generalization-v1,HOLD,NO_HARD_GUARD_CANDIDATE,HARD_GUARD,N,HOLD,NO_HARD_GUARD_CANDIDATE,HARD_GUARD,UNDETERMINED,,[],,,,N,,HOLD,KOSIS_CATALOG_UNAVAILABLE,CLAIM_PARSE,,,[],,,,N,,Y,D:\projects\services\archived\clafact-auto\.worktrees\direct-value-coordinate-publication\artifacts\direct_value_coordinate_publication_v2\runs\discovery_v1\claim_verification_results.jsonl,변경,,,,,,,,,,
복수문장직접값자식결과,A00186_9,claim_fa38cac3c10b0e85,복수 수치에서 분리,8번 직접값,8번 직접값 유지,"한편, 지난해 현대차·기아 전체 수출 대수는 218만698대, 수출액은 533억6000만달러(약 78조원)로, 2년 연속 수출 200만대, 수출액 500억달러를 이어갔다.",2025-01-15,2.1807e+06대,수출 대수,2180698.0,대,지난해,연간,,현대차·기아 전체,"{""상품"": ""자동차""}",DIRECT_VALUE,"{""direction"": ""INCREASE""}",HOLD,STRUCTURAL_HOLD,HUMAN_REVIEW,CLAIM_PARSE_UNCERTAIN,CLAIM_PARSE,"문장에 수출 대수와 수출액이라는 서로 독립적으로 검증 가능한 두 수치가 함께 있어 하나의 주장으로 안전하게 통합하기 어렵고, ‘2년 연속’은 증가율이 아닌 지속·기준 충족 표현임",,,[],[],,,,,N,,"문장에 수출 대수와 수출액이라는 서로 독립적으로 검증 가능한 두 수치가 함께 있어 하나의 주장으로 안전하게 통합하기 어렵고, ‘2년 연속’은 증가율이 아닌 지속·기준 충족 표현임",,,,,D:\projects\services\archived\clafact-auto\.worktrees\three-type-release\artifacts\direct_value_release_20260826\multi_type8_197_live_final\claim_verification_results.jsonl,A00186,RULE_DISCOVERY,clafact-direct-value-generalization-v1,HUMAN_REVIEW,CLAIM_PARSE_UNCERTAIN,CLAIM_PARSE,N,HUMAN_REVIEW,CLAIM_PARSE_UNCERTAIN,CLAIM_PARSE,,,[],,,,N,,HUMAN_REVIEW,CLAIM_PARSE_UNCERTAIN,CLAIM_PARSE,,,[],,,,N,,,,,Y,KEEP_DIRECT_RECOVERED,KEEP_DIRECT_VALUE,8.직접값,SOURCE_GROUNDED_DIRECT_VALUE,218만698대,CLAIM_PARSE_UNCERTAIN,SOURCE_GROUNDED_DIRECT_VALUE,RULE_DISCOVERY,artifacts/direct_value_claim_reclassification_100_20260828/summary.json
복수문장직접값자식결과,A01103_18,claim_fd0b6a6685277a86,복수 수치에서 분리,8번 직접값,8번 직접값 유지,"◇수입차 최대 수준 보조금 2025년형 ID.4의 가격은 ID.4 Pro Lite가 5299만원, ID.4 Pro가 5999만원으로 9만원 인상에 그쳤다.",2025-03-26,5999만원,차량 가격,5999.0,만원,2025,,,,"{""차종"": ""ID.4"", ""트림"": ""ID.4 Pro""}",DIRECT_VALUE,,AUTO_OK,KOSIS_PIPELINE_ELIGIBLE,HOLD,NO_HARD_GUARD_CANDIDATE,HARD_GUARD,기간·단위·지역 등 필수 조건을 모두 만족하는 공식표 후보가 없음,UNDETERMINED,,[],[],,,,,N,,,,,,,D:\projects\services\archived\clafact-auto\.worktrees\three-type-release\artifacts\direct_value_release_20260826\multi_type8_197_live_final\claim_verification_results.jsonl,A01103,RULE_DISCOVERY,clafact-direct-value-generalization-v1,HOLD,NO_HARD_GUARD_CANDIDATE,HARD_GUARD,N,HOLD,NO_HARD_GUARD_CANDIDATE,HARD_GUARD,UNDETERMINED,,[],,,,N,,HOLD,KOSIS_CATALOG_UNAVAILABLE,CLAIM_PARSE,,,[],,,,N,,Y,D:\projects\services\archived\clafact-auto\.worktrees\direct-value-coordinate-publication\artifacts\direct_value_coordinate_publication_v2\runs\discovery_v1\claim_verification_results.jsonl,변경,,,,,,,,,,
복수문장직접값자식결과,A02096_15,claim_ff5fabf31d5ab7af,복수 수치에서 분리,8번 직접값,8번 직접값 유지,하지만 사회 초년생인 청년층 고용률은 46.2%로 전년 동월 대비 0.7%포인트 감소했다.,2025-06-11,46.2%,고용률,46.2,%,2025년 6월,월,,사회 초년생인 청년층,,DIRECT_VALUE,"{""direction"": ""DECREASE""}",AUTO_OK,KOSIS_PIPELINE_ELIGIBLE,HOLD,AMBIGUOUS_MARGIN,EVIDENCE_CELL,AMBIGUOUS_MARGIN,UNDETERMINED,,"[{""canonical_key"": ""ORG=101|TBL=DT_1DA7001S|ITM=T90|OBJ=B|MEMBER=계|PRD_SE=월|PRD_DE=2025-06"", ""dimension_codes"": {""B"": ""0""}, ""dimension_members"": {""B"": ""계""}, ""itm_id"": ""T90"", ""member_code"": ""계"", ""obj_id"": ""B"", ""org_id"": ""101"", ""prd_de"": ""2025-06"", ""prd_se"": ""월"", ""status"": ""CONFIRMED"", ""tbl_id"": ""DT_1DA7001S"", ""unit"": ""%""}]",[],,,,,N,,,,,,,D:\projects\services\archived\clafact-auto\.worktrees\three-type-release\artifacts\direct_value_release_20260826\multi_type8_197_live_final\claim_verification_results.jsonl,A02096,RULE_DISCOVERY,clafact-direct-value-generalization-v1,HOLD,AMBIGUOUS_MARGIN,EVIDENCE_CELL,N,HOLD,AMBIGUOUS_MARGIN,EVIDENCE_CELL,UNDETERMINED,,"[{""canonical_key"": ""ORG=101|TBL=DT_1DA7001S|ITM=T90|OBJ=B|MEMBER=계|PRD_SE=월|PRD_DE=2025-06"", ""dimension_codes"": {""B"": ""0""}, ""dimension_members"": {""B"": ""계""}, ""itm_id"": ""T90"", ""member_code"": ""계"", ""obj_id"": ""B"", ""org_id"": ""101"", ""prd_de"": ""2025-06"", ""prd_se"": ""월"", ""status"": ""CONFIRMED"", ""tbl_id"": ""DT_1DA7001S"", ""unit"": ""%""}]",,,,N,,HOLD,AMBIGUOUS_MARGIN,EVIDENCE_CELL,UNDETERMINED,,"[{""canonical_key"": ""ORG=101|TBL=DT_1DA7001S|ITM=T90|OBJ=B|MEMBER=계|PRD_SE=월|PRD_DE=2025-06"", ""dimension_codes"": {""B"": ""0""}, ""dimension_members"": {""B"": ""계""}, ""itm_id"": ""T90"", ""member_code"": ""계"", ""obj_id"": ""B"", ""org_id"": ""101"", ""prd_de"": ""2025-06"", ""prd_se"": ""월"", ""status"": ""CONFIRMED"", ""tbl_id"": ""DT_1DA7001S"", ""unit"": ""%""}]",,,,N,,,,,,,,,,,,,,
