행유형,원본부모Claim번호,자식Claim번호,입력구분,최종검증유형,유형분류결과,원문,기사작성일,대상수치표현,지표,기사값,단위,기준시점,주기,지역,대상집단,차원JSON,계산방식,조건JSON,파싱상태,공식조회진입경로,최종상태,최종사유코드,실패단계,실패원인_쉬운설명,판정,공식계산값,공식좌표JSON,공식출처JSON,공식근거URL,응답해시,공표확인,공식근거종류,공식판정완료,진단번호,원본상세사유,전체자식수,8번직접값자식수,다른유형자식수,공식판정완료자식수,실행결과파일
복수문장부모요약,A00007_3,,복수 수치,8번 직접값 자식만 실행,복수 Claim 분리 후 자식별 결과 참조,보잉 737 맥스 여객기가 자카르타에서 추락한 사고로 189명이 사망한 사건이 발생한 2018년(전체 사망자 526명) 이후 가장 많다.,2025-01-01,,사망자 수,189,명,2018,Y,,,,,,,,자식별 결과,"{""GROUPING_AMBIGUOUS"": 1}",,한 문장을 자식 Claim으로 나눈 뒤 8번 직접값 자식만 공식 검증한 결과,,,,,,,,,,,,1,1,0,0,D:\projects\services\archived\clafact-auto\.worktrees\three-type-release\artifacts\direct_value_release_20260826\multi_type8_197_live_final\claim_verification_results.jsonl
복수문장부모요약,A00186_9,,복수 수치,8번 직접값 자식만 실행,복수 Claim 분리 후 자식별 결과 참조,"한편, 지난해 현대차·기아 전체 수출 대수는 218만698대, 수출액은 533억6000만달러(약 78조원)로, 2년 연속 수출 200만대, 수출액 500억달러를 이어갔다.",2025-01-15,,수출액,2180698,대,2024,Y,,,,,,,,자식별 결과,"{""TARGET_VALUE_NOT_IN_SOURCE_SENTENCE"": 1, ""문장에 수출 대수와 수출액이라는 서로 독립적으로 검증 가능한 두 수치가 함께 있어 하나의 주장으로 안전하게 통합하기 어렵고, ‘2년 연속’은 증가율이 아닌 지속·기준 충족 표현임"": 1}",,한 문장을 자식 Claim으로 나눈 뒤 8번 직접값 자식만 공식 검증한 결과,,,,,,,,,,,,2,2,0,0,D:\projects\services\archived\clafact-auto\.worktrees\three-type-release\artifacts\direct_value_release_20260826\multi_type8_197_live_final\claim_verification_results.jsonl
복수문장부모요약,A00189_11,,복수 수치,8번 직접값 자식만 실행,복수 Claim 분리 후 자식별 결과 참조,"세부 품목에서는 커피(9.7%), 쇠고기(3.4%) 등의 물가가 전월과 비교해 많이 올랐다.",2025-01-15,,물가상승률,3.4,%,2025-01,M,,,,,,,,자식별 결과,{},,한 문장을 자식 Claim으로 나눈 뒤 8번 직접값 자식만 공식 검증한 결과,,,,,,,,,,,,2,0,2,0,D:\projects\services\archived\clafact-auto\.worktrees\three-type-release\artifacts\direct_value_release_20260826\multi_type8_197_live_final\claim_verification_results.jsonl
복수문장부모요약,A00189_5,,복수 수치,8번 직접값 자식만 실행,복수 Claim 분리 후 자식별 결과 참조,"수입 물가지수는 작년 10월(2.1%), 11월(0.9%) 등으로 석 달 연속 전월에 비해 오르고 있다.",2025-01-15,,수입물가지수,2.1,%,2024-10,M,,,,,,,,자식별 결과,{},,한 문장을 자식 Claim으로 나눈 뒤 8번 직접값 자식만 공식 검증한 결과,,,,,,,,,,,,2,0,2,0,D:\projects\services\archived\clafact-auto\.worktrees\three-type-release\artifacts\direct_value_release_20260826\multi_type8_197_live_final\claim_verification_results.jsonl
복수문장부모요약,A00195_11,,복수 수치,8번 직접값 자식만 실행,복수 Claim 분리 후 자식별 결과 참조,"연간 경제성장률이 3~4%에 달하던 시절은 아련하고, 지금은 1% 성장률에 머물러 있다.",2025-01-15,,경제성장률,4,%,2025,Y,,,,,,,,자식별 결과,"{""FETCH_FAILED"": 1}",,한 문장을 자식 Claim으로 나눈 뒤 8번 직접값 자식만 공식 검증한 결과,,,,,,,,,,,,1,1,0,0,D:\projects\services\archived\clafact-auto\.worktrees\three-type-release\artifacts\direct_value_release_20260826\multi_type8_197_live_final\claim_verification_results.jsonl
부모겸단일결과,A00202_2,A00202_2,단일 수치,8번 직접값 제외,다른 유형으로 이동: 최고·최저 기록,취업자 수는 코로나 사태의 직격탄을 맞은 2021년 2월(-47만3000명) 이후 3년 10개월 만에 감소세로 돌아섰다.,2025-01-16,473000명,취업자 수,473000.0,명,2021-02,M,,,,DIRECT_VALUE,"{""direction"": ""DECREASE""}",HUMAN_REVIEW,CONTEXT_REQUIRED,HUMAN_REVIEW,RECLASSIFY_TO_RECORD,CLAIM_PARSE,직접값이 아니라 과거 전체 기간과 비교해야 하는 기록 주장,,,[],[],,,,,N,,,,,,,D:\projects\services\archived\clafact-auto\.worktrees\three-type-release\artifacts\direct_value_release_20260826\single_133_live_final_v3\claim_verification_results.jsonl
복수문장부모요약,A00202_26,,복수 수치,8번 직접값 자식만 실행,복수 Claim 분리 후 자식별 결과 참조,"증가폭이 2023년(32만7000명)의 절반 아래로 줄어, 코로나 거리 두기 여파로 취업자 수가 22만명 가까이 감소했던 2020년 이후 최악의 고용 성적표를 기록했다.",2025-01-16,,취업자 수,327000,명,2023,Y,,,,,,,,자식별 결과,"{""TARGET_NOT_FOUND_IN_SOURCE"": 1}",,한 문장을 자식 Claim으로 나눈 뒤 8번 직접값 자식만 공식 검증한 결과,,,,,,,,,,,,1,1,0,0,D:\projects\services\archived\clafact-auto\.worktrees\three-type-release\artifacts\direct_value_release_20260826\multi_type8_197_live_final\claim_verification_results.jsonl
복수문장부모요약,A00202_5,,복수 수치,8번 직접값 자식만 실행,복수 Claim 분리 후 자식별 결과 참조,"15일 통계청이 발표한 ‘2024년 12월 및 연간 고용 동향’에 따르면, 지난달 취업자 수는 2804만1000명으로 전년 동월 대비 5만2000명 감소했다.",2025-01-16,,취업자 수,28041000,명,2024-12,M,,,,,,,,자식별 결과,{},,한 문장을 자식 Claim으로 나눈 뒤 8번 직접값 자식만 공식 검증한 결과,,,,,,,,,,,,1,0,1,0,D:\projects\services\archived\clafact-auto\.worktrees\three-type-release\artifacts\direct_value_release_20260826\multi_type8_197_live_final\claim_verification_results.jsonl
복수문장부모요약,A00231_10,,복수 수치,8번 직접값 자식만 실행,복수 Claim 분리 후 자식별 결과 참조,"지난 2022년 폴란드에 48대, 2023년 말레이시아에 18대를 수출하는 등 누적 수출액만 78억달러(약 11조3700억원)에 달한다.",2025-01-18,,수출액,48,대,2022,Y,,,,,,,,자식별 결과,"{""TARGET_VALUE_NOT_IN_SOURCE_SENTENCE"": 1}",,한 문장을 자식 Claim으로 나눈 뒤 8번 직접값 자식만 공식 검증한 결과,,,,,,,,,,,,1,1,0,0,D:\projects\services\archived\clafact-auto\.worktrees\three-type-release\artifacts\direct_value_release_20260826\multi_type8_197_live_final\claim_verification_results.jsonl
복수문장부모요약,A00254_17,,복수 수치,8번 직접값 자식만 실행,복수 Claim 분리 후 자식별 결과 참조,이어 “건설투자도 12월 중 아파트 분양실적(2만1000호)이 당초 계획(2만5000호)를 17.2% 가량 하회하는 등 4분기 중 부진이 더 심화됐다”고 설명했다.,2025-01-20,,건설투자,21000,호,2025-Q4,Q,,,,,,,,자식별 결과,{},,한 문장을 자식 Claim으로 나눈 뒤 8번 직접값 자식만 공식 검증한 결과,,,,,,,,,,,,1,0,1,0,D:\projects\services\archived\clafact-auto\.worktrees\three-type-release\artifacts\direct_value_release_20260826\multi_type8_197_live_final\claim_verification_results.jsonl
부모겸단일결과,A00268_14,A00268_14,단일 수치,8번 직접값,8번 직접값 유지,무역 수지도 518억 달러 흑자로 2021년 이후 3년 만에 흑자로 돌아섰다.,2025-01-21,5.18e+10달러,무역수지,51800000000.0,달러,2021,Y,,,,DIRECT_VALUE,"{""polarity"": ""SURPLUS""}",AUTO_OK,KOSIS_PIPELINE_ELIGIBLE,HOLD,LOW_SEMANTIC_SCORE,EVIDENCE_CELL,LOW_SEMANTIC_SCORE,UNDETERMINED,,"[{""canonical_key"": ""ORG=101|TBL=DT_1TEC_P314|ITM=T20|OBJ=A|MEMBER=무역수지|PRD_SE=년|PRD_DE=2021|DIMS=A:무역수지,M:계,F:계"", ""dimension_codes"": {""A"": ""03"", ""F"": ""00"", ""M"": ""00""}, ""dimension_members"": {""A"": ""무역수지"", ""F"": ""계"", ""M"": ""계""}, ""itm_id"": ""T20"", ""member_code"": ""무역수지"", ""obj_id"": ""A"", ""org_id"": ""101"", ""prd_de"": ""2021"", ""prd_se"": ""년"", ""status"": ""CONFIRMED"", ""tbl_id"": ""DT_1TEC_P314"", ""unit"": ""천달러""}]",[],,,,,N,,,,,,,D:\projects\services\archived\clafact-auto\.worktrees\three-type-release\artifacts\direct_value_release_20260826\single_133_live_final_v3\claim_verification_results.jsonl
입력차단부모,A00278_9,,비통계 숫자 역할 차단,8번 직접값 제외,공식조회 전 차단,더불어민주당 정일영 의원실에 따르면 작년 11월 기준 보수 성향 유튜버의 수퍼챗 수입 상위 7개 채널 중 6개의 지난달 수퍼챗 수익은 한 달 새 평균 2.1배 늘어났다.,2025-01-22,,수입액,7,개,2024-11,M,,,,,,HUMAN_REVIEW,,공식조회 전 차단,TARGET_CONTEXT_ROLE_CONFLICT,Claim 수치 역할 확인,연령·기간·제품명 등 통계값이 아닌 숫자를 기사값으로 사용하지 않도록 차단,,,,,,,,,,,,,,,,D:\projects\services\archived\clafact-auto\.worktrees\direct-value-execution\deliverables\CLAFACT_AUTO_8번_1단계_숫자역할오인차단_20260825.csv
부모겸단일결과,A00279_23,A00279_23,단일 수치,8번 직접값,8번 직접값 유지,"행정안전부는 2024년 주민등록 인구통계를 분석한 결과, 출생자 수가 24만2334명으로 202... 김희래 기자 법무부, 검찰, 고위공직자범죄수사처를 취재합니다.",2025-01-22,242334명,총인구,242334.0,명,2024,Y,,,,DIRECT_VALUE,,AUTO_OK,KOSIS_PIPELINE_ELIGIBLE,HOLD,NO_EVIDENCE_COORDINATE_CANDIDATE,HARD_GUARD,공식표는 찾았지만 기사 조건에 맞는 항목·지역·기간 좌표를 확정하지 못함,UNDETERMINED,,[],[],,,,,N,,,,,,,D:\projects\services\archived\clafact-auto\.worktrees\three-type-release\artifacts\direct_value_release_20260826\single_133_live_final_v3\claim_verification_results.jsonl
입력차단부모,A00279_8,,비통계 숫자 역할 차단,8번 직접값 제외,공식조회 전 차단,5개월 연속 출생아 수가 늘어난 것은 2015년 3~7월 이후 9년 4개월 만에 처음이다.,2025-01-22,,출생아 수,5,개,2015,Y,,,,,,HUMAN_REVIEW,,공식조회 전 차단,TARGET_NOT_FOUND_IN_SOURCE,Claim 수치 역할 확인,연령·기간·제품명 등 통계값이 아닌 숫자를 기사값으로 사용하지 않도록 차단,,,,,,,,,,,,,,,,D:\projects\services\archived\clafact-auto\.worktrees\direct-value-execution\deliverables\CLAFACT_AUTO_8번_1단계_숫자역할오인차단_20260825.csv
부모겸단일결과,A00292_6,A00292_6,단일 수치,8번 직접값,8번 직접값 유지,"통계청의 연간 통계는 아직 나오기 전이지만, 지난 3일 행정안전부의 주민등록 인구 통계에 따르면 작년 출생아 수는 24만2334명으로 9년 만에 처음으로 증가했다.",2025-01-23,242334명,출생아 수,242334.0,명,2024,Y,,,,DIRECT_VALUE,"{""direction"": ""INCREASE""}",AUTO_OK,KOSIS_PIPELINE_ELIGIBLE,HOLD,AS_OF_UNAVAILABLE,OFFICIAL_VALUE_FETCH,기사 작성일 기준 공표된 공식값인지 확인하지 못함,UNDETERMINED,,"[{""canonical_key"": ""ORG=101|TBL=DT_1B8000G|ITM=T1|OBJ=B|MEMBER=전국|PRD_SE=년|PRD_DE=2024|DIMS=B:전국,A:출생아수(명)"", ""dimension_codes"": {""A"": ""10"", ""B"": ""00""}, ""dimension_members"": {""A"": ""출생아수(명)"", ""B"": ""전국""}, ""itm_id"": ""T1"", ""member_code"": ""전국"", ""obj_id"": ""B"", ""org_id"": ""101"", ""prd_de"": ""2024"", ""prd_se"": ""년"", ""status"": ""CONFIRMED"", ""tbl_id"": ""DT_1B8000G"", ""unit"": ""명""}]","[{""content_hash"": ""8b108c178cc52a5182d9c572527f7727086fc0df8d9128ad021c30906237b37a"", ""evidence_key"": ""ORG=101|TBL=DT_1B8000G|ITM=T1|OBJ=B|MEMBER=전국|PRD_SE=년|PRD_DE=2024|DIMS=B:전국,A:출생아수(명)"", ""publication"": {""content_hash"": ""882ea1046b8fe06af80e5ccfa2f0e019e4174b51a050363f55714b66573aaacc"", ""coverage_end_period"": null, ""coverage_start_period"": null, ""evidence_scope"": ""PERIOD"", ""pub_date_text"": ""조사기준 년 익년"", ""pub_period"": ""월"", ""publication_method_url"": ""언론(보도자료), 전산망(인터넷), 간행물2024년 5월 인구동향https://mods.go.kr/board.es?mid=a10301020300&amp;bid=204"", ""published_at"": null, ""reference_period"": null, ""retrieved_at"": ""2026-08-26T08:49:03.822299Z"", ""source_url"": ""https://kosis.kr/openapi/statisticsExplData.do?method=getList&format=json&jsonVD=Y&orgId=101&tblId=DT_1B8000G&metaItm=All"", ""status"": ""UNRESOLVED""}, ""retrieved_at"": ""2026-08-26T08:48:59.639505Z"", ""source"": ""API"", ""source_url"": ""https://kosis.kr/openapi/Param/statisticsParameterData.do?method=getList&orgId=101&tblId=DT_1B8000G&itmId=T1&prdSe=Y&startPrdDe=2024&endPrdDe=2024&objL1=00&objL2=10"", ""value_last_changed_at"": null}]",https://kosis.kr/openapi/Param/statisticsParameterData.do?method=getList&orgId=101&tblId=DT_1B8000G&itmId=T1&prdSe=Y&startPrdDe=2024&endPrdDe=2024&objL1=00&objL2=10,8b108c178cc52a5182d9c572527f7727086fc0df8d9128ad021c30906237b37a,,,N,,,,,,,D:\projects\services\archived\clafact-auto\.worktrees\three-type-release\artifacts\direct_value_release_20260826\single_133_live_final_v3\claim_verification_results.jsonl
부모겸단일결과,A00298_10,A00298_10,단일 수치,8번 직접값,8번 직접값 유지,한은은 올해 연간 성장률 중 건설 투자 부분이 -1.3% 수준일 것으로 봤다.,2025-01-23,1.3%,건설투자,1.3,%,2025,Y,,,,DIRECT_VALUE,,HUMAN_REVIEW,CONTEXT_REQUIRED,HUMAN_REVIEW,INDICATOR_REFINEMENT_REQUIRED,CLAIM_PARSE,INDICATOR_REFINEMENT_REQUIRED,,,[],[],,,,,N,,,,,,,D:\projects\services\archived\clafact-auto\.worktrees\three-type-release\artifacts\direct_value_release_20260826\single_133_live_final_v3\claim_verification_results.jsonl
복수문장부모요약,A00298_3,,복수 수치,8번 직접값 자식만 실행,복수 Claim 분리 후 자식별 결과 참조,작년 연간 경제성장률은 2%로 잠재성장률(2%)을 간신히 지켰다.,2025-01-23,,경제성장률,2,%,2024,Y,,,,,,,,자식별 결과,"{""TARGET_AMBIGUOUS_IN_SOURCE"": 1}",,한 문장을 자식 Claim으로 나눈 뒤 8번 직접값 자식만 공식 검증한 결과,,,,,,,,,,,,1,1,0,0,D:\projects\services\archived\clafact-auto\.worktrees\three-type-release\artifacts\direct_value_release_20260826\multi_type8_197_live_final\claim_verification_results.jsonl
입력차단부모,A00308_14,,비통계 숫자 역할 차단,8번 직접값 제외,공식조회 전 차단,"경제 성장률에 얼마나 영향을 미쳤는지 보여주는 성장기여도는 순수출(수출-수입)이 작년 3분기 -0.8%포인트에서 4분기 0.1%포인트로 올라갔으나, 내수는 0.8%포인트에서 0%포인트로 추락했다.",2025-01-24,,수출액,0.8,%p,2024-Q3,Q,,,,,,HUMAN_REVIEW,,공식조회 전 차단,TARGET_AMBIGUOUS_IN_SOURCE,Claim 수치 역할 확인,연령·기간·제품명 등 통계값이 아닌 숫자를 기사값으로 사용하지 않도록 차단,,,,,,,,,,,,,,,,D:\projects\services\archived\clafact-auto\.worktrees\direct-value-execution\deliverables\CLAFACT_AUTO_8번_1단계_숫자역할오인차단_20260825.csv
복수문장부모요약,A00308_6,,복수 수치,8번 직접값 자식만 실행,복수 Claim 분리 후 자식별 결과 참조,그나마 수출이 잘됐던 작년 1분기(1.3%) 덕에 2% 턱걸이를 했다.,2025-01-24,,수출액,1.3,%,2024-Q1,Q,,,,,,,,자식별 결과,"{""중심 수치 2%의 지표와 대상 기간이 문장에 명시되지 않았고, 괄호의 1.3%는 비교 기준으로 보이지만 어떤 지표의 값인지 불명확함"": 1}",,한 문장을 자식 Claim으로 나눈 뒤 8번 직접값 자식만 공식 검증한 결과,,,,,,,,,,,,1,1,0,0,D:\projects\services\archived\clafact-auto\.worktrees\three-type-release\artifacts\direct_value_release_20260826\multi_type8_197_live_final\claim_verification_results.jsonl
복수문장부모요약,A00353_15,,복수 수치,8번 직접값 자식만 실행,복수 Claim 분리 후 자식별 결과 참조,"2022년에도 39.1%로, 40% 가까운 이들이 법인 명의로 수입차를 등록했다.",2025-01-28,,수입액,39.1,%,2022,Y,,,,,,,,자식별 결과,{},,한 문장을 자식 Claim으로 나눈 뒤 8번 직접값 자식만 공식 검증한 결과,,,,,,,,,,,,1,0,1,0,D:\projects\services\archived\clafact-auto\.worktrees\three-type-release\artifacts\direct_value_release_20260826\multi_type8_197_live_final\claim_verification_results.jsonl
복수문장부모요약,A00354_13,,복수 수치,8번 직접값 자식만 실행,복수 Claim 분리 후 자식별 결과 참조,"50년 후 먼 미래가 아니더라도, 불과 25년 후인 2050년에 생산연령인구 1.3명이 고령 인구 1명을 부양해야 한다.",2025-01-28,,고령인구 수,1.3,명,2050,Y,,,,,,,,자식별 결과,"{""NO_HARD_GUARD_CANDIDATE"": 1}",,한 문장을 자식 Claim으로 나눈 뒤 8번 직접값 자식만 공식 검증한 결과,,,,,,,,,,,,1,1,0,0,D:\projects\services\archived\clafact-auto\.worktrees\three-type-release\artifacts\direct_value_release_20260826\multi_type8_197_live_final\claim_verification_results.jsonl
복수문장부모요약,A00368_19,,복수 수치,8번 직접값 자식만 실행,복수 Claim 분리 후 자식별 결과 참조,"◇2년 연속 취업자 증가폭 10만명대 그칠 듯 정부도 대내·외 불확실성을 고려해, 올해 경제정책방향을 발표하면서 올해 취업자 수 증가폭을 12만명으로 내다봤다.",2025-01-29,,취업자 수,100000,명,2025,Y,,,,,,,,자식별 결과,"{""AS_OF_UNAVAILABLE"": 1}",,한 문장을 자식 Claim으로 나눈 뒤 8번 직접값 자식만 공식 검증한 결과,,,,,,,,,,,,1,1,0,0,D:\projects\services\archived\clafact-auto\.worktrees\three-type-release\artifacts\direct_value_release_20260826\multi_type8_197_live_final\claim_verification_results.jsonl
복수문장부모요약,A00399_21,,복수 수치,8번 직접값 자식만 실행,복수 Claim 분리 후 자식별 결과 참조,"2017년 트럼프 1기가 시작했을 때 물가(2.1%)보다 훨씬 높고, 트럼프 1기 때 가장 높았던 물가(2018년 6~7월 2.9%)와 같은 수준이다.",2025-01-31,,물가상승률,2.1,%,2017,Y,,,,,,,,자식별 결과,"{""RECLASSIFY_TO_RANK"": 1}",,한 문장을 자식 Claim으로 나눈 뒤 8번 직접값 자식만 공식 검증한 결과,,,,,,,,,,,,1,1,0,0,D:\projects\services\archived\clafact-auto\.worktrees\three-type-release\artifacts\direct_value_release_20260826\multi_type8_197_live_final\claim_verification_results.jsonl
부모겸단일결과,A00463_1,A00463_1,단일 수치,8번 직접값 제외,다른 유형으로 이동: 7번 증감률,지난달 소비자물가가 전년 동월 대비 2.2% 오른 것으로 나타났다.,2025-02-05,2.2%,소비자물가 상승률,2.2,%,2025-01,M,,,,DIRECT_VALUE,,HUMAN_REVIEW,CONTEXT_REQUIRED,HUMAN_REVIEW,RECLASSIFY_TO_GROWTH_RATE,CLAIM_PARSE,직접값이 아니라 두 기간 공식값으로 비율을 계산해야 하는 증감률 주장,,,[],[],,,,,N,,,,,,,D:\projects\services\archived\clafact-auto\.worktrees\three-type-release\artifacts\direct_value_release_20260826\single_133_live_final_v3\claim_verification_results.jsonl
복수문장부모요약,A00463_15,,복수 수치,8번 직접값 자식만 실행,복수 Claim 분리 후 자식별 결과 참조,"기조적인 물가 흐름을 나타내는 근원물가지수(식료품 및 에너지 제외 지수)는 전년 동월 대비 1.9% 오르며, 4개월째 1%대를 유지했다.",2025-02-05,,물가지수,1.9,%,2025,Y,,,,,,,,자식별 결과,{},,한 문장을 자식 Claim으로 나눈 뒤 8번 직접값 자식만 공식 검증한 결과,,,,,,,,,,,,1,0,1,0,D:\projects\services\archived\clafact-auto\.worktrees\three-type-release\artifacts\direct_value_release_20260826\multi_type8_197_live_final\claim_verification_results.jsonl
부모겸단일결과,A00475_2,A00475_2,단일 수치,8번 직접값 제외,다른 유형으로 이동: 7번 증감률,통계청은 5일 ‘1월 소비자물가 동향’에서 지난달 소비자물가가 작년 같은 달보다 2.2% 올랐다고 밝혔다.,2025-02-06,2.2%,소비자물가 상승률,2.2,%,2024,Y,,,,DIRECT_VALUE,,HUMAN_REVIEW,CONTEXT_REQUIRED,HUMAN_REVIEW,RECLASSIFY_TO_GROWTH_RATE,CLAIM_PARSE,직접값이 아니라 두 기간 공식값으로 비율을 계산해야 하는 증감률 주장,,,[],[],,,,,N,,,,,,,D:\projects\services\archived\clafact-auto\.worktrees\three-type-release\artifacts\direct_value_release_20260826\single_133_live_final_v3\claim_verification_results.jsonl
복수문장부모요약,A00489_11,,복수 수치,8번 직접값 자식만 실행,복수 Claim 분리 후 자식별 결과 참조,"작년 12월 수출은 633억달러로 전달보다 11.1%, 전년 같은 달보다 6.6% 뛰었다.",2025-02-07,,수출액,63300000000,달러,2024-12,M,,,,,,,,자식별 결과,"{""중심 수치에 전월 대비와 전년 동월 대비라는 서로 독립적으로 검증 가능한 증감률이 함께 포함되어 있어 단일 주장으로 안전하게 확정할 수 없음"": 1}",,한 문장을 자식 Claim으로 나눈 뒤 8번 직접값 자식만 공식 검증한 결과,,,,,,,,,,,,1,1,0,0,D:\projects\services\archived\clafact-auto\.worktrees\three-type-release\artifacts\direct_value_release_20260826\multi_type8_197_live_final\claim_verification_results.jsonl
부모겸단일결과,A00555_20,A00555_20,단일 수치,8번 직접값 제외,다른 유형으로 이동: 7번 증감률,하지만 지난달 수출은 전년 동월 대비 10.3% 급감했다.,2025-02-12,10.3%,수출액,10.3,%,2025-01,M,,,,DIRECT_VALUE,,HUMAN_REVIEW,CONTEXT_REQUIRED,HUMAN_REVIEW,RECLASSIFY_TO_GROWTH_RATE,CLAIM_PARSE,직접값이 아니라 두 기간 공식값으로 비율을 계산해야 하는 증감률 주장,,,[],[],,,,,N,,,,,,,D:\projects\services\archived\clafact-auto\.worktrees\three-type-release\artifacts\direct_value_release_20260826\single_133_live_final_v3\claim_verification_results.jsonl
복수문장부모요약,A00579_17,,복수 수치,8번 직접값 자식만 실행,복수 Claim 분리 후 자식별 결과 참조,"대표적으로 도·소매업 취업자는 전년 동월 대비 9만1000명 감소하는 데 그치며, 지난해 8월(-5만5000명) 이후 5개월 만에 최저 감소폭을 보였다.",2025-02-14,,취업자 수,91000,명,2024-08,M,,,,,,,,자식별 결과,{},,한 문장을 자식 Claim으로 나눈 뒤 8번 직접값 자식만 공식 검증한 결과,,,,,,,,,,,,1,0,1,0,D:\projects\services\archived\clafact-auto\.worktrees\three-type-release\artifacts\direct_value_release_20260826\multi_type8_197_live_final\claim_verification_results.jsonl
입력차단부모,A00579_21,,비통계 숫자 역할 차단,8번 직접값 제외,공식조회 전 차단,특히 일용직 근로자가 많은 50대는 취업자가 1만4000명 줄어들면서 지난 2021년 2월(-13만9000명) 이후 47개월 만에 감소세 보이기도 했다.,2025-02-14,,취업자 수,50,대,2021-02,M,,,,,,HUMAN_REVIEW,,공식조회 전 차단,TARGET_CONTEXT_ROLE_CONFLICT,Claim 수치 역할 확인,연령·기간·제품명 등 통계값이 아닌 숫자를 기사값으로 사용하지 않도록 차단,,,,,,,,,,,,,,,,D:\projects\services\archived\clafact-auto\.worktrees\direct-value-execution\deliverables\CLAFACT_AUTO_8번_1단계_숫자역할오인차단_20260825.csv
부모겸단일결과,A00588_14,A00588_14,단일 수치,8번 직접값 제외,다른 유형으로 이동: 6번 증감량,14일 통계청은 지난달 취업자 수가 3만5000명 늘어났다고 밝혔다.,2025-02-15,35000명,취업자 수,35000.0,명,2025-01,M,,,,DIRECT_VALUE,"{""direction"": ""INCREASE""}",HUMAN_REVIEW,CONTEXT_REQUIRED,HUMAN_REVIEW,RECLASSIFY_TO_DIFFERENCE,CLAIM_PARSE,직접값이 아니라 두 기간 공식값의 차이를 계산해야 하는 증감량 주장,,,[],[],,,,,N,,,,,,,D:\projects\services\archived\clafact-auto\.worktrees\three-type-release\artifacts\direct_value_release_20260826\single_133_live_final_v3\claim_verification_results.jsonl
복수문장부모요약,A00630_16,,복수 수치,8번 직접값 자식만 실행,복수 Claim 분리 후 자식별 결과 참조,정부는 관세 대응 수출 바우처를 포함해 올해 연간 수출 바우처 예산(2400억원)의 90%를 상반기에 집중 투입한다는 방침이다.,2025-02-18,,수출액,240000000000,원,2025,Y,,,,,,,,자식별 결과,"{""NO_HARD_GUARD_CANDIDATE"": 1}",,한 문장을 자식 Claim으로 나눈 뒤 8번 직접값 자식만 공식 검증한 결과,,,,,,,,,,,,1,1,0,0,D:\projects\services\archived\clafact-auto\.worktrees\three-type-release\artifacts\direct_value_release_20260826\multi_type8_197_live_final\claim_verification_results.jsonl
복수문장부모요약,A00635_5,,복수 수치,8번 직접값 자식만 실행,복수 Claim 분리 후 자식별 결과 참조,"지난달 취업자 10명 중 1명은 병원, 복지 기관, 정부가 제공하는 복지성 일자리 등에서 일한다는 뜻이다.",2025-02-18,,취업자 수,10,명,2025-01,M,,,,,,,,자식별 결과,{},,한 문장을 자식 Claim으로 나눈 뒤 8번 직접값 자식만 공식 검증한 결과,,,,,,,,,,,,1,0,1,0,D:\projects\services\archived\clafact-auto\.worktrees\three-type-release\artifacts\direct_value_release_20260826\multi_type8_197_live_final\claim_verification_results.jsonl
부모겸단일결과,A00637_6,A00637_6,단일 수치,8번 직접값,8번 직접값 유지,LIG넥스원은 앞서 2022년 UAE에 약 4조원대 규모 천궁-II 국산 요격미사일 수출 계약을 따낸 바 있다.,2025-02-18,4e+12원,수출액,4000000000000.0,원,2022,Y,,,,DIRECT_VALUE,,AUTO_OK,KOSIS_PIPELINE_ELIGIBLE,HOLD,NO_EVIDENCE_COORDINATE_CANDIDATE,HARD_GUARD,공식표는 찾았지만 기사 조건에 맞는 항목·지역·기간 좌표를 확정하지 못함,UNDETERMINED,,[],[],,,,,N,,,,,,,D:\projects\services\archived\clafact-auto\.worktrees\three-type-release\artifacts\direct_value_release_20260826\single_133_live_final_v3\claim_verification_results.jsonl
부모겸단일결과,A00645_23,A00645_23,단일 수치,8번 직접값 제외,다른 유형으로 이동: 7번 증감률,"뉴질랜드는 지난해 2~3분기 연속 성장률이 마이너스(-)를 기록했고, 4분기 실업률은 5%를 넘는 등 성장이 둔화하고 실업률이 오르고 있기 때문이다.",2025-02-19,5%,실업률,5.0,%,2024-Q3,Q,,,,DIRECT_VALUE,"{""direction"": ""DECREASE""}",HUMAN_REVIEW,CONTEXT_REQUIRED,HUMAN_REVIEW,RECLASSIFY_TO_GROWTH_RATE,CLAIM_PARSE,직접값이 아니라 두 기간 공식값으로 비율을 계산해야 하는 증감률 주장,,,[],[],,,,,N,,,,,,,D:\projects\services\archived\clafact-auto\.worktrees\three-type-release\artifacts\direct_value_release_20260826\single_133_live_final_v3\claim_verification_results.jsonl
복수문장부모요약,A00646_15,,복수 수치,8번 직접값 자식만 실행,복수 Claim 분리 후 자식별 결과 참조,정부는 이를 포함해 연간 수출 바우처 예산(2400억원)의 90%를 상반기에 집중 투입하기로 했다.,2025-02-19,,수출액,240000000000,원,2025,Y,,,,,,,,자식별 결과,{},,한 문장을 자식 Claim으로 나눈 뒤 8번 직접값 자식만 공식 검증한 결과,,,,,,,,,,,,1,0,1,0,D:\projects\services\archived\clafact-auto\.worktrees\three-type-release\artifacts\direct_value_release_20260826\multi_type8_197_live_final\claim_verification_results.jsonl
부모겸단일결과,A00655_7,A00655_7,단일 수치,8번 직접값 제외,다른 유형으로 이동: 7번 증감률,지난달 생산자물가는 전년과 비교해도 1.7%가량 올랐다.,2025-02-20,1.7%,물가상승률,1.7,%,2025-01,M,,,,DIRECT_VALUE,,HUMAN_REVIEW,CONTEXT_REQUIRED,HUMAN_REVIEW,RECLASSIFY_TO_GROWTH_RATE,CLAIM_PARSE,직접값이 아니라 두 기간 공식값으로 비율을 계산해야 하는 증감률 주장,,,[],[],,,,,N,,,,,,,D:\projects\services\archived\clafact-auto\.worktrees\three-type-release\artifacts\direct_value_release_20260826\single_133_live_final_v3\claim_verification_results.jsonl
부모겸단일결과,A00658_11,A00658_11,단일 수치,8번 직접값,8번 직접값 유지,작년 수입액은 1조3600억원어치 정도다.,2025-02-20,1.36e+12원,수입액,1360000000000.0,원,2024,Y,,,,DIRECT_VALUE,,AUTO_OK,KOSIS_PIPELINE_ELIGIBLE,HOLD,NO_EVIDENCE_COORDINATE_CANDIDATE,HARD_GUARD,공식표는 찾았지만 기사 조건에 맞는 항목·지역·기간 좌표를 확정하지 못함,UNDETERMINED,,[],[],,,,,N,,,,,,,D:\projects\services\archived\clafact-auto\.worktrees\three-type-release\artifacts\direct_value_release_20260826\single_133_live_final_v3\claim_verification_results.jsonl
부모겸단일결과,A00672_9,A00672_9,단일 수치,8번 직접값,8번 직접값 유지,작년 수입액은 1조3600억원어치 정도다.,2025-02-21,1.36e+12원,수입액,1360000000000.0,원,2024,Y,,,,DIRECT_VALUE,,AUTO_OK,KOSIS_PIPELINE_ELIGIBLE,HOLD,NO_EVIDENCE_COORDINATE_CANDIDATE,HARD_GUARD,공식표는 찾았지만 기사 조건에 맞는 항목·지역·기간 좌표를 확정하지 못함,UNDETERMINED,,[],[],,,,,N,,,,,,,D:\projects\services\archived\clafact-auto\.worktrees\three-type-release\artifacts\direct_value_release_20260826\single_133_live_final_v3\claim_verification_results.jsonl
부모겸단일결과,A00722_16,A00722_16,단일 수치,8번 직접값,8번 직접값 유지,한은은 계엄사태 등을 반영해 지난달 올해 경제성장률이 1.6~1.7% 정도 될 것이라고 발표했는데 이보다도 더 낮춘 것이다.,2025-02-25,1.7%,경제성장률,1.7,%,2025,Y,,,,DIRECT_VALUE,,AUTO_OK,KOSIS_PIPELINE_ELIGIBLE,HOLD,NO_EVIDENCE_COORDINATE_CANDIDATE,HARD_GUARD,공식표는 찾았지만 기사 조건에 맞는 항목·지역·기간 좌표를 확정하지 못함,UNDETERMINED,,[],[],,,,,N,,,,,,,D:\projects\services\archived\clafact-auto\.worktrees\three-type-release\artifacts\direct_value_release_20260826\single_133_live_final_v3\claim_verification_results.jsonl
복수문장부모요약,A00722_6,,복수 수치,8번 직접값 자식만 실행,복수 Claim 분리 후 자식별 결과 참조,"작년 4분기 경제성장률은 전 분기 대비 0.1%로, 외환 위기 직격탄을 맞았던 1998년 이후 처음으로 3개 분기 연속 0%대 안팎의 성장을 했다.",2025-02-25,,경제성장률,0.1,%,2024-Q4,Q,,,,,,,,자식별 결과,{},,한 문장을 자식 Claim으로 나눈 뒤 8번 직접값 자식만 공식 검증한 결과,,,,,,,,,,,,1,0,1,0,D:\projects\services\archived\clafact-auto\.worktrees\three-type-release\artifacts\direct_value_release_20260826\multi_type8_197_live_final\claim_verification_results.jsonl
복수문장부모요약,A00735_6,,복수 수치,8번 직접값 자식만 실행,복수 Claim 분리 후 자식별 결과 참조,"하지만 작년 8월 2.1%로 낮췄고, 수출 둔화세가 본격화한 작년 3분기(7~9월) 이후인 작년 11월에는 이를 1.9%로 내려잡았다.",2025-02-26,,수출액,2.1,%,2024-08,M,,,,,,,,자식별 결과,"{""목표 수치 1.9%와 기준 수치 2.1%는 명확하지만, 대명사 '이를'이 가리키는 구체적 지표가 문장에 명시되지 않음"": 1}",,한 문장을 자식 Claim으로 나눈 뒤 8번 직접값 자식만 공식 검증한 결과,,,,,,,,,,,,1,1,0,0,D:\projects\services\archived\clafact-auto\.worktrees\three-type-release\artifacts\direct_value_release_20260826\multi_type8_197_live_final\claim_verification_results.jsonl
부모겸단일결과,A00735_8,A00735_8,단일 수치,8번 직접값,8번 직접값 유지,"게다가 한은은 이날 올해 트럼프발 관세 전쟁이 격화되면 올해, 내년 성장률이 1.4%까지 떨어질 것을 경고했다.",2025-02-26,1.4%,경제성장률,1.4,%,2025,Y,,,,DIRECT_VALUE,"{""direction"": ""DECREASE""}",AUTO_OK,KOSIS_PIPELINE_ELIGIBLE,HOLD,NO_EVIDENCE_COORDINATE_CANDIDATE,HARD_GUARD,공식표는 찾았지만 기사 조건에 맞는 항목·지역·기간 좌표를 확정하지 못함,UNDETERMINED,,[],[],,,,,N,,,,,,,D:\projects\services\archived\clafact-auto\.worktrees\three-type-release\artifacts\direct_value_release_20260826\single_133_live_final_v3\claim_verification_results.jsonl
부모겸단일결과,A00736_7,A00736_7,단일 수치,8번 직접값,8번 직접값 유지,한 해 태어난 인구가 70만명 수준인 1990년대생들이 본격적으로 결혼을 하고 아이를 낳기 시작하면서 작년 출생아가 늘어났다.,2025-02-26,700000명,출생아 수,700000.0,명,2024,Y,,,,DIRECT_VALUE,"{""direction"": ""INCREASE""}",AUTO_OK,KOSIS_PIPELINE_ELIGIBLE,HOLD,AS_OF_UNAVAILABLE,OFFICIAL_VALUE_FETCH,기사 작성일 기준 공표된 공식값인지 확인하지 못함,UNDETERMINED,,"[{""canonical_key"": ""ORG=101|TBL=DT_1B8000G|ITM=T1|OBJ=B|MEMBER=전국|PRD_SE=년|PRD_DE=2024|DIMS=B:전국,A:출생아수(명)"", ""dimension_codes"": {""A"": ""10"", ""B"": ""00""}, ""dimension_members"": {""A"": ""출생아수(명)"", ""B"": ""전국""}, ""itm_id"": ""T1"", ""member_code"": ""전국"", ""obj_id"": ""B"", ""org_id"": ""101"", ""prd_de"": ""2024"", ""prd_se"": ""년"", ""status"": ""CONFIRMED"", ""tbl_id"": ""DT_1B8000G"", ""unit"": ""명""}]","[{""content_hash"": ""8b108c178cc52a5182d9c572527f7727086fc0df8d9128ad021c30906237b37a"", ""evidence_key"": ""ORG=101|TBL=DT_1B8000G|ITM=T1|OBJ=B|MEMBER=전국|PRD_SE=년|PRD_DE=2024|DIMS=B:전국,A:출생아수(명)"", ""publication"": {""content_hash"": ""882ea1046b8fe06af80e5ccfa2f0e019e4174b51a050363f55714b66573aaacc"", ""coverage_end_period"": null, ""coverage_start_period"": null, ""evidence_scope"": ""PERIOD"", ""pub_date_text"": ""조사기준 년 익년"", ""pub_period"": ""월"", ""publication_method_url"": ""언론(보도자료), 전산망(인터넷), 간행물2024년 5월 인구동향https://mods.go.kr/board.es?mid=a10301020300&amp;bid=204"", ""published_at"": null, ""reference_period"": null, ""retrieved_at"": ""2026-08-26T08:49:03.822299Z"", ""source_url"": ""https://kosis.kr/openapi/statisticsExplData.do?method=getList&format=json&jsonVD=Y&orgId=101&tblId=DT_1B8000G&metaItm=All"", ""status"": ""UNRESOLVED""}, ""retrieved_at"": ""2026-08-26T08:51:13.057636Z"", ""source"": ""API"", ""source_url"": ""https://kosis.kr/openapi/Param/statisticsParameterData.do?method=getList&orgId=101&tblId=DT_1B8000G&itmId=T1&prdSe=Y&startPrdDe=2024&endPrdDe=2024&objL1=00&objL2=10"", ""value_last_changed_at"": null}]",https://kosis.kr/openapi/Param/statisticsParameterData.do?method=getList&orgId=101&tblId=DT_1B8000G&itmId=T1&prdSe=Y&startPrdDe=2024&endPrdDe=2024&objL1=00&objL2=10,8b108c178cc52a5182d9c572527f7727086fc0df8d9128ad021c30906237b37a,,,N,,,,,,,D:\projects\services\archived\clafact-auto\.worktrees\three-type-release\artifacts\direct_value_release_20260826\single_133_live_final_v3\claim_verification_results.jsonl
복수문장부모요약,A00749_14,,복수 수치,8번 직접값 자식만 실행,복수 Claim 분리 후 자식별 결과 참조,"1990년 64만9000명대였던 출생아 수가 1991년 70만9000명대로 뛰어오른 데 이어, 올해 33세인 1992년생은 출생아 수가 73만명대로 2차 에코 붐 세대 중에서도 가장 많았기 때문이다.",2025-02-27,,출생아 수,649000,명,2025,Y,,,,,,,,자식별 결과,"{""NO_HARD_GUARD_CANDIDATE"": 1}",,한 문장을 자식 Claim으로 나눈 뒤 8번 직접값 자식만 공식 검증한 결과,,,,,,,,,,,,1,1,0,0,D:\projects\services\archived\clafact-auto\.worktrees\three-type-release\artifacts\direct_value_release_20260826\multi_type8_197_live_final\claim_verification_results.jsonl
부모겸단일결과,A00749_16,A00749_16,단일 수치,8번 직접값,8번 직접값 유지,출생아 증가세가 이어질 경우 2027년을 전후해 합계 출산율 0.8명 달성도 가능하다고 주 부위원장은 내다봤다.,2025-02-27,0.8명,출생아 수,0.8,명,2027,Y,,,,DIRECT_VALUE,"{""direction"": ""INCREASE""}",AUTO_OK,KOSIS_PIPELINE_ELIGIBLE,HOLD,NO_HARD_GUARD_CANDIDATE,HARD_GUARD,기간·단위·지역 등 필수 조건을 모두 만족하는 공식표 후보가 없음,UNDETERMINED,,[],[],,,,,N,,,,,,,D:\projects\services\archived\clafact-auto\.worktrees\three-type-release\artifacts\direct_value_release_20260826\single_133_live_final_v3\claim_verification_results.jsonl
복수문장부모요약,A00749_24,,복수 수치,8번 직접값 자식만 실행,복수 Claim 분리 후 자식별 결과 참조,"출생아 수는 1995년생(69만1226명)부터 60만명대로 내려앉고, 2001년생은 50만명대(55만9934명), 2002년생(49만6911명)부터는 40만명대로 줄어든다.",2025-02-27,,출생아 수,691226,명,2001,Y,,,,,,,,자식별 결과,"{""NO_HARD_GUARD_CANDIDATE"": 1, ""RECLASSIFY_TO_DIFFERENCE"": 2}",,한 문장을 자식 Claim으로 나눈 뒤 8번 직접값 자식만 공식 검증한 결과,,,,,,,,,,,,3,3,0,0,D:\projects\services\archived\clafact-auto\.worktrees\three-type-release\artifacts\direct_value_release_20260826\multi_type8_197_live_final\claim_verification_results.jsonl
복수문장부모요약,A00751_27,,복수 수치,8번 직접값 자식만 실행,복수 Claim 분리 후 자식별 결과 참조,"실업률은 4% 수준이고, 작년 12월에는 일자리 25만개가 새로 만들어졌다.",2025-02-27,,실업률,4,%,2024-12,M,,,,,,,,자식별 결과,"{""NO_HARD_GUARD_CANDIDATE"": 1, ""실업률 4%라는 단일 수치는 명확하지만 대상 인구와 기준 시점이 본문에 직접 제시되지 않아 충분한 슬롯을 확정할 수 없음"": 1}",,한 문장을 자식 Claim으로 나눈 뒤 8번 직접값 자식만 공식 검증한 결과,,,,,,,,,,,,2,2,0,0,D:\projects\services\archived\clafact-auto\.worktrees\three-type-release\artifacts\direct_value_release_20260826\multi_type8_197_live_final\claim_verification_results.jsonl
부모겸단일결과,A00840_14,A00840_14,단일 수치,8번 직접값,8번 직접값 유지,"생활물가지수는 지난해 10월(1.2%)을 저점으로 꾸준히 오름세를 보이고 있는데, 소비자들이 실제 체감하는 물가 수준이 높아지고 있음을 시사한다.",2025-03-06,1.2%,생활물가지수,1.2,%,2024-10,M,,,,DIRECT_VALUE,,HUMAN_REVIEW,CONTEXT_REQUIRED,HUMAN_REVIEW,INDICATOR_REFINEMENT_REQUIRED,CLAIM_PARSE,INDICATOR_REFINEMENT_REQUIRED,,,[],[],,,,,N,,,,,,,D:\projects\services\archived\clafact-auto\.worktrees\three-type-release\artifacts\direct_value_release_20260826\single_133_live_final_v3\claim_verification_results.jsonl
복수문장부모요약,A00922_25,,복수 수치,8번 직접값 자식만 실행,복수 Claim 분리 후 자식별 결과 참조,도·소매업 취업자는 6만5000명 감소하며 지난해 3월(-1만4000명)부터 1년째 감소세가 이어지고 있다.,2025-03-12,,취업자 수,65000,명,2024-03,M,,,,,,,,자식별 결과,"{""RECLASSIFY_TO_DIFFERENCE"": 1}",,한 문장을 자식 Claim으로 나눈 뒤 8번 직접값 자식만 공식 검증한 결과,,,,,,,,,,,,1,1,0,0,D:\projects\services\archived\clafact-auto\.worktrees\three-type-release\artifacts\direct_value_release_20260826\multi_type8_197_live_final\claim_verification_results.jsonl
복수문장부모요약,A00953_14,,복수 수치,8번 직접값 자식만 실행,복수 Claim 분리 후 자식별 결과 참조,실제 본지가 소비자물가정보서비스에서 원재료와 제품값 상승률을 비교한 가공식품 21개 중에서는 지난해 원재료 가격이 떨어졌는데도 제품값이 오른 품목이 10개나 됐다.,2025-03-15,,소비자물가 상승률,21,개,2024,Y,,,,,,,,자식별 결과,"{""RECLASSIFY_TO_DIFFERENCE"": 1}",,한 문장을 자식 Claim으로 나눈 뒤 8번 직접값 자식만 공식 검증한 결과,,,,,,,,,,,,1,1,0,0,D:\projects\services\archived\clafact-auto\.worktrees\three-type-release\artifacts\direct_value_release_20260826\multi_type8_197_live_final\claim_verification_results.jsonl
부모겸단일결과,A00970_20,A00970_20,단일 수치,8번 직접값,8번 직접값 유지,지난달 ICT 무역 수지는 58억1000만달러 흑자를 기록했다.,2025-03-16,5.81e+09달러,무역수지,5810000000.0,달러,2025-02,월,,,,DIRECT_VALUE,"{""polarity"": ""SURPLUS""}",AUTO_OK,KOSIS_PIPELINE_ELIGIBLE,HOLD,NO_EVIDENCE_COORDINATE_CANDIDATE,HARD_GUARD,공식표는 찾았지만 기사 조건에 맞는 항목·지역·기간 좌표를 확정하지 못함,UNDETERMINED,,[],[],,,,,N,,,,,,,D:\projects\services\archived\clafact-auto\.worktrees\three-type-release\artifacts\direct_value_release_20260826\single_133_live_final_v3\claim_verification_results.jsonl
복수문장부모요약,A01193_11,,복수 수치,8번 직접값 자식만 실행,복수 Claim 분리 후 자식별 결과 참조,"같은 방식으로 비교했을 때 2023년까지만 해도 외국인과 노인 일자리 참여자 증가 규모는 11만8000명으로, 전체 취업자 증가 폭(32만7000명)보다 적었다.",2025-04-02,,취업자 수,118000,명,2023,Y,,,,,,,,자식별 결과,"{""LOW_SEMANTIC_SCORE"": 1, ""NO_HARD_GUARD_CANDIDATE"": 1}",,한 문장을 자식 Claim으로 나눈 뒤 8번 직접값 자식만 공식 검증한 결과,,,,,,,,,,,,2,2,0,0,D:\projects\services\archived\clafact-auto\.worktrees\three-type-release\artifacts\direct_value_release_20260826\multi_type8_197_live_final\claim_verification_results.jsonl
복수문장부모요약,A01193_7,,복수 수치,8번 직접값 자식만 실행,복수 Claim 분리 후 자식별 결과 참조,"그 결과 작년 외국인 취업자는 8만7000명, 노인 일자리 참여자는 9만2000명 늘어난 것으로 파악됐다.",2025-04-02,,취업자 수,87000,명,2024,Y,,,,,,,,자식별 결과,"{""RECLASSIFY_TO_DIFFERENCE"": 2}",,한 문장을 자식 Claim으로 나눈 뒤 8번 직접값 자식만 공식 검증한 결과,,,,,,,,,,,,2,2,0,0,D:\projects\services\archived\clafact-auto\.worktrees\three-type-release\artifacts\direct_value_release_20260826\multi_type8_197_live_final\claim_verification_results.jsonl
복수문장부모요약,A01194_4,,복수 수치,8번 직접값 자식만 실행,복수 Claim 분리 후 자식별 결과 참조,"통계청에 따르면, 지난달 농·축산물 물가는 전년 동월 대비 0.4% 오르며 지난 2월(0.6%)에 이어 두 달째 0%대를 기록했다.",2025-04-02,,물가상승률,0.4,%,2025-02,M,,,,,,,,자식별 결과,{},,한 문장을 자식 Claim으로 나눈 뒤 8번 직접값 자식만 공식 검증한 결과,,,,,,,,,,,,1,0,1,0,D:\projects\services\archived\clafact-auto\.worktrees\three-type-release\artifacts\direct_value_release_20260826\multi_type8_197_live_final\claim_verification_results.jsonl
복수문장부모요약,A01285_4,,복수 수치,8번 직접값 자식만 실행,복수 Claim 분리 후 자식별 결과 참조,"9일 통계청이 발표한 ‘3월 고용동향’에 따르면, 지난 3월 취업자 수는 2858만9000명으로 전년 동월 대비 19만3000명 증가했다.",2025-04-09,,취업자 수,28589000,명,2025-03,M,,,,,,,,자식별 결과,"{""WITHIN_TOLERANCE"": 1}",,한 문장을 자식 Claim으로 나눈 뒤 8번 직접값 자식만 공식 검증한 결과,,,,,,,,,,,,1,1,0,1,D:\projects\services\archived\clafact-auto\.worktrees\three-type-release\artifacts\direct_value_release_20260826\multi_type8_197_live_final\claim_verification_results.jsonl
부모겸단일결과,A01285_6,A01285_6,단일 수치,8번 직접값 제외,다른 유형으로 이동: 6번 증감량,지난달 취업자 수 증가폭은 취업자가 26만명 넘게 늘어난 작년 4월 이후 11개월 만에 가장 크다.,2025-04-09,260000명,취업자 수,260000.0,명,2024-04,M,,,,DIRECT_VALUE,"{""direction"": ""INCREASE""}",HUMAN_REVIEW,CONTEXT_REQUIRED,HUMAN_REVIEW,RECLASSIFY_TO_DIFFERENCE,CLAIM_PARSE,직접값이 아니라 두 기간 공식값의 차이를 계산해야 하는 증감량 주장,,,[],[],,,,,N,,,,,,,D:\projects\services\archived\clafact-auto\.worktrees\three-type-release\artifacts\direct_value_release_20260826\single_133_live_final_v3\claim_verification_results.jsonl
부모겸단일결과,A01349_18,A01349_18,단일 수치,8번 직접값 제외,다른 유형으로 이동: 최고·최저 기록,"11일 해외건설협회의 ‘1분기 해외 수... 태국 고속도로·바라카 원전… K건설, 59년만에 수주 1조달러 “놀라운 일을 계획하고 있습니다.” 1963년 1월, 정주영 현대건설 사장은 시무식에서 임직원을 상대로 이렇게 말했다.",2025-04-14,1e+12달러,해외건설,1000000000000.0,달러,2025-Q1,Q,,,,DIRECT_VALUE,,HUMAN_REVIEW,CONTEXT_REQUIRED,HUMAN_REVIEW,RECLASSIFY_TO_RECORD,CLAIM_PARSE,직접값이 아니라 과거 전체 기간과 비교해야 하는 기록 주장,,,[],[],,,,,N,,,,,,,D:\projects\services\archived\clafact-auto\.worktrees\three-type-release\artifacts\direct_value_release_20260826\single_133_live_final_v3\claim_verification_results.jsonl
복수문장부모요약,A01384_4,,복수 수치,8번 직접값 자식만 실행,복수 Claim 분리 후 자식별 결과 참조,앞서 이 총재는 지난 2월 “추경을 15~20조원 규모로 하는 게 바람직하다고 본다”며 “이 정도면 성장률을 0.2%포인트 올리는 효과가 있을 것”이라고 한 바 있다.,2025-04-17,,경제성장률,0.2,%p,2025-02,M,,,,,,,,자식별 결과,{},,한 문장을 자식 Claim으로 나눈 뒤 8번 직접값 자식만 공식 검증한 결과,,,,,,,,,,,,2,0,2,0,D:\projects\services\archived\clafact-auto\.worktrees\three-type-release\artifacts\direct_value_release_20260826\multi_type8_197_live_final\claim_verification_results.jsonl
복수문장부모요약,A01385_7,,복수 수치,8번 직접값 자식만 실행,복수 Claim 분리 후 자식별 결과 참조,"농가 인구는 2003년 약 353만명에서 2013년 284만7000명으로 크게 감소했고, 지난해에는 간신히 200만명에 턱걸이할 정도로 가파르게 줄고 있다.",2025-04-17,,총인구,3530000,명,2003,Y,,,,,,,,자식별 결과,"{""NO_EVIDENCE_COORDINATE_CANDIDATE"": 1}",,한 문장을 자식 Claim으로 나눈 뒤 8번 직접값 자식만 공식 검증한 결과,,,,,,,,,,,,1,1,0,0,D:\projects\services\archived\clafact-auto\.worktrees\three-type-release\artifacts\direct_value_release_20260826\multi_type8_197_live_final\claim_verification_results.jsonl
부모겸단일결과,A01386_5,A01386_5,단일 수치,8번 직접값,8번 직접값 유지,또 작년 4분기의 깜짝 성장률(5.4%)과도 같다.,2025-04-17,5.4%,경제성장률,5.4,%,2024-Q4,Q,,,,DIRECT_VALUE,,AUTO_OK,KOSIS_PIPELINE_ELIGIBLE,HOLD,NO_EVIDENCE_COORDINATE_CANDIDATE,HARD_GUARD,공식표는 찾았지만 기사 조건에 맞는 항목·지역·기간 좌표를 확정하지 못함,UNDETERMINED,,[],[],,,,,N,,,,,,,D:\projects\services\archived\clafact-auto\.worktrees\three-type-release\artifacts\direct_value_release_20260826\single_133_live_final_v3\claim_verification_results.jsonl
부모겸단일결과,A01464_3,A01464_3,단일 수치,8번 직접값,8번 직접값 유지,"통계청이 23일 발표한 ‘2월 인구 동향’에 따르면, 지난 2월 혼인 건수는 1만9370건으로 집계됐다.",2025-04-23,19370건,총인구,19370.0,건,2025-02,M,,,,DIRECT_VALUE,,HUMAN_REVIEW,CONTEXT_REQUIRED,HUMAN_REVIEW,INDICATOR_UNIT_MEASURE_MISMATCH,CLAIM_PARSE,INDICATOR_UNIT_MEASURE_MISMATCH,,,[],[],,,,,N,,,,,,,D:\projects\services\archived\clafact-auto\.worktrees\three-type-release\artifacts\direct_value_release_20260826\single_133_live_final_v3\claim_verification_results.jsonl
부모겸단일결과,A01480_15,A01480_15,단일 수치,8번 직접값 제외,다른 유형으로 이동: 최고·최저 기록,설비투자의 1분기 성장률은 2021년 3분기(-4.9%) 이후 3년 6개월 만에 가장 낮은 수준을 보였다.,2025-04-24,4.9%,경제성장률,4.9,%,2021-Q3,Q,,,,DIRECT_VALUE,,HUMAN_REVIEW,CONTEXT_REQUIRED,HUMAN_REVIEW,RECLASSIFY_TO_RECORD,CLAIM_PARSE,직접값이 아니라 과거 전체 기간과 비교해야 하는 기록 주장,,,[],[],,,,,N,,,,,,,D:\projects\services\archived\clafact-auto\.worktrees\three-type-release\artifacts\direct_value_release_20260826\single_133_live_final_v3\claim_verification_results.jsonl
부모겸단일결과,A01480_17,A01480_17,단일 수치,8번 직접값,8번 직접값 유지,순수출 성장 기여도는 올해 1분기 0.3%포인트로 집계됐다.,2025-04-24,0.3%p,수출액,0.3,%p,2025-Q1,Q,,,,DIRECT_VALUE,,HUMAN_REVIEW,CONTEXT_REQUIRED,HUMAN_REVIEW,INDICATOR_REFINEMENT_REQUIRED,CLAIM_PARSE,INDICATOR_REFINEMENT_REQUIRED,,,[],[],,,,,N,,,,,,,D:\projects\services\archived\clafact-auto\.worktrees\three-type-release\artifacts\direct_value_release_20260826\single_133_live_final_v3\claim_verification_results.jsonl
복수문장부모요약,A01555_14,,복수 수치,8번 직접값 자식만 실행,복수 Claim 분리 후 자식별 결과 참조,"미 상무부 발표에 따르면 올해 1분기 연방정부 지출은 5.1% 감소했고, 이는 GDP에서 0.25%포인트를 깎아내렸다.",2025-04-30,,GDP,0.25,%p,2025-Q1,Q,,,,,,,,자식별 결과,{},,한 문장을 자식 Claim으로 나눈 뒤 8번 직접값 자식만 공식 검증한 결과,,,,,,,,,,,,2,0,2,0,D:\projects\services\archived\clafact-auto\.worktrees\three-type-release\artifacts\direct_value_release_20260826\multi_type8_197_live_final\claim_verification_results.jsonl
복수문장부모요약,A01584_3,,복수 수치,8번 직접값 자식만 실행,복수 Claim 분리 후 자식별 결과 참조,"2일 통계청이 발표한 ‘4월 소비자물가 동향’에 따르면, 지난달 소비자물가 지수는 116.38로 전년 동월 대비 2.1% 올랐다.",2025-05-02,,소비자물가 상승률,2.1,%,2025-04,M,,,,,,,,자식별 결과,"{""TARGET_VALUE_NOT_IN_SOURCE_SENTENCE"": 1}",,한 문장을 자식 Claim으로 나눈 뒤 8번 직접값 자식만 공식 검증한 결과,,,,,,,,,,,,1,1,0,0,D:\projects\services\archived\clafact-auto\.worktrees\three-type-release\artifacts\direct_value_release_20260826\multi_type8_197_live_final\claim_verification_results.jsonl
복수문장부모요약,A01589_4,,복수 수치,8번 직접값 자식만 실행,복수 Claim 분리 후 자식별 결과 참조,"2일 통계청이 발표한 ‘4월 소비자물가 동향’에 따르면, 지난달 소비자물가 지수는 116.38로 전년 동월 대비 2.1% 올랐다.",2025-05-03,,소비자물가 상승률,2.1,%,2025-04,M,,,,,,,,자식별 결과,"{""TARGET_VALUE_NOT_IN_SOURCE_SENTENCE"": 1}",,한 문장을 자식 Claim으로 나눈 뒤 8번 직접값 자식만 공식 검증한 결과,,,,,,,,,,,,1,1,0,0,D:\projects\services\archived\clafact-auto\.worktrees\three-type-release\artifacts\direct_value_release_20260826\multi_type8_197_live_final\claim_verification_results.jsonl
부모겸단일결과,A01629_25,A01629_25,단일 수치,8번 직접값 제외,다른 유형으로 이동: 6번 증감량,"가공식품 물가가 본격적으로 오르기 전인 작년 11월에는 물가가 오른 가공식품이 48개에 그쳤는데, 5개월 만에 큰 폭으로 늘어난 것이다.",2025-05-06,48개,물가상승률,48.0,개,2024-11,M,,,,DIRECT_VALUE,"{""direction"": ""INCREASE""}",HUMAN_REVIEW,CONTEXT_REQUIRED,HUMAN_REVIEW,RECLASSIFY_TO_DIFFERENCE,CLAIM_PARSE,직접값이 아니라 두 기간 공식값의 차이를 계산해야 하는 증감량 주장,,,[],[],,,,,N,,,,,,,D:\projects\services\archived\clafact-auto\.worktrees\three-type-release\artifacts\direct_value_release_20260826\single_133_live_final_v3\claim_verification_results.jsonl
복수문장부모요약,A01641_17,,복수 수치,8번 직접값 자식만 실행,복수 Claim 분리 후 자식별 결과 참조,실제 근로소득세 수입은 2008년 15조6000억원에서 지난해 61조원으로 거의 4배로 늘었다.,2025-05-07,,수입액,15600000000000,원,2008,Y,,,,,,,,자식별 결과,"{""NO_HARD_GUARD_CANDIDATE"": 1}",,한 문장을 자식 Claim으로 나눈 뒤 8번 직접값 자식만 공식 검증한 결과,,,,,,,,,,,,1,1,0,0,D:\projects\services\archived\clafact-auto\.worktrees\three-type-release\artifacts\direct_value_release_20260826\multi_type8_197_live_final\claim_verification_results.jsonl
부모겸단일결과,A01641_18,A01641_18,단일 수치,8번 직접값,8번 직접값 유지,지난해 기업들이 낸 법인세 수입(62조5000억원)과 맞먹는 수준이다.,2025-05-07,6.25e+13원,수입액,62500000000000.0,원,2024,Y,,,,DIRECT_VALUE,,AUTO_OK,KOSIS_PIPELINE_ELIGIBLE,HOLD,NO_EVIDENCE_COORDINATE_CANDIDATE,HARD_GUARD,공식표는 찾았지만 기사 조건에 맞는 항목·지역·기간 좌표를 확정하지 못함,UNDETERMINED,,[],[],,,,,N,,,,,,,D:\projects\services\archived\clafact-auto\.worktrees\three-type-release\artifacts\direct_value_release_20260826\single_133_live_final_v3\claim_verification_results.jsonl
복수문장부모요약,A01709_31,,복수 수치,8번 직접값 자식만 실행,복수 Claim 분리 후 자식별 결과 참조,2023년 말 일반 정부 부채는 약 1217조원(GDP의 50.7%)이다.,2025-05-12,,GDP,1217000000000000,원,2023,Y,,,,,,,,자식별 결과,"{""NO_HARD_GUARD_CANDIDATE"": 1}",,한 문장을 자식 Claim으로 나눈 뒤 8번 직접값 자식만 공식 검증한 결과,,,,,,,,,,,,1,1,0,0,D:\projects\services\archived\clafact-auto\.worktrees\three-type-release\artifacts\direct_value_release_20260826\multi_type8_197_live_final\claim_verification_results.jsonl
복수문장부모요약,A01720_37,,복수 수치,8번 직접값 자식만 실행,복수 Claim 분리 후 자식별 결과 참조,"중동 역시 작년엔 성장률(0.3%)이 보합세로, 재작년(5.5%) 대비 크게 꺾였다.",2025-05-13,,경제성장률,0.3,%,2024,Y,,,,,,,,자식별 결과,{},,한 문장을 자식 Claim으로 나눈 뒤 8번 직접값 자식만 공식 검증한 결과,,,,,,,,,,,,1,0,1,0,D:\projects\services\archived\clafact-auto\.worktrees\three-type-release\artifacts\direct_value_release_20260826\multi_type8_197_live_final\claim_verification_results.jsonl
부모겸단일결과,A01723_2,A01723_2,단일 수치,8번 직접값,8번 직접값 유지,"2000년대 후반 잠재성장률이 4% 수준이었음을 고려하면, 20년 만에 반 토막 난 것이다.",2025-05-13,4%,경제성장률,4.0,%,2000,Y,,,,DIRECT_VALUE,,AUTO_OK,KOSIS_PIPELINE_ELIGIBLE,HOLD,NO_EVIDENCE_COORDINATE_CANDIDATE,HARD_GUARD,공식표는 찾았지만 기사 조건에 맞는 항목·지역·기간 좌표를 확정하지 못함,UNDETERMINED,,[],[],,,,,N,,,,,,,D:\projects\services\archived\clafact-auto\.worktrees\three-type-release\artifacts\direct_value_release_20260826\single_133_live_final_v3\claim_verification_results.jsonl
복수문장부모요약,A01737_11,,복수 수치,8번 직접값 자식만 실행,복수 Claim 분리 후 자식별 결과 참조,특히 사회 초년생인 20대 후반의 경우 실업률이 7.1%를 기록하며 전년 동월 대비 1.3%포인트나 증가했다.,2025-05-14,,실업률,1.3,%p,2025,Y,,,,,,,,자식별 결과,{},,한 문장을 자식 Claim으로 나눈 뒤 8번 직접값 자식만 공식 검증한 결과,,,,,,,,,,,,1,0,1,0,D:\projects\services\archived\clafact-auto\.worktrees\three-type-release\artifacts\direct_value_release_20260826\multi_type8_197_live_final\claim_verification_results.jsonl
복수문장부모요약,A01737_5,,복수 수치,8번 직접값 자식만 실행,복수 Claim 분리 후 자식별 결과 참조,지난 1월(13만5000명)부터 4개월 연속으로 취업자 증가폭이 10만명대를 기록한 것이다.,2025-05-14,,취업자 수,135000,명,2025-01,M,,,,,,,,자식별 결과,"{""‘10만명대’는 정확한 단일 수치가 아닌 범위 표현이며, 4개월 연속이라는 기간에 걸친 주장이라 확정값으로 자동 구조화하기 어렵습니다."": 1}",,한 문장을 자식 Claim으로 나눈 뒤 8번 직접값 자식만 공식 검증한 결과,,,,,,,,,,,,1,1,0,0,D:\projects\services\archived\clafact-auto\.worktrees\three-type-release\artifacts\direct_value_release_20260826\multi_type8_197_live_final\claim_verification_results.jsonl
복수문장부모요약,A01752_4,,복수 수치,8번 직접값 자식만 실행,복수 Claim 분리 후 자식별 결과 참조,"통계청이 14일 발표한 ‘4월 고용 동향’에 따르면, 지난달 취업자는 2888만7000명으로 작년 4월보다 19만4000명 늘었다.",2025-05-15,,취업자 수,28887000,명,2024-04,M,,,,,,,,자식별 결과,"{""WITHIN_TOLERANCE"": 1}",,한 문장을 자식 Claim으로 나눈 뒤 8번 직접값 자식만 공식 검증한 결과,,,,,,,,,,,,1,1,0,1,D:\projects\services\archived\clafact-auto\.worktrees\three-type-release\artifacts\direct_value_release_20260826\multi_type8_197_live_final\claim_verification_results.jsonl
부모겸단일결과,A01910_8,A01910_8,단일 수치,8번 직접값,8번 직접값 유지,이는 트럼프 대통령이 지난 4월부터 외국산 수입차에 관세 25%를 매긴 여파로 풀이된다.,2025-05-27,25%,수입액,25.0,%,2025-04,M,,,,DIRECT_VALUE,,HUMAN_REVIEW,CONTEXT_REQUIRED,HUMAN_REVIEW,INDICATOR_REFINEMENT_REQUIRED,CLAIM_PARSE,INDICATOR_REFINEMENT_REQUIRED,,,[],[],,,,,N,,,,,,,D:\projects\services\archived\clafact-auto\.worktrees\three-type-release\artifacts\direct_value_release_20260826\single_133_live_final_v3\claim_verification_results.jsonl
복수문장부모요약,A01927_11,,복수 수치,8번 직접값 자식만 실행,복수 Claim 분리 후 자식별 결과 참조,분기별로 출생아 수가 6만5000명을 넘은 것은 지난 2022년 1분기(6만8339명) 이후 3년 만이다.,2025-05-29,,출생아 수,65000,명,2022-Q1,Q,,,,,,,,자식별 결과,"{""RECLASSIFY_TO_RECORD"": 1}",,한 문장을 자식 Claim으로 나눈 뒤 8번 직접값 자식만 공식 검증한 결과,,,,,,,,,,,,1,1,0,0,D:\projects\services\archived\clafact-auto\.worktrees\three-type-release\artifacts\direct_value_release_20260826\multi_type8_197_live_final\claim_verification_results.jsonl
부모겸단일결과,A01927_15,A01927_15,단일 수치,8번 직접값,8번 직접값 유지,이들보다 5년 정도 빠른 1980년대 후반이나 5년 늦은 1990년대 후반에는 연간 출생아 수가 각각 60만명대에 머물렀다.,2025-05-29,600000명,출생아 수,600000.0,명,2025,Y,,,,DIRECT_VALUE,,AUTO_OK,KOSIS_PIPELINE_ELIGIBLE,HOLD,AS_OF_UNAVAILABLE,OFFICIAL_VALUE_FETCH,기사 작성일 기준 공표된 공식값인지 확인하지 못함,UNDETERMINED,,"[{""canonical_key"": ""ORG=101|TBL=DT_1B8000G|ITM=T1|OBJ=B|MEMBER=전국|PRD_SE=년|PRD_DE=2025|DIMS=B:전국,A:출생아수(명)"", ""dimension_codes"": {""A"": ""10"", ""B"": ""00""}, ""dimension_members"": {""A"": ""출생아수(명)"", ""B"": ""전국""}, ""itm_id"": ""T1"", ""member_code"": ""전국"", ""obj_id"": ""B"", ""org_id"": ""101"", ""prd_de"": ""2025"", ""prd_se"": ""년"", ""status"": ""CONFIRMED"", ""tbl_id"": ""DT_1B8000G"", ""unit"": ""명""}]","[{""content_hash"": ""e92cb913d789bc40b97daa9ef19c5e73b3ed4ba5e7fde26be550f9a3bcd1f7c9"", ""evidence_key"": ""ORG=101|TBL=DT_1B8000G|ITM=T1|OBJ=B|MEMBER=전국|PRD_SE=년|PRD_DE=2025|DIMS=B:전국,A:출생아수(명)"", ""publication"": {""content_hash"": ""882ea1046b8fe06af80e5ccfa2f0e019e4174b51a050363f55714b66573aaacc"", ""coverage_end_period"": null, ""coverage_start_period"": null, ""evidence_scope"": ""PERIOD"", ""pub_date_text"": ""조사기준 년 익년"", ""pub_period"": ""월"", ""publication_method_url"": ""언론(보도자료), 전산망(인터넷), 간행물2024년 5월 인구동향https://mods.go.kr/board.es?mid=a10301020300&amp;bid=204"", ""published_at"": null, ""reference_period"": null, ""retrieved_at"": ""2026-08-26T08:51:56.432548Z"", ""source_url"": ""https://kosis.kr/openapi/statisticsExplData.do?method=getList&format=json&jsonVD=Y&orgId=101&tblId=DT_1B8000G&metaItm=All"", ""status"": ""UNRESOLVED""}, ""retrieved_at"": ""2026-08-26T08:51:50.524433Z"", ""source"": ""API"", ""source_url"": ""https://kosis.kr/openapi/Param/statisticsParameterData.do?method=getList&orgId=101&tblId=DT_1B8000G&itmId=T1&prdSe=Y&startPrdDe=2025&endPrdDe=2025&objL1=00&objL2=10"", ""value_last_changed_at"": null}]",https://kosis.kr/openapi/Param/statisticsParameterData.do?method=getList&orgId=101&tblId=DT_1B8000G&itmId=T1&prdSe=Y&startPrdDe=2025&endPrdDe=2025&objL1=00&objL2=10,e92cb913d789bc40b97daa9ef19c5e73b3ed4ba5e7fde26be550f9a3bcd1f7c9,,,N,,,,,,,D:\projects\services\archived\clafact-auto\.worktrees\three-type-release\artifacts\direct_value_release_20260826\single_133_live_final_v3\claim_verification_results.jsonl
복수문장부모요약,A01927_23,,복수 수치,8번 직접값 자식만 실행,복수 Claim 분리 후 자식별 결과 참조,2000년에 64만명이던 출생아 수는 2001년 56만명으로 줄더니 2002년부터 40만명대로 떨어졌다.,2025-05-29,,출생아 수,640000,명,2000,Y,,,,,,,,자식별 결과,"{""DIRECT_VALUE_CHANGE_TARGET_MISCLASSIFIED"": 1, ""FETCH_FAILED"": 1}",,한 문장을 자식 Claim으로 나눈 뒤 8번 직접값 자식만 공식 검증한 결과,,,,,,,,,,,,2,2,0,0,D:\projects\services\archived\clafact-auto\.worktrees\three-type-release\artifacts\direct_value_release_20260826\multi_type8_197_live_final\claim_verification_results.jsonl
부모겸단일결과,A01927_4,A01927_4,단일 수치,8번 직접값,8번 직접값 유지,다만 5년 후인 2030년에는 한 해 태어난 인구가 40만명에 불과한 2000년대생들이 결혼·출산 적령기가 되기 때문에 저출생 현상이 다시 심화할 가능성이 있다.,2025-05-29,400000명,총인구,400000.0,명,2030,Y,,,,DIRECT_VALUE,,AUTO_OK,KOSIS_PIPELINE_ELIGIBLE,HOLD,NO_EVIDENCE_COORDINATE_CANDIDATE,HARD_GUARD,공식표는 찾았지만 기사 조건에 맞는 항목·지역·기간 좌표를 확정하지 못함,UNDETERMINED,,[],[],,,,,N,,,,,,,D:\projects\services\archived\clafact-auto\.worktrees\three-type-release\artifacts\direct_value_release_20260826\single_133_live_final_v3\claim_verification_results.jsonl
복수문장부모요약,A01935_13,,복수 수치,8번 직접값 자식만 실행,복수 Claim 분리 후 자식별 결과 참조,"올해 내수의 성장률 기여도는 0.8%포인트, 순수출 성장률 기여도는 0%포인트 정도로 봤다.",2025-05-29,,수출액,0.8,%p,2025,Y,,,,,,,,자식별 결과,"{""NO_EVIDENCE_COORDINATE_CANDIDATE"": 1, ""문장에 내수와 순수출이라는 서로 독립적으로 검증 가능한 두 수치가 함께 제시되어 단일 Claim으로 안전하게 확정할 수 없음"": 1}",,한 문장을 자식 Claim으로 나눈 뒤 8번 직접값 자식만 공식 검증한 결과,,,,,,,,,,,,2,2,0,0,D:\projects\services\archived\clafact-auto\.worktrees\three-type-release\artifacts\direct_value_release_20260826\multi_type8_197_live_final\claim_verification_results.jsonl
부모겸단일결과,A01947_29,A01947_29,단일 수치,8번 직접값,8번 직접값 유지,지난 2021년과 2022년에도 순수출의 성장 기여도는 0% 수준이었다.,2025-05-30,0%,수출액,0.0,%,2021,Y,,,,DIRECT_VALUE,,HUMAN_REVIEW,CONTEXT_REQUIRED,HUMAN_REVIEW,INDICATOR_REFINEMENT_REQUIRED,CLAIM_PARSE,INDICATOR_REFINEMENT_REQUIRED,,,[],[],,,,,N,,,,,,,D:\projects\services\archived\clafact-auto\.worktrees\three-type-release\artifacts\direct_value_release_20260826\single_133_live_final_v3\claim_verification_results.jsonl
부모겸단일결과,A01947_5,A01947_5,단일 수치,8번 직접값,8번 직접값 유지,이창용 한은 총재는 “올해 순수출(수출에서 수입을 뺀 것)의 성장 기여도가 0%일 것”이라고 했다.,2025-05-30,0%,수출액,0.0,%,2025,Y,,,,DIRECT_VALUE,,HUMAN_REVIEW,CONTEXT_REQUIRED,HUMAN_REVIEW,INDICATOR_REFINEMENT_REQUIRED,CLAIM_PARSE,INDICATOR_REFINEMENT_REQUIRED,,,[],[],,,,,N,,,,,,,D:\projects\services\archived\clafact-auto\.worktrees\three-type-release\artifacts\direct_value_release_20260826\single_133_live_final_v3\claim_verification_results.jsonl
복수문장부모요약,A01953_25,,복수 수치,8번 직접값 자식만 실행,복수 Claim 분리 후 자식별 결과 참조,앞서 2023년 종근당은 노바티스와 총 13억500만달러(약 1조7302억원) 규모의 기술 수출 계약을 맺었다.,2025-05-31,,수출액,1305000000,달러,2023,Y,,,,,,,,자식별 결과,"{""NO_HARD_GUARD_CANDIDATE"": 1}",,한 문장을 자식 Claim으로 나눈 뒤 8번 직접값 자식만 공식 검증한 결과,,,,,,,,,,,,1,1,0,0,D:\projects\services\archived\clafact-auto\.worktrees\three-type-release\artifacts\direct_value_release_20260826\multi_type8_197_live_final\claim_verification_results.jsonl
입력차단부모,A01981_3,,비통계 숫자 역할 차단,8번 직접값 제외,공식조회 전 차단,"보고서는 인구 감소, 고령화가 더 심해지는 2025~2030년에는 인구구조 변화에 따른 소비 증가율 둔화 폭이 연평균 1%포인트까지 확대될 것으로 봤다.",2025-06-02,1%포인트,고령인구 비율,1,%p,2030,Y,,,,,,HUMAN_REVIEW,,공식조회 전 차단,TARGET_IS_LEVEL_NOT_CHANGE_AMOUNT,Claim 수치 역할 확인,연령·기간·제품명 등 통계값이 아닌 숫자를 기사값으로 사용하지 않도록 차단,,,,,,,,,,,,,,,,D:\projects\services\archived\clafact-auto\.worktrees\direct-value-execution\deliverables\CLAFACT_AUTO_8번_1단계_숫자역할오인차단_20260825.csv
부모겸단일결과,A01986_3,A01986_3,단일 수치,8번 직접값 제외,다른 유형으로 이동: 최고·최저 기록,설 연휴 영향을 빼면 ‘수출 마이너스’는 2023년 9월(-4.4%) 이후 사실상 20개월 만에 처음이다.,2025-06-02,4.4%,수출액,4.4,%,2023-09,M,,,,DIRECT_VALUE,"{""direction"": ""DECREASE""}",HUMAN_REVIEW,CONTEXT_REQUIRED,HUMAN_REVIEW,RECLASSIFY_TO_RECORD,CLAIM_PARSE,직접값이 아니라 과거 전체 기간과 비교해야 하는 기록 주장,,,[],[],,,,,N,,,,,,,D:\projects\services\archived\clafact-auto\.worktrees\three-type-release\artifacts\direct_value_release_20260826\single_133_live_final_v3\claim_verification_results.jsonl
복수문장부모요약,A02010_4,,복수 수치,8번 직접값 자식만 실행,복수 Claim 분리 후 자식별 결과 참조,4일 통계청에 따르면 5월 소비자 물가 지수는 116.27(2020년을 100으로 본 상대적 지수)로 전년 동월 대비 1.9% 올랐다.,2025-06-04,,소비자물가 상승률,1.9,%,2020,Y,,,,,,,,자식별 결과,"{""TARGET_VALUE_NOT_IN_SOURCE_SENTENCE"": 1}",,한 문장을 자식 Claim으로 나눈 뒤 8번 직접값 자식만 공식 검증한 결과,,,,,,,,,,,,1,1,0,0,D:\projects\services\archived\clafact-auto\.worktrees\three-type-release\artifacts\direct_value_release_20260826\multi_type8_197_live_final\claim_verification_results.jsonl
부모겸단일결과,A02018_3,A02018_3,단일 수치,8번 직접값 제외,다른 유형으로 이동: 7번 증감률,4일 통계청은 ‘5월 소비자 물가 동향’에서 지난달 소비자 물가가 전년 동월 대비 1.9% 올랐다고 밝혔다.,2025-06-05,1.9%,소비자물가 상승률,1.9,%,2025-05,M,,,,DIRECT_VALUE,,HUMAN_REVIEW,CONTEXT_REQUIRED,HUMAN_REVIEW,RECLASSIFY_TO_GROWTH_RATE,CLAIM_PARSE,직접값이 아니라 두 기간 공식값으로 비율을 계산해야 하는 증감률 주장,,,[],[],,,,,N,,,,,,,D:\projects\services\archived\clafact-auto\.worktrees\three-type-release\artifacts\direct_value_release_20260826\single_133_live_final_v3\claim_verification_results.jsonl
부모겸단일결과,A02022_15,A02022_15,단일 수치,8번 직접값,8번 직접값 유지,노동투입이 잠재성장률에 기여하는 정도도 2000년대 초반과 비슷한 30% 수준으로 낮아졌다.,2025-06-05,30%,경제성장률,30.0,%,2000,Y,,,,DIRECT_VALUE,,AUTO_OK,KOSIS_PIPELINE_ELIGIBLE,HOLD,NO_EVIDENCE_COORDINATE_CANDIDATE,HARD_GUARD,공식표는 찾았지만 기사 조건에 맞는 항목·지역·기간 좌표를 확정하지 못함,UNDETERMINED,,[],[],,,,,N,,,,,,,D:\projects\services\archived\clafact-auto\.worktrees\three-type-release\artifacts\direct_value_release_20260826\single_133_live_final_v3\claim_verification_results.jsonl
복수문장부모요약,A02028_21,,복수 수치,8번 직접값 자식만 실행,복수 Claim 분리 후 자식별 결과 참조,2022년 폴란드와 30억달러 규모 FA-50 48대 수출 계약은 또 다른 변곡점이었다.,2025-06-05,,수출액,3000000000,달러,2022,Y,,,,,,,,자식별 결과,"{""TARGET_NOT_FOUND_IN_SOURCE"": 1}",,한 문장을 자식 Claim으로 나눈 뒤 8번 직접값 자식만 공식 검증한 결과,,,,,,,,,,,,1,1,0,0,D:\projects\services\archived\clafact-auto\.worktrees\three-type-release\artifacts\direct_value_release_20260826\multi_type8_197_live_final\claim_verification_results.jsonl
복수문장부모요약,A02065_4,,복수 수치,8번 직접값 자식만 실행,복수 Claim 분리 후 자식별 결과 참조,"원·달러 환율(3개월 이동평균)은 작년 동기 대비 7.8% 올라, 소비자물가를 0.3%p 올렸다.",2025-06-08,,소비자물가 상승률,0.3,%p,2024,Y,,,,,,,,자식별 결과,"{""MISSING_REQUIRED_SLOTS:time"": 1}",,한 문장을 자식 Claim으로 나눈 뒤 8번 직접값 자식만 공식 검증한 결과,,,,,,,,,,,,2,1,1,0,D:\projects\services\archived\clafact-auto\.worktrees\three-type-release\artifacts\direct_value_release_20260826\multi_type8_197_live_final\claim_verification_results.jsonl
입력차단부모,A02096_10,,비통계 숫자 역할 차단,8번 직접값 제외,공식조회 전 차단,다만 지난 4월까지 1년2개월 연속 감소했던 도소매업 취업자는 지난달 1만8000명 늘어 증가세로 돌아섰다.,2025-06-11,,취업자 수,2,개,2025-04,M,,,,,,HUMAN_REVIEW,,공식조회 전 차단,TARGET_NOT_FOUND_IN_SOURCE,Claim 수치 역할 확인,연령·기간·제품명 등 통계값이 아닌 숫자를 기사값으로 사용하지 않도록 차단,,,,,,,,,,,,,,,,D:\projects\services\archived\clafact-auto\.worktrees\direct-value-execution\deliverables\CLAFACT_AUTO_8번_1단계_숫자역할오인차단_20260825.csv
복수문장부모요약,A02096_18,,복수 수치,8번 직접값 자식만 실행,복수 Claim 분리 후 자식별 결과 참조,"일도, 구직 활동도 하지 않은 채 그냥 시간을 보냈다는 ‘쉬었음’ 인구는 지난달 239만명으로 전년 동월 대비 5만6000명 증가했다.",2025-06-11,,총인구,2390000,명,2025-05,M,,,,,,,,자식별 결과,"{""NO_EVIDENCE_COORDINATE_CANDIDATE"": 1}",,한 문장을 자식 Claim으로 나눈 뒤 8번 직접값 자식만 공식 검증한 결과,,,,,,,,,,,,1,1,0,0,D:\projects\services\archived\clafact-auto\.worktrees\three-type-release\artifacts\direct_value_release_20260826\multi_type8_197_live_final\claim_verification_results.jsonl
복수문장부모요약,A02096_19,,복수 수치,8번 직접값 자식만 실행,복수 Claim 분리 후 자식별 결과 참조,20대 쉬었음 인구는 37만8000명으로 전년 동월 대비 1만2000명 늘었다.,2025-06-11,,총인구,20,대,2025,Y,,,,,,,,자식별 결과,"{""MISSING_REQUIRED_SLOTS:time"": 1}",,한 문장을 자식 Claim으로 나눈 뒤 8번 직접값 자식만 공식 검증한 결과,,,,,,,,,,,,1,1,0,0,D:\projects\services\archived\clafact-auto\.worktrees\three-type-release\artifacts\direct_value_release_20260826\multi_type8_197_live_final\claim_verification_results.jsonl
복수문장부모요약,A02096_3,,복수 수치,8번 직접값 자식만 실행,복수 Claim 분리 후 자식별 결과 참조,"11일 통계청의 ‘2025년 5월 고용동향’에 따르면, 지난달 취업자는 2916만명으로 전년 동월 대비 24만5000명 증가했다.",2025-06-11,,취업자 수,29160000,명,2025-05,M,,,,,,,,자식별 결과,"{""NO_HARD_GUARD_CANDIDATE"": 1}",,한 문장을 자식 Claim으로 나눈 뒤 8번 직접값 자식만 공식 검증한 결과,,,,,,,,,,,,1,1,0,0,D:\projects\services\archived\clafact-auto\.worktrees\three-type-release\artifacts\direct_value_release_20260826\multi_type8_197_live_final\claim_verification_results.jsonl
부모겸단일결과,A02096_8,A02096_8,단일 수치,8번 직접값 제외,다른 유형으로 이동: 6번 증감량,내수 부진 여파로 지난달 숙박·음식점업 취업자도 6만7000명 줄었다.,2025-06-11,67000명,취업자 수,67000.0,명,2025-05,M,,,,DIRECT_VALUE,,HUMAN_REVIEW,CONTEXT_REQUIRED,HUMAN_REVIEW,RECLASSIFY_TO_DIFFERENCE,CLAIM_PARSE,직접값이 아니라 두 기간 공식값의 차이를 계산해야 하는 증감량 주장,,,[],[],,,,,N,,,,,,,D:\projects\services\archived\clafact-auto\.worktrees\three-type-release\artifacts\direct_value_release_20260826\single_133_live_final_v3\claim_verification_results.jsonl
복수문장부모요약,A02099_4,,복수 수치,8번 직접값 자식만 실행,복수 Claim 분리 후 자식별 결과 참조,"이 기간 실제 일한 날을 뜻하는 조업일수를 고려한 일평균 수출액은 28억1000만달러로, 작년 같은 기간 조업일수를 고려한 일평균 수출액(24억5000만달러)보다 15.% 늘었다.",2025-06-11,,수출액,2810000000,달러,2024,Y,,,,,,,,자식별 결과,"{""RELATIVE_TIME_UNRESOLVED"": 1}",,한 문장을 자식 Claim으로 나눈 뒤 8번 직접값 자식만 공식 검증한 결과,,,,,,,,,,,,1,1,0,0,D:\projects\services\archived\clafact-auto\.worktrees\three-type-release\artifacts\direct_value_release_20260826\multi_type8_197_live_final\claim_verification_results.jsonl
복수문장부모요약,A02111_13,,복수 수치,8번 직접값 자식만 실행,복수 Claim 분리 후 자식별 결과 참조,고용률도 2011년 36.8%에서 지난달 48.3%로 불었다.,2025-06-12,,고용률,36.8,%,2011,Y,,,,,,,,자식별 결과,"{""CONTEXT_TARGET_UNRESOLVED"": 1}",,한 문장을 자식 Claim으로 나눈 뒤 8번 직접값 자식만 공식 검증한 결과,,,,,,,,,,,,1,1,0,0,D:\projects\services\archived\clafact-auto\.worktrees\three-type-release\artifacts\direct_value_release_20260826\multi_type8_197_live_final\claim_verification_results.jsonl
복수문장부모요약,A02111_4,,복수 수치,8번 직접값 자식만 실행,복수 Claim 분리 후 자식별 결과 참조,"11일 통계청이 발표한 ‘5월 고용동향’에 따르면, 지난달 취업자는 2916만명으로 전년 동월 대비 24만5000명 늘었다.",2025-06-12,,취업자 수,29160000,명,2025-05,M,,,,,,,,자식별 결과,"{""WITHIN_TOLERANCE"": 1}",,한 문장을 자식 Claim으로 나눈 뒤 8번 직접값 자식만 공식 검증한 결과,,,,,,,,,,,,1,1,0,1,D:\projects\services\archived\clafact-auto\.worktrees\three-type-release\artifacts\direct_value_release_20260826\multi_type8_197_live_final\claim_verification_results.jsonl
부모겸단일결과,A02179_7,A02179_7,단일 수치,8번 직접값,8번 직접값 유지,특히 아랍에미리트는 2031년까지 GDP의 40%를 AI 산업에서 창출하겠다고 한다.,2025-06-17,40%,GDP,40.0,%,2031,Y,,,,DIRECT_VALUE,,HUMAN_REVIEW,CONTEXT_REQUIRED,HUMAN_REVIEW,INDICATOR_MEASURE_FAMILY_AMBIGUOUS,CLAIM_PARSE,INDICATOR_MEASURE_FAMILY_AMBIGUOUS,,,[],[],,,,,N,,,,,,,D:\projects\services\archived\clafact-auto\.worktrees\three-type-release\artifacts\direct_value_release_20260826\single_133_live_final_v3\claim_verification_results.jsonl
복수문장부모요약,A02181_14,,복수 수치,8번 직접값 자식만 실행,복수 Claim 분리 후 자식별 결과 참조,"15년 전인 2010년 4월 기준 두 집단 사이의 실업률 차이가 8.7%포인트에 달했지만, 올해 4월에는 그 차이가 1.6%포인트로 크게 줄었다는 것이다.",2025-06-17,,실업률,8.7,%p,2010-04,M,,,,,,,,자식별 결과,{},,한 문장을 자식 Claim으로 나눈 뒤 8번 직접값 자식만 공식 검증한 결과,,,,,,,,,,,,1,0,1,0,D:\projects\services\archived\clafact-auto\.worktrees\three-type-release\artifacts\direct_value_release_20260826\multi_type8_197_live_final\claim_verification_results.jsonl
복수문장부모요약,A02184_12,,복수 수치,8번 직접값 자식만 실행,복수 Claim 분리 후 자식별 결과 참조,작년까지만 해도 전문대 졸업자 실업률(4.8%)이 고졸 실업률(5.1%)보다 낮았다.,2025-06-17,,실업률,4.8,%,2024,Y,,,,,,,,자식별 결과,"{""AMBIGUOUS_MARGIN"": 1, ""FETCH_FAILED"": 1}",,한 문장을 자식 Claim으로 나눈 뒤 8번 직접값 자식만 공식 검증한 결과,,,,,,,,,,,,2,2,0,0,D:\projects\services\archived\clafact-auto\.worktrees\three-type-release\artifacts\direct_value_release_20260826\multi_type8_197_live_final\claim_verification_results.jsonl
복수문장부모요약,A02184_8,,복수 수치,8번 직접값 자식만 실행,복수 Claim 분리 후 자식별 결과 참조,"지난 2003년부터 2022년까지 20년간 20대 후반의 실업률은 고졸이 대졸보다 높았는데, 지난 2023년부터 대졸 실업률(6.2%)이 고졸(5.2%)을 넘는 역전 현상이 발생했다.",2025-06-17,,실업률,20,대,2003,Y,,,,,,,,자식별 결과,"{""NO_EVIDENCE_COORDINATE_CANDIDATE"": 1}",,한 문장을 자식 Claim으로 나눈 뒤 8번 직접값 자식만 공식 검증한 결과,,,,,,,,,,,,1,1,0,0,D:\projects\services\archived\clafact-auto\.worktrees\three-type-release\artifacts\direct_value_release_20260826\multi_type8_197_live_final\claim_verification_results.jsonl
부모겸단일결과,A02254_17,A02254_17,단일 수치,8번 직접값,8번 직접값 유지,출시부터 작년까지 백산수의 연평균 성장률은 16%에 달한다.,2025-06-23,16%,경제성장률,16.0,%,2024,Y,,,,DIRECT_VALUE,,AUTO_OK,KOSIS_PIPELINE_ELIGIBLE,HOLD,PUBLICATION_FETCH_FAILED,OFFICIAL_VALUE_FETCH,PUBLICATION_FETCH_FAILED,UNDETERMINED,,"[{""canonical_key"": ""ORG=101|TBL=DT_1YL20571|ITM=T10|OBJ=SGG|MEMBER=전국|PRD_SE=Y|PRD_DE=2024"", ""dimension_codes"": {""SGG"": ""00""}, ""dimension_members"": {""SGG"": ""전국""}, ""itm_id"": ""T10"", ""member_code"": ""전국"", ""obj_id"": ""SGG"", ""org_id"": ""101"", ""prd_de"": ""2024"", ""prd_se"": ""Y"", ""status"": ""CONFIRMED"", ""tbl_id"": ""DT_1YL20571"", ""unit"": ""%""}]","[{""content_hash"": ""e09b5826b4864f78e4a54f693ba8fac868eb8270b2076ce3bf35ec015b7c6e98"", ""evidence_key"": ""ORG=101|TBL=DT_1YL20571|ITM=T10|OBJ=SGG|MEMBER=전국|PRD_SE=Y|PRD_DE=2024"", ""publication"": {""content_hash"": ""0dcc3fdb670023214227ed46e3d44364bd044a323742db1bfb58d2ed6669eba8"", ""coverage_end_period"": null, ""coverage_start_period"": null, ""evidence_scope"": ""PERIOD"", ""pub_date_text"": null, ""pub_period"": null, ""publication_method_url"": null, ""published_at"": null, ""reference_period"": null, ""retrieved_at"": ""2026-08-26T08:52:07.711209Z"", ""source_url"": ""https://kosis.kr/openapi/statisticsExplData.do?method=getList&format=json&jsonVD=Y&orgId=101&tblId=DT_1YL20571&metaItm=All"", ""status"": ""FETCH_FAILED""}, ""retrieved_at"": ""2026-08-26T08:52:03.398580Z"", ""source"": ""API"", ""source_url"": ""https://kosis.kr/openapi/Param/statisticsParameterData.do?method=getList&orgId=101&tblId=DT_1YL20571&itmId=T10&prdSe=Y&startPrdDe=2024&endPrdDe=2024&objL1=00"", ""value_last_changed_at"": null}]",https://kosis.kr/openapi/Param/statisticsParameterData.do?method=getList&orgId=101&tblId=DT_1YL20571&itmId=T10&prdSe=Y&startPrdDe=2024&endPrdDe=2024&objL1=00,e09b5826b4864f78e4a54f693ba8fac868eb8270b2076ce3bf35ec015b7c6e98,,,N,,,,,,,D:\projects\services\archived\clafact-auto\.worktrees\three-type-release\artifacts\direct_value_release_20260826\single_133_live_final_v3\claim_verification_results.jsonl
부모겸단일결과,A02292_15,A02292_15,단일 수치,8번 직접값 제외,다른 유형으로 이동: 7번 증감률,대표적인 수입 분유인 네덜란드산 분유 브랜드 압타밀(Aptamil)은 지난달 19일 일부 제품 가격을 약 5% 인상했다.,2025-06-26,5%,수입액,5.0,%,2025-05,M,,,,DIRECT_VALUE,,HUMAN_REVIEW,CONTEXT_REQUIRED,HUMAN_REVIEW,RECLASSIFY_TO_GROWTH_RATE,CLAIM_PARSE,직접값이 아니라 두 기간 공식값으로 비율을 계산해야 하는 증감률 주장,,,[],[],,,,,N,,,,,,,D:\projects\services\archived\clafact-auto\.worktrees\three-type-release\artifacts\direct_value_release_20260826\single_133_live_final_v3\claim_verification_results.jsonl
부모겸단일결과,A02343_4,A02343_4,단일 수치,8번 직접값 제외,다른 유형으로 이동: 최고·최저 기록,산업 생산은 지난 4월(-0.8%) 이후 두 달 연속 마이너스다.,2025-06-30,0.8%,전산업생산,0.8,%,2025-04,M,,,,DIRECT_VALUE,"{""direction"": ""DECREASE""}",HUMAN_REVIEW,CONTEXT_REQUIRED,HUMAN_REVIEW,RECLASSIFY_TO_RECORD,CLAIM_PARSE,직접값이 아니라 과거 전체 기간과 비교해야 하는 기록 주장,,,[],[],,,,,N,,,,,,,D:\projects\services\archived\clafact-auto\.worktrees\three-type-release\artifacts\direct_value_release_20260826\single_133_live_final_v3\claim_verification_results.jsonl
복수문장부모요약,A02350_6,,복수 수치,8번 직접값 자식만 실행,복수 Claim 분리 후 자식별 결과 참조,15대 품목 중 10개 품목은 2분기보다 수출 여건이 악화될 것으로 조사됐다.,2025-06-30,,수출액,15,대,2025-Q2,Q,,,,,,,,자식별 결과,{},,한 문장을 자식 Claim으로 나눈 뒤 8번 직접값 자식만 공식 검증한 결과,,,,,,,,,,,,1,0,1,0,D:\projects\services\archived\clafact-auto\.worktrees\three-type-release\artifacts\direct_value_release_20260826\multi_type8_197_live_final\claim_verification_results.jsonl
복수문장부모요약,A02366_7,,복수 수치,8번 직접값 자식만 실행,복수 Claim 분리 후 자식별 결과 참조,15대 수출 품목 중 10개가 2분기보다 수출 여건이 악화할 것으로 조사됐다.,2025-07-01,,수출액,15,대,2025-Q2,Q,,,,,,,,자식별 결과,{},,한 문장을 자식 Claim으로 나눈 뒤 8번 직접값 자식만 공식 검증한 결과,,,,,,,,,,,,1,0,1,0,D:\projects\services\archived\clafact-auto\.worktrees\three-type-release\artifacts\direct_value_release_20260826\multi_type8_197_live_final\claim_verification_results.jsonl
복수문장부모요약,A02375_3,,복수 수치,8번 직접값 자식만 실행,복수 Claim 분리 후 자식별 결과 참조,"2일 통계청이 발표한 ‘6월 소비자 물가 동향’에 따르면, 지난달 소비자물가 지수는 116.31(2020년=100)로 작년 동월 대비 2.2% 올랐다.",2025-07-02,,소비자물가 상승률,2.2,%,2020,Y,,,,,,,,자식별 결과,"{""TARGET_VALUE_NOT_IN_SOURCE_SENTENCE"": 1}",,한 문장을 자식 Claim으로 나눈 뒤 8번 직접값 자식만 공식 검증한 결과,,,,,,,,,,,,1,1,0,0,D:\projects\services\archived\clafact-auto\.worktrees\three-type-release\artifacts\direct_value_release_20260826\multi_type8_197_live_final\claim_verification_results.jsonl
복수문장부모요약,A02385_19,,복수 수치,8번 직접값 자식만 실행,복수 Claim 분리 후 자식별 결과 참조,◇대통령 ”라면 2000원” 발언에도 치솟은 물가 또 다른 불황형 소비 품목인 라면도 지난달 6.9% 올랐다.,2025-07-03,,물가상승률,6.9,%,2025-06,M,,,,,,,,자식별 결과,{},,한 문장을 자식 Claim으로 나눈 뒤 8번 직접값 자식만 공식 검증한 결과,,,,,,,,,,,,1,0,1,0,D:\projects\services\archived\clafact-auto\.worktrees\three-type-release\artifacts\direct_value_release_20260826\multi_type8_197_live_final\claim_verification_results.jsonl
부모겸단일결과,A02385_22,A02385_22,단일 수치,8번 직접값,8번 직접값 유지,"이재명 대통령이 취임 닷새 만인 지난달 9일 “라면 한 개에 2000원도 한다는데, 진짜냐”며 요주의 품목으로 라면을 콕 짚어 언급했지만, 라면을 포함한 가공식품 물가는 고공 행진하고 있다.",2025-07-03,2000원,물가상승률,2000.0,원,2025-06,M,,,,DIRECT_VALUE,,HUMAN_REVIEW,CONTEXT_REQUIRED,HUMAN_REVIEW,INDICATOR_UNIT_MEASURE_MISMATCH,CLAIM_PARSE,INDICATOR_UNIT_MEASURE_MISMATCH,,,[],[],,,,,N,,,,,,,D:\projects\services\archived\clafact-auto\.worktrees\three-type-release\artifacts\direct_value_release_20260826\single_133_live_final_v3\claim_verification_results.jsonl
복수문장부모요약,A02385_25,,복수 수치,8번 직접값 자식만 실행,복수 Claim 분리 후 자식별 결과 참조,"통계청이 집계하는 가공식품 품목 73개 가운데 라면과 초콜릿(20.4%), 고추장(14.2%), 김치(14.2%), 빵(6.4%) 등 62개 가격이 올라 지난달 가공식품 물가는 4.6%나 뛰었다.",2025-07-03,,물가상승률,73,개,2025-06,M,,,,,,,,자식별 결과,"{""NO_HARD_GUARD_CANDIDATE"": 1}",,한 문장을 자식 Claim으로 나눈 뒤 8번 직접값 자식만 공식 검증한 결과,,,,,,,,,,,,5,1,4,0,D:\projects\services\archived\clafact-auto\.worktrees\three-type-release\artifacts\direct_value_release_20260826\multi_type8_197_live_final\claim_verification_results.jsonl
부모겸단일결과,A02385_3,A02385_3,단일 수치,8번 직접값 제외,다른 유형으로 이동: 7번 증감률,2일 통계청은 ‘6월 소비자 물가 동향’에서 지난달 소비자 물가가 작년 동월 대비 2.2% 올랐다고 밝혔다.,2025-07-03,2.2%,소비자물가 상승률,2.2,%,2024,Y,,,,DIRECT_VALUE,,HUMAN_REVIEW,CONTEXT_REQUIRED,HUMAN_REVIEW,RECLASSIFY_TO_GROWTH_RATE,CLAIM_PARSE,직접값이 아니라 두 기간 공식값으로 비율을 계산해야 하는 증감률 주장,,,[],[],,,,,N,,,,,,,D:\projects\services\archived\clafact-auto\.worktrees\three-type-release\artifacts\direct_value_release_20260826\single_133_live_final_v3\claim_verification_results.jsonl
부모겸단일결과,A02395_19,A02395_19,단일 수치,8번 직접값,8번 직접값 유지,2005년 인구조사에서는 남북 이산가족 유무를 물었는데 총 71만5968명의 국민이 “북한에 가족이나 친인척이 있다”고 답했다.,2025-07-04,715968명,총인구,715968.0,명,2005,Y,,,,DIRECT_VALUE,,AUTO_OK,KOSIS_PIPELINE_ELIGIBLE,HOLD,NO_HARD_GUARD_CANDIDATE,HARD_GUARD,기간·단위·지역 등 필수 조건을 모두 만족하는 공식표 후보가 없음,UNDETERMINED,,[],[],,,,,N,,,,,,,D:\projects\services\archived\clafact-auto\.worktrees\three-type-release\artifacts\direct_value_release_20260826\single_133_live_final_v3\claim_verification_results.jsonl
부모겸단일결과,A02416_10,A02416_10,단일 수치,8번 직접값,8번 직접값 유지,이창용 한은 총재는 1일 외신 인터뷰에서 “정부가 최근 발표한 추경안은 연간 성장률을 0.2%포인트 정도 올릴 것”이라고 했다.,2025-07-05,0.2%p,경제성장률,0.2,%p,2025,Y,,,,DIRECT_VALUE,,HUMAN_REVIEW,CONTEXT_REQUIRED,HUMAN_REVIEW,INDICATOR_REFINEMENT_REQUIRED,CLAIM_PARSE,INDICATOR_REFINEMENT_REQUIRED,,,[],[],,,,,N,,,,,,,D:\projects\services\archived\clafact-auto\.worktrees\three-type-release\artifacts\direct_value_release_20260826\single_133_live_final_v3\claim_verification_results.jsonl
복수문장부모요약,A02421_1,,복수 수치,8번 직접값 자식만 실행,복수 Claim 분리 후 자식별 결과 참조,농림축산식품부는 6일 올해 상반기 아이스크림 수출액이 6550만달러(894억원)를 기록했다고 밝혔다.,2025-07-06,,수출액,65500000,달러,2025,Y,,,,,,,,자식별 결과,"{""NO_HARD_GUARD_CANDIDATE"": 1}",,한 문장을 자식 Claim으로 나눈 뒤 8번 직접값 자식만 공식 검증한 결과,,,,,,,,,,,,1,1,0,0,D:\projects\services\archived\clafact-auto\.worktrees\three-type-release\artifacts\direct_value_release_20260826\multi_type8_197_live_final\claim_verification_results.jsonl
복수문장부모요약,A02421_4,,복수 수치,8번 직접값 자식만 실행,복수 Claim 분리 후 자식별 결과 참조,작년 연간 아이스크림 수출액은 9150만달러로 1억달러에 근접했다.,2025-07-06,,수출액,91500000,달러,2024,Y,,,,,,,,자식별 결과,"{""NO_EVIDENCE_COORDINATE_CANDIDATE"": 1}",,한 문장을 자식 Claim으로 나눈 뒤 8번 직접값 자식만 공식 검증한 결과,,,,,,,,,,,,1,1,0,0,D:\projects\services\archived\clafact-auto\.worktrees\three-type-release\artifacts\direct_value_release_20260826\multi_type8_197_live_final\claim_verification_results.jsonl
부모겸단일결과,A02448_3,A02448_3,단일 수치,8번 직접값 제외,다른 유형으로 이동: 7번 증감률,8일 통계청에 따르면 지난달 외식 소주 품목의 소비자 물가 지수는 전년 동월 대비 0.1% 올랐다.,2025-07-08,0.1%,소비자물가 상승률,0.1,%,2025-06,M,,,,DIRECT_VALUE,,HUMAN_REVIEW,CONTEXT_REQUIRED,HUMAN_REVIEW,RECLASSIFY_TO_GROWTH_RATE,CLAIM_PARSE,직접값이 아니라 두 기간 공식값으로 비율을 계산해야 하는 증감률 주장,,,[],[],,,,,N,,,,,,,D:\projects\services\archived\clafact-auto\.worktrees\three-type-release\artifacts\direct_value_release_20260826\single_133_live_final_v3\claim_verification_results.jsonl
부모겸단일결과,A02492_14,A02492_14,단일 수치,8번 직접값,8번 직접값 유지,재정 적자를 GDP의 3% 이내로 관리해야 한다는 정부의 재정 준칙을 2020년부터 6년 연속 위반하게 된다.,2025-07-11,3%,GDP,3.0,%,2020,Y,,,,DIRECT_VALUE,,HUMAN_REVIEW,CONTEXT_REQUIRED,HUMAN_REVIEW,INDICATOR_MEASURE_FAMILY_AMBIGUOUS,CLAIM_PARSE,INDICATOR_MEASURE_FAMILY_AMBIGUOUS,,,[],[],,,,,N,,,,,,,D:\projects\services\archived\clafact-auto\.worktrees\three-type-release\artifacts\direct_value_release_20260826\single_133_live_final_v3\claim_verification_results.jsonl
복수문장부모요약,A02558_21,,복수 수치,8번 직접값 자식만 실행,복수 Claim 분리 후 자식별 결과 참조,지난달 비경제활동인구 중 활동 상태를 ‘쉬었음’이라고 응답한 20대는 39만6000명으로 전년 동월 대비 2000명 늘었다.,2025-07-16,,경제활동인구,20,대,2025-06,M,,,,,,,,자식별 결과,"{""NO_HARD_GUARD_CANDIDATE"": 1}",,한 문장을 자식 Claim으로 나눈 뒤 8번 직접값 자식만 공식 검증한 결과,,,,,,,,,,,,1,1,0,0,D:\projects\services\archived\clafact-auto\.worktrees\three-type-release\artifacts\direct_value_release_20260826\multi_type8_197_live_final\claim_verification_results.jsonl
복수문장부모요약,A02564_5,,복수 수치,8번 직접값 자식만 실행,복수 Claim 분리 후 자식별 결과 참조,"법인세 수입은 지난 2022년 103조5700억원에서 2023년 80조4200억원으로 줄었고, 2024년에는 62조5000억원까지 감소했다.",2025-07-17,,수입액,103570000000000,원,2022,Y,,,,,,,,자식별 결과,"{""NO_HARD_GUARD_CANDIDATE"": 1}",,한 문장을 자식 Claim으로 나눈 뒤 8번 직접값 자식만 공식 검증한 결과,,,,,,,,,,,,1,1,0,0,D:\projects\services\archived\clafact-auto\.worktrees\three-type-release\artifacts\direct_value_release_20260826\multi_type8_197_live_final\claim_verification_results.jsonl
복수문장부모요약,A02569_31,,복수 수치,8번 직접값 자식만 실행,복수 Claim 분리 후 자식별 결과 참조,특히 20대 쉬었음 인구는 39만6000명으로 전년 동월 대비 2000명 늘었다.,2025-07-17,,총인구,20,대,2025,Y,,,,,,,,자식별 결과,"{""목표값은 명확하지만 기사 본문에 기준 시점(해당 월)이 명시되지 않아 target time을 확정할 수 없음"": 1}",,한 문장을 자식 Claim으로 나눈 뒤 8번 직접값 자식만 공식 검증한 결과,,,,,,,,,,,,1,1,0,0,D:\projects\services\archived\clafact-auto\.worktrees\three-type-release\artifacts\direct_value_release_20260826\multi_type8_197_live_final\claim_verification_results.jsonl
복수문장부모요약,A02569_4,,복수 수치,8번 직접값 자식만 실행,복수 Claim 분리 후 자식별 결과 참조,16일 통계청은 ‘2025년 6월 고용 동향’에서 지난달 취업자가 2909만1000명으로 전년 동월 대비 18만3000명 늘었다고 밝혔다.,2025-07-17,,취업자 수,29091000,명,2025-06,M,,,,,,,,자식별 결과,"{""WITHIN_TOLERANCE"": 1}",,한 문장을 자식 Claim으로 나눈 뒤 8번 직접값 자식만 공식 검증한 결과,,,,,,,,,,,,1,1,0,1,D:\projects\services\archived\clafact-auto\.worktrees\three-type-release\artifacts\direct_value_release_20260826\multi_type8_197_live_final\claim_verification_results.jsonl
복수문장부모요약,A02605_13,,복수 수치,8번 직접값 자식만 실행,복수 Claim 분리 후 자식별 결과 참조,◇ 달걀 9.2%↑… 축산·수산물 가격 강세 9월 농축수산물 물가는 전년 동월 대비 1.9% 올랐다.,2025-10-02,,물가상승률,1.9,%,2025,Y,,,,,,,,자식별 결과,{},,한 문장을 자식 Claim으로 나눈 뒤 8번 직접값 자식만 공식 검증한 결과,,,,,,,,,,,,2,0,2,0,D:\projects\services\archived\clafact-auto\.worktrees\three-type-release\artifacts\direct_value_release_20260826\multi_type8_197_live_final\claim_verification_results.jsonl
부모겸단일결과,A02605_14,A02605_14,단일 수치,8번 직접값 제외,다른 유형으로 이동: 7번 증감률,작년 9월 폭염으로 인한 공급이 부족했던 채소류는 올해 9월엔 안정적으로 공급되면서 물가가 12.3% 내렸다.,2025-10-02,12.3%,물가상승률,12.3,%,2024-09,M,,,,DIRECT_VALUE,,HUMAN_REVIEW,CONTEXT_REQUIRED,HUMAN_REVIEW,RECLASSIFY_TO_GROWTH_RATE,CLAIM_PARSE,직접값이 아니라 두 기간 공식값으로 비율을 계산해야 하는 증감률 주장,,,[],[],,,,,N,,,,,,,D:\projects\services\archived\clafact-auto\.worktrees\three-type-release\artifacts\direct_value_release_20260826\single_133_live_final_v3\claim_verification_results.jsonl
부모겸단일결과,A02614_2,A02614_2,단일 수치,8번 직접값 제외,다른 유형으로 이동: 7번 증감률,8일 국가데이터처에 따르면 지난달 '식료품 및 비주류 음료' 물가지수는 2020년 9월에 비해 22.9% 올랐다.,2025-10-08,22.9%,물가지수,22.9,%,2020-09,M,,,,DIRECT_VALUE,,HUMAN_REVIEW,CONTEXT_REQUIRED,HUMAN_REVIEW,RECLASSIFY_TO_GROWTH_RATE,CLAIM_PARSE,직접값이 아니라 두 기간 공식값으로 비율을 계산해야 하는 증감률 주장,,,[],[],,,,,N,,,,,,,D:\projects\services\archived\clafact-auto\.worktrees\three-type-release\artifacts\direct_value_release_20260826\single_133_live_final_v3\claim_verification_results.jsonl
입력차단부모,A02617_6,,비통계 숫자 역할 차단,8번 직접값 제외,공식조회 전 차단,특히 지난해 자살률 상위 10개 지역은 모두 인구 감소 지역이었다.,2025-10-09,,총인구,10,개,2024,Y,,,,,,HUMAN_REVIEW,,공식조회 전 차단,TARGET_CONTEXT_ROLE_CONFLICT,Claim 수치 역할 확인,연령·기간·제품명 등 통계값이 아닌 숫자를 기사값으로 사용하지 않도록 차단,,,,,,,,,,,,,,,,D:\projects\services\archived\clafact-auto\.worktrees\direct-value-execution\deliverables\CLAFACT_AUTO_8번_1단계_숫자역할오인차단_20260825.csv
입력차단부모,A02624_7,,비통계 숫자 역할 차단,8번 직접값 제외,공식조회 전 차단,20대 인구는 2020년 703만명을 기록한 후 4년 연속 감소세다.,2025-10-12,,총인구,20,대,2020,Y,,,,,,HUMAN_REVIEW,,공식조회 전 차단,TARGET_CONTEXT_ROLE_CONFLICT,Claim 수치 역할 확인,연령·기간·제품명 등 통계값이 아닌 숫자를 기사값으로 사용하지 않도록 차단,,,,,,,,,,,,,,,,D:\projects\services\archived\clafact-auto\.worktrees\direct-value-execution\deliverables\CLAFACT_AUTO_8번_1단계_숫자역할오인차단_20260825.csv
부모겸단일결과,A02631_3,A02631_3,단일 수치,8번 직접값,8번 직접값 유지,"보고서는 2019∼2024년 국가데이터처 소비자물가지수 분류 항목 중 의식주와 관련 있고 상승률이 높은 15개 항목(식료품, 수도 및 주거 관련 서비스, 음식 서비스 등)을 중점적으로 분석했다.",2025-10-16,15개,소비자물가지수,15.0,개,2024,Y,,,,DIRECT_VALUE,"{""direction"": ""INCREASE""}",HUMAN_REVIEW,CONTEXT_REQUIRED,HUMAN_REVIEW,INDICATOR_UNIT_MEASURE_MISMATCH,CLAIM_PARSE,INDICATOR_UNIT_MEASURE_MISMATCH,,,[],[],,,,,N,,,,,,,D:\projects\services\archived\clafact-auto\.worktrees\three-type-release\artifacts\direct_value_release_20260826\single_133_live_final_v3\claim_verification_results.jsonl
입력차단부모,A02638_3,,비통계 숫자 역할 차단,8번 직접값 제외,공식조회 전 차단,"17일 국가데이터처의 ‘9월 고용 동향’에 따르면, 지난달 20대 취업자는 343만5000명으로 지난해 9월(356만9000명)보다 13만4000명 줄었다.",2025-10-18,,취업자 수,20,대,2024-09,M,,,,,,HUMAN_REVIEW,,공식조회 전 차단,TARGET_CONTEXT_ROLE_CONFLICT,Claim 수치 역할 확인,연령·기간·제품명 등 통계값이 아닌 숫자를 기사값으로 사용하지 않도록 차단,,,,,,,,,,,,,,,,D:\projects\services\archived\clafact-auto\.worktrees\direct-value-execution\deliverables\CLAFACT_AUTO_8번_1단계_숫자역할오인차단_20260825.csv
입력차단부모,A02638_5,,비통계 숫자 역할 차단,8번 직접값 제외,공식조회 전 차단,20대 취업자 수는 2022년 11월(-4000명) 이후 2년 11개월 연속 줄어들고 있다.,2025-10-18,,취업자 수,20,대,2022-11,M,,,,,,HUMAN_REVIEW,,공식조회 전 차단,TARGET_CONTEXT_ROLE_CONFLICT,Claim 수치 역할 확인,연령·기간·제품명 등 통계값이 아닌 숫자를 기사값으로 사용하지 않도록 차단,,,,,,,,,,,,,,,,D:\projects\services\archived\clafact-auto\.worktrees\direct-value-execution\deliverables\CLAFACT_AUTO_8번_1단계_숫자역할오인차단_20260825.csv
복수문장부모요약,A02638_7,,복수 수치,8번 직접값 자식만 실행,복수 Claim 분리 후 자식별 결과 참조,지난달 20대 고용률은 60.7%로 전체 고용률(63.7%)보다 3%포인트 낮았다.,2025-10-18,,고용률,3,%p,2025-09,M,,,,,,,,자식별 결과,"{""AS_OF_UNAVAILABLE"": 1}",,한 문장을 자식 Claim으로 나눈 뒤 8번 직접값 자식만 공식 검증한 결과,,,,,,,,,,,,1,1,0,0,D:\projects\services\archived\clafact-auto\.worktrees\three-type-release\artifacts\direct_value_release_20260826\multi_type8_197_live_final\claim_verification_results.jsonl
복수문장부모요약,A02638_9,,복수 수치,8번 직접값 자식만 실행,복수 Claim 분리 후 자식별 결과 참조,20대 고용률은 지난해 9월(-0.2%포인트) 이후 13개월 연속 오르지 못하고 있다.,2025-10-18,,고용률,0.2,%p,2024-09,M,,,,,,,,자식별 결과,"{""RECLASSIFY_TO_RECORD"": 1}",,한 문장을 자식 Claim으로 나눈 뒤 8번 직접값 자식만 공식 검증한 결과,,,,,,,,,,,,1,1,0,0,D:\projects\services\archived\clafact-auto\.worktrees\three-type-release\artifacts\direct_value_release_20260826\multi_type8_197_live_final\claim_verification_results.jsonl
복수문장부모요약,A02647_3,,복수 수치,8번 직접값 자식만 실행,복수 Claim 분리 후 자식별 결과 참조,"국가데이터처가 22일 발표한 '2025년 8월 경제활동인구조사 근로형태별 부가조사'에 따르면, 지난 8월 기준 비정규직 근로자는 856만8000명으로 전년 동월 대비 11만 명 증가했다.",2025-10-22,,경제활동인구,8568000,명,2025-08,M,,,,,,,,자식별 결과,"{""NO_EVIDENCE_COORDINATE_CANDIDATE"": 1}",,한 문장을 자식 Claim으로 나눈 뒤 8번 직접값 자식만 공식 검증한 결과,,,,,,,,,,,,1,1,0,0,D:\projects\services\archived\clafact-auto\.worktrees\three-type-release\artifacts\direct_value_release_20260826\multi_type8_197_live_final\claim_verification_results.jsonl
복수문장부모요약,A02647_8,,복수 수치,8번 직접값 자식만 실행,복수 Claim 분리 후 자식별 결과 참조,성별로는 남자 비정규직이 365만 명으로 전년동월대비 3만 5000명 증가했다.,2025-10-22,,비정규직 규모/비율,3650000,명,2025,Y,,,,,,,,자식별 결과,"{""TARGET_NOT_FOUND_IN_SOURCE"": 1}",,한 문장을 자식 Claim으로 나눈 뒤 8번 직접값 자식만 공식 검증한 결과,,,,,,,,,,,,1,1,0,0,D:\projects\services\archived\clafact-auto\.worktrees\three-type-release\artifacts\direct_value_release_20260826\multi_type8_197_live_final\claim_verification_results.jsonl
복수문장부모요약,A02656_1,,복수 수치,8번 직접값 자식만 실행,복수 Claim 분리 후 자식별 결과 참조,"만1000명, 16만6000명, 31만2000명… 지난해 같은 기간 대비 늘어난 올해 7~9월 월별 취업자 수다.",2025-10-27,,취업자 수,1000,명,2024,Y,,,,,,,,자식별 결과,{},,한 문장을 자식 Claim으로 나눈 뒤 8번 직접값 자식만 공식 검증한 결과,,,,,,,,,,,,3,0,3,0,D:\projects\services\archived\clafact-auto\.worktrees\three-type-release\artifacts\direct_value_release_20260826\multi_type8_197_live_final\claim_verification_results.jsonl
입력차단부모,A02656_27,,비통계 숫자 역할 차단,8번 직접값 제외,공식조회 전 차단,조사 시점을 기준으로 최근 3개월간 비거주 복지시설 운영업 취업자의 평균 임금은 125만원이다.,2025-10-27,,취업자 수,3,개,2025-10,M,,,,,,HUMAN_REVIEW,,공식조회 전 차단,TARGET_NOT_FOUND_IN_SOURCE,Claim 수치 역할 확인,연령·기간·제품명 등 통계값이 아닌 숫자를 기사값으로 사용하지 않도록 차단,,,,,,,,,,,,,,,,D:\projects\services\archived\clafact-auto\.worktrees\direct-value-execution\deliverables\CLAFACT_AUTO_8번_1단계_숫자역할오인차단_20260825.csv
복수문장부모요약,A02661_3,,복수 수치,8번 직접값 자식만 실행,복수 Claim 분리 후 자식별 결과 참조,"국가데이터처가 28일 발표한 '2025년 상반기 지역별 고용조사'에 따르면, 상반기 비거주복지시설운영업 취업자는 지난해 상반기보다 168만8000명으로 13만5000명 증가해 산업소분류 가운데 가장 큰 폭으로 늘었다.",2025-10-28,,취업자 수,1688000,명,2025,Y,,,,,,,,자식별 결과,"{""NO_HARD_GUARD_CANDIDATE"": 1}",,한 문장을 자식 Claim으로 나눈 뒤 8번 직접값 자식만 공식 검증한 결과,,,,,,,,,,,,1,1,0,0,D:\projects\services\archived\clafact-auto\.worktrees\three-type-release\artifacts\direct_value_release_20260826\multi_type8_197_live_final\claim_verification_results.jsonl
복수문장부모요약,A02681_3,,복수 수치,8번 직접값 자식만 실행,복수 Claim 분리 후 자식별 결과 참조,"국가데이터처가 4일 발표한 '10월 소비자물가동향'에 따르면, 지난달 소비자물가지수는 117.42(2020년=100)로 전년 동월 대비 0.3% 올랐다.",2025-11-04,,소비자물가지수,0.3,%,2020,Y,,,,,,,,자식별 결과,"{""TARGET_VALUE_NOT_IN_SOURCE_SENTENCE"": 1}",,한 문장을 자식 Claim으로 나눈 뒤 8번 직접값 자식만 공식 검증한 결과,,,,,,,,,,,,1,1,0,0,D:\projects\services\archived\clafact-auto\.worktrees\three-type-release\artifacts\direct_value_release_20260826\multi_type8_197_live_final\claim_verification_results.jsonl
복수문장부모요약,A02682_6,,복수 수치,8번 직접값 자식만 실행,복수 Claim 분리 후 자식별 결과 참조,가공식품 물가는 전년 같은 달 대비 3.5% 오르면서 전체 물가를 0.30%포인트 끌어올렸다.,2025-11-04,,물가상승률,0.3,%p,2025,Y,,,,,,,,자식별 결과,"{""RECLASSIFY_TO_GROWTH_RATE"": 1}",,한 문장을 자식 Claim으로 나눈 뒤 8번 직접값 자식만 공식 검증한 결과,,,,,,,,,,,,2,1,1,0,D:\projects\services\archived\clafact-auto\.worktrees\three-type-release\artifacts\direct_value_release_20260826\multi_type8_197_live_final\claim_verification_results.jsonl
복수문장부모요약,A02682_9,,복수 수치,8번 직접값 자식만 실행,복수 Claim 분리 후 자식별 결과 참조,"축산물과 수산물 물가는 지난해 같은달 대비 5.3%, 5.9% 올랐다.",2025-11-04,,물가상승률,5.9,%,2024,Y,,,,,,,,자식별 결과,{},,한 문장을 자식 Claim으로 나눈 뒤 8번 직접값 자식만 공식 검증한 결과,,,,,,,,,,,,2,0,2,0,D:\projects\services\archived\clafact-auto\.worktrees\three-type-release\artifacts\direct_value_release_20260826\multi_type8_197_live_final\claim_verification_results.jsonl
부모겸단일결과,A02688_1,A02688_1,단일 수치,8번 직접값 제외,다른 유형으로 이동: 7번 증감률,지난달 소비자 물가가 1년 새 2.4% 오르며 1년 3개월 만에 가장 큰 폭으로 뛰었다고 국가데이터처가 4일 밝혔다.,2025-11-05,2.4%,소비자물가 상승률,2.4,%,2025-10,M,,,,DIRECT_VALUE,,HUMAN_REVIEW,CONTEXT_REQUIRED,HUMAN_REVIEW,RECLASSIFY_TO_GROWTH_RATE,CLAIM_PARSE,직접값이 아니라 두 기간 공식값으로 비율을 계산해야 하는 증감률 주장,,,[],[],,,,,N,,,,,,,D:\projects\services\archived\clafact-auto\.worktrees\three-type-release\artifacts\direct_value_release_20260826\single_133_live_final_v3\claim_verification_results.jsonl
부모겸단일결과,A02700_19,A02700_19,단일 수치,8번 직접값,8번 직접값 유지,코로나 시기였던 2020년 인구주택총조사의 최종 응답률은 96.3%였다.,2025-11-08,96.3%,총인구,96.3,%,2020,Y,,,,DIRECT_VALUE,,HUMAN_REVIEW,CONTEXT_REQUIRED,HUMAN_REVIEW,INDICATOR_REFINEMENT_REQUIRED,CLAIM_PARSE,INDICATOR_REFINEMENT_REQUIRED,,,[],[],,,,,N,,,,,,,D:\projects\services\archived\clafact-auto\.worktrees\three-type-release\artifacts\direct_value_release_20260826\single_133_live_final_v3\claim_verification_results.jsonl
복수문장부모요약,A02701_3,,복수 수치,8번 직접값 자식만 실행,복수 Claim 분리 후 자식별 결과 참조,"9일 국가데이터처의 경제활동인구 마이크로데이터에 따르면, 1964년생 상용근로자는 2023년 기준(59세) 29만1000명이었으나 지난해(60세)에는 23만7000명으로 5만4000명 감소했다.",2025-11-09,,경제활동인구,291000,명,2023,Y,,,,,,,,자식별 결과,"{""NO_HARD_GUARD_CANDIDATE"": 1}",,한 문장을 자식 Claim으로 나눈 뒤 8번 직접값 자식만 공식 검증한 결과,,,,,,,,,,,,1,1,0,0,D:\projects\services\archived\clafact-auto\.worktrees\three-type-release\artifacts\direct_value_release_20260826\multi_type8_197_live_final\claim_verification_results.jsonl
복수문장부모요약,A02704_4,,복수 수치,8번 직접값 자식만 실행,복수 Claim 분리 후 자식별 결과 참조,"국가데이터처가 10일 발표한 ’2025년 3분기 기업특성별 무역통계’에 따르면, 3분기 수출액 상위 10개 기업의 무역집중도는 40.0%로 지난해 3분기(37.4%)보다 2.6%포인트 상승했다.",2025-11-10,,수출액,2.6,%p,2025-Q3,Q,,,,,,,,자식별 결과,{},,한 문장을 자식 Claim으로 나눈 뒤 8번 직접값 자식만 공식 검증한 결과,,,,,,,,,,,,1,0,1,0,D:\projects\services\archived\clafact-auto\.worktrees\three-type-release\artifacts\direct_value_release_20260826\multi_type8_197_live_final\claim_verification_results.jsonl
복수문장부모요약,A00041_5,,복수 수치,8번 직접값 자식만 실행,복수 Claim 분리 후 자식별 결과 참조,"175개 품목의 평균 물가 상승폭은 3.9%로, 지난해 연간 소비자물가지수 상승폭(2.3%)을 뛰어넘었다.",2025-01-04,,소비자물가지수,2.3,%,2024,Y,,,,,,,,자식별 결과,{},,한 문장을 자식 Claim으로 나눈 뒤 8번 직접값 자식만 공식 검증한 결과,,,,,,,,,,,,1,0,1,0,D:\projects\services\archived\clafact-auto\.worktrees\three-type-release\artifacts\direct_value_release_20260826\multi_type8_197_live_final\claim_verification_results.jsonl
복수문장부모요약,A00070_11,,복수 수치,8번 직접값 자식만 실행,복수 Claim 분리 후 자식별 결과 참조,"대중 수출은 지난 2010년(1168억3800만달러)부터 1000억달러선을 넘어섰고, 2021년에는 1629억1300만달러까지 늘어났지만 이후 감소세가 눈에 띄었다.",2025-01-06,,수출액,116838000000,달러,2010,Y,,,,,,,,자식별 결과,"{""NO_EVIDENCE_COORDINATE_CANDIDATE"": 1, ""RECLASSIFY_TO_RECORD"": 1}",,한 문장을 자식 Claim으로 나눈 뒤 8번 직접값 자식만 공식 검증한 결과,,,,,,,,,,,,2,2,0,0,D:\projects\services\archived\clafact-auto\.worktrees\three-type-release\artifacts\direct_value_release_20260826\multi_type8_197_live_final\claim_verification_results.jsonl
부모겸단일결과,A00202_18,A00202_18,단일 수치,8번 직접값 제외,다른 유형으로 이동: 6번 증감량,반면 상용직(1년 이상)은 지난달 취업자 수가 1만2000명 증가했다.,2025-01-16,12000명,취업자 수,12000.0,명,2024-12,M,,,,THRESHOLD,"{""direction"": ""INCREASE"", ""operator"": ""GTE""}",HUMAN_REVIEW,CONTEXT_REQUIRED,HUMAN_REVIEW,RECLASSIFY_TO_DIFFERENCE,CLAIM_PARSE,직접값이 아니라 두 기간 공식값의 차이를 계산해야 하는 증감량 주장,,,[],[],,,,,N,,,,,,,D:\projects\services\archived\clafact-auto\.worktrees\three-type-release\artifacts\direct_value_release_20260826\single_133_live_final_v3\claim_verification_results.jsonl
부모겸단일결과,A00271_13,A00271_13,단일 수치,8번 직접값 제외,다른 유형으로 이동: 7번 증감률,이 경우 연간 GDP는 최대 0.67% 감소한다.,2025-01-21,0.67%,GDP,0.67,%,2025,Y,,,,THRESHOLD,"{""direction"": ""DECREASE"", ""operator"": ""MAX""}",HUMAN_REVIEW,CONTEXT_REQUIRED,HUMAN_REVIEW,RECLASSIFY_TO_GROWTH_RATE,CLAIM_PARSE,직접값이 아니라 두 기간 공식값으로 비율을 계산해야 하는 증감률 주장,,,[],[],,,,,N,,,,,,,D:\projects\services\archived\clafact-auto\.worktrees\three-type-release\artifacts\direct_value_release_20260826\single_133_live_final_v3\claim_verification_results.jsonl
부모겸단일결과,A00279_9,A00279_9,단일 수치,8번 직접값,8번 직접값 유지,12월까지 같은 추세가 이어질 경우 작년 한해 출생아 수는 2023년(23만28명) 수준을 넘어서 2015년 이후 9년 만에 출생아 수가 반등하게 된다.,2025-01-22,230028명,출생아 수,230028.0,명,2024년 12월,월,,,,THRESHOLD,"{""operator"": ""GT"", ""threshold_unit"": ""명"", ""threshold_value"": ""230028.0""}",AUTO_OK,KOSIS_PIPELINE_ELIGIBLE,HOLD,AS_OF_UNAVAILABLE,OFFICIAL_VALUE_FETCH,기사 작성일 기준 공표된 공식값인지 확인하지 못함,UNDETERMINED,,"[{""canonical_key"": ""ORG=101|TBL=DT_1B8000G|ITM=T1|OBJ=B|MEMBER=전국|PRD_SE=월|PRD_DE=2024-12|DIMS=B:전국,A:출생아수(명)"", ""dimension_codes"": {""A"": ""10"", ""B"": ""00""}, ""dimension_members"": {""A"": ""출생아수(명)"", ""B"": ""전국""}, ""itm_id"": ""T1"", ""member_code"": ""전국"", ""obj_id"": ""B"", ""org_id"": ""101"", ""prd_de"": ""2024-12"", ""prd_se"": ""월"", ""status"": ""CONFIRMED"", ""tbl_id"": ""DT_1B8000G"", ""unit"": ""명""}]","[{""content_hash"": ""9ae2de81230e5c48da9c6fbfd711fce2807f95dd4729337a234e4022149eb0fa"", ""evidence_key"": ""ORG=101|TBL=DT_1B8000G|ITM=T1|OBJ=B|MEMBER=전국|PRD_SE=월|PRD_DE=2024-12|DIMS=B:전국,A:출생아수(명)"", ""publication"": {""content_hash"": ""882ea1046b8fe06af80e5ccfa2f0e019e4174b51a050363f55714b66573aaacc"", ""coverage_end_period"": null, ""coverage_start_period"": null, ""evidence_scope"": ""PERIOD"", ""pub_date_text"": ""조사기준 년 익년"", ""pub_period"": ""월"", ""publication_method_url"": ""언론(보도자료), 전산망(인터넷), 간행물2024년 5월 인구동향https://mods.go.kr/board.es?mid=a10301020300&amp;bid=204"", ""published_at"": null, ""reference_period"": null, ""retrieved_at"": ""2026-08-26T08:52:14.436820Z"", ""source_url"": ""https://kosis.kr/openapi/statisticsExplData.do?method=getList&format=json&jsonVD=Y&orgId=101&tblId=DT_1B8000G&metaItm=All"", ""status"": ""UNRESOLVED""}, ""retrieved_at"": ""2026-08-26T08:52:10.096952Z"", ""source"": ""API"", ""source_url"": ""https://kosis.kr/openapi/Param/statisticsParameterData.do?method=getList&orgId=101&tblId=DT_1B8000G&itmId=T1&prdSe=M&startPrdDe=202412&endPrdDe=202412&objL1=00&objL2=10"", ""value_last_changed_at"": null}]",https://kosis.kr/openapi/Param/statisticsParameterData.do?method=getList&orgId=101&tblId=DT_1B8000G&itmId=T1&prdSe=M&startPrdDe=202412&endPrdDe=202412&objL1=00&objL2=10,9ae2de81230e5c48da9c6fbfd711fce2807f95dd4729337a234e4022149eb0fa,,,N,,,,,,,D:\projects\services\archived\clafact-auto\.worktrees\three-type-release\artifacts\direct_value_release_20260826\single_133_live_final_v3\claim_verification_results.jsonl
복수문장부모요약,A00308_3,,복수 수치,8번 직접값 자식만 실행,복수 Claim 분리 후 자식별 결과 참조,"성장률이 3개 분기 연속으로 0.1% 이하를 기록한 것은 외환 위기 직격탄을 맞은 1997년 4분기(-0.6%), 1998년 1분기(-6.7%), 2분기(-0.8%) 이후 26년 만에 처음이다.",2025-01-24,,경제성장률,3,개,2025-Q4,Q,,,,,,,,자식별 결과,"{""RELATIVE_TIME_UNRESOLVED"": 1}",,한 문장을 자식 Claim으로 나눈 뒤 8번 직접값 자식만 공식 검증한 결과,,,,,,,,,,,,1,1,0,0,D:\projects\services\archived\clafact-auto\.worktrees\three-type-release\artifacts\direct_value_release_20260826\multi_type8_197_live_final\claim_verification_results.jsonl
부모겸단일결과,A00347_47,A00347_47,단일 수치,8번 직접값,8번 직접값 유지,"2009년 금융 위기를 겪은 후 금융 위기로 발생한 국채를 2011년부터 축소시키고 있고, 2016년부터는 연간 신규국채 발행이 최대 GDP의 0.35%를 초과하지 못하도록 했다.",2025-01-27,0.35%,GDP,0.35,%,2009,Y,,,,THRESHOLD,"{""operator"": ""GT"", ""threshold_unit"": ""%"", ""threshold_value"": ""0.35""}",HUMAN_REVIEW,CONTEXT_REQUIRED,HUMAN_REVIEW,INDICATOR_MEASURE_FAMILY_AMBIGUOUS,CLAIM_PARSE,INDICATOR_MEASURE_FAMILY_AMBIGUOUS,,,[],[],,,,,N,,,,,,,D:\projects\services\archived\clafact-auto\.worktrees\three-type-release\artifacts\direct_value_release_20260826\single_133_live_final_v3\claim_verification_results.jsonl
부모겸단일결과,A00353_11,A00353_11,단일 수치,8번 직접값,8번 직접값 유지,지난해부터 8000만원 이상 법인차에 연두색 표지판을 부착하게 한 것도 고가 수입차 판매 감소를 이끈 요인으로 꼽힌다.,2025-01-28,8e+07원,수입액,80000000.0,원,2024,Y,,,,THRESHOLD,"{""operator"": ""GTE"", ""threshold_unit"": ""원"", ""threshold_value"": ""80000000.0""}",AUTO_OK,KOSIS_PIPELINE_ELIGIBLE,HOLD,NO_EVIDENCE_COORDINATE_CANDIDATE,HARD_GUARD,공식표는 찾았지만 기사 조건에 맞는 항목·지역·기간 좌표를 확정하지 못함,UNDETERMINED,,[],[],,,,,N,,,,,,,D:\projects\services\archived\clafact-auto\.worktrees\three-type-release\artifacts\direct_value_release_20260826\single_133_live_final_v3\claim_verification_results.jsonl
복수문장부모요약,A00353_6,,복수 수치,8번 직접값 자식만 실행,복수 Claim 분리 후 자식별 결과 참조,전체 수입차 판매에서 1억원 이상 수입차가 차지하는 비중도 2023년 28.9%에서 작년에는 23.7%로 5.2%포인트 떨어졌다.,2025-01-28,,수입액,5.2,%p,2023,Y,,,,,,,,자식별 결과,{},,한 문장을 자식 Claim으로 나눈 뒤 8번 직접값 자식만 공식 검증한 결과,,,,,,,,,,,,1,0,1,0,D:\projects\services\archived\clafact-auto\.worktrees\three-type-release\artifacts\direct_value_release_20260826\multi_type8_197_live_final\claim_verification_results.jsonl
부모겸단일결과,A00555_23,A00555_23,단일 수치,8번 직접값 제외,다른 유형으로 이동: 최고·최저 기록,월초 일평균 수출액 기준으로 2023년 9월(-14.5%) 이후 최대 감소폭이다.,2025-02-12,14.5%,수출액,14.5,%,2023-09,M,,,,THRESHOLD,"{""direction"": ""DECREASE"", ""operator"": ""MAX""}",HUMAN_REVIEW,CONTEXT_REQUIRED,HUMAN_REVIEW,RECLASSIFY_TO_RECORD,CLAIM_PARSE,직접값이 아니라 과거 전체 기간과 비교해야 하는 기록 주장,,,[],[],,,,,N,,,,,,,D:\projects\services\archived\clafact-auto\.worktrees\three-type-release\artifacts\direct_value_release_20260826\single_133_live_final_v3\claim_verification_results.jsonl
부모겸단일결과,A00579_1,A00579_1,단일 수치,8번 직접값 제외,다른 유형으로 이동: 6번 증감량,지난달 15세 이상 취업자 수가 13만5000명 늘어난 것으로 나타났다.,2025-02-14,135000명,취업자 수,135000.0,명,2025-01,M,,,,THRESHOLD,"{""direction"": ""INCREASE"", ""operator"": ""GTE""}",HUMAN_REVIEW,CONTEXT_REQUIRED,HUMAN_REVIEW,RECLASSIFY_TO_DIFFERENCE,CLAIM_PARSE,직접값이 아니라 두 기간 공식값의 차이를 계산해야 하는 증감량 주장,,,[],[],,,,,N,,,,,,,D:\projects\services\archived\clafact-auto\.worktrees\three-type-release\artifacts\direct_value_release_20260826\single_133_live_final_v3\claim_verification_results.jsonl
복수문장부모요약,A00622_3,,복수 수치,8번 직접값 자식만 실행,복수 Claim 분리 후 자식별 결과 참조,작년 수입액은 직전 최대치였던 2018년(13억3200만달러)보다도 8.6% 많다.,2025-02-17,,수입액,1332000000,달러,2018,Y,,,,,,,,자식별 결과,{},,한 문장을 자식 Claim으로 나눈 뒤 8번 직접값 자식만 공식 검증한 결과,,,,,,,,,,,,1,0,1,0,D:\projects\services\archived\clafact-auto\.worktrees\three-type-release\artifacts\direct_value_release_20260826\multi_type8_197_live_final\claim_verification_results.jsonl
복수문장부모요약,A00708_7,,복수 수치,8번 직접값 자식만 실행,복수 Claim 분리 후 자식별 결과 참조,가령 24% 세율이 적용되는 과표 구간은 ‘5000만원 초과 8800만원 이하’인데 작년 소비자물가 지수(114)가 2020년(100)보다 14% 오른 것을 감안해 ‘5700만원 초과 1억원 이하’로 높이자는 것이다.,2025-02-24,,소비자물가 상승률,50000000,원,2020,Y,,,,,,,,자식별 결과,{},,한 문장을 자식 Claim으로 나눈 뒤 8번 직접값 자식만 공식 검증한 결과,,,,,,,,,,,,1,0,1,0,D:\projects\services\archived\clafact-auto\.worktrees\three-type-release\artifacts\direct_value_release_20260826\multi_type8_197_live_final\claim_verification_results.jsonl
부모겸단일결과,A00709_11,A00709_11,단일 수치,8번 직접값,8번 직접값 유지,◇15년 뒤 생산연령인구 3000만명 아래로 하지만 올해부터는 90년대 초반생들도 이미 30세를 넘어 대부분 노동시장에 진출한 상태다.,2025-02-24,3e+07명,총인구,30000000.0,명,2025,Y,,,,THRESHOLD,"{""operator"": ""LTE"", ""threshold_unit"": ""명"", ""threshold_value"": ""30000000.0""}",AUTO_OK,KOSIS_PIPELINE_ELIGIBLE,HOLD,NO_EVIDENCE_COORDINATE_CANDIDATE,HARD_GUARD,공식표는 찾았지만 기사 조건에 맞는 항목·지역·기간 좌표를 확정하지 못함,UNDETERMINED,,[],[],,,,,N,,,,,,,D:\projects\services\archived\clafact-auto\.worktrees\three-type-release\artifacts\direct_value_release_20260826\single_133_live_final_v3\claim_verification_results.jsonl
부모겸단일결과,A00837_4,A00837_4,단일 수치,8번 직접값 제외,다른 유형으로 이동: 7번 증감률,2020년에는 코로나 팬데믹 충격으로 성장률이 9%쯤 뒷걸음질한 이탈리아를 넘어서기도 했다.,2025-03-06,9%,경제성장률,9.0,%,2020,Y,,,,THRESHOLD,"{""operator"": ""GT""}",HUMAN_REVIEW,CONTEXT_REQUIRED,HUMAN_REVIEW,RECLASSIFY_TO_GROWTH_RATE,CLAIM_PARSE,직접값이 아니라 두 기간 공식값으로 비율을 계산해야 하는 증감률 주장,,,[],[],,,,,N,,,,,,,D:\projects\services\archived\clafact-auto\.worktrees\three-type-release\artifacts\direct_value_release_20260826\single_133_live_final_v3\claim_verification_results.jsonl
복수문장부모요약,A00840_16,,복수 수치,8번 직접값 자식만 실행,복수 Claim 분리 후 자식별 결과 참조,"지난달 가공식품 물가는 전년 동월 대비 2.9% 올랐는데, 지난해 1월(3.2%) 이후 13개월 만에 최대 상승폭이다.",2025-03-06,,물가상승률,3.2,%,2024-01,M,,,,,,,,자식별 결과,{},,한 문장을 자식 Claim으로 나눈 뒤 8번 직접값 자식만 공식 검증한 결과,,,,,,,,,,,,1,0,1,0,D:\projects\services\archived\clafact-auto\.worktrees\three-type-release\artifacts\direct_value_release_20260826\multi_type8_197_live_final\claim_verification_results.jsonl
입력차단부모,A00840_17,,비통계 숫자 역할 차단,8번 직접값 제외,공식조회 전 차단,"마찬가지로 지난달 외식 물가는 전년 동월 대비 3% 상승했는데, 지난해 6월(3%) 이후 8개월 만에 최대 상승폭이다.",2025-03-06,,물가상승률,3,%,2024-06,M,,,,,,HUMAN_REVIEW,,공식조회 전 차단,TARGET_AMBIGUOUS_IN_SOURCE,Claim 수치 역할 확인,연령·기간·제품명 등 통계값이 아닌 숫자를 기사값으로 사용하지 않도록 차단,,,,,,,,,,,,,,,,D:\projects\services\archived\clafact-auto\.worktrees\direct-value-execution\deliverables\CLAFACT_AUTO_8번_1단계_숫자역할오인차단_20260825.csv
복수문장부모요약,A00849_11,,복수 수치,8번 직접값 자식만 실행,복수 Claim 분리 후 자식별 결과 참조,"작년 1억원 이상 수입차에서 가장 인기 있는 모델 5개 중 SUV가 3개, 세단은 1개였다.",2025-03-07,,수입액,100000000,원,2024,Y,,,,,,,,자식별 결과,"{""TARGET_NOT_FOUND_IN_SOURCE"": 1}",,한 문장을 자식 Claim으로 나눈 뒤 8번 직접값 자식만 공식 검증한 결과,,,,,,,,,,,,1,1,0,0,D:\projects\services\archived\clafact-auto\.worktrees\three-type-release\artifacts\direct_value_release_20260826\multi_type8_197_live_final\claim_verification_results.jsonl
복수문장부모요약,A00922_27,,복수 수치,8번 직접값 자식만 실행,복수 Claim 분리 후 자식별 결과 참조,"다만, 지난달 15세 이상 전체 취업자는 2817만9000명으로 전년 같은 달보다 13만6000명 늘었다.",2025-03-12,,취업자 수,28179000,명,2025-02,M,,,,,,,,자식별 결과,"{""NO_EVIDENCE_COORDINATE_CANDIDATE"": 1}",,한 문장을 자식 Claim으로 나눈 뒤 8번 직접값 자식만 공식 검증한 결과,,,,,,,,,,,,1,1,0,0,D:\projects\services\archived\clafact-auto\.worktrees\three-type-release\artifacts\direct_value_release_20260826\multi_type8_197_live_final\claim_verification_results.jsonl
부모겸단일결과,A00922_29,A00922_29,단일 수치,8번 직접값 제외,다른 유형으로 이동: 6번 증감량,60세 이상이 전년 같은 달 대비 34만2000명 늘어나며 전체 취업자 증가세를 이끌었다.,2025-03-12,342000명,취업자 수,342000.0,명,2025,Y,,,,THRESHOLD,"{""direction"": ""INCREASE"", ""operator"": ""GTE""}",HUMAN_REVIEW,CONTEXT_REQUIRED,HUMAN_REVIEW,RECLASSIFY_TO_DIFFERENCE,CLAIM_PARSE,직접값이 아니라 두 기간 공식값의 차이를 계산해야 하는 증감량 주장,,,[],[],,,,,N,,,,,,,D:\projects\services\archived\clafact-auto\.worktrees\three-type-release\artifacts\direct_value_release_20260826\single_133_live_final_v3\claim_verification_results.jsonl
복수문장부모요약,A01103_18,,복수 수치,8번 직접값 자식만 실행,복수 Claim 분리 후 자식별 결과 참조,"◇수입차 최대 수준 보조금 2025년형 ID.4의 가격은 ID.4 Pro Lite가 5299만원, ID.4 Pro가 5999만원으로 9만원 인상에 그쳤다.",2025-03-26,,수입액,52990000,원,2025,Y,,,,,,,,자식별 결과,"{""NO_HARD_GUARD_CANDIDATE"": 1, ""RECLASSIFY_TO_DIFFERENCE"": 1}",,한 문장을 자식 Claim으로 나눈 뒤 8번 직접값 자식만 공식 검증한 결과,,,,,,,,,,,,2,2,0,0,D:\projects\services\archived\clafact-auto\.worktrees\three-type-release\artifacts\direct_value_release_20260826\multi_type8_197_live_final\claim_verification_results.jsonl
복수문장부모요약,A01190_9,,복수 수치,8번 직접값 자식만 실행,복수 Claim 분리 후 자식별 결과 참조,"지난달 가공식품 물가는 전년 동월 대비 3.6% 올랐는데, 지난해 1월(3.2%) 이후 14개월 만에 최대 증가폭이다.",2025-04-02,,물가상승률,3.2,%,2024-01,M,,,,,,,,자식별 결과,{},,한 문장을 자식 Claim으로 나눈 뒤 8번 직접값 자식만 공식 검증한 결과,,,,,,,,,,,,1,0,1,0,D:\projects\services\archived\clafact-auto\.worktrees\three-type-release\artifacts\direct_value_release_20260826\multi_type8_197_live_final\claim_verification_results.jsonl
부모겸단일결과,A01388_4,A01388_4,단일 수치,8번 직접값 제외,다른 유형으로 이동: 최고·최저 기록,1분기 기준으로는 2008년(377만8000톤) 이후 17년 만에 최대 수입량이다.,2025-04-17,3.778e+06톤,수입량,3778000.0,톤,2008,Y,,,,THRESHOLD,"{""operator"": ""MAX""}",HUMAN_REVIEW,CONTEXT_REQUIRED,HUMAN_REVIEW,RECLASSIFY_TO_RECORD,CLAIM_PARSE,직접값이 아니라 과거 전체 기간과 비교해야 하는 기록 주장,,,[],[],,,,,N,,,,,,,D:\projects\services\archived\clafact-auto\.worktrees\three-type-release\artifacts\direct_value_release_20260826\single_133_live_final_v3\claim_verification_results.jsonl
복수문장부모요약,A01489_17,,복수 수치,8번 직접값 자식만 실행,복수 Claim 분리 후 자식별 결과 참조,김상봉 한성대 경제학과 교수는 “상호 관세 적용 시 연간 성장률이 최대 0.9%포인트까지 내려갈 수 있다”며 “올해 우리 경제 성장률이 1%를 하회할 가능성이 크다”고 했다.,2025-04-25,,경제성장률,0.9,%p,2025,Y,,,,,,,,자식별 결과,"{""NO_EVIDENCE_COORDINATE_CANDIDATE"": 1, ""RECLASSIFY_TO_RECORD"": 1}",,한 문장을 자식 Claim으로 나눈 뒤 8번 직접값 자식만 공식 검증한 결과,,,,,,,,,,,,2,2,0,0,D:\projects\services\archived\clafact-auto\.worktrees\three-type-release\artifacts\direct_value_release_20260826\multi_type8_197_live_final\claim_verification_results.jsonl
복수문장부모요약,A01565_13,,복수 수치,8번 직접값 자식만 실행,복수 Claim 분리 후 자식별 결과 참조,올해 두나무를 포함해 자산총액이 11조6000억원(최근 명목 GDP 확정치의 0.5%) 이상인 기업집단 46곳이 상호출자제한기업집단으로 지정됐다.,2025-05-01,,GDP,11600000000000,원,2025,Y,,,,,,,,자식별 결과,"{""NO_HARD_GUARD_CANDIDATE"": 2}",,한 문장을 자식 Claim으로 나눈 뒤 8번 직접값 자식만 공식 검증한 결과,,,,,,,,,,,,2,2,0,0,D:\projects\services\archived\clafact-auto\.worktrees\three-type-release\artifacts\direct_value_release_20260826\multi_type8_197_live_final\claim_verification_results.jsonl
복수문장부모요약,A01737_12,,복수 수치,8번 직접값 자식만 실행,복수 Claim 분리 후 자식별 결과 참조,"코로나 시기였던 지난 2021년 7월(7.2%) 이후 45개월만의 최대치로, 20대 후반 실업률이 7%대에 올라선 것 자체가 2022년 4월(7%) 이후 3년 만이다.",2025-05-14,,실업률,7.2,%,2021-07,M,,,,,,,,자식별 결과,"{""TARGET_AMBIGUOUS_IN_SOURCE"": 1}",,한 문장을 자식 Claim으로 나눈 뒤 8번 직접값 자식만 공식 검증한 결과,,,,,,,,,,,,1,1,0,0,D:\projects\services\archived\clafact-auto\.worktrees\three-type-release\artifacts\direct_value_release_20260826\multi_type8_197_live_final\claim_verification_results.jsonl
복수문장부모요약,A01737_4,,복수 수치,8번 직접값 자식만 실행,복수 Claim 분리 후 자식별 결과 참조,"14일 통계청이 발표한 ‘2025년 4월 고용동향’에 따르면, 지난달 15세 이상 취업자는 2888만7000명으로 전년 동월 대비 19만4000명 늘었다.",2025-05-14,,취업자 수,28887000,명,2025-04,M,,,,,,,,자식별 결과,"{""WITHIN_TOLERANCE"": 1}",,한 문장을 자식 Claim으로 나눈 뒤 8번 직접값 자식만 공식 검증한 결과,,,,,,,,,,,,1,1,0,1,D:\projects\services\archived\clafact-auto\.worktrees\three-type-release\artifacts\direct_value_release_20260826\multi_type8_197_live_final\claim_verification_results.jsonl
부모겸단일결과,A01752_5,A01752_5,단일 수치,8번 직접값,8번 직접값 유지,60세 이상 취업자가 많은 보건·사회복지 분야를 중심으로 취업자가 늘면서 올해 1월부터 넉 달째 취업자 증가 폭이 10만명대를 유지했다.,2025-05-15,100000명,취업자 수,100000.0,명,2025,Y,,,,DIRECT_VALUE,,AUTO_OK,KOSIS_PIPELINE_ELIGIBLE,HOLD,AS_OF_UNAVAILABLE,OFFICIAL_VALUE_FETCH,기사 작성일 기준 공표된 공식값인지 확인하지 못함,UNDETERMINED,,"[{""canonical_key"": ""ORG=101|TBL=DT_1DA7001S|ITM=T30|OBJ=B|MEMBER=계|PRD_SE=년|PRD_DE=2025"", ""dimension_codes"": {""B"": ""0""}, ""dimension_members"": {""B"": ""계""}, ""itm_id"": ""T30"", ""member_code"": ""계"", ""obj_id"": ""B"", ""org_id"": ""101"", ""prd_de"": ""2025"", ""prd_se"": ""년"", ""status"": ""CONFIRMED"", ""tbl_id"": ""DT_1DA7001S"", ""unit"": ""천명""}]","[{""content_hash"": ""567fc949b666ed562319e0547a45efd088f6ae743c25704f4361c02e722ebf4a"", ""evidence_key"": ""ORG=101|TBL=DT_1DA7001S|ITM=T30|OBJ=B|MEMBER=계|PRD_SE=년|PRD_DE=2025"", ""publication"": {""content_hash"": ""bfe8f0ac276d9f50b0786a5a5f97094e311a62f68ff4eea283ff9f2c50fab62c"", ""coverage_end_period"": null, ""coverage_start_period"": null, ""evidence_scope"": ""PERIOD"", ""pub_date_text"": ""조사기준 월 익월"", ""pub_period"": ""월"", ""publication_method_url"": ""https://mods.go.kr/board.es?mid=a10301010000&bid=210&list_no=445948&act=view&mainXml=Y"", ""published_at"": ""2026-07-15"", ""reference_period"": ""2025"", ""retrieved_at"": ""2026-08-26T08:52:21.040824Z"", ""source_url"": ""https://mods.go.kr/board.es?mid=a10301010000&bid=210&list_no=445948&act=view&mainXml=Y"", ""status"": ""VERIFIED""}, ""retrieved_at"": ""2026-08-26T08:52:17.708918Z"", ""source"": ""API"", ""source_url"": ""https://kosis.kr/openapi/Param/statisticsParameterData.do?method=getList&orgId=101&tblId=DT_1DA7001S&itmId=T30&prdSe=Y&startPrdDe=2025&endPrdDe=2025&objL1=0"", ""value_last_changed_at"": ""2025-12-31""}]",https://kosis.kr/openapi/Param/statisticsParameterData.do?method=getList&orgId=101&tblId=DT_1DA7001S&itmId=T30&prdSe=Y&startPrdDe=2025&endPrdDe=2025&objL1=0,567fc949b666ed562319e0547a45efd088f6ae743c25704f4361c02e722ebf4a,VERIFIED,,N,,,,,,,D:\projects\services\archived\clafact-auto\.worktrees\three-type-release\artifacts\direct_value_release_20260826\single_133_live_final_v3\claim_verification_results.jsonl
복수문장부모요약,A01924_10,,복수 수치,8번 직접값 자식만 실행,복수 Claim 분리 후 자식별 결과 참조,"3월 출생아 수만 놓고 봐도 2만1041명으로 전년 동월 대비 6.8% 늘었는데, 3월 기준으로 지난 1993년 3월(8.9%) 이후 32년 만에 최대 상승폭이다.",2025-05-28,,출생아 수,8.9,%,2025,Y,,,,,,,,자식별 결과,"{""AS_OF_UNAVAILABLE"": 1}",,한 문장을 자식 Claim으로 나눈 뒤 8번 직접값 자식만 공식 검증한 결과,,,,,,,,,,,,1,1,0,0,D:\projects\services\archived\clafact-auto\.worktrees\three-type-release\artifacts\direct_value_release_20260826\multi_type8_197_live_final\claim_verification_results.jsonl
복수문장부모요약,A01924_9,,복수 수치,8번 직접값 자식만 실행,복수 Claim 분리 후 자식별 결과 참조,분기별 출생아 수가 6만5000명을 넘어선 것 자체도 지난 2022년 1분기(6만8339명) 이후 3년 만이다.,2025-05-28,,출생아 수,65000,명,2022-Q1,Q,,,,,,,,자식별 결과,"{""CALCULATION_EVIDENCE_PLAN_UNRESOLVED"": 1}",,한 문장을 자식 Claim으로 나눈 뒤 8번 직접값 자식만 공식 검증한 결과,,,,,,,,,,,,1,1,0,0,D:\projects\services\archived\clafact-auto\.worktrees\three-type-release\artifacts\direct_value_release_20260826\multi_type8_197_live_final\claim_verification_results.jsonl
복수문장부모요약,A02096_11,,복수 수치,8번 직접값 자식만 실행,복수 Claim 분리 후 자식별 결과 참조,"지난달 연령대 별 취업자 수는 60세 이상과 30대에서 취업자가 각각 37만명, 13만2000명 늘어났다.",2025-06-11,,취업자 수,132000,명,2025-05,M,,,,,,,,자식별 결과,"{""RECLASSIFY_TO_DIFFERENCE"": 2}",,한 문장을 자식 Claim으로 나눈 뒤 8번 직접값 자식만 공식 검증한 결과,,,,,,,,,,,,2,2,0,0,D:\projects\services\archived\clafact-auto\.worktrees\three-type-release\artifacts\direct_value_release_20260826\multi_type8_197_live_final\claim_verification_results.jsonl
복수문장부모요약,A02111_6,,복수 수치,8번 직접값 자식만 실행,복수 Claim 분리 후 자식별 결과 참조,4월만 해도 690만6000명이었던 60세 이상 취업자는 지난달 704만9000명으로 처음으로 700만명을 넘었다.,2025-06-12,,취업자 수,6906000,명,2025-05,M,,,,,,,,자식별 결과,"{""AS_OF_UNAVAILABLE"": 1}",,한 문장을 자식 Claim으로 나눈 뒤 8번 직접값 자식만 공식 검증한 결과,,,,,,,,,,,,1,1,0,0,D:\projects\services\archived\clafact-auto\.worktrees\three-type-release\artifacts\direct_value_release_20260826\multi_type8_197_live_final\claim_verification_results.jsonl
복수문장부모요약,A02184_11,,복수 수치,8번 직접값 자식만 실행,복수 Claim 분리 후 자식별 결과 참조,올해 1분기 고졸 실업률은 5.5%로 4년제 대학 이상 졸업자(6.9%)는 물론이고 전문대 졸업자(6.3%)보다도 낮았다.,2025-06-17,,실업률,5.5,%,2025-Q1,Q,,,,,,,,자식별 결과,"{""TARGET_NOT_FOUND_IN_SOURCE"": 1}",,한 문장을 자식 Claim으로 나눈 뒤 8번 직접값 자식만 공식 검증한 결과,,,,,,,,,,,,1,1,0,0,D:\projects\services\archived\clafact-auto\.worktrees\three-type-release\artifacts\direct_value_release_20260826\multi_type8_197_live_final\claim_verification_results.jsonl
복수문장부모요약,A02184_15,,복수 수치,8번 직접값 자식만 실행,복수 Claim 분리 후 자식별 결과 참조,"지난 1분기 기준 30대 고졸 실업률은 4.2%인 반면, 대졸 이상은 2.4%에 그쳤다.",2025-06-17,,실업률,30,대,2025-Q1,Q,,,,,,,,자식별 결과,"{""WITHIN_TOLERANCE"": 1, ""중심 수치와 비교 수치가 함께 제시되지만, 두 학력 집단의 독립적인 실업률을 하나의 단일 목표 수치로 구조화해야 하므로 비교 수치의 표준 슬롯 처리가 불충분함"": 1}",,한 문장을 자식 Claim으로 나눈 뒤 8번 직접값 자식만 공식 검증한 결과,,,,,,,,,,,,2,2,0,1,D:\projects\services\archived\clafact-auto\.worktrees\three-type-release\artifacts\direct_value_release_20260826\multi_type8_197_live_final\claim_verification_results.jsonl
복수문장부모요약,A02184_9,,복수 수치,8번 직접값 자식만 실행,복수 Claim 분리 후 자식별 결과 참조,작년에도 대졸 실업률(5.8%)이 고졸(5.1%)을 웃돌았고 올 들어서도 이런 상황이 이어지고 있다.,2025-06-17,,실업률,5.8,%,2024,Y,,,,,,,,자식별 결과,"{""NO_EVIDENCE_COORDINATE_CANDIDATE"": 1}",,한 문장을 자식 Claim으로 나눈 뒤 8번 직접값 자식만 공식 검증한 결과,,,,,,,,,,,,1,1,0,0,D:\projects\services\archived\clafact-auto\.worktrees\three-type-release\artifacts\direct_value_release_20260826\multi_type8_197_live_final\claim_verification_results.jsonl
복수문장부모요약,A02203_8,,복수 수치,8번 직접값 자식만 실행,복수 Claim 분리 후 자식별 결과 참조,가공식품의 생활 물가 상승률 기여도는 작년 하반기 0.15%포인트에서 올해 0.34%포인트로 두 배 이상 확대됐다.,2025-06-19,,물가상승률,0.15,%p,2024,Y,,,,,,,,자식별 결과,{},,한 문장을 자식 Claim으로 나눈 뒤 8번 직접값 자식만 공식 검증한 결과,,,,,,,,,,,,1,0,1,0,D:\projects\services\archived\clafact-auto\.worktrees\three-type-release\artifacts\direct_value_release_20260826\multi_type8_197_live_final\claim_verification_results.jsonl
복수문장부모요약,A02388_5,,복수 수치,8번 직접값 자식만 실행,복수 Claim 분리 후 자식별 결과 참조,5000만 달러 이상의 수출 실적을 보인 가공식품 중 지난해 대비 수출 증가율이 가장 큰 상위 품목은 라면(24.0%)이었다.,2025-07-03,,수출액,24,%,2024,Y,,,,,,,,자식별 결과,{},,한 문장을 자식 Claim으로 나눈 뒤 8번 직접값 자식만 공식 검증한 결과,,,,,,,,,,,,1,0,1,0,D:\projects\services\archived\clafact-auto\.worktrees\three-type-release\artifacts\direct_value_release_20260826\multi_type8_197_live_final\claim_verification_results.jsonl
복수문장부모요약,A02558_5,,복수 수치,8번 직접값 자식만 실행,복수 Claim 분리 후 자식별 결과 참조,"16일 통계청이 발표한 ‘2025년 6월 고용동향’에 따르면, 지난달 15세 이상 취업자는 2909만1000명으로 전년 동월 대비 18만3000명 늘었다.",2025-07-16,,취업자 수,29091000,명,2025-06,M,,,,,,,,자식별 결과,"{""NO_EVIDENCE_COORDINATE_CANDIDATE"": 1}",,한 문장을 자식 Claim으로 나눈 뒤 8번 직접값 자식만 공식 검증한 결과,,,,,,,,,,,,1,1,0,0,D:\projects\services\archived\clafact-auto\.worktrees\three-type-release\artifacts\direct_value_release_20260826\multi_type8_197_live_final\claim_verification_results.jsonl
부모겸단일결과,A02632_1,A02632_1,단일 수치,8번 직접값 제외,다른 유형으로 이동: 6번 증감량,지난달 취업자가 31만명 이상 증가했다.,2025-10-17,310000명,취업자 수,310000.0,명,2025-09,M,,,,THRESHOLD,"{""direction"": ""INCREASE"", ""operator"": ""GTE""}",HUMAN_REVIEW,CONTEXT_REQUIRED,HUMAN_REVIEW,RECLASSIFY_TO_DIFFERENCE,CLAIM_PARSE,직접값이 아니라 두 기간 공식값의 차이를 계산해야 하는 증감량 주장,,,[],[],,,,,N,,,,,,,D:\projects\services\archived\clafact-auto\.worktrees\three-type-release\artifacts\direct_value_release_20260826\single_133_live_final_v3\claim_verification_results.jsonl
복수문장부모요약,A02633_4,,복수 수치,8번 직접값 자식만 실행,복수 Claim 분리 후 자식별 결과 참조,17일 국가데이터처가 발표한 ‘9월 고용동향’에 따르면 지난달 15세 이상 취업자는 2915만4000명으로 전년 동월 대비 31만2000명 증가했다.,2025-10-17,,취업자 수,29154000,명,2025-09,M,,,,,,,,자식별 결과,"{""AMBIGUOUS_MARGIN"": 1}",,한 문장을 자식 Claim으로 나눈 뒤 8번 직접값 자식만 공식 검증한 결과,,,,,,,,,,,,1,1,0,0,D:\projects\services\archived\clafact-auto\.worktrees\three-type-release\artifacts\direct_value_release_20260826\multi_type8_197_live_final\claim_verification_results.jsonl
복수문장부모요약,A02647_11,,복수 수치,8번 직접값 자식만 실행,복수 Claim 분리 후 자식별 결과 참조,특히 60세 이상 비정규직 근로자는 304만4000명으로 전년 동월 대비 23만3000명 증가했다.,2025-10-22,,비정규직 규모/비율,3044000,명,2025,Y,,,,,,,,자식별 결과,"{""MISSING_REQUIRED_SLOTS:time"": 1}",,한 문장을 자식 Claim으로 나눈 뒤 8번 직접값 자식만 공식 검증한 결과,,,,,,,,,,,,1,1,0,0,D:\projects\services\archived\clafact-auto\.worktrees\three-type-release\artifacts\direct_value_release_20260826\multi_type8_197_live_final\claim_verification_results.jsonl
입력차단부모,A00041_3,,비통계 숫자 역할 차단,8번 직접값 제외,공식조회 전 차단,지난해 말 상승한 국제 곡물 가격도 3~4개월 시차를 두고 국내 식품 물가에 반영될 가능성이 높다.,2025-01-04,,물가상승률,4,개,2024,Y,,,,,,HUMAN_REVIEW,,공식조회 전 차단,TARGET_NOT_FOUND_IN_SOURCE,Claim 수치 역할 확인,연령·기간·제품명 등 통계값이 아닌 숫자를 기사값으로 사용하지 않도록 차단,,,,,,,,,,,,,,,,D:\projects\services\archived\clafact-auto\.worktrees\direct-value-execution\deliverables\CLAFACT_AUTO_8번_1단계_숫자역할오인차단_20260825.csv
부모겸단일결과,A00067_3,A00067_3,단일 수치,8번 직접값,8번 직접값 유지,한국수입자동차협회(KAIDA)는 6일 지난해 수입 승용차 신규 등록 대수를 집계한 결과 테슬라 모델 Y가 지난해 모두 1만8717대가 팔리며 수입 승용차 가운데 최고 인기 모델로 꼽혔다고 밝혔다.,2025-01-06,18717대,수입액,18717.0,대,2024,Y,전국,,"{""raw"": ""{\""품목\"": [\""자동차\""]}""}",DIRECT_VALUE,,HUMAN_REVIEW,CONTEXT_REQUIRED,HUMAN_REVIEW,INDICATOR_REFINEMENT_REQUIRED,CLAIM_PARSE,INDICATOR_REFINEMENT_REQUIRED,,,[],[],,,,,N,,,,,,,D:\projects\services\archived\clafact-auto\.worktrees\three-type-release\artifacts\direct_value_release_20260826\single_133_live_final_v3\claim_verification_results.jsonl
부모겸단일결과,A00070_7,A00070_7,단일 수치,8번 직접값 제외,다른 유형으로 이동: 최고·최저 기록,"지난 2003년 이후 대중 수출이 대미 수출을 뛰어 넘은 상황을 유지하고 있지만, 격차는 2003년(8억9000만달러) 이후 21년 만에 가장 작았다.",2025-01-06,8.9e+08달러,수출액,890000000.0,달러,2003,Y,,,"{""raw"": ""{\""교역상대국\"": [\""미국\""]}""}",DIRECT_VALUE,,HUMAN_REVIEW,CONTEXT_REQUIRED,HUMAN_REVIEW,RECLASSIFY_TO_RECORD,CLAIM_PARSE,직접값이 아니라 과거 전체 기간과 비교해야 하는 기록 주장,,,[],[],,,,,N,,,,,,,D:\projects\services\archived\clafact-auto\.worktrees\three-type-release\artifacts\direct_value_release_20260826\single_133_live_final_v3\claim_verification_results.jsonl
부모겸단일결과,A00070_8,A00070_8,단일 수치,8번 직접값,8번 직접값 유지,7년 전인 2018년까지만 해도 대중 수출액과 대미 수출액 간 격차는 894억500만달러에 달했다.,2025-01-06,8.9405e+10달러,수출액,89405000000.0,달러,2018,Y,,,"{""raw"": ""{\""교역상대국\"": [\""미국\""]}""}",DIRECT_VALUE,,AUTO_OK,KOSIS_PIPELINE_ELIGIBLE,HOLD,AS_OF_UNAVAILABLE,OFFICIAL_VALUE_FETCH,기사 작성일 기준 공표된 공식값인지 확인하지 못함,UNDETERMINED,,"[{""canonical_key"": ""ORG=360|TBL=DT_1R11006_FRM101|ITM=13103103829T1|OBJ=13101103829E|MEMBER=미국|PRD_SE=년|PRD_DE=2018"", ""dimension_codes"": {""13101103829E"": ""13102103829E.US""}, ""dimension_members"": {""13101103829E"": ""미국""}, ""itm_id"": ""13103103829T1"", ""member_code"": ""미국"", ""obj_id"": ""13101103829E"", ""org_id"": ""360"", ""prd_de"": ""2018"", ""prd_se"": ""년"", ""status"": ""CONFIRMED"", ""tbl_id"": ""DT_1R11006_FRM101"", ""unit"": ""천달러""}]","[{""content_hash"": ""4d960f0bb0fecbe7b06d47e2d989adfded5668c841c05957fca846d74cea5fde"", ""evidence_key"": ""ORG=360|TBL=DT_1R11006_FRM101|ITM=13103103829T1|OBJ=13101103829E|MEMBER=미국|PRD_SE=년|PRD_DE=2018"", ""publication"": {""content_hash"": ""765d65ec9258a199ce9a431cc79cb87d4fd0433ab020497dca5febf9aa449271"", ""coverage_end_period"": null, ""coverage_start_period"": null, ""evidence_scope"": ""PERIOD"", ""pub_date_text"": ""작성기준 월 익월"", ""pub_period"": ""월"", ""publication_method_url"": ""전산망(인터넷)미발간https://kosis.kr/statHtml/statHtml.do?sso=ok&amp;returnurl=https%3A%2F%2Fkosis.kr%3A443%2FstatHtml%2FstatHtml.do%3Flist_id%3D360_36002%26obj_var_id%3D%26seqNo%3D%26tblId%3DDT_1R11006_FRM101%26vw_cd%3DMT_OTITLE%26orgId%3D360%26path%3D%252FstatisticsList%252FstatisticsListIndex.do%26conn_path%3DMT_OTITLE%26itm_id%3D%26lang_mode%3Dko%26scrId%3D%26"", ""published_at"": null, ""reference_period"": null, ""retrieved_at"": ""2026-08-26T08:53:05.960946Z"", ""source_url"": ""https://kosis.kr/openapi/statisticsExplData.do?method=getList&format=json&jsonVD=Y&orgId=360&tblId=DT_1R11006_FRM101&metaItm=All"", ""status"": ""UNRESOLVED""}, ""retrieved_at"": ""2026-08-26T08:53:02.891592Z"", ""source"": ""API"", ""source_url"": ""https://kosis.kr/openapi/Param/statisticsParameterData.do?method=getList&orgId=360&tblId=DT_1R11006_FRM101&itmId=13103103829T1&prdSe=Y&startPrdDe=2018&endPrdDe=2018&objL1=13102103829E.US"", ""value_last_changed_at"": null}]",https://kosis.kr/openapi/Param/statisticsParameterData.do?method=getList&orgId=360&tblId=DT_1R11006_FRM101&itmId=13103103829T1&prdSe=Y&startPrdDe=2018&endPrdDe=2018&objL1=13102103829E.US,4d960f0bb0fecbe7b06d47e2d989adfded5668c841c05957fca846d74cea5fde,,,N,,,,,,,D:\projects\services\archived\clafact-auto\.worktrees\three-type-release\artifacts\direct_value_release_20260826\single_133_live_final_v3\claim_verification_results.jsonl
부모겸단일결과,A00081_4,A00081_4,단일 수치,8번 직접값 제외,다른 유형으로 이동: 6번 증감량,한국수입자동차협회(KAIDA)는 6일 “지난해 테슬라 모델 Y가 연간 1만8717대가 팔리며 수입 승용차 가운데 최고 인기 모델에 올랐다”고 밝혔다.,2025-01-07,18717대,수입액,18717.0,대,2024,Y,전국,,"{""raw"": ""{\""품목\"": [\""자동차\""]}""}",DIRECT_VALUE,,HUMAN_REVIEW,CONTEXT_REQUIRED,HUMAN_REVIEW,RECLASSIFY_TO_DIFFERENCE,CLAIM_PARSE,직접값이 아니라 두 기간 공식값의 차이를 계산해야 하는 증감량 주장,,,[],[],,,,,N,,,,,,,D:\projects\services\archived\clafact-auto\.worktrees\three-type-release\artifacts\direct_value_release_20260826\single_133_live_final_v3\claim_verification_results.jsonl
부모겸단일결과,A00094_3,A00094_3,단일 수치,8번 직접값,8번 직접값 유지,"7일 샤오미테크놀로지코리아와 서울중앙지법에 따르면, 샤오미는 지난해 9월 자본금 4억8000만원 규모로 국내 법인을 설립하면서 사업 목적에 휴대폰, 태블릿, 대형 가전, 청소 가전 등과 함께 자동차와 자동차 부품 수입과 도소매업을 기재했다.",2025-01-08,4.8e+08원,수입액,480000000.0,원,2024-09,월,서울,,"{""raw"": ""{\""품목\"": [\""자동차\""]}""}",DIRECT_VALUE,,AUTO_OK,KOSIS_PIPELINE_ELIGIBLE,HOLD,NO_HARD_GUARD_CANDIDATE,HARD_GUARD,기간·단위·지역 등 필수 조건을 모두 만족하는 공식표 후보가 없음,UNDETERMINED,,[],[],,,,,N,,,,,,,D:\projects\services\archived\clafact-auto\.worktrees\three-type-release\artifacts\direct_value_release_20260826\single_133_live_final_v3\claim_verification_results.jsonl
복수문장부모요약,A00185_3,,복수 수치,8번 직접값 자식만 실행,복수 Claim 분리 후 자식별 결과 참조,"15일 한국수입자동차협회(KAIDA)에 따르면, 작년 수입 승용차 판매량은 26만3288대로 2023년 대비 2.9％ 줄었다.",2025-01-15,,수입액,263288,대,2023,Y,,,,,,,,자식별 결과,"{""NO_EVIDENCE_COORDINATE_CANDIDATE"": 1}",,한 문장을 자식 Claim으로 나눈 뒤 8번 직접값 자식만 공식 검증한 결과,,,,,,,,,,,,1,1,0,0,D:\projects\services\archived\clafact-auto\.worktrees\three-type-release\artifacts\direct_value_release_20260826\multi_type8_197_live_final\claim_verification_results.jsonl
복수문장부모요약,A00202_23,,복수 수치,8번 직접값 자식만 실행,복수 Claim 분리 후 자식별 결과 참조,"지난달 실업률은 3.8%로 2022년 1월(4.1%) 이후 가장 높았고, 청년 실업률은 5.9%로 6%에 육박했다.",2025-01-16,,실업률,3.8,%,2022-01,M,,,,,,,,자식별 결과,"{""AMBIGUOUS_MARGIN"": 1, ""WITHIN_TOLERANCE"": 1}",,한 문장을 자식 Claim으로 나눈 뒤 8번 직접값 자식만 공식 검증한 결과,,,,,,,,,,,,2,2,0,1,D:\projects\services\archived\clafact-auto\.worktrees\three-type-release\artifacts\direct_value_release_20260826\multi_type8_197_live_final\claim_verification_results.jsonl
부모겸단일결과,A00254_12,A00254_12,단일 수치,8번 직접값,8번 직접값 유지,"한편, 앞서 올해 정부 예산안이 감액 처리된 점이 성장률을 0.06%p 낮출 것으로 분석했지만, 정부의 예산 조기 집행 등 경기 부양책이 이를 상쇄할 것으로 평가했다.",2025-01-20,0.06%p,경제성장률,0.06,%p,2025,Y,경기,,,DIRECT_VALUE,,HUMAN_REVIEW,CONTEXT_REQUIRED,HUMAN_REVIEW,INDICATOR_REFINEMENT_REQUIRED,CLAIM_PARSE,INDICATOR_REFINEMENT_REQUIRED,,,[],[],,,,,N,,,,,,,D:\projects\services\archived\clafact-auto\.worktrees\three-type-release\artifacts\direct_value_release_20260826\single_133_live_final_v3\claim_verification_results.jsonl
입력차단부모,A00288_19,,비통계 숫자 역할 차단,8번 직접값 제외,공식조회 전 차단,"현대차·기아는 지난해 하이브리드차와 전기차 등 친환경차 수출이 70... 트럼프 '취임식 기금'에… 현대차, 100만달러 기부 현대차그룹이 도널드 트럼프 미 대통령 당선인의 취임식과 부대 행사를 지원하는 ‘취임식 기금’에 100만달러(약 14억7000만원)를 기부했다고 ... 이영관 기자 사람과 이야기가 지닌 힘을 믿습니다.",2025-01-23,,수출액,1000000,달러,2024,Y,,,,,,HUMAN_REVIEW,,공식조회 전 차단,TARGET_AMBIGUOUS_IN_SOURCE,Claim 수치 역할 확인,연령·기간·제품명 등 통계값이 아닌 숫자를 기사값으로 사용하지 않도록 차단,,,,,,,,,,,,,,,,D:\projects\services\archived\clafact-auto\.worktrees\direct-value-execution\deliverables\CLAFACT_AUTO_8번_1단계_숫자역할오인차단_20260825.csv
복수문장부모요약,A00308_1,,복수 수치,8번 직접값 자식만 실행,복수 Claim 분리 후 자식별 결과 참조,-0.2%(2024년 2분기)→0.1%(3분기)→0.1%(4분기) 한국 경제성장률이 3개 분기 연속으로 0% 안팎을 기록했다.,2025-01-24,,경제성장률,0.2,%,2024-Q2,Q,,,,,,,,자식별 결과,{},,한 문장을 자식 Claim으로 나눈 뒤 8번 직접값 자식만 공식 검증한 결과,,,,,,,,,,,,1,0,1,0,D:\projects\services\archived\clafact-auto\.worktrees\three-type-release\artifacts\direct_value_release_20260826\multi_type8_197_live_final\claim_verification_results.jsonl
복수문장부모요약,A00308_33,,복수 수치,8번 직접값 자식만 실행,복수 Claim 분리 후 자식별 결과 참조,"1990년대까지 두 자릿수 성장률을 보였던 한국의 경제성장률은 2000년대 들어선 5%대, 2010년대엔 3%대, 2020년대 이후엔 2%대로 떨어지면서 피크 코리아 주장이 강해지고 있다.",2025-01-24,,경제성장률,2,%,2000,Y,,,,,,,,자식별 결과,"{""NO_EVIDENCE_COORDINATE_CANDIDATE"": 1, ""RECLASSIFY_TO_RECORD"": 2}",,한 문장을 자식 Claim으로 나눈 뒤 8번 직접값 자식만 공식 검증한 결과,,,,,,,,,,,,3,3,0,0,D:\projects\services\archived\clafact-auto\.worktrees\three-type-release\artifacts\direct_value_release_20260826\multi_type8_197_live_final\claim_verification_results.jsonl
복수문장부모요약,A00312_11,,복수 수치,8번 직접값 자식만 실행,복수 Claim 분리 후 자식별 결과 참조,"실제로 지난해 ‘14대 대미 수출 품목’을 보면 반도체(107억달러), 자동차부품(82억달러), 석유화학·철강(각 43억달러) 등 중간재가 상당수를 차지한다.",2025-01-24,,수출액,14,대,2024,Y,,,,,,,,자식별 결과,"{""TARGET_NOT_FOUND_IN_SOURCE"": 1}",,한 문장을 자식 Claim으로 나눈 뒤 8번 직접값 자식만 공식 검증한 결과,,,,,,,,,,,,1,1,0,0,D:\projects\services\archived\clafact-auto\.worktrees\three-type-release\artifacts\direct_value_release_20260826\multi_type8_197_live_final\claim_verification_results.jsonl
복수문장부모요약,A00312_4,,복수 수치,8번 직접값 자식만 실행,복수 Claim 분리 후 자식별 결과 참조,"하지만 23일 한국무역협회의 ‘대미 가공단계별 수출’ 분석 자료에 따르면, 지난해 대미 수출액 1277억8600만달러 가운데 절반이 넘는 653억9900만달러(51.2%)가 중간재인 것으로 나타났다.",2025-01-24,,수출액,127786000000,달러,2024,Y,,,,,,,,자식별 결과,{},,한 문장을 자식 Claim으로 나눈 뒤 8번 직접값 자식만 공식 검증한 결과,,,,,,,,,,,,1,0,1,0,D:\projects\services\archived\clafact-auto\.worktrees\three-type-release\artifacts\direct_value_release_20260826\multi_type8_197_live_final\claim_verification_results.jsonl
복수문장부모요약,A00354_11,,복수 수치,8번 직접값 자식만 실행,복수 Claim 분리 후 자식별 결과 참조,한국의 노년 부양비는 2024년 27.4명에서 2072년 104.2명으로 3.8배 증가한다.,2025-01-28,,노년부양비,27.4,명,2024,Y,,,,,,,,자식별 결과,{},,한 문장을 자식 Claim으로 나눈 뒤 8번 직접값 자식만 공식 검증한 결과,,,,,,,,,,,,1,0,1,0,D:\projects\services\archived\clafact-auto\.worktrees\three-type-release\artifacts\direct_value_release_20260826\multi_type8_197_live_final\claim_verification_results.jsonl
복수문장부모요약,A00365_2,,복수 수치,8번 직접값 자식만 실행,복수 Claim 분리 후 자식별 결과 참조,29일 농림축산식품부와 한국농수산식품유통공사(aT)에 따르면 지난해 떡류 수출액은 9140만달러(약 1313억원)로 1억달러에 근접했다.,2025-01-29,,수출액,91400000,달러,2024,Y,,,,,,,,자식별 결과,"{""NO_HARD_GUARD_CANDIDATE"": 1}",,한 문장을 자식 Claim으로 나눈 뒤 8번 직접값 자식만 공식 검증한 결과,,,,,,,,,,,,1,1,0,0,D:\projects\services\archived\clafact-auto\.worktrees\three-type-release\artifacts\direct_value_release_20260826\multi_type8_197_live_final\claim_verification_results.jsonl
부모겸단일결과,A00368_12,A00368_12,단일 수치,8번 직접값 제외,다른 유형으로 이동: 7번 증감률,그나마 당시 반도체 경기가 워낙 좋았던 덕분에 수출·투자가 견실하게 버텨주며 2017년 3월부터 증가폭(0.9%포인트)을 끌어올릴 수 있었다.,2025-01-29,0.9%p,수출액,0.9,%p,2017-03,M,경기,,"{""raw"": ""{\""품목\"": [\""반도체\""]}""}",DIRECT_VALUE,"{""direction"": ""INCREASE""}",HUMAN_REVIEW,CONTEXT_REQUIRED,HUMAN_REVIEW,RECLASSIFY_TO_GROWTH_RATE,CLAIM_PARSE,직접값이 아니라 두 기간 공식값으로 비율을 계산해야 하는 증감률 주장,,,[],[],,,,,N,,,,,,,D:\projects\services\archived\clafact-auto\.worktrees\three-type-release\artifacts\direct_value_release_20260826\single_133_live_final_v3\claim_verification_results.jsonl
복수문장부모요약,A00368_5,,복수 수치,8번 직접값 자식만 실행,복수 Claim 분리 후 자식별 결과 참조,청년 고용률이 45% 아래로 떨어진 건 코로나가 한창 기승하던 2021년 5월(44.4%) 이후 43개월 만이다.,2025-01-29,,고용률,44.4,%,2021-05,M,,,,,,,,자식별 결과,"{""AMBIGUOUS_MARGIN"": 1}",,한 문장을 자식 Claim으로 나눈 뒤 8번 직접값 자식만 공식 검증한 결과,,,,,,,,,,,,1,1,0,0,D:\projects\services\archived\clafact-auto\.worktrees\three-type-release\artifacts\direct_value_release_20260826\multi_type8_197_live_final\claim_verification_results.jsonl
복수문장부모요약,A00368_9,,복수 수치,8번 직접값 자식만 실행,복수 Claim 분리 후 자식별 결과 참조,"박 전 대통령의 탄핵 소추가 이뤄지기 직전인 2016년 11월의 경우 전년 동월 대비 청년 고용률이 보합(0%포인트 변동)을 보이며, 2013년 9월(0.1%포인트)부터 2016년 10월(0.6%포인트)까지 38개월간 이어지던 증가세가 꺾였다.",2025-01-29,,고용률,0,%p,2016-11,M,,,,,,,,자식별 결과,{},,한 문장을 자식 Claim으로 나눈 뒤 8번 직접값 자식만 공식 검증한 결과,,,,,,,,,,,,1,0,1,0,D:\projects\services\archived\clafact-auto\.worktrees\three-type-release\artifacts\direct_value_release_20260826\multi_type8_197_live_final\claim_verification_results.jsonl
복수문장부모요약,A00382_5,,복수 수치,8번 직접값 자식만 실행,복수 Claim 분리 후 자식별 결과 참조,"한국은 2023년(1.4%) 1%대 성장률에 이어, 작년에는 간신히 2%에 턱걸이했다.",2025-01-30,,경제성장률,1.4,%,2023,Y,,,,,,,,자식별 결과,{},,한 문장을 자식 Claim으로 나눈 뒤 8번 직접값 자식만 공식 검증한 결과,,,,,,,,,,,,1,0,1,0,D:\projects\services\archived\clafact-auto\.worktrees\three-type-release\artifacts\direct_value_release_20260826\multi_type8_197_live_final\claim_verification_results.jsonl
복수문장부모요약,A00433_3,,복수 수치,8번 직접값 자식만 실행,복수 Claim 분리 후 자식별 결과 참조,"2일 한국수입자동차협회(KAIDA)에 따르면, 지난해 국내에서 판매된 수입 SUV는 12만7754대로 집계돼 세단(12만6881대)보다 많았다.",2025-02-03,,수입액,127754,대,2024,Y,,,,,,,,자식별 결과,"{""TARGET_NOT_FOUND_IN_SOURCE"": 1}",,한 문장을 자식 Claim으로 나눈 뒤 8번 직접값 자식만 공식 검증한 결과,,,,,,,,,,,,1,1,0,0,D:\projects\services\archived\clafact-auto\.worktrees\three-type-release\artifacts\direct_value_release_20260826\multi_type8_197_live_final\claim_verification_results.jsonl
복수문장부모요약,A00509_10,,복수 수치,8번 직접값 자식만 실행,복수 Claim 분리 후 자식별 결과 참조,지난해 우리나라의 1분기부터 4분기까지 분기별 경제성장률을 보면 1.3%→-0.2%→0.1%→0.1%’로 최근 3분기 연속(連續) 0%대의 낙제(落第) 수준이다.,2025-02-09,,경제성장률,1.3,%,2024-Q1,Q,,,,,,,,자식별 결과,{},,한 문장을 자식 Claim으로 나눈 뒤 8번 직접값 자식만 공식 검증한 결과,,,,,,,,,,,,1,0,1,0,D:\projects\services\archived\clafact-auto\.worktrees\three-type-release\artifacts\direct_value_release_20260826\multi_type8_197_live_final\claim_verification_results.jsonl
부모겸단일결과,A00513_2,A00513_2,단일 수치,8번 직접값,8번 직접값 유지,작년 우리나라 수출의 1.9%에 해당하는 규모다.,2025-02-09,1.9%,수출액,1.9,%,2024,Y,전국,,,DIRECT_VALUE,,HUMAN_REVIEW,CONTEXT_REQUIRED,HUMAN_REVIEW,INDICATOR_REFINEMENT_REQUIRED,CLAIM_PARSE,INDICATOR_REFINEMENT_REQUIRED,,,[],[],,,,,N,,,,,,,D:\projects\services\archived\clafact-auto\.worktrees\three-type-release\artifacts\direct_value_release_20260826\single_133_live_final_v3\claim_verification_results.jsonl
복수문장부모요약,A00514_8,,복수 수치,8번 직접값 자식만 실행,복수 Claim 분리 후 자식별 결과 참조,당시 대규모 추경을 편성해 2008년 4분기 –4.6%까지 추락한 한국 경제성장률을 2010년 6.3%로 ‘V자 반등’을 이뤄내는데 크게 역할을 했다는 평가를 받는다.,2025-02-09,,경제성장률,4.6,%,2008-Q4,Q,,,,,,,,자식별 결과,"{""NO_EVIDENCE_COORDINATE_CANDIDATE"": 1}",,한 문장을 자식 Claim으로 나눈 뒤 8번 직접값 자식만 공식 검증한 결과,,,,,,,,,,,,1,1,0,0,D:\projects\services\archived\clafact-auto\.worktrees\three-type-release\artifacts\direct_value_release_20260826\multi_type8_197_live_final\claim_verification_results.jsonl
복수문장부모요약,A00526_14,,복수 수치,8번 직접값 자식만 실행,복수 Claim 분리 후 자식별 결과 참조,지난해 의약품 대미 수출액은 15억364만달러(약 2조2000억원)다.,2025-02-10,,수출액,1503640000,달러,2024,Y,,,,,,,,자식별 결과,"{""NO_HARD_GUARD_CANDIDATE"": 1}",,한 문장을 자식 Claim으로 나눈 뒤 8번 직접값 자식만 공식 검증한 결과,,,,,,,,,,,,1,1,0,0,D:\projects\services\archived\clafact-auto\.worktrees\three-type-release\artifacts\direct_value_release_20260826\multi_type8_197_live_final\claim_verification_results.jsonl
복수문장부모요약,A00579_13,,복수 수치,8번 직접값 자식만 실행,복수 Claim 분리 후 자식별 결과 참조,"지난달 15~29세 청년층 취업자 수는 전년 동월 대비 21만8000명 줄었는데, 고용률 기준으로도 44.8%에 그치며 전년 동월 대비 1.5%포인트 감소했다.",2025-02-14,,취업자 수,1.5,%p,2025-01,M,,,,,,,,자식별 결과,"{""TARGET_NOT_FOUND_IN_SOURCE"": 1}",,한 문장을 자식 Claim으로 나눈 뒤 8번 직접값 자식만 공식 검증한 결과,,,,,,,,,,,,1,1,0,0,D:\projects\services\archived\clafact-auto\.worktrees\three-type-release\artifacts\direct_value_release_20260826\multi_type8_197_live_final\claim_verification_results.jsonl
부모겸단일결과,A00579_15,A00579_15,단일 수치,8번 직접값 제외,다른 유형으로 이동: 최고·최저 기록,"청년층 고용률은 지난해 5월(-0.7%포인트) 이후 9개월째 감소하고 있는데, 코로나가 시작된 2020년 3월~2021년 2월 이후 최장 기간 감소세가 유지되는 상황이다.",2025-02-14,0.7%p,고용률,0.7,%p,2020-03,M,,청년,"{""raw"": ""{\""연령집단\"": \""청년\""}""}",DIRECT_VALUE,"{""direction"": ""DECREASE""}",HUMAN_REVIEW,CONTEXT_REQUIRED,HUMAN_REVIEW,RECLASSIFY_TO_RECORD,CLAIM_PARSE,직접값이 아니라 과거 전체 기간과 비교해야 하는 기록 주장,,,[],[],,,,,N,,,,,,,D:\projects\services\archived\clafact-auto\.worktrees\three-type-release\artifacts\direct_value_release_20260826\single_133_live_final_v3\claim_verification_results.jsonl
복수문장부모요약,A00588_15,,복수 수치,8번 직접값 자식만 실행,복수 Claim 분리 후 자식별 결과 참조,"작년 12월 취업자가 코로나가 한창이던 2021년 2월 47만3000명 줄어든 이후 3년 10개월 만에 5만2000명이 줄어든 것에선 회복됐지만, 속을 들여다보면 청년과 건설업 일자리 등을 중심으로 ‘고용 쇼크’ 수준의 충격이 이어지고 있다.",2025-02-15,,취업자 수,473000,명,2021-02,M,,,,,,,,자식별 결과,{},,한 문장을 자식 Claim으로 나눈 뒤 8번 직접값 자식만 공식 검증한 결과,,,,,,,,,,,,1,0,1,0,D:\projects\services\archived\clafact-auto\.worktrees\three-type-release\artifacts\direct_value_release_20260826\multi_type8_197_live_final\claim_verification_results.jsonl
복수문장부모요약,A00588_16,,복수 수치,8번 직접값 자식만 실행,복수 Claim 분리 후 자식별 결과 참조,"청년(15~29세)층 취업자는 전년 동월 대비 21만8000명 줄었고, 청년 고용률(44.8%)도 1.5%포인트 감소했다.",2025-02-15,,고용률,1.5,%p,2025,Y,,,,,,,,자식별 결과,"{""RECLASSIFY_TO_GROWTH_RATE"": 1}",,한 문장을 자식 Claim으로 나눈 뒤 8번 직접값 자식만 공식 검증한 결과,,,,,,,,,,,,2,1,1,0,D:\projects\services\archived\clafact-auto\.worktrees\three-type-release\artifacts\direct_value_release_20260826\multi_type8_197_live_final\claim_verification_results.jsonl
복수문장부모요약,A00588_18,,복수 수치,8번 직접값 자식만 실행,복수 Claim 분리 후 자식별 결과 참조,"또 40~50대 종사자가 많은 건설업 취업자 수는 16만9000명 줄었는데, 통계청이 2013년 관련 통계를 집계한 이후 감소 폭이 가장 컸다.",2025-02-15,,취업자 수,50,대,2013,Y,,,,,,,,자식별 결과,{},,한 문장을 자식 Claim으로 나눈 뒤 8번 직접값 자식만 공식 검증한 결과,,,,,,,,,,,,1,0,1,0,D:\projects\services\archived\clafact-auto\.worktrees\three-type-release\artifacts\direct_value_release_20260826\multi_type8_197_live_final\claim_verification_results.jsonl
입력차단부모,A00600_23,,비통계 숫자 역할 차단,8번 직접값 제외,공식조회 전 차단,"한국GM은 과거 대우자동차 시절부터 구축한 부품 생태계 등 국내 제조 기반을 바탕으로 대미 수출을 지난해 42만대까지 늘렸지만, 관세가 붙으면 대미 수출 판로가 막힐 수 있다는 것이다.",2025-02-16,42만대,수출액,420000,대,2024,Y,,,,,,HUMAN_REVIEW,,공식조회 전 차단,TARGET_IS_LEVEL_NOT_CHANGE_AMOUNT,Claim 수치 역할 확인,연령·기간·제품명 등 통계값이 아닌 숫자를 기사값으로 사용하지 않도록 차단,,,,,,,,,,,,,,,,D:\projects\services\archived\clafact-auto\.worktrees\direct-value-execution\deliverables\CLAFACT_AUTO_8번_1단계_숫자역할오인차단_20260825.csv
부모겸단일결과,A00621_11,A00621_11,단일 수치,8번 직접값 제외,다른 유형으로 이동: 6번 증감량,"건설업 취업자 수도 1년 새 16만9000명이나 줄어, 2013년 이후 모든 월 기준 가장 큰 낙폭을 기록했다.",2025-02-17,169000명,취업자 수,169000.0,명,2013,Y,,,"{""raw"": ""{\""산업\"": [\""건설업\""]}""}",DIRECT_VALUE,"{""direction"": ""DECREASE""}",HUMAN_REVIEW,CONTEXT_REQUIRED,HUMAN_REVIEW,RECLASSIFY_TO_DIFFERENCE,CLAIM_PARSE,직접값이 아니라 두 기간 공식값의 차이를 계산해야 하는 증감량 주장,,,[],[],,,,,N,,,,,,,D:\projects\services\archived\clafact-auto\.worktrees\three-type-release\artifacts\direct_value_release_20260826\single_133_live_final_v3\claim_verification_results.jsonl
복수문장부모요약,A00692_3,,복수 수치,8번 직접값 자식만 실행,복수 Claim 분리 후 자식별 결과 참조,"대미 수출액은 2021년 69억1200만달러에서 2022년 80억3000만달러, 2023년 80억8700만달러로 늘어왔다.",2025-02-23,,수출액,6912000000,달러,2021,Y,,,,,,,,자식별 결과,"{""DIRECT_VALUE_CHANGE_TARGET_MISCLASSIFIED"": 1}",,한 문장을 자식 Claim으로 나눈 뒤 8번 직접값 자식만 공식 검증한 결과,,,,,,,,,,,,1,1,0,0,D:\projects\services\archived\clafact-auto\.worktrees\three-type-release\artifacts\direct_value_release_20260826\multi_type8_197_live_final\claim_verification_results.jsonl
복수문장부모요약,A00692_4,,복수 수치,8번 직접값 자식만 실행,복수 Claim 분리 후 자식별 결과 참조,"작년 전체 자동차 부품 수출액은 총 225억4700만달러(약 32조4300억원)로, 이 중 대미 수출 비중(36.5％)이 가장 컸다.",2025-02-23,,수출액,22547000000,달러,2024,Y,,,,,,,,자식별 결과,"{""NO_HARD_GUARD_CANDIDATE"": 1}",,한 문장을 자식 Claim으로 나눈 뒤 8번 직접값 자식만 공식 검증한 결과,,,,,,,,,,,,2,1,1,0,D:\projects\services\archived\clafact-auto\.worktrees\three-type-release\artifacts\direct_value_release_20260826\multi_type8_197_live_final\claim_verification_results.jsonl
입력차단부모,A00709_8,,비통계 숫자 역할 차단,8번 직접값 제외,공식조회 전 차단,"생산연령인구(15~64세)는 2017년(3686만명)을 정점으로 하락세로 돌아섰지만, 고령자 취업이 늘어난 데다 상대적으로 인구가 많은 1990년대 초반생들이 때맞춰 취업 시장에 적극 뛰어들면서 취업자 수를 끌어올렸던 것이다.",2025-02-24,3686만명,취업자 수,36860000,명,2017,Y,,,,,,HUMAN_REVIEW,,공식조회 전 차단,TARGET_IS_LEVEL_NOT_CHANGE_AMOUNT,Claim 수치 역할 확인,연령·기간·제품명 등 통계값이 아닌 숫자를 기사값으로 사용하지 않도록 차단,,,,,,,,,,,,,,,,D:\projects\services\archived\clafact-auto\.worktrees\direct-value-execution\deliverables\CLAFACT_AUTO_8번_1단계_숫자역할오인차단_20260825.csv
복수문장부모요약,A00723_14,,복수 수치,8번 직접값 자식만 실행,복수 Claim 분리 후 자식별 결과 참조,"여기에 지난달 건설업 취업자 수가 192만1000명을 기록해, 코로나 팬데믹 당시였던 2021년 이후 3년 만에 200만명 아래로 떨어졌다.",2025-02-25,,취업자 수,1921000,명,2021,Y,,,,,,,,자식별 결과,"{""NO_EVIDENCE_COORDINATE_CANDIDATE"": 1}",,한 문장을 자식 Claim으로 나눈 뒤 8번 직접값 자식만 공식 검증한 결과,,,,,,,,,,,,1,1,0,0,D:\projects\services\archived\clafact-auto\.worktrees\three-type-release\artifacts\direct_value_release_20260826\multi_type8_197_live_final\claim_verification_results.jsonl
부모겸단일결과,A00749_10,A00749_10,단일 수치,8번 직접값 제외,다른 유형으로 이동: 최고·최저 기록,◇출산율 반등 주역은 ‘에코 붐 세대’ 2011년 이후 13년 만에 혼인 건수와 출생아 수가 모두 늘어나면서 ‘인구 소멸 1호 국가’로 지목돼온 한국이 저출생 극복을 위한 골든 타임을 맞이했다는 진단이 나온다.,2025-02-27,1호,출생아 수,1.0,호,2011,Y,전국,,,DIRECT_VALUE,"{""direction"": ""INCREASE""}",HUMAN_REVIEW,CONTEXT_REQUIRED,HUMAN_REVIEW,RECLASSIFY_TO_RECORD,CLAIM_PARSE,직접값이 아니라 과거 전체 기간과 비교해야 하는 기록 주장,,,[],[],,,,,N,,,,,,,D:\projects\services\archived\clafact-auto\.worktrees\three-type-release\artifacts\direct_value_release_20260826\single_133_live_final_v3\claim_verification_results.jsonl
입력차단부모,A00774_12,,비통계 숫자 역할 차단,8번 직접값 제외,공식조회 전 차단,"반도체 수출은 지난달까지 9개월 연속 100억달러를 넘겼고, 15개월 연속 증가세를 유지했지만, 2월 들어 그 흐름이 깨졌다.",2025-03-01,,수출액,9,개,2025-02,M,,,,,,HUMAN_REVIEW,,공식조회 전 차단,TARGET_NOT_FOUND_IN_SOURCE,Claim 수치 역할 확인,연령·기간·제품명 등 통계값이 아닌 숫자를 기사값으로 사용하지 않도록 차단,,,,,,,,,,,,,,,,D:\projects\services\archived\clafact-auto\.worktrees\direct-value-execution\deliverables\CLAFACT_AUTO_8번_1단계_숫자역할오인차단_20260825.csv
복수문장부모요약,A00782_8,,복수 수치,8번 직접값 자식만 실행,복수 Claim 분리 후 자식별 결과 참조,"관세 부과 가능성이 커지는 가운데 지난 1월 투싼 1.6 HEV 모델은 국내 생산 8338대 가운데 71%에 달하는 5905대가 수출됐고, 싼타페도 1.6 HEV 생산량 중 35%가 수출됐다.",2025-03-02,,생산량,8338,대,2025-01,M,,,,,,,,자식별 결과,"{""NO_HARD_GUARD_CANDIDATE"": 1}",,한 문장을 자식 Claim으로 나눈 뒤 8번 직접값 자식만 공식 검증한 결과,,,,,,,,,,,,2,1,1,0,D:\projects\services\archived\clafact-auto\.worktrees\three-type-release\artifacts\direct_value_release_20260826\multi_type8_197_live_final\claim_verification_results.jsonl
부모겸단일결과,A00789_2,A00789_2,단일 수치,8번 직접값,8번 직접값 유지,HMG그룹은 지난 1월 경기 용인시 처인구 역북동 신대지구 도시개발사업 공동주택 용지를 1813억원에 매입했다.,2025-03-02,1.813e+11원,총인구,181300000000.0,원,2025-01,M,경기,,,DIRECT_VALUE,,HUMAN_REVIEW,CONTEXT_REQUIRED,HUMAN_REVIEW,INDICATOR_UNIT_MEASURE_MISMATCH,CLAIM_PARSE,INDICATOR_UNIT_MEASURE_MISMATCH,,,[],[],,,,,N,,,,,,,D:\projects\services\archived\clafact-auto\.worktrees\three-type-release\artifacts\direct_value_release_20260826\single_133_live_final_v3\claim_verification_results.jsonl
부모겸단일결과,A00830_5,A00830_5,단일 수치,8번 직접값,8번 직접값 유지,대미 수입품에 대한 평균 관세율은 작년 기준 0.79% 수준이다.,2025-03-05,0.79%,수입액,0.79,%,2024,Y,,,"{""raw"": ""{\""교역상대국\"": [\""미국\""]}""}",DIRECT_VALUE,,HUMAN_REVIEW,CONTEXT_REQUIRED,HUMAN_REVIEW,INDICATOR_REFINEMENT_REQUIRED,CLAIM_PARSE,INDICATOR_REFINEMENT_REQUIRED,,,[],[],,,,,N,,,,,,,D:\projects\services\archived\clafact-auto\.worktrees\three-type-release\artifacts\direct_value_release_20260826\single_133_live_final_v3\claim_verification_results.jsonl
복수문장부모요약,A00838_3,,복수 수치,8번 직접값 자식만 실행,복수 Claim 분리 후 자식별 결과 참조,"고용노동부가 사업체 5만여 곳을 대상으로 조사한 결과에 따르면 지난해 우리나라 근로자 월평균 명목임금은 407만9000원이고, 물가 수준을 고려한 실질임금은 월평균 357만3000원이다.",2025-03-06,,물가상승률,4079000,원,2024,Y,,,,,,,,자식별 결과,"{""TARGET_NOT_FOUND_IN_SOURCE"": 1}",,한 문장을 자식 Claim으로 나눈 뒤 8번 직접값 자식만 공식 검증한 결과,,,,,,,,,,,,1,1,0,0,D:\projects\services\archived\clafact-auto\.worktrees\three-type-release\artifacts\direct_value_release_20260826\multi_type8_197_live_final\claim_verification_results.jsonl
부모겸단일결과,A00872_2,A00872_2,단일 수치,8번 직접값,8번 직접값 유지,9일 인천시에 따르면 지난달 기준 인천시 주민등록인구는 302만7854명으로 집계됐다.,2025-03-09,3.02785e+06명,총인구,3027854.0,명,2025-02,월,인천,,,DIRECT_VALUE,,AUTO_OK,KOSIS_PIPELINE_ELIGIBLE,HOLD,NO_HARD_GUARD_CANDIDATE,HARD_GUARD,기간·단위·지역 등 필수 조건을 모두 만족하는 공식표 후보가 없음,UNDETERMINED,,[],[],,,,,N,,,,,,,D:\projects\services\archived\clafact-auto\.worktrees\three-type-release\artifacts\direct_value_release_20260826\single_133_live_final_v3\claim_verification_results.jsonl
부모겸단일결과,A00872_6,A00872_6,단일 수치,8번 직접값 제외,다른 유형으로 이동: 6번 증감량,작년 2월과 비교했을 때 서울·부산·대구·광주·대전·울산 인구는 모두 줄었으나 인천 인구는 2만4704명이 증가했다.,2025-03-09,24704명,총인구,24704.0,명,2024-02,M,서울 | 부산 | 대구 | 인천 | 광주 | 대전 | 울산,,,DIRECT_VALUE,"{""direction"": ""INCREASE""}",HUMAN_REVIEW,CONTEXT_REQUIRED,HUMAN_REVIEW,RECLASSIFY_TO_DIFFERENCE,CLAIM_PARSE,직접값이 아니라 두 기간 공식값의 차이를 계산해야 하는 증감량 주장,,,[],[],,,,,N,,,,,,,D:\projects\services\archived\clafact-auto\.worktrees\three-type-release\artifacts\direct_value_release_20260826\single_133_live_final_v3\claim_verification_results.jsonl
복수문장부모요약,A00922_18,,복수 수치,8번 직접값 자식만 실행,복수 Claim 분리 후 자식별 결과 참조,지난달 건설업 취업자는 190만9000명으로 전년 같은 달보다 16만7000명 줄었다.,2025-03-12,,취업자 수,1909000,명,2025-02,M,,,,,,,,자식별 결과,"{""NO_EVIDENCE_COORDINATE_CANDIDATE"": 1}",,한 문장을 자식 Claim으로 나눈 뒤 8번 직접값 자식만 공식 검증한 결과,,,,,,,,,,,,1,1,0,0,D:\projects\services\archived\clafact-auto\.worktrees\three-type-release\artifacts\direct_value_release_20260826\multi_type8_197_live_final\claim_verification_results.jsonl
복수문장부모요약,A00922_19,,복수 수치,8번 직접값 자식만 실행,복수 Claim 분리 후 자식별 결과 참조,"1월 감소 폭(-16만9000명)보다는 약간 줄었지만, 건설업 취업자 감소세는 지난해 5월(-1만4000명) 이후 10개월 연속 이어지고 있다.",2025-03-12,,취업자 수,169000,명,2024-05,M,,,,,,,,자식별 결과,"{""RECLASSIFY_TO_DIFFERENCE"": 1}",,한 문장을 자식 Claim으로 나눈 뒤 8번 직접값 자식만 공식 검증한 결과,,,,,,,,,,,,1,1,0,0,D:\projects\services\archived\clafact-auto\.worktrees\three-type-release\artifacts\direct_value_release_20260826\multi_type8_197_live_final\claim_verification_results.jsonl
복수문장부모요약,A00922_24,,복수 수치,8번 직접값 자식만 실행,복수 Claim 분리 후 자식별 결과 참조,제조업 취업자도 전년 같은 달 대비 7만4000명 줄며 지난해 7월(-1만1000명) 이후 8개월 연속 감소세다.,2025-03-12,,취업자 수,74000,명,2024-07,M,,,,,,,,자식별 결과,{},,한 문장을 자식 Claim으로 나눈 뒤 8번 직접값 자식만 공식 검증한 결과,,,,,,,,,,,,1,0,1,0,D:\projects\services\archived\clafact-auto\.worktrees\three-type-release\artifacts\direct_value_release_20260826\multi_type8_197_live_final\claim_verification_results.jsonl
복수문장부모요약,A00922_8,,복수 수치,8번 직접값 자식만 실행,복수 Claim 분리 후 자식별 결과 참조,지난달 청년층 고용률은 44.3%에 그치며 전년 같은 달 대비 1.7%포인트 감소했다.,2025-03-12,,고용률,1.7,%p,2025-02,M,,,,,,,,자식별 결과,{},,한 문장을 자식 Claim으로 나눈 뒤 8번 직접값 자식만 공식 검증한 결과,,,,,,,,,,,,1,0,1,0,D:\projects\services\archived\clafact-auto\.worktrees\three-type-release\artifacts\direct_value_release_20260826\multi_type8_197_live_final\claim_verification_results.jsonl
부모겸단일결과,A00953_6,A00953_6,단일 수치,8번 직접값,8번 직접값 유지,"14일 본지가 한국소비자단체협의회의 ‘소비자물가정보서비스’에서 원재료와 제품 가격 상승률을 비교할 수 있는 가공식품 21개를 분석한 결과, 지난해 1년 동안 케첩과 마요네즈, 분유, 식용유, 우유 등 16품목의 제품값 상승 폭이 원재료보다 높았다.",2025-03-15,21개,소비자물가 상승률,21.0,개,2024,Y,전국,,,DIRECT_VALUE,"{""direction"": ""INCREASE""}",HUMAN_REVIEW,CONTEXT_REQUIRED,HUMAN_REVIEW,INDICATOR_UNIT_MEASURE_MISMATCH,CLAIM_PARSE,INDICATOR_UNIT_MEASURE_MISMATCH,,,[],[],,,,,N,,,,,,,D:\projects\services\archived\clafact-auto\.worktrees\three-type-release\artifacts\direct_value_release_20260826\single_133_live_final_v3\claim_verification_results.jsonl
복수문장부모요약,A01111_14,,복수 수치,8번 직접값 자식만 실행,복수 Claim 분리 후 자식별 결과 참조,"통계청이 이날 처음으로 공개한 어머니 연령별 출산율 자료에 따르면, 지난 1월 30~34세 여성 1000명당 출생아 수를 뜻하는 30대 초반 출산율은 81.1명을 기록했다.",2025-03-27,,출생아 수,1000,명,2025-01,M,,,,,,,,자식별 결과,"{""TARGET_VALUE_NOT_IN_SOURCE_SENTENCE"": 1}",,한 문장을 자식 Claim으로 나눈 뒤 8번 직접값 자식만 공식 검증한 결과,,,,,,,,,,,,1,1,0,0,D:\projects\services\archived\clafact-auto\.worktrees\three-type-release\artifacts\direct_value_release_20260826\multi_type8_197_live_final\claim_verification_results.jsonl
부모겸단일결과,A01120_4,A01120_4,단일 수치,8번 직접값,8번 직접값 유지,"한국GM은 2018년 군산 공장이 문을 닫는 부침 속에 대미(對美) 수출 기지로 탈바꿈하며 살아나는가 싶었지만, 트럼프 2기 출범과 함께 25% 관세 부과가 눈앞에 다가오자 존립까지 위태로워졌다.",2025-03-28,25%,수출액,25.0,%,2018,Y,전국,,"{""raw"": ""{\""교역상대국\"": [\""미국\""]}""}",DIRECT_VALUE,,HUMAN_REVIEW,CONTEXT_REQUIRED,HUMAN_REVIEW,INDICATOR_REFINEMENT_REQUIRED,CLAIM_PARSE,INDICATOR_REFINEMENT_REQUIRED,,,[],[],,,,,N,,,,,,,D:\projects\services\archived\clafact-auto\.worktrees\three-type-release\artifacts\direct_value_release_20260826\single_133_live_final_v3\claim_verification_results.jsonl
복수문장부모요약,A01124_14,,복수 수치,8번 직접값 자식만 실행,복수 Claim 분리 후 자식별 결과 참조,전국 89개 인구 감소 지역 생활 인구는 작년 1월 2274만여 명에서 작년 8월 3361만여 명으로 1000만명 넘게 불었다.,2025-03-28,,총인구,89,개,2024-01,M,,,,,,,,자식별 결과,{},,한 문장을 자식 Claim으로 나눈 뒤 8번 직접값 자식만 공식 검증한 결과,,,,,,,,,,,,1,0,1,0,D:\projects\services\archived\clafact-auto\.worktrees\three-type-release\artifacts\direct_value_release_20260826\multi_type8_197_live_final\claim_verification_results.jsonl
복수문장부모요약,A01124_20,,복수 수치,8번 직접값 자식만 실행,복수 Claim 분리 후 자식별 결과 참조,◇관광객 1인당 소비액은 정체 다만 작년 8월 전국 인구 감소 지역의 관광객 등 체류 인구 1인당 카드 사용액은 11만1000원으로 두 달 전인 6월(11만5000원)보다 되레 소폭 줄었다.,2025-03-28,,총인구,111000,원,2024-08,M,,,,,,,,자식별 결과,{},,한 문장을 자식 Claim으로 나눈 뒤 8번 직접값 자식만 공식 검증한 결과,,,,,,,,,,,,1,0,1,0,D:\projects\services\archived\clafact-auto\.worktrees\three-type-release\artifacts\direct_value_release_20260826\multi_type8_197_live_final\claim_verification_results.jsonl
복수문장부모요약,A01124_4,,복수 수치,8번 직접값 자식만 실행,복수 Claim 분리 후 자식별 결과 참조,"27일 통계청은 ‘2024년 3분기 생활 인구 산정 결과’에서 작년 8월 강원도 내 인구 감소 지역에 해당하는 12개 시·군·구의 체류 인구는 562만4000명으로, 지역에 거주하는 내·외국인 등록 인구(47만7000명)의 11.8배에 달했다고 밝혔다.",2025-03-28,,총인구,12,개,2024-Q3,Q,,,,,,,,자식별 결과,{},,한 문장을 자식 Claim으로 나눈 뒤 8번 직접값 자식만 공식 검증한 결과,,,,,,,,,,,,1,0,1,0,D:\projects\services\archived\clafact-auto\.worktrees\three-type-release\artifacts\direct_value_release_20260826\multi_type8_197_live_final\claim_verification_results.jsonl
부모겸단일결과,A01176_3,A01176_3,단일 수치,8번 직접값,8번 직접값 유지,"지난달 31일 경상북도에 따르면, 이날 오전 8시 30분 기준으로 안동시와 의성군, 청송군, 영양군에 걸쳐 총 1490ha의 과수원이 산불 피해를 본 것으로 집계됐다.",2025-04-01,1490ha,과수원 면적,1490.0,ha,2025-03,월,경북 | 안동시 | 의성군 | 청송군 | 영양군,,,DIRECT_VALUE,,AUTO_OK,KOSIS_PIPELINE_ELIGIBLE,HOLD,NO_HARD_GUARD_CANDIDATE,HARD_GUARD,기간·단위·지역 등 필수 조건을 모두 만족하는 공식표 후보가 없음,UNDETERMINED,,[],[],,,,,N,,,,,,,D:\projects\services\archived\clafact-auto\.worktrees\three-type-release\artifacts\direct_value_release_20260826\single_133_live_final_v3\claim_verification_results.jsonl
복수문장부모요약,A01180_3,,복수 수치,8번 직접값 자식만 실행,복수 Claim 분리 후 자식별 결과 참조,지난해 우리나라 수출 6836억달러(약 1007조원) 중 대미(對美) 수출은 1278억달러로 18.7%에 달했다.,2025-04-01,,수출액,683600000000,달러,2024,Y,,,,,,,,자식별 결과,"{""TARGET_NOT_FOUND_IN_SOURCE"": 2}",,한 문장을 자식 Claim으로 나눈 뒤 8번 직접값 자식만 공식 검증한 결과,,,,,,,,,,,,3,2,1,0,D:\projects\services\archived\clafact-auto\.worktrees\three-type-release\artifacts\direct_value_release_20260826\multi_type8_197_live_final\claim_verification_results.jsonl
부모겸단일결과,A01185_23,A01185_23,단일 수치,8번 직접값,8번 직접값 유지,"올해 1월 기준 광공업생산지수(상승)와 취업지수(회복)를 제외한 8개 지표(서비스업생산지수, 소매판매액지수, 설비투자지수, 건설기성액, 수출액, 수입액, 기업경기실사지수, 소비자기대지수)가 하강 국면에 분포했다.",2025-04-02,8개,광공업생산,8.0,개,2025,Y,경기,,"{""raw"": ""{\""산업\"": [\""서비스업\"", \""광공업\""]}""}",DIRECT_VALUE,"{""direction"": ""INCREASE""}",HUMAN_REVIEW,CONTEXT_REQUIRED,HUMAN_REVIEW,INDICATOR_UNIT_MEASURE_MISMATCH,CLAIM_PARSE,INDICATOR_UNIT_MEASURE_MISMATCH,,,[],[],,,,,N,,,,,,,D:\projects\services\archived\clafact-auto\.worktrees\three-type-release\artifacts\direct_value_release_20260826\single_133_live_final_v3\claim_verification_results.jsonl
복수문장부모요약,A01278_7,,복수 수치,8번 직접값 자식만 실행,복수 Claim 분리 후 자식별 결과 참조,다만 지난해 국내총생산(GDP) 대비 국가 채무 비율은 46.1%로 2023년(46.9%)에 비해서는 0.8%포인트 감소했다.,2025-04-09,,GDP,0.8,%p,2023,Y,,,,,,,,자식별 결과,{},,한 문장을 자식 Claim으로 나눈 뒤 8번 직접값 자식만 공식 검증한 결과,,,,,,,,,,,,1,0,1,0,D:\projects\services\archived\clafact-auto\.worktrees\three-type-release\artifacts\direct_value_release_20260826\multi_type8_197_live_final\claim_verification_results.jsonl
복수문장부모요약,A01285_1,,복수 수치,8번 직접값 자식만 실행,복수 Claim 분리 후 자식별 결과 참조,지난달 청년 실업률이 7% 중반까지 치솟아 코로나 대유행으로 실업률이 10%까지 치솟았던 2021년 이후 4년 만에 가장 높았다.,2025-04-09,,실업률,7,%,2021,Y,,,,,,,,자식별 결과,"{""중심 수치가 '7% 중반'으로 정확한 단일 수치가 아니며, 10%는 2021년 당시의 역사적 참고값으로 현재 수치와 직접 비교할 수 없음"": 1}",,한 문장을 자식 Claim으로 나눈 뒤 8번 직접값 자식만 공식 검증한 결과,,,,,,,,,,,,1,1,0,0,D:\projects\services\archived\clafact-auto\.worktrees\three-type-release\artifacts\direct_value_release_20260826\multi_type8_197_live_final\claim_verification_results.jsonl
부모겸단일결과,A01285_11,A01285_11,단일 수치,8번 직접값 제외,다른 유형으로 이동: 최고·최저 기록,3월 기준으로는 청년 실업률이 10%에 달했던 2021년 3월 이후 4년 만에 가장 높다.,2025-04-09,10%,실업률,10.0,%,2021-03,M,,청년,"{""raw"": ""{\""연령집단\"": \""청년\""}""}",DIRECT_VALUE,,HUMAN_REVIEW,CONTEXT_REQUIRED,HUMAN_REVIEW,RECLASSIFY_TO_RECORD,CLAIM_PARSE,직접값이 아니라 과거 전체 기간과 비교해야 하는 기록 주장,,,[],[],,,,,N,,,,,,,D:\projects\services\archived\clafact-auto\.worktrees\three-type-release\artifacts\direct_value_release_20260826\single_133_live_final_v3\claim_verification_results.jsonl
부모겸단일결과,A01285_14,A01285_14,단일 수치,8번 직접값 제외,다른 유형으로 이동: 6번 증감량,대대적인 건설업계 구조조정 여파로 지난달 건설업 분야 취업자 수가 18만5000명이나 줄어든 결과다.,2025-04-09,185000명,취업자 수,185000.0,명,2025-03,M,,,"{""raw"": ""{\""산업\"": [\""건설업\""]}""}",DIRECT_VALUE,"{""direction"": ""DECREASE""}",HUMAN_REVIEW,CONTEXT_REQUIRED,HUMAN_REVIEW,RECLASSIFY_TO_DIFFERENCE,CLAIM_PARSE,직접값이 아니라 두 기간 공식값의 차이를 계산해야 하는 증감량 주장,,,[],[],,,,,N,,,,,,,D:\projects\services\archived\clafact-auto\.worktrees\three-type-release\artifacts\direct_value_release_20260826\single_133_live_final_v3\claim_verification_results.jsonl
복수문장부모요약,A01285_7,,복수 수치,8번 직접값 자식만 실행,복수 Claim 분리 후 자식별 결과 참조,하지만 청년층(15~29세) 취업자는 20만6000명 줄어 비상계엄이 터진 작년 12월부터 4개월 연속 20만명대 감소세를 기록했다.,2025-04-09,,취업자 수,206000,명,2024-12,M,,,,,,,,자식별 결과,"{""RECLASSIFY_TO_DIFFERENCE"": 1}",,한 문장을 자식 Claim으로 나눈 뒤 8번 직접값 자식만 공식 검증한 결과,,,,,,,,,,,,1,1,0,0,D:\projects\services\archived\clafact-auto\.worktrees\three-type-release\artifacts\direct_value_release_20260826\multi_type8_197_live_final\claim_verification_results.jsonl
부모겸단일결과,A01324_6,A01324_6,단일 수치,8번 직접값,8번 직접값 유지,키움증권의 지난해 국내 주식 위탁 매매 수수료 수입은 총 3697억원이다.,2025-04-12,3.697e+11원,수입액,369700000000.0,원,2024,Y,전국,,,DIRECT_VALUE,,AUTO_OK,KOSIS_PIPELINE_ELIGIBLE,HOLD,NO_EVIDENCE_COORDINATE_CANDIDATE,HARD_GUARD,공식표는 찾았지만 기사 조건에 맞는 항목·지역·기간 좌표를 확정하지 못함,UNDETERMINED,,[],[],,,,,N,,,,,,,D:\projects\services\archived\clafact-auto\.worktrees\three-type-release\artifacts\direct_value_release_20260826\single_133_live_final_v3\claim_verification_results.jsonl
복수문장부모요약,A01359_5,,복수 수치,8번 직접값 자식만 실행,복수 Claim 분리 후 자식별 결과 참조,"25~34세 취업자는 코로나가 시작된 지난 2020년 2분기(-6만명)부터 2021년 1분기(-5만4000명)까지 줄다, 2021년 2분기(9만5000명)부터 작년 4분기(2000명)까지 늘었다.",2025-04-15,,취업자 수,60000,명,2020-Q2,Q,,,,,,,,자식별 결과,"{""문장에 서로 다른 기간의 증감 수치가 여러 개 포함되어 있어 독립적으로 검증 가능한 단일 주장으로 확정하기 어렵습니다."": 1}",,한 문장을 자식 Claim으로 나눈 뒤 8번 직접값 자식만 공식 검증한 결과,,,,,,,,,,,,1,1,0,0,D:\projects\services\archived\clafact-auto\.worktrees\three-type-release\artifacts\direct_value_release_20260826\multi_type8_197_live_final\claim_verification_results.jsonl
복수문장부모요약,A01359_7,,복수 수치,8번 직접값 자식만 실행,복수 Claim 분리 후 자식별 결과 참조,"지난 1분기 25~34세 인구는 697만6000명으로, 작년 1분기(697만7000명)와 비슷했다.",2025-04-15,,총인구,6976000,명,2024-Q1,Q,,,,,,,,자식별 결과,"{""NO_HARD_GUARD_CANDIDATE"": 1}",,한 문장을 자식 Claim으로 나눈 뒤 8번 직접값 자식만 공식 검증한 결과,,,,,,,,,,,,1,1,0,0,D:\projects\services\archived\clafact-auto\.worktrees\three-type-release\artifacts\direct_value_release_20260826\multi_type8_197_live_final\claim_verification_results.jsonl
부모겸단일결과,A01385_1,A01385_1,단일 수치,8번 직접값,8번 직접값 유지,지난해 국내 농가 수가 97만4000가구로 집계됐다.,2025-04-17,974000가구,농가 수,974000.0,가구,2024,Y,전국,농가,,DIRECT_VALUE,,AUTO_OK,KOSIS_PIPELINE_ELIGIBLE,HOLD,AS_OF_UNAVAILABLE,OFFICIAL_VALUE_FETCH,기사 작성일 기준 공표된 공식값인지 확인하지 못함,UNDETERMINED,,"[{""canonical_key"": ""ORG=101|TBL=DT_1EA1038|ITM=T00|OBJ=A|MEMBER=전국|PRD_SE=Y|PRD_DE=2024"", ""dimension_codes"": {""A"": ""000""}, ""dimension_members"": {""A"": ""전국""}, ""itm_id"": ""T00"", ""member_code"": ""전국"", ""obj_id"": ""A"", ""org_id"": ""101"", ""prd_de"": ""2024"", ""prd_se"": ""Y"", ""status"": ""CONFIRMED"", ""tbl_id"": ""DT_1EA1038"", ""unit"": ""가구""}]","[{""content_hash"": ""103ca3a4a634ec719ca77f859d4bbe80b272458fd21f911f996e8ab0d3dafcb4"", ""evidence_key"": ""ORG=101|TBL=DT_1EA1038|ITM=T00|OBJ=A|MEMBER=전국|PRD_SE=Y|PRD_DE=2024"", ""publication"": {""content_hash"": ""461a7cdc50d37c9455b7b21880249432486a921a5d55ab35fd617535ac095f5a"", ""coverage_end_period"": null, ""coverage_start_period"": null, ""evidence_scope"": ""PERIOD"", ""pub_date_text"": null, ""pub_period"": null, ""publication_method_url"": null, ""published_at"": null, ""reference_period"": null, ""retrieved_at"": ""2026-08-26T08:55:05.350439Z"", ""source_url"": ""https://kosis.kr/openapi/statisticsExplData.do?method=getList&format=json&jsonVD=Y&orgId=101&tblId=DT_1EA1038&metaItm=All"", ""status"": ""UNRESOLVED""}, ""retrieved_at"": ""2026-08-26T08:55:03.950244Z"", ""source"": ""API"", ""source_url"": ""https://kosis.kr/openapi/Param/statisticsParameterData.do?method=getList&orgId=101&tblId=DT_1EA1038&itmId=T00&prdSe=Y&startPrdDe=2024&endPrdDe=2024&objL1=000"", ""value_last_changed_at"": null}]",https://kosis.kr/openapi/Param/statisticsParameterData.do?method=getList&orgId=101&tblId=DT_1EA1038&itmId=T00&prdSe=Y&startPrdDe=2024&endPrdDe=2024&objL1=000,103ca3a4a634ec719ca77f859d4bbe80b272458fd21f911f996e8ab0d3dafcb4,,,N,,,,,,,D:\projects\services\archived\clafact-auto\.worktrees\three-type-release\artifacts\direct_value_release_20260826\single_133_live_final_v3\claim_verification_results.jsonl
복수문장부모요약,A01385_2,,복수 수치,8번 직접값 자식만 실행,복수 Claim 분리 후 자식별 결과 참조,국내 농가 수는 지난 2023년 99만9000가구를 기록하며 처음으로 100만 가구 아래로 떨어진 이후 하락세가 지속되고 있다.,2025-04-17,,농가 수,999000,가구,2023,Y,,,,,,,,자식별 결과,"{""NO_EVIDENCE_COORDINATE_CANDIDATE"": 1}",,한 문장을 자식 Claim으로 나눈 뒤 8번 직접값 자식만 공식 검증한 결과,,,,,,,,,,,,1,1,0,0,D:\projects\services\archived\clafact-auto\.worktrees\three-type-release\artifacts\direct_value_release_20260826\multi_type8_197_live_final\claim_verification_results.jsonl
복수문장부모요약,A01385_5,,복수 수치,8번 직접값 자식만 실행,복수 Claim 분리 후 자식별 결과 참조,"전국 농가 수는 1970년 약 248만3000가구였지만, 1984년 약 197만 3000가구로 처음 200만 가구 아래로 떨어진 뒤 2023년에는 100만 가구 선도 깨졌다.",2025-04-17,,농가 수,2483000,가구,2023,Y,,,,,,,,자식별 결과,"{""TARGET_NOT_FOUND_IN_SOURCE"": 1}",,한 문장을 자식 Claim으로 나눈 뒤 8번 직접값 자식만 공식 검증한 결과,,,,,,,,,,,,1,1,0,0,D:\projects\services\archived\clafact-auto\.worktrees\three-type-release\artifacts\direct_value_release_20260826\multi_type8_197_live_final\claim_verification_results.jsonl
복수문장부모요약,A01438_17,,복수 수치,8번 직접값 자식만 실행,복수 Claim 분리 후 자식별 결과 참조,"우리나라 잠재성장률은 2000년대 초반만 해도 5% 안팎이었는데, 2010년대 3%대 초·중반으로 떨어졌다.",2025-04-21,,경제성장률,3,%,2000,Y,,,,,,,,자식별 결과,"{""2010년대 수치가 '3%대 초·중반'으로 범위 표현되어 정확한 단일 수치로 확정하기 어렵지만, 중심 수치 3%와 2000년대 초반의 5% 안팎 비교를 보존함"": 1}",,한 문장을 자식 Claim으로 나눈 뒤 8번 직접값 자식만 공식 검증한 결과,,,,,,,,,,,,1,1,0,0,D:\projects\services\archived\clafact-auto\.worktrees\three-type-release\artifacts\direct_value_release_20260826\multi_type8_197_live_final\claim_verification_results.jsonl
부모겸단일결과,A01444_4,A01444_4,단일 수치,8번 직접값 제외,다른 유형으로 이동: 최고·최저 기록,이는 코로나에 고물가가 겹치며 세계 경기가 위축됐던 2022년 4월(-0.8%포인트) 이후 3년 만에 가장 크게 하향 조정한 것이다.,2025-04-22,0.8%p,물가상승률,0.8,%p,2022-04,M,경기,,,DIRECT_VALUE,,HUMAN_REVIEW,CONTEXT_REQUIRED,HUMAN_REVIEW,RECLASSIFY_TO_RECORD,CLAIM_PARSE,직접값이 아니라 과거 전체 기간과 비교해야 하는 기록 주장,,,[],[],,,,,N,,,,,,,D:\projects\services\archived\clafact-auto\.worktrees\three-type-release\artifacts\direct_value_release_20260826\single_133_live_final_v3\claim_verification_results.jsonl
복수문장부모요약,A01480_2,,복수 수치,8번 직접값 자식만 실행,복수 Claim 분리 후 자식별 결과 참조,지난해 2분기 이후 분기별 실질 국내총생산(GDP) 성장률이 ‘-0.2%→0.1%→0.1%→-0.2%’로 떨어지면서 지난 1년간 우리나라 성장이 사실상 ‘마이너스(-) 성장’을 나타낸 것이다.,2025-04-24,,GDP,0.2,%,2024-Q2,Q,,,,,,,,자식별 결과,{},,한 문장을 자식 Claim으로 나눈 뒤 8번 직접값 자식만 공식 검증한 결과,,,,,,,,,,,,1,0,1,0,D:\projects\services\archived\clafact-auto\.worktrees\three-type-release\artifacts\direct_value_release_20260826\multi_type8_197_live_final\claim_verification_results.jsonl
복수문장부모요약,A01480_28,,복수 수치,8번 직접값 자식만 실행,복수 Claim 분리 후 자식별 결과 참조,비상 계엄 파문 이전인 작년... 3분기 연속 제로 성장… 현실이 된 '피크 코리아' -0.2%(2024년 2분기)→0.1%(3분기)→0.1%(4분기) 한국 경제성장률이 3개 분기 연속으로 0% 안팎을 기록했다.,2025-04-24,,경제성장률,0.2,%,2024-Q2,Q,,,,,,,,자식별 결과,"{""GROUPING_AMBIGUOUS"": 1}",,한 문장을 자식 Claim으로 나눈 뒤 8번 직접값 자식만 공식 검증한 결과,,,,,,,,,,,,1,1,0,0,D:\projects\services\archived\clafact-auto\.worktrees\three-type-release\artifacts\direct_value_release_20260826\multi_type8_197_live_final\claim_verification_results.jsonl
복수문장부모요약,A01539_13,,복수 수치,8번 직접값 자식만 실행,복수 Claim 분리 후 자식별 결과 참조,"◇반도체로 2만불, 車로 3만불 시대… ‘4만불 엔진’은 안 보여 1만729달러(1994년)→2만162달러(2005년)→3만667달러(2014년). 한국 경제는 1인당 GDP가 1만달러 간격의 허들을 넘을 때마다 확실한 동력을 갖고 있었다.",2025-04-29,,1인당 GDP,10729,달러,2005,Y,,,,,,,,자식별 결과,"{""NO_EVIDENCE_COORDINATE_CANDIDATE"": 1}",,한 문장을 자식 Claim으로 나눈 뒤 8번 직접값 자식만 공식 검증한 결과,,,,,,,,,,,,1,1,0,0,D:\projects\services\archived\clafact-auto\.worktrees\three-type-release\artifacts\direct_value_release_20260826\multi_type8_197_live_final\claim_verification_results.jsonl
부모겸단일결과,A01539_16,A01539_16,단일 수치,8번 직접값,8번 직접값 유지,3만달러를 넘은 2014년쯤에는 자동차·화학·정유(차화정)가 반도체와 함께 수출을 쌍끌이했다.,2025-04-29,30000달러,수출액,30000.0,달러,2014,Y,,,"{""raw"": ""{\""품목\"": [\""반도체\"", \""자동차\""]}""}",DIRECT_VALUE,,AUTO_OK,KOSIS_PIPELINE_ELIGIBLE,HOLD,NO_EVIDENCE_COORDINATE_CANDIDATE,HARD_GUARD,공식표는 찾았지만 기사 조건에 맞는 항목·지역·기간 좌표를 확정하지 못함,UNDETERMINED,,[],[],,,,,N,,,,,,,D:\projects\services\archived\clafact-auto\.worktrees\three-type-release\artifacts\direct_value_release_20260826\single_133_live_final_v3\claim_verification_results.jsonl
부모겸단일결과,A01708_1,A01708_1,단일 수치,8번 직접값 제외,다른 유형으로 이동: 7번 증감률,"5월 1일부터 10일까지 수출이 승용차, 석유제품 등의 부진으로 인해 지난해 같은 기간 대비 23% 넘게 급감했다.",2025-05-12,23%,수출액,23.0,%,2024,Y,,,"{""raw"": ""{\""품목\"": [\""석유제품\""]}""}",DIRECT_VALUE,,HUMAN_REVIEW,CONTEXT_REQUIRED,HUMAN_REVIEW,RECLASSIFY_TO_GROWTH_RATE,CLAIM_PARSE,직접값이 아니라 두 기간 공식값으로 비율을 계산해야 하는 증감률 주장,,,[],[],,,,,N,,,,,,,D:\projects\services\archived\clafact-auto\.worktrees\three-type-release\artifacts\direct_value_release_20260826\single_133_live_final_v3\claim_verification_results.jsonl
복수문장부모요약,A01709_28,,복수 수치,8번 직접값 자식만 실행,복수 Claim 분리 후 자식별 결과 참조,2023년 말 약 1127조원으로 국내총생산(GDP)의 46.9%다.,2025-05-12,,GDP,1127000000000000,원,2023,Y,,,,,,,,자식별 결과,"{""금액이 무엇을 나타내는지에 해당하는 핵심 지표명이나 대상이 문장에 명시되지 않아 식별할 수 없음"": 1}",,한 문장을 자식 Claim으로 나눈 뒤 8번 직접값 자식만 공식 검증한 결과,,,,,,,,,,,,1,1,0,0,D:\projects\services\archived\clafact-auto\.worktrees\three-type-release\artifacts\direct_value_release_20260826\multi_type8_197_live_final\claim_verification_results.jsonl
부모겸단일결과,A01723_6,A01723_6,단일 수치,8번 직접값,8번 직접값 유지,한국의 잠재성장률은 2007년까지만 해도 4.27%에 달했다.,2025-05-13,4.27%,경제성장률,4.27,%,2007,Y,전국,,,DIRECT_VALUE,,AUTO_OK,KOSIS_PIPELINE_ELIGIBLE,HOLD,LOW_SEMANTIC_SCORE,EVIDENCE_CELL,LOW_SEMANTIC_SCORE,UNDETERMINED,,"[{""canonical_key"": ""ORG=388|TBL=TX_38803_A026|ITM=16388AAY5|OBJ=15388AE7|MEMBER=경제성장률|PRD_SE=Y|PRD_DE=2007"", ""dimension_codes"": {""15388AE7"": ""15388AE7AA""}, ""dimension_members"": {""15388AE7"": ""경제성장률""}, ""itm_id"": ""16388AAY5"", ""member_code"": ""경제성장률"", ""obj_id"": ""15388AE7"", ""org_id"": ""388"", ""prd_de"": ""2007"", ""prd_se"": ""Y"", ""status"": ""CONFIRMED"", ""tbl_id"": ""TX_38803_A026"", ""unit"": ""%""}]",[],,,,,N,,,,,,,D:\projects\services\archived\clafact-auto\.worktrees\three-type-release\artifacts\direct_value_release_20260826\single_133_live_final_v3\claim_verification_results.jsonl
복수문장부모요약,A01733_8,,복수 수치,8번 직접값 자식만 실행,복수 Claim 분리 후 자식별 결과 참조,KDI는 통상 여건 악화로 올해 상품 수출이 -0.4%를 기록하고 경기 부진으로 상품 수입 역시 0%로 둔화될 것으로 봤다.,2025-05-14,,수출액,0.4,%,2025,Y,,,,,,,,자식별 결과,"{""문장에 상품 수출 -0.4%와 상품 수입 0%라는 서로 독립적으로 검증 가능한 두 수치가 함께 제시되어 단일 Claim으로 확정하기 어렵습니다."": 1}",,한 문장을 자식 Claim으로 나눈 뒤 8번 직접값 자식만 공식 검증한 결과,,,,,,,,,,,,2,1,1,0,D:\projects\services\archived\clafact-auto\.worktrees\three-type-release\artifacts\direct_value_release_20260826\multi_type8_197_live_final\claim_verification_results.jsonl
부모겸단일결과,A01737_10,A01737_10,단일 수치,8번 직접값 제외,다른 유형으로 이동: 7번 증감률,청년층 고용률은 작년 5월(-0.7%포인트)부터 1년째 감소세를 이어가고 있다.,2025-05-14,0.7%p,고용률,0.7,%p,2024-05,M,,청년,"{""raw"": ""{\""연령집단\"": \""청년\""}""}",DIRECT_VALUE,"{""direction"": ""DECREASE""}",HUMAN_REVIEW,CONTEXT_REQUIRED,HUMAN_REVIEW,RECLASSIFY_TO_GROWTH_RATE,CLAIM_PARSE,직접값이 아니라 두 기간 공식값으로 비율을 계산해야 하는 증감률 주장,,,[],[],,,,,N,,,,,,,D:\projects\services\archived\clafact-auto\.worktrees\three-type-release\artifacts\direct_value_release_20260826\single_133_live_final_v3\claim_verification_results.jsonl
복수문장부모요약,A01737_13,,복수 수치,8번 직접값 자식만 실행,복수 Claim 분리 후 자식별 결과 참조,이에 따라 전체 청년층 실업률도 7.3%로 전년 동월 대비 0.5%포인트 올랐다.,2025-05-14,,실업률,0.5,%p,2025,Y,,,,,,,,자식별 결과,{},,한 문장을 자식 Claim으로 나눈 뒤 8번 직접값 자식만 공식 검증한 결과,,,,,,,,,,,,1,0,1,0,D:\projects\services\archived\clafact-auto\.worktrees\three-type-release\artifacts\direct_value_release_20260826\multi_type8_197_live_final\claim_verification_results.jsonl
복수문장부모요약,A01737_15,,복수 수치,8번 직접값 자식만 실행,복수 Claim 분리 후 자식별 결과 참조,지난달 제조업 취업자는 439만7000명으로 전년 동월 대비 12만4000명 줄었다.,2025-05-14,,취업자 수,4397000,명,2025-04,M,,,,,,,,자식별 결과,"{""NO_EVIDENCE_COORDINATE_CANDIDATE"": 1}",,한 문장을 자식 Claim으로 나눈 뒤 8번 직접값 자식만 공식 검증한 결과,,,,,,,,,,,,1,1,0,0,D:\projects\services\archived\clafact-auto\.worktrees\three-type-release\artifacts\direct_value_release_20260826\multi_type8_197_live_final\claim_verification_results.jsonl
복수문장부모요약,A01737_17,,복수 수치,8번 직접값 자식만 실행,복수 Claim 분리 후 자식별 결과 참조,"건설업 취업자도 15만명 줄었는데, 작년 12월(-15만7000명)부터 5개월째 10만명대 감소폭을 보이고 있다.",2025-05-14,,취업자 수,150000,명,2024-12,M,,,,,,,,자식별 결과,{},,한 문장을 자식 Claim으로 나눈 뒤 8번 직접값 자식만 공식 검증한 결과,,,,,,,,,,,,1,0,1,0,D:\projects\services\archived\clafact-auto\.worktrees\three-type-release\artifacts\direct_value_release_20260826\multi_type8_197_live_final\claim_verification_results.jsonl
복수문장부모요약,A01737_9,,복수 수치,8번 직접값 자식만 실행,복수 Claim 분리 후 자식별 결과 참조,반면 15~29세 청년층 고용률은 45.3%로 전년 동월 대비 0.9%포인트 감소했다.,2025-05-14,,고용률,0.9,%p,2025,Y,,,,,,,,자식별 결과,"{""NO_EVIDENCE_COORDINATE_CANDIDATE"": 1}",,한 문장을 자식 Claim으로 나눈 뒤 8번 직접값 자식만 공식 검증한 결과,,,,,,,,,,,,1,1,0,0,D:\projects\services\archived\clafact-auto\.worktrees\three-type-release\artifacts\direct_value_release_20260826\multi_type8_197_live_final\claim_verification_results.jsonl
부모겸단일결과,A01752_21,A01752_21,단일 수치,8번 직접값 제외,다른 유형으로 이동: 7번 증감률,청년층 고용률은 작년 5월(46.9%)부터 12개월 연속으로 뒷걸음질 쳤다.,2025-05-15,46.9%,고용률,46.9,%,2024-05,M,,청년,"{""raw"": ""{\""연령집단\"": \""청년\""}""}",DIRECT_VALUE,,HUMAN_REVIEW,CONTEXT_REQUIRED,HUMAN_REVIEW,RECLASSIFY_TO_GROWTH_RATE,CLAIM_PARSE,직접값이 아니라 두 기간 공식값으로 비율을 계산해야 하는 증감률 주장,,,[],[],,,,,N,,,,,,,D:\projects\services\archived\clafact-auto\.worktrees\three-type-release\artifacts\direct_value_release_20260826\single_133_live_final_v3\claim_verification_results.jsonl
복수문장부모요약,A01752_6,,복수 수치,8번 직접값 자식만 실행,복수 Claim 분리 후 자식별 결과 참조,하지만 20대 고용이 많은 제조업 분야 취업자는 12만4000명 줄어 작년 7월부터 10개월 연속 감소세를 이어갔다.,2025-05-15,,취업자 수,20,대,2024-07,M,,,,,,,,자식별 결과,{},,한 문장을 자식 Claim으로 나눈 뒤 8번 직접값 자식만 공식 검증한 결과,,,,,,,,,,,,1,0,1,0,D:\projects\services\archived\clafact-auto\.worktrees\three-type-release\artifacts\direct_value_release_20260826\multi_type8_197_live_final\claim_verification_results.jsonl
부모겸단일결과,A01752_7,A01752_7,단일 수치,8번 직접값 제외,다른 유형으로 이동: 최고·최저 기록,지난달 제조업 취업자 감소 폭은 2019년 2월(-15만1000명) 이후 6년 2개월 만에 가장 컸다.,2025-05-15,151000명,취업자 수,151000.0,명,2019-02,M,,,"{""raw"": ""{\""산업\"": [\""제조업\""]}""}",DIRECT_VALUE,"{""direction"": ""DECREASE""}",HUMAN_REVIEW,CONTEXT_REQUIRED,HUMAN_REVIEW,RECLASSIFY_TO_RECORD,CLAIM_PARSE,직접값이 아니라 과거 전체 기간과 비교해야 하는 기록 주장,,,[],[],,,,,N,,,,,,,D:\projects\services\archived\clafact-auto\.worktrees\three-type-release\artifacts\direct_value_release_20260826\single_133_live_final_v3\claim_verification_results.jsonl
부모겸단일결과,A01762_4,A01762_4,단일 수치,8번 직접값,8번 직접값 유지,한국의 1인당 GDP(국내총생산)는 지난해 기준 4926만원이다.,2025-05-16,4.926e+07원,1인당 GDP,49260000.0,원,2024,Y,전국,,,DIRECT_VALUE,,AUTO_OK,KOSIS_PIPELINE_ELIGIBLE,HOLD,NO_EVIDENCE_COORDINATE_CANDIDATE,HARD_GUARD,공식표는 찾았지만 기사 조건에 맞는 항목·지역·기간 좌표를 확정하지 못함,UNDETERMINED,,[],[],,,,,N,,,,,,,D:\projects\services\archived\clafact-auto\.worktrees\three-type-release\artifacts\direct_value_release_20260826\single_133_live_final_v3\claim_verification_results.jsonl
부모겸단일결과,A01894_4,A01894_4,단일 수치,8번 직접값,8번 직접값 유지,저출산고령사회위원회에 따르면 2023년 기준 국내 치매 인구는 124만명이다.,2025-05-26,1.24e+06명,총인구,1240000.0,명,2023,Y,전국,,,DIRECT_VALUE,,AUTO_OK,KOSIS_PIPELINE_ELIGIBLE,HOLD,NO_EVIDENCE_COORDINATE_CANDIDATE,HARD_GUARD,공식표는 찾았지만 기사 조건에 맞는 항목·지역·기간 좌표를 확정하지 못함,UNDETERMINED,,[],[],,,,,N,,,,,,,D:\projects\services\archived\clafact-auto\.worktrees\three-type-release\artifacts\direct_value_release_20260826\single_133_live_final_v3\claim_verification_results.jsonl
복수문장부모요약,A01902_19,,복수 수치,8번 직접값 자식만 실행,복수 Claim 분리 후 자식별 결과 참조,"26일 통계청에 따르면, 청년층인 15~29세 실업률은 7.3%로 코로나 대유행 막바지인 2022년(7.4%) 이후 3년 만에 4월 기준 최고다.",2025-05-27,,실업률,7.3,%,2022,Y,,,,,,,,자식별 결과,"{""NO_EVIDENCE_COORDINATE_CANDIDATE"": 1}",,한 문장을 자식 Claim으로 나눈 뒤 8번 직접값 자식만 공식 검증한 결과,,,,,,,,,,,,1,1,0,0,D:\projects\services\archived\clafact-auto\.worktrees\three-type-release\artifacts\direct_value_release_20260826\multi_type8_197_live_final\claim_verification_results.jsonl
부모겸단일결과,A01927_17,A01927_17,단일 수치,8번 직접값,8번 직접값 유지,"홍석철 서울대 경제학부 교수는 “통상 신혼 부부들이 결혼 후 3년간 아이를 많이 낳는다는 점을 고려하면, 올해는 계속 출생아가 늘어나면서 연간 합계출산율이 무난히 0.8명을 넘길 수 있을 것”이라고 했다.",2025-05-29,0.8명,출생아 수,0.8,명,2025,Y,서울,,,DIRECT_VALUE,"{""direction"": ""INCREASE""}",AUTO_OK,KOSIS_PIPELINE_ELIGIBLE,HOLD,AS_OF_UNAVAILABLE,OFFICIAL_VALUE_FETCH,기사 작성일 기준 공표된 공식값인지 확인하지 못함,UNDETERMINED,,"[{""canonical_key"": ""ORG=101|TBL=DT_1B8000G|ITM=T1|OBJ=B|MEMBER=서울특별시|PRD_SE=년|PRD_DE=2025|DIMS=B:서울특별시,A:출생아수(명)"", ""dimension_codes"": {""A"": ""10"", ""B"": ""11""}, ""dimension_members"": {""A"": ""출생아수(명)"", ""B"": ""서울특별시""}, ""itm_id"": ""T1"", ""member_code"": ""서울특별시"", ""obj_id"": ""B"", ""org_id"": ""101"", ""prd_de"": ""2025"", ""prd_se"": ""년"", ""status"": ""CONFIRMED"", ""tbl_id"": ""DT_1B8000G"", ""unit"": ""명""}]","[{""content_hash"": ""499b2c65a1597a97a34fc58f57144539e7f9c62aa93c6f897243716ea7055201"", ""evidence_key"": ""ORG=101|TBL=DT_1B8000G|ITM=T1|OBJ=B|MEMBER=서울특별시|PRD_SE=년|PRD_DE=2025|DIMS=B:서울특별시,A:출생아수(명)"", ""publication"": {""content_hash"": ""882ea1046b8fe06af80e5ccfa2f0e019e4174b51a050363f55714b66573aaacc"", ""coverage_end_period"": null, ""coverage_start_period"": null, ""evidence_scope"": ""PERIOD"", ""pub_date_text"": ""조사기준 년 익년"", ""pub_period"": ""월"", ""publication_method_url"": ""언론(보도자료), 전산망(인터넷), 간행물2024년 5월 인구동향https://mods.go.kr/board.es?mid=a10301020300&amp;bid=204"", ""published_at"": null, ""reference_period"": null, ""retrieved_at"": ""2026-08-26T08:51:56.432548Z"", ""source_url"": ""https://kosis.kr/openapi/statisticsExplData.do?method=getList&format=json&jsonVD=Y&orgId=101&tblId=DT_1B8000G&metaItm=All"", ""status"": ""UNRESOLVED""}, ""retrieved_at"": ""2026-08-26T08:56:10.238187Z"", ""source"": ""API"", ""source_url"": ""https://kosis.kr/openapi/Param/statisticsParameterData.do?method=getList&orgId=101&tblId=DT_1B8000G&itmId=T1&prdSe=Y&startPrdDe=2025&endPrdDe=2025&objL1=11&objL2=10"", ""value_last_changed_at"": null}]",https://kosis.kr/openapi/Param/statisticsParameterData.do?method=getList&orgId=101&tblId=DT_1B8000G&itmId=T1&prdSe=Y&startPrdDe=2025&endPrdDe=2025&objL1=11&objL2=10,499b2c65a1597a97a34fc58f57144539e7f9c62aa93c6f897243716ea7055201,,,N,,,,,,,D:\projects\services\archived\clafact-auto\.worktrees\three-type-release\artifacts\direct_value_release_20260826\single_133_live_final_v3\claim_verification_results.jsonl
부모겸단일결과,A01940_3,A01940_3,단일 수치,8번 직접값,8번 직접값 유지,"하지만 지난달부터 트럼프 행정부가 모든 수입차에 25% 관세를 매기면서 핵심 사업에 제동이 걸리게 되자, 한국에서 사업 일부를 축소하기 시작한 것이다.",2025-05-30,25%,수입액,25.0,%,2025-04,M,전국,,,DIRECT_VALUE,,HUMAN_REVIEW,CONTEXT_REQUIRED,HUMAN_REVIEW,INDICATOR_REFINEMENT_REQUIRED,CLAIM_PARSE,INDICATOR_REFINEMENT_REQUIRED,,,[],[],,,,,N,,,,,,,D:\projects\services\archived\clafact-auto\.worktrees\three-type-release\artifacts\direct_value_release_20260826\single_133_live_final_v3\claim_verification_results.jsonl
복수문장부모요약,A01953_7,,복수 수치,8번 직접값 자식만 실행,복수 Claim 분리 후 자식별 결과 참조,키움증권은 올해 5월 19일 기준 국내 제약 바이오 기술 수출액이 62억달러(약 8조5500억원)에 달했다고 최근 밝혔다.,2025-05-31,,수출액,6200000000,달러,2025,Y,,,,,,,,자식별 결과,"{""NO_HARD_GUARD_CANDIDATE"": 1}",,한 문장을 자식 Claim으로 나눈 뒤 8번 직접값 자식만 공식 검증한 결과,,,,,,,,,,,,1,1,0,0,D:\projects\services\archived\clafact-auto\.worktrees\three-type-release\artifacts\direct_value_release_20260826\multi_type8_197_live_final\claim_verification_results.jsonl
부모겸단일결과,A01986_11,A01986_11,단일 수치,8번 직접값,8번 직접값 유지,지난 3월 25% 관세를 부과... 철·석같이 믿었는데… 수출 15품목 중 10종 주저앉아 1일 산업통상자원부가 발표한 5월 우리 수출 실적은 최근 한국 경제에 짙게 드리운 불안함을 그대로 보여준다.,2025-06-02,25%,수출액,25.0,%,2025-03,M,전국,,,DIRECT_VALUE,,HUMAN_REVIEW,CONTEXT_REQUIRED,HUMAN_REVIEW,INDICATOR_REFINEMENT_REQUIRED,CLAIM_PARSE,INDICATOR_REFINEMENT_REQUIRED,,,[],[],,,,,N,,,,,,,D:\projects\services\archived\clafact-auto\.worktrees\three-type-release\artifacts\direct_value_release_20260826\single_133_live_final_v3\claim_verification_results.jsonl
복수문장부모요약,A01989_15,,복수 수치,8번 직접값 자식만 실행,복수 Claim 분리 후 자식별 결과 참조,작년 대미 철강 수출액은 35억5000만달러(약 4조9000억원)였다.,2025-06-02,,수출액,3550000000,달러,2024,Y,,,,,,,,자식별 결과,"{""TARGET_VALUE_NOT_IN_SOURCE_SENTENCE"": 1}",,한 문장을 자식 Claim으로 나눈 뒤 8번 직접값 자식만 공식 검증한 결과,,,,,,,,,,,,1,1,0,0,D:\projects\services\archived\clafact-auto\.worktrees\three-type-release\artifacts\direct_value_release_20260826\multi_type8_197_live_final\claim_verification_results.jsonl
복수문장부모요약,A02022_18,,복수 수치,8번 직접값 자식만 실행,복수 Claim 분리 후 자식별 결과 참조,"우리나라 역시 GDP 대비 정부 부채 비율이 2000년부터 2023년까지 34.6%포인트 늘었는데, 고령화와 관련이 높은 사회수혜금(44.5%포인트), 사회보장현물(49.8%) 지출이 큰 영향을 끼쳤다.",2025-06-05,,GDP,34.6,%p,2000,Y,,,,,,,,자식별 결과,"{""NO_HARD_GUARD_CANDIDATE"": 2}",,한 문장을 자식 Claim으로 나눈 뒤 8번 직접값 자식만 공식 검증한 결과,,,,,,,,,,,,3,2,1,0,D:\projects\services\archived\clafact-auto\.worktrees\three-type-release\artifacts\direct_value_release_20260826\multi_type8_197_live_final\claim_verification_results.jsonl
부모겸단일결과,A02053_46,A02053_46,단일 수치,8번 직접값 제외,다른 유형으로 이동: 최고·최저 기록,사람이 탑승하지 않... 착수 6년 만에 '헬기 독립'… 이라크에 1억달러 수출도 지난해 12월 이라크 내무부는 ‘한국의 수리온 헬기’를 도입하는 계약을 체결한다고 소셜미디어를 통해 밝혔다.,2025-06-07,1e+08달러,수출액,100000000.0,달러,2024-12,M,전국,,,DIRECT_VALUE,,HUMAN_REVIEW,CONTEXT_REQUIRED,HUMAN_REVIEW,RECLASSIFY_TO_RECORD,CLAIM_PARSE,직접값이 아니라 과거 전체 기간과 비교해야 하는 기록 주장,,,[],[],,,,,N,,,,,,,D:\projects\services\archived\clafact-auto\.worktrees\three-type-release\artifacts\direct_value_release_20260826\single_133_live_final_v3\claim_verification_results.jsonl
복수문장부모요약,A02096_15,,복수 수치,8번 직접값 자식만 실행,복수 Claim 분리 후 자식별 결과 참조,하지만 사회 초년생인 청년층 고용률은 46.2%로 전년 동월 대비 0.7%포인트 감소했다.,2025-06-11,,고용률,0.7,%p,2025,Y,,,,,,,,자식별 결과,"{""AMBIGUOUS_MARGIN"": 1}",,한 문장을 자식 Claim으로 나눈 뒤 8번 직접값 자식만 공식 검증한 결과,,,,,,,,,,,,1,1,0,0,D:\projects\services\archived\clafact-auto\.worktrees\three-type-release\artifacts\direct_value_release_20260826\multi_type8_197_live_final\claim_verification_results.jsonl
부모겸단일결과,A02096_7,A02096_7,단일 수치,8번 직접값 제외,다른 유형으로 이동: 6번 증감량,"건설 경기 불황으로 건설업 취업자도 10만6000명 줄어, 작년 5월 이후 1년1개월째 취업자가 줄었다.",2025-06-11,106000명,취업자 수,106000.0,명,2024-05,M,경기,,"{""raw"": ""{\""산업\"": [\""건설업\""]}""}",DIRECT_VALUE,"{""direction"": ""DECREASE""}",HUMAN_REVIEW,CONTEXT_REQUIRED,HUMAN_REVIEW,RECLASSIFY_TO_DIFFERENCE,CLAIM_PARSE,직접값이 아니라 두 기간 공식값의 차이를 계산해야 하는 증감량 주장,,,[],[],,,,,N,,,,,,,D:\projects\services\archived\clafact-auto\.worktrees\three-type-release\artifacts\direct_value_release_20260826\single_133_live_final_v3\claim_verification_results.jsonl
부모겸단일결과,A02106_12,A02106_12,단일 수치,8번 직접값,8번 직접값 유지,우리나라도 트럼프 1기 행정부 당시 2015년부터 2017년까지 평균 수출 규모를 바탕으로 연 263만t까지 무관세 수출이 가능하도록 합의했었다.,2025-06-11,2.63e+06t,수출액,2630000.0,t,2015,Y,전국,,,DIRECT_VALUE,,HUMAN_REVIEW,CONTEXT_REQUIRED,HUMAN_REVIEW,INDICATOR_REFINEMENT_REQUIRED,CLAIM_PARSE,INDICATOR_REFINEMENT_REQUIRED,,,[],[],,,,,N,,,,,,,D:\projects\services\archived\clafact-auto\.worktrees\three-type-release\artifacts\direct_value_release_20260826\single_133_live_final_v3\claim_verification_results.jsonl
복수문장부모요약,A02258_26,,복수 수치,8번 직접값 자식만 실행,복수 Claim 분리 후 자식별 결과 참조,"올해 1분기 우리나라 성장률은 -0.2%로 역성장했는데, 설비 투자 성장률은 이보다 낮은 -0.4%였다.",2025-06-23,,경제성장률,0.2,%,2025-Q1,Q,,,,,,,,자식별 결과,"{""NO_HARD_GUARD_CANDIDATE"": 1}",,한 문장을 자식 Claim으로 나눈 뒤 8번 직접값 자식만 공식 검증한 결과,,,,,,,,,,,,2,1,1,0,D:\projects\services\archived\clafact-auto\.worktrees\three-type-release\artifacts\direct_value_release_20260826\multi_type8_197_live_final\claim_verification_results.jsonl
부모겸단일결과,A02385_32,A02385_32,단일 수치,8번 직접값,8번 직접값 유지,라면에 계란을 풀어 파는 외식 라면 물가도 지난달 4%나 뛰었다.,2025-07-03,4%,물가상승률,4.0,%,2025-06,월,,,"{""raw"": ""{\""품목\"": [\""계란\""]}""}",DIRECT_VALUE,,AUTO_OK,KOSIS_PIPELINE_ELIGIBLE,HOLD,NO_HARD_GUARD_CANDIDATE,HARD_GUARD,기간·단위·지역 등 필수 조건을 모두 만족하는 공식표 후보가 없음,UNDETERMINED,,[],[],,,,,N,,,,,,,D:\projects\services\archived\clafact-auto\.worktrees\three-type-release\artifacts\direct_value_release_20260826\single_133_live_final_v3\claim_verification_results.jsonl
부모겸단일결과,A02416_7,A02416_7,단일 수치,8번 직접값,8번 직접값 유지,경제 기초 체력을 보면 한국 경제는 2%는 성장해야 한다(잠재성장률 기준). 정상적인 성장 속도의 반 토막에도 못 미치는 저성장의 덫에 빠진 올해 한국 경제에서 추경은 불가피한 측면이 있다.,2025-07-05,2%,경제성장률,2.0,%,2025,Y,전국,,,DIRECT_VALUE,,AUTO_OK,KOSIS_PIPELINE_ELIGIBLE,HOLD,NO_EVIDENCE_COORDINATE_CANDIDATE,HARD_GUARD,공식표는 찾았지만 기사 조건에 맞는 항목·지역·기간 좌표를 확정하지 못함,UNDETERMINED,,[],[],,,,,N,,,,,,,D:\projects\services\archived\clafact-auto\.worktrees\three-type-release\artifacts\direct_value_release_20260826\single_133_live_final_v3\claim_verification_results.jsonl
복수문장부모요약,A02491_9,,복수 수치,8번 직접값 자식만 실행,복수 Claim 분리 후 자식별 결과 참조,반도체 수출 비율은 19.7%로 지난해 같은 기간보다 0.6%포인트 상승했다.,2025-07-11,,수출액,0.6,%p,2024,Y,,,,,,,,자식별 결과,{},,한 문장을 자식 Claim으로 나눈 뒤 8번 직접값 자식만 공식 검증한 결과,,,,,,,,,,,,1,0,1,0,D:\projects\services\archived\clafact-auto\.worktrees\three-type-release\artifacts\direct_value_release_20260826\multi_type8_197_live_final\claim_verification_results.jsonl
부모겸단일결과,A02494_17,A02494_17,단일 수치,8번 직접값,8번 직접값 유지,지난 4월부터 25% 관세가 붙고 있는 자동차 부문은 지난해 같은 기간 GM한국의 파업으로 자동차 대미 수출이 급감했던 데 따른 ‘착시 효과’가 더해졌다는 분석이 나온다.,2025-07-11,25%,수출액,25.0,%,2025-04,M,전국,,"{""raw"": ""{\""품목\"": [\""자동차\""], \""교역상대국\"": [\""미국\""]}""}",DIRECT_VALUE,,HUMAN_REVIEW,CONTEXT_REQUIRED,HUMAN_REVIEW,INDICATOR_REFINEMENT_REQUIRED,CLAIM_PARSE,INDICATOR_REFINEMENT_REQUIRED,,,[],[],,,,,N,,,,,,,D:\projects\services\archived\clafact-auto\.worktrees\three-type-release\artifacts\direct_value_release_20260826\single_133_live_final_v3\claim_verification_results.jsonl
복수문장부모요약,A02558_11,,복수 수치,8번 직접값 자식만 실행,복수 Claim 분리 후 자식별 결과 참조,반면 국내 산업 중 가장 많은 인력을 고용하는 제조업은 지난달 취업자 수가 441만4000명으로 전년 동월 대비 8만3000명 줄었다.,2025-07-16,,취업자 수,4414000,명,2025-06,M,,,,,,,,자식별 결과,"{""NO_HARD_GUARD_CANDIDATE"": 1}",,한 문장을 자식 Claim으로 나눈 뒤 8번 직접값 자식만 공식 검증한 결과,,,,,,,,,,,,1,1,0,0,D:\projects\services\archived\clafact-auto\.worktrees\three-type-release\artifacts\direct_value_release_20260826\multi_type8_197_live_final\claim_verification_results.jsonl
부모겸단일결과,A02558_12,A02558_12,단일 수치,8번 직접값 제외,다른 유형으로 이동: 6번 증감량,제조업 취업자 수는 작년 7월(-1만1000명)부터 1년 연속으로 감소세를 이어가고 있다.,2025-07-16,11000명,취업자 수,11000.0,명,2024-07,M,,,"{""raw"": ""{\""산업\"": [\""제조업\""]}""}",DIRECT_VALUE,"{""direction"": ""DECREASE""}",HUMAN_REVIEW,CONTEXT_REQUIRED,HUMAN_REVIEW,RECLASSIFY_TO_DIFFERENCE,CLAIM_PARSE,직접값이 아니라 두 기간 공식값의 차이를 계산해야 하는 증감량 주장,,,[],[],,,,,N,,,,,,,D:\projects\services\archived\clafact-auto\.worktrees\three-type-release\artifacts\direct_value_release_20260826\single_133_live_final_v3\claim_verification_results.jsonl
복수문장부모요약,A02558_17,,복수 수치,8번 직접값 자식만 실행,복수 Claim 분리 후 자식별 결과 참조,지난달 15~29세 고용률은 45.6%로 전년 동월 대비 1%포인트 하락했다.,2025-07-16,,고용률,1,%p,2025-06,M,,,,,,,,자식별 결과,"{""WITHIN_TOLERANCE"": 1}",,한 문장을 자식 Claim으로 나눈 뒤 8번 직접값 자식만 공식 검증한 결과,,,,,,,,,,,,1,1,0,1,D:\projects\services\archived\clafact-auto\.worktrees\three-type-release\artifacts\direct_value_release_20260826\multi_type8_197_live_final\claim_verification_results.jsonl
부모겸단일결과,A02558_18,A02558_18,단일 수치,8번 직접값 제외,다른 유형으로 이동: 7번 증감률,청년층 고용률은 작년 5월(-0.7%포인트)부터 1년 넘게 감소세를 이어가고 있다.,2025-07-16,0.7%p,고용률,0.7,%p,2024-05,M,,청년,"{""raw"": ""{\""연령집단\"": \""청년\""}""}",DIRECT_VALUE,"{""direction"": ""DECREASE""}",HUMAN_REVIEW,CONTEXT_REQUIRED,HUMAN_REVIEW,RECLASSIFY_TO_GROWTH_RATE,CLAIM_PARSE,직접값이 아니라 두 기간 공식값으로 비율을 계산해야 하는 증감률 주장,,,[],[],,,,,N,,,,,,,D:\projects\services\archived\clafact-auto\.worktrees\three-type-release\artifacts\direct_value_release_20260826\single_133_live_final_v3\claim_verification_results.jsonl
복수문장부모요약,A02558_9,,복수 수치,8번 직접값 자식만 실행,복수 Claim 분리 후 자식별 결과 참조,고령 돌봄 수요 확대 등에 따라 지난달 보건·사회복지서비스업 취업자 수는 323만4000명으로 전년 동월 대비 21만6000명 증가했다.,2025-07-16,,취업자 수,3234000,명,2025-06,M,,,,,,,,자식별 결과,"{""NO_HARD_GUARD_CANDIDATE"": 1}",,한 문장을 자식 Claim으로 나눈 뒤 8번 직접값 자식만 공식 검증한 결과,,,,,,,,,,,,1,1,0,0,D:\projects\services\archived\clafact-auto\.worktrees\three-type-release\artifacts\direct_value_release_20260826\multi_type8_197_live_final\claim_verification_results.jsonl
부모겸단일결과,A02569_10,A02569_10,단일 수치,8번 직접값 제외,다른 유형으로 이동: 6번 증감량,"건설 경기 불황으로 건설업 취업자도 9만7000명 줄어, 작년 5월 이후 1년 2개월째 감소세다.",2025-07-17,97000명,취업자 수,97000.0,명,2024-05,M,경기,,"{""raw"": ""{\""산업\"": [\""건설업\""]}""}",DIRECT_VALUE,"{""direction"": ""DECREASE""}",HUMAN_REVIEW,CONTEXT_REQUIRED,HUMAN_REVIEW,RECLASSIFY_TO_DIFFERENCE,CLAIM_PARSE,직접값이 아니라 두 기간 공식값의 차이를 계산해야 하는 증감량 주장,,,[],[],,,,,N,,,,,,,D:\projects\services\archived\clafact-auto\.worktrees\three-type-release\artifacts\direct_value_release_20260826\single_133_live_final_v3\claim_verification_results.jsonl
부모겸단일결과,A02609_7,A02609_7,단일 수치,8번 직접값 제외,다른 유형으로 이동: 7번 증감률,국가데이터처가 지난 2일 발표한 '9월 소비자물가 동향'에 따르면 쌀 소비자물가는 지난해 같은 달보다 15.9% 올랐다.,2025-10-04,15.9%,소비자물가 상승률,15.9,%,2024,Y,,,"{""raw"": ""{\""품목\"": [\""쌀\""]}""}",DIRECT_VALUE,,HUMAN_REVIEW,CONTEXT_REQUIRED,HUMAN_REVIEW,RECLASSIFY_TO_GROWTH_RATE,CLAIM_PARSE,직접값이 아니라 두 기간 공식값으로 비율을 계산해야 하는 증감률 주장,,,[],[],,,,,N,,,,,,,D:\projects\services\archived\clafact-auto\.worktrees\three-type-release\artifacts\direct_value_release_20260826\single_133_live_final_v3\claim_verification_results.jsonl
복수문장부모요약,A02617_1,,복수 수치,8번 직접값 자식만 실행,복수 Claim 분리 후 자식별 결과 참조,지난해 ‘인구 감소 지역’ 4곳 중 3곳의 자살률이 전국 평균보다 높은 것으로 나타났다.,2025-10-09,,총인구,4,곳,2024,Y,,,,,,,,자식별 결과,{},,한 문장을 자식 Claim으로 나눈 뒤 8번 직접값 자식만 공식 검증한 결과,,,,,,,,,,,,1,0,1,0,D:\projects\services\archived\clafact-auto\.worktrees\three-type-release\artifacts\direct_value_release_20260826\multi_type8_197_live_final\claim_verification_results.jsonl
복수문장부모요약,A02617_13,,복수 수치,8번 직접값 자식만 실행,복수 Claim 분리 후 자식별 결과 참조,"예컨대, 지난해 우리나라 인구 10만명당 정신과 의사는 8.3명인데, 인구 감소 지역은 이에 못 미친다.",2025-10-09,,총인구,100000,명,2024,Y,,,,,,,,자식별 결과,"{""RECLASSIFY_TO_DIFFERENCE"": 1}",,한 문장을 자식 Claim으로 나눈 뒤 8번 직접값 자식만 공식 검증한 결과,,,,,,,,,,,,1,1,0,0,D:\projects\services\archived\clafact-auto\.worktrees\three-type-release\artifacts\direct_value_release_20260826\multi_type8_197_live_final\claim_verification_results.jsonl
복수문장부모요약,A02617_2,,복수 수치,8번 직접값 자식만 실행,복수 Claim 분리 후 자식별 결과 참조,9일 국회 보건복지위원회 소속 김선민(조국혁신당) 의원이 국가데이터처 자료를 분석한 결과 인구 감소 지역으로 지정된 전국 89개 시군구의 지난해 자살률은 인구 10만명당 36.3명이었다.,2025-10-09,,총인구,89,개,2024,Y,,,,,,,,자식별 결과,"{""TARGET_VALUE_NOT_IN_SOURCE_SENTENCE"": 1}",,한 문장을 자식 Claim으로 나눈 뒤 8번 직접값 자식만 공식 검증한 결과,,,,,,,,,,,,1,1,0,0,D:\projects\services\archived\clafact-auto\.worktrees\three-type-release\artifacts\direct_value_release_20260826\multi_type8_197_live_final\claim_verification_results.jsonl
복수문장부모요약,A02639_9,,복수 수치,8번 직접값 자식만 실행,복수 Claim 분리 후 자식별 결과 참조,지난달에는 민생회복 소비쿠폰 효과로 취업자 수가 30만명 넘게 늘었지만 주로 단기직에 집중되면서 청년층은 오히려 14만6000명 감소했다.,2025-10-19,,취업자 수,300000,명,2025-09,M,,,,,,,,자식별 결과,"{""RECLASSIFY_TO_DIFFERENCE"": 2}",,한 문장을 자식 Claim으로 나눈 뒤 8번 직접값 자식만 공식 검증한 결과,,,,,,,,,,,,2,2,0,0,D:\projects\services\archived\clafact-auto\.worktrees\three-type-release\artifacts\direct_value_release_20260826\multi_type8_197_live_final\claim_verification_results.jsonl
복수문장부모요약,A02647_16,,복수 수치,8번 직접값 자식만 실행,복수 Claim 분리 후 자식별 결과 참조,"전년 동월 대비 비정규직이 늘어난 산업은 보건사회복지업(21만명), 운수창고업(3만9000명)이었고, 숙박음식업(-5만8000명), 건설업(-5만1000명), 도소매업(-4만1000명), 제조업(-3만2000명)은 감소했다.",2025-10-22,,비정규직 규모/비율,210000,명,2025,Y,,,,,,,,자식별 결과,"{""문장에 산업별로 서로 독립적으로 검증 가능한 증감 수치가 여러 개 포함되어 있어 단일 Claim으로 확정하지 않음"": 1, ""운수창고업의 전년 동월 대비 증가 폭은 명확하지만, 기사에 현재 대상 월이 명시되지 않아 claim target time을 특정할 수 없음"": 1}",,한 문장을 자식 Claim으로 나눈 뒤 8번 직접값 자식만 공식 검증한 결과,,,,,,,,,,,,6,2,4,0,D:\projects\services\archived\clafact-auto\.worktrees\three-type-release\artifacts\direct_value_release_20260826\multi_type8_197_live_final\claim_verification_results.jsonl
복수문장부모요약,A02656_11,,복수 수치,8번 직접값 자식만 실행,복수 Claim 분리 후 자식별 결과 참조,취업자 수가 31만2000명 증가한 지난 9월 보건업 및 사회복지 서비스업에서는 30만4000명이 늘었다.,2025-10-27,,취업자 수,312000,명,2025-09,M,,,,,,,,자식별 결과,"{""RECLASSIFY_TO_DIFFERENCE"": 2}",,한 문장을 자식 Claim으로 나눈 뒤 8번 직접값 자식만 공식 검증한 결과,,,,,,,,,,,,2,2,0,0,D:\projects\services\archived\clafact-auto\.worktrees\three-type-release\artifacts\direct_value_release_20260826\multi_type8_197_live_final\claim_verification_results.jsonl
부모겸단일결과,A02656_28,A02656_28,단일 수치,8번 직접값,8번 직접값 유지,이는 지난해 1인 가구 최저생계비(133만원)에 못 미치는 수준이다.,2025-10-27,1.33e+06원,1인 가구 수,1330000.0,원,2024,Y,,1인 가구,,THRESHOLD,"{""operator"": ""LTE"", ""threshold_unit"": ""원"", ""threshold_value"": ""1330000.0""}",HUMAN_REVIEW,CONTEXT_REQUIRED,HUMAN_REVIEW,INDICATOR_UNIT_MEASURE_MISMATCH,CLAIM_PARSE,INDICATOR_UNIT_MEASURE_MISMATCH,,,[],[],,,,,N,,,,,,,D:\projects\services\archived\clafact-auto\.worktrees\three-type-release\artifacts\direct_value_release_20260826\single_133_live_final_v3\claim_verification_results.jsonl
부모겸단일결과,A02656_5,A02656_5,단일 수치,8번 직접값 제외,다른 유형으로 이동: 7번 증감률,1분기 우리나라 실질 국내총생산은 0.2% 뒷걸음질 쳤다.,2025-10-27,0.2%,GDP,0.2,%,2025-Q1,Q,전국,,,DIRECT_VALUE,,HUMAN_REVIEW,CONTEXT_REQUIRED,HUMAN_REVIEW,RECLASSIFY_TO_GROWTH_RATE,CLAIM_PARSE,직접값이 아니라 두 기간 공식값으로 비율을 계산해야 하는 증감률 주장,,,[],[],,,,,N,,,,,,,D:\projects\services\archived\clafact-auto\.worktrees\three-type-release\artifacts\direct_value_release_20260826\single_133_live_final_v3\claim_verification_results.jsonl
복수문장부모요약,A02676_2,,복수 수치,8번 직접값 자식만 실행,복수 Claim 분리 후 자식별 결과 참조,"2일 국가데이터처에 따르면, 올해 3분기(7~9월) 15~29세 실업률은 5.1%로 전년 같은 기간(4.9%) 대비 0.2%포인트 상승했다.",2025-11-03,,실업률,0.2,%p,2025-Q3,Q,,,,,,,,자식별 결과,{},,한 문장을 자식 Claim으로 나눈 뒤 8번 직접값 자식만 공식 검증한 결과,,,,,,,,,,,,1,0,1,0,D:\projects\services\archived\clafact-auto\.worktrees\three-type-release\artifacts\direct_value_release_20260826\multi_type8_197_live_final\claim_verification_results.jsonl
부모겸단일결과,A02676_3,A02676_3,단일 수치,8번 직접값 제외,다른 유형으로 이동: 6번 증감량,작년 4분기 이후 4개 분기 연속으로 청년 실업률이 악화했다.,2025-11-03,4개,실업률,4.0,개,2024-Q4,Q,,청년,"{""raw"": ""{\""연령집단\"": \""청년\""}""}",DIRECT_VALUE,,HUMAN_REVIEW,CONTEXT_REQUIRED,HUMAN_REVIEW,RECLASSIFY_TO_DIFFERENCE,CLAIM_PARSE,직접값이 아니라 두 기간 공식값의 차이를 계산해야 하는 증감량 주장,,,[],[],,,,,N,,,,,,,D:\projects\services\archived\clafact-auto\.worktrees\three-type-release\artifacts\direct_value_release_20260826\single_133_live_final_v3\claim_verification_results.jsonl
복수문장부모요약,A02680_2,,복수 수치,8번 직접값 자식만 실행,복수 Claim 분리 후 자식별 결과 참조,"3일 국가데이터처의 경제활동인구조사 마이크로데이터를 분석한 결과에 따르면, 지난 9월 기준 국내 부업자 수는 67만9367명으로 지난해 9월(65만5475명)보다 2만4000명가량 늘었다.",2025-11-04,,경제활동인구,679367,명,2024-09,M,,,,,,,,자식별 결과,"{""NO_HARD_GUARD_CANDIDATE"": 1}",,한 문장을 자식 Claim으로 나눈 뒤 8번 직접값 자식만 공식 검증한 결과,,,,,,,,,,,,1,1,0,0,D:\projects\services\archived\clafact-auto\.worktrees\three-type-release\artifacts\direct_value_release_20260826\multi_type8_197_live_final\claim_verification_results.jsonl
복수문장부모요약,A02693_1,,복수 수치,8번 직접값 자식만 실행,복수 Claim 분리 후 자식별 결과 참조,코로나 팬데믹 이전 3%대 중후반대였던 실업률이 2022년 이후 2% 중후반대로 낮아진 현상의 상당 부분이 청년층의 구직 포기 때문이라는 국책 연구 기관의 분석 결과가 6일 나왔다.,2025-11-06,,실업률,3,%,2022,Y,,,,,,,,자식별 결과,{},,한 문장을 자식 Claim으로 나눈 뒤 8번 직접값 자식만 공식 검증한 결과,,,,,,,,,,,,1,0,1,0,D:\projects\services\archived\clafact-auto\.worktrees\three-type-release\artifacts\direct_value_release_20260826\multi_type8_197_live_final\claim_verification_results.jsonl
복수문장부모요약,A00006_11,,복수 수치,8번 직접값 자식만 실행,복수 Claim 분리 후 자식별 결과 참조,"자동차 수출은 하반기 주요 완성차·부품업계 파업 등에 따른 일부 생산 차질 영향으로 전년도와 보합세인 708억 달러(-0.1%)를 기록하였으며, 2년 연속 700억 달러 이상의 호실적을 이어갔다.",2025-01-01,,수출액,70800000000,달러,2025,Y,,,,,,,,자식별 결과,"{""TARGET_NOT_FOUND_IN_SOURCE"": 1}",,한 문장을 자식 Claim으로 나눈 뒤 8번 직접값 자식만 공식 검증한 결과,,,,,,,,,,,,1,1,0,0,D:\projects\services\archived\clafact-auto\.worktrees\three-type-release\artifacts\direct_value_release_20260826\multi_type8_197_live_final\claim_verification_results.jsonl
복수문장부모요약,A00006_9,,복수 수치,8번 직접값 자식만 실행,복수 Claim 분리 후 자식별 결과 참조,"◇반도체, 자동차가 이끌고 바이오, 농수산, 화장품 등도 고르게 증가 품목별로는 최대 수출품목인 반도체가 43.9% 증가한 1419억 달러를 기록, 2023년 11월 이후 14개월 연속 증가 흐름을 이어가면서 기존 최대 실적인 2022년 1292억 달러를 2년 만에 경신했다.",2025-01-01,,수출액,43.9,%,2023-11,M,,,,,,,,자식별 결과,"{""TARGET_NOT_FOUND_IN_SOURCE"": 1}",,한 문장을 자식 Claim으로 나눈 뒤 8번 직접값 자식만 공식 검증한 결과,,,,,,,,,,,,1,1,0,0,D:\projects\services\archived\clafact-auto\.worktrees\three-type-release\artifacts\direct_value_release_20260826\multi_type8_197_live_final\claim_verification_results.jsonl
부모겸단일결과,A00308_18,A00308_18,단일 수치,8번 직접값,8번 직접값 유지,이정희 중앙대 교수는 “작년 한국 인구의 20%가 65세 이상인 초고령사회로 진입하면서 구조적으로 소비 동력이 떨어져 내수가 살아나기 쉽지 않다”고 했다.,2025-01-24,20%,총인구,20.0,%,2024,Y,전국,65세 이상 인구,"{""raw"": ""{\""연령\"": \""65세 이상\""}""}",THRESHOLD,"{""operator"": ""GTE"", ""threshold_unit"": ""%"", ""threshold_value"": ""20.0""}",HUMAN_REVIEW,CONTEXT_REQUIRED,HUMAN_REVIEW,INDICATOR_REFINEMENT_REQUIRED,CLAIM_PARSE,INDICATOR_REFINEMENT_REQUIRED,,,[],[],,,,,N,,,,,,,D:\projects\services\archived\clafact-auto\.worktrees\three-type-release\artifacts\direct_value_release_20260826\single_133_live_final_v3\claim_verification_results.jsonl
복수문장부모요약,A00448_30,,복수 수치,8번 직접값 자식만 실행,복수 Claim 분리 후 자식별 결과 참조,"동남아시아 사업 확장을 위한 인터내셔널헤드쿼터(iHQ) 조직도 새로 구성할... 내수 부진에 계엄·탄핵 '겹악재'...청년 고용률 43개월 만에 최저 지난해 하반기부터 내수 경기가 부진한 와중에, 계엄·탄핵 사태와 초유의 현직 대통령 구속까지 겹치며 청년 고용이 4년 만에 최저 수준으로 떨어졌... 소상공인 45% ""작년 월평균 영업이익 200만원 이하"" 국내 소상공인 10명 중 7명은 지난해 경영 실적이 좋지 않았다고 응답했다.",2025-02-04,,고용률,45,%,2024,Y,,,,,,,,자식별 결과,{},,한 문장을 자식 Claim으로 나눈 뒤 8번 직접값 자식만 공식 검증한 결과,,,,,,,,,,,,2,0,2,0,D:\projects\services\archived\clafact-auto\.worktrees\three-type-release\artifacts\direct_value_release_20260826\multi_type8_197_live_final\claim_verification_results.jsonl
복수문장부모요약,A00579_10,,복수 수치,8번 직접값 자식만 실행,복수 Claim 분리 후 자식별 결과 참조,노인 일자리에 참여하려는 고령층도 다수 몰리며 65세 이상 실업률이 9.6%로 전년 동월 대비 0.2%포인트 오르기도 했다.,2025-02-14,,실업률,0.2,%p,2025,Y,,,,,,,,자식별 결과,{},,한 문장을 자식 Claim으로 나눈 뒤 8번 직접값 자식만 공식 검증한 결과,,,,,,,,,,,,1,0,1,0,D:\projects\services\archived\clafact-auto\.worktrees\three-type-release\artifacts\direct_value_release_20260826\multi_type8_197_live_final\claim_verification_results.jsonl
부모겸단일결과,A00579_19,A00579_19,단일 수치,8번 직접값 제외,다른 유형으로 이동: 6번 증감량,"지난달 건설업 취업자는 전년 동월 대비 16만9000명 감소하면서, 지난 2013년 관련 통계 작성 이래 최대 감소폭을 보였다.",2025-02-14,169000명,취업자 수,169000.0,명,2013,Y,,,"{""raw"": ""{\""산업\"": [\""건설업\""]}""}",THRESHOLD,"{""direction"": ""DECREASE"", ""operator"": ""MAX""}",HUMAN_REVIEW,CONTEXT_REQUIRED,HUMAN_REVIEW,RECLASSIFY_TO_DIFFERENCE,CLAIM_PARSE,직접값이 아니라 두 기간 공식값의 차이를 계산해야 하는 증감량 주장,,,[],[],,,,,N,,,,,,,D:\projects\services\archived\clafact-auto\.worktrees\three-type-release\artifacts\direct_value_release_20260826\single_133_live_final_v3\claim_verification_results.jsonl
부모겸단일결과,A00579_9,A00579_9,단일 수치,8번 직접값 제외,다른 유형으로 이동: 6번 증감량,이 덕분에 지난달 65세 이상 고령층 취업자만 33만8000명 늘었다.,2025-02-14,338000명,취업자 수,338000.0,명,2025-01,M,,65세 이상 인구,"{""raw"": ""{\""연령\"": \""65세 이상\""}""}",THRESHOLD,"{""operator"": ""GTE""}",HUMAN_REVIEW,CONTEXT_REQUIRED,HUMAN_REVIEW,RECLASSIFY_TO_DIFFERENCE,CLAIM_PARSE,직접값이 아니라 두 기간 공식값의 차이를 계산해야 하는 증감량 주장,,,[],[],,,,,N,,,,,,,D:\projects\services\archived\clafact-auto\.worktrees\three-type-release\artifacts\direct_value_release_20260826\single_133_live_final_v3\claim_verification_results.jsonl
복수문장부모요약,A00760_3,,복수 수치,8번 직접값 자식만 실행,복수 Claim 분리 후 자식별 결과 참조,"공정위는 자산총액이 전년도 명목 국내총생산(GDP)의 0.5% 이상(지난해는 10조4000억원)인 기업집단을 ‘상호출자제한 기업집단’으로, 자산 5조원 이상인 경우 ‘공시대상 기업집단’으로 지정한다.",2025-02-28,,GDP,0.5,%,2024,Y,,,,,,,,자식별 결과,"{""MISSING_REQUIRED_SLOTS:time"": 2}",,한 문장을 자식 Claim으로 나눈 뒤 8번 직접값 자식만 공식 검증한 결과,,,,,,,,,,,,2,2,0,0,D:\projects\services\archived\clafact-auto\.worktrees\three-type-release\artifacts\direct_value_release_20260826\multi_type8_197_live_final\claim_verification_results.jsonl
복수문장부모요약,A00838_16,,복수 수치,8번 직접값 자식만 실행,복수 Claim 분리 후 자식별 결과 참조,실제 우리나라 인구는 지난해 12만명 줄어드는 등 5년간 45만명 이상 감소했다.,2025-03-06,,총인구,120000,명,2024,Y,,,,,,,,자식별 결과,"{""RECLASSIFY_TO_DIFFERENCE"": 2}",,한 문장을 자식 Claim으로 나눈 뒤 8번 직접값 자식만 공식 검증한 결과,,,,,,,,,,,,2,2,0,0,D:\projects\services\archived\clafact-auto\.worktrees\three-type-release\artifacts\direct_value_release_20260826\multi_type8_197_live_final\claim_verification_results.jsonl
부모겸단일결과,A00872_1,A00872_1,단일 수치,8번 직접값 제외,다른 유형으로 이동: 6번 증감량,"인천시가 작년 1월 인구 300만명을 돌파한 이후 꾸준한 상승세를 보이며, 전국에서 가장 높은 인구 증가율을 기록했다.",2025-03-09,3e+06명,총인구,3000000.0,명,2024-01,M,인천,,,THRESHOLD,"{""direction"": ""INCREASE"", ""operator"": ""GT""}",HUMAN_REVIEW,CONTEXT_REQUIRED,HUMAN_REVIEW,RECLASSIFY_TO_DIFFERENCE,CLAIM_PARSE,직접값이 아니라 두 기간 공식값의 차이를 계산해야 하는 증감량 주장,,,[],[],,,,,N,,,,,,,D:\projects\services\archived\clafact-auto\.worktrees\three-type-release\artifacts\direct_value_release_20260826\single_133_live_final_v3\claim_verification_results.jsonl
복수문장부모요약,A00899_16,,복수 수치,8번 직접값 자식만 실행,복수 Claim 분리 후 자식별 결과 참조,"자동차 수출이 315만대를 기록한 2011년엔 466만대였고, 2012~2015년에도 450만대를 웃돌았다.",2025-03-11,,수출액,3150000,대,2011,Y,,,,,,,,자식별 결과,{},,한 문장을 자식 Claim으로 나눈 뒤 8번 직접값 자식만 공식 검증한 결과,,,,,,,,,,,,1,0,1,0,D:\projects\services\archived\clafact-auto\.worktrees\three-type-release\artifacts\direct_value_release_20260826\multi_type8_197_live_final\claim_verification_results.jsonl
복수문장부모요약,A00922_4,,복수 수치,8번 직접값 자식만 실행,복수 Claim 분리 후 자식별 결과 참조,◇‘쉬었음’ 청년 50만명 넘어 12일 통계청은 ‘2월 고용 동향’에서 지난달 15~29세 청년층의 ‘쉬었음’ 인구가 50만4000명으로 전년 같은 달 대비 6만1000명 늘었다고 밝혔다.,2025-03-12,,총인구,500000,명,2025-02,M,,,,,,,,자식별 결과,"{""NO_EVIDENCE_COORDINATE_CANDIDATE"": 1}",,한 문장을 자식 Claim으로 나눈 뒤 8번 직접값 자식만 공식 검증한 결과,,,,,,,,,,,,1,1,0,0,D:\projects\services\archived\clafact-auto\.worktrees\three-type-release\artifacts\direct_value_release_20260826\multi_type8_197_live_final\claim_verification_results.jsonl
부모겸단일결과,A00922_5,A00922_5,단일 수치,8번 직접값,8번 직접값 유지,청년층 쉬었음 인구가 50만명을 넘어선 것은 2003년 통계 작성 이래 최초다.,2025-03-12,500000명,총인구,500000.0,명,2003,Y,,청년,"{""raw"": ""{\""연령집단\"": \""청년\""}""}",THRESHOLD,"{""operator"": ""GT"", ""threshold_unit"": ""명"", ""threshold_value"": ""500000.0""}",AUTO_OK,KOSIS_PIPELINE_ELIGIBLE,HOLD,NO_EVIDENCE_COORDINATE_CANDIDATE,HARD_GUARD,공식표는 찾았지만 기사 조건에 맞는 항목·지역·기간 좌표를 확정하지 못함,UNDETERMINED,,[],[],,,,,N,,,,,,,D:\projects\services\archived\clafact-auto\.worktrees\three-type-release\artifacts\direct_value_release_20260826\single_133_live_final_v3\claim_verification_results.jsonl
복수문장부모요약,A01120_8,,복수 수치,8번 직접값 자식만 실행,복수 Claim 분리 후 자식별 결과 참조,지난해 우리나라 자동차 수출액(708억달러) 중에서 대미 수출액은 49%를 웃돌았다.,2025-03-28,,수출액,70800000000,달러,2024,Y,,,,,,,,자식별 결과,"{""KOSIS_CATALOG_UNAVAILABLE"": 1}",,한 문장을 자식 Claim으로 나눈 뒤 8번 직접값 자식만 공식 검증한 결과,,,,,,,,,,,,1,1,0,0,D:\projects\services\archived\clafact-auto\.worktrees\three-type-release\artifacts\direct_value_release_20260826\multi_type8_197_live_final\claim_verification_results.jsonl
부모겸단일결과,A01149_18,A01149_18,단일 수치,8번 직접값,8번 직접값 유지,지난해 대미수출액(약 61조3533억원)을 넘어서는 규모다.,2025-03-30,6.13533e+13원,수출액,61353300000000.0,원,2024,Y,,,"{""raw"": ""{\""교역상대국\"": [\""미국\""]}""}",THRESHOLD,"{""operator"": ""GT"", ""threshold_unit"": ""원"", ""threshold_value"": ""61353300000000.0""}",AUTO_OK,KOSIS_PIPELINE_ELIGIBLE,HOLD,NO_EVIDENCE_COORDINATE_CANDIDATE,HARD_GUARD,공식표는 찾았지만 기사 조건에 맞는 항목·지역·기간 좌표를 확정하지 못함,UNDETERMINED,,[],[],,,,,N,,,,,,,D:\projects\services\archived\clafact-auto\.worktrees\three-type-release\artifacts\direct_value_release_20260826\single_133_live_final_v3\claim_verification_results.jsonl
복수문장부모요약,A01254_41,,복수 수치,8번 직접값 자식만 실행,복수 Claim 분리 후 자식별 결과 참조,작년 남성 일반 혼인율은 9.9건으로 그해 혼인 건수(22만2412건)를 15세 이상 남성 인구(2245만9000명)로 나눈 후 1000을 곱한 값이다.,2025-04-07,,총인구,9.9,건,2024,Y,,,,,,,,자식별 결과,"{""TARGET_VALUE_NOT_IN_SOURCE_SENTENCE"": 1}",,한 문장을 자식 Claim으로 나눈 뒤 8번 직접값 자식만 공식 검증한 결과,,,,,,,,,,,,1,1,0,0,D:\projects\services\archived\clafact-auto\.worktrees\three-type-release\artifacts\direct_value_release_20260826\multi_type8_197_live_final\claim_verification_results.jsonl
부모겸단일결과,A01292_1,A01292_1,단일 수치,8번 직접값 제외,다른 유형으로 이동: 최고·최저 기록,0 청년 실업률이 지난달 7.5%까지 치솟으며 코로나 위기 때인 2021년 이후 4년 만에 최대치를 기록했다.,2025-04-10,7.5%,실업률,7.5,%,2021,Y,,청년,"{""raw"": ""{\""연령집단\"": \""청년\""}""}",THRESHOLD,"{""operator"": ""MAX""}",HUMAN_REVIEW,CONTEXT_REQUIRED,HUMAN_REVIEW,RECLASSIFY_TO_RECORD,CLAIM_PARSE,직접값이 아니라 과거 전체 기간과 비교해야 하는 기록 주장,,,[],[],,,,,N,,,,,,,D:\projects\services\archived\clafact-auto\.worktrees\three-type-release\artifacts\direct_value_release_20260826\single_133_live_final_v3\claim_verification_results.jsonl
부모겸단일결과,A01292_8,A01292_8,단일 수치,8번 직접값 제외,다른 유형으로 이동: 7번 증감률,"특히 건설업 취업자 수는 전년 동월 대비 8.7% 줄었는데, 2013년 관련 통계 작성 이래 최대 감소 폭이다.",2025-04-10,8.7%,취업자 수,8.7,%,2013,Y,,,"{""raw"": ""{\""산업\"": [\""건설업\""]}""}",THRESHOLD,"{""direction"": ""DECREASE"", ""operator"": ""MAX""}",HUMAN_REVIEW,CONTEXT_REQUIRED,HUMAN_REVIEW,RECLASSIFY_TO_GROWTH_RATE,CLAIM_PARSE,직접값이 아니라 두 기간 공식값으로 비율을 계산해야 하는 증감률 주장,,,[],[],,,,,N,,,,,,,D:\projects\services\archived\clafact-auto\.worktrees\three-type-release\artifacts\direct_value_release_20260826\single_133_live_final_v3\claim_verification_results.jsonl
복수문장부모요약,A01359_11,,복수 수치,8번 직접값 자식만 실행,복수 Claim 분리 후 자식별 결과 참조,"지난달 제조업 취업자는 전년 동월 대비 11만2000명 줄며 4년 4개월 만에 최대 감소 폭을 기록했고, 건설업 취업자는 18만5000명 급감하면서 2013년 관련 통계 집계 이래 최대 감소 폭을 보였다.",2025-04-15,,취업자 수,112000,명,2013,Y,,,,,,,,자식별 결과,{},,한 문장을 자식 Claim으로 나눈 뒤 8번 직접값 자식만 공식 검증한 결과,,,,,,,,,,,,2,0,2,0,D:\projects\services\archived\clafact-auto\.worktrees\three-type-release\artifacts\direct_value_release_20260826\multi_type8_197_live_final\claim_verification_results.jsonl
복수문장부모요약,A01385_9,,복수 수치,8번 직접값 자식만 실행,복수 Claim 분리 후 자식별 결과 참조,농가 인구 가운데 65세 이상 고령 인구가 차지하는 비율은 지난해 55.8%로 2023년 52.6%보다 3.2%포인트 상승했다.,2025-04-17,,고령인구 수,3.2,%p,2023,Y,,,,,,,,자식별 결과,"{""RECLASSIFY_TO_SHARE"": 1}",,한 문장을 자식 Claim으로 나눈 뒤 8번 직접값 자식만 공식 검증한 결과,,,,,,,,,,,,1,1,0,0,D:\projects\services\archived\clafact-auto\.worktrees\three-type-release\artifacts\direct_value_release_20260826\multi_type8_197_live_final\claim_verification_results.jsonl
복수문장부모요약,A01410_2,,복수 수치,8번 직접값 자식만 실행,복수 Claim 분리 후 자식별 결과 참조,한국무역협회는 올해 1분기 한국의 대미 무역수지 흑자가 133억8000만달러로 작년 동기(132억2000만달러)보다 소폭 웃돌았다고 19일 밝혔다.,2025-04-19,,무역수지,13380000000,달러,2024-Q1,Q,,,,,,,,자식별 결과,"{""NO_HARD_GUARD_CANDIDATE"": 1}",,한 문장을 자식 Claim으로 나눈 뒤 8번 직접값 자식만 공식 검증한 결과,,,,,,,,,,,,1,1,0,0,D:\projects\services\archived\clafact-auto\.worktrees\three-type-release\artifacts\direct_value_release_20260826\multi_type8_197_live_final\claim_verification_results.jsonl
복수문장부모요약,A01455_3,,복수 수치,8번 직접값 자식만 실행,복수 Claim 분리 후 자식별 결과 참조,4월 대미 수출이 이 같은 추세로 마감된다면 코로나 시기였던 2020년 5월(-29.4%) 이후 월간 기준 10% 이상 처음 줄어들게 된다.,2025-04-22,,수출액,10,%,2020-05,M,,,,,,,,자식별 결과,"{""RECLASSIFY_TO_GROWTH_RATE"": 1}",,한 문장을 자식 Claim으로 나눈 뒤 8번 직접값 자식만 공식 검증한 결과,,,,,,,,,,,,1,1,0,0,D:\projects\services\archived\clafact-auto\.worktrees\three-type-release\artifacts\direct_value_release_20260826\multi_type8_197_live_final\claim_verification_results.jsonl
복수문장부모요약,A01528_6,,복수 수치,8번 직접값 자식만 실행,복수 Claim 분리 후 자식별 결과 참조,"하지만 지난 1분기까지 4개 분기 연속 성장률이 0.1%를 밑돌자, 경기 부양에 추가 재정을 투입할 수 있다고 공식화한 것이다.",2025-04-28,,경제성장률,4,개,2025-Q1,Q,,,,,,,,자식별 결과,"{""NO_HARD_GUARD_CANDIDATE"": 1}",,한 문장을 자식 Claim으로 나눈 뒤 8번 직접값 자식만 공식 검증한 결과,,,,,,,,,,,,1,1,0,0,D:\projects\services\archived\clafact-auto\.worktrees\three-type-release\artifacts\direct_value_release_20260826\multi_type8_197_live_final\claim_verification_results.jsonl
복수문장부모요약,A01578_9,,복수 수치,8번 직접값 자식만 실행,복수 Claim 분리 후 자식별 결과 참조,"이는 자산 총액이 최근 명목 GDP 확정치의 0.5%(올해는 11조6000억원) 이상인 경우 지정되는데, 올해 두나무와 한국앤컴퍼니가 새로 들어오면서 46곳이 됐다.",2025-05-02,,GDP,0.5,%,2025,Y,,,,,,,,자식별 결과,"{""TARGET_NOT_FOUND_IN_SOURCE"": 1}",,한 문장을 자식 Claim으로 나눈 뒤 8번 직접값 자식만 공식 검증한 결과,,,,,,,,,,,,1,1,0,0,D:\projects\services\archived\clafact-auto\.worktrees\three-type-release\artifacts\direct_value_release_20260826\multi_type8_197_live_final\claim_verification_results.jsonl
복수문장부모요약,A01737_8,,복수 수치,8번 직접값 자식만 실행,복수 Claim 분리 후 자식별 결과 참조,지난달 65세 이상 고용률은 40.4%로 전년 동월 대비 1.2%포인트 올랐다.,2025-05-14,,고용률,1.2,%p,2025-04,M,,,,,,,,자식별 결과,"{""WITHIN_TOLERANCE"": 1}",,한 문장을 자식 Claim으로 나눈 뒤 8번 직접값 자식만 공식 검증한 결과,,,,,,,,,,,,1,1,0,1,D:\projects\services\archived\clafact-auto\.worktrees\three-type-release\artifacts\direct_value_release_20260826\multi_type8_197_live_final\claim_verification_results.jsonl
복수문장부모요약,A01903_6,,복수 수치,8번 직접값 자식만 실행,복수 Claim 분리 후 자식별 결과 참조,"지난해 기준 65세 이상 연금 소득자의 월평균 연금 소득은 70~80만원 수준으로, 같은 해 1인 가구 월 최저 생계비(134만원)에 못 미친다는 설명이다.",2025-05-27,,1인 가구 수,800000,원,2024,Y,,,,,,,,자식별 결과,"{""RECLASSIFY_TO_RECORD"": 1, ""중심 수치가 70~80만원의 범위로 제시되어 단일 value 슬롯으로 정확히 표현할 수 없음"": 1}",,한 문장을 자식 Claim으로 나눈 뒤 8번 직접값 자식만 공식 검증한 결과,,,,,,,,,,,,2,2,0,0,D:\projects\services\archived\clafact-auto\.worktrees\three-type-release\artifacts\direct_value_release_20260826\multi_type8_197_live_final\claim_verification_results.jsonl
부모겸단일결과,A01953_8,A01953_8,단일 수치,8번 직접값,8번 직접값 유지,이는 한국제약바이오협회가 집계한 지난해 기술 수출액(61억3300만달러)을 이미 넘어선 것이다.,2025-05-31,6.133e+09달러,수출액,6133000000.0,달러,2024,Y,전국,,"{""raw"": ""{\""품목\"": [\""바이오\""]}""}",THRESHOLD,"{""operator"": ""GT"", ""threshold_unit"": ""달러"", ""threshold_value"": ""6133000000.0""}",AUTO_OK,KOSIS_PIPELINE_ELIGIBLE,HOLD,NO_HARD_GUARD_CANDIDATE,HARD_GUARD,기간·단위·지역 등 필수 조건을 모두 만족하는 공식표 후보가 없음,UNDETERMINED,,[],[],,,,,N,,,,,,,D:\projects\services\archived\clafact-auto\.worktrees\three-type-release\artifacts\direct_value_release_20260826\single_133_live_final_v3\claim_verification_results.jsonl
복수문장부모요약,A02096_4,,복수 수치,8번 직접값 자식만 실행,복수 Claim 분리 후 자식별 결과 참조,"보건업·사회복지서비스업(+23만3000명), 금융·보험업(+7만2000명) 등에서 취업자가 큰 폭으로 늘어나면서 취업자가 26만명 넘게 늘어난 작년 4월 이후 처음으로 취업자가 20만명 이상 불었다.",2025-06-11,,취업자 수,233000,명,2024-04,M,,,,,,,,자식별 결과,"{""NO_HARD_GUARD_CANDIDATE"": 1, ""RECLASSIFY_TO_DIFFERENCE"": 1}",,한 문장을 자식 Claim으로 나눈 뒤 8번 직접값 자식만 공식 검증한 결과,,,,,,,,,,,,3,2,1,0,D:\projects\services\archived\clafact-auto\.worktrees\three-type-release\artifacts\direct_value_release_20260826\multi_type8_197_live_final\claim_verification_results.jsonl
복수문장부모요약,A02202_2,,복수 수치,8번 직접값 자식만 실행,복수 Claim 분리 후 자식별 결과 참조,1인 가구는 2021년 700만 가구를 넘어선 지 3년 만에 800만 가구를 돌파했다.,2025-06-19,,1인 가구 수,7000000,가구,2021,Y,,,,,,,,자식별 결과,"{""TARGET_NOT_FOUND_IN_SOURCE"": 1}",,한 문장을 자식 Claim으로 나눈 뒤 8번 직접값 자식만 공식 검증한 결과,,,,,,,,,,,,1,1,0,0,D:\projects\services\archived\clafact-auto\.worktrees\three-type-release\artifacts\direct_value_release_20260826\multi_type8_197_live_final\claim_verification_results.jsonl
입력차단부모,A02202_5,,비통계 숫자 역할 차단,8번 직접값 제외,공식조회 전 차단,"국내 1인 가구 수는 2015년 500만 가구 수준에서 서서히 증가해오다 2019년 600만 가구, 2021년 700만 가구를 넘어섰고 이번에 800만 가구 선을 넘어섰다.",2025-06-19,500만 가구,1인 가구 수,5000000,가구,2015,Y,,,,,,HUMAN_REVIEW,,공식조회 전 차단,TARGET_IS_LEVEL_NOT_CHANGE_AMOUNT,Claim 수치 역할 확인,연령·기간·제품명 등 통계값이 아닌 숫자를 기사값으로 사용하지 않도록 차단,,,,,,,,,,,,,,,,D:\projects\services\archived\clafact-auto\.worktrees\direct-value-execution\deliverables\CLAFACT_AUTO_8번_1단계_숫자역할오인차단_20260825.csv
부모겸단일결과,A02219_6,A02219_6,단일 수치,8번 직접값 제외,다른 유형으로 이동: 최고·최저 기록,이전 최대 규모는 2000년대 초 17조5500억원의 김대중 정부의 농가 부채 탕감 정책이었다.,2025-06-20,1.755e+13원,농가 수,17550000000000.0,원,2000,Y,,농가,,THRESHOLD,"{""operator"": ""MAX""}",HUMAN_REVIEW,CONTEXT_REQUIRED,HUMAN_REVIEW,RECLASSIFY_TO_RECORD,CLAIM_PARSE,직접값이 아니라 과거 전체 기간과 비교해야 하는 기록 주장,,,[],[],,,,,N,,,,,,,D:\projects\services\archived\clafact-auto\.worktrees\three-type-release\artifacts\direct_value_release_20260826\single_133_live_final_v3\claim_verification_results.jsonl
복수문장부모요약,A02408_12,,복수 수치,8번 직접값 자식만 실행,복수 Claim 분리 후 자식별 결과 참조,"이는 국내총생산(GDP) 대비 4.2% 수준에 달하는 것으로, 2020년 이후 5년 연속으로 재정 준칙 목표치(3% 이내)를 넘어서게 된다.",2025-07-05,,GDP,4.2,%,2020,Y,,,,,,,,자식별 결과,{},,한 문장을 자식 Claim으로 나눈 뒤 8번 직접값 자식만 공식 검증한 결과,,,,,,,,,,,,1,0,1,0,D:\projects\services\archived\clafact-auto\.worktrees\three-type-release\artifacts\direct_value_release_20260826\multi_type8_197_live_final\claim_verification_results.jsonl
복수문장부모요약,A02558_14,,복수 수치,8번 직접값 자식만 실행,복수 Claim 분리 후 자식별 결과 참조,지난달 건설업 취업자 수도 196만명으로 전년 동월 대비 9만7000명 감소하며 200만명을 밑돌았다.,2025-07-16,,취업자 수,1960000,명,2025-06,M,,,,,,,,자식별 결과,"{""NO_EVIDENCE_COORDINATE_CANDIDATE"": 1}",,한 문장을 자식 Claim으로 나눈 뒤 8번 직접값 자식만 공식 검증한 결과,,,,,,,,,,,,1,1,0,0,D:\projects\services\archived\clafact-auto\.worktrees\three-type-release\artifacts\direct_value_release_20260826\multi_type8_197_live_final\claim_verification_results.jsonl
복수문장부모요약,A02633_1,,복수 수치,8번 직접값 자식만 실행,복수 Claim 분리 후 자식별 결과 참조,"지난 9월 전체 취업자 수가 31만명 이상 늘어 1년 7개월 만에 최대 증가 폭을 기록했지만, 청년층은 14만6000명이나 줄어 모든 연령대 중 감소 폭이 가장 컸다.",2025-10-17,,취업자 수,310000,명,2025-09,M,,,,,,,,자식별 결과,"{""RECLASSIFY_TO_DIFFERENCE"": 2}",,한 문장을 자식 Claim으로 나눈 뒤 8번 직접값 자식만 공식 검증한 결과,,,,,,,,,,,,2,2,0,0,D:\projects\services\archived\clafact-auto\.worktrees\three-type-release\artifacts\direct_value_release_20260826\multi_type8_197_live_final\claim_verification_results.jsonl
복수문장부모요약,A00298_5,,복수 수치,8번 직접값 자식만 실행,복수 Claim 분리 후 자식별 결과 참조,우리나라 경제는 작년 1분기(1~3월) 성장률이 1.3%를 기록하며 ‘깜짝 성장’을 한 뒤 2분기(4~6월)에는 0.2% 뒷걸음질쳤다.,2025-01-23,,경제성장률,1.3,%,2024-Q1,Q,,,,,,,,자식별 결과,{},,한 문장을 자식 Claim으로 나눈 뒤 8번 직접값 자식만 공식 검증한 결과,,,,,,,,,,,,2,0,2,0,D:\projects\services\archived\clafact-auto\.worktrees\three-type-release\artifacts\direct_value_release_20260826\multi_type8_197_live_final\claim_verification_results.jsonl
복수문장부모요약,A00353_3,,복수 수치,8번 직접값 자식만 실행,복수 Claim 분리 후 자식별 결과 참조,28일 한국수입자동차협회(KAIDA)에 따르면 작년 1~12월 1억원이 넘는 수입차는 총 6만2520대가 판매됐다.,2025-01-28,,수입액,100000000,원,2024,Y,,,,,,,,자식별 결과,"{""NO_HARD_GUARD_CANDIDATE"": 1}",,한 문장을 자식 Claim으로 나눈 뒤 8번 직접값 자식만 공식 검증한 결과,,,,,,,,,,,,1,1,0,0,D:\projects\services\archived\clafact-auto\.worktrees\three-type-release\artifacts\direct_value_release_20260826\multi_type8_197_live_final\claim_verification_results.jsonl
입력차단부모,A00749_2,,비통계 숫자 역할 차단,8번 직접값 제외,공식조회 전 차단,"코로나로 결혼을 미루다 2년 전쯤 뒤늦게 부부가 된 ‘엔데믹(풍토병화) 커플’이 아이를 낳기 시작한 데다, 연간 출생아 수가 70만명대로 늘어난 1990년대 초반생(1991~1995년 출생)들이 결혼해서 아이를 낳는 적령기(여성의 첫아이 출산 연령은 평균 33세)를 맞은 영향이 컸다.",2025-02-27,70만명,출생아 수,700000,명,2025,Y,,,,,,HUMAN_REVIEW,,공식조회 전 차단,TARGET_IS_LEVEL_NOT_CHANGE_AMOUNT,Claim 수치 역할 확인,연령·기간·제품명 등 통계값이 아닌 숫자를 기사값으로 사용하지 않도록 차단,,,,,,,,,,,,,,,,D:\projects\services\archived\clafact-auto\.worktrees\direct-value-execution\deliverables\CLAFACT_AUTO_8번_1단계_숫자역할오인차단_20260825.csv
복수문장부모요약,A00922_28,,복수 수치,8번 직접값 자식만 실행,복수 Claim 분리 후 자식별 결과 참조,"월간 취업자 수는 지난해 12월 5만2000명 줄었다가, 올해 들어서는 1월(13만5000명)과 2월 두 달 연속 증가했다.",2025-03-12,,취업자 수,52000,명,2024-12,M,,,,,,,,자식별 결과,"{""RECLASSIFY_TO_DIFFERENCE"": 1}",,한 문장을 자식 Claim으로 나눈 뒤 8번 직접값 자식만 공식 검증한 결과,,,,,,,,,,,,2,1,1,0,D:\projects\services\archived\clafact-auto\.worktrees\three-type-release\artifacts\direct_value_release_20260826\multi_type8_197_live_final\claim_verification_results.jsonl
부모겸단일결과,A01037_8,A01037_8,단일 수치,8번 직접값,8번 직접값 유지,올해 들어 지난 20일까지 누계 무역 수지는 35억달러 흑자였다.,2025-03-21,3.5e+09달러,무역수지,3500000000.0,달러,2025,Y,,,,DIRECT_VALUE,"{""polarity"": ""SURPLUS""}",AUTO_OK,KOSIS_PIPELINE_ELIGIBLE,HOLD,LOW_SEMANTIC_SCORE,EVIDENCE_CELL,LOW_SEMANTIC_SCORE,UNDETERMINED,,"[{""canonical_key"": ""ORG=101|TBL=DT_1TEC_P314|ITM=T20|OBJ=A|MEMBER=무역수지|PRD_SE=년|PRD_DE=2025|DIMS=A:무역수지,M:계,F:계"", ""dimension_codes"": {""A"": ""03"", ""F"": ""00"", ""M"": ""00""}, ""dimension_members"": {""A"": ""무역수지"", ""F"": ""계"", ""M"": ""계""}, ""itm_id"": ""T20"", ""member_code"": ""무역수지"", ""obj_id"": ""A"", ""org_id"": ""101"", ""prd_de"": ""2025"", ""prd_se"": ""년"", ""status"": ""CONFIRMED"", ""tbl_id"": ""DT_1TEC_P314"", ""unit"": ""천달러""}]",[],,,,,N,,,,,,,D:\projects\services\archived\clafact-auto\.worktrees\three-type-release\artifacts\direct_value_release_20260826\single_133_live_final_v3\claim_verification_results.jsonl
복수문장부모요약,A01190_5,,복수 수치,8번 직접값 자식만 실행,복수 Claim 분리 후 자식별 결과 참조,"소비자물가는 작년 9월(1.6%)부터 12월(1.9%)까지 4개월간 1%대를 유지하다가, 올해 들어 지난 1월(2.2%)과 2월(2%)에 이어 세 달 연속으로 2%대를 기록했다.",2025-04-02,,소비자물가 상승률,1.6,%,2024-09,M,,,,,,,,자식별 결과,"{""TARGET_AMBIGUOUS_IN_SOURCE"": 1}",,한 문장을 자식 Claim으로 나눈 뒤 8번 직접값 자식만 공식 검증한 결과,,,,,,,,,,,,1,1,0,0,D:\projects\services\archived\clafact-auto\.worktrees\three-type-release\artifacts\direct_value_release_20260826\multi_type8_197_live_final\claim_verification_results.jsonl
복수문장부모요약,A01359_1,,복수 수치,8번 직접값 자식만 실행,복수 Claim 분리 후 자식별 결과 참조,"0 올해 1분기(1~3월) 25~34세 청년층 취업자 수가 3만명 넘게 감소하며, 지난 2021년 1분기에 5만4000명 줄어든 이후 4년 만에 감소세로 전환했다.",2025-04-15,,취업자 수,30000,명,2021-Q1,Q,,,,,,,,자식별 결과,"{""RECLASSIFY_TO_DIFFERENCE"": 1}",,한 문장을 자식 Claim으로 나눈 뒤 8번 직접값 자식만 공식 검증한 결과,,,,,,,,,,,,1,1,0,0,D:\projects\services\archived\clafact-auto\.worktrees\three-type-release\artifacts\direct_value_release_20260826\multi_type8_197_live_final\claim_verification_results.jsonl
복수문장부모요약,A01438_11,,복수 수치,8번 직접값 자식만 실행,복수 Claim 분리 후 자식별 결과 참조,"2008년 금융 위기 때나 2020년 코로나 위기 때도 2개 분기 연속으로 0.1%를 밑도는 성장률을 기록해도, 세 번째 분기에는 곧바로 1~2% 성장하는 회복력을 보여줬다.",2025-04-21,,경제성장률,2,개,2008,Y,,,,,,,,자식별 결과,{},,한 문장을 자식 Claim으로 나눈 뒤 8번 직접값 자식만 공식 검증한 결과,,,,,,,,,,,,1,0,1,0,D:\projects\services\archived\clafact-auto\.worktrees\three-type-release\artifacts\direct_value_release_20260826\multi_type8_197_live_final\claim_verification_results.jsonl
복수문장부모요약,A01480_8,,복수 수치,8번 직접값 자식만 실행,복수 Claim 분리 후 자식별 결과 참조,"2008년 금융 위기 때나 2020년 코로나 위기 때도 2개 분기 연속으로 0.1%를 하회하는 성장률을 기록했지만, 세 번째 분기에는 곧바로 1~2% 성장했었다.",2025-04-24,,경제성장률,2,개,2008,Y,,,,,,,,자식별 결과,"{""NO_EVIDENCE_COORDINATE_CANDIDATE"": 1}",,한 문장을 자식 Claim으로 나눈 뒤 8번 직접값 자식만 공식 검증한 결과,,,,,,,,,,,,1,1,0,0,D:\projects\services\archived\clafact-auto\.worktrees\three-type-release\artifacts\direct_value_release_20260826\multi_type8_197_live_final\claim_verification_results.jsonl
복수문장부모요약,A01496_11,,복수 수치,8번 직접값 자식만 실행,복수 Claim 분리 후 자식별 결과 참조,"한국은행은 올해 1분기(1~3월) 경제성장률이 전 분기 대비 -0.2%... 이창용 한은 총재, ""추경 12조, 성장률 0.1%포인트 높일 것...올해 성장률 상당히 낮아질 가능성"" 이창용 한국은행 총재는 17일 “추가경정예산(추경)을 12조원 규모로 집행하면 성장률을 0.1%포인트 높이는 효과가 있을 것”이라고 했다.",2025-04-26,,경제성장률,0.1,%p,2025-Q1,Q,,,,,,,,자식별 결과,"{""TARGET_AMBIGUOUS_IN_SOURCE"": 1}",,한 문장을 자식 Claim으로 나눈 뒤 8번 직접값 자식만 공식 검증한 결과,,,,,,,,,,,,2,1,1,0,D:\projects\services\archived\clafact-auto\.worktrees\three-type-release\artifacts\direct_value_release_20260826\multi_type8_197_live_final\claim_verification_results.jsonl
복수문장부모요약,A01584_4,,복수 수치,8번 직접값 자식만 실행,복수 Claim 분리 후 자식별 결과 참조,"올해 들어 소비자물가는 지난 1월(2.2%)부터 2월(2.0%), 3월(2.1%), 그리고 4월까지 넉 달 연속으로 2%대를 유지하고 있다.",2025-05-02,,소비자물가 상승률,2.2,%,2025-01,M,,,,,,,,자식별 결과,"{""TARGET_AMBIGUOUS_IN_SOURCE"": 1}",,한 문장을 자식 Claim으로 나눈 뒤 8번 직접값 자식만 공식 검증한 결과,,,,,,,,,,,,1,1,0,0,D:\projects\services\archived\clafact-auto\.worktrees\three-type-release\artifacts\direct_value_release_20260826\multi_type8_197_live_final\claim_verification_results.jsonl
부모겸단일결과,A01693_1,A01693_1,단일 수치,8번 직접값,8번 직접값 유지,올해 1분기(1~3월) 성장률이 -0.2%로 뒷걸음질 쳤던 우리 경제가 세계 주요국 중 1분기에 성장이 가장 더뎠던 것으로 나타났다.,2025-05-11,0.2%,경제성장률,0.2,%,2025-Q1,Q,,,,DIRECT_VALUE,,AUTO_OK,KOSIS_PIPELINE_ELIGIBLE,HOLD,NO_EVIDENCE_COORDINATE_CANDIDATE,HARD_GUARD,공식표는 찾았지만 기사 조건에 맞는 항목·지역·기간 좌표를 확정하지 못함,UNDETERMINED,,[],[],,,,,N,,,,,,,D:\projects\services\archived\clafact-auto\.worktrees\three-type-release\artifacts\direct_value_release_20260826\single_133_live_final_v3\claim_verification_results.jsonl
부모겸단일결과,A01798_35,A01798_35,단일 수치,8번 직접값,8번 직접값 유지,"올해 1~4월 우리나라는 스페인에 오징어를 2180톤 수출했는데, 작년 같은 기간에는 스페인에 수출한 오징어가 한 마리도 없었다.",2025-05-19,2180톤,수출액,2180.0,톤,2024,Y,전국,,,DIRECT_VALUE,,HUMAN_REVIEW,CONTEXT_REQUIRED,HUMAN_REVIEW,INDICATOR_REFINEMENT_REQUIRED,CLAIM_PARSE,INDICATOR_REFINEMENT_REQUIRED,,,[],[],,,,,N,,,,,,,D:\projects\services\archived\clafact-auto\.worktrees\three-type-release\artifacts\direct_value_release_20260826\single_133_live_final_v3\claim_verification_results.jsonl
복수문장부모요약,A01798_9,,복수 수치,8번 직접값 자식만 실행,복수 Claim 분리 후 자식별 결과 참조,그런데 1~4월 고등어 수출량은 3만7888톤으로 전년 동월(1만4178톤) 대비 167%나 폭증했다.,2025-05-19,,수출량,37888,톤,2025,Y,,,,,,,,자식별 결과,"{""NO_HARD_GUARD_CANDIDATE"": 1}",,한 문장을 자식 Claim으로 나눈 뒤 8번 직접값 자식만 공식 검증한 결과,,,,,,,,,,,,1,1,0,0,D:\projects\services\archived\clafact-auto\.worktrees\three-type-release\artifacts\direct_value_release_20260826\multi_type8_197_live_final\claim_verification_results.jsonl
복수문장부모요약,A01822_6,,복수 수치,8번 직접값 자식만 실행,복수 Claim 분리 후 자식별 결과 참조,"올해 1~4월 아이오닉5(9663대)와 코나 EV(5916대)의 수출량은 작년 동기 대비 65%, 42%씩 급감했다.",2025-05-21,,수출량,9663,대,2024,Y,,,,,,,,자식별 결과,"{""NO_HARD_GUARD_CANDIDATE"": 1, ""RECLASSIFY_TO_DIFFERENCE"": 1}",,한 문장을 자식 Claim으로 나눈 뒤 8번 직접값 자식만 공식 검증한 결과,,,,,,,,,,,,2,2,0,0,D:\projects\services\archived\clafact-auto\.worktrees\three-type-release\artifacts\direct_value_release_20260826\multi_type8_197_live_final\claim_verification_results.jsonl
복수문장부모요약,A01924_3,,복수 수치,8번 직접값 자식만 실행,복수 Claim 분리 후 자식별 결과 참조,"28일 통계청이 발표한 ‘3월 인구동향’에 따르면, 지난 1분기(1~3월) 합계출산율은 0.82명으로 전년 동분기(0.77명) 대비 0.05명 증가했다.",2025-05-28,,총인구,0.82,명,2025-Q1,Q,,,,,,,,자식별 결과,"{""AS_OF_UNAVAILABLE"": 1}",,한 문장을 자식 Claim으로 나눈 뒤 8번 직접값 자식만 공식 검증한 결과,,,,,,,,,,,,1,1,0,0,D:\projects\services\archived\clafact-auto\.worktrees\three-type-release\artifacts\direct_value_release_20260826\multi_type8_197_live_final\claim_verification_results.jsonl
복수문장부모요약,A02203_5,,복수 수치,8번 직접값 자식만 실행,복수 Claim 분리 후 자식별 결과 참조,생활 물가와 소비자물가 차이는 작년 상반기 0.6%포인트에서 하반기 0.1%포인트로 줄었다가 올해 1~5월 0.4%포인트로 다시 확대되는 추세다.,2025-06-19,,소비자물가 상승률,0.6,%p,2024,Y,,,,,,,,자식별 결과,"{""NO_HARD_GUARD_CANDIDATE"": 1}",,한 문장을 자식 Claim으로 나눈 뒤 8번 직접값 자식만 공식 검증한 결과,,,,,,,,,,,,1,1,0,0,D:\projects\services\archived\clafact-auto\.worktrees\three-type-release\artifacts\direct_value_release_20260826\multi_type8_197_live_final\claim_verification_results.jsonl
부모겸단일결과,A02253_15,A02253_15,단일 수치,8번 직접값,8번 직접값 유지,대미 수출이 급증한 덕에 아일랜드는 1분기(1~3월)에 9.7% 성장했다.,2025-06-23,9.7%,수출액,9.7,%,2025-Q1,Q,,,"{""raw"": ""{\""교역상대국\"": [\""미국\""]}""}",DIRECT_VALUE,,HUMAN_REVIEW,CONTEXT_REQUIRED,HUMAN_REVIEW,INDICATOR_REFINEMENT_REQUIRED,CLAIM_PARSE,INDICATOR_REFINEMENT_REQUIRED,,,[],[],,,,,N,,,,,,,D:\projects\services\archived\clafact-auto\.worktrees\three-type-release\artifacts\direct_value_release_20260826\single_133_live_final_v3\claim_verification_results.jsonl
복수문장부모요약,A02416_14,,복수 수치,8번 직접값 자식만 실행,복수 Claim 분리 후 자식별 결과 참조,"◇“추경은 급한 불 끄는 소화기… 내수 살릴 진짜 대책 필요"" 정부가 올해 두 번째 추가경정예산을 마련하고 4일 정부안보다 1조원 넘게 불어난 2차 추경이 국회 문턱을 넘었지만, 추경으로 인한 올해 성장률 상승 폭은 0.1~0.2%포인트에 그칠 것이란 관측이 나온다.",2025-07-05,,경제성장률,0.2,%p,2025,Y,,,,,,,,자식별 결과,"{""KOSIS_CATALOG_UNAVAILABLE"": 1}",,한 문장을 자식 Claim으로 나눈 뒤 8번 직접값 자식만 공식 검증한 결과,,,,,,,,,,,,2,1,1,0,D:\projects\services\archived\clafact-auto\.worktrees\three-type-release\artifacts\direct_value_release_20260826\multi_type8_197_live_final\claim_verification_results.jsonl
복수문장부모요약,A02450_11,,복수 수치,8번 직접값 자식만 실행,복수 Claim 분리 후 자식별 결과 참조,한국의 경우 2000년 10월~2023년 11월 자료를 분석해 보니 GDP 대비 정부 부채 비율이 1%포인트 증가할 경우 약 1년 뒤 소비자물가가 0.1~0.15%포인트 오르는 경향이 있었다.” ―경기 진작 효과와 물가 상승 부작용 중 어떤 게 더 큰가?,2025-07-08,,GDP,1,%p,2000-10,M,,,,,,,,자식별 결과,"{""RECLASSIFY_TO_GROWTH_RATE"": 1}",,한 문장을 자식 Claim으로 나눈 뒤 8번 직접값 자식만 공식 검증한 결과,,,,,,,,,,,,1,1,0,0,D:\projects\services\archived\clafact-auto\.worktrees\three-type-release\artifacts\direct_value_release_20260826\multi_type8_197_live_final\claim_verification_results.jsonl
복수문장부모요약,A02633_6,,복수 수치,8번 직접값 자식만 실행,복수 Claim 분리 후 자식별 결과 참조,취업자 수 증가 폭은 올해 들어 5월(24만5000명)을 제외하고 매달 10만명대를 맴돌다가 9월 들어 크게 늘었다.,2025-10-17,,취업자 수,245000,명,2025,Y,,,,,,,,자식별 결과,"{""TARGET_NOT_FOUND_IN_SOURCE"": 1}",,한 문장을 자식 Claim으로 나눈 뒤 8번 직접값 자식만 공식 검증한 결과,,,,,,,,,,,,1,1,0,0,D:\projects\services\archived\clafact-auto\.worktrees\three-type-release\artifacts\direct_value_release_20260826\multi_type8_197_live_final\claim_verification_results.jsonl
복수문장부모요약,A02656_3,,복수 수치,8번 직접값 자식만 실행,복수 Claim 분리 후 자식별 결과 참조,"취업자 수는 올해 들어 매월 10만명 이상 늘고 있는데, 지난달엔 30만명을 돌파하며 19개월 만에 가장 큰 증가 폭을 기록하기도 했다.",2025-10-27,,취업자 수,100000,명,2025,Y,,,,,,,,자식별 결과,"{""RECLASSIFY_TO_DIFFERENCE"": 1}",,한 문장을 자식 Claim으로 나눈 뒤 8번 직접값 자식만 공식 검증한 결과,,,,,,,,,,,,1,1,0,0,D:\projects\services\archived\clafact-auto\.worktrees\three-type-release\artifacts\direct_value_release_20260826\multi_type8_197_live_final\claim_verification_results.jsonl
부모겸단일결과,A00673_9,A00673_9,단일 수치,8번 직접값,8번 직접값 유지,연간 누계 무역 수지는 10억5600만달러 적자다.,2025-02-21,-1.056e+09달러,무역수지,-1056000000.0,달러,2025-01-01/2025-02-20,CUMULATIVE_PERIOD,,,,DIRECT_VALUE,"{""polarity"": ""DEFICIT""}",AUTO_OK,KOSIS_PIPELINE_ELIGIBLE,AUTO,WITHIN_TOLERANCE,HARD_GUARD,기사값과 공식값이 허용오차 안에서 일치,MATCH,-1056000000.0,[],"[{""content_hash"": ""e754b93d306fe12a9d9e916ffc40fcc829b289eccfa2a870fadae5c1bda76d5d"", ""evidence_key"": ""OFFICIAL_TRADE_RELEASE:관세청:2025-01-01/2025-02-20"", ""publication"": {""content_hash"": ""e754b93d306fe12a9d9e916ffc40fcc829b289eccfa2a870fadae5c1bda76d5d"", ""coverage_end_period"": null, ""coverage_start_period"": null, ""evidence_scope"": ""PERIOD"", ""pub_date_text"": null, ""pub_period"": null, ""publication_method_url"": null, ""published_at"": ""2025-02-21"", ""reference_period"": ""2025-01-01/2025-02-20"", ""retrieved_at"": ""2026-08-26T08:57:47.534265Z"", ""source_url"": ""https://www.customs.go.kr/kcs/na/ntt/selectNttInfo.do?nttSn=10131794&nttSnUrl=9b510df43d783fcfd23b3f95b583609f&bbsId=1362&mi=2891"", ""status"": ""VERIFIED""}, ""retrieved_at"": ""2026-08-26T08:57:47.534265Z"", ""source"": ""OFFICIAL_DOCUMENT"", ""source_url"": ""https://www.customs.go.kr/kcs/na/ntt/selectNttInfo.do?nttSn=10131794&nttSnUrl=9b510df43d783fcfd23b3f95b583609f&bbsId=1362&mi=2891"", ""value_last_changed_at"": null}]",https://www.customs.go.kr/kcs/na/ntt/selectNttInfo.do?nttSn=10131794&nttSnUrl=9b510df43d783fcfd23b3f95b583609f&bbsId=1362&mi=2891,e754b93d306fe12a9d9e916ffc40fcc829b289eccfa2a870fadae5c1bda76d5d,VERIFIED,OFFICIAL_DOCUMENT,Y,,,,,,,D:\projects\services\archived\clafact-auto\.worktrees\three-type-release\artifacts\direct_value_release_20260826\single_133_live_final_v3\claim_verification_results.jsonl
복수문장부모요약,A01455_7,,복수 수치,8번 직접값 자식만 실행,복수 Claim 분리 후 자식별 결과 참조,1일 관세청은 이달 1~20일 대미 수출이 작년 같은 기간과 비교해 14.3% 급감한 61억8200만달러(약 8조7700억원)를 나타냈다고 밝혔다.,2025-04-22,,수출액,14.3,%,2024,Y,,,,,,,,자식별 결과,"{""TARGET_VALUE_NOT_IN_SOURCE_SENTENCE"": 1}",,한 문장을 자식 Claim으로 나눈 뒤 8번 직접값 자식만 공식 검증한 결과,,,,,,,,,,,,1,1,0,0,D:\projects\services\archived\clafact-auto\.worktrees\three-type-release\artifacts\direct_value_release_20260826\multi_type8_197_live_final\claim_verification_results.jsonl
부모겸단일결과,A01708_16,A01708_16,단일 수치,8번 직접값,8번 직접값 유지,지난달 같은 기간(4월 1~10일) 무역 수지는 11억2000만달러를 기록했었다.,2025-05-12,1.12e+09달러,무역수지,1120000000.0,달러,2025-04-01/2025-04-10,PARTIAL_PERIOD,,,,DIRECT_VALUE,,AUTO_OK,KOSIS_PIPELINE_ELIGIBLE,HOLD,NO_HARD_GUARD_CANDIDATE,HARD_GUARD,기간·단위·지역 등 필수 조건을 모두 만족하는 공식표 후보가 없음,UNDETERMINED,,[],[],,,,,N,,,,,,,D:\projects\services\archived\clafact-auto\.worktrees\three-type-release\artifacts\direct_value_release_20260826\single_133_live_final_v3\claim_verification_results.jsonl
부모겸단일결과,A01708_2,A01708_2,단일 수치,8번 직접값 제외,다른 유형으로 이동: 최고·최저 기록,코로나 봉쇄로 월 초순(1~10일) 수출이 29% 급락했던 2020년 10월 이후 4년 7개월 만에 최대 수출 감소 폭이다.,2025-05-12,29%,수출액,29.0,%,2020-10,M,,,,THRESHOLD,"{""direction"": ""DECREASE"", ""operator"": ""MAX""}",HUMAN_REVIEW,CONTEXT_REQUIRED,HUMAN_REVIEW,RECLASSIFY_TO_RECORD,CLAIM_PARSE,직접값이 아니라 과거 전체 기간과 비교해야 하는 기록 주장,,,[],[],,,,,N,,,,,,,D:\projects\services\archived\clafact-auto\.worktrees\three-type-release\artifacts\direct_value_release_20260826\single_133_live_final_v3\claim_verification_results.jsonl
복수문장부모요약,A01947_22,,복수 수치,8번 직접값 자식만 실행,복수 Claim 분리 후 자식별 결과 참조,관세청은 5월 1~20일 대미(對美) 수출액이 작년 같은 기간보다 14.6% 급감한 52억5400만달러(약 7조2900억원)였다고 집계했다.,2025-05-30,,수출액,14.6,%,2024,Y,,,,,,,,자식별 결과,"{""TARGET_VALUE_NOT_IN_SOURCE_SENTENCE"": 1}",,한 문장을 자식 Claim으로 나눈 뒤 8번 직접값 자식만 공식 검증한 결과,,,,,,,,,,,,1,1,0,0,D:\projects\services\archived\clafact-auto\.worktrees\three-type-release\artifacts\direct_value_release_20260826\multi_type8_197_live_final\claim_verification_results.jsonl
복수문장부모요약,A02099_6,,복수 수치,8번 직접값 자식만 실행,복수 Claim 분리 후 자식별 결과 참조,지난 1~10일 반도체 수출액은 36억2900만달러로 전년 동월 대비 22% 뛰었다.,2025-06-11,,수출액,3629000000,달러,2025,Y,,,,,,,,자식별 결과,"{""NO_HARD_GUARD_CANDIDATE"": 1}",,한 문장을 자식 Claim으로 나눈 뒤 8번 직접값 자식만 공식 검증한 결과,,,,,,,,,,,,1,1,0,0,D:\projects\services\archived\clafact-auto\.worktrees\three-type-release\artifacts\direct_value_release_20260826\multi_type8_197_live_final\claim_verification_results.jsonl
입력차단부모,A00049_8,,비통계 숫자 역할 차단,8번 직접값 제외,공식조회 전 차단,국토교통부는 우리 기업의 해외 건설 누적 수주액이 1조달러(약 1470조원)를 돌파했다고 3일 밝혔다.,2025-01-04,,해외건설,1470000000000000,원,,,,,,,,HUMAN_REVIEW,,공식조회 전 차단,TARGET_CONTEXT_ROLE_CONFLICT,Claim 수치 역할 확인,연령·기간·제품명 등 통계값이 아닌 숫자를 기사값으로 사용하지 않도록 차단,,,,,,,,,,,,,,,,D:\projects\services\archived\clafact-auto\.worktrees\direct-value-execution\deliverables\CLAFACT_AUTO_8번_1단계_숫자역할오인차단_20260825.csv
복수문장부모요약,A00185_6,,복수 수치,8번 직접값 자식만 실행,복수 Claim 분리 후 자식별 결과 참조,"당시 수입차 판매량은 1996년 1만315대, 1997년 8136대, 1998년 2075대로 2년 연속 줄었다.",2025-01-15,,수입액,10315,대,,,,,,,,,,자식별 결과,"{""NO_HARD_GUARD_CANDIDATE"": 1}",,한 문장을 자식 Claim으로 나눈 뒤 8번 직접값 자식만 공식 검증한 결과,,,,,,,,,,,,1,1,0,0,D:\projects\services\archived\clafact-auto\.worktrees\three-type-release\artifacts\direct_value_release_20260826\multi_type8_197_live_final\claim_verification_results.jsonl
복수문장부모요약,A00202_17,,복수 수치,8번 직접값 자식만 실행,복수 Claim 분리 후 자식별 결과 참조,"◇청년층 강타한 고용 한파 건설업과 노인 일자리 사업을 중심으로 고용 한파가 닥치면서 임금 근로자 가운데 일용직(고용 계약 기간 1개월 미만)과 임시직(1개월 이상 1년 미만) 취업자 수가 각각 14만7000명, 1만9000명 감소했다.",2025-01-16,,취업자 수,19000,명,,,,,,,,,,자식별 결과,"{""RECLASSIFY_TO_DIFFERENCE"": 1}",,한 문장을 자식 Claim으로 나눈 뒤 8번 직접값 자식만 공식 검증한 결과,,,,,,,,,,,,2,1,1,0,D:\projects\services\archived\clafact-auto\.worktrees\three-type-release\artifacts\direct_value_release_20260826\multi_type8_197_live_final\claim_verification_results.jsonl
부모겸단일결과,A00475_9,A00475_9,단일 수치,8번 직접값 제외,다른 유형으로 이동: 7번 증감률,한은은 이날 원화 환율 상승이 석유류 가격 등에 영향을 미치며 1월 소비자물가 상승률을 0.1%포인트가량 높였다고 분석했다.,2025-02-06,0.1%p,소비자물가 상승률,0.1,%p,,,,,,DIRECT_VALUE,"{""direction"": ""INCREASE""}",HUMAN_REVIEW,CONTEXT_REQUIRED,HUMAN_REVIEW,RECLASSIFY_TO_GROWTH_RATE,CLAIM_PARSE,직접값이 아니라 두 기간 공식값으로 비율을 계산해야 하는 증감률 주장,,,[],[],,,,,N,,,,,,,D:\projects\services\archived\clafact-auto\.worktrees\three-type-release\artifacts\direct_value_release_20260826\single_133_live_final_v3\claim_verification_results.jsonl
부모겸단일결과,A00489_18,A00489_18,단일 수치,8번 직접값,8번 직접값 유지,이미 1월 무역수지는 18억9000만달러의 적자로 돌아섰다.,2025-02-07,-1.89e+09달러,무역수지,-1890000000.0,달러,2025년 1월,월,,,,DIRECT_VALUE,"{""polarity"": ""DEFICIT""}",AUTO_OK,KOSIS_PIPELINE_ELIGIBLE,HOLD,NO_EVIDENCE_COORDINATE_CANDIDATE,HARD_GUARD,공식표는 찾았지만 기사 조건에 맞는 항목·지역·기간 좌표를 확정하지 못함,UNDETERMINED,,[],[],,,,,N,,,,,,,D:\projects\services\archived\clafact-auto\.worktrees\three-type-release\artifacts\direct_value_release_20260826\single_133_live_final_v3\claim_verification_results.jsonl
복수문장부모요약,A00621_5,,복수 수치,8번 직접값 자식만 실행,복수 Claim 분리 후 자식별 결과 참조,하지만 ‘양질의 일자리’로 꼽히는 제조업 분야 취업자 수는 5만6000명 줄어든 439만6000명으로 집계됐다.,2025-02-17,,취업자 수,56000,명,,,,,,,,,,자식별 결과,"{""MISSING_REQUIRED_SLOTS:time"": 1}",,한 문장을 자식 Claim으로 나눈 뒤 8번 직접값 자식만 공식 검증한 결과,,,,,,,,,,,,1,1,0,0,D:\projects\services\archived\clafact-auto\.worktrees\three-type-release\artifacts\direct_value_release_20260826\multi_type8_197_live_final\claim_verification_results.jsonl
복수문장부모요약,A00922_9,,복수 수치,8번 직접값 자식만 실행,복수 Claim 분리 후 자식별 결과 참조,청년 취업자는 355만7000명으로 1년 새 23만5000명 줄었다.,2025-03-12,,취업자 수,3557000,명,,,,,,,,,,자식별 결과,"{""MISSING_REQUIRED_SLOTS:time"": 1}",,한 문장을 자식 Claim으로 나눈 뒤 8번 직접값 자식만 공식 검증한 결과,,,,,,,,,,,,1,1,0,0,D:\projects\services\archived\clafact-auto\.worktrees\three-type-release\artifacts\direct_value_release_20260826\multi_type8_197_live_final\claim_verification_results.jsonl
복수문장부모요약,A01285_13,,복수 수치,8번 직접값 자식만 실행,복수 Claim 분리 후 자식별 결과 참조,"건설업 부진 장기화로 40대와 50대 취업자 수도 각각 4만9000명, 2만6000명 줄었다.",2025-04-09,,취업자 수,26000,명,,,,,,,,,,자식별 결과,"{""RECLASSIFY_TO_DIFFERENCE"": 2}",,한 문장을 자식 Claim으로 나눈 뒤 8번 직접값 자식만 공식 검증한 결과,,,,,,,,,,,,2,2,0,0,D:\projects\services\archived\clafact-auto\.worktrees\three-type-release\artifacts\direct_value_release_20260826\multi_type8_197_live_final\claim_verification_results.jsonl
입력차단부모,A00006_10,,비통계 숫자 역할 차단,8번 직접값 제외,공식조회 전 차단,"특히 지난 4분기에는 범용 메모리 가격하락에도 불구하고, DDR5·HBM 등 고부가 품목을 중심으로 수출이 확대되면서 올해 전체적으로 분기별 수출이 우상향했다.",2025-01-01,,수출액,,,2025-Q4,Q,,,,,,HUMAN_REVIEW,,공식조회 전 차단,TARGET_NOT_FOUND_IN_SOURCE,Claim 수치 역할 확인,연령·기간·제품명 등 통계값이 아닌 숫자를 기사값으로 사용하지 않도록 차단,,,,,,,,,,,,,,,,D:\projects\services\archived\clafact-auto\.worktrees\direct-value-execution\deliverables\CLAFACT_AUTO_8번_1단계_숫자역할오인차단_20260825.csv
복수문장직접값자식결과,A00007_3,claim_f8916174d4816698,복수 수치에서 분리,8번 직접값,8번 직접값 유지,보잉 737 맥스 여객기가 자카르타에서 추락한 사고로 189명이 사망한 사건이 발생한 2018년(전체 사망자 526명) 이후 가장 많다.,2025-01-01,189명,사망자 수,189.0,명,2018,Y,,,,DIRECT_VALUE,,HOLD,CONTEXT_REQUIRED,HUMAN_REVIEW,GROUPING_AMBIGUOUS,CLAIM_PARSE,한 문장의 여러 수치를 독립 Claim으로 안전하게 나누지 못함,,,[],[],,,,,N,,,,,,,D:\projects\services\archived\clafact-auto\.worktrees\three-type-release\artifacts\direct_value_release_20260826\multi_type8_197_live_final\claim_verification_results.jsonl
복수문장직접값자식결과,A00186_9,claim_fa38cac3c10b0e85,복수 수치에서 분리,8번 직접값,8번 직접값 유지,"한편, 지난해 현대차·기아 전체 수출 대수는 218만698대, 수출액은 533억6000만달러(약 78조원)로, 2년 연속 수출 200만대, 수출액 500억달러를 이어갔다.",2025-01-15,2.1807e+06대,수출 대수,2180698.0,대,지난해,연간,,현대차·기아 전체,"{""상품"": ""자동차""}",DIRECT_VALUE,"{""direction"": ""INCREASE""}",HOLD,STRUCTURAL_HOLD,HUMAN_REVIEW,CLAIM_PARSE_UNCERTAIN,CLAIM_PARSE,"문장에 수출 대수와 수출액이라는 서로 독립적으로 검증 가능한 두 수치가 함께 있어 하나의 주장으로 안전하게 통합하기 어렵고, ‘2년 연속’은 증가율이 아닌 지속·기준 충족 표현임",,,[],[],,,,,N,,"문장에 수출 대수와 수출액이라는 서로 독립적으로 검증 가능한 두 수치가 함께 있어 하나의 주장으로 안전하게 통합하기 어렵고, ‘2년 연속’은 증가율이 아닌 지속·기준 충족 표현임",,,,,D:\projects\services\archived\clafact-auto\.worktrees\three-type-release\artifacts\direct_value_release_20260826\multi_type8_197_live_final\claim_verification_results.jsonl
복수문장직접값자식결과,A00186_9,claim_3b4c57d9172bc1c9,복수 수치에서 분리,8번 직접값,8번 직접값 유지,"한편, 지난해 현대차·기아 전체 수출 대수는 218만698대, 수출액은 533억6000만달러(약 78조원)로, 2년 연속 수출 200만대, 수출액 500억달러를 이어갔다.",2025-01-15,53.36십억 달러,수출액,53.36,십억 달러,2024,연간,,현대차·기아 전체,"{""item"": ""자동차 수출""}",DIRECT_VALUE,"{""duration_years"": ""2"", ""operator"": ""GTE"", ""threshold_unit"": ""십억 달러"", ""threshold_value"": ""50""}",HOLD,CONTEXT_REQUIRED,HUMAN_REVIEW,TARGET_VALUE_NOT_IN_SOURCE_SENTENCE,CLAIM_PARSE,TARGET_VALUE_NOT_IN_SOURCE_SENTENCE,,,[],[],,,,,N,,,,,,,D:\projects\services\archived\clafact-auto\.worktrees\three-type-release\artifacts\direct_value_release_20260826\multi_type8_197_live_final\claim_verification_results.jsonl
복수문장직접값자식결과,A00195_11,claim_cbad041451547ab2,복수 수치에서 분리,8번 직접값,8번 직접값 유지,"연간 경제성장률이 3~4%에 달하던 시절은 아련하고, 지금은 1% 성장률에 머물러 있다.",2025-01-15,1%,경제성장률,1.0,%,현재,연간,,,,DIRECT_VALUE,,AUTO_OK,KOSIS_PIPELINE_ELIGIBLE,HOLD,FETCH_FAILED,OFFICIAL_VALUE_FETCH,확정한 좌표의 공식값 조회가 실패함,UNDETERMINED,,"[{""canonical_key"": ""ORG=101|TBL=DT_1YL20571|ITM=T10|OBJ=SGG|MEMBER=전국|PRD_SE=년|PRD_DE=현재"", ""dimension_codes"": {""SGG"": ""00""}, ""dimension_members"": {""SGG"": ""전국""}, ""itm_id"": ""T10"", ""member_code"": ""전국"", ""obj_id"": ""SGG"", ""org_id"": ""101"", ""prd_de"": ""현재"", ""prd_se"": ""년"", ""status"": ""CONFIRMED"", ""tbl_id"": ""DT_1YL20571"", ""unit"": ""%""}]","[{""content_hash"": """", ""evidence_key"": ""ORG=101|TBL=DT_1YL20571|ITM=T10|OBJ=SGG|MEMBER=전국|PRD_SE=년|PRD_DE=현재"", ""publication"": null, ""retrieved_at"": ""2026-08-26T09:01:09.232221Z"", ""source"": ""NONE"", ""source_url"": ""https://kosis.kr/openapi/Param/statisticsParameterData.do?method=getList&orgId=101&tblId=DT_1YL20571&itmId=T10&prdSe=Y&startPrdDe=%ED%98%84%EC%9E%AC&endPrdDe=%ED%98%84%EC%9E%AC&objL1=00"", ""value_last_changed_at"": null}]",https://kosis.kr/openapi/Param/statisticsParameterData.do?method=getList&orgId=101&tblId=DT_1YL20571&itmId=T10&prdSe=Y&startPrdDe=%ED%98%84%EC%9E%AC&endPrdDe=%ED%98%84%EC%9E%AC&objL1=00,,,,N,,,,,,,D:\projects\services\archived\clafact-auto\.worktrees\three-type-release\artifacts\direct_value_release_20260826\multi_type8_197_live_final\claim_verification_results.jsonl
복수문장직접값자식결과,A00202_26,claim_0a51bae8271add36,복수 수치에서 분리,8번 직접값,8번 직접값 유지,"증가폭이 2023년(32만7000명)의 절반 아래로 줄어, 코로나 거리 두기 여파로 취업자 수가 22만명 가까이 감소했던 2020년 이후 최악의 고용 성적표를 기록했다.",2025-01-16,327000명,취업자 수,327000.0,명,2023,Y,,,,DIRECT_VALUE,"{""direction"": ""INCREASE""}",HUMAN_REVIEW,CONTEXT_REQUIRED,HUMAN_REVIEW,TARGET_NOT_FOUND_IN_SOURCE,CLAIM_PARSE,구조화된 대상 수치가 뉴스 원문에서 확인되지 않음,,,[],[],,,,,N,,,,,,,D:\projects\services\archived\clafact-auto\.worktrees\three-type-release\artifacts\direct_value_release_20260826\multi_type8_197_live_final\claim_verification_results.jsonl
복수문장직접값자식결과,A00231_10,claim_4292bd4861a1b423,복수 수치에서 분리,8번 직접값,8번 직접값 유지,"지난 2022년 폴란드에 48대, 2023년 말레이시아에 18대를 수출하는 등 누적 수출액만 78억달러(약 11조3700억원)에 달한다.",2025-01-18,7.8e+09미국 달러,누적 수출액,7800000000.0,미국 달러,2025-01-18,누적,,,"{""trade_partner_examples"": ""폴란드, 말레이시아""}",DIRECT_VALUE,,HOLD,CONTEXT_REQUIRED,HUMAN_REVIEW,TARGET_VALUE_NOT_IN_SOURCE_SENTENCE,CLAIM_PARSE,TARGET_VALUE_NOT_IN_SOURCE_SENTENCE,,,[],[],,,,,N,,,,,,,D:\projects\services\archived\clafact-auto\.worktrees\three-type-release\artifacts\direct_value_release_20260826\multi_type8_197_live_final\claim_verification_results.jsonl
복수문장직접값자식결과,A00298_3,claim_eecfa40878a00f16,복수 수치에서 분리,8번 직접값,8번 직접값 유지,작년 연간 경제성장률은 2%로 잠재성장률(2%)을 간신히 지켰다.,2025-01-23,2%,경제성장률,2.0,%,2024,Y,,,,DIRECT_VALUE,,HUMAN_REVIEW,CONTEXT_REQUIRED,HUMAN_REVIEW,TARGET_AMBIGUOUS_IN_SOURCE,CLAIM_PARSE,같은 대상 수치가 원문에 여러 번 있어 자동 연결할 수 없음,,,[],[],,,,,N,,,,,,,D:\projects\services\archived\clafact-auto\.worktrees\three-type-release\artifacts\direct_value_release_20260826\multi_type8_197_live_final\claim_verification_results.jsonl
복수문장직접값자식결과,A00308_6,claim_e95466b1942a27e4,복수 수치에서 분리,8번 직접값,8번 직접값 유지,그나마 수출이 잘됐던 작년 1분기(1.3%) 덕에 2% 턱걸이를 했다.,2025-01-24,2%,,2.0,%,,,,,,DIRECT_VALUE,,HOLD,STRUCTURAL_HOLD,HUMAN_REVIEW,CLAIM_PARSE_UNCERTAIN,CLAIM_PARSE,"중심 수치 2%의 지표와 대상 기간이 문장에 명시되지 않았고, 괄호의 1.3%는 비교 기준으로 보이지만 어떤 지표의 값인지 불명확함",,,[],[],,,,,N,,"중심 수치 2%의 지표와 대상 기간이 문장에 명시되지 않았고, 괄호의 1.3%는 비교 기준으로 보이지만 어떤 지표의 값인지 불명확함",,,,,D:\projects\services\archived\clafact-auto\.worktrees\three-type-release\artifacts\direct_value_release_20260826\multi_type8_197_live_final\claim_verification_results.jsonl
복수문장직접값자식결과,A00354_13,claim_de464853d689a99b,복수 수치에서 분리,8번 직접값,8번 직접값 유지,"50년 후 먼 미래가 아니더라도, 불과 25년 후인 2050년에 생산연령인구 1.3명이 고령 인구 1명을 부양해야 한다.",2025-01-28,1.3명,생산연령인구의 고령 인구 부양 규모,1.3,명,2050,,대한민국,생산연령인구,"{""부양 대상"": ""고령 인구 1명""}",DIRECT_VALUE,,AUTO_OK,KOSIS_PIPELINE_ELIGIBLE,HOLD,NO_HARD_GUARD_CANDIDATE,HARD_GUARD,기간·단위·지역 등 필수 조건을 모두 만족하는 공식표 후보가 없음,UNDETERMINED,,[],[],,,,,N,,,,,,,D:\projects\services\archived\clafact-auto\.worktrees\three-type-release\artifacts\direct_value_release_20260826\multi_type8_197_live_final\claim_verification_results.jsonl
복수문장직접값자식결과,A00368_19,claim_75abc0998b9bf098,복수 수치에서 분리,8번 직접값,8번 직접값 유지,"◇2년 연속 취업자 증가폭 10만명대 그칠 듯 정부도 대내·외 불확실성을 고려해, 올해 경제정책방향을 발표하면서 올해 취업자 수 증가폭을 12만명으로 내다봤다.",2025-01-29,120000명,취업자 수 증가폭,120000.0,명,2025년,년,대한민국,취업자,,DIRECT_VALUE,,AUTO_OK,KOSIS_PIPELINE_ELIGIBLE,HOLD,AS_OF_UNAVAILABLE,OFFICIAL_VALUE_FETCH,기사 작성일 기준 공표된 공식값인지 확인하지 못함,UNDETERMINED,,"[{""canonical_key"": ""ORG=101|TBL=DT_1DA7001S|ITM=T30|OBJ=B|MEMBER=계|PRD_SE=년|PRD_DE=2025"", ""dimension_codes"": {""B"": ""0""}, ""dimension_members"": {""B"": ""계""}, ""itm_id"": ""T30"", ""member_code"": ""계"", ""obj_id"": ""B"", ""org_id"": ""101"", ""prd_de"": ""2025"", ""prd_se"": ""년"", ""status"": ""CONFIRMED"", ""tbl_id"": ""DT_1DA7001S"", ""unit"": ""천명""}]","[{""content_hash"": ""567fc949b666ed562319e0547a45efd088f6ae743c25704f4361c02e722ebf4a"", ""evidence_key"": ""ORG=101|TBL=DT_1DA7001S|ITM=T30|OBJ=B|MEMBER=계|PRD_SE=년|PRD_DE=2025"", ""publication"": {""content_hash"": ""3b273ec65ed9819b042c57ba8bea28dba50a38128c1a48150cb2e7afe43505c1"", ""coverage_end_period"": null, ""coverage_start_period"": null, ""evidence_scope"": ""PERIOD"", ""pub_date_text"": ""조사기준 월 익월"", ""pub_period"": ""월"", ""publication_method_url"": ""https://mods.go.kr/board.es?mid=a10301010000&bid=210&list_no=445948&act=view&mainXml=Y"", ""published_at"": ""2026-07-15"", ""reference_period"": ""2025"", ""retrieved_at"": ""2026-08-26T09:01:30.476098Z"", ""source_url"": ""https://mods.go.kr/board.es?mid=a10301010000&bid=210&list_no=445948&act=view&mainXml=Y"", ""status"": ""VERIFIED""}, ""retrieved_at"": ""2026-08-26T09:01:15.750658Z"", ""source"": ""API"", ""source_url"": ""https://kosis.kr/openapi/Param/statisticsParameterData.do?method=getList&orgId=101&tblId=DT_1DA7001S&itmId=T30&prdSe=Y&startPrdDe=2025&endPrdDe=2025&objL1=0"", ""value_last_changed_at"": ""2025-12-31""}]",https://kosis.kr/openapi/Param/statisticsParameterData.do?method=getList&orgId=101&tblId=DT_1DA7001S&itmId=T30&prdSe=Y&startPrdDe=2025&endPrdDe=2025&objL1=0,567fc949b666ed562319e0547a45efd088f6ae743c25704f4361c02e722ebf4a,VERIFIED,,N,,,,,,,D:\projects\services\archived\clafact-auto\.worktrees\three-type-release\artifacts\direct_value_release_20260826\multi_type8_197_live_final\claim_verification_results.jsonl
복수문장직접값자식결과,A00399_21,claim_d5f35a2e89a3e911,복수 수치에서 분리,8번 직접값 제외,다른 유형으로 이동: 순위,"2017년 트럼프 1기가 시작했을 때 물가(2.1%)보다 훨씬 높고, 트럼프 1기 때 가장 높았던 물가(2018년 6~7월 2.9%)와 같은 수준이다.",2025-01-31,2.1%,물가상승률,2.1,%,2017,Y,,,,DIRECT_VALUE,,HUMAN_REVIEW,CONTEXT_REQUIRED,HUMAN_REVIEW,RECLASSIFY_TO_RANK,CLAIM_PARSE,직접값이 아니라 전체 지역·대상을 비교해야 하는 순위 주장,,,[],[],,,,,N,,,,,,,D:\projects\services\archived\clafact-auto\.worktrees\three-type-release\artifacts\direct_value_release_20260826\multi_type8_197_live_final\claim_verification_results.jsonl
복수문장직접값자식결과,A00489_11,claim_1aa98594f46770a7,복수 수치에서 분리,8번 직접값,8번 직접값 유지,"작년 12월 수출은 633억달러로 전달보다 11.1%, 전년 같은 달보다 6.6% 뛰었다.",2025-02-07,633억달러,수출,633.0,억달러,작년 12월,월간,,,,DIRECT_VALUE,"{""direction"": ""INCREASE""}",HOLD,STRUCTURAL_HOLD,HUMAN_REVIEW,CLAIM_PARSE_UNCERTAIN,CLAIM_PARSE,중심 수치에 전월 대비와 전년 동월 대비라는 서로 독립적으로 검증 가능한 증감률이 함께 포함되어 있어 단일 주장으로 안전하게 확정할 수 없음,,,[],[],,,,,N,,중심 수치에 전월 대비와 전년 동월 대비라는 서로 독립적으로 검증 가능한 증감률이 함께 포함되어 있어 단일 주장으로 안전하게 확정할 수 없음,,,,,D:\projects\services\archived\clafact-auto\.worktrees\three-type-release\artifacts\direct_value_release_20260826\multi_type8_197_live_final\claim_verification_results.jsonl
복수문장직접값자식결과,A00630_16,claim_696fd653e7921dfb,복수 수치에서 분리,8번 직접값,8번 직접값 유지,정부는 관세 대응 수출 바우처를 포함해 올해 연간 수출 바우처 예산(2400억원)의 90%를 상반기에 집중 투입한다는 방침이다.,2025-02-18,2400억원,예산,2400.0,억원,2025,연간,,,"{""item"": ""수출 바우처"", ""program_scope"": ""관세 대응 수출 바우처 포함""}",DIRECT_VALUE,"{""policy_status"": ""방침""}",AUTO_OK,KOSIS_PIPELINE_ELIGIBLE,HOLD,NO_HARD_GUARD_CANDIDATE,HARD_GUARD,기간·단위·지역 등 필수 조건을 모두 만족하는 공식표 후보가 없음,UNDETERMINED,,[],[],,,,,N,,,,,,,D:\projects\services\archived\clafact-auto\.worktrees\three-type-release\artifacts\direct_value_release_20260826\multi_type8_197_live_final\claim_verification_results.jsonl
복수문장직접값자식결과,A00735_6,claim_5095c98de43d1375,복수 수치에서 분리,8번 직접값,8번 직접값 유지,"하지만 작년 8월 2.1%로 낮췄고, 수출 둔화세가 본격화한 작년 3분기(7~9월) 이후인 작년 11월에는 이를 1.9%로 내려잡았다.",2025-02-26,1.9%,,1.9,%,작년 11월,,,,,DIRECT_VALUE,"{""direction"": ""DECREASE""}",HOLD,STRUCTURAL_HOLD,HUMAN_REVIEW,CLAIM_PARSE_UNCERTAIN,CLAIM_PARSE,"목표 수치 1.9%와 기준 수치 2.1%는 명확하지만, 대명사 '이를'이 가리키는 구체적 지표가 문장에 명시되지 않음",,,[],[],,,,,N,,"목표 수치 1.9%와 기준 수치 2.1%는 명확하지만, 대명사 '이를'이 가리키는 구체적 지표가 문장에 명시되지 않음",,,,,D:\projects\services\archived\clafact-auto\.worktrees\three-type-release\artifacts\direct_value_release_20260826\multi_type8_197_live_final\claim_verification_results.jsonl
복수문장직접값자식결과,A00749_14,claim_0d6482ba1fa9a6ab,복수 수치에서 분리,8번 직접값,8번 직접값 유지,"1990년 64만9000명대였던 출생아 수가 1991년 70만9000명대로 뛰어오른 데 이어, 올해 33세인 1992년생은 출생아 수가 73만명대로 2차 에코 붐 세대 중에서도 가장 많았기 때문이다.",2025-02-27,730000명,출생아 수,730000.0,명,1992년,연간,,1992년생,"{""세대"": ""2차 에코 붐 세대""}",DIRECT_VALUE,,AUTO_OK,KOSIS_PIPELINE_ELIGIBLE,HOLD,NO_HARD_GUARD_CANDIDATE,HARD_GUARD,기간·단위·지역 등 필수 조건을 모두 만족하는 공식표 후보가 없음,UNDETERMINED,,[],[],,,,,N,,,,,,,D:\projects\services\archived\clafact-auto\.worktrees\three-type-release\artifacts\direct_value_release_20260826\multi_type8_197_live_final\claim_verification_results.jsonl
복수문장직접값자식결과,A00749_24,claim_a4c35c85011066cd,복수 수치에서 분리,8번 직접값,8번 직접값 유지,"출생아 수는 1995년생(69만1226명)부터 60만명대로 내려앉고, 2001년생은 50만명대(55만9934명), 2002년생(49만6911명)부터는 40만명대로 줄어든다.",2025-02-27,691226명,출생아 수,691226.0,명,1995년,,,,"{""출생연도"": ""1995년생""}",DIRECT_VALUE,,AUTO_OK,KOSIS_PIPELINE_ELIGIBLE,HOLD,NO_HARD_GUARD_CANDIDATE,HARD_GUARD,기간·단위·지역 등 필수 조건을 모두 만족하는 공식표 후보가 없음,UNDETERMINED,,[],[],,,,,N,,,,,,,D:\projects\services\archived\clafact-auto\.worktrees\three-type-release\artifacts\direct_value_release_20260826\multi_type8_197_live_final\claim_verification_results.jsonl
복수문장직접값자식결과,A00749_24,claim_4ec273e3eb5dc413,복수 수치에서 분리,8번 직접값 제외,다른 유형으로 이동: 6번 증감량,"출생아 수는 1995년생(69만1226명)부터 60만명대로 내려앉고, 2001년생은 50만명대(55만9934명), 2002년생(49만6911명)부터는 40만명대로 줄어든다.",2025-02-27,559934명,출생아 수,559934.0,명,2001년,연간,대한민국,출생아,"{""출생연도"": ""2001년""}",DIRECT_VALUE,,HUMAN_REVIEW,CONTEXT_REQUIRED,HUMAN_REVIEW,RECLASSIFY_TO_DIFFERENCE,CLAIM_PARSE,직접값이 아니라 두 기간 공식값의 차이를 계산해야 하는 증감량 주장,,,[],[],,,,,N,,,,,,,D:\projects\services\archived\clafact-auto\.worktrees\three-type-release\artifacts\direct_value_release_20260826\multi_type8_197_live_final\claim_verification_results.jsonl
복수문장직접값자식결과,A00749_24,claim_0549fe7976730903,복수 수치에서 분리,8번 직접값 제외,다른 유형으로 이동: 6번 증감량,"출생아 수는 1995년생(69만1226명)부터 60만명대로 내려앉고, 2001년생은 50만명대(55만9934명), 2002년생(49만6911명)부터는 40만명대로 줄어든다.",2025-02-27,496911명,출생아 수,496911.0,명,2002년,연간,대한민국,,"{""출생 코호트"": ""2002년생""}",DIRECT_VALUE,,HUMAN_REVIEW,CONTEXT_REQUIRED,HUMAN_REVIEW,RECLASSIFY_TO_DIFFERENCE,CLAIM_PARSE,직접값이 아니라 두 기간 공식값의 차이를 계산해야 하는 증감량 주장,,,[],[],,,,,N,,,,,,,D:\projects\services\archived\clafact-auto\.worktrees\three-type-release\artifacts\direct_value_release_20260826\multi_type8_197_live_final\claim_verification_results.jsonl
복수문장직접값자식결과,A00751_27,claim_ab7eebfc50678e82,복수 수치에서 분리,8번 직접값,8번 직접값 유지,"실업률은 4% 수준이고, 작년 12월에는 일자리 25만개가 새로 만들어졌다.",2025-02-27,4%,실업률,4.0,%,,,,,,DIRECT_VALUE,,HOLD,STRUCTURAL_HOLD,HUMAN_REVIEW,CLAIM_PARSE_UNCERTAIN,CLAIM_PARSE,실업률 4%라는 단일 수치는 명확하지만 대상 인구와 기준 시점이 본문에 직접 제시되지 않아 충분한 슬롯을 확정할 수 없음,,,[],[],,,,,N,,실업률 4%라는 단일 수치는 명확하지만 대상 인구와 기준 시점이 본문에 직접 제시되지 않아 충분한 슬롯을 확정할 수 없음,,,,,D:\projects\services\archived\clafact-auto\.worktrees\three-type-release\artifacts\direct_value_release_20260826\multi_type8_197_live_final\claim_verification_results.jsonl
복수문장직접값자식결과,A00751_27,claim_e2ed9bf16de852a0,복수 수치에서 분리,8번 직접값,8번 직접값 유지,"실업률은 4% 수준이고, 작년 12월에는 일자리 25만개가 새로 만들어졌다.",2025-02-27,250000개,일자리,250000.0,개,2024년 12월,월,,,,DIRECT_VALUE,,AUTO_OK,KOSIS_PIPELINE_ELIGIBLE,HOLD,NO_HARD_GUARD_CANDIDATE,HARD_GUARD,기간·단위·지역 등 필수 조건을 모두 만족하는 공식표 후보가 없음,UNDETERMINED,,[],[],,,,,N,,,,,,,D:\projects\services\archived\clafact-auto\.worktrees\three-type-release\artifacts\direct_value_release_20260826\multi_type8_197_live_final\claim_verification_results.jsonl
복수문장직접값자식결과,A00922_25,claim_0891b38fe687ca41,복수 수치에서 분리,8번 직접값 제외,다른 유형으로 이동: 6번 증감량,도·소매업 취업자는 6만5000명 감소하며 지난해 3월(-1만4000명)부터 1년째 감소세가 이어지고 있다.,2025-03-12,65000명,취업자,65000.0,명,2025년 3월,월,,취업자,"{""industry"": ""도·소매업""}",DIRECT_VALUE,"{""direction"": ""DECREASE""}",HUMAN_REVIEW,CONTEXT_REQUIRED,HUMAN_REVIEW,RECLASSIFY_TO_DIFFERENCE,CLAIM_PARSE,직접값이 아니라 두 기간 공식값의 차이를 계산해야 하는 증감량 주장,,,[],[],,,,,N,,,,,,,D:\projects\services\archived\clafact-auto\.worktrees\three-type-release\artifacts\direct_value_release_20260826\multi_type8_197_live_final\claim_verification_results.jsonl
복수문장직접값자식결과,A00953_14,claim_990e2230f27dbd12,복수 수치에서 분리,8번 직접값 제외,다른 유형으로 이동: 6번 증감량,실제 본지가 소비자물가정보서비스에서 원재료와 제품값 상승률을 비교한 가공식품 21개 중에서는 지난해 원재료 가격이 떨어졌는데도 제품값이 오른 품목이 10개나 됐다.,2025-03-15,21개,소비자물가 상승률,21.0,개,2024,Y,,,,DIRECT_VALUE,"{""direction"": ""DECREASE""}",HUMAN_REVIEW,CONTEXT_REQUIRED,HUMAN_REVIEW,RECLASSIFY_TO_DIFFERENCE,CLAIM_PARSE,직접값이 아니라 두 기간 공식값의 차이를 계산해야 하는 증감량 주장,,,[],[],,,,,N,,,,,,,D:\projects\services\archived\clafact-auto\.worktrees\three-type-release\artifacts\direct_value_release_20260826\multi_type8_197_live_final\claim_verification_results.jsonl
복수문장직접값자식결과,A01193_11,claim_fa16759bc2782c6b,복수 수치에서 분리,8번 직접값,8번 직접값 유지,"같은 방식으로 비교했을 때 2023년까지만 해도 외국인과 노인 일자리 참여자 증가 규모는 11만8000명으로, 전체 취업자 증가 폭(32만7000명)보다 적었다.",2025-04-02,118000명,일자리 참여자 증가 규모,118000.0,명,2023년,,,외국인과 노인 일자리 참여자,"{""sex"": ""여성""}",DIRECT_VALUE,,AUTO_OK,KOSIS_PIPELINE_ELIGIBLE,HOLD,NO_HARD_GUARD_CANDIDATE,HARD_GUARD,기간·단위·지역 등 필수 조건을 모두 만족하는 공식표 후보가 없음,UNDETERMINED,,[],[],,,,,N,,,,,,,D:\projects\services\archived\clafact-auto\.worktrees\three-type-release\artifacts\direct_value_release_20260826\multi_type8_197_live_final\claim_verification_results.jsonl
복수문장직접값자식결과,A01193_11,claim_4d7dc9ed0457a5f5,복수 수치에서 분리,8번 직접값,8번 직접값 유지,"같은 방식으로 비교했을 때 2023년까지만 해도 외국인과 노인 일자리 참여자 증가 규모는 11만8000명으로, 전체 취업자 증가 폭(32만7000명)보다 적었다.",2025-04-02,327000명,취업자 증가 폭,327000.0,명,2023년,,,전체 취업자,"{""item"": ""취업자""}",DIRECT_VALUE,,AUTO_OK,KOSIS_PIPELINE_ELIGIBLE,HOLD,LOW_SEMANTIC_SCORE,EVIDENCE_CELL,LOW_SEMANTIC_SCORE,UNDETERMINED,,"[{""canonical_key"": ""ORG=101|TBL=DT_1DA7001S|ITM=T30|OBJ=B|MEMBER=계|PRD_SE=월|분기|년|PRD_DE=2023"", ""dimension_codes"": {""B"": ""0""}, ""dimension_members"": {""B"": ""계""}, ""itm_id"": ""T30"", ""member_code"": ""계"", ""obj_id"": ""B"", ""org_id"": ""101"", ""prd_de"": ""2023"", ""prd_se"": ""월|분기|년"", ""status"": ""CONFIRMED"", ""tbl_id"": ""DT_1DA7001S"", ""unit"": ""천명""}]",[],,,,,N,,,,,,,D:\projects\services\archived\clafact-auto\.worktrees\three-type-release\artifacts\direct_value_release_20260826\multi_type8_197_live_final\claim_verification_results.jsonl
복수문장직접값자식결과,A01193_7,claim_88b757f547926753,복수 수치에서 분리,8번 직접값 제외,다른 유형으로 이동: 6번 증감량,"그 결과 작년 외국인 취업자는 8만7000명, 노인 일자리 참여자는 9만2000명 늘어난 것으로 파악됐다.",2025-04-02,87000명,외국인 취업자 증가,87000.0,명,2024년,년,,외국인 취업자,,DIRECT_VALUE,"{""direction"": ""INCREASE""}",HUMAN_REVIEW,CONTEXT_REQUIRED,HUMAN_REVIEW,RECLASSIFY_TO_DIFFERENCE,CLAIM_PARSE,직접값이 아니라 두 기간 공식값의 차이를 계산해야 하는 증감량 주장,,,[],[],,,,,N,,,,,,,D:\projects\services\archived\clafact-auto\.worktrees\three-type-release\artifacts\direct_value_release_20260826\multi_type8_197_live_final\claim_verification_results.jsonl
복수문장직접값자식결과,A01193_7,claim_20ff519d54b08eff,복수 수치에서 분리,8번 직접값 제외,다른 유형으로 이동: 6번 증감량,"그 결과 작년 외국인 취업자는 8만7000명, 노인 일자리 참여자는 9만2000명 늘어난 것으로 파악됐다.",2025-04-02,92000명,일자리 참여자 증가 규모,92000.0,명,2024년,년,,일자리 참여자,"{""sex"": ""여성"", ""대상"": ""노인"", ""항목"": ""노인 일자리""}",DIRECT_VALUE,"{""direction"": ""INCREASE""}",HUMAN_REVIEW,CONTEXT_REQUIRED,HUMAN_REVIEW,RECLASSIFY_TO_DIFFERENCE,CLAIM_PARSE,직접값이 아니라 두 기간 공식값의 차이를 계산해야 하는 증감량 주장,,,[],[],,,,,N,,,,,,,D:\projects\services\archived\clafact-auto\.worktrees\three-type-release\artifacts\direct_value_release_20260826\multi_type8_197_live_final\claim_verification_results.jsonl
복수문장직접값자식결과,A01285_4,claim_d5a7ae422c416dbf,복수 수치에서 분리,8번 직접값,8번 직접값 유지,"9일 통계청이 발표한 ‘3월 고용동향’에 따르면, 지난 3월 취업자 수는 2858만9000명으로 전년 동월 대비 19만3000명 증가했다.",2025-04-09,2.8589e+07명,취업자 수,28589000.0,명,2025년 3월,월,대한민국,취업자,,DIRECT_VALUE,"{""direction"": ""INCREASE""}",AUTO_OK,KOSIS_PIPELINE_ELIGIBLE,AUTO,WITHIN_TOLERANCE,VERDICT,기사값과 공식값이 허용오차 안에서 일치,MATCH,28589000.0,"[{""canonical_key"": ""ORG=101|TBL=DT_1DA7001S|ITM=T30|OBJ=B|MEMBER=계|PRD_SE=월|PRD_DE=2025-03"", ""dimension_codes"": {""B"": ""0""}, ""dimension_members"": {""B"": ""계""}, ""itm_id"": ""T30"", ""member_code"": ""계"", ""obj_id"": ""B"", ""org_id"": ""101"", ""prd_de"": ""2025-03"", ""prd_se"": ""월"", ""status"": ""CONFIRMED"", ""tbl_id"": ""DT_1DA7001S"", ""unit"": ""천명""}]","[{""content_hash"": ""ba95b3860024c3ea552e621c4d0c3ec24a1ef96fd16434bca699a0d60ba0c0af"", ""evidence_key"": ""ORG=101|TBL=DT_1DA7001S|ITM=T30|OBJ=B|MEMBER=계|PRD_SE=월|PRD_DE=2025-03"", ""publication"": {""content_hash"": ""246739db81ff1a69cd4128d267c47aaa1b806eee9b3fe1723c2d15bd41000920"", ""coverage_end_period"": null, ""coverage_start_period"": null, ""evidence_scope"": ""PERIOD"", ""pub_date_text"": ""조사기준 월 익월"", ""pub_period"": ""월"", ""publication_method_url"": ""https://www.kostat.go.kr/board.es?act=list&mid=a10301010000&keyField=T&bid=210&keyWord=2025%EB%85%84+3%EC%9B%94+%EA%B3%A0%EC%9A%A9%EB%8F%99%ED%96%A5"", ""published_at"": ""2025-04-09"", ""reference_period"": ""2025-03"", ""retrieved_at"": ""2026-08-26T09:03:46.035461Z"", ""source_url"": ""https://www.kostat.go.kr/board.es?mid=a10301010000&bid=210&act=view&list_no=435969&tag=&nPage=1&ref_bid="", ""status"": ""VERIFIED""}, ""retrieved_at"": ""2026-08-26T09:03:32.429896Z"", ""source"": ""API"", ""source_url"": ""https://kosis.kr/openapi/Param/statisticsParameterData.do?method=getList&orgId=101&tblId=DT_1DA7001S&itmId=T30&prdSe=M&startPrdDe=202503&endPrdDe=202503&objL1=0"", ""value_last_changed_at"": ""2025-03-27""}]",https://kosis.kr/openapi/Param/statisticsParameterData.do?method=getList&orgId=101&tblId=DT_1DA7001S&itmId=T30&prdSe=M&startPrdDe=202503&endPrdDe=202503&objL1=0,ba95b3860024c3ea552e621c4d0c3ec24a1ef96fd16434bca699a0d60ba0c0af,VERIFIED,KOSIS_API,Y,,,,,,,D:\projects\services\archived\clafact-auto\.worktrees\three-type-release\artifacts\direct_value_release_20260826\multi_type8_197_live_final\claim_verification_results.jsonl
복수문장직접값자식결과,A01385_7,claim_0b82eca204ef02a6,복수 수치에서 분리,8번 직접값,8번 직접값 유지,"농가 인구는 2003년 약 353만명에서 2013년 284만7000명으로 크게 감소했고, 지난해에는 간신히 200만명에 턱걸이할 정도로 가파르게 줄고 있다.",2025-04-17,2e+06명,농가 인구,2000000.0,명,2024년,년,,농가 인구,,DIRECT_VALUE,"{""direction"": ""DECREASE""}",AUTO_OK,KOSIS_PIPELINE_ELIGIBLE,HOLD,NO_EVIDENCE_COORDINATE_CANDIDATE,HARD_GUARD,공식표는 찾았지만 기사 조건에 맞는 항목·지역·기간 좌표를 확정하지 못함,UNDETERMINED,,[],[],,,,,N,,,,,,,D:\projects\services\archived\clafact-auto\.worktrees\three-type-release\artifacts\direct_value_release_20260826\multi_type8_197_live_final\claim_verification_results.jsonl
복수문장직접값자식결과,A01584_3,claim_5c09a68c75dde0e2,복수 수치에서 분리,8번 직접값,8번 직접값 유지,"2일 통계청이 발표한 ‘4월 소비자물가 동향’에 따르면, 지난달 소비자물가 지수는 116.38로 전년 동월 대비 2.1% 올랐다.",2025-05-02,116.38지수,소비자물가지수,116.38,지수,2025년 4월,월,,,,DIRECT_VALUE,"{""direction"": ""INCREASE""}",HOLD,CONTEXT_REQUIRED,HUMAN_REVIEW,TARGET_VALUE_NOT_IN_SOURCE_SENTENCE,CLAIM_PARSE,TARGET_VALUE_NOT_IN_SOURCE_SENTENCE,,,[],[],,,,,N,,,,,,,D:\projects\services\archived\clafact-auto\.worktrees\three-type-release\artifacts\direct_value_release_20260826\multi_type8_197_live_final\claim_verification_results.jsonl
복수문장직접값자식결과,A01589_4,claim_3e2801049ee55e9d,복수 수치에서 분리,8번 직접값,8번 직접값 유지,"2일 통계청이 발표한 ‘4월 소비자물가 동향’에 따르면, 지난달 소비자물가 지수는 116.38로 전년 동월 대비 2.1% 올랐다.",2025-05-03,116.38지수,소비자물가지수,116.38,지수,2025년 4월,월,,,,DIRECT_VALUE,"{""direction"": ""INCREASE""}",HOLD,CONTEXT_REQUIRED,HUMAN_REVIEW,TARGET_VALUE_NOT_IN_SOURCE_SENTENCE,CLAIM_PARSE,TARGET_VALUE_NOT_IN_SOURCE_SENTENCE,,,[],[],,,,,N,,,,,,,D:\projects\services\archived\clafact-auto\.worktrees\three-type-release\artifacts\direct_value_release_20260826\multi_type8_197_live_final\claim_verification_results.jsonl
복수문장직접값자식결과,A01641_17,claim_f6144e9032ae4a7a,복수 수치에서 분리,8번 직접값,8번 직접값 유지,실제 근로소득세 수입은 2008년 15조6000억원에서 지난해 61조원으로 거의 4배로 늘었다.,2025-05-07,61조원,실제 근로소득세 수입,61.0,조원,2024년,년,,,,DIRECT_VALUE,"{""direction"": ""INCREASE""}",AUTO_OK,KOSIS_PIPELINE_ELIGIBLE,HOLD,NO_HARD_GUARD_CANDIDATE,HARD_GUARD,기간·단위·지역 등 필수 조건을 모두 만족하는 공식표 후보가 없음,UNDETERMINED,,[],[],,,,,N,,,,,,,D:\projects\services\archived\clafact-auto\.worktrees\three-type-release\artifacts\direct_value_release_20260826\multi_type8_197_live_final\claim_verification_results.jsonl
복수문장직접값자식결과,A01709_31,claim_3548667ef4067f27,복수 수치에서 분리,8번 직접값,8번 직접값 유지,2023년 말 일반 정부 부채는 약 1217조원(GDP의 50.7%)이다.,2025-05-12,1217조원,일반 정부 부채,1217.0,조원,2023년 말,연간,,일반 정부,"{""GDP 대비 비율"": ""50.7%""}",DIRECT_VALUE,,AUTO_OK,KOSIS_PIPELINE_ELIGIBLE,HOLD,NO_HARD_GUARD_CANDIDATE,HARD_GUARD,기간·단위·지역 등 필수 조건을 모두 만족하는 공식표 후보가 없음,UNDETERMINED,,[],[],,,,,N,,,,,,,D:\projects\services\archived\clafact-auto\.worktrees\three-type-release\artifacts\direct_value_release_20260826\multi_type8_197_live_final\claim_verification_results.jsonl
복수문장직접값자식결과,A01737_5,claim_535e5c9e6674fa0e,복수 수치에서 분리,8번 직접값,8번 직접값 유지,지난 1월(13만5000명)부터 4개월 연속으로 취업자 증가폭이 10만명대를 기록한 것이다.,2025-05-14,100000명,취업자 증가폭,100000.0,명,지난 1월부터 4개월 연속,월,,취업자,,DIRECT_VALUE,"{""duration"": ""4개월 연속"", ""range_expression"": ""10만명대""}",HOLD,STRUCTURAL_HOLD,HUMAN_REVIEW,CLAIM_PARSE_UNCERTAIN,CLAIM_PARSE,"‘10만명대’는 정확한 단일 수치가 아닌 범위 표현이며, 4개월 연속이라는 기간에 걸친 주장이라 확정값으로 자동 구조화하기 어렵습니다.",,,[],[],,,,,N,,"‘10만명대’는 정확한 단일 수치가 아닌 범위 표현이며, 4개월 연속이라는 기간에 걸친 주장이라 확정값으로 자동 구조화하기 어렵습니다.",,,,,D:\projects\services\archived\clafact-auto\.worktrees\three-type-release\artifacts\direct_value_release_20260826\multi_type8_197_live_final\claim_verification_results.jsonl
복수문장직접값자식결과,A01752_4,claim_93612f4fd03ddb56,복수 수치에서 분리,8번 직접값,8번 직접값 유지,"통계청이 14일 발표한 ‘4월 고용 동향’에 따르면, 지난달 취업자는 2888만7000명으로 작년 4월보다 19만4000명 늘었다.",2025-05-15,2.8887e+07명,취업자,28887000.0,명,2025년 4월,월,전국,취업자,,DIRECT_VALUE,"{""direction"": ""INCREASE""}",AUTO_OK,KOSIS_PIPELINE_ELIGIBLE,AUTO,WITHIN_TOLERANCE,VERDICT,기사값과 공식값이 허용오차 안에서 일치,MATCH,28887000.0,"[{""canonical_key"": ""ORG=101|TBL=DT_1DA7001S|ITM=T30|OBJ=B|MEMBER=계|PRD_SE=월|PRD_DE=2025-04"", ""dimension_codes"": {""B"": ""0""}, ""dimension_members"": {""B"": ""계""}, ""itm_id"": ""T30"", ""member_code"": ""계"", ""obj_id"": ""B"", ""org_id"": ""101"", ""prd_de"": ""2025-04"", ""prd_se"": ""월"", ""status"": ""CONFIRMED"", ""tbl_id"": ""DT_1DA7001S"", ""unit"": ""천명""}]","[{""content_hash"": ""49d3c5a9dbb62f72bb36e41527a493f58e5e0986134e8ae19ef12ea167869fe0"", ""evidence_key"": ""ORG=101|TBL=DT_1DA7001S|ITM=T30|OBJ=B|MEMBER=계|PRD_SE=월|PRD_DE=2025-04"", ""publication"": {""content_hash"": ""213459a3cd85aa4e294dc8ac801e810b4745ef2f8fa25b4ebe22243c99800c47"", ""coverage_end_period"": null, ""coverage_start_period"": null, ""evidence_scope"": ""PERIOD"", ""pub_date_text"": ""조사기준 월 익월"", ""pub_period"": ""월"", ""publication_method_url"": ""https://www.kostat.go.kr/board.es?act=list&mid=a10301010000&keyField=T&bid=210&keyWord=2025%EB%85%84+4%EC%9B%94+%EA%B3%A0%EC%9A%A9%EB%8F%99%ED%96%A5"", ""published_at"": ""2025-05-14"", ""reference_period"": ""2025-04"", ""retrieved_at"": ""2026-08-26T09:04:31.953739Z"", ""source_url"": ""https://www.kostat.go.kr/board.es?mid=a10301010000&bid=210&act=view&list_no=436594&tag=&nPage=1&ref_bid="", ""status"": ""VERIFIED""}, ""retrieved_at"": ""2026-08-26T09:04:25.521041Z"", ""source"": ""API"", ""source_url"": ""https://kosis.kr/openapi/Param/statisticsParameterData.do?method=getList&orgId=101&tblId=DT_1DA7001S&itmId=T30&prdSe=M&startPrdDe=202504&endPrdDe=202504&objL1=0"", ""value_last_changed_at"": ""2025-04-30""}]",https://kosis.kr/openapi/Param/statisticsParameterData.do?method=getList&orgId=101&tblId=DT_1DA7001S&itmId=T30&prdSe=M&startPrdDe=202504&endPrdDe=202504&objL1=0,49d3c5a9dbb62f72bb36e41527a493f58e5e0986134e8ae19ef12ea167869fe0,VERIFIED,KOSIS_API,Y,,,,,,,D:\projects\services\archived\clafact-auto\.worktrees\three-type-release\artifacts\direct_value_release_20260826\multi_type8_197_live_final\claim_verification_results.jsonl
복수문장직접값자식결과,A01927_11,claim_fb5fd135415c3b5c,복수 수치에서 분리,8번 직접값 제외,다른 유형으로 이동: 최고·최저 기록,분기별로 출생아 수가 6만5000명을 넘은 것은 지난 2022년 1분기(6만8339명) 이후 3년 만이다.,2025-05-29,65000명,출생아 수,65000.0,명,2025년 1분기,분기,,,,THRESHOLD,"{""direction"": ""INCREASE"", ""operator"": ""GT"", ""threshold_unit"": ""명"", ""threshold_value"": ""65000""}",HUMAN_REVIEW,CONTEXT_REQUIRED,HUMAN_REVIEW,RECLASSIFY_TO_RECORD,CLAIM_PARSE,직접값이 아니라 과거 전체 기간과 비교해야 하는 기록 주장,,,[],[],,,,,N,,,,,,,D:\projects\services\archived\clafact-auto\.worktrees\three-type-release\artifacts\direct_value_release_20260826\multi_type8_197_live_final\claim_verification_results.jsonl
복수문장직접값자식결과,A01927_23,claim_12fae89412f5fe2b,복수 수치에서 분리,8번 직접값,8번 직접값 유지,2000년에 64만명이던 출생아 수는 2001년 56만명으로 줄더니 2002년부터 40만명대로 떨어졌다.,2025-05-29,560000명,출생아 수,560000.0,명,2001,ANNUAL,,,,DIRECT_VALUE,"{""direction"": ""DECREASE""}",HUMAN_REVIEW,CONTEXT_REQUIRED,HUMAN_REVIEW,DIRECT_VALUE_CHANGE_TARGET_MISCLASSIFIED,CLAIM_PARSE,DIRECT_VALUE_CHANGE_TARGET_MISCLASSIFIED,,,[],[],,,,,N,,,,,,,D:\projects\services\archived\clafact-auto\.worktrees\three-type-release\artifacts\direct_value_release_20260826\multi_type8_197_live_final\claim_verification_results.jsonl
복수문장직접값자식결과,A01927_23,claim_1014ae0c2e198bd3,복수 수치에서 분리,8번 직접값,8번 직접값 유지,2000년에 64만명이던 출생아 수는 2001년 56만명으로 줄더니 2002년부터 40만명대로 떨어졌다.,2025-05-29,400000명,출생아 수,400000.0,명,2002년부터,연간,,,,DIRECT_VALUE,,AUTO_OK,KOSIS_PIPELINE_ELIGIBLE,HOLD,FETCH_FAILED,OFFICIAL_VALUE_FETCH,확정한 좌표의 공식값 조회가 실패함,UNDETERMINED,,"[{""canonical_key"": ""ORG=101|TBL=DT_1B8000G|ITM=T1|OBJ=B|MEMBER=전국|PRD_SE=년|PRD_DE=2002부터|DIMS=B:전국,A:출생아수(명)"", ""dimension_codes"": {""A"": ""10"", ""B"": ""00""}, ""dimension_members"": {""A"": ""출생아수(명)"", ""B"": ""전국""}, ""itm_id"": ""T1"", ""member_code"": ""전국"", ""obj_id"": ""B"", ""org_id"": ""101"", ""prd_de"": ""2002부터"", ""prd_se"": ""년"", ""status"": ""CONFIRMED"", ""tbl_id"": ""DT_1B8000G"", ""unit"": ""명""}]","[{""content_hash"": """", ""evidence_key"": ""ORG=101|TBL=DT_1B8000G|ITM=T1|OBJ=B|MEMBER=전국|PRD_SE=년|PRD_DE=2002부터|DIMS=B:전국,A:출생아수(명)"", ""publication"": null, ""retrieved_at"": ""2026-08-26T09:04:32.767744Z"", ""source"": ""NONE"", ""source_url"": ""https://kosis.kr/openapi/Param/statisticsParameterData.do?method=getList&orgId=101&tblId=DT_1B8000G&itmId=T1&prdSe=Y&startPrdDe=2002%EB%B6%80%ED%84%B0&endPrdDe=2002%EB%B6%80%ED%84%B0&objL1=00&objL2=10"", ""value_last_changed_at"": null}]",https://kosis.kr/openapi/Param/statisticsParameterData.do?method=getList&orgId=101&tblId=DT_1B8000G&itmId=T1&prdSe=Y&startPrdDe=2002%EB%B6%80%ED%84%B0&endPrdDe=2002%EB%B6%80%ED%84%B0&objL1=00&objL2=10,,,,N,,,,,,,D:\projects\services\archived\clafact-auto\.worktrees\three-type-release\artifacts\direct_value_release_20260826\multi_type8_197_live_final\claim_verification_results.jsonl
복수문장직접값자식결과,A01935_13,claim_f92fc8467da2f9d7,복수 수치에서 분리,8번 직접값,8번 직접값 유지,"올해 내수의 성장률 기여도는 0.8%포인트, 순수출 성장률 기여도는 0%포인트 정도로 봤다.",2025-05-29,0.8%포인트,내수 성장률 기여도,0.8,%포인트,올해,,,,,DIRECT_VALUE,,HOLD,STRUCTURAL_HOLD,HUMAN_REVIEW,CLAIM_PARSE_UNCERTAIN,CLAIM_PARSE,문장에 내수와 순수출이라는 서로 독립적으로 검증 가능한 두 수치가 함께 제시되어 단일 Claim으로 안전하게 확정할 수 없음,,,[],[],,,,,N,,문장에 내수와 순수출이라는 서로 독립적으로 검증 가능한 두 수치가 함께 제시되어 단일 Claim으로 안전하게 확정할 수 없음,,,,,D:\projects\services\archived\clafact-auto\.worktrees\three-type-release\artifacts\direct_value_release_20260826\multi_type8_197_live_final\claim_verification_results.jsonl
복수문장직접값자식결과,A01935_13,claim_876392cfe0983300,복수 수치에서 분리,8번 직접값,8번 직접값 유지,"올해 내수의 성장률 기여도는 0.8%포인트, 순수출 성장률 기여도는 0%포인트 정도로 봤다.",2025-05-29,0%포인트,성장률 기여도,0.0,%포인트,2025년,년,,,"{""item"": ""순수출""}",DIRECT_VALUE,,AUTO_OK,KOSIS_PIPELINE_ELIGIBLE,HOLD,NO_EVIDENCE_COORDINATE_CANDIDATE,HARD_GUARD,공식표는 찾았지만 기사 조건에 맞는 항목·지역·기간 좌표를 확정하지 못함,UNDETERMINED,,[],[],,,,,N,,,,,,,D:\projects\services\archived\clafact-auto\.worktrees\three-type-release\artifacts\direct_value_release_20260826\multi_type8_197_live_final\claim_verification_results.jsonl
복수문장직접값자식결과,A01953_25,claim_cecd602327217d8d,복수 수치에서 분리,8번 직접값,8번 직접값 유지,앞서 2023년 종근당은 노바티스와 총 13억500만달러(약 1조7302억원) 규모의 기술 수출 계약을 맺었다.,2025-05-31,1.305e+09달러,기술 수출 계약 규모,1305000000.0,달러,2023년,,,,"{""계약 당사자"": ""종근당·노바티스"", ""계약 유형"": ""기술 수출""}",DIRECT_VALUE,,AUTO_OK,KOSIS_PIPELINE_ELIGIBLE,HOLD,NO_HARD_GUARD_CANDIDATE,HARD_GUARD,기간·단위·지역 등 필수 조건을 모두 만족하는 공식표 후보가 없음,UNDETERMINED,,[],[],,,,,N,,,,,,,D:\projects\services\archived\clafact-auto\.worktrees\three-type-release\artifacts\direct_value_release_20260826\multi_type8_197_live_final\claim_verification_results.jsonl
복수문장직접값자식결과,A02010_4,claim_51a6496f4aa68666,복수 수치에서 분리,8번 직접값,8번 직접값 유지,4일 통계청에 따르면 5월 소비자 물가 지수는 116.27(2020년을 100으로 본 상대적 지수)로 전년 동월 대비 1.9% 올랐다.,2025-06-04,116.27지수(2020년=100),소비자물가지수,116.27,지수(2020년=100),2025년 5월,월,,,"{""base_period"": ""2020=100""}",DIRECT_VALUE,"{""direction"": ""INCREASE""}",HOLD,CONTEXT_REQUIRED,HUMAN_REVIEW,TARGET_VALUE_NOT_IN_SOURCE_SENTENCE,CLAIM_PARSE,TARGET_VALUE_NOT_IN_SOURCE_SENTENCE,,,[],[],,,,,N,,,,,,,D:\projects\services\archived\clafact-auto\.worktrees\three-type-release\artifacts\direct_value_release_20260826\multi_type8_197_live_final\claim_verification_results.jsonl
복수문장직접값자식결과,A02028_21,claim_45833028dbca3e22,복수 수치에서 분리,8번 직접값,8번 직접값 유지,2022년 폴란드와 30억달러 규모 FA-50 48대 수출 계약은 또 다른 변곡점이었다.,2025-06-05,3e+09달러,수출액,3000000000.0,달러,2022,Y,,,,DIRECT_VALUE,,HUMAN_REVIEW,CONTEXT_REQUIRED,HUMAN_REVIEW,TARGET_NOT_FOUND_IN_SOURCE,CLAIM_PARSE,구조화된 대상 수치가 뉴스 원문에서 확인되지 않음,,,[],[],,,,,N,,,,,,,D:\projects\services\archived\clafact-auto\.worktrees\three-type-release\artifacts\direct_value_release_20260826\multi_type8_197_live_final\claim_verification_results.jsonl
복수문장직접값자식결과,A02065_4,claim_e6dc0e8f203a746e,복수 수치에서 분리,8번 직접값,8번 직접값 유지,"원·달러 환율(3개월 이동평균)은 작년 동기 대비 7.8% 올라, 소비자물가를 0.3%p 올렸다.",2025-06-08,0.3%p,소비자물가 상승폭,0.3,%p,,,,,"{""item"": ""원·달러 환율(3개월 이동평균)의 영향""}",DIRECT_VALUE,,HOLD,STRUCTURAL_HOLD,HUMAN_REVIEW,CLAIM_PARSE_UNCERTAIN,CLAIM_PARSE,MISSING_REQUIRED_SLOTS:time,,,[],[],,,,,N,,MISSING_REQUIRED_SLOTS:time,,,,,D:\projects\services\archived\clafact-auto\.worktrees\three-type-release\artifacts\direct_value_release_20260826\multi_type8_197_live_final\claim_verification_results.jsonl
복수문장직접값자식결과,A02096_18,claim_5be8d71af5c168a2,복수 수치에서 분리,8번 직접값,8번 직접값 유지,"일도, 구직 활동도 하지 않은 채 그냥 시간을 보냈다는 ‘쉬었음’ 인구는 지난달 239만명으로 전년 동월 대비 5만6000명 증가했다.",2025-06-11,2.39e+06명,쉬었음 인구,2390000.0,명,2025년 5월,월,,"일도, 구직 활동도 하지 않은 사람 및 구직 활동도 하지 않은 사람 중 그냥 시간을 보낸 인구",,DIRECT_VALUE,,AUTO_OK,KOSIS_PIPELINE_ELIGIBLE,HOLD,NO_EVIDENCE_COORDINATE_CANDIDATE,HARD_GUARD,공식표는 찾았지만 기사 조건에 맞는 항목·지역·기간 좌표를 확정하지 못함,UNDETERMINED,,[],[],,,,,N,,,,,,,D:\projects\services\archived\clafact-auto\.worktrees\three-type-release\artifacts\direct_value_release_20260826\multi_type8_197_live_final\claim_verification_results.jsonl
복수문장직접값자식결과,A02096_19,claim_1ecdb544aa72ae01,복수 수치에서 분리,8번 직접값,8번 직접값 유지,20대 쉬었음 인구는 37만8000명으로 전년 동월 대비 1만2000명 늘었다.,2025-06-11,37.8만명,쉬었음 인구,37.8,만명,,MONTHLY,대한민국,20대 인구,,DIRECT_VALUE,"{""direction"": ""INCREASE""}",HOLD,STRUCTURAL_HOLD,HUMAN_REVIEW,CLAIM_PARSE_UNCERTAIN,CLAIM_PARSE,MISSING_REQUIRED_SLOTS:time,,,[],[],,,,,N,,MISSING_REQUIRED_SLOTS:time,,,,,D:\projects\services\archived\clafact-auto\.worktrees\three-type-release\artifacts\direct_value_release_20260826\multi_type8_197_live_final\claim_verification_results.jsonl
복수문장직접값자식결과,A02096_3,claim_c67035994b1740c0,복수 수치에서 분리,8번 직접값,8번 직접값 유지,"11일 통계청의 ‘2025년 5월 고용동향’에 따르면, 지난달 취업자는 2916만명으로 전년 동월 대비 24만5000명 증가했다.",2025-06-11,2916만명,취업자,2916.0,만명,2025년 5월,월,대한민국,취업자,,DIRECT_VALUE,"{""direction"": ""INCREASE""}",AUTO_OK,KOSIS_PIPELINE_ELIGIBLE,HOLD,NO_HARD_GUARD_CANDIDATE,HARD_GUARD,기간·단위·지역 등 필수 조건을 모두 만족하는 공식표 후보가 없음,UNDETERMINED,,[],[],,,,,N,,,,,,,D:\projects\services\archived\clafact-auto\.worktrees\three-type-release\artifacts\direct_value_release_20260826\multi_type8_197_live_final\claim_verification_results.jsonl
복수문장직접값자식결과,A02099_4,claim_3a279cee0bf7df85,복수 수치에서 분리,8번 직접값,8번 직접값 유지,"이 기간 실제 일한 날을 뜻하는 조업일수를 고려한 일평균 수출액은 28억1000만달러로, 작년 같은 기간 조업일수를 고려한 일평균 수출액(24억5000만달러)보다 15.% 늘었다.",2025-06-11,2.81e+09달러,수출액,2810000000.0,달러,이 기간,일평균,,,"{""조업일수_고려"": ""예""}",DIRECT_VALUE,"{""direction"": ""INCREASE""}",HOLD,CONTEXT_REQUIRED,HUMAN_REVIEW,RELATIVE_TIME_UNRESOLVED,CLAIM_PARSE,RELATIVE_TIME_UNRESOLVED,,,[],[],,,,,N,,,,,,,D:\projects\services\archived\clafact-auto\.worktrees\three-type-release\artifacts\direct_value_release_20260826\multi_type8_197_live_final\claim_verification_results.jsonl
복수문장직접값자식결과,A02111_13,claim_1c587cb4401c7eed,복수 수치에서 분리,8번 직접값,8번 직접값 유지,고용률도 2011년 36.8%에서 지난달 48.3%로 불었다.,2025-06-12,36.8%,고용률,36.8,%,2011,Y,,,,DIRECT_VALUE,,HOLD,CONTEXT_REQUIRED,HUMAN_REVIEW,CONTEXT_TARGET_UNRESOLVED,CLAIM_PARSE,CONTEXT_TARGET_UNRESOLVED,,,[],[],,,,,N,,,,,,,D:\projects\services\archived\clafact-auto\.worktrees\three-type-release\artifacts\direct_value_release_20260826\multi_type8_197_live_final\claim_verification_results.jsonl
복수문장직접값자식결과,A02111_4,claim_cbf0fa2709dcf6dd,복수 수치에서 분리,8번 직접값,8번 직접값 유지,"11일 통계청이 발표한 ‘5월 고용동향’에 따르면, 지난달 취업자는 2916만명으로 전년 동월 대비 24만5000명 늘었다.",2025-06-12,2.916e+07명,취업자,29160000.0,명,2025년 5월,월,,취업자,,DIRECT_VALUE,,AUTO_OK,KOSIS_PIPELINE_ELIGIBLE,AUTO,WITHIN_TOLERANCE,VERDICT,기사값과 공식값이 허용오차 안에서 일치,MATCH,29159800.0,"[{""canonical_key"": ""ORG=101|TBL=DT_1DA7001S|ITM=T30|OBJ=B|MEMBER=계|PRD_SE=월|PRD_DE=2025-05"", ""dimension_codes"": {""B"": ""0""}, ""dimension_members"": {""B"": ""계""}, ""itm_id"": ""T30"", ""member_code"": ""계"", ""obj_id"": ""B"", ""org_id"": ""101"", ""prd_de"": ""2025-05"", ""prd_se"": ""월"", ""status"": ""CONFIRMED"", ""tbl_id"": ""DT_1DA7001S"", ""unit"": ""천명""}]","[{""content_hash"": ""b41e3f732780e0269f600b3ec4ff165677bf72e5b96e49c987c8bce81e536636"", ""evidence_key"": ""ORG=101|TBL=DT_1DA7001S|ITM=T30|OBJ=B|MEMBER=계|PRD_SE=월|PRD_DE=2025-05"", ""publication"": {""content_hash"": ""aa47d25e79c01e4df3fee86cf6ab39dc893a5421ce16aa26137e3055a3fa22af"", ""coverage_end_period"": null, ""coverage_start_period"": null, ""evidence_scope"": ""PERIOD"", ""pub_date_text"": ""조사기준 월 익월"", ""pub_period"": ""월"", ""publication_method_url"": ""https://www.kostat.go.kr/board.es?act=list&mid=a10301010000&keyField=T&bid=210&keyWord=2025%EB%85%84+5%EC%9B%94+%EA%B3%A0%EC%9A%A9%EB%8F%99%ED%96%A5"", ""published_at"": ""2025-06-11"", ""reference_period"": ""2025-05"", ""retrieved_at"": ""2026-08-26T09:05:25.702270Z"", ""source_url"": ""https://www.kostat.go.kr/board.es?mid=a10301010000&bid=210&act=view&list_no=437043&tag=&nPage=1&ref_bid="", ""status"": ""VERIFIED""}, ""retrieved_at"": ""2026-08-26T09:05:19.536546Z"", ""source"": ""API"", ""source_url"": ""https://kosis.kr/openapi/Param/statisticsParameterData.do?method=getList&orgId=101&tblId=DT_1DA7001S&itmId=T30&prdSe=M&startPrdDe=202505&endPrdDe=202505&objL1=0"", ""value_last_changed_at"": ""2025-05-29""}]",https://kosis.kr/openapi/Param/statisticsParameterData.do?method=getList&orgId=101&tblId=DT_1DA7001S&itmId=T30&prdSe=M&startPrdDe=202505&endPrdDe=202505&objL1=0,b41e3f732780e0269f600b3ec4ff165677bf72e5b96e49c987c8bce81e536636,VERIFIED,KOSIS_API,Y,,,,,,,D:\projects\services\archived\clafact-auto\.worktrees\three-type-release\artifacts\direct_value_release_20260826\multi_type8_197_live_final\claim_verification_results.jsonl
복수문장직접값자식결과,A02184_12,claim_a8ea1441d888bb96,복수 수치에서 분리,8번 직접값,8번 직접값 유지,작년까지만 해도 전문대 졸업자 실업률(4.8%)이 고졸 실업률(5.1%)보다 낮았다.,2025-06-17,4.8%,실업률,4.8,%,작년까지,,,,"{""학력"": ""전문대 졸업자""}",DIRECT_VALUE,,AUTO_OK,KOSIS_PIPELINE_ELIGIBLE,HOLD,FETCH_FAILED,OFFICIAL_VALUE_FETCH,확정한 좌표의 공식값 조회가 실패함,UNDETERMINED,,"[{""canonical_key"": ""ORG=101|TBL=DT_1DA7003S|ITM=T80|OBJ=H|MEMBER=전문대졸|PRD_SE=월|분기|년|PRD_DE=작까지"", ""dimension_codes"": {""H"": ""41""}, ""dimension_members"": {""H"": ""전문대졸""}, ""itm_id"": ""T80"", ""member_code"": ""전문대졸"", ""obj_id"": ""H"", ""org_id"": ""101"", ""prd_de"": ""작까지"", ""prd_se"": ""월|분기|년"", ""status"": ""CONFIRMED"", ""tbl_id"": ""DT_1DA7003S"", ""unit"": ""%""}]","[{""content_hash"": """", ""evidence_key"": ""ORG=101|TBL=DT_1DA7003S|ITM=T80|OBJ=H|MEMBER=전문대졸|PRD_SE=월|분기|년|PRD_DE=작까지"", ""publication"": null, ""retrieved_at"": ""2026-08-26T09:05:43.776012Z"", ""source"": ""NONE"", ""source_url"": ""https://kosis.kr/openapi/Param/statisticsParameterData.do?method=getList&orgId=101&tblId=DT_1DA7003S&itmId=T80&prdSe=%EC%9B%94%7C%EB%B6%84%EA%B8%B0%7C%EB%85%84&startPrdDe=%EC%9E%91%EA%B9%8C%EC%A7%80&endPrdDe=%EC%9E%91%EA%B9%8C%EC%A7%80&objL1=41"", ""value_last_changed_at"": null}]",https://kosis.kr/openapi/Param/statisticsParameterData.do?method=getList&orgId=101&tblId=DT_1DA7003S&itmId=T80&prdSe=%EC%9B%94%7C%EB%B6%84%EA%B8%B0%7C%EB%85%84&startPrdDe=%EC%9E%91%EA%B9%8C%EC%A7%80&endPrdDe=%EC%9E%91%EA%B9%8C%EC%A7%80&objL1=41,,,,N,,,,,,,D:\projects\services\archived\clafact-auto\.worktrees\three-type-release\artifacts\direct_value_release_20260826\multi_type8_197_live_final\claim_verification_results.jsonl
복수문장직접값자식결과,A02184_12,claim_e4383ee9b65c6c52,복수 수치에서 분리,8번 직접값,8번 직접값 유지,작년까지만 해도 전문대 졸업자 실업률(4.8%)이 고졸 실업률(5.1%)보다 낮았다.,2025-06-17,5.1%,실업률,5.1,%,2024년,년,,고졸자,"{""학력"": ""고졸""}",DIRECT_VALUE,,AUTO_OK,KOSIS_PIPELINE_ELIGIBLE,HOLD,AMBIGUOUS_MARGIN,EVIDENCE_CELL,AMBIGUOUS_MARGIN,UNDETERMINED,,"[{""canonical_key"": ""ORG=101|TBL=DT_1DA7003S|ITM=T80|OBJ=H|MEMBER=고졸|PRD_SE=년|PRD_DE=2024"", ""dimension_codes"": {""H"": ""30""}, ""dimension_members"": {""H"": ""고졸""}, ""itm_id"": ""T80"", ""member_code"": ""고졸"", ""obj_id"": ""H"", ""org_id"": ""101"", ""prd_de"": ""2024"", ""prd_se"": ""년"", ""status"": ""CONFIRMED"", ""tbl_id"": ""DT_1DA7003S"", ""unit"": ""%""}]",[],,,,,N,,,,,,,D:\projects\services\archived\clafact-auto\.worktrees\three-type-release\artifacts\direct_value_release_20260826\multi_type8_197_live_final\claim_verification_results.jsonl
복수문장직접값자식결과,A02184_8,claim_e8ddfd4375ff8253,복수 수치에서 분리,8번 직접값,8번 직접값 유지,"지난 2003년부터 2022년까지 20년간 20대 후반의 실업률은 고졸이 대졸보다 높았는데, 지난 2023년부터 대졸 실업률(6.2%)이 고졸(5.2%)을 넘는 역전 현상이 발생했다.",2025-06-17,6.2%,실업률,6.2,%,2023년부터,연간,,20대 후반,"{""학력"": ""대졸""}",THRESHOLD,"{""operator"": ""GT"", ""threshold_unit"": ""%"", ""threshold_value"": ""6.2""}",AUTO_OK,KOSIS_PIPELINE_ELIGIBLE,HOLD,NO_EVIDENCE_COORDINATE_CANDIDATE,HARD_GUARD,공식표는 찾았지만 기사 조건에 맞는 항목·지역·기간 좌표를 확정하지 못함,UNDETERMINED,,[],[],,,,,N,,,,,,,D:\projects\services\archived\clafact-auto\.worktrees\three-type-release\artifacts\direct_value_release_20260826\multi_type8_197_live_final\claim_verification_results.jsonl
복수문장직접값자식결과,A02375_3,claim_a9e9a18c31e048f0,복수 수치에서 분리,8번 직접값,8번 직접값 유지,"2일 통계청이 발표한 ‘6월 소비자 물가 동향’에 따르면, 지난달 소비자물가 지수는 116.31(2020년=100)로 작년 동월 대비 2.2% 올랐다.",2025-07-02,116.31지수(2020년=100),소비자물가지수,116.31,지수(2020년=100),2025년 6월,월,대한민국,,"{""기준연도"": ""2020=100""}",DIRECT_VALUE,"{""direction"": ""INCREASE""}",HOLD,CONTEXT_REQUIRED,HUMAN_REVIEW,TARGET_VALUE_NOT_IN_SOURCE_SENTENCE,CLAIM_PARSE,TARGET_VALUE_NOT_IN_SOURCE_SENTENCE,,,[],[],,,,,N,,,,,,,D:\projects\services\archived\clafact-auto\.worktrees\three-type-release\artifacts\direct_value_release_20260826\multi_type8_197_live_final\claim_verification_results.jsonl
복수문장직접값자식결과,A02385_25,claim_accf2f7d9058e976,복수 수치에서 분리,8번 직접값,8번 직접값 유지,"통계청이 집계하는 가공식품 품목 73개 가운데 라면과 초콜릿(20.4%), 고추장(14.2%), 김치(14.2%), 빵(6.4%) 등 62개 가격이 올라 지난달 가공식품 물가는 4.6%나 뛰었다.",2025-07-03,20.4%,가공식품 가격,20.4,%,2025년 6월,월,대한민국,,"{""product"": ""라면과 초콜릿""}",DIRECT_VALUE,,AUTO_OK,KOSIS_PIPELINE_ELIGIBLE,HOLD,NO_HARD_GUARD_CANDIDATE,HARD_GUARD,기간·단위·지역 등 필수 조건을 모두 만족하는 공식표 후보가 없음,UNDETERMINED,,[],[],,,,,N,,,,,,,D:\projects\services\archived\clafact-auto\.worktrees\three-type-release\artifacts\direct_value_release_20260826\multi_type8_197_live_final\claim_verification_results.jsonl
복수문장직접값자식결과,A02421_1,claim_8cae8d34eacd941c,복수 수치에서 분리,8번 직접값,8번 직접값 유지,농림축산식품부는 6일 올해 상반기 아이스크림 수출액이 6550만달러(894억원)를 기록했다고 밝혔다.,2025-07-06,6550만달러,수출액,6550.0,만달러,2025년 상반기,반기,대한민국,,"{""품목"": ""아이스크림""}",DIRECT_VALUE,,AUTO_OK,KOSIS_PIPELINE_ELIGIBLE,HOLD,NO_HARD_GUARD_CANDIDATE,HARD_GUARD,기간·단위·지역 등 필수 조건을 모두 만족하는 공식표 후보가 없음,UNDETERMINED,,[],[],,,,,N,,,,,,,D:\projects\services\archived\clafact-auto\.worktrees\three-type-release\artifacts\direct_value_release_20260826\multi_type8_197_live_final\claim_verification_results.jsonl
복수문장직접값자식결과,A02421_4,claim_052eec638c4dabea,복수 수치에서 분리,8번 직접값,8번 직접값 유지,작년 연간 아이스크림 수출액은 9150만달러로 1억달러에 근접했다.,2025-07-06,9.15e+07USD,아이스크림 수출액,91500000.0,USD,2024년,년,,,"{""product"": ""아이스크림""}",DIRECT_VALUE,,AUTO_OK,KOSIS_PIPELINE_ELIGIBLE,HOLD,NO_EVIDENCE_COORDINATE_CANDIDATE,HARD_GUARD,공식표는 찾았지만 기사 조건에 맞는 항목·지역·기간 좌표를 확정하지 못함,UNDETERMINED,,[],[],,,,,N,,,,,,,D:\projects\services\archived\clafact-auto\.worktrees\three-type-release\artifacts\direct_value_release_20260826\multi_type8_197_live_final\claim_verification_results.jsonl
복수문장직접값자식결과,A02558_21,claim_2d1e921e3ec4a6fc,복수 수치에서 분리,8번 직접값,8번 직접값 유지,지난달 비경제활동인구 중 활동 상태를 ‘쉬었음’이라고 응답한 20대는 39만6000명으로 전년 동월 대비 2000명 늘었다.,2025-07-16,396000명,비경제활동인구 중 활동 상태가 ‘쉬었음’인 인구,396000.0,명,2025년 6월,월,,비경제활동인구,"{""연령"": ""20대"", ""활동 상태"": ""쉬었음""}",DIRECT_VALUE,"{""direction"": ""INCREASE""}",AUTO_OK,KOSIS_PIPELINE_ELIGIBLE,HOLD,NO_HARD_GUARD_CANDIDATE,HARD_GUARD,기간·단위·지역 등 필수 조건을 모두 만족하는 공식표 후보가 없음,UNDETERMINED,,[],[],,,,,N,,,,,,,D:\projects\services\archived\clafact-auto\.worktrees\three-type-release\artifacts\direct_value_release_20260826\multi_type8_197_live_final\claim_verification_results.jsonl
복수문장직접값자식결과,A02564_5,claim_ce084f39d9613e94,복수 수치에서 분리,8번 직접값,8번 직접값 유지,"법인세 수입은 지난 2022년 103조5700억원에서 2023년 80조4200억원으로 줄었고, 2024년에는 62조5000억원까지 감소했다.",2025-07-17,625000억원,법인세 수입,625000.0,억원,2024,연간,,,,DIRECT_VALUE,,AUTO_OK,KOSIS_PIPELINE_ELIGIBLE,HOLD,NO_HARD_GUARD_CANDIDATE,HARD_GUARD,기간·단위·지역 등 필수 조건을 모두 만족하는 공식표 후보가 없음,UNDETERMINED,,[],[],,,,,N,,,,,,,D:\projects\services\archived\clafact-auto\.worktrees\three-type-release\artifacts\direct_value_release_20260826\multi_type8_197_live_final\claim_verification_results.jsonl
복수문장직접값자식결과,A02569_31,claim_51d22b2304b36c5e,복수 수치에서 분리,8번 직접값,8번 직접값 유지,특히 20대 쉬었음 인구는 39만6000명으로 전년 동월 대비 2000명 늘었다.,2025-07-17,396000명,쉬었음 인구,396000.0,명,,월,전국,20대,,DIRECT_VALUE,"{""direction"": ""INCREASE""}",HOLD,CONTEXT_REQUIRED,HUMAN_REVIEW,CLAIM_PARSE_UNCERTAIN,CLAIM_PARSE,목표값은 명확하지만 기사 본문에 기준 시점(해당 월)이 명시되지 않아 target time을 확정할 수 없음,,,[],[],,,,,N,,목표값은 명확하지만 기사 본문에 기준 시점(해당 월)이 명시되지 않아 target time을 확정할 수 없음,,,,,D:\projects\services\archived\clafact-auto\.worktrees\three-type-release\artifacts\direct_value_release_20260826\multi_type8_197_live_final\claim_verification_results.jsonl
복수문장직접값자식결과,A02569_4,claim_8af7f5fba0e18a13,복수 수치에서 분리,8번 직접값,8번 직접값 유지,16일 통계청은 ‘2025년 6월 고용 동향’에서 지난달 취업자가 2909만1000명으로 전년 동월 대비 18만3000명 늘었다고 밝혔다.,2025-07-17,2.9091e+07명,취업자,29091000.0,명,2025년 6월,월,대한민국,,,DIRECT_VALUE,"{""direction"": ""INCREASE""}",AUTO_OK,KOSIS_PIPELINE_ELIGIBLE,AUTO,WITHIN_TOLERANCE,VERDICT,기사값과 공식값이 허용오차 안에서 일치,MATCH,29090600.0,"[{""canonical_key"": ""ORG=101|TBL=DT_1DA7001S|ITM=T30|OBJ=B|MEMBER=계|PRD_SE=월|PRD_DE=2025-06"", ""dimension_codes"": {""B"": ""0""}, ""dimension_members"": {""B"": ""계""}, ""itm_id"": ""T30"", ""member_code"": ""계"", ""obj_id"": ""B"", ""org_id"": ""101"", ""prd_de"": ""2025-06"", ""prd_se"": ""월"", ""status"": ""CONFIRMED"", ""tbl_id"": ""DT_1DA7001S"", ""unit"": ""천명""}]","[{""content_hash"": ""4af335248121e570991dced3562bc9a84f89371447e37e5d5151f4fa23042335"", ""evidence_key"": ""ORG=101|TBL=DT_1DA7001S|ITM=T30|OBJ=B|MEMBER=계|PRD_SE=월|PRD_DE=2025-06"", ""publication"": {""content_hash"": ""d9a87c41abec0a891c6375be1ac8dc115a1079602c357ddaf7c0abe1a649f608"", ""coverage_end_period"": null, ""coverage_start_period"": null, ""evidence_scope"": ""PERIOD"", ""pub_date_text"": ""조사기준 월 익월"", ""pub_period"": ""월"", ""publication_method_url"": ""https://www.kostat.go.kr/board.es?act=list&mid=a10301010000&keyField=T&bid=210&keyWord=2025%EB%85%84+6%EC%9B%94+%EA%B3%A0%EC%9A%A9%EB%8F%99%ED%96%A5"", ""published_at"": ""2025-07-16"", ""reference_period"": ""2025-06"", ""retrieved_at"": ""2026-08-26T09:07:46.272866Z"", ""source_url"": ""https://www.kostat.go.kr/board.es?mid=a10301010000&bid=210&act=view&list_no=437607&tag=&nPage=1&ref_bid="", ""status"": ""VERIFIED""}, ""retrieved_at"": ""2026-08-26T09:07:39.986821Z"", ""source"": ""API"", ""source_url"": ""https://kosis.kr/openapi/Param/statisticsParameterData.do?method=getList&orgId=101&tblId=DT_1DA7001S&itmId=T30&prdSe=M&startPrdDe=202506&endPrdDe=202506&objL1=0"", ""value_last_changed_at"": ""2025-07-03""}]",https://kosis.kr/openapi/Param/statisticsParameterData.do?method=getList&orgId=101&tblId=DT_1DA7001S&itmId=T30&prdSe=M&startPrdDe=202506&endPrdDe=202506&objL1=0,4af335248121e570991dced3562bc9a84f89371447e37e5d5151f4fa23042335,VERIFIED,KOSIS_API,Y,,,,,,,D:\projects\services\archived\clafact-auto\.worktrees\three-type-release\artifacts\direct_value_release_20260826\multi_type8_197_live_final\claim_verification_results.jsonl
복수문장직접값자식결과,A02638_7,claim_afe4998fc4e1a479,복수 수치에서 분리,8번 직접값,8번 직접값 유지,지난달 20대 고용률은 60.7%로 전체 고용률(63.7%)보다 3%포인트 낮았다.,2025-10-18,60.7%,고용률,60.7,%,2025년 9월,월,,20대,,DIRECT_VALUE,"{""direction"": ""DECREASE""}",AUTO_OK,KOSIS_PIPELINE_ELIGIBLE,HOLD,AS_OF_UNAVAILABLE,OFFICIAL_VALUE_FETCH,기사 작성일 기준 공표된 공식값인지 확인하지 못함,UNDETERMINED,,"[{""canonical_key"": ""ORG=101|TBL=DT_1DA7002S|ITM=T90|OBJ=G|MEMBER=20 - 29세|PRD_SE=월|PRD_DE=2025-09"", ""dimension_codes"": {""G"": ""20""}, ""dimension_members"": {""G"": ""20 - 29세""}, ""itm_id"": ""T90"", ""member_code"": ""20 - 29세"", ""obj_id"": ""G"", ""org_id"": ""101"", ""prd_de"": ""2025-09"", ""prd_se"": ""월"", ""status"": ""CONFIRMED"", ""tbl_id"": ""DT_1DA7002S"", ""unit"": ""%""}]","[{""content_hash"": ""1218151f888621c5f9410436c9488abdc36b10b3e17b5a27321007dd9af735cb"", ""evidence_key"": ""ORG=101|TBL=DT_1DA7002S|ITM=T90|OBJ=G|MEMBER=20 - 29세|PRD_SE=월|PRD_DE=2025-09"", ""publication"": {""content_hash"": ""ab73444b55be4adf183eb0bbd85d50524addb1fea08d0583b0b6b9fb79c1f11c"", ""coverage_end_period"": null, ""coverage_start_period"": null, ""evidence_scope"": ""PERIOD"", ""pub_date_text"": ""조사기준 월 익월"", ""pub_period"": ""월"", ""publication_method_url"": ""https://www.kostat.go.kr/board.es?act=list&mid=a10301010000&keyField=T&bid=210&keyWord=2025%EB%85%84+9%EC%9B%94+%EA%B3%A0%EC%9A%A9%EB%8F%99%ED%96%A5"", ""published_at"": ""2025-10-17"", ""reference_period"": ""2025-09"", ""retrieved_at"": ""2026-08-26T09:08:22.728980Z"", ""source_url"": ""https://www.kostat.go.kr/board.es?mid=a10301010000&bid=210&act=view&list_no=438842&tag=&nPage=1&ref_bid="", ""status"": ""VERIFIED""}, ""retrieved_at"": ""2026-08-26T09:08:23.271801Z"", ""source"": ""API"", ""source_url"": ""https://kosis.kr/openapi/Param/statisticsParameterData.do?method=getList&orgId=101&tblId=DT_1DA7002S&itmId=T90&prdSe=M&startPrdDe=202509&endPrdDe=202509&objL1=20"", ""value_last_changed_at"": ""2025-10-29""}]",https://kosis.kr/openapi/Param/statisticsParameterData.do?method=getList&orgId=101&tblId=DT_1DA7002S&itmId=T90&prdSe=M&startPrdDe=202509&endPrdDe=202509&objL1=20,1218151f888621c5f9410436c9488abdc36b10b3e17b5a27321007dd9af735cb,VERIFIED,,N,,,,,,,D:\projects\services\archived\clafact-auto\.worktrees\three-type-release\artifacts\direct_value_release_20260826\multi_type8_197_live_final\claim_verification_results.jsonl
복수문장직접값자식결과,A02638_9,claim_344f9ec5f011218f,복수 수치에서 분리,8번 직접값 제외,다른 유형으로 이동: 최고·최저 기록,20대 고용률은 지난해 9월(-0.2%포인트) 이후 13개월 연속 오르지 못하고 있다.,2025-10-18,-0.2퍼센트포인트,고용률,-0.2,퍼센트포인트,2024년 9월,월,,20대,,DIRECT_VALUE,"{""duration_unit"": ""개월"", ""duration_value"": ""13"", ""status"": ""NO_INCREASE""}",HUMAN_REVIEW,CONTEXT_REQUIRED,HUMAN_REVIEW,RECLASSIFY_TO_RECORD,CLAIM_PARSE,직접값이 아니라 과거 전체 기간과 비교해야 하는 기록 주장,,,[],[],,,,,N,,,,,,,D:\projects\services\archived\clafact-auto\.worktrees\three-type-release\artifacts\direct_value_release_20260826\multi_type8_197_live_final\claim_verification_results.jsonl
복수문장직접값자식결과,A02647_3,claim_7555330ed60c895a,복수 수치에서 분리,8번 직접값,8번 직접값 유지,"국가데이터처가 22일 발표한 '2025년 8월 경제활동인구조사 근로형태별 부가조사'에 따르면, 지난 8월 기준 비정규직 근로자는 856만8000명으로 전년 동월 대비 11만 명 증가했다.",2025-10-22,8.568e+06명,근로자 수,8568000.0,명,2025년 8월,월,대한민국,근로자,"{""근로형태"": ""비정규직""}",DIRECT_VALUE,"{""direction"": ""INCREASE""}",AUTO_OK,KOSIS_PIPELINE_ELIGIBLE,HOLD,NO_EVIDENCE_COORDINATE_CANDIDATE,HARD_GUARD,공식표는 찾았지만 기사 조건에 맞는 항목·지역·기간 좌표를 확정하지 못함,UNDETERMINED,,[],[],,,,,N,,,,,,,D:\projects\services\archived\clafact-auto\.worktrees\three-type-release\artifacts\direct_value_release_20260826\multi_type8_197_live_final\claim_verification_results.jsonl
복수문장직접값자식결과,A02647_8,claim_dfffd1ef43518eee,복수 수치에서 분리,8번 직접값,8번 직접값 유지,성별로는 남자 비정규직이 365만 명으로 전년동월대비 3만 5000명 증가했다.,2025-10-22,3.65e+06명,비정규직,3650000.0,명,,월간,,남자,"{""성별"": ""남자""}",DIRECT_VALUE,,HUMAN_REVIEW,CONTEXT_REQUIRED,HUMAN_REVIEW,TARGET_NOT_FOUND_IN_SOURCE,CLAIM_PARSE,구조화된 대상 수치가 뉴스 원문에서 확인되지 않음,,,[],[],,,,,N,,,,,,,D:\projects\services\archived\clafact-auto\.worktrees\three-type-release\artifacts\direct_value_release_20260826\multi_type8_197_live_final\claim_verification_results.jsonl
복수문장직접값자식결과,A02661_3,claim_5f58fe9138cdce63,복수 수치에서 분리,8번 직접값,8번 직접값 유지,"국가데이터처가 28일 발표한 '2025년 상반기 지역별 고용조사'에 따르면, 상반기 비거주복지시설운영업 취업자는 지난해 상반기보다 168만8000명으로 13만5000명 증가해 산업소분류 가운데 가장 큰 폭으로 늘었다.",2025-10-28,1.688e+06명,취업자,1688000.0,명,2025년 상반기,반기,대한민국,비거주복지시설운영업 취업자,"{""industry"": ""비거주복지시설운영업""}",DIRECT_VALUE,"{""direction"": ""INCREASE"", ""ranking_statement"": ""산업소분류 가운데 가장 큰 폭으로 증가""}",AUTO_OK,KOSIS_PIPELINE_ELIGIBLE,HOLD,NO_HARD_GUARD_CANDIDATE,HARD_GUARD,기간·단위·지역 등 필수 조건을 모두 만족하는 공식표 후보가 없음,UNDETERMINED,,[],[],,,,,N,,,,,,,D:\projects\services\archived\clafact-auto\.worktrees\three-type-release\artifacts\direct_value_release_20260826\multi_type8_197_live_final\claim_verification_results.jsonl
복수문장직접값자식결과,A02681_3,claim_16ca1f40e351972d,복수 수치에서 분리,8번 직접값,8번 직접값 유지,"국가데이터처가 4일 발표한 '10월 소비자물가동향'에 따르면, 지난달 소비자물가지수는 117.42(2020년=100)로 전년 동월 대비 0.3% 올랐다.",2025-11-04,117.42지수(2020년=100),소비자물가지수,117.42,지수(2020년=100),2025년 10월,월,대한민국,,,DIRECT_VALUE,"{""direction"": ""INCREASE""}",HOLD,CONTEXT_REQUIRED,HUMAN_REVIEW,TARGET_VALUE_NOT_IN_SOURCE_SENTENCE,CLAIM_PARSE,TARGET_VALUE_NOT_IN_SOURCE_SENTENCE,,,[],[],,,,,N,,,,,,,D:\projects\services\archived\clafact-auto\.worktrees\three-type-release\artifacts\direct_value_release_20260826\multi_type8_197_live_final\claim_verification_results.jsonl
복수문장직접값자식결과,A02682_6,claim_2577c2711f54fe7c,복수 수치에서 분리,8번 직접값 제외,다른 유형으로 이동: 7번 증감률,가공식품 물가는 전년 같은 달 대비 3.5% 오르면서 전체 물가를 0.30%포인트 끌어올렸다.,2025-11-04,0.3%포인트,전체 물가 상승 기여도,0.3,%포인트,,,,,"{""item"": ""가공식품""}",DIRECT_VALUE,"{""direction"": ""INCREASE""}",HUMAN_REVIEW,CONTEXT_REQUIRED,HUMAN_REVIEW,RECLASSIFY_TO_GROWTH_RATE,CLAIM_PARSE,직접값이 아니라 두 기간 공식값으로 비율을 계산해야 하는 증감률 주장,,,[],[],,,,,N,,,,,,,D:\projects\services\archived\clafact-auto\.worktrees\three-type-release\artifacts\direct_value_release_20260826\multi_type8_197_live_final\claim_verification_results.jsonl
복수문장직접값자식결과,A02701_3,claim_68783c5d74281af2,복수 수치에서 분리,8번 직접값,8번 직접값 유지,"9일 국가데이터처의 경제활동인구 마이크로데이터에 따르면, 1964년생 상용근로자는 2023년 기준(59세) 29만1000명이었으나 지난해(60세)에는 23만7000명으로 5만4000명 감소했다.",2025-11-09,237000명,상용근로자 수,237000.0,명,2024,연간,,1964년생 상용근로자,"{""age"": ""60세""}",DIRECT_VALUE,,AUTO_OK,KOSIS_PIPELINE_ELIGIBLE,HOLD,NO_HARD_GUARD_CANDIDATE,HARD_GUARD,기간·단위·지역 등 필수 조건을 모두 만족하는 공식표 후보가 없음,UNDETERMINED,,[],[],,,,,N,,,,,,,D:\projects\services\archived\clafact-auto\.worktrees\three-type-release\artifacts\direct_value_release_20260826\multi_type8_197_live_final\claim_verification_results.jsonl
복수문장직접값자식결과,A00070_11,claim_155c3f8814001494,복수 수치에서 분리,8번 직접값,8번 직접값 유지,"대중 수출은 지난 2010년(1168억3800만달러)부터 1000억달러선을 넘어섰고, 2021년에는 1629억1300만달러까지 늘어났지만 이후 감소세가 눈에 띄었다.",2025-01-06,1.16838e+11USD,수출액,116838000000.0,USD,2010,annual,,,"{""trade_partner"": ""중국""}",THRESHOLD,"{""operator"": ""GT"", ""threshold_unit"": ""USD"", ""threshold_value"": ""116838000000.0""}",AUTO_OK,KOSIS_PIPELINE_ELIGIBLE,HOLD,NO_EVIDENCE_COORDINATE_CANDIDATE,HARD_GUARD,공식표는 찾았지만 기사 조건에 맞는 항목·지역·기간 좌표를 확정하지 못함,UNDETERMINED,,[],[],,,,,N,,,,,,,D:\projects\services\archived\clafact-auto\.worktrees\three-type-release\artifacts\direct_value_release_20260826\multi_type8_197_live_final\claim_verification_results.jsonl
복수문장직접값자식결과,A00070_11,claim_a27e0beb2a34ddf3,복수 수치에서 분리,8번 직접값 제외,다른 유형으로 이동: 최고·최저 기록,"대중 수출은 지난 2010년(1168억3800만달러)부터 1000억달러선을 넘어섰고, 2021년에는 1629억1300만달러까지 늘어났지만 이후 감소세가 눈에 띄었다.",2025-01-06,1.62913e+11달러,수출액,162913000000.0,달러,2021년,연간,대중,,,DIRECT_VALUE,,HUMAN_REVIEW,CONTEXT_REQUIRED,HUMAN_REVIEW,RECLASSIFY_TO_RECORD,CLAIM_PARSE,직접값이 아니라 과거 전체 기간과 비교해야 하는 기록 주장,,,[],[],,,,,N,,,,,,,D:\projects\services\archived\clafact-auto\.worktrees\three-type-release\artifacts\direct_value_release_20260826\multi_type8_197_live_final\claim_verification_results.jsonl
복수문장직접값자식결과,A00308_3,claim_c15918a1987e652a,복수 수치에서 분리,8번 직접값,8번 직접값 유지,"성장률이 3개 분기 연속으로 0.1% 이하를 기록한 것은 외환 위기 직격탄을 맞은 1997년 4분기(-0.6%), 1998년 1분기(-6.7%), 2분기(-0.8%) 이후 26년 만에 처음이다.",2025-01-24,0.1%,성장률,0.1,%,기사 발표 시점 기준 최근 3개 분기,분기,,,,THRESHOLD,"{""operator"": ""LTE"", ""threshold_unit"": ""%"", ""threshold_value"": ""0.1""}",HOLD,CONTEXT_REQUIRED,HUMAN_REVIEW,RELATIVE_TIME_UNRESOLVED,CLAIM_PARSE,RELATIVE_TIME_UNRESOLVED,,,[],[],,,,,N,,,,,,,D:\projects\services\archived\clafact-auto\.worktrees\three-type-release\artifacts\direct_value_release_20260826\multi_type8_197_live_final\claim_verification_results.jsonl
복수문장직접값자식결과,A00849_11,claim_d16538d7381cefb2,복수 수치에서 분리,8번 직접값,8번 직접값 유지,"작년 1억원 이상 수입차에서 가장 인기 있는 모델 5개 중 SUV가 3개, 세단은 1개였다.",2025-03-07,1e+08원,수입액,100000000.0,원,2024,Y,,,,THRESHOLD,"{""operator"": ""GTE""}",HUMAN_REVIEW,CONTEXT_REQUIRED,HUMAN_REVIEW,TARGET_NOT_FOUND_IN_SOURCE,CLAIM_PARSE,구조화된 대상 수치가 뉴스 원문에서 확인되지 않음,,,[],[],,,,,N,,,,,,,D:\projects\services\archived\clafact-auto\.worktrees\three-type-release\artifacts\direct_value_release_20260826\multi_type8_197_live_final\claim_verification_results.jsonl
복수문장직접값자식결과,A00922_27,claim_0182f2a8521e4a75,복수 수치에서 분리,8번 직접값,8번 직접값 유지,"다만, 지난달 15세 이상 전체 취업자는 2817만9000명으로 전년 같은 달보다 13만6000명 늘었다.",2025-03-12,2.8179e+07명,취업자,28179000.0,명,2025년 2월,월,,15세 이상 전체,,DIRECT_VALUE,"{""direction"": ""INCREASE""}",AUTO_OK,KOSIS_PIPELINE_ELIGIBLE,HOLD,NO_EVIDENCE_COORDINATE_CANDIDATE,HARD_GUARD,공식표는 찾았지만 기사 조건에 맞는 항목·지역·기간 좌표를 확정하지 못함,UNDETERMINED,,[],[],,,,,N,,,,,,,D:\projects\services\archived\clafact-auto\.worktrees\three-type-release\artifacts\direct_value_release_20260826\multi_type8_197_live_final\claim_verification_results.jsonl
복수문장직접값자식결과,A01103_18,claim_813cd81dead363f4,복수 수치에서 분리,8번 직접값 제외,다른 유형으로 이동: 6번 증감량,"◇수입차 최대 수준 보조금 2025년형 ID.4의 가격은 ID.4 Pro Lite가 5299만원, ID.4 Pro가 5999만원으로 9만원 인상에 그쳤다.",2025-03-26,5299만원,가격,5299.0,만원,2025,,,,"{""연식"": ""2025년형"", ""차종"": ""ID.4"", ""트림"": ""Pro Lite""}",DIRECT_VALUE,,HUMAN_REVIEW,CONTEXT_REQUIRED,HUMAN_REVIEW,RECLASSIFY_TO_DIFFERENCE,CLAIM_PARSE,직접값이 아니라 두 기간 공식값의 차이를 계산해야 하는 증감량 주장,,,[],[],,,,,N,,,,,,,D:\projects\services\archived\clafact-auto\.worktrees\three-type-release\artifacts\direct_value_release_20260826\multi_type8_197_live_final\claim_verification_results.jsonl
복수문장직접값자식결과,A01103_18,claim_fd0b6a6685277a86,복수 수치에서 분리,8번 직접값,8번 직접값 유지,"◇수입차 최대 수준 보조금 2025년형 ID.4의 가격은 ID.4 Pro Lite가 5299만원, ID.4 Pro가 5999만원으로 9만원 인상에 그쳤다.",2025-03-26,5999만원,차량 가격,5999.0,만원,2025,,,,"{""차종"": ""ID.4"", ""트림"": ""ID.4 Pro""}",DIRECT_VALUE,,AUTO_OK,KOSIS_PIPELINE_ELIGIBLE,HOLD,NO_HARD_GUARD_CANDIDATE,HARD_GUARD,기간·단위·지역 등 필수 조건을 모두 만족하는 공식표 후보가 없음,UNDETERMINED,,[],[],,,,,N,,,,,,,D:\projects\services\archived\clafact-auto\.worktrees\three-type-release\artifacts\direct_value_release_20260826\multi_type8_197_live_final\claim_verification_results.jsonl
복수문장직접값자식결과,A01489_17,claim_f964e8b487419854,복수 수치에서 분리,8번 직접값 제외,다른 유형으로 이동: 최고·최저 기록,김상봉 한성대 경제학과 교수는 “상호 관세 적용 시 연간 성장률이 최대 0.9%포인트까지 내려갈 수 있다”며 “올해 우리 경제 성장률이 1%를 하회할 가능성이 크다”고 했다.,2025-04-25,0.9%포인트,경제 성장률,0.9,%포인트,2025,연간,한국,한국 경제,,DIRECT_VALUE,"{""direction"": ""DECREASE"", ""limit"": ""최대"", ""scenario"": ""상호 관세 적용 시""}",HUMAN_REVIEW,CONTEXT_REQUIRED,HUMAN_REVIEW,RECLASSIFY_TO_RECORD,CLAIM_PARSE,직접값이 아니라 과거 전체 기간과 비교해야 하는 기록 주장,,,[],[],,,,,N,,,,,,,D:\projects\services\archived\clafact-auto\.worktrees\three-type-release\artifacts\direct_value_release_20260826\multi_type8_197_live_final\claim_verification_results.jsonl
복수문장직접값자식결과,A01489_17,claim_244686b731b78640,복수 수치에서 분리,8번 직접값,8번 직접값 유지,김상봉 한성대 경제학과 교수는 “상호 관세 적용 시 연간 성장률이 최대 0.9%포인트까지 내려갈 수 있다”며 “올해 우리 경제 성장률이 1%를 하회할 가능성이 크다”고 했다.,2025-04-25,김상봉 한성대 경제학과 교수는 “상호 관세 적용 시 연간 성장률이 최대 0.9%포인트까지 내려갈 수 있다”며 “올해 우리 경제 성장률이 1%를 하회할 가능성이 크다”고 했다.,경제 성장률,,%,2025년,년,한국,,,DIRECT_VALUE,,AUTO_OK,KOSIS_PIPELINE_ELIGIBLE,HOLD,NO_EVIDENCE_COORDINATE_CANDIDATE,HARD_GUARD,공식표는 찾았지만 기사 조건에 맞는 항목·지역·기간 좌표를 확정하지 못함,UNDETERMINED,,[],[],,,,,N,,,,,,,D:\projects\services\archived\clafact-auto\.worktrees\three-type-release\artifacts\direct_value_release_20260826\multi_type8_197_live_final\claim_verification_results.jsonl
복수문장직접값자식결과,A01565_13,claim_c91a83f4d40b12ab,복수 수치에서 분리,8번 직접값,8번 직접값 유지,올해 두나무를 포함해 자산총액이 11조6000억원(최근 명목 GDP 확정치의 0.5%) 이상인 기업집단 46곳이 상호출자제한기업집단으로 지정됐다.,2025-05-01,11.6조원,상호출자제한기업집단 지정 기준 자산총액,11.6,조원,2025년,년,대한민국,기업집단,"{""designated_group_count"": ""46곳"", ""included_entity"": ""두나무""}",THRESHOLD,"{""operator"": ""GTE"", ""threshold_unit"": ""조원"", ""threshold_value"": ""11.6""}",AUTO_OK,KOSIS_PIPELINE_ELIGIBLE,HOLD,NO_HARD_GUARD_CANDIDATE,HARD_GUARD,기간·단위·지역 등 필수 조건을 모두 만족하는 공식표 후보가 없음,UNDETERMINED,,[],[],,,,,N,,,,,,,D:\projects\services\archived\clafact-auto\.worktrees\three-type-release\artifacts\direct_value_release_20260826\multi_type8_197_live_final\claim_verification_results.jsonl
복수문장직접값자식결과,A01565_13,claim_5f13c1222537880e,복수 수치에서 분리,8번 직접값,8번 직접값 유지,올해 두나무를 포함해 자산총액이 11조6000억원(최근 명목 GDP 확정치의 0.5%) 이상인 기업집단 46곳이 상호출자제한기업집단으로 지정됐다.,2025-05-01,46곳,상호출자제한기업집단 지정 기업집단 수,46.0,곳,2025년,년,대한민국,기업집단,"{""지정기준"": ""자산총액 11조6000억원 이상"", ""포함기업"": ""두나무""}",DIRECT_VALUE,,AUTO_OK,KOSIS_PIPELINE_ELIGIBLE,HOLD,NO_HARD_GUARD_CANDIDATE,HARD_GUARD,기간·단위·지역 등 필수 조건을 모두 만족하는 공식표 후보가 없음,UNDETERMINED,,[],[],,,,,N,,,,,,,D:\projects\services\archived\clafact-auto\.worktrees\three-type-release\artifacts\direct_value_release_20260826\multi_type8_197_live_final\claim_verification_results.jsonl
복수문장직접값자식결과,A01737_12,claim_a89607f9f689f43b,복수 수치에서 분리,8번 직접값,8번 직접값 유지,"코로나 시기였던 지난 2021년 7월(7.2%) 이후 45개월만의 최대치로, 20대 후반 실업률이 7%대에 올라선 것 자체가 2022년 4월(7%) 이후 3년 만이다.",2025-05-14,7%,실업률,7.0,%,2025년 4월,월,대한민국,20대 후반,,DIRECT_VALUE,,HUMAN_REVIEW,CONTEXT_REQUIRED,HUMAN_REVIEW,TARGET_AMBIGUOUS_IN_SOURCE,CLAIM_PARSE,같은 대상 수치가 원문에 여러 번 있어 자동 연결할 수 없음,,,[],[],,,,,N,,,,,,,D:\projects\services\archived\clafact-auto\.worktrees\three-type-release\artifacts\direct_value_release_20260826\multi_type8_197_live_final\claim_verification_results.jsonl
복수문장직접값자식결과,A01737_4,claim_c588485a27a5026c,복수 수치에서 분리,8번 직접값,8번 직접값 유지,"14일 통계청이 발표한 ‘2025년 4월 고용동향’에 따르면, 지난달 15세 이상 취업자는 2888만7000명으로 전년 동월 대비 19만4000명 늘었다.",2025-05-14,2.8887e+07명,취업자,28887000.0,명,2025년 4월,월,대한민국,15세 이상,"{""연령"": ""15세 이상""}",DIRECT_VALUE,"{""direction"": ""INCREASE""}",AUTO_OK,KOSIS_PIPELINE_ELIGIBLE,AUTO,WITHIN_TOLERANCE,VERDICT,기사값과 공식값이 허용오차 안에서 일치,MATCH,28887000.0,"[{""canonical_key"": ""ORG=101|TBL=DT_1DA7001S|ITM=T30|OBJ=B|MEMBER=계|PRD_SE=월|PRD_DE=2025-04"", ""dimension_codes"": {""B"": ""0""}, ""dimension_members"": {""B"": ""계""}, ""itm_id"": ""T30"", ""member_code"": ""계"", ""obj_id"": ""B"", ""org_id"": ""101"", ""prd_de"": ""2025-04"", ""prd_se"": ""월"", ""status"": ""CONFIRMED"", ""tbl_id"": ""DT_1DA7001S"", ""unit"": ""천명""}]","[{""content_hash"": ""49d3c5a9dbb62f72bb36e41527a493f58e5e0986134e8ae19ef12ea167869fe0"", ""evidence_key"": ""ORG=101|TBL=DT_1DA7001S|ITM=T30|OBJ=B|MEMBER=계|PRD_SE=월|PRD_DE=2025-04"", ""publication"": {""content_hash"": ""213459a3cd85aa4e294dc8ac801e810b4745ef2f8fa25b4ebe22243c99800c47"", ""coverage_end_period"": null, ""coverage_start_period"": null, ""evidence_scope"": ""PERIOD"", ""pub_date_text"": ""조사기준 월 익월"", ""pub_period"": ""월"", ""publication_method_url"": ""https://www.kostat.go.kr/board.es?act=list&mid=a10301010000&keyField=T&bid=210&keyWord=2025%EB%85%84+4%EC%9B%94+%EA%B3%A0%EC%9A%A9%EB%8F%99%ED%96%A5"", ""published_at"": ""2025-05-14"", ""reference_period"": ""2025-04"", ""retrieved_at"": ""2026-08-26T09:04:31.953739Z"", ""source_url"": ""https://www.kostat.go.kr/board.es?mid=a10301010000&bid=210&act=view&list_no=436594&tag=&nPage=1&ref_bid="", ""status"": ""VERIFIED""}, ""retrieved_at"": ""2026-08-26T09:12:33.504231Z"", ""source"": ""API"", ""source_url"": ""https://kosis.kr/openapi/Param/statisticsParameterData.do?method=getList&orgId=101&tblId=DT_1DA7001S&itmId=T30&prdSe=M&startPrdDe=202504&endPrdDe=202504&objL1=0"", ""value_last_changed_at"": ""2025-04-30""}]",https://kosis.kr/openapi/Param/statisticsParameterData.do?method=getList&orgId=101&tblId=DT_1DA7001S&itmId=T30&prdSe=M&startPrdDe=202504&endPrdDe=202504&objL1=0,49d3c5a9dbb62f72bb36e41527a493f58e5e0986134e8ae19ef12ea167869fe0,VERIFIED,KOSIS_API,Y,,,,,,,D:\projects\services\archived\clafact-auto\.worktrees\three-type-release\artifacts\direct_value_release_20260826\multi_type8_197_live_final\claim_verification_results.jsonl
복수문장직접값자식결과,A01924_10,claim_f58fdfa21e8042e8,복수 수치에서 분리,8번 직접값,8번 직접값 유지,"3월 출생아 수만 놓고 봐도 2만1041명으로 전년 동월 대비 6.8% 늘었는데, 3월 기준으로 지난 1993년 3월(8.9%) 이후 32년 만에 최대 상승폭이다.",2025-05-28,21041명,출생아 수,21041.0,명,2025년 3월,월,,출생아,,DIRECT_VALUE,"{""direction"": ""INCREASE""}",AUTO_OK,KOSIS_PIPELINE_ELIGIBLE,HOLD,AS_OF_UNAVAILABLE,OFFICIAL_VALUE_FETCH,기사 작성일 기준 공표된 공식값인지 확인하지 못함,UNDETERMINED,,"[{""canonical_key"": ""ORG=101|TBL=DT_1B8000G|ITM=T1|OBJ=B|MEMBER=전국|PRD_SE=월|PRD_DE=2025-03|DIMS=B:전국,A:출생아수(명)"", ""dimension_codes"": {""A"": ""10"", ""B"": ""00""}, ""dimension_members"": {""A"": ""출생아수(명)"", ""B"": ""전국""}, ""itm_id"": ""T1"", ""member_code"": ""전국"", ""obj_id"": ""B"", ""org_id"": ""101"", ""prd_de"": ""2025-03"", ""prd_se"": ""월"", ""status"": ""CONFIRMED"", ""tbl_id"": ""DT_1B8000G"", ""unit"": ""명""}]","[{""content_hash"": ""051d902664e316d6c8b405e659205368bec50982fbd77fab8a50b6906991af08"", ""evidence_key"": ""ORG=101|TBL=DT_1B8000G|ITM=T1|OBJ=B|MEMBER=전국|PRD_SE=월|PRD_DE=2025-03|DIMS=B:전국,A:출생아수(명)"", ""publication"": {""content_hash"": ""882ea1046b8fe06af80e5ccfa2f0e019e4174b51a050363f55714b66573aaacc"", ""coverage_end_period"": null, ""coverage_start_period"": null, ""evidence_scope"": ""PERIOD"", ""pub_date_text"": ""조사기준 년 익년"", ""pub_period"": ""월"", ""publication_method_url"": ""언론(보도자료), 전산망(인터넷), 간행물2024년 5월 인구동향https://mods.go.kr/board.es?mid=a10301020300&amp;bid=204"", ""published_at"": null, ""reference_period"": null, ""retrieved_at"": ""2026-08-26T09:12:38.039877Z"", ""source_url"": ""https://kosis.kr/openapi/statisticsExplData.do?method=getList&format=json&jsonVD=Y&orgId=101&tblId=DT_1B8000G&metaItm=All"", ""status"": ""UNRESOLVED""}, ""retrieved_at"": ""2026-08-26T09:12:34.131767Z"", ""source"": ""API"", ""source_url"": ""https://kosis.kr/openapi/Param/statisticsParameterData.do?method=getList&orgId=101&tblId=DT_1B8000G&itmId=T1&prdSe=M&startPrdDe=202503&endPrdDe=202503&objL1=00&objL2=10"", ""value_last_changed_at"": null}]",https://kosis.kr/openapi/Param/statisticsParameterData.do?method=getList&orgId=101&tblId=DT_1B8000G&itmId=T1&prdSe=M&startPrdDe=202503&endPrdDe=202503&objL1=00&objL2=10,051d902664e316d6c8b405e659205368bec50982fbd77fab8a50b6906991af08,,,N,,,,,,,D:\projects\services\archived\clafact-auto\.worktrees\three-type-release\artifacts\direct_value_release_20260826\multi_type8_197_live_final\claim_verification_results.jsonl
복수문장직접값자식결과,A01924_9,claim_a91758e1b4b33569,복수 수치에서 분리,8번 직접값,8번 직접값 유지,분기별 출생아 수가 6만5000명을 넘어선 것 자체도 지난 2022년 1분기(6만8339명) 이후 3년 만이다.,2025-05-28,분기별 출생아 수가 6만5000명을 넘어선 것 자체도 지난 2022년 1분기(6만8339명) 이후 3년 만이다.,출생아 수,,명,2025년 1분기,분기,,출생아,,THRESHOLD,"{""operator"": ""GT"", ""threshold_unit"": ""명"", ""threshold_value"": ""None""}",AUTO_OK,KOSIS_PIPELINE_ELIGIBLE,HOLD,CALCULATION_EVIDENCE_PLAN_UNRESOLVED,EVIDENCE_CELL,CALCULATION_EVIDENCE_PLAN_UNRESOLVED,UNDETERMINED,,"[{""canonical_key"": ""ORG=101|TBL=DT_1B8000G|ITM=T1|OBJ=B|MEMBER=전국|PRD_SE=분기|PRD_DE=2025-Q1|DIMS=B:전국,A:출생아수(명)"", ""dimension_codes"": {""A"": ""10"", ""B"": ""00""}, ""dimension_members"": {""A"": ""출생아수(명)"", ""B"": ""전국""}, ""itm_id"": ""T1"", ""member_code"": ""전국"", ""obj_id"": ""B"", ""org_id"": ""101"", ""prd_de"": ""2025-Q1"", ""prd_se"": ""분기"", ""status"": ""CONFIRMED"", ""tbl_id"": ""DT_1B8000G"", ""unit"": ""명""}]",[],,,,,N,,,,,,,D:\projects\services\archived\clafact-auto\.worktrees\three-type-release\artifacts\direct_value_release_20260826\multi_type8_197_live_final\claim_verification_results.jsonl
복수문장직접값자식결과,A02096_11,claim_aec9634f2c214306,복수 수치에서 분리,8번 직접값 제외,다른 유형으로 이동: 6번 증감량,"지난달 연령대 별 취업자 수는 60세 이상과 30대에서 취업자가 각각 37만명, 13만2000명 늘어났다.",2025-06-11,370000명,취업자 수,370000.0,명,2025년 5월,월,,,"{""age"": ""60세 이상""}",DIRECT_VALUE,"{""direction"": ""INCREASE""}",HUMAN_REVIEW,CONTEXT_REQUIRED,HUMAN_REVIEW,RECLASSIFY_TO_DIFFERENCE,CLAIM_PARSE,직접값이 아니라 두 기간 공식값의 차이를 계산해야 하는 증감량 주장,,,[],[],,,,,N,,,,,,,D:\projects\services\archived\clafact-auto\.worktrees\three-type-release\artifacts\direct_value_release_20260826\multi_type8_197_live_final\claim_verification_results.jsonl
복수문장직접값자식결과,A02096_11,claim_d90a0ef74550d916,복수 수치에서 분리,8번 직접값 제외,다른 유형으로 이동: 6번 증감량,"지난달 연령대 별 취업자 수는 60세 이상과 30대에서 취업자가 각각 37만명, 13만2000명 늘어났다.",2025-06-11,132000명,취업자 수 증가,132000.0,명,2025년 5월,월,,취업자,"{""연령대"": ""30대""}",DIRECT_VALUE,"{""direction"": ""INCREASE""}",HUMAN_REVIEW,CONTEXT_REQUIRED,HUMAN_REVIEW,RECLASSIFY_TO_DIFFERENCE,CLAIM_PARSE,직접값이 아니라 두 기간 공식값의 차이를 계산해야 하는 증감량 주장,,,[],[],,,,,N,,,,,,,D:\projects\services\archived\clafact-auto\.worktrees\three-type-release\artifacts\direct_value_release_20260826\multi_type8_197_live_final\claim_verification_results.jsonl
복수문장직접값자식결과,A02111_6,claim_1af97c42f8e79dcb,복수 수치에서 분리,8번 직접값,8번 직접값 유지,4월만 해도 690만6000명이었던 60세 이상 취업자는 지난달 704만9000명으로 처음으로 700만명을 넘었다.,2025-06-12,7.049e+06명,취업자,7049000.0,명,2025년 5월,월,,취업자,"{""age"": ""60세 이상""}",THRESHOLD,"{""operator"": ""GT"", ""threshold_unit"": ""명"", ""threshold_value"": ""7049000.0""}",AUTO_OK,KOSIS_PIPELINE_ELIGIBLE,HOLD,AS_OF_UNAVAILABLE,OFFICIAL_VALUE_FETCH,기사 작성일 기준 공표된 공식값인지 확인하지 못함,UNDETERMINED,,"[{""canonical_key"": ""ORG=101|TBL=DT_1DA7002S|ITM=T30|OBJ=G|MEMBER=60세이상|PRD_SE=월|PRD_DE=2025-05"", ""dimension_codes"": {""G"": ""60""}, ""dimension_members"": {""G"": ""60세이상""}, ""itm_id"": ""T30"", ""member_code"": ""60세이상"", ""obj_id"": ""G"", ""org_id"": ""101"", ""prd_de"": ""2025-05"", ""prd_se"": ""월"", ""status"": ""CONFIRMED"", ""tbl_id"": ""DT_1DA7002S"", ""unit"": ""천명""}]","[{""content_hash"": ""cdff139d96b0b1821519f932d400069fbb55ab124036dd2297c46f0dd015bbc9"", ""evidence_key"": ""ORG=101|TBL=DT_1DA7002S|ITM=T30|OBJ=G|MEMBER=60세이상|PRD_SE=월|PRD_DE=2025-05"", ""publication"": {""content_hash"": ""b42ef01289ac1a5c50cc5bb817c0b25792157186c085f70dc6a30c993d9a2f3f"", ""coverage_end_period"": null, ""coverage_start_period"": null, ""evidence_scope"": ""PERIOD"", ""pub_date_text"": ""조사기준 월 익월"", ""pub_period"": ""월"", ""publication_method_url"": ""https://www.kostat.go.kr/board.es?act=list&mid=a10301010000&keyField=T&bid=210&keyWord=2025%EB%85%84+5%EC%9B%94+%EA%B3%A0%EC%9A%A9%EB%8F%99%ED%96%A5"", ""published_at"": ""2025-06-11"", ""reference_period"": ""2025-05"", ""retrieved_at"": ""2026-08-26T09:13:34.733813Z"", ""source_url"": ""https://www.kostat.go.kr/board.es?mid=a10301010000&bid=210&act=view&list_no=437043&tag=&nPage=1&ref_bid="", ""status"": ""VERIFIED""}, ""retrieved_at"": ""2026-08-26T09:13:28.283590Z"", ""source"": ""API"", ""source_url"": ""https://kosis.kr/openapi/Param/statisticsParameterData.do?method=getList&orgId=101&tblId=DT_1DA7002S&itmId=T30&prdSe=M&startPrdDe=202505&endPrdDe=202505&objL1=60"", ""value_last_changed_at"": ""2025-07-21""}]",https://kosis.kr/openapi/Param/statisticsParameterData.do?method=getList&orgId=101&tblId=DT_1DA7002S&itmId=T30&prdSe=M&startPrdDe=202505&endPrdDe=202505&objL1=60,cdff139d96b0b1821519f932d400069fbb55ab124036dd2297c46f0dd015bbc9,VERIFIED,,N,,,,,,,D:\projects\services\archived\clafact-auto\.worktrees\three-type-release\artifacts\direct_value_release_20260826\multi_type8_197_live_final\claim_verification_results.jsonl
복수문장직접값자식결과,A02184_11,claim_c6b69bfc2bdf2b78,복수 수치에서 분리,8번 직접값,8번 직접값 유지,올해 1분기 고졸 실업률은 5.5%로 4년제 대학 이상 졸업자(6.9%)는 물론이고 전문대 졸업자(6.3%)보다도 낮았다.,2025-06-17,5.5%,실업률,5.5,%,2025-Q1,Q,,,,THRESHOLD,"{""operator"": ""GTE""}",HUMAN_REVIEW,CONTEXT_REQUIRED,HUMAN_REVIEW,TARGET_NOT_FOUND_IN_SOURCE,CLAIM_PARSE,구조화된 대상 수치가 뉴스 원문에서 확인되지 않음,,,[],[],,,,,N,,,,,,,D:\projects\services\archived\clafact-auto\.worktrees\three-type-release\artifacts\direct_value_release_20260826\multi_type8_197_live_final\claim_verification_results.jsonl
복수문장직접값자식결과,A02184_15,claim_5bf21e8b888c9fcd,복수 수치에서 분리,8번 직접값,8번 직접값 유지,"지난 1분기 기준 30대 고졸 실업률은 4.2%인 반면, 대졸 이상은 2.4%에 그쳤다.",2025-06-17,4.2%,실업률,4.2,%,지난 1분기,분기,,30대,"{""학력"": ""고졸""}",DIRECT_VALUE,,HOLD,STRUCTURAL_HOLD,HUMAN_REVIEW,CLAIM_PARSE_UNCERTAIN,CLAIM_PARSE,"중심 수치와 비교 수치가 함께 제시되지만, 두 학력 집단의 독립적인 실업률을 하나의 단일 목표 수치로 구조화해야 하므로 비교 수치의 표준 슬롯 처리가 불충분함",,,[],[],,,,,N,,"중심 수치와 비교 수치가 함께 제시되지만, 두 학력 집단의 독립적인 실업률을 하나의 단일 목표 수치로 구조화해야 하므로 비교 수치의 표준 슬롯 처리가 불충분함",,,,,D:\projects\services\archived\clafact-auto\.worktrees\three-type-release\artifacts\direct_value_release_20260826\multi_type8_197_live_final\claim_verification_results.jsonl
복수문장직접값자식결과,A02184_15,claim_10ced07077608569,복수 수치에서 분리,8번 직접값,8번 직접값 유지,"지난 1분기 기준 30대 고졸 실업률은 4.2%인 반면, 대졸 이상은 2.4%에 그쳤다.",2025-06-17,2.4%,실업률,2.4,%,2025년 1분기,분기,,30대,"{""학력"": ""대졸 이상""}",DIRECT_VALUE,,AUTO_OK,KOSIS_PIPELINE_ELIGIBLE,AUTO,WITHIN_TOLERANCE,VERDICT,기사값과 공식값이 허용오차 안에서 일치,MATCH,2.4,"[{""canonical_key"": ""ORG=101|TBL=DT_1DA7105S|ITM=T80|OBJ=G|MEMBER=30 - 39세|PRD_SE=분기|PRD_DE=2025-Q1|DIMS=G:30 - 39세,H:대졸이상"", ""dimension_codes"": {""G"": ""30"", ""H"": ""40""}, ""dimension_members"": {""G"": ""30 - 39세"", ""H"": ""대졸이상""}, ""itm_id"": ""T80"", ""member_code"": ""30 - 39세"", ""obj_id"": ""G"", ""org_id"": ""101"", ""prd_de"": ""2025-Q1"", ""prd_se"": ""분기"", ""status"": ""CONFIRMED"", ""tbl_id"": ""DT_1DA7105S"", ""unit"": ""%""}]","[{""content_hash"": ""4d76abf830ac7c2a46bf8cb4fa5848abedccd2bca9e0ed8113943fd9f1b2f8b8"", ""evidence_key"": ""ORG=101|TBL=DT_1DA7105S|ITM=T80|OBJ=G|MEMBER=30 - 39세|PRD_SE=분기|PRD_DE=2025-Q1|DIMS=G:30 - 39세,H:대졸이상"", ""publication"": {""content_hash"": ""3eccfc6d2797226d7874e892de3fc736d78539471a852d286e2038201e39e399"", ""coverage_end_period"": null, ""coverage_start_period"": null, ""evidence_scope"": ""PERIOD"", ""pub_date_text"": ""조사기준 월 익월"", ""pub_period"": ""월"", ""publication_method_url"": ""https://www.kostat.go.kr/board.es?act=list&mid=a10301010000&keyField=T&bid=210&keyWord=2025%EB%85%84+3%EC%9B%94+%EA%B3%A0%EC%9A%A9%EB%8F%99%ED%96%A5"", ""published_at"": ""2025-04-09"", ""reference_period"": ""2025-Q1"", ""retrieved_at"": ""2026-08-26T09:13:49.418066Z"", ""source_url"": ""https://www.kostat.go.kr/board.es?mid=a10301010000&bid=210&act=view&list_no=435969&tag=&nPage=1&ref_bid="", ""status"": ""VERIFIED""}, ""retrieved_at"": ""2026-08-26T09:13:43.482516Z"", ""source"": ""API"", ""source_url"": ""https://kosis.kr/openapi/Param/statisticsParameterData.do?method=getList&orgId=101&tblId=DT_1DA7105S&itmId=T80&prdSe=Q&startPrdDe=202501&endPrdDe=202501&objL1=30&objL2=40"", ""value_last_changed_at"": ""2025-03-27""}]",https://kosis.kr/openapi/Param/statisticsParameterData.do?method=getList&orgId=101&tblId=DT_1DA7105S&itmId=T80&prdSe=Q&startPrdDe=202501&endPrdDe=202501&objL1=30&objL2=40,4d76abf830ac7c2a46bf8cb4fa5848abedccd2bca9e0ed8113943fd9f1b2f8b8,VERIFIED,KOSIS_API,Y,,,,,,,D:\projects\services\archived\clafact-auto\.worktrees\three-type-release\artifacts\direct_value_release_20260826\multi_type8_197_live_final\claim_verification_results.jsonl
복수문장직접값자식결과,A02184_9,claim_7e26ca8b021dc775,복수 수치에서 분리,8번 직접값,8번 직접값 유지,작년에도 대졸 실업률(5.8%)이 고졸(5.1%)을 웃돌았고 올 들어서도 이런 상황이 이어지고 있다.,2025-06-17,5.8%,실업률,5.8,%,2024년,년,한국,,"{""학력"": ""대졸""}",DIRECT_VALUE,,AUTO_OK,KOSIS_PIPELINE_ELIGIBLE,HOLD,NO_EVIDENCE_COORDINATE_CANDIDATE,HARD_GUARD,공식표는 찾았지만 기사 조건에 맞는 항목·지역·기간 좌표를 확정하지 못함,UNDETERMINED,,[],[],,,,,N,,,,,,,D:\projects\services\archived\clafact-auto\.worktrees\three-type-release\artifacts\direct_value_release_20260826\multi_type8_197_live_final\claim_verification_results.jsonl
복수문장직접값자식결과,A02558_5,claim_a4678613610d47a5,복수 수치에서 분리,8번 직접값,8번 직접값 유지,"16일 통계청이 발표한 ‘2025년 6월 고용동향’에 따르면, 지난달 15세 이상 취업자는 2909만1000명으로 전년 동월 대비 18만3000명 늘었다.",2025-07-16,2.9091e+07명,취업자,29091000.0,명,2025년 6월,월,대한민국,15세 이상,,DIRECT_VALUE,"{""direction"": ""INCREASE""}",AUTO_OK,KOSIS_PIPELINE_ELIGIBLE,HOLD,NO_EVIDENCE_COORDINATE_CANDIDATE,HARD_GUARD,공식표는 찾았지만 기사 조건에 맞는 항목·지역·기간 좌표를 확정하지 못함,UNDETERMINED,,[],[],,,,,N,,,,,,,D:\projects\services\archived\clafact-auto\.worktrees\three-type-release\artifacts\direct_value_release_20260826\multi_type8_197_live_final\claim_verification_results.jsonl
복수문장직접값자식결과,A02633_4,claim_3e98d7f3646f6d9b,복수 수치에서 분리,8번 직접값,8번 직접값 유지,17일 국가데이터처가 발표한 ‘9월 고용동향’에 따르면 지난달 15세 이상 취업자는 2915만4000명으로 전년 동월 대비 31만2000명 증가했다.,2025-10-17,2.9154e+07명,취업자,29154000.0,명,2025년 9월,월,대한민국,15세 이상,"{""age"": ""15세 이상""}",DIRECT_VALUE,"{""direction"": ""INCREASE""}",AUTO_OK,KOSIS_PIPELINE_ELIGIBLE,HOLD,AMBIGUOUS_MARGIN,EVIDENCE_CELL,AMBIGUOUS_MARGIN,UNDETERMINED,,"[{""canonical_key"": ""ORG=101|TBL=DT_1DA7001S|ITM=T30|OBJ=B|MEMBER=계|PRD_SE=월|PRD_DE=2025-09"", ""dimension_codes"": {""B"": ""0""}, ""dimension_members"": {""B"": ""계""}, ""itm_id"": ""T30"", ""member_code"": ""계"", ""obj_id"": ""B"", ""org_id"": ""101"", ""prd_de"": ""2025-09"", ""prd_se"": ""월"", ""status"": ""CONFIRMED"", ""tbl_id"": ""DT_1DA7001S"", ""unit"": ""천명""}]",[],,,,,N,,,,,,,D:\projects\services\archived\clafact-auto\.worktrees\three-type-release\artifacts\direct_value_release_20260826\multi_type8_197_live_final\claim_verification_results.jsonl
복수문장직접값자식결과,A02647_11,claim_ef7373759319caae,복수 수치에서 분리,8번 직접값,8번 직접값 유지,특히 60세 이상 비정규직 근로자는 304만4000명으로 전년 동월 대비 23만3000명 증가했다.,2025-10-22,3.044e+06명,비정규직 근로자 수,3044000.0,명,,MONTHLY,,근로자,"{""age"": ""60세 이상"", ""employment_type"": ""비정규직""}",DIRECT_VALUE,"{""direction"": ""INCREASE""}",HOLD,STRUCTURAL_HOLD,HUMAN_REVIEW,CLAIM_PARSE_UNCERTAIN,CLAIM_PARSE,MISSING_REQUIRED_SLOTS:time,,,[],[],,,,,N,,MISSING_REQUIRED_SLOTS:time,,,,,D:\projects\services\archived\clafact-auto\.worktrees\three-type-release\artifacts\direct_value_release_20260826\multi_type8_197_live_final\claim_verification_results.jsonl
복수문장직접값자식결과,A00185_3,claim_6b36a4392062740e,복수 수치에서 분리,8번 직접값,8번 직접값 유지,"15일 한국수입자동차협회(KAIDA)에 따르면, 작년 수입 승용차 판매량은 26만3288대로 2023년 대비 2.9％ 줄었다.",2025-01-15,263288대,수입 승용차 판매량,263288.0,대,2024,연간,한국,,"{""item"": ""수입 승용차""}",DIRECT_VALUE,"{""direction"": ""DECREASE""}",AUTO_OK,KOSIS_PIPELINE_ELIGIBLE,HOLD,NO_EVIDENCE_COORDINATE_CANDIDATE,HARD_GUARD,공식표는 찾았지만 기사 조건에 맞는 항목·지역·기간 좌표를 확정하지 못함,UNDETERMINED,,[],[],,,,,N,,,,,,,D:\projects\services\archived\clafact-auto\.worktrees\three-type-release\artifacts\direct_value_release_20260826\multi_type8_197_live_final\claim_verification_results.jsonl
복수문장직접값자식결과,A00202_23,claim_7c98d65c16d08668,복수 수치에서 분리,8번 직접값,8번 직접값 유지,"지난달 실업률은 3.8%로 2022년 1월(4.1%) 이후 가장 높았고, 청년 실업률은 5.9%로 6%에 육박했다.",2025-01-16,3.8%,실업률,3.8,%,2024년 12월,월,,,,DIRECT_VALUE,,AUTO_OK,KOSIS_PIPELINE_ELIGIBLE,AUTO,WITHIN_TOLERANCE,VERDICT,기사값과 공식값이 허용오차 안에서 일치,MATCH,3.8,"[{""canonical_key"": ""ORG=101|TBL=DT_1DA7001S|ITM=T80|OBJ=B|MEMBER=계|PRD_SE=월|PRD_DE=2024-12"", ""dimension_codes"": {""B"": ""0""}, ""dimension_members"": {""B"": ""계""}, ""itm_id"": ""T80"", ""member_code"": ""계"", ""obj_id"": ""B"", ""org_id"": ""101"", ""prd_de"": ""2024-12"", ""prd_se"": ""월"", ""status"": ""CONFIRMED"", ""tbl_id"": ""DT_1DA7001S"", ""unit"": ""%""}]","[{""content_hash"": ""0c3d654f1db7e1532f0bbc30a5284469c949648883b0917215a4e98a9595e913"", ""evidence_key"": ""ORG=101|TBL=DT_1DA7001S|ITM=T80|OBJ=B|MEMBER=계|PRD_SE=월|PRD_DE=2024-12"", ""publication"": {""content_hash"": ""fbd0cecdfab1b766036a1cc4fa61fc9e4bc468a323acfd58a24fbebb5ee1f42a"", ""coverage_end_period"": null, ""coverage_start_period"": null, ""evidence_scope"": ""PERIOD"", ""pub_date_text"": ""조사기준 월 익월"", ""pub_period"": ""월"", ""publication_method_url"": ""https://www.kostat.go.kr/board.es?act=list&mid=a10301010000&keyField=T&bid=210&keyWord=2024%EB%85%84+12%EC%9B%94+%EB%B0%8F+%EC%97%B0%EA%B0%84+%EA%B3%A0%EC%9A%A9%EB%8F%99%ED%96%A5"", ""published_at"": ""2025-01-15"", ""reference_period"": ""2024-12"", ""retrieved_at"": ""2026-08-26T09:14:34.107450Z"", ""source_url"": ""https://www.kostat.go.kr/board.es?mid=a10301010000&bid=210&act=view&list_no=434801&tag=&nPage=1&ref_bid="", ""status"": ""VERIFIED""}, ""retrieved_at"": ""2026-08-26T09:14:26.658668Z"", ""source"": ""API"", ""source_url"": ""https://kosis.kr/openapi/Param/statisticsParameterData.do?method=getList&orgId=101&tblId=DT_1DA7001S&itmId=T80&prdSe=M&startPrdDe=202412&endPrdDe=202412&objL1=0"", ""value_last_changed_at"": ""2025-01-02""}]",https://kosis.kr/openapi/Param/statisticsParameterData.do?method=getList&orgId=101&tblId=DT_1DA7001S&itmId=T80&prdSe=M&startPrdDe=202412&endPrdDe=202412&objL1=0,0c3d654f1db7e1532f0bbc30a5284469c949648883b0917215a4e98a9595e913,VERIFIED,KOSIS_API,Y,,,,,,,D:\projects\services\archived\clafact-auto\.worktrees\three-type-release\artifacts\direct_value_release_20260826\multi_type8_197_live_final\claim_verification_results.jsonl
복수문장직접값자식결과,A00202_23,claim_8aa30da67bf9f7e7,복수 수치에서 분리,8번 직접값,8번 직접값 유지,"지난달 실업률은 3.8%로 2022년 1월(4.1%) 이후 가장 높았고, 청년 실업률은 5.9%로 6%에 육박했다.",2025-01-16,5.9%,실업률,5.9,%,2024년 12월,월,,청년,,DIRECT_VALUE,"{""operator"": ""LT"", ""threshold_unit"": ""%"", ""threshold_value"": ""6""}",AUTO_OK,KOSIS_PIPELINE_ELIGIBLE,HOLD,AMBIGUOUS_MARGIN,EVIDENCE_CELL,AMBIGUOUS_MARGIN,UNDETERMINED,,"[{""canonical_key"": ""ORG=101|TBL=DT_1DA7001S|ITM=T80|OBJ=B|MEMBER=계|PRD_SE=월|PRD_DE=2024-12"", ""dimension_codes"": {""B"": ""0""}, ""dimension_members"": {""B"": ""계""}, ""itm_id"": ""T80"", ""member_code"": ""계"", ""obj_id"": ""B"", ""org_id"": ""101"", ""prd_de"": ""2024-12"", ""prd_se"": ""월"", ""status"": ""CONFIRMED"", ""tbl_id"": ""DT_1DA7001S"", ""unit"": ""%""}]",[],,,,,N,,,,,,,D:\projects\services\archived\clafact-auto\.worktrees\three-type-release\artifacts\direct_value_release_20260826\multi_type8_197_live_final\claim_verification_results.jsonl
복수문장직접값자식결과,A00308_33,claim_ebeb8db644a856f1,복수 수치에서 분리,8번 직접값 제외,다른 유형으로 이동: 최고·최저 기록,"1990년대까지 두 자릿수 성장률을 보였던 한국의 경제성장률은 2000년대 들어선 5%대, 2010년대엔 3%대, 2020년대 이후엔 2%대로 떨어지면서 피크 코리아 주장이 강해지고 있다.",2025-01-24,5%,경제성장률,5.0,%,2000년대,연간,한국,,,DIRECT_VALUE,,HUMAN_REVIEW,CONTEXT_REQUIRED,HUMAN_REVIEW,RECLASSIFY_TO_RECORD,CLAIM_PARSE,직접값이 아니라 과거 전체 기간과 비교해야 하는 기록 주장,,,[],[],,,,,N,,,,,,,D:\projects\services\archived\clafact-auto\.worktrees\three-type-release\artifacts\direct_value_release_20260826\multi_type8_197_live_final\claim_verification_results.jsonl
복수문장직접값자식결과,A00308_33,claim_7a9ee01ab58a69fb,복수 수치에서 분리,8번 직접값 제외,다른 유형으로 이동: 최고·최저 기록,"1990년대까지 두 자릿수 성장률을 보였던 한국의 경제성장률은 2000년대 들어선 5%대, 2010년대엔 3%대, 2020년대 이후엔 2%대로 떨어지면서 피크 코리아 주장이 강해지고 있다.",2025-01-24,3%대,경제성장률,3.0,%대,2010년대,연간,한국,,,DIRECT_VALUE,,HUMAN_REVIEW,CONTEXT_REQUIRED,HUMAN_REVIEW,RECLASSIFY_TO_RECORD,CLAIM_PARSE,직접값이 아니라 과거 전체 기간과 비교해야 하는 기록 주장,,,[],[],,,,,N,,,,,,,D:\projects\services\archived\clafact-auto\.worktrees\three-type-release\artifacts\direct_value_release_20260826\multi_type8_197_live_final\claim_verification_results.jsonl
복수문장직접값자식결과,A00308_33,claim_b771764a1b4cbdfa,복수 수치에서 분리,8번 직접값,8번 직접값 유지,"1990년대까지 두 자릿수 성장률을 보였던 한국의 경제성장률은 2000년대 들어선 5%대, 2010년대엔 3%대, 2020년대 이후엔 2%대로 떨어지면서 피크 코리아 주장이 강해지고 있다.",2025-01-24,2%,한국 경제성장률,2.0,%,2020년대 이후,연간,한국,,,DIRECT_VALUE,"{""direction"": ""DECREASE""}",AUTO_OK,KOSIS_PIPELINE_ELIGIBLE,HOLD,NO_EVIDENCE_COORDINATE_CANDIDATE,HARD_GUARD,공식표는 찾았지만 기사 조건에 맞는 항목·지역·기간 좌표를 확정하지 못함,UNDETERMINED,,[],[],,,,,N,,,,,,,D:\projects\services\archived\clafact-auto\.worktrees\three-type-release\artifacts\direct_value_release_20260826\multi_type8_197_live_final\claim_verification_results.jsonl
복수문장직접값자식결과,A00312_11,claim_bca90962953a18c9,복수 수치에서 분리,8번 직접값,8번 직접값 유지,"실제로 지난해 ‘14대 대미 수출 품목’을 보면 반도체(107억달러), 자동차부품(82억달러), 석유화학·철강(각 43억달러) 등 중간재가 상당수를 차지한다.",2025-01-24,14대,수출액,14.0,대,2024,Y,,,"{""raw"": ""{\""품목\"": [\""반도체\"", \""자동차\""], \""교역상대국\"": [\""미국\""]}""}",DIRECT_VALUE,,HUMAN_REVIEW,CONTEXT_REQUIRED,HUMAN_REVIEW,TARGET_NOT_FOUND_IN_SOURCE,CLAIM_PARSE,구조화된 대상 수치가 뉴스 원문에서 확인되지 않음,,,[],[],,,,,N,,,,,,,D:\projects\services\archived\clafact-auto\.worktrees\three-type-release\artifacts\direct_value_release_20260826\multi_type8_197_live_final\claim_verification_results.jsonl
복수문장직접값자식결과,A00365_2,claim_ed030b7903aeff70,복수 수치에서 분리,8번 직접값,8번 직접값 유지,29일 농림축산식품부와 한국농수산식품유통공사(aT)에 따르면 지난해 떡류 수출액은 9140만달러(약 1313억원)로 1억달러에 근접했다.,2025-01-29,9.14e+07달러,수출액,91400000.0,달러,2024년,년,,,"{""품목"": ""떡류""}",DIRECT_VALUE,,AUTO_OK,KOSIS_PIPELINE_ELIGIBLE,HOLD,NO_HARD_GUARD_CANDIDATE,HARD_GUARD,기간·단위·지역 등 필수 조건을 모두 만족하는 공식표 후보가 없음,UNDETERMINED,,[],[],,,,,N,,,,,,,D:\projects\services\archived\clafact-auto\.worktrees\three-type-release\artifacts\direct_value_release_20260826\multi_type8_197_live_final\claim_verification_results.jsonl
복수문장직접값자식결과,A00368_5,claim_b50c19825fa9649a,복수 수치에서 분리,8번 직접값,8번 직접값 유지,청년 고용률이 45% 아래로 떨어진 건 코로나가 한창 기승하던 2021년 5월(44.4%) 이후 43개월 만이다.,2025-01-29,청년 고용률이 45% 아래로 떨어진 건 코로나가 한창 기승하던 2021년 5월(44.4%) 이후 43개월 만이다.,고용률,,%,2024년 12월,월,,청년,,THRESHOLD,"{""operator"": ""LTE"", ""threshold_unit"": ""%"", ""threshold_value"": ""None""}",AUTO_OK,KOSIS_PIPELINE_ELIGIBLE,HOLD,AMBIGUOUS_MARGIN,EVIDENCE_CELL,AMBIGUOUS_MARGIN,UNDETERMINED,,"[{""canonical_key"": ""ORG=101|TBL=DT_1DA7001S|ITM=T90|OBJ=B|MEMBER=계|PRD_SE=월|PRD_DE=2024-12"", ""dimension_codes"": {""B"": ""0""}, ""dimension_members"": {""B"": ""계""}, ""itm_id"": ""T90"", ""member_code"": ""계"", ""obj_id"": ""B"", ""org_id"": ""101"", ""prd_de"": ""2024-12"", ""prd_se"": ""월"", ""status"": ""CONFIRMED"", ""tbl_id"": ""DT_1DA7001S"", ""unit"": ""%""}]",[],,,,,N,,,,,,,D:\projects\services\archived\clafact-auto\.worktrees\three-type-release\artifacts\direct_value_release_20260826\multi_type8_197_live_final\claim_verification_results.jsonl
복수문장직접값자식결과,A00433_3,claim_863eebfa6f331bc6,복수 수치에서 분리,8번 직접값,8번 직접값 유지,"2일 한국수입자동차협회(KAIDA)에 따르면, 지난해 국내에서 판매된 수입 SUV는 12만7754대로 집계돼 세단(12만6881대)보다 많았다.",2025-02-03,127754대,수입액,127754.0,대,2024,Y,전국,,"{""raw"": ""{\""품목\"": [\""자동차\""]}""}",DIRECT_VALUE,,HUMAN_REVIEW,CONTEXT_REQUIRED,HUMAN_REVIEW,TARGET_NOT_FOUND_IN_SOURCE,CLAIM_PARSE,구조화된 대상 수치가 뉴스 원문에서 확인되지 않음,,,[],[],,,,,N,,,,,,,D:\projects\services\archived\clafact-auto\.worktrees\three-type-release\artifacts\direct_value_release_20260826\multi_type8_197_live_final\claim_verification_results.jsonl
복수문장직접값자식결과,A00514_8,claim_2ca7d994ac25a0f7,복수 수치에서 분리,8번 직접값,8번 직접값 유지,당시 대규모 추경을 편성해 2008년 4분기 –4.6%까지 추락한 한국 경제성장률을 2010년 6.3%로 ‘V자 반등’을 이뤄내는데 크게 역할을 했다는 평가를 받는다.,2025-02-09,6.3%,한국 경제성장률,6.3,%,2010년,연간,한국,,,DIRECT_VALUE,,AUTO_OK,KOSIS_PIPELINE_ELIGIBLE,HOLD,NO_EVIDENCE_COORDINATE_CANDIDATE,HARD_GUARD,공식표는 찾았지만 기사 조건에 맞는 항목·지역·기간 좌표를 확정하지 못함,UNDETERMINED,,[],[],,,,,N,,,,,,,D:\projects\services\archived\clafact-auto\.worktrees\three-type-release\artifacts\direct_value_release_20260826\multi_type8_197_live_final\claim_verification_results.jsonl
복수문장직접값자식결과,A00526_14,claim_cdacc78d98fd1e6b,복수 수치에서 분리,8번 직접값,8번 직접값 유지,지난해 의약품 대미 수출액은 15억364만달러(약 2조2000억원)다.,2025-02-10,1.50364e+09달러,수출액,1503640000.0,달러,2024년,년,,,"{""무역상대국"": ""미국"", ""품목"": ""의약품""}",DIRECT_VALUE,,AUTO_OK,KOSIS_PIPELINE_ELIGIBLE,HOLD,NO_HARD_GUARD_CANDIDATE,HARD_GUARD,기간·단위·지역 등 필수 조건을 모두 만족하는 공식표 후보가 없음,UNDETERMINED,,[],[],,,,,N,,,,,,,D:\projects\services\archived\clafact-auto\.worktrees\three-type-release\artifacts\direct_value_release_20260826\multi_type8_197_live_final\claim_verification_results.jsonl
복수문장직접값자식결과,A00579_13,claim_dccdcb63bdcf78d5,복수 수치에서 분리,8번 직접값,8번 직접값 유지,"지난달 15~29세 청년층 취업자 수는 전년 동월 대비 21만8000명 줄었는데, 고용률 기준으로도 44.8%에 그치며 전년 동월 대비 1.5%포인트 감소했다.",2025-02-14,1.5%p,취업자 수,1.5,%p,2025-01,M,,청년,"{""raw"": ""{\""연령\"": \""15~29세\""}""}",DIRECT_VALUE,"{""direction"": ""DECREASE""}",HUMAN_REVIEW,CONTEXT_REQUIRED,HUMAN_REVIEW,TARGET_NOT_FOUND_IN_SOURCE,CLAIM_PARSE,구조화된 대상 수치가 뉴스 원문에서 확인되지 않음,,,[],[],,,,,N,,,,,,,D:\projects\services\archived\clafact-auto\.worktrees\three-type-release\artifacts\direct_value_release_20260826\multi_type8_197_live_final\claim_verification_results.jsonl
복수문장직접값자식결과,A00588_16,claim_cb17ef48bf559cf2,복수 수치에서 분리,8번 직접값 제외,다른 유형으로 이동: 7번 증감률,"청년(15~29세)층 취업자는 전년 동월 대비 21만8000명 줄었고, 청년 고용률(44.8%)도 1.5%포인트 감소했다.",2025-02-15,44.8%,고용률,44.8,%,전년 동월 대비 대상 월,월,,청년층,"{""age"": ""15~29세""}",DIRECT_VALUE,"{""direction"": ""DECREASE""}",HUMAN_REVIEW,CONTEXT_REQUIRED,HUMAN_REVIEW,RECLASSIFY_TO_GROWTH_RATE,CLAIM_PARSE,직접값이 아니라 두 기간 공식값으로 비율을 계산해야 하는 증감률 주장,,,[],[],,,,,N,,,,,,,D:\projects\services\archived\clafact-auto\.worktrees\three-type-release\artifacts\direct_value_release_20260826\multi_type8_197_live_final\claim_verification_results.jsonl
복수문장직접값자식결과,A00692_3,claim_b667efa0aa57cc9a,복수 수치에서 분리,8번 직접값,8번 직접값 유지,"대미 수출액은 2021년 69억1200만달러에서 2022년 80억3000만달러, 2023년 80억8700만달러로 늘어왔다.",2025-02-23,8.087e+09달러,대미 수출액,8087000000.0,달러,2023,연간,미국,,,DIRECT_VALUE,"{""direction"": ""INCREASE""}",HUMAN_REVIEW,CONTEXT_REQUIRED,HUMAN_REVIEW,DIRECT_VALUE_CHANGE_TARGET_MISCLASSIFIED,CLAIM_PARSE,DIRECT_VALUE_CHANGE_TARGET_MISCLASSIFIED,,,[],[],,,,,N,,,,,,,D:\projects\services\archived\clafact-auto\.worktrees\three-type-release\artifacts\direct_value_release_20260826\multi_type8_197_live_final\claim_verification_results.jsonl
복수문장직접값자식결과,A00692_4,claim_297f5d4a6be813a9,복수 수치에서 분리,8번 직접값,8번 직접값 유지,"작년 전체 자동차 부품 수출액은 총 225억4700만달러(약 32조4300억원)로, 이 중 대미 수출 비중(36.5％)이 가장 컸다.",2025-02-23,2.2547e+10달러,자동차 부품 수출액,22547000000.0,달러,2024년,년,전체,,"{""item"": ""자동차 부품"", ""partner_share"": ""36.5%"", ""trade_partner"": ""미국""}",DIRECT_VALUE,,AUTO_OK,KOSIS_PIPELINE_ELIGIBLE,HOLD,NO_HARD_GUARD_CANDIDATE,HARD_GUARD,기간·단위·지역 등 필수 조건을 모두 만족하는 공식표 후보가 없음,UNDETERMINED,,[],[],,,,,N,,,,,,,D:\projects\services\archived\clafact-auto\.worktrees\three-type-release\artifacts\direct_value_release_20260826\multi_type8_197_live_final\claim_verification_results.jsonl
복수문장직접값자식결과,A00723_14,claim_2e73dcbf5b0f952d,복수 수치에서 분리,8번 직접값,8번 직접값 유지,"여기에 지난달 건설업 취업자 수가 192만1000명을 기록해, 코로나 팬데믹 당시였던 2021년 이후 3년 만에 200만명 아래로 떨어졌다.",2025-02-25,1.921e+06명,취업자 수,1921000.0,명,2025년 1월,월,,취업자,"{""산업"": ""건설업""}",DIRECT_VALUE,,AUTO_OK,KOSIS_PIPELINE_ELIGIBLE,HOLD,NO_EVIDENCE_COORDINATE_CANDIDATE,HARD_GUARD,공식표는 찾았지만 기사 조건에 맞는 항목·지역·기간 좌표를 확정하지 못함,UNDETERMINED,,[],[],,,,,N,,,,,,,D:\projects\services\archived\clafact-auto\.worktrees\three-type-release\artifacts\direct_value_release_20260826\multi_type8_197_live_final\claim_verification_results.jsonl
복수문장직접값자식결과,A00782_8,claim_c2d064bd30f9a76d,복수 수치에서 분리,8번 직접값,8번 직접값 유지,"관세 부과 가능성이 커지는 가운데 지난 1월 투싼 1.6 HEV 모델은 국내 생산 8338대 가운데 71%에 달하는 5905대가 수출됐고, 싼타페도 1.6 HEV 생산량 중 35%가 수출됐다.",2025-03-02,5905대,수출 대수,5905.0,대,2025년 1월,월,국내,투싼 1.6 HEV 모델,"{""item"": ""투싼"", ""model"": ""1.6 HEV"", ""production_scope"": ""국내 생산""}",DIRECT_VALUE,,AUTO_OK,KOSIS_PIPELINE_ELIGIBLE,HOLD,NO_HARD_GUARD_CANDIDATE,HARD_GUARD,기간·단위·지역 등 필수 조건을 모두 만족하는 공식표 후보가 없음,UNDETERMINED,,[],[],,,,,N,,,,,,,D:\projects\services\archived\clafact-auto\.worktrees\three-type-release\artifacts\direct_value_release_20260826\multi_type8_197_live_final\claim_verification_results.jsonl
복수문장직접값자식결과,A00838_3,claim_9e3fa367e9e40c46,복수 수치에서 분리,8번 직접값,8번 직접값 유지,"고용노동부가 사업체 5만여 곳을 대상으로 조사한 결과에 따르면 지난해 우리나라 근로자 월평균 명목임금은 407만9000원이고, 물가 수준을 고려한 실질임금은 월평균 357만3000원이다.",2025-03-06,4.079e+06원,물가상승률,4079000.0,원,2024,Y,전국,,,DIRECT_VALUE,,HUMAN_REVIEW,CONTEXT_REQUIRED,HUMAN_REVIEW,TARGET_NOT_FOUND_IN_SOURCE,CLAIM_PARSE,구조화된 대상 수치가 뉴스 원문에서 확인되지 않음,,,[],[],,,,,N,,,,,,,D:\projects\services\archived\clafact-auto\.worktrees\three-type-release\artifacts\direct_value_release_20260826\multi_type8_197_live_final\claim_verification_results.jsonl
복수문장직접값자식결과,A00922_18,claim_a9ec3f04db83dfaf,복수 수치에서 분리,8번 직접값,8번 직접값 유지,지난달 건설업 취업자는 190만9000명으로 전년 같은 달보다 16만7000명 줄었다.,2025-03-12,1.909e+06명,취업자,1909000.0,명,2025년 2월,월,,취업자,"{""산업"": ""건설업""}",DIRECT_VALUE,"{""direction"": ""DECREASE""}",AUTO_OK,KOSIS_PIPELINE_ELIGIBLE,HOLD,NO_EVIDENCE_COORDINATE_CANDIDATE,HARD_GUARD,공식표는 찾았지만 기사 조건에 맞는 항목·지역·기간 좌표를 확정하지 못함,UNDETERMINED,,[],[],,,,,N,,,,,,,D:\projects\services\archived\clafact-auto\.worktrees\three-type-release\artifacts\direct_value_release_20260826\multi_type8_197_live_final\claim_verification_results.jsonl
복수문장직접값자식결과,A00922_19,claim_2e95b79efb1adf6c,복수 수치에서 분리,8번 직접값 제외,다른 유형으로 이동: 6번 증감량,"1월 감소 폭(-16만9000명)보다는 약간 줄었지만, 건설업 취업자 감소세는 지난해 5월(-1만4000명) 이후 10개월 연속 이어지고 있다.",2025-03-12,-169000명,건설업 취업자 증감,-169000.0,명,2025년 1월,월,대한민국,취업자,"{""산업"": ""건설업""}",DIRECT_VALUE,"{""direction"": ""DECREASE"", ""duration_months"": ""10""}",HUMAN_REVIEW,CONTEXT_REQUIRED,HUMAN_REVIEW,RECLASSIFY_TO_DIFFERENCE,CLAIM_PARSE,직접값이 아니라 두 기간 공식값의 차이를 계산해야 하는 증감량 주장,,,[],[],,,,,N,,,,,,,D:\projects\services\archived\clafact-auto\.worktrees\three-type-release\artifacts\direct_value_release_20260826\multi_type8_197_live_final\claim_verification_results.jsonl
복수문장직접값자식결과,A01111_14,claim_cd57273d71240241,복수 수치에서 분리,8번 직접값,8번 직접값 유지,"통계청이 이날 처음으로 공개한 어머니 연령별 출산율 자료에 따르면, 지난 1월 30~34세 여성 1000명당 출생아 수를 뜻하는 30대 초반 출산율은 81.1명을 기록했다.",2025-03-27,81.1명/여성 1000명,출산율,81.1,명/여성 1000명,2025년 1월,월,대한민국,여성,"{""age_group"": ""30~34세"", ""sex"": ""여성""}",DIRECT_VALUE,,HOLD,CONTEXT_REQUIRED,HUMAN_REVIEW,TARGET_VALUE_NOT_IN_SOURCE_SENTENCE,CLAIM_PARSE,TARGET_VALUE_NOT_IN_SOURCE_SENTENCE,,,[],[],,,,,N,,,,,,,D:\projects\services\archived\clafact-auto\.worktrees\three-type-release\artifacts\direct_value_release_20260826\multi_type8_197_live_final\claim_verification_results.jsonl
복수문장직접값자식결과,A01180_3,claim_2fd9321a443899ba,복수 수치에서 분리,8번 직접값,8번 직접값 유지,지난해 우리나라 수출 6836억달러(약 1007조원) 중 대미(對美) 수출은 1278억달러로 18.7%에 달했다.,2025-04-01,6.836e+11달러,수출액,683600000000.0,달러,2024,Y,전국,,,DIRECT_VALUE,"{""trade_claim_role"": ""TOTAL_EXPORT""}",HUMAN_REVIEW,CONTEXT_REQUIRED,HUMAN_REVIEW,TARGET_NOT_FOUND_IN_SOURCE,CLAIM_PARSE,구조화된 대상 수치가 뉴스 원문에서 확인되지 않음,,,[],[],,,,,N,,,,,,,D:\projects\services\archived\clafact-auto\.worktrees\three-type-release\artifacts\direct_value_release_20260826\multi_type8_197_live_final\claim_verification_results.jsonl
복수문장직접값자식결과,A01180_3,claim_1538c404a6786c92,복수 수치에서 분리,8번 직접값,8번 직접값 유지,지난해 우리나라 수출 6836억달러(약 1007조원) 중 대미(對美) 수출은 1278억달러로 18.7%에 달했다.,2025-04-01,1.278e+11달러,수출액,127800000000.0,달러,2024,Y,전국,,"{""raw"": ""{\""교역상대국\"": [\""미국\""]}""}",DIRECT_VALUE,"{""trade_claim_role"": ""COUNTRY_EXPORT""}",HUMAN_REVIEW,CONTEXT_REQUIRED,HUMAN_REVIEW,TARGET_NOT_FOUND_IN_SOURCE,CLAIM_PARSE,구조화된 대상 수치가 뉴스 원문에서 확인되지 않음,,,[],[],,,,,N,,,,,,,D:\projects\services\archived\clafact-auto\.worktrees\three-type-release\artifacts\direct_value_release_20260826\multi_type8_197_live_final\claim_verification_results.jsonl
복수문장직접값자식결과,A01285_1,claim_cafe56bb76521bbb,복수 수치에서 분리,8번 직접값,8번 직접값 유지,지난달 청년 실업률이 7% 중반까지 치솟아 코로나 대유행으로 실업률이 10%까지 치솟았던 2021년 이후 4년 만에 가장 높았다.,2025-04-09,7%,실업률,7.0,%,지난달,MONTHLY,,청년,"{""age_group"": ""청년""}",DIRECT_VALUE,"{""direction"": ""INCREASE""}",HOLD,STRUCTURAL_HOLD,HUMAN_REVIEW,CLAIM_PARSE_UNCERTAIN,CLAIM_PARSE,"중심 수치가 '7% 중반'으로 정확한 단일 수치가 아니며, 10%는 2021년 당시의 역사적 참고값으로 현재 수치와 직접 비교할 수 없음",,,[],[],,,,,N,,"중심 수치가 '7% 중반'으로 정확한 단일 수치가 아니며, 10%는 2021년 당시의 역사적 참고값으로 현재 수치와 직접 비교할 수 없음",,,,,D:\projects\services\archived\clafact-auto\.worktrees\three-type-release\artifacts\direct_value_release_20260826\multi_type8_197_live_final\claim_verification_results.jsonl
복수문장직접값자식결과,A01285_7,claim_394eebc6bf25b4a8,복수 수치에서 분리,8번 직접값 제외,다른 유형으로 이동: 6번 증감량,하지만 청년층(15~29세) 취업자는 20만6000명 줄어 비상계엄이 터진 작년 12월부터 4개월 연속 20만명대 감소세를 기록했다.,2025-04-09,206000명,취업자,206000.0,명,2025년 3월,월,,청년층 취업자,"{""age"": ""15~29세""}",DIRECT_VALUE,"{""direction"": ""DECREASE""}",HUMAN_REVIEW,CONTEXT_REQUIRED,HUMAN_REVIEW,RECLASSIFY_TO_DIFFERENCE,CLAIM_PARSE,직접값이 아니라 두 기간 공식값의 차이를 계산해야 하는 증감량 주장,,,[],[],,,,,N,,,,,,,D:\projects\services\archived\clafact-auto\.worktrees\three-type-release\artifacts\direct_value_release_20260826\multi_type8_197_live_final\claim_verification_results.jsonl
복수문장직접값자식결과,A01359_5,claim_e14952291591b135,복수 수치에서 분리,8번 직접값,8번 직접값 유지,"25~34세 취업자는 코로나가 시작된 지난 2020년 2분기(-6만명)부터 2021년 1분기(-5만4000명)까지 줄다, 2021년 2분기(9만5000명)부터 작년 4분기(2000명)까지 늘었다.",2025-04-15,-60000명,25~34세 취업자 증감,-60000.0,명,2020년 2분기,분기,,25~34세 취업자,"{""연령"": ""25~34세""}",DIRECT_VALUE,,HOLD,STRUCTURAL_HOLD,HUMAN_REVIEW,CLAIM_PARSE_UNCERTAIN,CLAIM_PARSE,문장에 서로 다른 기간의 증감 수치가 여러 개 포함되어 있어 독립적으로 검증 가능한 단일 주장으로 확정하기 어렵습니다.,,,[],[],,,,,N,,문장에 서로 다른 기간의 증감 수치가 여러 개 포함되어 있어 독립적으로 검증 가능한 단일 주장으로 확정하기 어렵습니다.,,,,,D:\projects\services\archived\clafact-auto\.worktrees\three-type-release\artifacts\direct_value_release_20260826\multi_type8_197_live_final\claim_verification_results.jsonl
복수문장직접값자식결과,A01359_7,claim_bf069e7a5b2482e3,복수 수치에서 분리,8번 직접값,8번 직접값 유지,"지난 1분기 25~34세 인구는 697만6000명으로, 작년 1분기(697만7000명)와 비슷했다.",2025-04-15,6.976e+06명,인구,6976000.0,명,2025년 1분기,분기,,25~34세 인구,"{""age"": ""25~34세""}",DIRECT_VALUE,,AUTO_OK,KOSIS_PIPELINE_ELIGIBLE,HOLD,NO_HARD_GUARD_CANDIDATE,HARD_GUARD,기간·단위·지역 등 필수 조건을 모두 만족하는 공식표 후보가 없음,UNDETERMINED,,[],[],,,,,N,,,,,,,D:\projects\services\archived\clafact-auto\.worktrees\three-type-release\artifacts\direct_value_release_20260826\multi_type8_197_live_final\claim_verification_results.jsonl
복수문장직접값자식결과,A01385_2,claim_ac272991918f1c8e,복수 수치에서 분리,8번 직접값,8번 직접값 유지,국내 농가 수는 지난 2023년 99만9000가구를 기록하며 처음으로 100만 가구 아래로 떨어진 이후 하락세가 지속되고 있다.,2025-04-17,999000가구,농가 수,999000.0,가구,2023,연간,국내,농가,,THRESHOLD,"{""operator"": ""LTE"", ""threshold_unit"": ""가구"", ""threshold_value"": ""999000.0""}",AUTO_OK,KOSIS_PIPELINE_ELIGIBLE,HOLD,NO_EVIDENCE_COORDINATE_CANDIDATE,HARD_GUARD,공식표는 찾았지만 기사 조건에 맞는 항목·지역·기간 좌표를 확정하지 못함,UNDETERMINED,,[],[],,,,,N,,,,,,,D:\projects\services\archived\clafact-auto\.worktrees\three-type-release\artifacts\direct_value_release_20260826\multi_type8_197_live_final\claim_verification_results.jsonl
복수문장직접값자식결과,A01385_5,claim_a3d2eacdeae596da,복수 수치에서 분리,8번 직접값,8번 직접값 유지,"전국 농가 수는 1970년 약 248만3000가구였지만, 1984년 약 197만 3000가구로 처음 200만 가구 아래로 떨어진 뒤 2023년에는 100만 가구 선도 깨졌다.",2025-04-17,1.973e+06가구,농가 수,1973000.0,가구,1984년,연간,전국,농가,,DIRECT_VALUE,"{""direction"": ""DECREASE"", ""operator"": ""LT"", ""threshold_unit"": ""가구"", ""threshold_value"": ""2000000""}",HUMAN_REVIEW,CONTEXT_REQUIRED,HUMAN_REVIEW,TARGET_NOT_FOUND_IN_SOURCE,CLAIM_PARSE,구조화된 대상 수치가 뉴스 원문에서 확인되지 않음,,,[],[],,,,,N,,,,,,,D:\projects\services\archived\clafact-auto\.worktrees\three-type-release\artifacts\direct_value_release_20260826\multi_type8_197_live_final\claim_verification_results.jsonl
복수문장직접값자식결과,A01438_17,claim_86c3569ecb965994,복수 수치에서 분리,8번 직접값,8번 직접값 유지,"우리나라 잠재성장률은 2000년대 초반만 해도 5% 안팎이었는데, 2010년대 3%대 초·중반으로 떨어졌다.",2025-04-21,3%,잠재성장률,3.0,%,2010년대,decade,대한민국,,,DIRECT_VALUE,"{""direction"": ""DECREASE""}",HOLD,STRUCTURAL_HOLD,HUMAN_REVIEW,CLAIM_PARSE_UNCERTAIN,CLAIM_PARSE,"2010년대 수치가 '3%대 초·중반'으로 범위 표현되어 정확한 단일 수치로 확정하기 어렵지만, 중심 수치 3%와 2000년대 초반의 5% 안팎 비교를 보존함",,,[],[],,,,,N,,"2010년대 수치가 '3%대 초·중반'으로 범위 표현되어 정확한 단일 수치로 확정하기 어렵지만, 중심 수치 3%와 2000년대 초반의 5% 안팎 비교를 보존함",,,,,D:\projects\services\archived\clafact-auto\.worktrees\three-type-release\artifacts\direct_value_release_20260826\multi_type8_197_live_final\claim_verification_results.jsonl
복수문장직접값자식결과,A01480_28,claim_d3cfc35992f45b90,복수 수치에서 분리,8번 직접값,8번 직접값 유지,비상 계엄 파문 이전인 작년... 3분기 연속 제로 성장… 현실이 된 '피크 코리아' -0.2%(2024년 2분기)→0.1%(3분기)→0.1%(4분기) 한국 경제성장률이 3개 분기 연속으로 0% 안팎을 기록했다.,2025-04-24,0.2%,경제성장률,0.2,%,2024-Q2,Q,전국,,,DIRECT_VALUE,,HOLD,CONTEXT_REQUIRED,HUMAN_REVIEW,GROUPING_AMBIGUOUS,CLAIM_PARSE,한 문장의 여러 수치를 독립 Claim으로 안전하게 나누지 못함,,,[],[],,,,,N,,,,,,,D:\projects\services\archived\clafact-auto\.worktrees\three-type-release\artifacts\direct_value_release_20260826\multi_type8_197_live_final\claim_verification_results.jsonl
복수문장직접값자식결과,A01539_13,claim_57da797b1c0ab29f,복수 수치에서 분리,8번 직접값,8번 직접값 유지,"◇반도체로 2만불, 車로 3만불 시대… ‘4만불 엔진’은 안 보여 1만729달러(1994년)→2만162달러(2005년)→3만667달러(2014년). 한국 경제는 1인당 GDP가 1만달러 간격의 허들을 넘을 때마다 확실한 동력을 갖고 있었다.",2025-04-29,30667달러,1인당 GDP,30667.0,달러,2014,,한국,1인당,,DIRECT_VALUE,,AUTO_OK,KOSIS_PIPELINE_ELIGIBLE,HOLD,NO_EVIDENCE_COORDINATE_CANDIDATE,HARD_GUARD,공식표는 찾았지만 기사 조건에 맞는 항목·지역·기간 좌표를 확정하지 못함,UNDETERMINED,,[],[],,,,,N,,,,,,,D:\projects\services\archived\clafact-auto\.worktrees\three-type-release\artifacts\direct_value_release_20260826\multi_type8_197_live_final\claim_verification_results.jsonl
복수문장직접값자식결과,A01709_28,claim_a2739266c650400b,복수 수치에서 분리,8번 직접값,8번 직접값 유지,2023년 말 약 1127조원으로 국내총생산(GDP)의 46.9%다.,2025-05-12,1127조원,,1127.0,조원,2023년 말,,한국,,,DIRECT_VALUE,,HOLD,STRUCTURAL_HOLD,HUMAN_REVIEW,CLAIM_PARSE_UNCERTAIN,CLAIM_PARSE,금액이 무엇을 나타내는지에 해당하는 핵심 지표명이나 대상이 문장에 명시되지 않아 식별할 수 없음,,,[],[],,,,,N,,금액이 무엇을 나타내는지에 해당하는 핵심 지표명이나 대상이 문장에 명시되지 않아 식별할 수 없음,,,,,D:\projects\services\archived\clafact-auto\.worktrees\three-type-release\artifacts\direct_value_release_20260826\multi_type8_197_live_final\claim_verification_results.jsonl
복수문장직접값자식결과,A01733_8,claim_5a77a353ce8f1a1d,복수 수치에서 분리,8번 직접값,8번 직접값 유지,KDI는 통상 여건 악화로 올해 상품 수출이 -0.4%를 기록하고 경기 부진으로 상품 수입 역시 0%로 둔화될 것으로 봤다.,2025-05-14,0%,수입 증가율,0.0,%,올해,연간,,,"{""item"": ""상품""}",DIRECT_VALUE,"{""cause"": ""경기 부진""}",HOLD,STRUCTURAL_HOLD,HUMAN_REVIEW,CLAIM_PARSE_UNCERTAIN,CLAIM_PARSE,문장에 상품 수출 -0.4%와 상품 수입 0%라는 서로 독립적으로 검증 가능한 두 수치가 함께 제시되어 단일 Claim으로 확정하기 어렵습니다.,,,[],[],,,,,N,,문장에 상품 수출 -0.4%와 상품 수입 0%라는 서로 독립적으로 검증 가능한 두 수치가 함께 제시되어 단일 Claim으로 확정하기 어렵습니다.,,,,,D:\projects\services\archived\clafact-auto\.worktrees\three-type-release\artifacts\direct_value_release_20260826\multi_type8_197_live_final\claim_verification_results.jsonl
복수문장직접값자식결과,A01737_15,claim_818db34e5f32e0ef,복수 수치에서 분리,8번 직접값,8번 직접값 유지,지난달 제조업 취업자는 439만7000명으로 전년 동월 대비 12만4000명 줄었다.,2025-05-14,4.397e+06명,취업자,4397000.0,명,2025년 4월,월,,취업자,"{""산업"": ""제조업""}",DIRECT_VALUE,"{""direction"": ""DECREASE""}",AUTO_OK,KOSIS_PIPELINE_ELIGIBLE,HOLD,NO_EVIDENCE_COORDINATE_CANDIDATE,HARD_GUARD,공식표는 찾았지만 기사 조건에 맞는 항목·지역·기간 좌표를 확정하지 못함,UNDETERMINED,,[],[],,,,,N,,,,,,,D:\projects\services\archived\clafact-auto\.worktrees\three-type-release\artifacts\direct_value_release_20260826\multi_type8_197_live_final\claim_verification_results.jsonl
복수문장직접값자식결과,A01737_9,claim_4e8f4bec36b92b41,복수 수치에서 분리,8번 직접값,8번 직접값 유지,반면 15~29세 청년층 고용률은 45.3%로 전년 동월 대비 0.9%포인트 감소했다.,2025-05-14,45.3%,고용률,45.3,%,2025년 4월,월,,청년층,"{""age"": ""15~29세""}",DIRECT_VALUE,"{""direction"": ""DECREASE""}",AUTO_OK,KOSIS_PIPELINE_ELIGIBLE,HOLD,NO_EVIDENCE_COORDINATE_CANDIDATE,HARD_GUARD,공식표는 찾았지만 기사 조건에 맞는 항목·지역·기간 좌표를 확정하지 못함,UNDETERMINED,,[],[],,,,,N,,,,,,,D:\projects\services\archived\clafact-auto\.worktrees\three-type-release\artifacts\direct_value_release_20260826\multi_type8_197_live_final\claim_verification_results.jsonl
복수문장직접값자식결과,A01902_19,claim_cdf734b0f70fc46c,복수 수치에서 분리,8번 직접값,8번 직접값 유지,"26일 통계청에 따르면, 청년층인 15~29세 실업률은 7.3%로 코로나 대유행 막바지인 2022년(7.4%) 이후 3년 만에 4월 기준 최고다.",2025-05-27,7.3%,실업률,7.3,%,2025년 4월,월,대한민국,청년층 15~29세,"{""age"": ""15~29세""}",DIRECT_VALUE,"{""direction"": ""INCREASE""}",AUTO_OK,KOSIS_PIPELINE_ELIGIBLE,HOLD,NO_EVIDENCE_COORDINATE_CANDIDATE,HARD_GUARD,공식표는 찾았지만 기사 조건에 맞는 항목·지역·기간 좌표를 확정하지 못함,UNDETERMINED,,[],[],,,,,N,,,,,,,D:\projects\services\archived\clafact-auto\.worktrees\three-type-release\artifacts\direct_value_release_20260826\multi_type8_197_live_final\claim_verification_results.jsonl
복수문장직접값자식결과,A01953_7,claim_b0c618819d2bd081,복수 수치에서 분리,8번 직접값,8번 직접값 유지,키움증권은 올해 5월 19일 기준 국내 제약 바이오 기술 수출액이 62억달러(약 8조5500억원)에 달했다고 최근 밝혔다.,2025-05-31,62억달러,기술 수출액,62.0,억달러,올해 5월 19일,누계,국내,,"{""산업"": ""제약 바이오""}",DIRECT_VALUE,,AUTO_OK,KOSIS_PIPELINE_ELIGIBLE,HOLD,NO_HARD_GUARD_CANDIDATE,HARD_GUARD,기간·단위·지역 등 필수 조건을 모두 만족하는 공식표 후보가 없음,UNDETERMINED,,[],[],,,,,N,,,,,,,D:\projects\services\archived\clafact-auto\.worktrees\three-type-release\artifacts\direct_value_release_20260826\multi_type8_197_live_final\claim_verification_results.jsonl
복수문장직접값자식결과,A01989_15,claim_7ad81eaa7dd92bd5,복수 수치에서 분리,8번 직접값,8번 직접값 유지,작년 대미 철강 수출액은 35억5000만달러(약 4조9000억원)였다.,2025-06-02,3.55e+09미국 달러,수출액,3550000000.0,미국 달러,2024년,년,미국,,"{""무역 상대국"": ""미국"", ""품목"": ""철강""}",DIRECT_VALUE,,HOLD,CONTEXT_REQUIRED,HUMAN_REVIEW,TARGET_VALUE_NOT_IN_SOURCE_SENTENCE,CLAIM_PARSE,TARGET_VALUE_NOT_IN_SOURCE_SENTENCE,,,[],[],,,,,N,,,,,,,D:\projects\services\archived\clafact-auto\.worktrees\three-type-release\artifacts\direct_value_release_20260826\multi_type8_197_live_final\claim_verification_results.jsonl
복수문장직접값자식결과,A02022_18,claim_cc17969f6e1ae43c,복수 수치에서 분리,8번 직접값,8번 직접값 유지,"우리나라 역시 GDP 대비 정부 부채 비율이 2000년부터 2023년까지 34.6%포인트 늘었는데, 고령화와 관련이 높은 사회수혜금(44.5%포인트), 사회보장현물(49.8%) 지출이 큰 영향을 끼쳤다.",2025-06-05,44.5%포인트,사회수혜금 지출,44.5,%포인트,2000년부터 2023년까지,,우리나라,,"{""항목"": ""사회수혜금""}",DIRECT_VALUE,,AUTO_OK,KOSIS_PIPELINE_ELIGIBLE,HOLD,NO_HARD_GUARD_CANDIDATE,HARD_GUARD,기간·단위·지역 등 필수 조건을 모두 만족하는 공식표 후보가 없음,UNDETERMINED,,[],[],,,,,N,,,,,,,D:\projects\services\archived\clafact-auto\.worktrees\three-type-release\artifacts\direct_value_release_20260826\multi_type8_197_live_final\claim_verification_results.jsonl
복수문장직접값자식결과,A02022_18,claim_eb64c1ce7e5abde3,복수 수치에서 분리,8번 직접값,8번 직접값 유지,"우리나라 역시 GDP 대비 정부 부채 비율이 2000년부터 2023년까지 34.6%포인트 늘었는데, 고령화와 관련이 높은 사회수혜금(44.5%포인트), 사회보장현물(49.8%) 지출이 큰 영향을 끼쳤다.",2025-06-05,49.8%,사회보장현물 지출,49.8,%,2023,ANNUAL,대한민국,,"{""기준"": ""GDP 대비""}",DIRECT_VALUE,,AUTO_OK,KOSIS_PIPELINE_ELIGIBLE,HOLD,NO_HARD_GUARD_CANDIDATE,HARD_GUARD,기간·단위·지역 등 필수 조건을 모두 만족하는 공식표 후보가 없음,UNDETERMINED,,[],[],,,,,N,,,,,,,D:\projects\services\archived\clafact-auto\.worktrees\three-type-release\artifacts\direct_value_release_20260826\multi_type8_197_live_final\claim_verification_results.jsonl
복수문장직접값자식결과,A02096_15,claim_ff5fabf31d5ab7af,복수 수치에서 분리,8번 직접값,8번 직접값 유지,하지만 사회 초년생인 청년층 고용률은 46.2%로 전년 동월 대비 0.7%포인트 감소했다.,2025-06-11,46.2%,고용률,46.2,%,2025년 6월,월,,사회 초년생인 청년층,,DIRECT_VALUE,"{""direction"": ""DECREASE""}",AUTO_OK,KOSIS_PIPELINE_ELIGIBLE,HOLD,AMBIGUOUS_MARGIN,EVIDENCE_CELL,AMBIGUOUS_MARGIN,UNDETERMINED,,"[{""canonical_key"": ""ORG=101|TBL=DT_1DA7001S|ITM=T90|OBJ=B|MEMBER=계|PRD_SE=월|PRD_DE=2025-06"", ""dimension_codes"": {""B"": ""0""}, ""dimension_members"": {""B"": ""계""}, ""itm_id"": ""T90"", ""member_code"": ""계"", ""obj_id"": ""B"", ""org_id"": ""101"", ""prd_de"": ""2025-06"", ""prd_se"": ""월"", ""status"": ""CONFIRMED"", ""tbl_id"": ""DT_1DA7001S"", ""unit"": ""%""}]",[],,,,,N,,,,,,,D:\projects\services\archived\clafact-auto\.worktrees\three-type-release\artifacts\direct_value_release_20260826\multi_type8_197_live_final\claim_verification_results.jsonl
복수문장직접값자식결과,A02258_26,claim_33a229c35a60058a,복수 수치에서 분리,8번 직접값,8번 직접값 유지,"올해 1분기 우리나라 성장률은 -0.2%로 역성장했는데, 설비 투자 성장률은 이보다 낮은 -0.4%였다.",2025-06-23,-0.2%,우리나라 성장률,-0.2,%,2025년 1분기,분기,대한민국,,"{""항목"": ""전체 경제""}",DIRECT_VALUE,"{""direction"": ""DECREASE""}",AUTO_OK,KOSIS_PIPELINE_ELIGIBLE,HOLD,NO_HARD_GUARD_CANDIDATE,HARD_GUARD,기간·단위·지역 등 필수 조건을 모두 만족하는 공식표 후보가 없음,UNDETERMINED,,[],[],,,,,N,,,,,,,D:\projects\services\archived\clafact-auto\.worktrees\three-type-release\artifacts\direct_value_release_20260826\multi_type8_197_live_final\claim_verification_results.jsonl
복수문장직접값자식결과,A02558_11,claim_3375a461ad29e545,복수 수치에서 분리,8번 직접값,8번 직접값 유지,반면 국내 산업 중 가장 많은 인력을 고용하는 제조업은 지난달 취업자 수가 441만4000명으로 전년 동월 대비 8만3000명 줄었다.,2025-07-16,4.414e+06명,취업자 수,4414000.0,명,2025년 6월,월,국내,취업자,"{""industry"": ""제조업""}",DIRECT_VALUE,,AUTO_OK,KOSIS_PIPELINE_ELIGIBLE,HOLD,NO_HARD_GUARD_CANDIDATE,HARD_GUARD,기간·단위·지역 등 필수 조건을 모두 만족하는 공식표 후보가 없음,UNDETERMINED,,[],[],,,,,N,,,,,,,D:\projects\services\archived\clafact-auto\.worktrees\three-type-release\artifacts\direct_value_release_20260826\multi_type8_197_live_final\claim_verification_results.jsonl
복수문장직접값자식결과,A02558_17,claim_1c76179ada4cb22c,복수 수치에서 분리,8번 직접값,8번 직접값 유지,지난달 15~29세 고용률은 45.6%로 전년 동월 대비 1%포인트 하락했다.,2025-07-16,45.6%,고용률,45.6,%,2025년 6월,월,,,"{""age"": ""15~29세""}",DIRECT_VALUE,"{""direction"": ""DECREASE""}",AUTO_OK,KOSIS_PIPELINE_ELIGIBLE,AUTO,WITHIN_TOLERANCE,VERDICT,기사값과 공식값이 허용오차 안에서 일치,MATCH,45.6,"[{""canonical_key"": ""ORG=101|TBL=DT_1DA7002S|ITM=T90|OBJ=G|MEMBER=15 - 29세|PRD_SE=월|PRD_DE=2025-06"", ""dimension_codes"": {""G"": ""75""}, ""dimension_members"": {""G"": ""15 - 29세""}, ""itm_id"": ""T90"", ""member_code"": ""15 - 29세"", ""obj_id"": ""G"", ""org_id"": ""101"", ""prd_de"": ""2025-06"", ""prd_se"": ""월"", ""status"": ""CONFIRMED"", ""tbl_id"": ""DT_1DA7002S"", ""unit"": ""%""}]","[{""content_hash"": ""df4593dd2840ba712cd7da3ba0bf89ab016b9f11d8a20e953378b868f528e725"", ""evidence_key"": ""ORG=101|TBL=DT_1DA7002S|ITM=T90|OBJ=G|MEMBER=15 - 29세|PRD_SE=월|PRD_DE=2025-06"", ""publication"": {""content_hash"": ""cacd4d9e7889bcc9c7c876af6ec59a1efe5ee666fecf20dfbcbaa7fb8c45612f"", ""coverage_end_period"": null, ""coverage_start_period"": null, ""evidence_scope"": ""PERIOD"", ""pub_date_text"": ""조사기준 월 익월"", ""pub_period"": ""월"", ""publication_method_url"": ""https://www.kostat.go.kr/board.es?act=list&mid=a10301010000&keyField=T&bid=210&keyWord=2025%EB%85%84+6%EC%9B%94+%EA%B3%A0%EC%9A%A9%EB%8F%99%ED%96%A5"", ""published_at"": ""2025-07-16"", ""reference_period"": ""2025-06"", ""retrieved_at"": ""2026-08-26T09:23:37.418006Z"", ""source_url"": ""https://www.kostat.go.kr/board.es?mid=a10301010000&bid=210&act=view&list_no=437607&tag=&nPage=1&ref_bid="", ""status"": ""VERIFIED""}, ""retrieved_at"": ""2026-08-26T09:23:43.998807Z"", ""source"": ""API"", ""source_url"": ""https://kosis.kr/openapi/Param/statisticsParameterData.do?method=getList&orgId=101&tblId=DT_1DA7002S&itmId=T90&prdSe=M&startPrdDe=202506&endPrdDe=202506&objL1=75"", ""value_last_changed_at"": ""2025-07-03""}]",https://kosis.kr/openapi/Param/statisticsParameterData.do?method=getList&orgId=101&tblId=DT_1DA7002S&itmId=T90&prdSe=M&startPrdDe=202506&endPrdDe=202506&objL1=75,df4593dd2840ba712cd7da3ba0bf89ab016b9f11d8a20e953378b868f528e725,VERIFIED,KOSIS_API,Y,,,,,,,D:\projects\services\archived\clafact-auto\.worktrees\three-type-release\artifacts\direct_value_release_20260826\multi_type8_197_live_final\claim_verification_results.jsonl
복수문장직접값자식결과,A02558_9,claim_a39c95dc02922b4e,복수 수치에서 분리,8번 직접값,8번 직접값 유지,고령 돌봄 수요 확대 등에 따라 지난달 보건·사회복지서비스업 취업자 수는 323만4000명으로 전년 동월 대비 21만6000명 증가했다.,2025-07-16,3.234e+06명,취업자 수,3234000.0,명,2025년 6월,월,대한민국,취업자,"{""산업"": ""보건·사회복지서비스업""}",DIRECT_VALUE,"{""direction"": ""INCREASE""}",AUTO_OK,KOSIS_PIPELINE_ELIGIBLE,HOLD,NO_HARD_GUARD_CANDIDATE,HARD_GUARD,기간·단위·지역 등 필수 조건을 모두 만족하는 공식표 후보가 없음,UNDETERMINED,,[],[],,,,,N,,,,,,,D:\projects\services\archived\clafact-auto\.worktrees\three-type-release\artifacts\direct_value_release_20260826\multi_type8_197_live_final\claim_verification_results.jsonl
복수문장직접값자식결과,A02617_13,claim_f9783093e8adb96f,복수 수치에서 분리,8번 직접값 제외,다른 유형으로 이동: 6번 증감량,"예컨대, 지난해 우리나라 인구 10만명당 정신과 의사는 8.3명인데, 인구 감소 지역은 이에 못 미친다.",2025-10-09,8.3명/인구 10만명,정신과 의사 수,8.3,명/인구 10만명,2024년,년,우리나라,전체 인구,"{""직종"": ""정신과 의사""}",DIRECT_VALUE,"{""direction"": ""DECREASE""}",HUMAN_REVIEW,CONTEXT_REQUIRED,HUMAN_REVIEW,RECLASSIFY_TO_DIFFERENCE,CLAIM_PARSE,직접값이 아니라 두 기간 공식값의 차이를 계산해야 하는 증감량 주장,,,[],[],,,,,N,,,,,,,D:\projects\services\archived\clafact-auto\.worktrees\three-type-release\artifacts\direct_value_release_20260826\multi_type8_197_live_final\claim_verification_results.jsonl
복수문장직접값자식결과,A02617_2,claim_9560077fad71b3bd,복수 수치에서 분리,8번 직접값,8번 직접값 유지,9일 국회 보건복지위원회 소속 김선민(조국혁신당) 의원이 국가데이터처 자료를 분석한 결과 인구 감소 지역으로 지정된 전국 89개 시군구의 지난해 자살률은 인구 10만명당 36.3명이었다.,2025-10-09,36.3명/인구 10만명,자살률,36.3,명/인구 10만명,2024년,년,전국 89개 시군구,인구 감소 지역으로 지정된 지역의 인구,,DIRECT_VALUE,,HOLD,CONTEXT_REQUIRED,HUMAN_REVIEW,TARGET_VALUE_NOT_IN_SOURCE_SENTENCE,CLAIM_PARSE,TARGET_VALUE_NOT_IN_SOURCE_SENTENCE,,,[],[],,,,,N,,,,,,,D:\projects\services\archived\clafact-auto\.worktrees\three-type-release\artifacts\direct_value_release_20260826\multi_type8_197_live_final\claim_verification_results.jsonl
복수문장직접값자식결과,A02639_9,claim_286523591d1812ba,복수 수치에서 분리,8번 직접값 제외,다른 유형으로 이동: 6번 증감량,지난달에는 민생회복 소비쿠폰 효과로 취업자 수가 30만명 넘게 늘었지만 주로 단기직에 집중되면서 청년층은 오히려 14만6000명 감소했다.,2025-10-19,300000명,취업자 수 증가,300000.0,명,지난달,월간,,취업자,"{""고용형태"": ""단기직 중심""}",THRESHOLD,"{""operator"": ""GT"", ""threshold_unit"": ""명"", ""threshold_value"": ""300000""}",HUMAN_REVIEW,CONTEXT_REQUIRED,HUMAN_REVIEW,RECLASSIFY_TO_DIFFERENCE,CLAIM_PARSE,직접값이 아니라 두 기간 공식값의 차이를 계산해야 하는 증감량 주장,,,[],[],,,,,N,,,,,,,D:\projects\services\archived\clafact-auto\.worktrees\three-type-release\artifacts\direct_value_release_20260826\multi_type8_197_live_final\claim_verification_results.jsonl
복수문장직접값자식결과,A02639_9,claim_87a0a69c11d078df,복수 수치에서 분리,8번 직접값 제외,다른 유형으로 이동: 6번 증감량,지난달에는 민생회복 소비쿠폰 효과로 취업자 수가 30만명 넘게 늘었지만 주로 단기직에 집중되면서 청년층은 오히려 14만6000명 감소했다.,2025-10-19,146000명,취업자 수,146000.0,명,2025년 9월,월,,청년층,"{""고용형태"": ""단기직 중심""}",DIRECT_VALUE,"{""direction"": ""DECREASE""}",HUMAN_REVIEW,CONTEXT_REQUIRED,HUMAN_REVIEW,RECLASSIFY_TO_DIFFERENCE,CLAIM_PARSE,직접값이 아니라 두 기간 공식값의 차이를 계산해야 하는 증감량 주장,,,[],[],,,,,N,,,,,,,D:\projects\services\archived\clafact-auto\.worktrees\three-type-release\artifacts\direct_value_release_20260826\multi_type8_197_live_final\claim_verification_results.jsonl
복수문장직접값자식결과,A02647_16,claim_cce2f043f3f0e786,복수 수치에서 분리,8번 직접값,8번 직접값 유지,"전년 동월 대비 비정규직이 늘어난 산업은 보건사회복지업(21만명), 운수창고업(3만9000명)이었고, 숙박음식업(-5만8000명), 건설업(-5만1000명), 도소매업(-4만1000명), 제조업(-3만2000명)은 감소했다.",2025-10-22,210000명,비정규직 수 증감,210000.0,명,전년 동월,월,,비정규직,"{""산업"": ""보건사회복지업""}",DIRECT_VALUE,"{""direction"": ""INCREASE""}",HOLD,STRUCTURAL_HOLD,HUMAN_REVIEW,CLAIM_PARSE_UNCERTAIN,CLAIM_PARSE,문장에 산업별로 서로 독립적으로 검증 가능한 증감 수치가 여러 개 포함되어 있어 단일 Claim으로 확정하지 않음,,,[],[],,,,,N,,문장에 산업별로 서로 독립적으로 검증 가능한 증감 수치가 여러 개 포함되어 있어 단일 Claim으로 확정하지 않음,,,,,D:\projects\services\archived\clafact-auto\.worktrees\three-type-release\artifacts\direct_value_release_20260826\multi_type8_197_live_final\claim_verification_results.jsonl
복수문장직접값자식결과,A02647_16,claim_1e5abe391f401136,복수 수치에서 분리,8번 직접값,8번 직접값 유지,"전년 동월 대비 비정규직이 늘어난 산업은 보건사회복지업(21만명), 운수창고업(3만9000명)이었고, 숙박음식업(-5만8000명), 건설업(-5만1000명), 도소매업(-4만1000명), 제조업(-3만2000명)은 감소했다.",2025-10-22,39000명,비정규직 증감,39000.0,명,,월,,비정규직,"{""산업"": ""운수창고업""}",DIRECT_VALUE,"{""direction"": ""INCREASE""}",HOLD,STRUCTURAL_HOLD,HUMAN_REVIEW,CLAIM_PARSE_UNCERTAIN,CLAIM_PARSE,"운수창고업의 전년 동월 대비 증가 폭은 명확하지만, 기사에 현재 대상 월이 명시되지 않아 claim target time을 특정할 수 없음",,,[],[],,,,,N,,"운수창고업의 전년 동월 대비 증가 폭은 명확하지만, 기사에 현재 대상 월이 명시되지 않아 claim target time을 특정할 수 없음",,,,,D:\projects\services\archived\clafact-auto\.worktrees\three-type-release\artifacts\direct_value_release_20260826\multi_type8_197_live_final\claim_verification_results.jsonl
복수문장직접값자식결과,A02656_11,claim_77d082f066b6baca,복수 수치에서 분리,8번 직접값 제외,다른 유형으로 이동: 6번 증감량,취업자 수가 31만2000명 증가한 지난 9월 보건업 및 사회복지 서비스업에서는 30만4000명이 늘었다.,2025-10-27,312000명,취업자 수,312000.0,명,지난 9월,월간,대한민국,,"{""보건업 및 사회복지 서비스업 증가량"": ""304000명"", ""증감 대상"": ""전체 취업자 수""}",DIRECT_VALUE,"{""direction"": ""INCREASE""}",HUMAN_REVIEW,CONTEXT_REQUIRED,HUMAN_REVIEW,RECLASSIFY_TO_DIFFERENCE,CLAIM_PARSE,직접값이 아니라 두 기간 공식값의 차이를 계산해야 하는 증감량 주장,,,[],[],,,,,N,,,,,,,D:\projects\services\archived\clafact-auto\.worktrees\three-type-release\artifacts\direct_value_release_20260826\multi_type8_197_live_final\claim_verification_results.jsonl
복수문장직접값자식결과,A02656_11,claim_0598cfbf089129e4,복수 수치에서 분리,8번 직접값 제외,다른 유형으로 이동: 6번 증감량,취업자 수가 31만2000명 증가한 지난 9월 보건업 및 사회복지 서비스업에서는 30만4000명이 늘었다.,2025-10-27,304000명,취업자 수 증가,304000.0,명,2025년 9월,월,,취업자,"{""산업"": ""보건업 및 사회복지 서비스업""}",DIRECT_VALUE,,HUMAN_REVIEW,CONTEXT_REQUIRED,HUMAN_REVIEW,RECLASSIFY_TO_DIFFERENCE,CLAIM_PARSE,직접값이 아니라 두 기간 공식값의 차이를 계산해야 하는 증감량 주장,,,[],[],,,,,N,,,,,,,D:\projects\services\archived\clafact-auto\.worktrees\three-type-release\artifacts\direct_value_release_20260826\multi_type8_197_live_final\claim_verification_results.jsonl
복수문장직접값자식결과,A02680_2,claim_ce14765a78a0675e,복수 수치에서 분리,8번 직접값,8번 직접값 유지,"3일 국가데이터처의 경제활동인구조사 마이크로데이터를 분석한 결과에 따르면, 지난 9월 기준 국내 부업자 수는 67만9367명으로 지난해 9월(65만5475명)보다 2만4000명가량 늘었다.",2025-11-04,679367명,부업자 수,679367.0,명,2025년 9월,월,국내,,,DIRECT_VALUE,"{""direction"": ""INCREASE""}",AUTO_OK,KOSIS_PIPELINE_ELIGIBLE,HOLD,NO_HARD_GUARD_CANDIDATE,HARD_GUARD,기간·단위·지역 등 필수 조건을 모두 만족하는 공식표 후보가 없음,UNDETERMINED,,[],[],,,,,N,,,,,,,D:\projects\services\archived\clafact-auto\.worktrees\three-type-release\artifacts\direct_value_release_20260826\multi_type8_197_live_final\claim_verification_results.jsonl
복수문장직접값자식결과,A00006_11,claim_0236b22fed29bb35,복수 수치에서 분리,8번 직접값,8번 직접값 유지,"자동차 수출은 하반기 주요 완성차·부품업계 파업 등에 따른 일부 생산 차질 영향으로 전년도와 보합세인 708억 달러(-0.1%)를 기록하였으며, 2년 연속 700억 달러 이상의 호실적을 이어갔다.",2025-01-01,708억 달러,수출액,708.0,억 달러,2024년,연간,,자동차 수출,"{""item"": ""자동차""}",DIRECT_VALUE,"{""direction"": ""DECREASE""}",HUMAN_REVIEW,CONTEXT_REQUIRED,HUMAN_REVIEW,TARGET_NOT_FOUND_IN_SOURCE,CLAIM_PARSE,구조화된 대상 수치가 뉴스 원문에서 확인되지 않음,,,[],[],,,,,N,,,,,,,D:\projects\services\archived\clafact-auto\.worktrees\three-type-release\artifacts\direct_value_release_20260826\multi_type8_197_live_final\claim_verification_results.jsonl
복수문장직접값자식결과,A00006_9,claim_d4c994a8c934e1ea,복수 수치에서 분리,8번 직접값,8번 직접값 유지,"◇반도체, 자동차가 이끌고 바이오, 농수산, 화장품 등도 고르게 증가 품목별로는 최대 수출품목인 반도체가 43.9% 증가한 1419억 달러를 기록, 2023년 11월 이후 14개월 연속 증가 흐름을 이어가면서 기존 최대 실적인 2022년 1292억 달러를 2년 만에 경신했다.",2025-01-01,141.9billion USD,반도체 수출액,141.9,billion USD,2024,ANNUAL,,수출,"{""item"": ""반도체""}",DIRECT_VALUE,,HUMAN_REVIEW,CONTEXT_REQUIRED,HUMAN_REVIEW,TARGET_NOT_FOUND_IN_SOURCE,CLAIM_PARSE,구조화된 대상 수치가 뉴스 원문에서 확인되지 않음,,,[],[],,,,,N,,,,,,,D:\projects\services\archived\clafact-auto\.worktrees\three-type-release\artifacts\direct_value_release_20260826\multi_type8_197_live_final\claim_verification_results.jsonl
복수문장직접값자식결과,A00760_3,claim_31c94718f1438b78,복수 수치에서 분리,8번 직접값,8번 직접값 유지,"공정위는 자산총액이 전년도 명목 국내총생산(GDP)의 0.5% 이상(지난해는 10조4000억원)인 기업집단을 ‘상호출자제한 기업집단’으로, 자산 5조원 이상인 경우 ‘공시대상 기업집단’으로 지정한다.",2025-02-28,0.5%,상호출자제한 기업집단 지정 기준 자산총액,0.5,%,,,대한민국,기업집단,"{""기준"": ""전년도 명목 국내총생산(GDP) 대비""}",THRESHOLD,"{""operator"": ""GTE"", ""threshold_unit"": ""%"", ""threshold_value"": ""0.5""}",HOLD,STRUCTURAL_HOLD,HUMAN_REVIEW,CLAIM_PARSE_UNCERTAIN,CLAIM_PARSE,MISSING_REQUIRED_SLOTS:time,,,[],[],,,,,N,,MISSING_REQUIRED_SLOTS:time,,,,,D:\projects\services\archived\clafact-auto\.worktrees\three-type-release\artifacts\direct_value_release_20260826\multi_type8_197_live_final\claim_verification_results.jsonl
복수문장직접값자식결과,A00760_3,claim_ee0939117abd240b,복수 수치에서 분리,8번 직접값,8번 직접값 유지,"공정위는 자산총액이 전년도 명목 국내총생산(GDP)의 0.5% 이상(지난해는 10조4000억원)인 기업집단을 ‘상호출자제한 기업집단’으로, 자산 5조원 이상인 경우 ‘공시대상 기업집단’으로 지정한다.",2025-02-28,5조원,기업집단 자산총액,5.0,조원,,,,기업집단,"{""designation"": ""공시대상 기업집단""}",THRESHOLD,"{""operator"": ""GTE"", ""threshold_unit"": ""조원"", ""threshold_value"": ""5.0""}",HOLD,STRUCTURAL_HOLD,HUMAN_REVIEW,CLAIM_PARSE_UNCERTAIN,CLAIM_PARSE,MISSING_REQUIRED_SLOTS:time,,,[],[],,,,,N,,MISSING_REQUIRED_SLOTS:time,,,,,D:\projects\services\archived\clafact-auto\.worktrees\three-type-release\artifacts\direct_value_release_20260826\multi_type8_197_live_final\claim_verification_results.jsonl
복수문장직접값자식결과,A00838_16,claim_9920c7655d0c47ba,복수 수치에서 분리,8번 직접값 제외,다른 유형으로 이동: 6번 증감량,실제 우리나라 인구는 지난해 12만명 줄어드는 등 5년간 45만명 이상 감소했다.,2025-03-06,120000명,인구,120000.0,명,2024년,년,대한민국,실제 인구,,DIRECT_VALUE,"{""direction"": ""DECREASE""}",HUMAN_REVIEW,CONTEXT_REQUIRED,HUMAN_REVIEW,RECLASSIFY_TO_DIFFERENCE,CLAIM_PARSE,직접값이 아니라 두 기간 공식값의 차이를 계산해야 하는 증감량 주장,,,[],[],,,,,N,,,,,,,D:\projects\services\archived\clafact-auto\.worktrees\three-type-release\artifacts\direct_value_release_20260826\multi_type8_197_live_final\claim_verification_results.jsonl
복수문장직접값자식결과,A00838_16,claim_03c2ca34c7640b9a,복수 수치에서 분리,8번 직접값 제외,다른 유형으로 이동: 6번 증감량,실제 우리나라 인구는 지난해 12만명 줄어드는 등 5년간 45만명 이상 감소했다.,2025-03-06,450000명,우리나라 실제 인구 감소,450000.0,명,지난 5년,,대한민국,실제 인구,,THRESHOLD,"{""direction"": ""DECREASE"", ""operator"": ""GTE"", ""threshold_unit"": ""명"", ""threshold_value"": ""450000""}",HUMAN_REVIEW,CONTEXT_REQUIRED,HUMAN_REVIEW,RECLASSIFY_TO_DIFFERENCE,CLAIM_PARSE,직접값이 아니라 두 기간 공식값의 차이를 계산해야 하는 증감량 주장,,,[],[],,,,,N,,,,,,,D:\projects\services\archived\clafact-auto\.worktrees\three-type-release\artifacts\direct_value_release_20260826\multi_type8_197_live_final\claim_verification_results.jsonl
복수문장직접값자식결과,A00922_4,claim_d1831985171d074b,복수 수치에서 분리,8번 직접값,8번 직접값 유지,◇‘쉬었음’ 청년 50만명 넘어 12일 통계청은 ‘2월 고용 동향’에서 지난달 15~29세 청년층의 ‘쉬었음’ 인구가 50만4000명으로 전년 같은 달 대비 6만1000명 늘었다고 밝혔다.,2025-03-12,504000명,쉬었음 인구,504000.0,명,2025년 2월,월,,15~29세 청년층,"{""age"": ""15~29세"", ""상태"": ""쉬었음""}",DIRECT_VALUE,"{""direction"": ""INCREASE""}",AUTO_OK,KOSIS_PIPELINE_ELIGIBLE,HOLD,NO_EVIDENCE_COORDINATE_CANDIDATE,HARD_GUARD,공식표는 찾았지만 기사 조건에 맞는 항목·지역·기간 좌표를 확정하지 못함,UNDETERMINED,,[],[],,,,,N,,,,,,,D:\projects\services\archived\clafact-auto\.worktrees\three-type-release\artifacts\direct_value_release_20260826\multi_type8_197_live_final\claim_verification_results.jsonl
복수문장직접값자식결과,A01120_8,claim_41e97b8114d45aa9,복수 수치에서 분리,8번 직접값,8번 직접값 유지,지난해 우리나라 자동차 수출액(708억달러) 중에서 대미 수출액은 49%를 웃돌았다.,2025-03-28,,자동차 수출액 중 대미 수출액 비중,,%,2024년,년,대한민국,,"{""product"": ""자동차"", ""trade_partner"": ""미국""}",DIRECT_VALUE,,AUTO_OK,KOSIS_PIPELINE_ELIGIBLE,HOLD,KOSIS_CATALOG_UNAVAILABLE,,KOSIS 공식표 검색 요청이 일시적으로 실패함,,,[],[],,,,,N,59f90fde9693,,,,,,D:\projects\services\archived\clafact-auto\.worktrees\three-type-release\artifacts\direct_value_release_20260826\multi_type8_197_live_final\claim_verification_results.jsonl
복수문장직접값자식결과,A01254_41,claim_c320d346f775fb73,복수 수치에서 분리,8번 직접값,8번 직접값 유지,작년 남성 일반 혼인율은 9.9건으로 그해 혼인 건수(22만2412건)를 15세 이상 남성 인구(2245만9000명)로 나눈 후 1000을 곱한 값이다.,2025-04-07,"9.9건/1,000명",일반 혼인율,9.9,"건/1,000명",2024년,년,대한민국,"남성, 15세 이상","{""sex"": ""남성"", ""성별"": ""남성"", ""혼인 유형"": ""일반 혼인""}",THRESHOLD,"{""operator"": ""GTE"", ""threshold_unit"": ""건/1,000명"", ""threshold_value"": ""9.9""}",HOLD,CONTEXT_REQUIRED,HUMAN_REVIEW,TARGET_VALUE_NOT_IN_SOURCE_SENTENCE,CLAIM_PARSE,TARGET_VALUE_NOT_IN_SOURCE_SENTENCE,,,[],[],,,,,N,,,,,,,D:\projects\services\archived\clafact-auto\.worktrees\three-type-release\artifacts\direct_value_release_20260826\multi_type8_197_live_final\claim_verification_results.jsonl
복수문장직접값자식결과,A01385_9,claim_b0906dac5f36226d,복수 수치에서 분리,8번 직접값 제외,다른 유형으로 이동: 비중·구성비,농가 인구 가운데 65세 이상 고령 인구가 차지하는 비율은 지난해 55.8%로 2023년 52.6%보다 3.2%포인트 상승했다.,2025-04-17,55.8%,65세 이상 고령 농가 인구 비율,55.8,%,2024년,년,,농가 인구,"{""age"": ""65세 이상""}",DIRECT_VALUE,"{""direction"": ""INCREASE""}",HUMAN_REVIEW,CONTEXT_REQUIRED,HUMAN_REVIEW,RECLASSIFY_TO_SHARE,CLAIM_PARSE,직접값이 아니라 분자와 분모가 필요한 비중 주장,,,[],[],,,,,N,,,,,,,D:\projects\services\archived\clafact-auto\.worktrees\three-type-release\artifacts\direct_value_release_20260826\multi_type8_197_live_final\claim_verification_results.jsonl
복수문장직접값자식결과,A01410_2,claim_e9cc4c0de10264a9,복수 수치에서 분리,8번 직접값,8번 직접값 유지,한국무역협회는 올해 1분기 한국의 대미 무역수지 흑자가 133억8000만달러로 작년 동기(132억2000만달러)보다 소폭 웃돌았다고 19일 밝혔다.,2025-04-19,1.338e+10달러,무역수지 흑자,13380000000.0,달러,2025년 1분기,분기,한국,,"{""trade_partner"": ""미국""}",DIRECT_VALUE,"{""direction"": ""INCREASE""}",AUTO_OK,KOSIS_PIPELINE_ELIGIBLE,HOLD,NO_HARD_GUARD_CANDIDATE,HARD_GUARD,기간·단위·지역 등 필수 조건을 모두 만족하는 공식표 후보가 없음,UNDETERMINED,,[],[],,,,,N,,,,,,,D:\projects\services\archived\clafact-auto\.worktrees\three-type-release\artifacts\direct_value_release_20260826\multi_type8_197_live_final\claim_verification_results.jsonl
복수문장직접값자식결과,A01455_3,claim_4291d1730dda01c1,복수 수치에서 분리,8번 직접값 제외,다른 유형으로 이동: 7번 증감률,4월 대미 수출이 이 같은 추세로 마감된다면 코로나 시기였던 2020년 5월(-29.4%) 이후 월간 기준 10% 이상 처음 줄어들게 된다.,2025-04-22,10%,대미 수출,10.0,%,2025년 4월,월,미국,,,THRESHOLD,"{""direction"": ""DECREASE"", ""operator"": ""GTE"", ""threshold_unit"": ""%"", ""threshold_value"": ""10""}",HUMAN_REVIEW,CONTEXT_REQUIRED,HUMAN_REVIEW,RECLASSIFY_TO_GROWTH_RATE,CLAIM_PARSE,직접값이 아니라 두 기간 공식값으로 비율을 계산해야 하는 증감률 주장,,,[],[],,,,,N,,,,,,,D:\projects\services\archived\clafact-auto\.worktrees\three-type-release\artifacts\direct_value_release_20260826\multi_type8_197_live_final\claim_verification_results.jsonl
복수문장직접값자식결과,A01528_6,claim_70931b90f2bda6d9,복수 수치에서 분리,8번 직접값,8번 직접값 유지,"하지만 지난 1분기까지 4개 분기 연속 성장률이 0.1%를 밑돌자, 경기 부양에 추가 재정을 투입할 수 있다고 공식화한 것이다.",2025-04-28,0.1%,성장률,0.1,%,2025년 1분기,분기,,,"{""연속 기간"": ""4개 분기""}",THRESHOLD,"{""operator"": ""LTE"", ""threshold_unit"": ""%"", ""threshold_value"": ""0.1""}",AUTO_OK,KOSIS_PIPELINE_ELIGIBLE,HOLD,NO_HARD_GUARD_CANDIDATE,HARD_GUARD,기간·단위·지역 등 필수 조건을 모두 만족하는 공식표 후보가 없음,UNDETERMINED,,[],[],,,,,N,,,,,,,D:\projects\services\archived\clafact-auto\.worktrees\three-type-release\artifacts\direct_value_release_20260826\multi_type8_197_live_final\claim_verification_results.jsonl
복수문장직접값자식결과,A01578_9,claim_08456a7c943ec326,복수 수치에서 분리,8번 직접값,8번 직접값 유지,"이는 자산 총액이 최근 명목 GDP 확정치의 0.5%(올해는 11조6000억원) 이상인 경우 지정되는데, 올해 두나무와 한국앤컴퍼니가 새로 들어오면서 46곳이 됐다.",2025-05-02,0.5%,GDP,0.5,%,2025,Y,전국,,,THRESHOLD,"{""operator"": ""GTE""}",HUMAN_REVIEW,CONTEXT_REQUIRED,HUMAN_REVIEW,TARGET_NOT_FOUND_IN_SOURCE,CLAIM_PARSE,구조화된 대상 수치가 뉴스 원문에서 확인되지 않음,,,[],[],,,,,N,,,,,,,D:\projects\services\archived\clafact-auto\.worktrees\three-type-release\artifacts\direct_value_release_20260826\multi_type8_197_live_final\claim_verification_results.jsonl
복수문장직접값자식결과,A01737_8,claim_00c144bd33e7cd64,복수 수치에서 분리,8번 직접값,8번 직접값 유지,지난달 65세 이상 고용률은 40.4%로 전년 동월 대비 1.2%포인트 올랐다.,2025-05-14,40.4%,고용률,40.4,%,2025년 4월,월,,,"{""age"": ""65세 이상""}",DIRECT_VALUE,"{""direction"": ""INCREASE""}",AUTO_OK,KOSIS_PIPELINE_ELIGIBLE,AUTO,WITHIN_TOLERANCE,VERDICT,기사값과 공식값이 허용오차 안에서 일치,MATCH,40.4,"[{""canonical_key"": ""ORG=101|TBL=DT_1DA7002S|ITM=T90|OBJ=G|MEMBER=65세 이상|PRD_SE=월|PRD_DE=2025-04"", ""dimension_codes"": {""G"": ""602""}, ""dimension_members"": {""G"": ""65세 이상""}, ""itm_id"": ""T90"", ""member_code"": ""65세 이상"", ""obj_id"": ""G"", ""org_id"": ""101"", ""prd_de"": ""2025-04"", ""prd_se"": ""월"", ""status"": ""CONFIRMED"", ""tbl_id"": ""DT_1DA7002S"", ""unit"": ""%""}]","[{""content_hash"": ""7674a08e668520766eeccb06be945f828a49fd6f69780b21b7c14f6d1650dca2"", ""evidence_key"": ""ORG=101|TBL=DT_1DA7002S|ITM=T90|OBJ=G|MEMBER=65세 이상|PRD_SE=월|PRD_DE=2025-04"", ""publication"": {""content_hash"": ""7a620dc9df578e17c8222b364321224472a35731f9a4e66bec6bfee0296c3f72"", ""coverage_end_period"": null, ""coverage_start_period"": null, ""evidence_scope"": ""PERIOD"", ""pub_date_text"": ""조사기준 월 익월"", ""pub_period"": ""월"", ""publication_method_url"": ""https://www.kostat.go.kr/board.es?act=list&mid=a10301010000&keyField=T&bid=210&keyWord=2025%EB%85%84+4%EC%9B%94+%EA%B3%A0%EC%9A%A9%EB%8F%99%ED%96%A5"", ""published_at"": ""2025-05-14"", ""reference_period"": ""2025-04"", ""retrieved_at"": ""2026-08-26T09:24:48.910506Z"", ""source_url"": ""https://www.kostat.go.kr/board.es?mid=a10301010000&bid=210&act=view&list_no=436594&tag=&nPage=1&ref_bid="", ""status"": ""VERIFIED""}, ""retrieved_at"": ""2026-08-26T09:24:55.104337Z"", ""source"": ""API"", ""source_url"": ""https://kosis.kr/openapi/Param/statisticsParameterData.do?method=getList&orgId=101&tblId=DT_1DA7002S&itmId=T90&prdSe=M&startPrdDe=202504&endPrdDe=202504&objL1=602"", ""value_last_changed_at"": ""2025-04-30""}]",https://kosis.kr/openapi/Param/statisticsParameterData.do?method=getList&orgId=101&tblId=DT_1DA7002S&itmId=T90&prdSe=M&startPrdDe=202504&endPrdDe=202504&objL1=602,7674a08e668520766eeccb06be945f828a49fd6f69780b21b7c14f6d1650dca2,VERIFIED,KOSIS_API,Y,,,,,,,D:\projects\services\archived\clafact-auto\.worktrees\three-type-release\artifacts\direct_value_release_20260826\multi_type8_197_live_final\claim_verification_results.jsonl
복수문장직접값자식결과,A01903_6,claim_98c3281f01004e9b,복수 수치에서 분리,8번 직접값,8번 직접값 유지,"지난해 기준 65세 이상 연금 소득자의 월평균 연금 소득은 70~80만원 수준으로, 같은 해 1인 가구 월 최저 생계비(134만원)에 못 미친다는 설명이다.",2025-05-27,80만원,월평균 연금 소득,80.0,만원,지난해,월,,65세 이상 연금 소득자,,DIRECT_VALUE,,HOLD,STRUCTURAL_HOLD,HUMAN_REVIEW,CLAIM_PARSE_UNCERTAIN,CLAIM_PARSE,중심 수치가 70~80만원의 범위로 제시되어 단일 value 슬롯으로 정확히 표현할 수 없음,,,[],[],,,,,N,,중심 수치가 70~80만원의 범위로 제시되어 단일 value 슬롯으로 정확히 표현할 수 없음,,,,,D:\projects\services\archived\clafact-auto\.worktrees\three-type-release\artifacts\direct_value_release_20260826\multi_type8_197_live_final\claim_verification_results.jsonl
복수문장직접값자식결과,A01903_6,claim_b6c72f6e012abc65,복수 수치에서 분리,8번 직접값 제외,다른 유형으로 이동: 최고·최저 기록,"지난해 기준 65세 이상 연금 소득자의 월평균 연금 소득은 70~80만원 수준으로, 같은 해 1인 가구 월 최저 생계비(134만원)에 못 미친다는 설명이다.",2025-05-27,134만원/월,월 최저 생계비,134.0,만원/월,2024년,년,,1인 가구,"{""연령"": ""65세 이상"", ""항목"": ""연금 소득""}",DIRECT_VALUE,,HUMAN_REVIEW,CONTEXT_REQUIRED,HUMAN_REVIEW,RECLASSIFY_TO_RECORD,CLAIM_PARSE,직접값이 아니라 과거 전체 기간과 비교해야 하는 기록 주장,,,[],[],,,,,N,,,,,,,D:\projects\services\archived\clafact-auto\.worktrees\three-type-release\artifacts\direct_value_release_20260826\multi_type8_197_live_final\claim_verification_results.jsonl
복수문장직접값자식결과,A02096_4,claim_fa19ceab8ee55f8f,복수 수치에서 분리,8번 직접값 제외,다른 유형으로 이동: 6번 증감량,"보건업·사회복지서비스업(+23만3000명), 금융·보험업(+7만2000명) 등에서 취업자가 큰 폭으로 늘어나면서 취업자가 26만명 넘게 늘어난 작년 4월 이후 처음으로 취업자가 20만명 이상 불었다.",2025-06-11,7.2만명,취업자,7.2,만명,,,,,"{""산업"": ""금융·보험업""}",DIRECT_VALUE,,HUMAN_REVIEW,CONTEXT_REQUIRED,HUMAN_REVIEW,RECLASSIFY_TO_DIFFERENCE,CLAIM_PARSE,직접값이 아니라 두 기간 공식값의 차이를 계산해야 하는 증감량 주장,,,[],[],,,,,N,,,,,,,D:\projects\services\archived\clafact-auto\.worktrees\three-type-release\artifacts\direct_value_release_20260826\multi_type8_197_live_final\claim_verification_results.jsonl
복수문장직접값자식결과,A02096_4,claim_f0965ec621cb18bf,복수 수치에서 분리,8번 직접값,8번 직접값 유지,"보건업·사회복지서비스업(+23만3000명), 금융·보험업(+7만2000명) 등에서 취업자가 큰 폭으로 늘어나면서 취업자가 26만명 넘게 늘어난 작년 4월 이후 처음으로 취업자가 20만명 이상 불었다.",2025-06-11,20만명,취업자,20.0,만명,2025년 4월,월,대한민국,,,THRESHOLD,"{""operator"": ""GTE"", ""threshold_unit"": ""만명"", ""threshold_value"": ""20.0""}",AUTO_OK,KOSIS_PIPELINE_ELIGIBLE,HOLD,NO_HARD_GUARD_CANDIDATE,HARD_GUARD,기간·단위·지역 등 필수 조건을 모두 만족하는 공식표 후보가 없음,UNDETERMINED,,[],[],,,,,N,,,,,,,D:\projects\services\archived\clafact-auto\.worktrees\three-type-release\artifacts\direct_value_release_20260826\multi_type8_197_live_final\claim_verification_results.jsonl
복수문장직접값자식결과,A02202_2,claim_333ff0cee64de91c,복수 수치에서 분리,8번 직접값,8번 직접값 유지,1인 가구는 2021년 700만 가구를 넘어선 지 3년 만에 800만 가구를 돌파했다.,2025-06-19,1인 가구는 2021년 700만 가구를 넘어선 지 3년 만에 800만 가구를 돌파했다.,1인 가구,,가구,2024,,대한민국,1인 가구,,THRESHOLD,"{""direction"": ""INCREASE"", ""operator"": ""GT"", ""threshold_unit"": ""가구"", ""threshold_value"": ""8000000""}",HUMAN_REVIEW,CONTEXT_REQUIRED,HUMAN_REVIEW,TARGET_NOT_FOUND_IN_SOURCE,CLAIM_PARSE,구조화된 대상 수치가 뉴스 원문에서 확인되지 않음,,,[],[],,,,,N,,,,,,,D:\projects\services\archived\clafact-auto\.worktrees\three-type-release\artifacts\direct_value_release_20260826\multi_type8_197_live_final\claim_verification_results.jsonl
복수문장직접값자식결과,A02558_14,claim_e348805be97e11ca,복수 수치에서 분리,8번 직접값,8번 직접값 유지,지난달 건설업 취업자 수도 196만명으로 전년 동월 대비 9만7000명 감소하며 200만명을 밑돌았다.,2025-07-16,1.96e+06명,취업자 수,1960000.0,명,2025년 6월,월,,취업자,"{""산업"": ""건설업""}",DIRECT_VALUE,"{""direction"": ""DECREASE"", ""operator"": ""LT"", ""threshold_unit"": ""명"", ""threshold_value"": ""2000000""}",AUTO_OK,KOSIS_PIPELINE_ELIGIBLE,HOLD,NO_EVIDENCE_COORDINATE_CANDIDATE,HARD_GUARD,공식표는 찾았지만 기사 조건에 맞는 항목·지역·기간 좌표를 확정하지 못함,UNDETERMINED,,[],[],,,,,N,,,,,,,D:\projects\services\archived\clafact-auto\.worktrees\three-type-release\artifacts\direct_value_release_20260826\multi_type8_197_live_final\claim_verification_results.jsonl
복수문장직접값자식결과,A02633_1,claim_7b55f3e73ce1d42b,복수 수치에서 분리,8번 직접값 제외,다른 유형으로 이동: 6번 증감량,"지난 9월 전체 취업자 수가 31만명 이상 늘어 1년 7개월 만에 최대 증가 폭을 기록했지만, 청년층은 14만6000명이나 줄어 모든 연령대 중 감소 폭이 가장 컸다.",2025-10-17,310000명,전체 취업자 수 증가폭,310000.0,명,2025년 9월,월,대한민국,전체 취업자,,THRESHOLD,"{""direction"": ""INCREASE"", ""operator"": ""GTE"", ""threshold_unit"": ""명"", ""threshold_value"": ""310000""}",HUMAN_REVIEW,CONTEXT_REQUIRED,HUMAN_REVIEW,RECLASSIFY_TO_DIFFERENCE,CLAIM_PARSE,직접값이 아니라 두 기간 공식값의 차이를 계산해야 하는 증감량 주장,,,[],[],,,,,N,,,,,,,D:\projects\services\archived\clafact-auto\.worktrees\three-type-release\artifacts\direct_value_release_20260826\multi_type8_197_live_final\claim_verification_results.jsonl
복수문장직접값자식결과,A02633_1,claim_3d0d7ba0d342cda2,복수 수치에서 분리,8번 직접값 제외,다른 유형으로 이동: 6번 증감량,"지난 9월 전체 취업자 수가 31만명 이상 늘어 1년 7개월 만에 최대 증가 폭을 기록했지만, 청년층은 14만6000명이나 줄어 모든 연령대 중 감소 폭이 가장 컸다.",2025-10-17,-146000명,취업자 수,-146000.0,명,2025년 9월,월,,취업자,"{""age"": ""청년층""}",DIRECT_VALUE,"{""direction"": ""DECREASE""}",HUMAN_REVIEW,CONTEXT_REQUIRED,HUMAN_REVIEW,RECLASSIFY_TO_DIFFERENCE,CLAIM_PARSE,직접값이 아니라 두 기간 공식값의 차이를 계산해야 하는 증감량 주장,,,[],[],,,,,N,,,,,,,D:\projects\services\archived\clafact-auto\.worktrees\three-type-release\artifacts\direct_value_release_20260826\multi_type8_197_live_final\claim_verification_results.jsonl
복수문장직접값자식결과,A00353_3,claim_b256cf2d4da2d9f2,복수 수치에서 분리,8번 직접값,8번 직접값 유지,28일 한국수입자동차협회(KAIDA)에 따르면 작년 1~12월 1억원이 넘는 수입차는 총 6만2520대가 판매됐다.,2025-01-28,62520대,수입차 판매 대수,62520.0,대,2024,연간,한국,수입차,"{""가격"": ""1억원 초과""}",DIRECT_VALUE,,AUTO_OK,KOSIS_PIPELINE_ELIGIBLE,HOLD,NO_HARD_GUARD_CANDIDATE,HARD_GUARD,기간·단위·지역 등 필수 조건을 모두 만족하는 공식표 후보가 없음,UNDETERMINED,,[],[],,,,,N,,,,,,,D:\projects\services\archived\clafact-auto\.worktrees\three-type-release\artifacts\direct_value_release_20260826\multi_type8_197_live_final\claim_verification_results.jsonl
복수문장직접값자식결과,A00922_28,claim_f689f1f34198c03e,복수 수치에서 분리,8번 직접값 제외,다른 유형으로 이동: 6번 증감량,"월간 취업자 수는 지난해 12월 5만2000명 줄었다가, 올해 들어서는 1월(13만5000명)과 2월 두 달 연속 증가했다.",2025-03-12,52000명,월간 취업자 수 증감,52000.0,명,2024년 12월,월,,취업자,,DIRECT_VALUE,"{""direction"": ""DECREASE""}",HUMAN_REVIEW,CONTEXT_REQUIRED,HUMAN_REVIEW,RECLASSIFY_TO_DIFFERENCE,CLAIM_PARSE,직접값이 아니라 두 기간 공식값의 차이를 계산해야 하는 증감량 주장,,,[],[],,,,,N,,,,,,,D:\projects\services\archived\clafact-auto\.worktrees\three-type-release\artifacts\direct_value_release_20260826\multi_type8_197_live_final\claim_verification_results.jsonl
복수문장직접값자식결과,A01190_5,claim_8553de442b750f6e,복수 수치에서 분리,8번 직접값,8번 직접값 유지,"소비자물가는 작년 9월(1.6%)부터 12월(1.9%)까지 4개월간 1%대를 유지하다가, 올해 들어 지난 1월(2.2%)과 2월(2%)에 이어 세 달 연속으로 2%대를 기록했다.",2025-04-02,2%,소비자물가,2.0,%,2025년 3월,월,,,,DIRECT_VALUE,"{""consecutive_months"": ""3"", ""range"": ""2%대""}",HUMAN_REVIEW,CONTEXT_REQUIRED,HUMAN_REVIEW,TARGET_AMBIGUOUS_IN_SOURCE,CLAIM_PARSE,같은 대상 수치가 원문에 여러 번 있어 자동 연결할 수 없음,,,[],[],,,,,N,,,,,,,D:\projects\services\archived\clafact-auto\.worktrees\three-type-release\artifacts\direct_value_release_20260826\multi_type8_197_live_final\claim_verification_results.jsonl
복수문장직접값자식결과,A01359_1,claim_9fbee7dde0b5465f,복수 수치에서 분리,8번 직접값 제외,다른 유형으로 이동: 6번 증감량,"0 올해 1분기(1~3월) 25~34세 청년층 취업자 수가 3만명 넘게 감소하며, 지난 2021년 1분기에 5만4000명 줄어든 이후 4년 만에 감소세로 전환했다.",2025-04-15,30000명,취업자 수,30000.0,명,2025년 1분기,분기,,청년층,"{""age"": ""25~34세""}",THRESHOLD,"{""direction"": ""DECREASE"", ""operator"": ""GT"", ""threshold_unit"": ""명"", ""threshold_value"": ""30000""}",HUMAN_REVIEW,CONTEXT_REQUIRED,HUMAN_REVIEW,RECLASSIFY_TO_DIFFERENCE,CLAIM_PARSE,직접값이 아니라 두 기간 공식값의 차이를 계산해야 하는 증감량 주장,,,[],[],,,,,N,,,,,,,D:\projects\services\archived\clafact-auto\.worktrees\three-type-release\artifacts\direct_value_release_20260826\multi_type8_197_live_final\claim_verification_results.jsonl
복수문장직접값자식결과,A01480_8,claim_ec3f120db14ef8f3,복수 수치에서 분리,8번 직접값,8번 직접값 유지,"2008년 금융 위기 때나 2020년 코로나 위기 때도 2개 분기 연속으로 0.1%를 하회하는 성장률을 기록했지만, 세 번째 분기에는 곧바로 1~2% 성장했었다.",2025-04-24,0.1%,성장률,0.1,%,2008년 금융 위기 및 2020년 코로나 위기,분기,,,,DIRECT_VALUE,,AUTO_OK,KOSIS_PIPELINE_ELIGIBLE,HOLD,NO_EVIDENCE_COORDINATE_CANDIDATE,HARD_GUARD,공식표는 찾았지만 기사 조건에 맞는 항목·지역·기간 좌표를 확정하지 못함,UNDETERMINED,,[],[],,,,,N,,,,,,,D:\projects\services\archived\clafact-auto\.worktrees\three-type-release\artifacts\direct_value_release_20260826\multi_type8_197_live_final\claim_verification_results.jsonl
복수문장직접값자식결과,A01496_11,claim_89a0c41df55aaf39,복수 수치에서 분리,8번 직접값,8번 직접값 유지,"한국은행은 올해 1분기(1~3월) 경제성장률이 전 분기 대비 -0.2%... 이창용 한은 총재, ""추경 12조, 성장률 0.1%포인트 높일 것...올해 성장률 상당히 낮아질 가능성"" 이창용 한국은행 총재는 17일 “추가경정예산(추경)을 12조원 규모로 집행하면 성장률을 0.1%포인트 높이는 효과가 있을 것”이라고 했다.",2025-04-26,0.1%포인트,경제성장률,0.1,%포인트,2025년,년,한국,,"{""정책"": ""추가경정예산"", ""추경규모"": ""12조원""}",DIRECT_VALUE,"{""direction"": ""INCREASE""}",HUMAN_REVIEW,CONTEXT_REQUIRED,HUMAN_REVIEW,TARGET_AMBIGUOUS_IN_SOURCE,CLAIM_PARSE,같은 대상 수치가 원문에 여러 번 있어 자동 연결할 수 없음,,,[],[],,,,,N,,,,,,,D:\projects\services\archived\clafact-auto\.worktrees\three-type-release\artifacts\direct_value_release_20260826\multi_type8_197_live_final\claim_verification_results.jsonl
복수문장직접값자식결과,A01584_4,claim_7e7c3ca7eabeece5,복수 수치에서 분리,8번 직접값,8번 직접값 유지,"올해 들어 소비자물가는 지난 1월(2.2%)부터 2월(2.0%), 3월(2.1%), 그리고 4월까지 넉 달 연속으로 2%대를 유지하고 있다.",2025-05-02,2%,소비자물가 상승률,2.0,%,올해 4월,월간,대한민국,,,DIRECT_VALUE,"{""band"": ""2%대""}",HUMAN_REVIEW,CONTEXT_REQUIRED,HUMAN_REVIEW,TARGET_AMBIGUOUS_IN_SOURCE,CLAIM_PARSE,같은 대상 수치가 원문에 여러 번 있어 자동 연결할 수 없음,,,[],[],,,,,N,,,,,,,D:\projects\services\archived\clafact-auto\.worktrees\three-type-release\artifacts\direct_value_release_20260826\multi_type8_197_live_final\claim_verification_results.jsonl
복수문장직접값자식결과,A01798_9,claim_68f111412bb9df44,복수 수치에서 분리,8번 직접값,8번 직접값 유지,그런데 1~4월 고등어 수출량은 3만7888톤으로 전년 동월(1만4178톤) 대비 167%나 폭증했다.,2025-05-19,37888톤,수출량,37888.0,톤,2025년 1~4월,1~4월 누계,,,"{""품목"": ""고등어""}",DIRECT_VALUE,,AUTO_OK,KOSIS_PIPELINE_ELIGIBLE,HOLD,NO_HARD_GUARD_CANDIDATE,HARD_GUARD,기간·단위·지역 등 필수 조건을 모두 만족하는 공식표 후보가 없음,UNDETERMINED,,[],[],,,,,N,,,,,,,D:\projects\services\archived\clafact-auto\.worktrees\three-type-release\artifacts\direct_value_release_20260826\multi_type8_197_live_final\claim_verification_results.jsonl
복수문장직접값자식결과,A01822_6,claim_c598b89c89778fed,복수 수치에서 분리,8번 직접값,8번 직접값 유지,"올해 1~4월 아이오닉5(9663대)와 코나 EV(5916대)의 수출량은 작년 동기 대비 65%, 42%씩 급감했다.",2025-05-21,9663대,수출량,9663.0,대,2025년 1~4월,누계,,,"{""차종"": ""아이오닉5""}",DIRECT_VALUE,"{""direction"": ""DECREASE""}",AUTO_OK,KOSIS_PIPELINE_ELIGIBLE,HOLD,NO_HARD_GUARD_CANDIDATE,HARD_GUARD,기간·단위·지역 등 필수 조건을 모두 만족하는 공식표 후보가 없음,UNDETERMINED,,[],[],,,,,N,,,,,,,D:\projects\services\archived\clafact-auto\.worktrees\three-type-release\artifacts\direct_value_release_20260826\multi_type8_197_live_final\claim_verification_results.jsonl
복수문장직접값자식결과,A01822_6,claim_787afd300967bdcd,복수 수치에서 분리,8번 직접값 제외,다른 유형으로 이동: 6번 증감량,"올해 1~4월 아이오닉5(9663대)와 코나 EV(5916대)의 수출량은 작년 동기 대비 65%, 42%씩 급감했다.",2025-05-21,5916대,수출량,5916.0,대,올해 1~4월,누계,,,"{""제품"": ""코나 EV""}",DIRECT_VALUE,"{""direction"": ""DECREASE""}",HUMAN_REVIEW,CONTEXT_REQUIRED,HUMAN_REVIEW,RECLASSIFY_TO_DIFFERENCE,CLAIM_PARSE,직접값이 아니라 두 기간 공식값의 차이를 계산해야 하는 증감량 주장,,,[],[],,,,,N,,,,,,,D:\projects\services\archived\clafact-auto\.worktrees\three-type-release\artifacts\direct_value_release_20260826\multi_type8_197_live_final\claim_verification_results.jsonl
복수문장직접값자식결과,A01924_3,claim_158a2ebc43efac19,복수 수치에서 분리,8번 직접값,8번 직접값 유지,"28일 통계청이 발표한 ‘3월 인구동향’에 따르면, 지난 1분기(1~3월) 합계출산율은 0.82명으로 전년 동분기(0.77명) 대비 0.05명 증가했다.",2025-05-28,0.82명,합계출산율,0.82,명,2025년 1분기,분기,,,,DIRECT_VALUE,"{""direction"": ""INCREASE""}",AUTO_OK,KOSIS_PIPELINE_ELIGIBLE,HOLD,AS_OF_UNAVAILABLE,OFFICIAL_VALUE_FETCH,기사 작성일 기준 공표된 공식값인지 확인하지 못함,UNDETERMINED,,"[{""canonical_key"": ""ORG=101|TBL=DT_1B8000G|ITM=T1|OBJ=B|MEMBER=전국|PRD_SE=분기|PRD_DE=2025-Q1|DIMS=B:전국,A:합계출산율"", ""dimension_codes"": {""A"": ""12"", ""B"": ""00""}, ""dimension_members"": {""A"": ""합계출산율"", ""B"": ""전국""}, ""itm_id"": ""T1"", ""member_code"": ""전국"", ""obj_id"": ""B"", ""org_id"": ""101"", ""prd_de"": ""2025-Q1"", ""prd_se"": ""분기"", ""status"": ""CONFIRMED"", ""tbl_id"": ""DT_1B8000G"", ""unit"": ""명""}]","[{""content_hash"": ""aa406cebc870570ecaeb6b3b9371f53f6de97fc22060412b21033d1cce5ebf28"", ""evidence_key"": ""ORG=101|TBL=DT_1B8000G|ITM=T1|OBJ=B|MEMBER=전국|PRD_SE=분기|PRD_DE=2025-Q1|DIMS=B:전국,A:합계출산율"", ""publication"": {""content_hash"": ""882ea1046b8fe06af80e5ccfa2f0e019e4174b51a050363f55714b66573aaacc"", ""coverage_end_period"": null, ""coverage_start_period"": null, ""evidence_scope"": ""PERIOD"", ""pub_date_text"": ""조사기준 년 익년"", ""pub_period"": ""월"", ""publication_method_url"": ""언론(보도자료), 전산망(인터넷), 간행물2024년 5월 인구동향https://mods.go.kr/board.es?mid=a10301020300&amp;bid=204"", ""published_at"": null, ""reference_period"": null, ""retrieved_at"": ""2026-08-26T09:25:36.870070Z"", ""source_url"": ""https://kosis.kr/openapi/statisticsExplData.do?method=getList&format=json&jsonVD=Y&orgId=101&tblId=DT_1B8000G&metaItm=All"", ""status"": ""UNRESOLVED""}, ""retrieved_at"": ""2026-08-26T09:25:33.166313Z"", ""source"": ""API"", ""source_url"": ""https://kosis.kr/openapi/Param/statisticsParameterData.do?method=getList&orgId=101&tblId=DT_1B8000G&itmId=T1&prdSe=Q&startPrdDe=202501&endPrdDe=202501&objL1=00&objL2=12"", ""value_last_changed_at"": null}]",https://kosis.kr/openapi/Param/statisticsParameterData.do?method=getList&orgId=101&tblId=DT_1B8000G&itmId=T1&prdSe=Q&startPrdDe=202501&endPrdDe=202501&objL1=00&objL2=12,aa406cebc870570ecaeb6b3b9371f53f6de97fc22060412b21033d1cce5ebf28,,,N,,,,,,,D:\projects\services\archived\clafact-auto\.worktrees\three-type-release\artifacts\direct_value_release_20260826\multi_type8_197_live_final\claim_verification_results.jsonl
복수문장직접값자식결과,A02203_5,claim_4e7f395f77940f8f,복수 수치에서 분리,8번 직접값,8번 직접값 유지,생활 물가와 소비자물가 차이는 작년 상반기 0.6%포인트에서 하반기 0.1%포인트로 줄었다가 올해 1~5월 0.4%포인트로 다시 확대되는 추세다.,2025-06-19,0.4%포인트,생활물가와 소비자물가의 차이,0.4,%포인트,2025년 1~5월,1~5월,,,"{""물가_유형"": ""생활물가와 소비자물가""}",DIRECT_VALUE,"{""direction"": ""INCREASE""}",AUTO_OK,KOSIS_PIPELINE_ELIGIBLE,HOLD,NO_HARD_GUARD_CANDIDATE,HARD_GUARD,기간·단위·지역 등 필수 조건을 모두 만족하는 공식표 후보가 없음,UNDETERMINED,,[],[],,,,,N,,,,,,,D:\projects\services\archived\clafact-auto\.worktrees\three-type-release\artifacts\direct_value_release_20260826\multi_type8_197_live_final\claim_verification_results.jsonl
복수문장직접값자식결과,A02416_14,claim_e42477f5b7337259,복수 수치에서 분리,8번 직접값,8번 직접값 유지,"◇“추경은 급한 불 끄는 소화기… 내수 살릴 진짜 대책 필요"" 정부가 올해 두 번째 추가경정예산을 마련하고 4일 정부안보다 1조원 넘게 불어난 2차 추경이 국회 문턱을 넘었지만, 추경으로 인한 올해 성장률 상승 폭은 0.1~0.2%포인트에 그칠 것이란 관측이 나온다.",2025-07-05,,2차 추가경정예산 증가액,,원,2025,연간,대한민국,,"{""item"": ""2차 추가경정예산"", ""reference"": ""정부안""}",THRESHOLD,"{""operator"": ""GT"", ""threshold_unit"": ""원"", ""threshold_value"": ""None""}",AUTO_OK,KOSIS_PIPELINE_ELIGIBLE,HOLD,KOSIS_CATALOG_UNAVAILABLE,,KOSIS 공식표 검색 요청이 일시적으로 실패함,,,[],[],,,,,N,85e8e215a3d3,,,,,,D:\projects\services\archived\clafact-auto\.worktrees\three-type-release\artifacts\direct_value_release_20260826\multi_type8_197_live_final\claim_verification_results.jsonl
복수문장직접값자식결과,A02450_11,claim_62cd1da8054dc35c,복수 수치에서 분리,8번 직접값 제외,다른 유형으로 이동: 7번 증감률,한국의 경우 2000년 10월~2023년 11월 자료를 분석해 보니 GDP 대비 정부 부채 비율이 1%포인트 증가할 경우 약 1년 뒤 소비자물가가 0.1~0.15%포인트 오르는 경향이 있었다.” ―경기 진작 효과와 물가 상승 부작용 중 어떤 게 더 큰가?,2025-07-08,0.15%포인트,소비자물가,0.15,%포인트,약 1년 뒤,,한국,,"{""기준지표"": ""GDP 대비 정부 부채 비율""}",DIRECT_VALUE,"{""direction"": ""INCREASE"", ""trigger"": ""GDP 대비 정부 부채 비율이 1%포인트 증가""}",HUMAN_REVIEW,CONTEXT_REQUIRED,HUMAN_REVIEW,RECLASSIFY_TO_GROWTH_RATE,CLAIM_PARSE,직접값이 아니라 두 기간 공식값으로 비율을 계산해야 하는 증감률 주장,,,[],[],,,,,N,,,,,,,D:\projects\services\archived\clafact-auto\.worktrees\three-type-release\artifacts\direct_value_release_20260826\multi_type8_197_live_final\claim_verification_results.jsonl
복수문장직접값자식결과,A02633_6,claim_23417092da19f631,복수 수치에서 분리,8번 직접값,8번 직접값 유지,취업자 수 증가 폭은 올해 들어 5월(24만5000명)을 제외하고 매달 10만명대를 맴돌다가 9월 들어 크게 늘었다.,2025-10-17,245000명,취업자 수,245000.0,명,2025,Y,,,,DIRECT_VALUE,"{""direction"": ""INCREASE""}",HUMAN_REVIEW,CONTEXT_REQUIRED,HUMAN_REVIEW,TARGET_NOT_FOUND_IN_SOURCE,CLAIM_PARSE,구조화된 대상 수치가 뉴스 원문에서 확인되지 않음,,,[],[],,,,,N,,,,,,,D:\projects\services\archived\clafact-auto\.worktrees\three-type-release\artifacts\direct_value_release_20260826\multi_type8_197_live_final\claim_verification_results.jsonl
복수문장직접값자식결과,A02656_3,claim_0bafd23fce09c84d,복수 수치에서 분리,8번 직접값 제외,다른 유형으로 이동: 6번 증감량,"취업자 수는 올해 들어 매월 10만명 이상 늘고 있는데, 지난달엔 30만명을 돌파하며 19개월 만에 가장 큰 증가 폭을 기록하기도 했다.",2025-10-27,300000명,취업자 수 증가 폭,300000.0,명,2025년 9월,월,,취업자,,THRESHOLD,"{""operator"": ""GT"", ""threshold_unit"": ""명"", ""threshold_value"": ""300000""}",HUMAN_REVIEW,CONTEXT_REQUIRED,HUMAN_REVIEW,RECLASSIFY_TO_DIFFERENCE,CLAIM_PARSE,직접값이 아니라 두 기간 공식값의 차이를 계산해야 하는 증감량 주장,,,[],[],,,,,N,,,,,,,D:\projects\services\archived\clafact-auto\.worktrees\three-type-release\artifacts\direct_value_release_20260826\multi_type8_197_live_final\claim_verification_results.jsonl
복수문장직접값자식결과,A01455_7,claim_9db81e638a810385,복수 수치에서 분리,8번 직접값,8번 직접값 유지,1일 관세청은 이달 1~20일 대미 수출이 작년 같은 기간과 비교해 14.3% 급감한 61억8200만달러(약 8조7700억원)를 나타냈다고 밝혔다.,2025-04-22,6.182e+09미국 달러,대미 수출액,6182000000.0,미국 달러,2025-04-01/2025-04-20,PARTIAL_PERIOD,대한민국,,"{""무역 상대국"": ""미국""}",DIRECT_VALUE,,HOLD,CONTEXT_REQUIRED,HUMAN_REVIEW,TARGET_VALUE_NOT_IN_SOURCE_SENTENCE,CLAIM_PARSE,TARGET_VALUE_NOT_IN_SOURCE_SENTENCE,,,[],[],,,,,N,,,,,,,D:\projects\services\archived\clafact-auto\.worktrees\three-type-release\artifacts\direct_value_release_20260826\multi_type8_197_live_final\claim_verification_results.jsonl
복수문장직접값자식결과,A01947_22,claim_c7cdbd6b0386dfbf,복수 수치에서 분리,8번 직접값,8번 직접값 유지,관세청은 5월 1~20일 대미(對美) 수출액이 작년 같은 기간보다 14.6% 급감한 52억5400만달러(약 7조2900억원)였다고 집계했다.,2025-05-30,5.254billion USD,수출액,5.254,billion USD,2025-05-01/2025-05-20,PARTIAL_PERIOD,,,"{""trade_partner"": ""미국""}",DIRECT_VALUE,"{""direction"": ""DECREASE""}",HOLD,CONTEXT_REQUIRED,HUMAN_REVIEW,TARGET_VALUE_NOT_IN_SOURCE_SENTENCE,CLAIM_PARSE,TARGET_VALUE_NOT_IN_SOURCE_SENTENCE,,,[],[],,,,,N,,,,,,,D:\projects\services\archived\clafact-auto\.worktrees\three-type-release\artifacts\direct_value_release_20260826\multi_type8_197_live_final\claim_verification_results.jsonl
복수문장직접값자식결과,A02099_6,claim_22d76b35abe5866e,복수 수치에서 분리,8번 직접값,8번 직접값 유지,지난 1~10일 반도체 수출액은 36억2900만달러로 전년 동월 대비 22% 뛰었다.,2025-06-11,3.629e+09달러,수출액,3629000000.0,달러,2025-06-01/2025-06-10,PARTIAL_PERIOD,,,"{""품목"": ""반도체""}",DIRECT_VALUE,"{""direction"": ""INCREASE""}",AUTO_OK,KOSIS_PIPELINE_ELIGIBLE,HOLD,NO_HARD_GUARD_CANDIDATE,HARD_GUARD,기간·단위·지역 등 필수 조건을 모두 만족하는 공식표 후보가 없음,UNDETERMINED,,[],[],,,,,N,,,,,,,D:\projects\services\archived\clafact-auto\.worktrees\three-type-release\artifacts\direct_value_release_20260826\multi_type8_197_live_final\claim_verification_results.jsonl
복수문장직접값자식결과,A00185_6,claim_efe06326549a5d8e,복수 수치에서 분리,8번 직접값,8번 직접값 유지,"당시 수입차 판매량은 1996년 1만315대, 1997년 8136대, 1998년 2075대로 2년 연속 줄었다.",2025-01-15,2075대,판매량,2075.0,대,1998년,연간,,,"{""item"": ""수입차""}",DIRECT_VALUE,"{""direction"": ""DECREASE""}",AUTO_OK,KOSIS_PIPELINE_ELIGIBLE,HOLD,NO_HARD_GUARD_CANDIDATE,HARD_GUARD,기간·단위·지역 등 필수 조건을 모두 만족하는 공식표 후보가 없음,UNDETERMINED,,[],[],,,,,N,,,,,,,D:\projects\services\archived\clafact-auto\.worktrees\three-type-release\artifacts\direct_value_release_20260826\multi_type8_197_live_final\claim_verification_results.jsonl
복수문장직접값자식결과,A00202_17,claim_cc2447a34ad67b80,복수 수치에서 분리,8번 직접값 제외,다른 유형으로 이동: 6번 증감량,"◇청년층 강타한 고용 한파 건설업과 노인 일자리 사업을 중심으로 고용 한파가 닥치면서 임금 근로자 가운데 일용직(고용 계약 기간 1개월 미만)과 임시직(1개월 이상 1년 미만) 취업자 수가 각각 14만7000명, 1만9000명 감소했다.",2025-01-16,19000명,임시직 취업자 수,19000.0,명,,,,임금 근로자,"{""고용계약기간"": ""1개월 이상 1년 미만"", ""고용형태"": ""임시직""}",DIRECT_VALUE,"{""direction"": ""DECREASE""}",HUMAN_REVIEW,CONTEXT_REQUIRED,HUMAN_REVIEW,RECLASSIFY_TO_DIFFERENCE,CLAIM_PARSE,직접값이 아니라 두 기간 공식값의 차이를 계산해야 하는 증감량 주장,,,[],[],,,,,N,,,,,,,D:\projects\services\archived\clafact-auto\.worktrees\three-type-release\artifacts\direct_value_release_20260826\multi_type8_197_live_final\claim_verification_results.jsonl
복수문장직접값자식결과,A00621_5,claim_67d855f110aaaca9,복수 수치에서 분리,8번 직접값,8번 직접값 유지,하지만 ‘양질의 일자리’로 꼽히는 제조업 분야 취업자 수는 5만6000명 줄어든 439만6000명으로 집계됐다.,2025-02-17,4.396e+06명,취업자 수,4396000.0,명,,,,,"{""산업"": ""제조업""}",DIRECT_VALUE,,HOLD,STRUCTURAL_HOLD,HUMAN_REVIEW,CLAIM_PARSE_UNCERTAIN,CLAIM_PARSE,MISSING_REQUIRED_SLOTS:time,,,[],[],,,,,N,,MISSING_REQUIRED_SLOTS:time,,,,,D:\projects\services\archived\clafact-auto\.worktrees\three-type-release\artifacts\direct_value_release_20260826\multi_type8_197_live_final\claim_verification_results.jsonl
복수문장직접값자식결과,A00922_9,claim_f22875b11c312f80,복수 수치에서 분리,8번 직접값,8번 직접값 유지,청년 취업자는 355만7000명으로 1년 새 23만5000명 줄었다.,2025-03-12,3.557e+06명,취업자 수,3557000.0,명,,,,청년,,DIRECT_VALUE,,HOLD,STRUCTURAL_HOLD,HUMAN_REVIEW,CLAIM_PARSE_UNCERTAIN,CLAIM_PARSE,MISSING_REQUIRED_SLOTS:time,,,[],[],,,,,N,,MISSING_REQUIRED_SLOTS:time,,,,,D:\projects\services\archived\clafact-auto\.worktrees\three-type-release\artifacts\direct_value_release_20260826\multi_type8_197_live_final\claim_verification_results.jsonl
복수문장직접값자식결과,A01285_13,claim_c0c1977ae456166d,복수 수치에서 분리,8번 직접값 제외,다른 유형으로 이동: 6번 증감량,"건설업 부진 장기화로 40대와 50대 취업자 수도 각각 4만9000명, 2만6000명 줄었다.",2025-04-09,49000명,취업자 수,49000.0,명,,,,,"{""age"": ""40대""}",DIRECT_VALUE,"{""direction"": ""DECREASE""}",HUMAN_REVIEW,CONTEXT_REQUIRED,HUMAN_REVIEW,RECLASSIFY_TO_DIFFERENCE,CLAIM_PARSE,직접값이 아니라 두 기간 공식값의 차이를 계산해야 하는 증감량 주장,,,[],[],,,,,N,,,,,,,D:\projects\services\archived\clafact-auto\.worktrees\three-type-release\artifacts\direct_value_release_20260826\multi_type8_197_live_final\claim_verification_results.jsonl
복수문장직접값자식결과,A01285_13,claim_692f628c7ee1e26e,복수 수치에서 분리,8번 직접값 제외,다른 유형으로 이동: 6번 증감량,"건설업 부진 장기화로 40대와 50대 취업자 수도 각각 4만9000명, 2만6000명 줄었다.",2025-04-09,26000명,취업자 수 감소,26000.0,명,,,,취업자,"{""산업"": ""건설업"", ""연령"": ""50대""}",DIRECT_VALUE,,HUMAN_REVIEW,CONTEXT_REQUIRED,HUMAN_REVIEW,RECLASSIFY_TO_DIFFERENCE,CLAIM_PARSE,직접값이 아니라 두 기간 공식값의 차이를 계산해야 하는 증감량 주장,,,[],[],,,,,N,,,,,,,D:\projects\services\archived\clafact-auto\.worktrees\three-type-release\artifacts\direct_value_release_20260826\multi_type8_197_live_final\claim_verification_results.jsonl
