실행순서,실행묶음,하위검증유형,비교기간유형,기간형태,필요공식값,계산규칙,좌표난이도,원문수치구성,공식조회경로,현재실행준비,완료판정기준,Claim번호,원문,현재결과상태,실패원인코드,대표분류,기본검증방법,기사작성일,지표,기사값,단위,기준시점,주기,공식자료경로,실패단계,실패원인_쉬운설명,추가처리조건,분류근거,분류방식,분류확신도,기사번호,문장번호,분야,지역,대상집단,차원,비교조건,계산방식,조건,출처힌트,현재판정,세부문제유형,남은작업,공식근거URL,실행일시,개선후상태,해결여부,공식좌표,공식값,공표근거,응답해시,남은원인,검토메모,원문수치개수,원문수치표현,원문수치목록JSON,미포함숫자위치JSON,목록화상태
1,D1 정확한 값·단순 좌표,정확한 값 직접 비교,연간,연간,공식값 1개,기사값과 공식값의 단위 정규화 후 직접 비교,단순 좌표,수치 1개,KOSIS 공식 API,묶음 실행 가능,공식 좌표 1개·공식값·공표정보를 확보하고 허용오차/부등호로 판정,A00007_3,보잉 737 맥스 여객기가 자카르타에서 추락한 사고로 189명이 사망한 사건이 발생한 2018년(전체 사망자 526명) 이후 가장 많다.,HOLD,NO_HARD_GUARD_CANDIDATE,직접값 확인,직접값 확인,2025-01-01,사망자 수,189,명,2018,Y,KOSIS 정규 통계표,필수 조건 검사,기간·단위·지역 등 필수 조건을 모두 만족하는 공식 통계표 후보가 없음,공식값 1개 직접 비교,calculation=DIRECT_VALUE | 세부문제유형=HARD_GUARD_ALIAS | 최신결과사유=NO_HARD_GUARD_CANDIDATE,12개 슬롯 + 통합 원장 진단 규칙,확정,A00007,3,,,,,"{""claimed_operands"": ""[{'raw': '526명', 'value': 526.0, 'unit': '명'}]""}",DIRECT_VALUE,,,UNDETERMINED,HARD_GUARD_ALIAS,NO_HARD_GUARD_CANDIDATE,,,,,,,,,,,4,737 | 189명 | 2018년 | 526명,"[{""mention_id"":""n1"",""expression"":""737"",""start"":3,""end"":6,""context"":""보잉 737 맥스 여객기가 자카르타에서 추락한 사고로 "",""role_status"":""미분류""},{""mention_id"":""n2"",""expression"":""189명"",""start"":30,""end"":34,""context"":"" 맥스 여객기가 자카르타에서 추락한 사고로 189명이 사망한 사건이 발생한 2018년(전체 사"",""role_status"":""미분류""},{""mention_id"":""n3"",""expression"":""2018년"",""start"":48,""end"":53,""context"":""한 사고로 189명이 사망한 사건이 발생한 2018년(전체 사망자 526명) 이후 가장 많다."",""role_status"":""미분류""},{""mention_id"":""n4"",""expression"":""526명"",""start"":61,""end"":65,""context"":""망한 사건이 발생한 2018년(전체 사망자 526명) 이후 가장 많다."",""role_status"":""미분류""}]",[],COMPLETE
1,D1 정확한 값·단순 좌표,정확한 값 직접 비교,연간,연간,공식값 1개,기사값과 공식값의 단위 정규화 후 직접 비교,단순 좌표,수치 4개,KOSIS 공식 API,묶음 실행 가능,공식 좌표 1개·공식값·공표정보를 확보하고 허용오차/부등호로 판정,A00186_9,"한편, 지난해 현대차·기아 전체 수출 대수는 218만698대, 수출액은 533억6000만달러(약 78조원)로, 2년 연속 수출 200만대, 수출액 500억달러를 이어갔다.",HOLD,OFFICIAL_AUTHOR_DOCUMENT_NOT_REGISTERED,직접값 확인,직접값 확인,2025-01-15,수출액,2180698,대,2024,Y,KOSIS 정규 통계표,공식문서조회,현재 원장에 기록된 실패 사유를 세부 확인해야 함,공식값 1개 직접 비교,calculation=DIRECT_VALUE | 세부문제유형=OFFICIAL_CATALOG_SEARCH | 최신결과사유=OFFICIAL_AUTHOR_DOCUMENT_NOT_REGISTERED,12개 슬롯 + 통합 원장 진단 규칙,확정,A00186,9,,,,,"{""claimed_operands"": ""[{'raw': '533억6000만달러', 'value': 53360000000.0, 'unit': '달러'}, {'raw': '78조원', 'value': 78000000000000.0, 'unit': '원'}, {'raw': '200만대', 'value': 2000000.0, 'unit': '대'}, {'raw': '500억달러', 'value': 50000000000.0, 'unit': '달러'}]""}",DIRECT_VALUE,,,UNDETERMINED,OFFICIAL_CATALOG_SEARCH,OFFICIAL_AUTHOR_DOCUMENT_NOT_REGISTERED,,,,,,,,,,,6,218만698대 | 533억6000만달러 | 78조원 | 2년 | 200만대 | 500억달러,"[{""mention_id"":""n1"",""expression"":""218만698대"",""start"":25,""end"":33,""context"":""편, 지난해 현대차·기아 전체 수출 대수는 218만698대, 수출액은 533억6000만달러(약 78조"",""role_status"":""미분류""},{""mention_id"":""n2"",""expression"":""533억6000만달러"",""start"":40,""end"":51,""context"":""체 수출 대수는 218만698대, 수출액은 533억6000만달러(약 78조원)로, 2년 연속 수출 200만"",""role_status"":""미분류""},{""mention_id"":""n3"",""expression"":""78조원"",""start"":54,""end"":58,""context"":""98대, 수출액은 533억6000만달러(약 78조원)로, 2년 연속 수출 200만대, 수출액 "",""role_status"":""미분류""},{""mention_id"":""n4"",""expression"":""2년"",""start"":62,""end"":64,""context"":""은 533억6000만달러(약 78조원)로, 2년 연속 수출 200만대, 수출액 500억달러"",""role_status"":""미분류""},{""mention_id"":""n5"",""expression"":""200만대"",""start"":71,""end"":76,""context"":""0만달러(약 78조원)로, 2년 연속 수출 200만대, 수출액 500억달러를 이어갔다."",""role_status"":""미분류""},{""mention_id"":""n6"",""expression"":""500억달러"",""start"":82,""end"":88,""context"":"")로, 2년 연속 수출 200만대, 수출액 500억달러를 이어갔다."",""role_status"":""미분류""}]",[],COMPLETE
1,D1 정확한 값·단순 좌표,정확한 값 직접 비교,월간,월간,공식값 1개,기사값과 공식값의 단위 정규화 후 직접 비교,단순 좌표,수치 1개,KOSIS 공식 API,묶음 실행 가능,공식 좌표 1개·공식값·공표정보를 확보하고 허용오차/부등호로 판정,A00189_11,"세부 품목에서는 커피(9.7%), 쇠고기(3.4%) 등의 물가가 전월과 비교해 많이 올랐다.",HOLD,NO_EVIDENCE_COORDINATE_CANDIDATE,직접값 확인,직접값 확인,2025-01-15,물가상승률,3.4,%,2025-01,M,KOSIS 정규 통계표,필수 조건 검사,공식 구조는 확인했지만 실제 값을 조회할 좌표를 확정하지 못함,공식값 1개 직접 비교,calculation=DIRECT_VALUE | 세부문제유형=COORDINATE_GENERAL | 최신결과사유=NO_EVIDENCE_COORDINATE_CANDIDATE,12개 슬롯 + 통합 원장 진단 규칙,확정,A00189,11,,,,,"{""claimed_operands"": ""[{'raw': '9.7%', 'value': 9.7, 'unit': '%'}]""}",DIRECT_VALUE,,,UNDETERMINED,COORDINATE_GENERAL,NO_EVIDENCE_COORDINATE_CANDIDATE,,,,,,,,,,,2,9.7% | 3.4%,"[{""mention_id"":""n1"",""expression"":""9.7%"",""start"":12,""end"":16,""context"":""세부 품목에서는 커피(9.7%), 쇠고기(3.4%) 등의 물가가 전월과 "",""role_status"":""미분류""},{""mention_id"":""n2"",""expression"":""3.4%"",""start"":23,""end"":27,""context"":""세부 품목에서는 커피(9.7%), 쇠고기(3.4%) 등의 물가가 전월과 비교해 많이 올랐다."",""role_status"":""미분류""}]",[],COMPLETE
1,D1 정확한 값·단순 좌표,정확한 값 직접 비교,월간,월간,공식값 1개,기사값과 공식값의 단위 정규화 후 직접 비교,단순 좌표,수치 1개,KOSIS 공식 API,묶음 실행 가능,공식 좌표 1개·공식값·공표정보를 확보하고 허용오차/부등호로 판정,A00189_5,"수입 물가지수는 작년 10월(2.1%), 11월(0.9%) 등으로 석 달 연속 전월에 비해 오르고 있다.",HOLD,KOSIS_METADATA_UNAVAILABLE|NO_EVIDENCE_COORDINATE_CANDIDATE,직접값 확인,직접값 확인,2025-01-15,수입물가지수,2.1,%,2024-10,M,KOSIS 정규 통계표,HARD_GUARD|KOSIS_METADATA,KOSIS 표의 항목·기간·분류 구조 조회를 완료하지 못함,공식값 1개 직접 비교,calculation=DIRECT_VALUE | 세부문제유형=OFFICIAL_METADATA_LOOKUP | 최신결과사유=KOSIS_METADATA_UNAVAILABLE|NO_EVIDENCE_COORDINATE_CANDIDATE,12개 슬롯 + 통합 원장 진단 규칙,확정,A00189,5,,,,,"{""claimed_operands"": ""[{'raw': '0.9%', 'value': 0.9, 'unit': '%'}]""}",DIRECT_VALUE,,,UNDETERMINED,OFFICIAL_METADATA_LOOKUP,KOSIS_METADATA_UNAVAILABLE|NO_EVIDENCE_COORDINATE_CANDIDATE,,,,,,,,,,,5,10월 | 2.1% | 11월 | 0.9% | 석 달,"[{""mention_id"":""n1"",""expression"":""10월"",""start"":12,""end"":15,""context"":""수입 물가지수는 작년 10월(2.1%), 11월(0.9%) 등으로 석 "",""role_status"":""미분류""},{""mention_id"":""n2"",""expression"":""2.1%"",""start"":16,""end"":20,""context"":""수입 물가지수는 작년 10월(2.1%), 11월(0.9%) 등으로 석 달 연속 "",""role_status"":""미분류""},{""mention_id"":""n3"",""expression"":""11월"",""start"":23,""end"":26,""context"":""수입 물가지수는 작년 10월(2.1%), 11월(0.9%) 등으로 석 달 연속 전월에 비해"",""role_status"":""미분류""},{""mention_id"":""n4"",""expression"":""0.9%"",""start"":27,""end"":31,""context"":""물가지수는 작년 10월(2.1%), 11월(0.9%) 등으로 석 달 연속 전월에 비해 오르고 "",""role_status"":""미분류""},{""mention_id"":""n5"",""expression"":""석 달"",""start"":37,""end"":40,""context"":""0월(2.1%), 11월(0.9%) 등으로 석 달 연속 전월에 비해 오르고 있다."",""role_status"":""미분류""}]",[],COMPLETE
1,D1 정확한 값·단순 좌표,정확한 값 직접 비교,연간,연간,공식값 1개,기사값과 공식값의 단위 정규화 후 직접 비교,단순 좌표,수치 1개,KOSIS 공식 API,묶음 실행 가능,공식 좌표 1개·공식값·공표정보를 확보하고 허용오차/부등호로 판정,A00195_11,"연간 경제성장률이 3~4%에 달하던 시절은 아련하고, 지금은 1% 성장률에 머물러 있다.",HOLD,KOSIS_METADATA_UNAVAILABLE,직접값 확인,직접값 확인,2025-01-15,경제성장률,4,%,2025,Y,KOSIS 정규 통계표,KOSIS 공식 구조 확인,KOSIS 표의 항목·기간·분류 구조 조회를 완료하지 못함,공식값 1개 직접 비교,calculation=DIRECT_VALUE | 세부문제유형=OFFICIAL_METADATA_LOOKUP | 최신결과사유=KOSIS_METADATA_UNAVAILABLE,12개 슬롯 + 통합 원장 진단 규칙,확정,A00195,11,,,,,"{""claimed_operands"": ""[{'raw': '1%', 'value': 1.0, 'unit': '%'}]""}",DIRECT_VALUE,,,UNDETERMINED,OFFICIAL_METADATA_LOOKUP,KOSIS_METADATA_UNAVAILABLE,,,,,,,,,,,2,3~4% | 1%,"[{""mention_id"":""n1"",""expression"":""3~4%"",""start"":10,""end"":14,""context"":""연간 경제성장률이 3~4%에 달하던 시절은 아련하고, 지금은 1% 성"",""role_status"":""미분류""},{""mention_id"":""n2"",""expression"":""1%"",""start"":34,""end"":36,""context"":""3~4%에 달하던 시절은 아련하고, 지금은 1% 성장률에 머물러 있다."",""role_status"":""미분류""}]",[],COMPLETE
1,D1 정확한 값·단순 좌표,정확한 값 직접 비교,월간,월간,공식값 1개,기사값과 공식값의 단위 정규화 후 직접 비교,단순 좌표,수치 1개,KOSIS 공식 API,묶음 실행 가능,공식 좌표 1개·공식값·공표정보를 확보하고 허용오차/부등호로 판정,A00202_2,취업자 수는 코로나 사태의 직격탄을 맞은 2021년 2월(-47만3000명) 이후 3년 10개월 만에 감소세로 돌아섰다.,HOLD,KOSIS_METADATA_UNAVAILABLE,직접값 확인,직접값 확인,2025-01-16,취업자 수,473000,명,2021-02,M,KOSIS 정규 통계표,KOSIS 공식 구조 확인,KOSIS 표의 항목·기간·분류 구조 조회를 완료하지 못함,공식값 1개 직접 비교,calculation=DIRECT_VALUE | 세부문제유형=OFFICIAL_METADATA_LOOKUP | 최신결과사유=KOSIS_METADATA_UNAVAILABLE,12개 슬롯 + 통합 원장 진단 규칙,확정,A00202,2,,,,,"{""claimed_operands"": ""[{'raw': '10개', 'value': 10.0, 'unit': '개'}]""}",DIRECT_VALUE,"{""direction"": ""DECREASE""}",,UNDETERMINED,OFFICIAL_METADATA_LOOKUP,KOSIS_METADATA_UNAVAILABLE,,,,,,,,,,,5,2021년 | 2월 | -47만3000명 | 3년 | 10개월,"[{""mention_id"":""n1"",""expression"":""2021년"",""start"":23,""end"":28,""context"":""취업자 수는 코로나 사태의 직격탄을 맞은 2021년 2월(-47만3000명) 이후 3년 10개"",""role_status"":""미분류""},{""mention_id"":""n2"",""expression"":""2월"",""start"":29,""end"":31,""context"":""는 코로나 사태의 직격탄을 맞은 2021년 2월(-47만3000명) 이후 3년 10개월 만"",""role_status"":""미분류""},{""mention_id"":""n3"",""expression"":""-47만3000명"",""start"":32,""end"":41,""context"":""로나 사태의 직격탄을 맞은 2021년 2월(-47만3000명) 이후 3년 10개월 만에 감소세로 돌아섰"",""role_status"":""미분류""},{""mention_id"":""n4"",""expression"":""3년"",""start"":46,""end"":48,""context"":"" 2021년 2월(-47만3000명) 이후 3년 10개월 만에 감소세로 돌아섰다."",""role_status"":""미분류""},{""mention_id"":""n5"",""expression"":""10개월"",""start"":49,""end"":53,""context"":""21년 2월(-47만3000명) 이후 3년 10개월 만에 감소세로 돌아섰다."",""role_status"":""미분류""}]",[],COMPLETE
1,D1 정확한 값·단순 좌표,정확한 값 직접 비교,연간,연간,공식값 1개,기사값과 공식값의 단위 정규화 후 직접 비교,단순 좌표,수치 1개,KOSIS 공식 API,묶음 실행 가능,공식 좌표 1개·공식값·공표정보를 확보하고 허용오차/부등호로 판정,A00202_26,"증가폭이 2023년(32만7000명)의 절반 아래로 줄어, 코로나 거리 두기 여파로 취업자 수가 22만명 가까이 감소했던 2020년 이후 최악의 고용 성적표를 기록했다.",AUTO,OUTSIDE_TOLERANCE,직접값 확인,직접값 확인,2025-01-16,취업자 수,327000,명,2023,Y,KOSIS 정규 통계표,최종 판정,기사 수치와 공식 계산값이 허용 오차를 벗어남,공식값 1개 직접 비교,calculation=DIRECT_VALUE | 세부문제유형=DONE | 최신결과사유=OUTSIDE_TOLERANCE,12개 슬롯 + 통합 원장 진단 규칙,확정,A00202,26,,,,,"{""claimed_operands"": ""[{'raw': '22만명', 'value': 220000.0, 'unit': '명'}]""}",DIRECT_VALUE,"{""direction"": ""DECREASE""}",,MISMATCH,DONE,대시보드 재현 실패,https://kosis.kr/openapi/Param/statisticsParameterData.do?method=getList&orgId=101&tblId=DT_1DA7001S&itmId=T30&prdSe=Y&startPrdDe=2023&endPrdDe=2023&objL1=0,,,,,,,,,,5,2023년 | 32만7000명 | 절반 | 22만명 | 2020년,"[{""mention_id"":""n1"",""expression"":""2023년"",""start"":5,""end"":10,""context"":""증가폭이 2023년(32만7000명)의 절반 아래로 줄어, 코"",""role_status"":""미분류""},{""mention_id"":""n2"",""expression"":""32만7000명"",""start"":11,""end"":19,""context"":""증가폭이 2023년(32만7000명)의 절반 아래로 줄어, 코로나 거리 두기 "",""role_status"":""미분류""},{""mention_id"":""n3"",""expression"":""절반"",""start"":22,""end"":24,""context"":""증가폭이 2023년(32만7000명)의 절반 아래로 줄어, 코로나 거리 두기 여파로 취"",""role_status"":""미분류""},{""mention_id"":""n4"",""expression"":""22만명"",""start"":54,""end"":58,""context"":""어, 코로나 거리 두기 여파로 취업자 수가 22만명 가까이 감소했던 2020년 이후 최악의 고"",""role_status"":""미분류""},{""mention_id"":""n5"",""expression"":""2020년"",""start"":68,""end"":73,""context"":""파로 취업자 수가 22만명 가까이 감소했던 2020년 이후 최악의 고용 성적표를 기록했다."",""role_status"":""미분류""}]",[],COMPLETE
1,D1 정확한 값·단순 좌표,정확한 값 직접 비교,월간,월간,공식값 1개,기사값과 공식값의 단위 정규화 후 직접 비교,단순 좌표,수치 1개,KOSIS 공식 API,묶음 실행 가능,공식 좌표 1개·공식값·공표정보를 확보하고 허용오차/부등호로 판정,A00202_5,"15일 통계청이 발표한 ‘2024년 12월 및 연간 고용 동향’에 따르면, 지난달 취업자 수는 2804만1000명으로 전년 동월 대비 5만2000명 감소했다.",HOLD,KOSIS_METADATA_UNAVAILABLE,직접값 확인,직접값 확인,2025-01-16,취업자 수,28041000,명,2024-12,M,KOSIS 정규 통계표,KOSIS 공식 구조 확인,KOSIS 표의 항목·기간·분류 구조 조회를 완료하지 못함,공식값 1개 직접 비교,calculation=DIRECT_VALUE | 세부문제유형=OFFICIAL_METADATA_LOOKUP | 최신결과사유=KOSIS_METADATA_UNAVAILABLE,12개 슬롯 + 통합 원장 진단 규칙,확정,A00202,5,,,,,"{""claimed_operands"": ""[{'raw': '5만2000명', 'value': 52000.0, 'unit': '명'}]""}",DIRECT_VALUE,"{""direction"": ""DECREASE""}",통계청,UNDETERMINED,OFFICIAL_METADATA_LOOKUP,KOSIS_METADATA_UNAVAILABLE,,,,,,,,,,,5,15일 | 2024년 | 12월 | 2804만1000명 | 5만2000명,"[{""mention_id"":""n1"",""expression"":""15일"",""start"":0,""end"":3,""context"":""15일 통계청이 발표한 ‘2024년 12월 및 연"",""role_status"":""미분류""},{""mention_id"":""n2"",""expression"":""2024년"",""start"":14,""end"":19,""context"":""15일 통계청이 발표한 ‘2024년 12월 및 연간 고용 동향’에 따르면, 지"",""role_status"":""미분류""},{""mention_id"":""n3"",""expression"":""12월"",""start"":20,""end"":23,""context"":""15일 통계청이 발표한 ‘2024년 12월 및 연간 고용 동향’에 따르면, 지난달 취"",""role_status"":""미분류""},{""mention_id"":""n4"",""expression"":""2804만1000명"",""start"":53,""end"":63,""context"":""고용 동향’에 따르면, 지난달 취업자 수는 2804만1000명으로 전년 동월 대비 5만2000명 감소했다"",""role_status"":""미분류""},{""mention_id"":""n5"",""expression"":""5만2000명"",""start"":75,""end"":82,""context"":""는 2804만1000명으로 전년 동월 대비 5만2000명 감소했다."",""role_status"":""미분류""}]",[],COMPLETE
1,D1 정확한 값·단순 좌표,정확한 값 직접 비교,연간,연간,공식값 1개,기사값과 공식값의 단위 정규화 후 직접 비교,단순 좌표,수치 3개,KOSIS 공식 API,묶음 실행 가능,공식 좌표 1개·공식값·공표정보를 확보하고 허용오차/부등호로 판정,A00231_10,"지난 2022년 폴란드에 48대, 2023년 말레이시아에 18대를 수출하는 등 누적 수출액만 78억달러(약 11조3700억원)에 달한다.",HOLD,NO_HARD_GUARD_CANDIDATE,직접값 확인,직접값 확인,2025-01-18,수출액,48,대,2022,Y,KOSIS 정규 통계표,필수 조건 검사,기간·단위·지역 등 필수 조건을 모두 만족하는 공식 통계표 후보가 없음,공식값 1개 직접 비교,calculation=DIRECT_VALUE | 세부문제유형=HARD_GUARD_ALIAS | 최신결과사유=NO_HARD_GUARD_CANDIDATE,12개 슬롯 + 통합 원장 진단 규칙,확정,A00231,10,,,,,"{""claimed_operands"": ""[{'raw': '18대', 'value': 18.0, 'unit': '대'}, {'raw': '78억달러', 'value': 7800000000.0, 'unit': '달러'}, {'raw': '11조3700억원', 'value': 11370000000000.0, 'unit': '원'}]""}",DIRECT_VALUE,,,UNDETERMINED,HARD_GUARD_ALIAS,NO_HARD_GUARD_CANDIDATE,,,,,,,,,,,6,2022년 | 48대 | 2023년 | 18대 | 78억달러 | 11조3700억원,"[{""mention_id"":""n1"",""expression"":""2022년"",""start"":3,""end"":8,""context"":""지난 2022년 폴란드에 48대, 2023년 말레이시아에 "",""role_status"":""미분류""},{""mention_id"":""n2"",""expression"":""48대"",""start"":14,""end"":17,""context"":""지난 2022년 폴란드에 48대, 2023년 말레이시아에 18대를 수출하는"",""role_status"":""미분류""},{""mention_id"":""n3"",""expression"":""2023년"",""start"":19,""end"":24,""context"":""지난 2022년 폴란드에 48대, 2023년 말레이시아에 18대를 수출하는 등 누적 수"",""role_status"":""미분류""},{""mention_id"":""n4"",""expression"":""18대"",""start"":32,""end"":35,""context"":"" 폴란드에 48대, 2023년 말레이시아에 18대를 수출하는 등 누적 수출액만 78억달러(약"",""role_status"":""미분류""},{""mention_id"":""n5"",""expression"":""78억달러"",""start"":52,""end"":57,""context"":""시아에 18대를 수출하는 등 누적 수출액만 78억달러(약 11조3700억원)에 달한다."",""role_status"":""미분류""},{""mention_id"":""n6"",""expression"":""11조3700억원"",""start"":60,""end"":69,""context"":"" 수출하는 등 누적 수출액만 78억달러(약 11조3700억원)에 달한다."",""role_status"":""미분류""}]",[],COMPLETE
1,D1 정확한 값·단순 좌표,정확한 값 직접 비교,분기,분기,공식값 1개,기사값과 공식값의 단위 정규화 후 직접 비교,단순 좌표,수치 2개,KOSIS 공식 API,묶음 실행 가능,공식 좌표 1개·공식값·공표정보를 확보하고 허용오차/부등호로 판정,A00254_17,이어 “건설투자도 12월 중 아파트 분양실적(2만1000호)이 당초 계획(2만5000호)를 17.2% 가량 하회하는 등 4분기 중 부진이 더 심화됐다”고 설명했다.,HOLD,NO_EVIDENCE_COORDINATE_CANDIDATE,직접값 확인,직접값 확인,2025-01-20,건설투자,21000,호,2025-Q4,Q,KOSIS 정규 통계표,필수 조건 검사,공식 구조는 확인했지만 실제 값을 조회할 좌표를 확정하지 못함,공식값 1개 직접 비교,calculation=DIRECT_VALUE | 세부문제유형=COORDINATE_GENERAL | 최신결과사유=NO_EVIDENCE_COORDINATE_CANDIDATE,12개 슬롯 + 통합 원장 진단 규칙,확정,A00254,17,,,,,"{""claimed_operands"": ""[{'raw': '2만5000호', 'value': 25000.0, 'unit': '호'}, {'raw': '17.2%', 'value': 17.2, 'unit': '%'}]""}",DIRECT_VALUE,,,UNDETERMINED,COORDINATE_GENERAL,NO_EVIDENCE_COORDINATE_CANDIDATE,,,,,,,,,,,5,12월 | 2만1000호 | 2만5000호 | 17.2% | 4분기,"[{""mention_id"":""n1"",""expression"":""12월"",""start"":10,""end"":13,""context"":""이어 “건설투자도 12월 중 아파트 분양실적(2만1000호)이 당초"",""role_status"":""미분류""},{""mention_id"":""n2"",""expression"":""2만1000호"",""start"":25,""end"":32,""context"":""어 “건설투자도 12월 중 아파트 분양실적(2만1000호)이 당초 계획(2만5000호)를 17.2%"",""role_status"":""미분류""},{""mention_id"":""n3"",""expression"":""2만5000호"",""start"":41,""end"":48,""context"":""파트 분양실적(2만1000호)이 당초 계획(2만5000호)를 17.2% 가량 하회하는 등 4분기 중"",""role_status"":""미분류""},{""mention_id"":""n4"",""expression"":""17.2%"",""start"":51,""end"":56,""context"":""1000호)이 당초 계획(2만5000호)를 17.2% 가량 하회하는 등 4분기 중 부진이 더 심"",""role_status"":""미분류""},{""mention_id"":""n5"",""expression"":""4분기"",""start"":67,""end"":70,""context"":""5000호)를 17.2% 가량 하회하는 등 4분기 중 부진이 더 심화됐다”고 설명했다."",""role_status"":""미분류""}]",[],COMPLETE
1,D1 정확한 값·단순 좌표,정확한 값 직접 비교,연간,연간,공식값 1개,기사값과 공식값의 단위 정규화 후 직접 비교,단순 좌표,기사 수치 없음,KOSIS 공식 API,묶음 실행 가능,공식 좌표 1개·공식값·공표정보를 확보하고 허용오차/부등호로 판정,A00268_14,무역 수지도 518억 달러 흑자로 2021년 이후 3년 만에 흑자로 돌아섰다.,HOLD,KOSIS_METADATA_UNAVAILABLE,직접값 확인,직접값 확인,2025-01-21,무역수지,51800000000,달러,2021,Y,KOSIS 정규 통계표,KOSIS 공식 구조 확인,KOSIS 표의 항목·기간·분류 구조 조회를 완료하지 못함,공식값 1개 직접 비교,calculation=DIRECT_VALUE | 세부문제유형=OFFICIAL_METADATA_LOOKUP | 최신결과사유=KOSIS_METADATA_UNAVAILABLE,12개 슬롯 + 통합 원장 진단 규칙,확정,A00268,14,,,,,,DIRECT_VALUE,,,UNDETERMINED,OFFICIAL_METADATA_LOOKUP,KOSIS_METADATA_UNAVAILABLE,,,,,,,,,,,3,518억 달러 | 2021년 | 3년,"[{""mention_id"":""n1"",""expression"":""518억 달러"",""start"":7,""end"":14,""context"":""무역 수지도 518억 달러 흑자로 2021년 이후 3년 만에 흑자로 "",""role_status"":""미분류""},{""mention_id"":""n2"",""expression"":""2021년"",""start"":19,""end"":24,""context"":""무역 수지도 518억 달러 흑자로 2021년 이후 3년 만에 흑자로 돌아섰다."",""role_status"":""미분류""},{""mention_id"":""n3"",""expression"":""3년"",""start"":28,""end"":30,""context"":""지도 518억 달러 흑자로 2021년 이후 3년 만에 흑자로 돌아섰다."",""role_status"":""미분류""}]",[],COMPLETE
1,D1 정확한 값·단순 좌표,정확한 값 직접 비교,월간,월간,공식값 1개,기사값과 공식값의 단위 정규화 후 직접 비교,단순 좌표,수치 2개,KOSIS 공식 API,묶음 실행 가능,공식 좌표 1개·공식값·공표정보를 확보하고 허용오차/부등호로 판정,A00278_9,더불어민주당 정일영 의원실에 따르면 작년 11월 기준 보수 성향 유튜버의 수퍼챗 수입 상위 7개 채널 중 6개의 지난달 수퍼챗 수익은 한 달 새 평균 2.1배 늘어났다.,HOLD,NO_HARD_GUARD_CANDIDATE,직접값 확인,직접값 확인,2025-01-22,수입액,7,개,2024-11,M,KOSIS 정규 통계표,필수 조건 검사,기간·단위·지역 등 필수 조건을 모두 만족하는 공식 통계표 후보가 없음,공식값 1개 직접 비교,calculation=DIRECT_VALUE | 세부문제유형=HARD_GUARD_ALIAS | 최신결과사유=NO_HARD_GUARD_CANDIDATE,12개 슬롯 + 통합 원장 진단 규칙,확정,A00278,9,,,,,"{""claimed_operands"": ""[{'raw': '6개', 'value': 6.0, 'unit': '개'}, {'raw': '2.1배', 'value': 2.1, 'unit': '배'}]""}",DIRECT_VALUE,"{""direction"": ""INCREASE""}",,UNDETERMINED,HARD_GUARD_ALIAS,NO_HARD_GUARD_CANDIDATE,,,,,,,,,,,5,11월 | 7개 | 6개 | 한 달 | 2.1배,"[{""mention_id"":""n1"",""expression"":""11월"",""start"":23,""end"":26,""context"":""더불어민주당 정일영 의원실에 따르면 작년 11월 기준 보수 성향 유튜버의 수퍼챗 수입 상위"",""role_status"":""미분류""},{""mention_id"":""n2"",""expression"":""7개"",""start"":51,""end"":53,""context"":""기준 보수 성향 유튜버의 수퍼챗 수입 상위 7개 채널 중 6개의 지난달 수퍼챗 수익은 한 "",""role_status"":""미분류""},{""mention_id"":""n3"",""expression"":""6개"",""start"":59,""end"":61,""context"":"" 유튜버의 수퍼챗 수입 상위 7개 채널 중 6개의 지난달 수퍼챗 수익은 한 달 새 평균 2"",""role_status"":""미분류""},{""mention_id"":""n4"",""expression"":""한 달"",""start"":75,""end"":78,""context"":""7개 채널 중 6개의 지난달 수퍼챗 수익은 한 달 새 평균 2.1배 늘어났다."",""role_status"":""미분류""},{""mention_id"":""n5"",""expression"":""2.1배"",""start"":84,""end"":88,""context"":""개의 지난달 수퍼챗 수익은 한 달 새 평균 2.1배 늘어났다."",""role_status"":""미분류""}]",[],COMPLETE
1,D1 정확한 값·단순 좌표,정확한 값 직접 비교,연간,연간,공식값 1개,기사값과 공식값의 단위 정규화 후 직접 비교,단순 좌표,기사 수치 없음,KOSIS 공식 API,묶음 실행 가능,공식 좌표 1개·공식값·공표정보를 확보하고 허용오차/부등호로 판정,A00279_23,"행정안전부는 2024년 주민등록 인구통계를 분석한 결과, 출생자 수가 24만2334명으로 202... 김희래 기자 법무부, 검찰, 고위공직자범죄수사처를 취재합니다.",HOLD,NO_EVIDENCE_COORDINATE_CANDIDATE,직접값 확인,직접값 확인,2025-01-22,총인구,242334,명,2024,Y,KOSIS 정규 통계표,필수 조건 검사,공식 구조는 확인했지만 실제 값을 조회할 좌표를 확정하지 못함,공식값 1개 직접 비교,calculation=DIRECT_VALUE | 세부문제유형=COORDINATE_GENERAL | 최신결과사유=NO_EVIDENCE_COORDINATE_CANDIDATE,12개 슬롯 + 통합 원장 진단 규칙,확정,A00279,23,,,,,,DIRECT_VALUE,,행정안전부,UNDETERMINED,COORDINATE_GENERAL,NO_EVIDENCE_COORDINATE_CANDIDATE,,,,,,,,,,,3,2024년 | 24만2334명 | 202...,"[{""mention_id"":""n1"",""expression"":""2024년"",""start"":7,""end"":12,""context"":""행정안전부는 2024년 주민등록 인구통계를 분석한 결과, 출생자 "",""role_status"":""미분류""},{""mention_id"":""n2"",""expression"":""24만2334명"",""start"":39,""end"":47,""context"":""등록 인구통계를 분석한 결과, 출생자 수가 24만2334명으로 202... 김희래 기자 법무부, 검찰"",""role_status"":""미분류""},{""mention_id"":""n3"",""expression"":""202..."",""start"":50,""end"":56,""context"":""한 결과, 출생자 수가 24만2334명으로 202... 김희래 기자 법무부, 검찰, 고위공직자범죄"",""role_status"":""미분류""}]",[],COMPLETE
1,D1 정확한 값·단순 좌표,정확한 값 직접 비교,연간,연간,공식값 1개,기사값과 공식값의 단위 정규화 후 직접 비교,단순 좌표,수치 1개,KOSIS 공식 API,묶음 실행 가능,공식 좌표 1개·공식값·공표정보를 확보하고 허용오차/부등호로 판정,A00279_8,5개월 연속 출생아 수가 늘어난 것은 2015년 3~7월 이후 9년 4개월 만에 처음이다.,HOLD,KOSIS_METADATA_UNAVAILABLE,직접값 확인,직접값 확인,2025-01-22,출생아 수,5,개,2015,Y,KOSIS 정규 통계표,KOSIS 공식 구조 확인,KOSIS 표의 항목·기간·분류 구조 조회를 완료하지 못함,공식값 1개 직접 비교,calculation=DIRECT_VALUE | 세부문제유형=OFFICIAL_METADATA_LOOKUP | 최신결과사유=KOSIS_METADATA_UNAVAILABLE,12개 슬롯 + 통합 원장 진단 규칙,확정,A00279,8,,,,,"{""claimed_operands"": ""[{'raw': '4개', 'value': 4.0, 'unit': '개'}]""}",DIRECT_VALUE,"{""direction"": ""INCREASE""}",,UNDETERMINED,OFFICIAL_METADATA_LOOKUP,KOSIS_METADATA_UNAVAILABLE,,,,,,,,,,,5,5개월 | 2015년 | 3~7월 | 9년 | 4개월,"[{""mention_id"":""n1"",""expression"":""5개월"",""start"":0,""end"":3,""context"":""5개월 연속 출생아 수가 늘어난 것은 2015년 "",""role_status"":""미분류""},{""mention_id"":""n2"",""expression"":""2015년"",""start"":21,""end"":26,""context"":""5개월 연속 출생아 수가 늘어난 것은 2015년 3~7월 이후 9년 4개월 만에 처음이다."",""role_status"":""미분류""},{""mention_id"":""n3"",""expression"":""3~7월"",""start"":27,""end"":31,""context"":"" 연속 출생아 수가 늘어난 것은 2015년 3~7월 이후 9년 4개월 만에 처음이다."",""role_status"":""미분류""},{""mention_id"":""n4"",""expression"":""9년"",""start"":35,""end"":37,""context"":""수가 늘어난 것은 2015년 3~7월 이후 9년 4개월 만에 처음이다."",""role_status"":""미분류""},{""mention_id"":""n5"",""expression"":""4개월"",""start"":38,""end"":41,""context"":""늘어난 것은 2015년 3~7월 이후 9년 4개월 만에 처음이다."",""role_status"":""미분류""}]",[],COMPLETE
1,D1 정확한 값·단순 좌표,정확한 값 직접 비교,연간,연간,공식값 1개,기사값과 공식값의 단위 정규화 후 직접 비교,단순 좌표,기사 수치 없음,KOSIS 공식 API,묶음 실행 가능,공식 좌표 1개·공식값·공표정보를 확보하고 허용오차/부등호로 판정,A00292_6,"통계청의 연간 통계는 아직 나오기 전이지만, 지난 3일 행정안전부의 주민등록 인구 통계에 따르면 작년 출생아 수는 24만2334명으로 9년 만에 처음으로 증가했다.",HOLD,NO_EVIDENCE_COORDINATE_CANDIDATE,직접값 확인,직접값 확인,2025-01-23,출생아 수,242334,명,2024,Y,KOSIS 정규 통계표,필수 조건 검사,공식 구조는 확인했지만 실제 값을 조회할 좌표를 확정하지 못함,공식값 1개 직접 비교,calculation=DIRECT_VALUE | 세부문제유형=COORDINATE_GENERAL | 최신결과사유=NO_EVIDENCE_COORDINATE_CANDIDATE,12개 슬롯 + 통합 원장 진단 규칙,확정,A00292,6,,,,,,DIRECT_VALUE,"{""direction"": ""INCREASE""}",통계청 | 행정안전부,UNDETERMINED,COORDINATE_GENERAL,NO_EVIDENCE_COORDINATE_CANDIDATE,,,,,,,,,,,3,3일 | 24만2334명 | 9년,"[{""mention_id"":""n1"",""expression"":""3일"",""start"":28,""end"":30,""context"":"" 연간 통계는 아직 나오기 전이지만, 지난 3일 행정안전부의 주민등록 인구 통계에 따르면 "",""role_status"":""미분류""},{""mention_id"":""n2"",""expression"":""24만2334명"",""start"":64,""end"":72,""context"":""등록 인구 통계에 따르면 작년 출생아 수는 24만2334명으로 9년 만에 처음으로 증가했다."",""role_status"":""미분류""},{""mention_id"":""n3"",""expression"":""9년"",""start"":75,""end"":77,""context"":""르면 작년 출생아 수는 24만2334명으로 9년 만에 처음으로 증가했다."",""role_status"":""미분류""}]",[],COMPLETE
1,D1 정확한 값·단순 좌표,정확한 값 직접 비교,연간,연간,공식값 1개,기사값과 공식값의 단위 정규화 후 직접 비교,단순 좌표,기사 수치 없음,KOSIS 공식 API,묶음 실행 가능,공식 좌표 1개·공식값·공표정보를 확보하고 허용오차/부등호로 판정,A00298_10,한은은 올해 연간 성장률 중 건설 투자 부분이 -1.3% 수준일 것으로 봤다.,HOLD,KOSIS_CATALOG_UNAVAILABLE,직접값 확인,직접값 확인,2025-01-23,건설투자,1.3,%,2025,Y,KOSIS 정규 통계표,KOSIS 통계표 검색,KOSIS 통계표 검색 요청을 완료하지 못함,공식값 1개 직접 비교,calculation=DIRECT_VALUE | 세부문제유형=OFFICIAL_CATALOG_SEARCH | 최신결과사유=KOSIS_CATALOG_UNAVAILABLE,12개 슬롯 + 통합 원장 진단 규칙,확정,A00298,10,,,,,,DIRECT_VALUE,,,,OFFICIAL_CATALOG_SEARCH,KOSIS_CATALOG_UNAVAILABLE,,,,,,,,,,,1,-1.3%,"[{""mention_id"":""n1"",""expression"":""-1.3%"",""start"":26,""end"":31,""context"":""은 올해 연간 성장률 중 건설 투자 부분이 -1.3% 수준일 것으로 봤다."",""role_status"":""미분류""}]",[],COMPLETE
1,D1 정확한 값·단순 좌표,정확한 값 직접 비교,연간,연간,공식값 1개,기사값과 공식값의 단위 정규화 후 직접 비교,단순 좌표,수치 1개,KOSIS 공식 API,묶음 실행 가능,공식 좌표 1개·공식값·공표정보를 확보하고 허용오차/부등호로 판정,A00298_3,작년 연간 경제성장률은 2%로 잠재성장률(2%)을 간신히 지켰다.,HOLD,LOW_SEMANTIC_SCORE,직접값 확인,직접값 확인,2025-01-23,경제성장률,2,%,2024,Y,KOSIS 정규 통계표,공식값 좌표 확정,기사 지표와 공식 통계 개념의 의미 일치도가 부족함,공식값 1개 직접 비교,calculation=DIRECT_VALUE | 세부문제유형=SEMANTIC_LOW_SCORE | 최신결과사유=LOW_SEMANTIC_SCORE,12개 슬롯 + 통합 원장 진단 규칙,확정,A00298,3,,,,,"{""claimed_operands"": ""[{'raw': '2%', 'value': 2.0, 'unit': '%'}]""}",DIRECT_VALUE,,,UNDETERMINED,SEMANTIC_LOW_SCORE,LOW_SEMANTIC_SCORE,,,,,,,,,,,2,2% | 2%,"[{""mention_id"":""n1"",""expression"":""2%"",""start"":13,""end"":15,""context"":""작년 연간 경제성장률은 2%로 잠재성장률(2%)을 간신히 지켰다."",""role_status"":""미분류""},{""mention_id"":""n2"",""expression"":""2%"",""start"":23,""end"":25,""context"":""작년 연간 경제성장률은 2%로 잠재성장률(2%)을 간신히 지켰다."",""role_status"":""미분류""}]",[],COMPLETE
1,D1 정확한 값·단순 좌표,정확한 값 직접 비교,분기,분기,공식값 1개,기사값과 공식값의 단위 정규화 후 직접 비교,단순 좌표,수치 3개,KOSIS 공식 API,묶음 실행 가능,공식 좌표 1개·공식값·공표정보를 확보하고 허용오차/부등호로 판정,A00308_14,"경제 성장률에 얼마나 영향을 미쳤는지 보여주는 성장기여도는 순수출(수출-수입)이 작년 3분기 -0.8%포인트에서 4분기 0.1%포인트로 올라갔으나, 내수는 0.8%포인트에서 0%포인트로 추락했다.",HOLD,NO_HARD_GUARD_CANDIDATE,직접값 확인,직접값 확인,2025-01-24,수출액,0.8,%p,2024-Q3,Q,KOSIS 정규 통계표,필수 조건 검사,기간·단위·지역 등 필수 조건을 모두 만족하는 공식 통계표 후보가 없음,공식값 1개 직접 비교,calculation=DIRECT_VALUE | 세부문제유형=HARD_GUARD_ALIAS | 최신결과사유=NO_HARD_GUARD_CANDIDATE,12개 슬롯 + 통합 원장 진단 규칙,확정,A00308,14,,,,,"{""claimed_operands"": ""[{'raw': '0.1%포인트', 'value': 0.1, 'unit': '%p'}, {'raw': '0.8%포인트', 'value': 0.8, 'unit': '%p'}, {'raw': '0%포인트', 'value': 0.0, 'unit': '%p'}]""}",DIRECT_VALUE,"{""direction"": ""INCREASE""}",,UNDETERMINED,HARD_GUARD_ALIAS,NO_HARD_GUARD_CANDIDATE,,,,,,,,,,,6,3분기 | -0.8%포인트 | 4분기 | 0.1%포인트 | 0.8%포인트 | 0%포인트,"[{""mention_id"":""n1"",""expression"":""3분기"",""start"":48,""end"":51,""context"":""는 성장기여도는 순수출(수출-수입)이 작년 3분기 -0.8%포인트에서 4분기 0.1%포인트로"",""role_status"":""미분류""},{""mention_id"":""n2"",""expression"":""-0.8%포인트"",""start"":52,""end"":60,""context"":""기여도는 순수출(수출-수입)이 작년 3분기 -0.8%포인트에서 4분기 0.1%포인트로 올라갔으나, 내"",""role_status"":""미분류""},{""mention_id"":""n3"",""expression"":""4분기"",""start"":63,""end"":66,""context"":""-수입)이 작년 3분기 -0.8%포인트에서 4분기 0.1%포인트로 올라갔으나, 내수는 0.8"",""role_status"":""미분류""},{""mention_id"":""n4"",""expression"":""0.1%포인트"",""start"":67,""end"":74,""context"":""이 작년 3분기 -0.8%포인트에서 4분기 0.1%포인트로 올라갔으나, 내수는 0.8%포인트에서 0"",""role_status"":""미분류""},{""mention_id"":""n5"",""expression"":""0.8%포인트"",""start"":87,""end"":94,""context"":""4분기 0.1%포인트로 올라갔으나, 내수는 0.8%포인트에서 0%포인트로 추락했다."",""role_status"":""미분류""},{""mention_id"":""n6"",""expression"":""0%포인트"",""start"":97,""end"":102,""context"":""트로 올라갔으나, 내수는 0.8%포인트에서 0%포인트로 추락했다."",""role_status"":""미분류""}]",[],COMPLETE
1,D1 정확한 값·단순 좌표,정확한 값 직접 비교,분기,분기,공식값 1개,기사값과 공식값의 단위 정규화 후 직접 비교,단순 좌표,수치 1개,KOSIS 공식 API,묶음 실행 가능,공식 좌표 1개·공식값·공표정보를 확보하고 허용오차/부등호로 판정,A00308_6,그나마 수출이 잘됐던 작년 1분기(1.3%) 덕에 2% 턱걸이를 했다.,HOLD,NO_HARD_GUARD_CANDIDATE,직접값 확인,직접값 확인,2025-01-24,수출액,1.3,%,2024-Q1,Q,KOSIS 정규 통계표,필수 조건 검사,기간·단위·지역 등 필수 조건을 모두 만족하는 공식 통계표 후보가 없음,공식값 1개 직접 비교,calculation=DIRECT_VALUE | 세부문제유형=HARD_GUARD_ALIAS | 최신결과사유=NO_HARD_GUARD_CANDIDATE,12개 슬롯 + 통합 원장 진단 규칙,확정,A00308,6,,,,,"{""claimed_operands"": ""[{'raw': '2%', 'value': 2.0, 'unit': '%'}]""}",DIRECT_VALUE,,,UNDETERMINED,HARD_GUARD_ALIAS,NO_HARD_GUARD_CANDIDATE,,,,,,,,,,,3,1분기 | 1.3% | 2%,"[{""mention_id"":""n1"",""expression"":""1분기"",""start"":15,""end"":18,""context"":""그나마 수출이 잘됐던 작년 1분기(1.3%) 덕에 2% 턱걸이를 했다."",""role_status"":""미분류""},{""mention_id"":""n2"",""expression"":""1.3%"",""start"":19,""end"":23,""context"":""그나마 수출이 잘됐던 작년 1분기(1.3%) 덕에 2% 턱걸이를 했다."",""role_status"":""미분류""},{""mention_id"":""n3"",""expression"":""2%"",""start"":28,""end"":30,""context"":""수출이 잘됐던 작년 1분기(1.3%) 덕에 2% 턱걸이를 했다."",""role_status"":""미분류""}]",[],COMPLETE
1,D1 정확한 값·단순 좌표,정확한 값 직접 비교,연간,연간,공식값 1개,기사값과 공식값의 단위 정규화 후 직접 비교,단순 좌표,수치 1개,KOSIS 공식 API,묶음 실행 가능,공식 좌표 1개·공식값·공표정보를 확보하고 허용오차/부등호로 판정,A00353_15,"2022년에도 39.1%로, 40% 가까운 이들이 법인 명의로 수입차를 등록했다.",HOLD,NO_EVIDENCE_COORDINATE_CANDIDATE,직접값 확인,직접값 확인,2025-01-28,수입액,39.1,%,2022,Y,KOSIS 정규 통계표,필수 조건 검사,공식 구조는 확인했지만 실제 값을 조회할 좌표를 확정하지 못함,공식값 1개 직접 비교,calculation=DIRECT_VALUE | 세부문제유형=COORDINATE_GENERAL | 최신결과사유=NO_EVIDENCE_COORDINATE_CANDIDATE,12개 슬롯 + 통합 원장 진단 규칙,확정,A00353,15,,,,,"{""claimed_operands"": ""[{'raw': '40%', 'value': 40.0, 'unit': '%'}]""}",DIRECT_VALUE,,,UNDETERMINED,COORDINATE_GENERAL,NO_EVIDENCE_COORDINATE_CANDIDATE,,,,,,,,,,,3,2022년 | 39.1% | 40%,"[{""mention_id"":""n1"",""expression"":""2022년"",""start"":0,""end"":5,""context"":""2022년에도 39.1%로, 40% 가까운 이들이 법"",""role_status"":""미분류""},{""mention_id"":""n2"",""expression"":""39.1%"",""start"":8,""end"":13,""context"":""2022년에도 39.1%로, 40% 가까운 이들이 법인 명의로 수입"",""role_status"":""미분류""},{""mention_id"":""n3"",""expression"":""40%"",""start"":16,""end"":19,""context"":""2022년에도 39.1%로, 40% 가까운 이들이 법인 명의로 수입차를 등록했"",""role_status"":""미분류""}]",[],COMPLETE
1,D1 정확한 값·단순 좌표,정확한 값 직접 비교,연간,연간,공식값 1개,기사값과 공식값의 단위 정규화 후 직접 비교,단순 좌표,수치 1개,KOSIS 공식 API,묶음 실행 가능,공식 좌표 1개·공식값·공표정보를 확보하고 허용오차/부등호로 판정,A00354_13,"50년 후 먼 미래가 아니더라도, 불과 25년 후인 2050년에 생산연령인구 1.3명이 고령 인구 1명을 부양해야 한다.",HOLD,NO_HARD_GUARD_CANDIDATE,직접값 확인,직접값 확인,2025-01-28,고령인구 수,1.3,명,2050,Y,KOSIS 정규 통계표,필수 조건 검사,기간·단위·지역 등 필수 조건을 모두 만족하는 공식 통계표 후보가 없음,공식값 1개 직접 비교,calculation=DIRECT_VALUE | 세부문제유형=HARD_GUARD_ALIAS | 최신결과사유=NO_HARD_GUARD_CANDIDATE,12개 슬롯 + 통합 원장 진단 규칙,확정,A00354,13,,,,,"{""claimed_operands"": ""[{'raw': '1명', 'value': 1.0, 'unit': '명'}]""}",DIRECT_VALUE,,,UNDETERMINED,HARD_GUARD_ALIAS,NO_HARD_GUARD_CANDIDATE,,,,,,,,,,,5,50년 | 25년 | 2050년 | 1.3명 | 1명,"[{""mention_id"":""n1"",""expression"":""50년"",""start"":0,""end"":3,""context"":""50년 후 먼 미래가 아니더라도, 불과 25년 후"",""role_status"":""미분류""},{""mention_id"":""n2"",""expression"":""25년"",""start"":22,""end"":25,""context"":""50년 후 먼 미래가 아니더라도, 불과 25년 후인 2050년에 생산연령인구 1.3명이 "",""role_status"":""미분류""},{""mention_id"":""n3"",""expression"":""2050년"",""start"":29,""end"":34,""context"":"" 먼 미래가 아니더라도, 불과 25년 후인 2050년에 생산연령인구 1.3명이 고령 인구 1명을"",""role_status"":""미분류""},{""mention_id"":""n4"",""expression"":""1.3명"",""start"":43,""end"":47,""context"":""불과 25년 후인 2050년에 생산연령인구 1.3명이 고령 인구 1명을 부양해야 한다."",""role_status"":""미분류""},{""mention_id"":""n5"",""expression"":""1명"",""start"":55,""end"":57,""context"":""50년에 생산연령인구 1.3명이 고령 인구 1명을 부양해야 한다."",""role_status"":""미분류""}]",[],COMPLETE
1,D1 정확한 값·단순 좌표,정확한 값 직접 비교,연간,연간,공식값 1개,기사값과 공식값의 단위 정규화 후 직접 비교,단순 좌표,수치 1개,KOSIS 공식 API,묶음 실행 가능,공식 좌표 1개·공식값·공표정보를 확보하고 허용오차/부등호로 판정,A00368_19,"◇2년 연속 취업자 증가폭 10만명대 그칠 듯 정부도 대내·외 불확실성을 고려해, 올해 경제정책방향을 발표하면서 올해 취업자 수 증가폭을 12만명으로 내다봤다.",HOLD,KOSIS_METADATA_UNAVAILABLE,직접값 확인,직접값 확인,2025-01-29,취업자 수,100000,명,2025,Y,KOSIS 정규 통계표,KOSIS 공식 구조 확인,KOSIS 표의 항목·기간·분류 구조 조회를 완료하지 못함,공식값 1개 직접 비교,calculation=DIRECT_VALUE | 세부문제유형=OFFICIAL_METADATA_LOOKUP | 최신결과사유=KOSIS_METADATA_UNAVAILABLE,12개 슬롯 + 통합 원장 진단 규칙,확정,A00368,19,,,,,"{""claimed_operands"": ""[{'raw': '12만명', 'value': 120000.0, 'unit': '명'}]""}",DIRECT_VALUE,"{""direction"": ""INCREASE""}",,UNDETERMINED,OFFICIAL_METADATA_LOOKUP,KOSIS_METADATA_UNAVAILABLE,,,,,,,,,,,3,2년 | 10만명 | 12만명,"[{""mention_id"":""n1"",""expression"":""2년"",""start"":1,""end"":3,""context"":""◇2년 연속 취업자 증가폭 10만명대 그칠 듯 정"",""role_status"":""미분류""},{""mention_id"":""n2"",""expression"":""10만명"",""start"":15,""end"":19,""context"":""◇2년 연속 취업자 증가폭 10만명대 그칠 듯 정부도 대내·외 불확실성을 고려"",""role_status"":""미분류""},{""mention_id"":""n3"",""expression"":""12만명"",""start"":77,""end"":81,""context"":""방향을 발표하면서 올해 취업자 수 증가폭을 12만명으로 내다봤다."",""role_status"":""미분류""}]",[],COMPLETE
1,D1 정확한 값·단순 좌표,정확한 값 직접 비교,연간,연간,공식값 1개,기사값과 공식값의 단위 정규화 후 직접 비교,단순 좌표,수치 1개,KOSIS 공식 API,묶음 실행 가능,공식 좌표 1개·공식값·공표정보를 확보하고 허용오차/부등호로 판정,A00399_21,"2017년 트럼프 1기가 시작했을 때 물가(2.1%)보다 훨씬 높고, 트럼프 1기 때 가장 높았던 물가(2018년 6~7월 2.9%)와 같은 수준이다.",HOLD,KOSIS_METADATA_UNAVAILABLE,직접값 확인,직접값 확인,2025-01-31,물가상승률,2.1,%,2017,Y,KOSIS 정규 통계표,KOSIS 공식 구조 확인,KOSIS 표의 항목·기간·분류 구조 조회를 완료하지 못함,공식값 1개 직접 비교,calculation=DIRECT_VALUE | 세부문제유형=OFFICIAL_METADATA_LOOKUP | 최신결과사유=KOSIS_METADATA_UNAVAILABLE,12개 슬롯 + 통합 원장 진단 규칙,확정,A00399,21,,,,,"{""claimed_operands"": ""[{'raw': '2.9%', 'value': 2.9, 'unit': '%'}]""}",DIRECT_VALUE,,,UNDETERMINED,OFFICIAL_METADATA_LOOKUP,KOSIS_METADATA_UNAVAILABLE,,,,,,,,,,,7,2017년 | 1 | 2.1% | 1 | 2018년 | 6~7월 | 2.9%,"[{""mention_id"":""n1"",""expression"":""2017년"",""start"":0,""end"":5,""context"":""2017년 트럼프 1기가 시작했을 때 물가(2.1%)"",""role_status"":""미분류""},{""mention_id"":""n2"",""expression"":""1"",""start"":10,""end"":11,""context"":""2017년 트럼프 1기가 시작했을 때 물가(2.1%)보다 훨씬 "",""role_status"":""미분류""},{""mention_id"":""n3"",""expression"":""2.1%"",""start"":24,""end"":28,""context"":""2017년 트럼프 1기가 시작했을 때 물가(2.1%)보다 훨씬 높고, 트럼프 1기 때 가장 높"",""role_status"":""미분류""},{""mention_id"":""n4"",""expression"":""1"",""start"":43,""end"":44,""context"":""때 물가(2.1%)보다 훨씬 높고, 트럼프 1기 때 가장 높았던 물가(2018년 6~7월"",""role_status"":""미분류""},{""mention_id"":""n5"",""expression"":""2018년"",""start"":58,""end"":63,""context"":"" 높고, 트럼프 1기 때 가장 높았던 물가(2018년 6~7월 2.9%)와 같은 수준이다."",""role_status"":""미분류""},{""mention_id"":""n6"",""expression"":""6~7월"",""start"":64,""end"":68,""context"":""럼프 1기 때 가장 높았던 물가(2018년 6~7월 2.9%)와 같은 수준이다."",""role_status"":""미분류""},{""mention_id"":""n7"",""expression"":""2.9%"",""start"":69,""end"":73,""context"":"" 때 가장 높았던 물가(2018년 6~7월 2.9%)와 같은 수준이다."",""role_status"":""미분류""}]",[],COMPLETE
1,D1 정확한 값·단순 좌표,정확한 값 직접 비교,월간,월간,공식값 1개,기사값과 공식값의 단위 정규화 후 직접 비교,단순 좌표,기사 수치 없음,KOSIS 공식 API,묶음 실행 가능,공식 좌표 1개·공식값·공표정보를 확보하고 허용오차/부등호로 판정,A00463_1,지난달 소비자물가가 전년 동월 대비 2.2% 오른 것으로 나타났다.,HOLD,KOSIS_METADATA_UNAVAILABLE,직접값 확인,직접값 확인,2025-02-05,소비자물가 상승률,2.2,%,2025-01,M,KOSIS 정규 통계표,KOSIS 공식 구조 확인,KOSIS 표의 항목·기간·분류 구조 조회를 완료하지 못함,공식값 1개 직접 비교,calculation=DIRECT_VALUE | 세부문제유형=OFFICIAL_METADATA_LOOKUP | 최신결과사유=KOSIS_METADATA_UNAVAILABLE,12개 슬롯 + 통합 원장 진단 규칙,확정,A00463,1,,,,,,DIRECT_VALUE,,,UNDETERMINED,OFFICIAL_METADATA_LOOKUP,KOSIS_METADATA_UNAVAILABLE,,,,,,,,,,,1,2.2%,"[{""mention_id"":""n1"",""expression"":""2.2%"",""start"":20,""end"":24,""context"":""지난달 소비자물가가 전년 동월 대비 2.2% 오른 것으로 나타났다."",""role_status"":""미분류""}]",[],COMPLETE
1,D1 정확한 값·단순 좌표,정확한 값 직접 비교,연간,연간,공식값 1개,기사값과 공식값의 단위 정규화 후 직접 비교,단순 좌표,수치 2개,KOSIS 공식 API,묶음 실행 가능,공식 좌표 1개·공식값·공표정보를 확보하고 허용오차/부등호로 판정,A00463_15,"기조적인 물가 흐름을 나타내는 근원물가지수(식료품 및 에너지 제외 지수)는 전년 동월 대비 1.9% 오르며, 4개월째 1%대를 유지했다.",HOLD,KOSIS_METADATA_UNAVAILABLE,직접값 확인,직접값 확인,2025-02-05,물가지수,1.9,%,2025,Y,KOSIS 정규 통계표,KOSIS 공식 구조 확인,KOSIS 표의 항목·기간·분류 구조 조회를 완료하지 못함,공식값 1개 직접 비교,calculation=DIRECT_VALUE | 세부문제유형=OFFICIAL_METADATA_LOOKUP | 최신결과사유=KOSIS_METADATA_UNAVAILABLE,12개 슬롯 + 통합 원장 진단 규칙,확정,A00463,15,,,,,"{""claimed_operands"": ""[{'raw': '4개', 'value': 4.0, 'unit': '개'}, {'raw': '1%', 'value': 1.0, 'unit': '%'}]""}",DIRECT_VALUE,,,UNDETERMINED,OFFICIAL_METADATA_LOOKUP,KOSIS_METADATA_UNAVAILABLE,,,,,,,,,,,3,1.9% | 4개월 | 1%,"[{""mention_id"":""n1"",""expression"":""1.9%"",""start"":51,""end"":55,""context"":"" 및 에너지 제외 지수)는 전년 동월 대비 1.9% 오르며, 4개월째 1%대를 유지했다."",""role_status"":""미분류""},{""mention_id"":""n2"",""expression"":""4개월"",""start"":61,""end"":64,""context"":""지수)는 전년 동월 대비 1.9% 오르며, 4개월째 1%대를 유지했다."",""role_status"":""미분류""},{""mention_id"":""n3"",""expression"":""1%"",""start"":66,""end"":68,""context"":""전년 동월 대비 1.9% 오르며, 4개월째 1%대를 유지했다."",""role_status"":""미분류""}]",[],COMPLETE
1,D1 정확한 값·단순 좌표,정확한 값 직접 비교,연간,연간,공식값 1개,기사값과 공식값의 단위 정규화 후 직접 비교,단순 좌표,기사 수치 없음,KOSIS 공식 API,묶음 실행 가능,공식 좌표 1개·공식값·공표정보를 확보하고 허용오차/부등호로 판정,A00475_2,통계청은 5일 ‘1월 소비자물가 동향’에서 지난달 소비자물가가 작년 같은 달보다 2.2% 올랐다고 밝혔다.,HOLD,KOSIS_METADATA_UNAVAILABLE,직접값 확인,직접값 확인,2025-02-06,소비자물가 상승률,2.2,%,2024,Y,KOSIS 정규 통계표,KOSIS 공식 구조 확인,KOSIS 표의 항목·기간·분류 구조 조회를 완료하지 못함,공식값 1개 직접 비교,calculation=DIRECT_VALUE | 세부문제유형=OFFICIAL_METADATA_LOOKUP | 최신결과사유=KOSIS_METADATA_UNAVAILABLE,12개 슬롯 + 통합 원장 진단 규칙,확정,A00475,2,,,,,,DIRECT_VALUE,,통계청,UNDETERMINED,OFFICIAL_METADATA_LOOKUP,KOSIS_METADATA_UNAVAILABLE,,,,,,,,,,,3,5일 | 1월 | 2.2%,"[{""mention_id"":""n1"",""expression"":""5일"",""start"":5,""end"":7,""context"":""통계청은 5일 ‘1월 소비자물가 동향’에서 지난달 소비자"",""role_status"":""미분류""},{""mention_id"":""n2"",""expression"":""1월"",""start"":9,""end"":11,""context"":""통계청은 5일 ‘1월 소비자물가 동향’에서 지난달 소비자물가가 "",""role_status"":""미분류""},{""mention_id"":""n3"",""expression"":""2.2%"",""start"":45,""end"":49,""context"":""에서 지난달 소비자물가가 작년 같은 달보다 2.2% 올랐다고 밝혔다."",""role_status"":""미분류""}]",[],COMPLETE
1,D1 정확한 값·단순 좌표,정확한 값 직접 비교,월간,월간,공식값 1개,기사값과 공식값의 단위 정규화 후 직접 비교,단순 좌표,수치 2개,KOSIS 공식 API,묶음 실행 가능,공식 좌표 1개·공식값·공표정보를 확보하고 허용오차/부등호로 판정,A00489_11,"작년 12월 수출은 633억달러로 전달보다 11.1%, 전년 같은 달보다 6.6% 뛰었다.",HOLD,NO_HARD_GUARD_CANDIDATE,직접값 확인,직접값 확인,2025-02-07,수출액,63300000000,달러,2024-12,M,KOSIS 정규 통계표,필수 조건 검사,기간·단위·지역 등 필수 조건을 모두 만족하는 공식 통계표 후보가 없음,공식값 1개 직접 비교,calculation=DIRECT_VALUE | 세부문제유형=HARD_GUARD_ALIAS | 최신결과사유=NO_HARD_GUARD_CANDIDATE,12개 슬롯 + 통합 원장 진단 규칙,확정,A00489,11,,,,,"{""claimed_operands"": ""[{'raw': '11.1%', 'value': 11.1, 'unit': '%'}, {'raw': '6.6%', 'value': 6.6, 'unit': '%'}]""}",DIRECT_VALUE,,,UNDETERMINED,HARD_GUARD_ALIAS,NO_HARD_GUARD_CANDIDATE,,,,,,,,,,,4,12월 | 633억달러 | 11.1% | 6.6%,"[{""mention_id"":""n1"",""expression"":""12월"",""start"":3,""end"":6,""context"":""작년 12월 수출은 633억달러로 전달보다 11.1%,"",""role_status"":""미분류""},{""mention_id"":""n2"",""expression"":""633억달러"",""start"":11,""end"":17,""context"":""작년 12월 수출은 633억달러로 전달보다 11.1%, 전년 같은 달보다 "",""role_status"":""미분류""},{""mention_id"":""n3"",""expression"":""11.1%"",""start"":24,""end"":29,""context"":""작년 12월 수출은 633억달러로 전달보다 11.1%, 전년 같은 달보다 6.6% 뛰었다."",""role_status"":""미분류""},{""mention_id"":""n4"",""expression"":""6.6%"",""start"":41,""end"":45,""context"":""로 전달보다 11.1%, 전년 같은 달보다 6.6% 뛰었다."",""role_status"":""미분류""}]",[],COMPLETE
1,D1 정확한 값·단순 좌표,정확한 값 직접 비교,월간,월간,공식값 1개,기사값과 공식값의 단위 정규화 후 직접 비교,단순 좌표,기사 수치 없음,KOSIS 공식 API,묶음 실행 가능,공식 좌표 1개·공식값·공표정보를 확보하고 허용오차/부등호로 판정,A00555_20,하지만 지난달 수출은 전년 동월 대비 10.3% 급감했다.,HOLD,NO_HARD_GUARD_CANDIDATE,직접값 확인,직접값 확인,2025-02-12,수출액,10.3,%,2025-01,M,KOSIS 정규 통계표,필수 조건 검사,기간·단위·지역 등 필수 조건을 모두 만족하는 공식 통계표 후보가 없음,공식값 1개 직접 비교,calculation=DIRECT_VALUE | 세부문제유형=HARD_GUARD_ALIAS | 최신결과사유=NO_HARD_GUARD_CANDIDATE,12개 슬롯 + 통합 원장 진단 규칙,확정,A00555,20,,,,,,DIRECT_VALUE,,,UNDETERMINED,HARD_GUARD_ALIAS,NO_HARD_GUARD_CANDIDATE,,,,,,,,,,,1,10.3%,"[{""mention_id"":""n1"",""expression"":""10.3%"",""start"":21,""end"":26,""context"":""하지만 지난달 수출은 전년 동월 대비 10.3% 급감했다."",""role_status"":""미분류""}]",[],COMPLETE
1,D1 정확한 값·단순 좌표,정확한 값 직접 비교,월간,월간,공식값 1개,기사값과 공식값의 단위 정규화 후 직접 비교,단순 좌표,수치 2개,KOSIS 공식 API,묶음 실행 가능,공식 좌표 1개·공식값·공표정보를 확보하고 허용오차/부등호로 판정,A00579_17,"대표적으로 도·소매업 취업자는 전년 동월 대비 9만1000명 감소하는 데 그치며, 지난해 8월(-5만5000명) 이후 5개월 만에 최저 감소폭을 보였다.",HOLD,KOSIS_METADATA_UNAVAILABLE,직접값 확인,직접값 확인,2025-02-14,취업자 수,91000,명,2024-08,M,KOSIS 정규 통계표,KOSIS 공식 구조 확인,KOSIS 표의 항목·기간·분류 구조 조회를 완료하지 못함,공식값 1개 직접 비교,calculation=DIRECT_VALUE | 세부문제유형=OFFICIAL_METADATA_LOOKUP | 최신결과사유=KOSIS_METADATA_UNAVAILABLE,12개 슬롯 + 통합 원장 진단 규칙,확정,A00579,17,,,,,"{""claimed_operands"": ""[{'raw': '5만5000명', 'value': 55000.0, 'unit': '명'}, {'raw': '5개', 'value': 5.0, 'unit': '개'}]""}",DIRECT_VALUE,"{""direction"": ""DECREASE""}",,UNDETERMINED,OFFICIAL_METADATA_LOOKUP,KOSIS_METADATA_UNAVAILABLE,,,,,,,,,,,4,9만1000명 | 8월 | -5만5000명 | 5개월,"[{""mention_id"":""n1"",""expression"":""9만1000명"",""start"":26,""end"":33,""context"":""적으로 도·소매업 취업자는 전년 동월 대비 9만1000명 감소하는 데 그치며, 지난해 8월(-5만5"",""role_status"":""미분류""},{""mention_id"":""n2"",""expression"":""8월"",""start"":50,""end"":52,""context"":""9만1000명 감소하는 데 그치며, 지난해 8월(-5만5000명) 이후 5개월 만에 최저 "",""role_status"":""미분류""},{""mention_id"":""n3"",""expression"":""-5만5000명"",""start"":53,""end"":61,""context"":""000명 감소하는 데 그치며, 지난해 8월(-5만5000명) 이후 5개월 만에 최저 감소폭을 보였다."",""role_status"":""미분류""},{""mention_id"":""n4"",""expression"":""5개월"",""start"":66,""end"":69,""context"":""치며, 지난해 8월(-5만5000명) 이후 5개월 만에 최저 감소폭을 보였다."",""role_status"":""미분류""}]",[],COMPLETE
1,D1 정확한 값·단순 좌표,정확한 값 직접 비교,월간,월간,공식값 1개,기사값과 공식값의 단위 정규화 후 직접 비교,단순 좌표,수치 3개,KOSIS 공식 API,묶음 실행 가능,공식 좌표 1개·공식값·공표정보를 확보하고 허용오차/부등호로 판정,A00579_21,특히 일용직 근로자가 많은 50대는 취업자가 1만4000명 줄어들면서 지난 2021년 2월(-13만9000명) 이후 47개월 만에 감소세 보이기도 했다.,HOLD,KOSIS_METADATA_UNAVAILABLE,직접값 확인,직접값 확인,2025-02-14,취업자 수,50,대,2021-02,M,KOSIS 정규 통계표,KOSIS 공식 구조 확인,KOSIS 표의 항목·기간·분류 구조 조회를 완료하지 못함,공식값 1개 직접 비교,calculation=DIRECT_VALUE | 세부문제유형=OFFICIAL_METADATA_LOOKUP | 최신결과사유=KOSIS_METADATA_UNAVAILABLE,12개 슬롯 + 통합 원장 진단 규칙,확정,A00579,21,,,,,"{""claimed_operands"": ""[{'raw': '1만4000명', 'value': 14000.0, 'unit': '명'}, {'raw': '13만9000명', 'value': 139000.0, 'unit': '명'}, {'raw': '47개', 'value': 47.0, 'unit': '개'}]""}",DIRECT_VALUE,"{""direction"": ""DECREASE""}",,UNDETERMINED,OFFICIAL_METADATA_LOOKUP,KOSIS_METADATA_UNAVAILABLE,,,,,,,,,,,6,50대 | 1만4000명 | 2021년 | 2월 | -13만9000명 | 47개월,"[{""mention_id"":""n1"",""expression"":""50대"",""start"":15,""end"":18,""context"":""특히 일용직 근로자가 많은 50대는 취업자가 1만4000명 줄어들면서 지난 "",""role_status"":""미분류""},{""mention_id"":""n2"",""expression"":""1만4000명"",""start"":25,""end"":32,""context"":""히 일용직 근로자가 많은 50대는 취업자가 1만4000명 줄어들면서 지난 2021년 2월(-13만9"",""role_status"":""미분류""},{""mention_id"":""n3"",""expression"":""2021년"",""start"":42,""end"":47,""context"":""는 취업자가 1만4000명 줄어들면서 지난 2021년 2월(-13만9000명) 이후 47개월 만"",""role_status"":""미분류""},{""mention_id"":""n4"",""expression"":""2월"",""start"":48,""end"":50,""context"":"" 1만4000명 줄어들면서 지난 2021년 2월(-13만9000명) 이후 47개월 만에 감"",""role_status"":""미분류""},{""mention_id"":""n5"",""expression"":""-13만9000명"",""start"":51,""end"":60,""context"":""4000명 줄어들면서 지난 2021년 2월(-13만9000명) 이후 47개월 만에 감소세 보이기도 했다"",""role_status"":""미분류""},{""mention_id"":""n6"",""expression"":""47개월"",""start"":65,""end"":69,""context"":"" 2021년 2월(-13만9000명) 이후 47개월 만에 감소세 보이기도 했다."",""role_status"":""미분류""}]",[],COMPLETE
1,D1 정확한 값·단순 좌표,정확한 값 직접 비교,월간,월간,공식값 1개,기사값과 공식값의 단위 정규화 후 직접 비교,단순 좌표,기사 수치 없음,KOSIS 공식 API,묶음 실행 가능,공식 좌표 1개·공식값·공표정보를 확보하고 허용오차/부등호로 판정,A00588_14,14일 통계청은 지난달 취업자 수가 3만5000명 늘어났다고 밝혔다.,HOLD,KOSIS_METADATA_UNAVAILABLE,직접값 확인,직접값 확인,2025-02-15,취업자 수,35000,명,2025-01,M,KOSIS 정규 통계표,KOSIS 공식 구조 확인,KOSIS 표의 항목·기간·분류 구조 조회를 완료하지 못함,공식값 1개 직접 비교,calculation=DIRECT_VALUE | 세부문제유형=OFFICIAL_METADATA_LOOKUP | 최신결과사유=KOSIS_METADATA_UNAVAILABLE,12개 슬롯 + 통합 원장 진단 규칙,확정,A00588,14,,,,,,DIRECT_VALUE,"{""direction"": ""INCREASE""}",통계청,UNDETERMINED,OFFICIAL_METADATA_LOOKUP,KOSIS_METADATA_UNAVAILABLE,,,,,,,,,,,2,14일 | 3만5000명,"[{""mention_id"":""n1"",""expression"":""14일"",""start"":0,""end"":3,""context"":""14일 통계청은 지난달 취업자 수가 3만5000명"",""role_status"":""미분류""},{""mention_id"":""n2"",""expression"":""3만5000명"",""start"":20,""end"":27,""context"":""14일 통계청은 지난달 취업자 수가 3만5000명 늘어났다고 밝혔다."",""role_status"":""미분류""}]",[],COMPLETE
1,D1 정확한 값·단순 좌표,정확한 값 직접 비교,연간,연간,공식값 1개,기사값과 공식값의 단위 정규화 후 직접 비교,단순 좌표,수치 1개,KOSIS 공식 API,묶음 실행 가능,공식 좌표 1개·공식값·공표정보를 확보하고 허용오차/부등호로 판정,A00630_16,정부는 관세 대응 수출 바우처를 포함해 올해 연간 수출 바우처 예산(2400억원)의 90%를 상반기에 집중 투입한다는 방침이다.,HOLD,NO_HARD_GUARD_CANDIDATE,직접값 확인,직접값 확인,2025-02-18,수출액,240000000000,원,2025,Y,KOSIS 정규 통계표,필수 조건 검사,기간·단위·지역 등 필수 조건을 모두 만족하는 공식 통계표 후보가 없음,공식값 1개 직접 비교,calculation=DIRECT_VALUE | 세부문제유형=HARD_GUARD_ALIAS | 최신결과사유=NO_HARD_GUARD_CANDIDATE,12개 슬롯 + 통합 원장 진단 규칙,확정,A00630,16,,,,,"{""claimed_operands"": ""[{'raw': '90%', 'value': 90.0, 'unit': '%'}]""}",DIRECT_VALUE,,,UNDETERMINED,HARD_GUARD_ALIAS,NO_HARD_GUARD_CANDIDATE,,,,,,,,,,,2,2400억원 | 90%,"[{""mention_id"":""n1"",""expression"":""2400억원"",""start"":38,""end"":44,""context"":""우처를 포함해 올해 연간 수출 바우처 예산(2400억원)의 90%를 상반기에 집중 투입한다는 방침"",""role_status"":""미분류""},{""mention_id"":""n2"",""expression"":""90%"",""start"":47,""end"":50,""context"":""해 연간 수출 바우처 예산(2400억원)의 90%를 상반기에 집중 투입한다는 방침이다."",""role_status"":""미분류""}]",[],COMPLETE
1,D1 정확한 값·단순 좌표,정확한 값 직접 비교,월간,월간,공식값 1개,기사값과 공식값의 단위 정규화 후 직접 비교,단순 좌표,수치 1개,KOSIS 공식 API,묶음 실행 가능,공식 좌표 1개·공식값·공표정보를 확보하고 허용오차/부등호로 판정,A00635_5,"지난달 취업자 10명 중 1명은 병원, 복지 기관, 정부가 제공하는 복지성 일자리 등에서 일한다는 뜻이다.",HOLD,KOSIS_METADATA_UNAVAILABLE,직접값 확인,직접값 확인,2025-02-18,취업자 수,10,명,2025-01,M,KOSIS 정규 통계표,KOSIS 공식 구조 확인,KOSIS 표의 항목·기간·분류 구조 조회를 완료하지 못함,공식값 1개 직접 비교,calculation=DIRECT_VALUE | 세부문제유형=OFFICIAL_METADATA_LOOKUP | 최신결과사유=KOSIS_METADATA_UNAVAILABLE,12개 슬롯 + 통합 원장 진단 규칙,확정,A00635,5,,,,,"{""claimed_operands"": ""[{'raw': '1명', 'value': 1.0, 'unit': '명'}]""}",DIRECT_VALUE,,,UNDETERMINED,OFFICIAL_METADATA_LOOKUP,KOSIS_METADATA_UNAVAILABLE,,,,,,,,,,,2,10명 | 1명,"[{""mention_id"":""n1"",""expression"":""10명"",""start"":8,""end"":11,""context"":""지난달 취업자 10명 중 1명은 병원, 복지 기관, 정부가 제공"",""role_status"":""미분류""},{""mention_id"":""n2"",""expression"":""1명"",""start"":14,""end"":16,""context"":""지난달 취업자 10명 중 1명은 병원, 복지 기관, 정부가 제공하는 복지"",""role_status"":""미분류""}]",[],COMPLETE
1,D1 정확한 값·단순 좌표,정확한 값 직접 비교,연간,연간,공식값 1개,기사값과 공식값의 단위 정규화 후 직접 비교,단순 좌표,기사 수치 없음,KOSIS 공식 API,묶음 실행 가능,공식 좌표 1개·공식값·공표정보를 확보하고 허용오차/부등호로 판정,A00637_6,LIG넥스원은 앞서 2022년 UAE에 약 4조원대 규모 천궁-II 국산 요격미사일 수출 계약을 따낸 바 있다.,HOLD,NO_HARD_GUARD_CANDIDATE,직접값 확인,직접값 확인,2025-02-18,수출액,4000000000000,원,2022,Y,KOSIS 정규 통계표,필수 조건 검사,기간·단위·지역 등 필수 조건을 모두 만족하는 공식 통계표 후보가 없음,공식값 1개 직접 비교,calculation=DIRECT_VALUE | 세부문제유형=HARD_GUARD_ALIAS | 최신결과사유=NO_HARD_GUARD_CANDIDATE,12개 슬롯 + 통합 원장 진단 규칙,확정,A00637,6,,,,,,DIRECT_VALUE,,,UNDETERMINED,HARD_GUARD_ALIAS,NO_HARD_GUARD_CANDIDATE,,,,,,,,,,,2,2022년 | 4조원,"[{""mention_id"":""n1"",""expression"":""2022년"",""start"":11,""end"":16,""context"":""LIG넥스원은 앞서 2022년 UAE에 약 4조원대 규모 천궁-II 국산"",""role_status"":""미분류""},{""mention_id"":""n2"",""expression"":""4조원"",""start"":24,""end"":27,""context"":""LIG넥스원은 앞서 2022년 UAE에 약 4조원대 규모 천궁-II 국산 요격미사일 수출 계"",""role_status"":""미분류""}]",[],COMPLETE
1,D1 정확한 값·단순 좌표,정확한 값 직접 비교,분기,분기,공식값 1개,기사값과 공식값의 단위 정규화 후 직접 비교,단순 좌표,기사 수치 없음,KOSIS 공식 API,묶음 실행 가능,공식 좌표 1개·공식값·공표정보를 확보하고 허용오차/부등호로 판정,A00645_23,"뉴질랜드는 지난해 2~3분기 연속 성장률이 마이너스(-)를 기록했고, 4분기 실업률은 5%를 넘는 등 성장이 둔화하고 실업률이 오르고 있기 때문이다.",AUTO,OUTSIDE_TOLERANCE,직접값 확인,직접값 확인,2025-02-19,실업률,5,%,2024-Q3,Q,KOSIS 정규 통계표,최종 판정,기사 수치와 공식 계산값이 허용 오차를 벗어남,공식값 1개 직접 비교,calculation=DIRECT_VALUE | 세부문제유형=DONE | 최신결과사유=OUTSIDE_TOLERANCE,12개 슬롯 + 통합 원장 진단 규칙,확정,A00645,23,,,,,,DIRECT_VALUE,"{""direction"": ""DECREASE""}",,MISMATCH,DONE,대시보드 재현 실패,https://kosis.kr/openapi/Param/statisticsParameterData.do?method=getList&orgId=101&tblId=DT_1DA7001S&itmId=T80&prdSe=Q&startPrdDe=202403&endPrdDe=202403&objL1=0,,,,,,,,,,3,2~3분기 | 4분기 | 5%,"[{""mention_id"":""n1"",""expression"":""2~3분기"",""start"":10,""end"":15,""context"":""뉴질랜드는 지난해 2~3분기 연속 성장률이 마이너스(-)를 기록했고, "",""role_status"":""미분류""},{""mention_id"":""n2"",""expression"":""4분기"",""start"":39,""end"":42,""context"":"" 연속 성장률이 마이너스(-)를 기록했고, 4분기 실업률은 5%를 넘는 등 성장이 둔화하고 "",""role_status"":""미분류""},{""mention_id"":""n3"",""expression"":""5%"",""start"":48,""end"":50,""context"":""마이너스(-)를 기록했고, 4분기 실업률은 5%를 넘는 등 성장이 둔화하고 실업률이 오르고"",""role_status"":""미분류""}]",[],COMPLETE
1,D1 정확한 값·단순 좌표,정확한 값 직접 비교,연간,연간,공식값 1개,기사값과 공식값의 단위 정규화 후 직접 비교,단순 좌표,수치 1개,KOSIS 공식 API,묶음 실행 가능,공식 좌표 1개·공식값·공표정보를 확보하고 허용오차/부등호로 판정,A00646_15,정부는 이를 포함해 연간 수출 바우처 예산(2400억원)의 90%를 상반기에 집중 투입하기로 했다.,HOLD,NO_HARD_GUARD_CANDIDATE,직접값 확인,직접값 확인,2025-02-19,수출액,240000000000,원,2025,Y,KOSIS 정규 통계표,필수 조건 검사,기간·단위·지역 등 필수 조건을 모두 만족하는 공식 통계표 후보가 없음,공식값 1개 직접 비교,calculation=DIRECT_VALUE | 세부문제유형=HARD_GUARD_ALIAS | 최신결과사유=NO_HARD_GUARD_CANDIDATE,12개 슬롯 + 통합 원장 진단 규칙,확정,A00646,15,,,,,"{""claimed_operands"": ""[{'raw': '90%', 'value': 90.0, 'unit': '%'}]""}",DIRECT_VALUE,,,UNDETERMINED,HARD_GUARD_ALIAS,NO_HARD_GUARD_CANDIDATE,,,,,,,,,,,2,2400억원 | 90%,"[{""mention_id"":""n1"",""expression"":""2400억원"",""start"":24,""end"":30,""context"":""정부는 이를 포함해 연간 수출 바우처 예산(2400억원)의 90%를 상반기에 집중 투입하기로 했다"",""role_status"":""미분류""},{""mention_id"":""n2"",""expression"":""90%"",""start"":33,""end"":36,""context"":""해 연간 수출 바우처 예산(2400억원)의 90%를 상반기에 집중 투입하기로 했다."",""role_status"":""미분류""}]",[],COMPLETE
1,D1 정확한 값·단순 좌표,정확한 값 직접 비교,월간,월간,공식값 1개,기사값과 공식값의 단위 정규화 후 직접 비교,단순 좌표,기사 수치 없음,KOSIS 공식 API,묶음 실행 가능,공식 좌표 1개·공식값·공표정보를 확보하고 허용오차/부등호로 판정,A00655_7,지난달 생산자물가는 전년과 비교해도 1.7%가량 올랐다.,HOLD,NO_HARD_GUARD_CANDIDATE,직접값 확인,직접값 확인,2025-02-20,물가상승률,1.7,%,2025-01,M,KOSIS 정규 통계표,필수 조건 검사,기간·단위·지역 등 필수 조건을 모두 만족하는 공식 통계표 후보가 없음,공식값 1개 직접 비교,calculation=DIRECT_VALUE | 세부문제유형=HARD_GUARD_ALIAS | 최신결과사유=NO_HARD_GUARD_CANDIDATE,12개 슬롯 + 통합 원장 진단 규칙,확정,A00655,7,,,,,,DIRECT_VALUE,,,UNDETERMINED,HARD_GUARD_ALIAS,NO_HARD_GUARD_CANDIDATE,,,,,,,,,,,1,1.7%,"[{""mention_id"":""n1"",""expression"":""1.7%"",""start"":20,""end"":24,""context"":""지난달 생산자물가는 전년과 비교해도 1.7%가량 올랐다."",""role_status"":""미분류""}]",[],COMPLETE
1,D1 정확한 값·단순 좌표,정확한 값 직접 비교,연간,연간,공식값 1개,기사값과 공식값의 단위 정규화 후 직접 비교,단순 좌표,기사 수치 없음,KOSIS 공식 API,묶음 실행 가능,공식 좌표 1개·공식값·공표정보를 확보하고 허용오차/부등호로 판정,A00658_11,작년 수입액은 1조3600억원어치 정도다.,HOLD,NO_HARD_GUARD_CANDIDATE,직접값 확인,직접값 확인,2025-02-20,수입액,1360000000000,원,2024,Y,KOSIS 정규 통계표,필수 조건 검사,기간·단위·지역 등 필수 조건을 모두 만족하는 공식 통계표 후보가 없음,공식값 1개 직접 비교,calculation=DIRECT_VALUE | 세부문제유형=HARD_GUARD_ALIAS | 최신결과사유=NO_HARD_GUARD_CANDIDATE,12개 슬롯 + 통합 원장 진단 규칙,확정,A00658,11,,,,,,DIRECT_VALUE,,,UNDETERMINED,HARD_GUARD_ALIAS,NO_HARD_GUARD_CANDIDATE,,,,,,,,,,,1,1조3600억원,"[{""mention_id"":""n1"",""expression"":""1조3600억원"",""start"":8,""end"":16,""context"":""작년 수입액은 1조3600억원어치 정도다."",""role_status"":""미분류""}]",[],COMPLETE
1,D1 정확한 값·단순 좌표,정확한 값 직접 비교,연간,연간,공식값 1개,기사값과 공식값의 단위 정규화 후 직접 비교,단순 좌표,기사 수치 없음,KOSIS 공식 API,묶음 실행 가능,공식 좌표 1개·공식값·공표정보를 확보하고 허용오차/부등호로 판정,A00672_9,작년 수입액은 1조3600억원어치 정도다.,HOLD,NO_HARD_GUARD_CANDIDATE,직접값 확인,직접값 확인,2025-02-21,수입액,1360000000000,원,2024,Y,KOSIS 정규 통계표,필수 조건 검사,기간·단위·지역 등 필수 조건을 모두 만족하는 공식 통계표 후보가 없음,공식값 1개 직접 비교,calculation=DIRECT_VALUE | 세부문제유형=HARD_GUARD_ALIAS | 최신결과사유=NO_HARD_GUARD_CANDIDATE,12개 슬롯 + 통합 원장 진단 규칙,확정,A00672,9,,,,,,DIRECT_VALUE,,,UNDETERMINED,HARD_GUARD_ALIAS,NO_HARD_GUARD_CANDIDATE,,,,,,,,,,,1,1조3600억원,"[{""mention_id"":""n1"",""expression"":""1조3600억원"",""start"":8,""end"":16,""context"":""작년 수입액은 1조3600억원어치 정도다."",""role_status"":""미분류""}]",[],COMPLETE
1,D1 정확한 값·단순 좌표,정확한 값 직접 비교,연간,연간,공식값 1개,기사값과 공식값의 단위 정규화 후 직접 비교,단순 좌표,기사 수치 없음,KOSIS 공식 API,묶음 실행 가능,공식 좌표 1개·공식값·공표정보를 확보하고 허용오차/부등호로 판정,A00722_16,한은은 계엄사태 등을 반영해 지난달 올해 경제성장률이 1.6~1.7% 정도 될 것이라고 발표했는데 이보다도 더 낮춘 것이다.,HOLD,KOSIS_METADATA_UNAVAILABLE,직접값 확인,직접값 확인,2025-02-25,경제성장률,1.7,%,2025,Y,KOSIS 정규 통계표,KOSIS 공식 구조 확인,KOSIS 표의 항목·기간·분류 구조 조회를 완료하지 못함,공식값 1개 직접 비교,calculation=DIRECT_VALUE | 세부문제유형=OFFICIAL_METADATA_LOOKUP | 최신결과사유=KOSIS_METADATA_UNAVAILABLE,12개 슬롯 + 통합 원장 진단 규칙,확정,A00722,16,,,,,,DIRECT_VALUE,,,UNDETERMINED,OFFICIAL_METADATA_LOOKUP,KOSIS_METADATA_UNAVAILABLE,,,,,,,,,,,1,1.6~1.7%,"[{""mention_id"":""n1"",""expression"":""1.6~1.7%"",""start"":30,""end"":38,""context"":""사태 등을 반영해 지난달 올해 경제성장률이 1.6~1.7% 정도 될 것이라고 발표했는데 이보다도 더 "",""role_status"":""미분류""}]",[],COMPLETE
1,D1 정확한 값·단순 좌표,정확한 값 직접 비교,분기,분기,공식값 1개,기사값과 공식값의 단위 정규화 후 직접 비교,단순 좌표,수치 2개,KOSIS 공식 API,묶음 실행 가능,공식 좌표 1개·공식값·공표정보를 확보하고 허용오차/부등호로 판정,A00722_6,"작년 4분기 경제성장률은 전 분기 대비 0.1%로, 외환 위기 직격탄을 맞았던 1998년 이후 처음으로 3개 분기 연속 0%대 안팎의 성장을 했다.",HOLD,KOSIS_METADATA_UNAVAILABLE,직접값 확인,직접값 확인,2025-02-25,경제성장률,0.1,%,2024-Q4,Q,KOSIS 정규 통계표,KOSIS 공식 구조 확인,KOSIS 표의 항목·기간·분류 구조 조회를 완료하지 못함,공식값 1개 직접 비교,calculation=DIRECT_VALUE | 세부문제유형=OFFICIAL_METADATA_LOOKUP | 최신결과사유=KOSIS_METADATA_UNAVAILABLE,12개 슬롯 + 통합 원장 진단 규칙,확정,A00722,6,,,,,"{""claimed_operands"": ""[{'raw': '3개', 'value': 3.0, 'unit': '개'}, {'raw': '0%', 'value': 0.0, 'unit': '%'}]""}",DIRECT_VALUE,,,UNDETERMINED,OFFICIAL_METADATA_LOOKUP,KOSIS_METADATA_UNAVAILABLE,,,,,,,,,,,5,4분기 | 0.1% | 1998년 | 3개 | 0%,"[{""mention_id"":""n1"",""expression"":""4분기"",""start"":3,""end"":6,""context"":""작년 4분기 경제성장률은 전 분기 대비 0.1%로, 외"",""role_status"":""미분류""},{""mention_id"":""n2"",""expression"":""0.1%"",""start"":22,""end"":26,""context"":""작년 4분기 경제성장률은 전 분기 대비 0.1%로, 외환 위기 직격탄을 맞았던 1998년 "",""role_status"":""미분류""},{""mention_id"":""n3"",""expression"":""1998년"",""start"":44,""end"":49,""context"":""비 0.1%로, 외환 위기 직격탄을 맞았던 1998년 이후 처음으로 3개 분기 연속 0%대 안팎"",""role_status"":""미분류""},{""mention_id"":""n4"",""expression"":""3개"",""start"":58,""end"":60,""context"":"" 직격탄을 맞았던 1998년 이후 처음으로 3개 분기 연속 0%대 안팎의 성장을 했다."",""role_status"":""미분류""},{""mention_id"":""n5"",""expression"":""0%"",""start"":67,""end"":69,""context"":"" 1998년 이후 처음으로 3개 분기 연속 0%대 안팎의 성장을 했다."",""role_status"":""미분류""}]",[],COMPLETE
1,D1 정확한 값·단순 좌표,정확한 값 직접 비교,월간,월간,공식값 1개,기사값과 공식값의 단위 정규화 후 직접 비교,단순 좌표,수치 1개,KOSIS 공식 API,묶음 실행 가능,공식 좌표 1개·공식값·공표정보를 확보하고 허용오차/부등호로 판정,A00735_6,"하지만 작년 8월 2.1%로 낮췄고, 수출 둔화세가 본격화한 작년 3분기(7~9월) 이후인 작년 11월에는 이를 1.9%로 내려잡았다.",HOLD,NO_HARD_GUARD_CANDIDATE,직접값 확인,직접값 확인,2025-02-26,수출액,2.1,%,2024-08,M,KOSIS 정규 통계표,필수 조건 검사,기간·단위·지역 등 필수 조건을 모두 만족하는 공식 통계표 후보가 없음,공식값 1개 직접 비교,calculation=DIRECT_VALUE | 세부문제유형=HARD_GUARD_ALIAS | 최신결과사유=NO_HARD_GUARD_CANDIDATE,12개 슬롯 + 통합 원장 진단 규칙,확정,A00735,6,,,,,"{""claimed_operands"": ""[{'raw': '1.9%', 'value': 1.9, 'unit': '%'}]""}",DIRECT_VALUE,,,UNDETERMINED,HARD_GUARD_ALIAS,NO_HARD_GUARD_CANDIDATE,,,,,,,,,,,6,8월 | 2.1% | 3분기 | 7~9월 | 11월 | 1.9%,"[{""mention_id"":""n1"",""expression"":""8월"",""start"":7,""end"":9,""context"":""하지만 작년 8월 2.1%로 낮췄고, 수출 둔화세가 본격화한"",""role_status"":""미분류""},{""mention_id"":""n2"",""expression"":""2.1%"",""start"":10,""end"":14,""context"":""하지만 작년 8월 2.1%로 낮췄고, 수출 둔화세가 본격화한 작년 3"",""role_status"":""미분류""},{""mention_id"":""n3"",""expression"":""3분기"",""start"":37,""end"":40,""context"":""%로 낮췄고, 수출 둔화세가 본격화한 작년 3분기(7~9월) 이후인 작년 11월에는 이를 1"",""role_status"":""미분류""},{""mention_id"":""n4"",""expression"":""7~9월"",""start"":41,""end"":45,""context"":""췄고, 수출 둔화세가 본격화한 작년 3분기(7~9월) 이후인 작년 11월에는 이를 1.9%로 "",""role_status"":""미분류""},{""mention_id"":""n5"",""expression"":""11월"",""start"":54,""end"":57,""context"":""격화한 작년 3분기(7~9월) 이후인 작년 11월에는 이를 1.9%로 내려잡았다."",""role_status"":""미분류""},{""mention_id"":""n6"",""expression"":""1.9%"",""start"":63,""end"":67,""context"":""기(7~9월) 이후인 작년 11월에는 이를 1.9%로 내려잡았다."",""role_status"":""미분류""}]",[],COMPLETE
1,D1 정확한 값·단순 좌표,정확한 값 직접 비교,연간,연간,공식값 1개,기사값과 공식값의 단위 정규화 후 직접 비교,단순 좌표,기사 수치 없음,KOSIS 공식 API,묶음 실행 가능,공식 좌표 1개·공식값·공표정보를 확보하고 허용오차/부등호로 판정,A00735_8,"게다가 한은은 이날 올해 트럼프발 관세 전쟁이 격화되면 올해, 내년 성장률이 1.4%까지 떨어질 것을 경고했다.",HOLD,KOSIS_METADATA_UNAVAILABLE,직접값 확인,직접값 확인,2025-02-26,경제성장률,1.4,%,2025,Y,KOSIS 정규 통계표,KOSIS 공식 구조 확인,KOSIS 표의 항목·기간·분류 구조 조회를 완료하지 못함,공식값 1개 직접 비교,calculation=DIRECT_VALUE | 세부문제유형=OFFICIAL_METADATA_LOOKUP | 최신결과사유=KOSIS_METADATA_UNAVAILABLE,12개 슬롯 + 통합 원장 진단 규칙,확정,A00735,8,,,,,,DIRECT_VALUE,"{""direction"": ""DECREASE""}",,UNDETERMINED,OFFICIAL_METADATA_LOOKUP,KOSIS_METADATA_UNAVAILABLE,,,,,,,,,,,1,1.4%,"[{""mention_id"":""n1"",""expression"":""1.4%"",""start"":43,""end"":47,""context"":""관세 전쟁이 격화되면 올해, 내년 성장률이 1.4%까지 떨어질 것을 경고했다."",""role_status"":""미분류""}]",[],COMPLETE
1,D1 정확한 값·단순 좌표,정확한 값 직접 비교,연간,연간,공식값 1개,기사값과 공식값의 단위 정규화 후 직접 비교,단순 좌표,기사 수치 없음,KOSIS 공식 API,묶음 실행 가능,공식 좌표 1개·공식값·공표정보를 확보하고 허용오차/부등호로 판정,A00736_7,한 해 태어난 인구가 70만명 수준인 1990년대생들이 본격적으로 결혼을 하고 아이를 낳기 시작하면서 작년 출생아가 늘어났다.,HOLD,AS_OF_UNAVAILABLE,직접값 확인,직접값 확인,2025-02-26,출생아 수,700000,명,2024,Y,KOSIS 정규 통계표,공식값·공표정보 조회,기사 작성 시점에 공식값이 공표됐는지 확인하지 못함,공식값 1개 직접 비교,calculation=DIRECT_VALUE | 세부문제유형=VALUE_ARTICLE_TIME_UNAVAILABLE | 최신결과사유=AS_OF_UNAVAILABLE,12개 슬롯 + 통합 원장 진단 규칙,확정,A00736,7,,,,,,DIRECT_VALUE,"{""direction"": ""INCREASE""}",,UNDETERMINED,VALUE_ARTICLE_TIME_UNAVAILABLE,AS_OF_UNAVAILABLE,https://kosis.kr/openapi/Param/statisticsParameterData.do?method=getList&orgId=101&tblId=DT_1B8000G&itmId=T1&prdSe=Y&startPrdDe=2024&endPrdDe=2024&objL1=00&objL2=10,,,,,,,,,,3,한 해 | 70만명 | 1990년,"[{""mention_id"":""n1"",""expression"":""한 해"",""start"":0,""end"":3,""context"":""한 해 태어난 인구가 70만명 수준인 1990년대"",""role_status"":""미분류""},{""mention_id"":""n2"",""expression"":""70만명"",""start"":12,""end"":16,""context"":""한 해 태어난 인구가 70만명 수준인 1990년대생들이 본격적으로 결혼을"",""role_status"":""미분류""},{""mention_id"":""n3"",""expression"":""1990년"",""start"":21,""end"":26,""context"":""한 해 태어난 인구가 70만명 수준인 1990년대생들이 본격적으로 결혼을 하고 아이를 낳기"",""role_status"":""미분류""}]",[],COMPLETE
1,D1 정확한 값·단순 좌표,정확한 값 직접 비교,연간,연간,공식값 1개,기사값과 공식값의 단위 정규화 후 직접 비교,단순 좌표,수치 2개,KOSIS 공식 API,묶음 실행 가능,공식 좌표 1개·공식값·공표정보를 확보하고 허용오차/부등호로 판정,A00749_14,"1990년 64만9000명대였던 출생아 수가 1991년 70만9000명대로 뛰어오른 데 이어, 올해 33세인 1992년생은 출생아 수가 73만명대로 2차 에코 붐 세대 중에서도 가장 많았기 때문이다.",HOLD,KOSIS_METADATA_UNAVAILABLE,직접값 확인,직접값 확인,2025-02-27,출생아 수,649000,명,2025,Y,KOSIS 정규 통계표,KOSIS 공식 구조 확인,KOSIS 표의 항목·기간·분류 구조 조회를 완료하지 못함,공식값 1개 직접 비교,calculation=DIRECT_VALUE | 세부문제유형=OFFICIAL_METADATA_LOOKUP | 최신결과사유=KOSIS_METADATA_UNAVAILABLE,12개 슬롯 + 통합 원장 진단 규칙,확정,A00749,14,,,,,"{""claimed_operands"": ""[{'raw': '70만9000명', 'value': 709000.0, 'unit': '명'}, {'raw': '73만명', 'value': 730000.0, 'unit': '명'}]""}",DIRECT_VALUE,,,UNDETERMINED,OFFICIAL_METADATA_LOOKUP,KOSIS_METADATA_UNAVAILABLE,,,,,,,,,,,9,1990년 | 64만9000명 | 1991년 | 70만9000명 | 33세 | 1992년 | 73만명 | 2 | 세대,"[{""mention_id"":""n1"",""expression"":""1990년"",""start"":0,""end"":5,""context"":""1990년 64만9000명대였던 출생아 수가 1991"",""role_status"":""미분류""},{""mention_id"":""n2"",""expression"":""64만9000명"",""start"":6,""end"":14,""context"":""1990년 64만9000명대였던 출생아 수가 1991년 70만9000"",""role_status"":""미분류""},{""mention_id"":""n3"",""expression"":""1991년"",""start"":25,""end"":30,""context"":""990년 64만9000명대였던 출생아 수가 1991년 70만9000명대로 뛰어오른 데 이어, 올"",""role_status"":""미분류""},{""mention_id"":""n4"",""expression"":""70만9000명"",""start"":31,""end"":39,""context"":""4만9000명대였던 출생아 수가 1991년 70만9000명대로 뛰어오른 데 이어, 올해 33세인 19"",""role_status"":""미분류""},{""mention_id"":""n5"",""expression"":""33세"",""start"":56,""end"":59,""context"":""0만9000명대로 뛰어오른 데 이어, 올해 33세인 1992년생은 출생아 수가 73만명대로 "",""role_status"":""미분류""},{""mention_id"":""n6"",""expression"":""1992년"",""start"":61,""end"":66,""context"":""0명대로 뛰어오른 데 이어, 올해 33세인 1992년생은 출생아 수가 73만명대로 2차 에코 붐"",""role_status"":""미분류""},{""mention_id"":""n7"",""expression"":""73만명"",""start"":76,""end"":80,""context"":"" 올해 33세인 1992년생은 출생아 수가 73만명대로 2차 에코 붐 세대 중에서도 가장 많았"",""role_status"":""미분류""},{""mention_id"":""n8"",""expression"":""2"",""start"":83,""end"":84,""context"":""인 1992년생은 출생아 수가 73만명대로 2차 에코 붐 세대 중에서도 가장 많았기 때문"",""role_status"":""미분류""},{""mention_id"":""n9"",""expression"":""세대"",""start"":91,""end"":93,""context"":""은 출생아 수가 73만명대로 2차 에코 붐 세대 중에서도 가장 많았기 때문이다."",""role_status"":""미분류""}]",[],COMPLETE
1,D1 정확한 값·단순 좌표,정확한 값 직접 비교,연간,연간,공식값 1개,기사값과 공식값의 단위 정규화 후 직접 비교,단순 좌표,기사 수치 없음,KOSIS 공식 API,묶음 실행 가능,공식 좌표 1개·공식값·공표정보를 확보하고 허용오차/부등호로 판정,A00749_16,출생아 증가세가 이어질 경우 2027년을 전후해 합계 출산율 0.8명 달성도 가능하다고 주 부위원장은 내다봤다.,HOLD,KOSIS_METADATA_UNAVAILABLE,직접값 확인,직접값 확인,2025-02-27,출생아 수,0.8,명,2027,Y,KOSIS 정규 통계표,KOSIS 공식 구조 확인,KOSIS 표의 항목·기간·분류 구조 조회를 완료하지 못함,공식값 1개 직접 비교,calculation=DIRECT_VALUE | 세부문제유형=OFFICIAL_METADATA_LOOKUP | 최신결과사유=KOSIS_METADATA_UNAVAILABLE,12개 슬롯 + 통합 원장 진단 규칙,확정,A00749,16,,,,,,DIRECT_VALUE,"{""direction"": ""INCREASE""}",,UNDETERMINED,OFFICIAL_METADATA_LOOKUP,KOSIS_METADATA_UNAVAILABLE,,,,,,,,,,,2,2027년 | 0.8명,"[{""mention_id"":""n1"",""expression"":""2027년"",""start"":16,""end"":21,""context"":""출생아 증가세가 이어질 경우 2027년을 전후해 합계 출산율 0.8명 달성도 가능"",""role_status"":""미분류""},{""mention_id"":""n2"",""expression"":""0.8명"",""start"":34,""end"":38,""context"":""어질 경우 2027년을 전후해 합계 출산율 0.8명 달성도 가능하다고 주 부위원장은 내다봤다."",""role_status"":""미분류""}]",[],COMPLETE
1,D1 정확한 값·단순 좌표,정확한 값 직접 비교,연간,연간,공식값 1개,기사값과 공식값의 단위 정규화 후 직접 비교,단순 좌표,수치 5개,KOSIS 공식 API,묶음 실행 가능,공식 좌표 1개·공식값·공표정보를 확보하고 허용오차/부등호로 판정,A00749_24,"출생아 수는 1995년생(69만1226명)부터 60만명대로 내려앉고, 2001년생은 50만명대(55만9934명), 2002년생(49만6911명)부터는 40만명대로 줄어든다.",HOLD,PUBLICATION_FETCH_FAILED,직접값 확인,직접값 확인,2025-02-27,출생아 수,691226,명,2001,Y,KOSIS 정규 통계표,공식값·공표정보 조회,확정된 공식 좌표의 값을 조회하지 못함,공식값 1개 직접 비교,calculation=DIRECT_VALUE | 세부문제유형=VALUE_PUBLICATION_LOOKUP | 최신결과사유=PUBLICATION_FETCH_FAILED,12개 슬롯 + 통합 원장 진단 규칙,확정,A00749,24,,,,,"{""claimed_operands"": ""[{'raw': '60만명', 'value': 600000.0, 'unit': '명'}, {'raw': '50만명', 'value': 500000.0, 'unit': '명'}, {'raw': '55만9934명', 'value': 559934.0, 'unit': '명'}, {'raw': '49만6911명', 'value': 496911.0, 'unit': '명'}, {'raw': '40만명', 'value': 400000.0, 'unit': '명'}]""}",DIRECT_VALUE,"{""direction"": ""DECREASE""}",,UNDETERMINED,VALUE_PUBLICATION_LOOKUP,PUBLICATION_FETCH_FAILED,https://kosis.kr/openapi/Param/statisticsParameterData.do?method=getList&orgId=101&tblId=DT_1B8000G&itmId=T1&prdSe=Y&startPrdDe=2001&endPrdDe=2001&objL1=00&objL2=10,,,,,,,,,,9,1995년 | 69만1226명 | 60만명 | 2001년 | 50만명 | 55만9934명 | 2002년 | 49만6911명 | 40만명,"[{""mention_id"":""n1"",""expression"":""1995년"",""start"":7,""end"":12,""context"":""출생아 수는 1995년생(69만1226명)부터 60만명대로 내려앉"",""role_status"":""미분류""},{""mention_id"":""n2"",""expression"":""69만1226명"",""start"":14,""end"":22,""context"":""출생아 수는 1995년생(69만1226명)부터 60만명대로 내려앉고, 2001년생은"",""role_status"":""미분류""},{""mention_id"":""n3"",""expression"":""60만명"",""start"":26,""end"":30,""context"":""아 수는 1995년생(69만1226명)부터 60만명대로 내려앉고, 2001년생은 50만명대(5"",""role_status"":""미분류""},{""mention_id"":""n4"",""expression"":""2001년"",""start"":39,""end"":44,""context"":""9만1226명)부터 60만명대로 내려앉고, 2001년생은 50만명대(55만9934명), 2002"",""role_status"":""미분류""},{""mention_id"":""n5"",""expression"":""50만명"",""start"":47,""end"":51,""context"":""부터 60만명대로 내려앉고, 2001년생은 50만명대(55만9934명), 2002년생(49만6"",""role_status"":""미분류""},{""mention_id"":""n6"",""expression"":""55만9934명"",""start"":53,""end"":61,""context"":""명대로 내려앉고, 2001년생은 50만명대(55만9934명), 2002년생(49만6911명)부터는 4"",""role_status"":""미분류""},{""mention_id"":""n7"",""expression"":""2002년"",""start"":64,""end"":69,""context"":""001년생은 50만명대(55만9934명), 2002년생(49만6911명)부터는 40만명대로 줄어"",""role_status"":""미분류""},{""mention_id"":""n8"",""expression"":""49만6911명"",""start"":71,""end"":79,""context"":""50만명대(55만9934명), 2002년생(49만6911명)부터는 40만명대로 줄어든다."",""role_status"":""미분류""},{""mention_id"":""n9"",""expression"":""40만명"",""start"":84,""end"":88,""context"":""명), 2002년생(49만6911명)부터는 40만명대로 줄어든다."",""role_status"":""미분류""}]",[],COMPLETE
1,D1 정확한 값·단순 좌표,정확한 값 직접 비교,월간,월간,공식값 1개,기사값과 공식값의 단위 정규화 후 직접 비교,단순 좌표,수치 1개,KOSIS 공식 API,묶음 실행 가능,공식 좌표 1개·공식값·공표정보를 확보하고 허용오차/부등호로 판정,A00751_27,"실업률은 4% 수준이고, 작년 12월에는 일자리 25만개가 새로 만들어졌다.",HOLD,AMBIGUOUS_MARGIN,직접값 확인,직접값 확인,2025-02-27,실업률,4,%,2024-12,M,KOSIS 정규 통계표,공식값 좌표 확정,공식 통계 후보 간 차이가 작아 하나를 안전하게 선택할 수 없음,공식값 1개 직접 비교,calculation=DIRECT_VALUE | 세부문제유형=SEMANTIC_AMBIGUOUS | 최신결과사유=AMBIGUOUS_MARGIN,12개 슬롯 + 통합 원장 진단 규칙,확정,A00751,27,,,,,"{""claimed_operands"": ""[{'raw': '25만개', 'value': 250000.0, 'unit': '개'}]""}",DIRECT_VALUE,,,UNDETERMINED,SEMANTIC_AMBIGUOUS,AMBIGUOUS_MARGIN,,,,,,,,,,,3,4% | 12월 | 25만개,"[{""mention_id"":""n1"",""expression"":""4%"",""start"":5,""end"":7,""context"":""실업률은 4% 수준이고, 작년 12월에는 일자리 25만개"",""role_status"":""미분류""},{""mention_id"":""n2"",""expression"":""12월"",""start"":17,""end"":20,""context"":""실업률은 4% 수준이고, 작년 12월에는 일자리 25만개가 새로 만들어졌다."",""role_status"":""미분류""},{""mention_id"":""n3"",""expression"":""25만개"",""start"":27,""end"":31,""context"":""은 4% 수준이고, 작년 12월에는 일자리 25만개가 새로 만들어졌다."",""role_status"":""미분류""}]",[],COMPLETE
1,D1 정확한 값·단순 좌표,정확한 값 직접 비교,월간,월간,공식값 1개,기사값과 공식값의 단위 정규화 후 직접 비교,단순 좌표,기사 수치 없음,KOSIS 공식 API,묶음 실행 가능,공식 좌표 1개·공식값·공표정보를 확보하고 허용오차/부등호로 판정,A00840_14,"생활물가지수는 지난해 10월(1.2%)을 저점으로 꾸준히 오름세를 보이고 있는데, 소비자들이 실제 체감하는 물가 수준이 높아지고 있음을 시사한다.",HOLD,NO_HARD_GUARD_CANDIDATE,직접값 확인,직접값 확인,2025-03-06,생활물가지수,1.2,%,2024-10,M,KOSIS 정규 통계표,필수 조건 검사,기간·단위·지역 등 필수 조건을 모두 만족하는 공식 통계표 후보가 없음,공식값 1개 직접 비교,calculation=DIRECT_VALUE | 세부문제유형=HARD_GUARD_ALIAS | 최신결과사유=NO_HARD_GUARD_CANDIDATE,12개 슬롯 + 통합 원장 진단 규칙,확정,A00840,14,,,,,,DIRECT_VALUE,,,UNDETERMINED,HARD_GUARD_ALIAS,NO_HARD_GUARD_CANDIDATE,,,,,,,,,,,2,10월 | 1.2%,"[{""mention_id"":""n1"",""expression"":""10월"",""start"":12,""end"":15,""context"":""생활물가지수는 지난해 10월(1.2%)을 저점으로 꾸준히 오름세를 보이"",""role_status"":""미분류""},{""mention_id"":""n2"",""expression"":""1.2%"",""start"":16,""end"":20,""context"":""생활물가지수는 지난해 10월(1.2%)을 저점으로 꾸준히 오름세를 보이고 있는데"",""role_status"":""미분류""}]",[],COMPLETE
1,D1 정확한 값·단순 좌표,정확한 값 직접 비교,월간,월간,공식값 1개,기사값과 공식값의 단위 정규화 후 직접 비교,단순 좌표,수치 1개,KOSIS 공식 API,묶음 실행 가능,공식 좌표 1개·공식값·공표정보를 확보하고 허용오차/부등호로 판정,A00922_25,도·소매업 취업자는 6만5000명 감소하며 지난해 3월(-1만4000명)부터 1년째 감소세가 이어지고 있다.,HOLD,KOSIS_METADATA_UNAVAILABLE,직접값 확인,직접값 확인,2025-03-12,취업자 수,65000,명,2024-03,M,KOSIS 정규 통계표,KOSIS 공식 구조 확인,KOSIS 표의 항목·기간·분류 구조 조회를 완료하지 못함,공식값 1개 직접 비교,calculation=DIRECT_VALUE | 세부문제유형=OFFICIAL_METADATA_LOOKUP | 최신결과사유=KOSIS_METADATA_UNAVAILABLE,12개 슬롯 + 통합 원장 진단 규칙,확정,A00922,25,,,,,"{""claimed_operands"": ""[{'raw': '1만4000명', 'value': 14000.0, 'unit': '명'}]""}",DIRECT_VALUE,"{""direction"": ""DECREASE""}",,UNDETERMINED,OFFICIAL_METADATA_LOOKUP,KOSIS_METADATA_UNAVAILABLE,,,,,,,,,,,4,6만5000명 | 3월 | -1만4000명 | 1년째,"[{""mention_id"":""n1"",""expression"":""6만5000명"",""start"":11,""end"":18,""context"":""도·소매업 취업자는 6만5000명 감소하며 지난해 3월(-1만4000명)부터"",""role_status"":""미분류""},{""mention_id"":""n2"",""expression"":""3월"",""start"":28,""end"":30,""context"":""업 취업자는 6만5000명 감소하며 지난해 3월(-1만4000명)부터 1년째 감소세가 이어"",""role_status"":""미분류""},{""mention_id"":""n3"",""expression"":""-1만4000명"",""start"":31,""end"":39,""context"":""업자는 6만5000명 감소하며 지난해 3월(-1만4000명)부터 1년째 감소세가 이어지고 있다."",""role_status"":""미분류""},{""mention_id"":""n4"",""expression"":""1년째"",""start"":43,""end"":46,""context"":""감소하며 지난해 3월(-1만4000명)부터 1년째 감소세가 이어지고 있다."",""role_status"":""미분류""}]",[],COMPLETE
1,D1 정확한 값·단순 좌표,정확한 값 직접 비교,연간,연간,공식값 1개,기사값과 공식값의 단위 정규화 후 직접 비교,단순 좌표,수치 1개,KOSIS 공식 API,묶음 실행 가능,공식 좌표 1개·공식값·공표정보를 확보하고 허용오차/부등호로 판정,A00953_14,실제 본지가 소비자물가정보서비스에서 원재료와 제품값 상승률을 비교한 가공식품 21개 중에서는 지난해 원재료 가격이 떨어졌는데도 제품값이 오른 품목이 10개나 됐다.,HOLD,NO_HARD_GUARD_CANDIDATE,직접값 확인,직접값 확인,2025-03-15,소비자물가 상승률,21,개,2024,Y,KOSIS 정규 통계표,필수 조건 검사,기간·단위·지역 등 필수 조건을 모두 만족하는 공식 통계표 후보가 없음,공식값 1개 직접 비교,calculation=DIRECT_VALUE | 세부문제유형=HARD_GUARD_ALIAS | 최신결과사유=NO_HARD_GUARD_CANDIDATE,12개 슬롯 + 통합 원장 진단 규칙,확정,A00953,14,,,,,"{""claimed_operands"": ""[{'raw': '10개', 'value': 10.0, 'unit': '개'}]""}",DIRECT_VALUE,"{""direction"": ""DECREASE""}",,UNDETERMINED,HARD_GUARD_ALIAS,NO_HARD_GUARD_CANDIDATE,,,,,,,,,,,2,21개 | 10개,"[{""mention_id"":""n1"",""expression"":""21개"",""start"":43,""end"":46,""context"":"" 원재료와 제품값 상승률을 비교한 가공식품 21개 중에서는 지난해 원재료 가격이 떨어졌는데도"",""role_status"":""미분류""},{""mention_id"":""n2"",""expression"":""10개"",""start"":83,""end"":86,""context"":"" 가격이 떨어졌는데도 제품값이 오른 품목이 10개나 됐다."",""role_status"":""미분류""}]",[],COMPLETE
1,D1 정확한 값·단순 좌표,정확한 값 직접 비교,월간,월간,공식값 1개,기사값과 공식값의 단위 정규화 후 직접 비교,단순 좌표,기사 수치 없음,KOSIS 공식 API,묶음 실행 가능,공식 좌표 1개·공식값·공표정보를 확보하고 허용오차/부등호로 판정,A00970_20,지난달 ICT 무역 수지는 58억1000만달러 흑자를 기록했다.,HOLD,KOSIS_METADATA_UNAVAILABLE,직접값 확인,직접값 확인,2025-03-16,무역수지,5810000000,달러,2025-02,M,KOSIS 정규 통계표,KOSIS 공식 구조 확인,KOSIS 표의 항목·기간·분류 구조 조회를 완료하지 못함,공식값 1개 직접 비교,calculation=DIRECT_VALUE | 세부문제유형=OFFICIAL_METADATA_LOOKUP | 최신결과사유=KOSIS_METADATA_UNAVAILABLE,12개 슬롯 + 통합 원장 진단 규칙,확정,A00970,20,,,,,,DIRECT_VALUE,,,UNDETERMINED,OFFICIAL_METADATA_LOOKUP,KOSIS_METADATA_UNAVAILABLE,,,,,,,,,,,1,58억1000만달러,"[{""mention_id"":""n1"",""expression"":""58억1000만달러"",""start"":15,""end"":25,""context"":""지난달 ICT 무역 수지는 58억1000만달러 흑자를 기록했다."",""role_status"":""미분류""}]",[],COMPLETE
1,D1 정확한 값·단순 좌표,정확한 값 직접 비교,연간,연간,공식값 1개,기사값과 공식값의 단위 정규화 후 직접 비교,단순 좌표,수치 1개,KOSIS 공식 API,묶음 실행 가능,공식 좌표 1개·공식값·공표정보를 확보하고 허용오차/부등호로 판정,A01193_11,"같은 방식으로 비교했을 때 2023년까지만 해도 외국인과 노인 일자리 참여자 증가 규모는 11만8000명으로, 전체 취업자 증가 폭(32만7000명)보다 적었다.",AUTO,OUTSIDE_TOLERANCE,직접값 확인,직접값 확인,2025-04-02,취업자 수,118000,명,2023,Y,KOSIS 정규 통계표,최종 판정,기사 수치와 공식 계산값이 허용 오차를 벗어남,공식값 1개 직접 비교,calculation=DIRECT_VALUE | 세부문제유형=DONE | 최신결과사유=OUTSIDE_TOLERANCE,12개 슬롯 + 통합 원장 진단 규칙,확정,A01193,11,,,,,"{""claimed_operands"": ""[{'raw': '32만7000명', 'value': 327000.0, 'unit': '명'}]""}",DIRECT_VALUE,"{""direction"": ""INCREASE""}",,MISMATCH,DONE,대시보드 재현 실패,https://kosis.kr/openapi/Param/statisticsParameterData.do?method=getList&orgId=101&tblId=DT_1DA7001S&itmId=T30&prdSe=Y&startPrdDe=2023&endPrdDe=2023&objL1=0,,,,,,,,,,3,2023년 | 11만8000명 | 32만7000명,"[{""mention_id"":""n1"",""expression"":""2023년"",""start"":15,""end"":20,""context"":""같은 방식으로 비교했을 때 2023년까지만 해도 외국인과 노인 일자리 참여자 증"",""role_status"":""미분류""},{""mention_id"":""n2"",""expression"":""11만8000명"",""start"":50,""end"":58,""context"":"" 외국인과 노인 일자리 참여자 증가 규모는 11만8000명으로, 전체 취업자 증가 폭(32만7000명"",""role_status"":""미분류""},{""mention_id"":""n3"",""expression"":""32만7000명"",""start"":74,""end"":82,""context"":""11만8000명으로, 전체 취업자 증가 폭(32만7000명)보다 적었다."",""role_status"":""미분류""}]",[],COMPLETE
1,D1 정확한 값·단순 좌표,정확한 값 직접 비교,연간,연간,공식값 1개,기사값과 공식값의 단위 정규화 후 직접 비교,단순 좌표,수치 1개,KOSIS 공식 API,묶음 실행 가능,공식 좌표 1개·공식값·공표정보를 확보하고 허용오차/부등호로 판정,A01193_7,"그 결과 작년 외국인 취업자는 8만7000명, 노인 일자리 참여자는 9만2000명 늘어난 것으로 파악됐다.",AUTO,OUTSIDE_TOLERANCE,직접값 확인,직접값 확인,2025-04-02,취업자 수,87000,명,2024,Y,KOSIS 정규 통계표,최종 판정,기사 수치와 공식 계산값이 허용 오차를 벗어남,공식값 1개 직접 비교,calculation=DIRECT_VALUE | 세부문제유형=DONE | 최신결과사유=OUTSIDE_TOLERANCE,12개 슬롯 + 통합 원장 진단 규칙,확정,A01193,7,,,,,"{""claimed_operands"": ""[{'raw': '9만2000명', 'value': 92000.0, 'unit': '명'}]""}",DIRECT_VALUE,"{""direction"": ""INCREASE""}",,MISMATCH,DONE,대시보드 재현 실패,https://kosis.kr/openapi/Param/statisticsParameterData.do?method=getList&orgId=101&tblId=DT_1DA7001S&itmId=T30&prdSe=Y&startPrdDe=2024&endPrdDe=2024&objL1=0,,,,,,,,,,2,8만7000명 | 9만2000명,"[{""mention_id"":""n1"",""expression"":""8만7000명"",""start"":17,""end"":24,""context"":""그 결과 작년 외국인 취업자는 8만7000명, 노인 일자리 참여자는 9만2000명 늘어"",""role_status"":""미분류""},{""mention_id"":""n2"",""expression"":""9만2000명"",""start"":38,""end"":45,""context"":""자는 8만7000명, 노인 일자리 참여자는 9만2000명 늘어난 것으로 파악됐다."",""role_status"":""미분류""}]",[],COMPLETE
1,D1 정확한 값·단순 좌표,정확한 값 직접 비교,월간,월간,공식값 1개,기사값과 공식값의 단위 정규화 후 직접 비교,단순 좌표,수치 2개,KOSIS 공식 API,묶음 실행 가능,공식 좌표 1개·공식값·공표정보를 확보하고 허용오차/부등호로 판정,A01194_4,"통계청에 따르면, 지난달 농·축산물 물가는 전년 동월 대비 0.4% 오르며 지난 2월(0.6%)에 이어 두 달째 0%대를 기록했다.",HOLD,KOSIS_METADATA_UNAVAILABLE,직접값 확인,직접값 확인,2025-04-02,물가상승률,0.4,%,2025-02,M,KOSIS 정규 통계표,KOSIS 공식 구조 확인,KOSIS 표의 항목·기간·분류 구조 조회를 완료하지 못함,공식값 1개 직접 비교,calculation=DIRECT_VALUE | 세부문제유형=OFFICIAL_METADATA_LOOKUP | 최신결과사유=KOSIS_METADATA_UNAVAILABLE,12개 슬롯 + 통합 원장 진단 규칙,확정,A01194,4,,,,,"{""claimed_operands"": ""[{'raw': '0.6%', 'value': 0.6, 'unit': '%'}, {'raw': '0%', 'value': 0.0, 'unit': '%'}]""}",DIRECT_VALUE,,통계청,UNDETERMINED,OFFICIAL_METADATA_LOOKUP,KOSIS_METADATA_UNAVAILABLE,,,,,,,,,,,4,0.4% | 2월 | 0.6% | 0%,"[{""mention_id"":""n1"",""expression"":""0.4%"",""start"":33,""end"":37,""context"":"" 지난달 농·축산물 물가는 전년 동월 대비 0.4% 오르며 지난 2월(0.6%)에 이어 두 달"",""role_status"":""미분류""},{""mention_id"":""n2"",""expression"":""2월"",""start"":45,""end"":47,""context"":""가는 전년 동월 대비 0.4% 오르며 지난 2월(0.6%)에 이어 두 달째 0%대를 기록했"",""role_status"":""미분류""},{""mention_id"":""n3"",""expression"":""0.6%"",""start"":48,""end"":52,""context"":""전년 동월 대비 0.4% 오르며 지난 2월(0.6%)에 이어 두 달째 0%대를 기록했다."",""role_status"":""미분류""},{""mention_id"":""n4"",""expression"":""0%"",""start"":63,""end"":65,""context"":""르며 지난 2월(0.6%)에 이어 두 달째 0%대를 기록했다."",""role_status"":""미분류""}]",[],COMPLETE
1,D1 정확한 값·단순 좌표,정확한 값 직접 비교,월간,월간,공식값 1개,기사값과 공식값의 단위 정규화 후 직접 비교,단순 좌표,수치 1개,KOSIS 공식 API,묶음 실행 가능,공식 좌표 1개·공식값·공표정보를 확보하고 허용오차/부등호로 판정,A01285_4,"9일 통계청이 발표한 ‘3월 고용동향’에 따르면, 지난 3월 취업자 수는 2858만9000명으로 전년 동월 대비 19만3000명 증가했다.",AUTO,WITHIN_TOLERANCE,직접값 확인,직접값 확인,2025-04-09,취업자 수,28589000,명,2025-03,M,KOSIS 정규 통계표,최종 판정,기사 수치와 공식 계산값이 허용 오차 안에서 일치함,공식값 1개 직접 비교,calculation=DIRECT_VALUE | 세부문제유형=DONE | 최신결과사유=WITHIN_TOLERANCE,12개 슬롯 + 통합 원장 진단 규칙,확정,A01285,4,,,,,"{""claimed_operands"": ""[{'raw': '19만3000명', 'value': 193000.0, 'unit': '명'}]""}",DIRECT_VALUE,"{""direction"": ""INCREASE""}",통계청,MATCH,DONE,대시보드 재현 실패,https://kosis.kr/openapi/Param/statisticsParameterData.do?method=getList&orgId=101&tblId=DT_1DA7001S&itmId=T30&prdSe=M&startPrdDe=202503&endPrdDe=202503&objL1=0,,,,,,,,,,5,9일 | 3월 | 3월 | 2858만9000명 | 19만3000명,"[{""mention_id"":""n1"",""expression"":""9일"",""start"":0,""end"":2,""context"":""9일 통계청이 발표한 ‘3월 고용동향’에 따르면"",""role_status"":""미분류""},{""mention_id"":""n2"",""expression"":""3월"",""start"":13,""end"":15,""context"":""9일 통계청이 발표한 ‘3월 고용동향’에 따르면, 지난 3월 취업자 수"",""role_status"":""미분류""},{""mention_id"":""n3"",""expression"":""3월"",""start"":31,""end"":33,""context"":"" 발표한 ‘3월 고용동향’에 따르면, 지난 3월 취업자 수는 2858만9000명으로 전년 "",""role_status"":""미분류""},{""mention_id"":""n4"",""expression"":""2858만9000명"",""start"":41,""end"":51,""context"":""용동향’에 따르면, 지난 3월 취업자 수는 2858만9000명으로 전년 동월 대비 19만3000명 증가했"",""role_status"":""미분류""},{""mention_id"":""n5"",""expression"":""19만3000명"",""start"":63,""end"":71,""context"":""는 2858만9000명으로 전년 동월 대비 19만3000명 증가했다."",""role_status"":""미분류""}]",[],COMPLETE
1,D1 정확한 값·단순 좌표,정확한 값 직접 비교,월간,월간,공식값 1개,기사값과 공식값의 단위 정규화 후 직접 비교,단순 좌표,수치 1개,KOSIS 공식 API,묶음 실행 가능,공식 좌표 1개·공식값·공표정보를 확보하고 허용오차/부등호로 판정,A01285_6,지난달 취업자 수 증가폭은 취업자가 26만명 넘게 늘어난 작년 4월 이후 11개월 만에 가장 크다.,AUTO,OUTSIDE_TOLERANCE,직접값 확인,직접값 확인,2025-04-09,취업자 수,260000,명,2024-04,M,KOSIS 정규 통계표,최종 판정,기사 수치와 공식 계산값이 허용 오차를 벗어남,공식값 1개 직접 비교,calculation=DIRECT_VALUE | 세부문제유형=DONE | 최신결과사유=OUTSIDE_TOLERANCE,12개 슬롯 + 통합 원장 진단 규칙,확정,A01285,6,,,,,"{""claimed_operands"": ""[{'raw': '11개', 'value': 11.0, 'unit': '개'}]""}",DIRECT_VALUE,"{""direction"": ""INCREASE""}",,MISMATCH,DONE,대시보드 재현 실패,https://kosis.kr/openapi/Param/statisticsParameterData.do?method=getList&orgId=101&tblId=DT_1DA7001S&itmId=T30&prdSe=M&startPrdDe=202404&endPrdDe=202404&objL1=0,,,,,,,,,,3,26만명 | 4월 | 11개월,"[{""mention_id"":""n1"",""expression"":""26만명"",""start"":20,""end"":24,""context"":""지난달 취업자 수 증가폭은 취업자가 26만명 넘게 늘어난 작년 4월 이후 11개월 만에"",""role_status"":""미분류""},{""mention_id"":""n2"",""expression"":""4월"",""start"":35,""end"":37,""context"":""가폭은 취업자가 26만명 넘게 늘어난 작년 4월 이후 11개월 만에 가장 크다."",""role_status"":""미분류""},{""mention_id"":""n3"",""expression"":""11개월"",""start"":41,""end"":45,""context"":""자가 26만명 넘게 늘어난 작년 4월 이후 11개월 만에 가장 크다."",""role_status"":""미분류""}]",[],COMPLETE
1,D1 정확한 값·단순 좌표,정확한 값 직접 비교,분기,분기,공식값 1개,기사값과 공식값의 단위 정규화 후 직접 비교,단순 좌표,기사 수치 없음,KOSIS 공식 API,묶음 실행 가능,공식 좌표 1개·공식값·공표정보를 확보하고 허용오차/부등호로 판정,A01349_18,"11일 해외건설협회의 ‘1분기 해외 수... 태국 고속도로·바라카 원전… K건설, 59년만에 수주 1조달러 “놀라운 일을 계획하고 있습니다.” 1963년 1월, 정주영 현대건설 사장은 시무식에서 임직원을 상대로 이렇게 말했다.",HOLD,NO_HARD_GUARD_CANDIDATE,직접값 확인,직접값 확인,2025-04-14,해외건설,1000000000000,달러,2025-Q1,Q,KOSIS 정규 통계표,필수 조건 검사,기간·단위·지역 등 필수 조건을 모두 만족하는 공식 통계표 후보가 없음,공식값 1개 직접 비교,calculation=DIRECT_VALUE | 세부문제유형=HARD_GUARD_ALIAS | 최신결과사유=NO_HARD_GUARD_CANDIDATE,12개 슬롯 + 통합 원장 진단 규칙,확정,A01349,18,,,,,,DIRECT_VALUE,,,UNDETERMINED,HARD_GUARD_ALIAS,NO_HARD_GUARD_CANDIDATE,,,,,,,,,,,6,11일 | 1분기 | 59년 | 1조달러 | 1963년 | 1월,"[{""mention_id"":""n1"",""expression"":""11일"",""start"":0,""end"":3,""context"":""11일 해외건설협회의 ‘1분기 해외 수... 태국"",""role_status"":""미분류""},{""mention_id"":""n2"",""expression"":""1분기"",""start"":13,""end"":16,""context"":""11일 해외건설협회의 ‘1분기 해외 수... 태국 고속도로·바라카 원전…"",""role_status"":""미분류""},{""mention_id"":""n3"",""expression"":""59년"",""start"":46,""end"":49,""context"":"".. 태국 고속도로·바라카 원전… K건설, 59년만에 수주 1조달러 “놀라운 일을 계획하고 "",""role_status"":""미분류""},{""mention_id"":""n4"",""expression"":""1조달러"",""start"":55,""end"":59,""context"":""로·바라카 원전… K건설, 59년만에 수주 1조달러 “놀라운 일을 계획하고 있습니다.” 196"",""role_status"":""미분류""},{""mention_id"":""n5"",""expression"":""1963년"",""start"":80,""end"":85,""context"":""조달러 “놀라운 일을 계획하고 있습니다.” 1963년 1월, 정주영 현대건설 사장은 시무식에서 "",""role_status"":""미분류""},{""mention_id"":""n6"",""expression"":""1월"",""start"":86,""end"":88,""context"":""라운 일을 계획하고 있습니다.” 1963년 1월, 정주영 현대건설 사장은 시무식에서 임직원"",""role_status"":""미분류""}]",[],COMPLETE
1,D1 정확한 값·단순 좌표,정확한 값 직접 비교,월간,월간,공식값 1개,기사값과 공식값의 단위 정규화 후 직접 비교,단순 좌표,수치 1개,KOSIS 공식 API,묶음 실행 가능,공식 좌표 1개·공식값·공표정보를 확보하고 허용오차/부등호로 판정,A01384_4,앞서 이 총재는 지난 2월 “추경을 15~20조원 규모로 하는 게 바람직하다고 본다”며 “이 정도면 성장률을 0.2%포인트 올리는 효과가 있을 것”이라고 한 바 있다.,HOLD,KOSIS_METADATA_UNAVAILABLE,직접값 확인,직접값 확인,2025-04-17,경제성장률,0.2,%p,2025-02,M,KOSIS 정규 통계표,KOSIS 공식 구조 확인,KOSIS 표의 항목·기간·분류 구조 조회를 완료하지 못함,공식값 1개 직접 비교,calculation=DIRECT_VALUE | 세부문제유형=OFFICIAL_METADATA_LOOKUP | 최신결과사유=KOSIS_METADATA_UNAVAILABLE,12개 슬롯 + 통합 원장 진단 규칙,확정,A01384,4,,,,,"{""claimed_operands"": ""[{'raw': '20조원', 'value': 20000000000000.0, 'unit': '원'}]""}",DIRECT_VALUE,,,UNDETERMINED,OFFICIAL_METADATA_LOOKUP,KOSIS_METADATA_UNAVAILABLE,,,,,,,,,,,3,2월 | 15~20조원 | 0.2%포인트,"[{""mention_id"":""n1"",""expression"":""2월"",""start"":12,""end"":14,""context"":""앞서 이 총재는 지난 2월 “추경을 15~20조원 규모로 하는 게 바"",""role_status"":""미분류""},{""mention_id"":""n2"",""expression"":""15~20조원"",""start"":20,""end"":27,""context"":""앞서 이 총재는 지난 2월 “추경을 15~20조원 규모로 하는 게 바람직하다고 본다”며 “이"",""role_status"":""미분류""},{""mention_id"":""n3"",""expression"":""0.2%포인트"",""start"":61,""end"":68,""context"":""바람직하다고 본다”며 “이 정도면 성장률을 0.2%포인트 올리는 효과가 있을 것”이라고 한 바 있다"",""role_status"":""미분류""}]",[],COMPLETE
1,D1 정확한 값·단순 좌표,정확한 값 직접 비교,연간,연간,공식값 1개,기사값과 공식값의 단위 정규화 후 직접 비교,단순 좌표,수치 2개,KOSIS 공식 API,묶음 실행 가능,공식 좌표 1개·공식값·공표정보를 확보하고 허용오차/부등호로 판정,A01385_7,"농가 인구는 2003년 약 353만명에서 2013년 284만7000명으로 크게 감소했고, 지난해에는 간신히 200만명에 턱걸이할 정도로 가파르게 줄고 있다.",HOLD,KOSIS_METADATA_UNAVAILABLE,직접값 확인,직접값 확인,2025-04-17,총인구,3530000,명,2003,Y,KOSIS 정규 통계표,KOSIS 공식 구조 확인,KOSIS 표의 항목·기간·분류 구조 조회를 완료하지 못함,공식값 1개 직접 비교,calculation=DIRECT_VALUE | 세부문제유형=OFFICIAL_METADATA_LOOKUP | 최신결과사유=KOSIS_METADATA_UNAVAILABLE,12개 슬롯 + 통합 원장 진단 규칙,확정,A01385,7,,,,,"{""claimed_operands"": ""[{'raw': '284만7000명', 'value': 2847000.0, 'unit': '명'}, {'raw': '200만명', 'value': 2000000.0, 'unit': '명'}]""}",DIRECT_VALUE,"{""direction"": ""DECREASE""}",,UNDETERMINED,OFFICIAL_METADATA_LOOKUP,KOSIS_METADATA_UNAVAILABLE,,,,,,,,,,,5,2003년 | 353만명 | 2013년 | 284만7000명 | 200만명,"[{""mention_id"":""n1"",""expression"":""2003년"",""start"":7,""end"":12,""context"":""농가 인구는 2003년 약 353만명에서 2013년 284만700"",""role_status"":""미분류""},{""mention_id"":""n2"",""expression"":""353만명"",""start"":15,""end"":20,""context"":""농가 인구는 2003년 약 353만명에서 2013년 284만7000명으로 크게 "",""role_status"":""미분류""},{""mention_id"":""n3"",""expression"":""2013년"",""start"":23,""end"":28,""context"":""농가 인구는 2003년 약 353만명에서 2013년 284만7000명으로 크게 감소했고, 지난"",""role_status"":""미분류""},{""mention_id"":""n4"",""expression"":""284만7000명"",""start"":29,""end"":38,""context"":""는 2003년 약 353만명에서 2013년 284만7000명으로 크게 감소했고, 지난해에는 간신히 20"",""role_status"":""미분류""},{""mention_id"":""n5"",""expression"":""200만명"",""start"":60,""end"":65,""context"":""0명으로 크게 감소했고, 지난해에는 간신히 200만명에 턱걸이할 정도로 가파르게 줄고 있다."",""role_status"":""미분류""}]",[],COMPLETE
1,D1 정확한 값·단순 좌표,정확한 값 직접 비교,분기,분기,공식값 1개,기사값과 공식값의 단위 정규화 후 직접 비교,단순 좌표,기사 수치 없음,KOSIS 공식 API,묶음 실행 가능,공식 좌표 1개·공식값·공표정보를 확보하고 허용오차/부등호로 판정,A01386_5,또 작년 4분기의 깜짝 성장률(5.4%)과도 같다.,HOLD,KOSIS_METADATA_UNAVAILABLE,직접값 확인,직접값 확인,2025-04-17,경제성장률,5.4,%,2024-Q4,Q,KOSIS 정규 통계표,KOSIS 공식 구조 확인,KOSIS 표의 항목·기간·분류 구조 조회를 완료하지 못함,공식값 1개 직접 비교,calculation=DIRECT_VALUE | 세부문제유형=OFFICIAL_METADATA_LOOKUP | 최신결과사유=KOSIS_METADATA_UNAVAILABLE,12개 슬롯 + 통합 원장 진단 규칙,확정,A01386,5,,,,,,DIRECT_VALUE,,,UNDETERMINED,OFFICIAL_METADATA_LOOKUP,KOSIS_METADATA_UNAVAILABLE,,,,,,,,,,,2,4분기 | 5.4%,"[{""mention_id"":""n1"",""expression"":""4분기"",""start"":5,""end"":8,""context"":""또 작년 4분기의 깜짝 성장률(5.4%)과도 같다."",""role_status"":""미분류""},{""mention_id"":""n2"",""expression"":""5.4%"",""start"":17,""end"":21,""context"":""또 작년 4분기의 깜짝 성장률(5.4%)과도 같다."",""role_status"":""미분류""}]",[],COMPLETE
1,D1 정확한 값·단순 좌표,정확한 값 직접 비교,월간,월간,공식값 1개,기사값과 공식값의 단위 정규화 후 직접 비교,단순 좌표,기사 수치 없음,KOSIS 공식 API,묶음 실행 가능,공식 좌표 1개·공식값·공표정보를 확보하고 허용오차/부등호로 판정,A01464_3,"통계청이 23일 발표한 ‘2월 인구 동향’에 따르면, 지난 2월 혼인 건수는 1만9370건으로 집계됐다.",HOLD,NO_HARD_GUARD_CANDIDATE,직접값 확인,직접값 확인,2025-04-23,총인구,19370,건,2025-02,M,KOSIS 정규 통계표,필수 조건 검사,기간·단위·지역 등 필수 조건을 모두 만족하는 공식 통계표 후보가 없음,공식값 1개 직접 비교,calculation=DIRECT_VALUE | 세부문제유형=HARD_GUARD_ALIAS | 최신결과사유=NO_HARD_GUARD_CANDIDATE,12개 슬롯 + 통합 원장 진단 규칙,확정,A01464,3,,,,,,DIRECT_VALUE,,통계청,UNDETERMINED,HARD_GUARD_ALIAS,NO_HARD_GUARD_CANDIDATE,,,,,,,,,,,4,23일 | 2월 | 2월 | 1만9370건,"[{""mention_id"":""n1"",""expression"":""23일"",""start"":5,""end"":8,""context"":""통계청이 23일 발표한 ‘2월 인구 동향’에 따르면, 지난"",""role_status"":""미분류""},{""mention_id"":""n2"",""expression"":""2월"",""start"":14,""end"":16,""context"":""통계청이 23일 발표한 ‘2월 인구 동향’에 따르면, 지난 2월 혼인 건"",""role_status"":""미분류""},{""mention_id"":""n3"",""expression"":""2월"",""start"":33,""end"":35,""context"":""발표한 ‘2월 인구 동향’에 따르면, 지난 2월 혼인 건수는 1만9370건으로 집계됐다."",""role_status"":""미분류""},{""mention_id"":""n4"",""expression"":""1만9370건"",""start"":43,""end"":50,""context"":"" 동향’에 따르면, 지난 2월 혼인 건수는 1만9370건으로 집계됐다."",""role_status"":""미분류""}]",[],COMPLETE
1,D1 정확한 값·단순 좌표,정확한 값 직접 비교,분기,분기,공식값 1개,기사값과 공식값의 단위 정규화 후 직접 비교,단순 좌표,수치 1개,KOSIS 공식 API,묶음 실행 가능,공식 좌표 1개·공식값·공표정보를 확보하고 허용오차/부등호로 판정,A01480_15,설비투자의 1분기 성장률은 2021년 3분기(-4.9%) 이후 3년 6개월 만에 가장 낮은 수준을 보였다.,HOLD,NO_HARD_GUARD_CANDIDATE,직접값 확인,직접값 확인,2025-04-24,경제성장률,4.9,%,2021-Q3,Q,KOSIS 정규 통계표,필수 조건 검사,기간·단위·지역 등 필수 조건을 모두 만족하는 공식 통계표 후보가 없음,공식값 1개 직접 비교,calculation=DIRECT_VALUE | 세부문제유형=HARD_GUARD_ALIAS | 최신결과사유=NO_HARD_GUARD_CANDIDATE,12개 슬롯 + 통합 원장 진단 규칙,확정,A01480,15,,,,,"{""claimed_operands"": ""[{'raw': '6개', 'value': 6.0, 'unit': '개'}]""}",DIRECT_VALUE,,,UNDETERMINED,HARD_GUARD_ALIAS,NO_HARD_GUARD_CANDIDATE,,,,,,,,,,,6,1분기 | 2021년 | 3분기 | -4.9% | 3년 | 6개월,"[{""mention_id"":""n1"",""expression"":""1분기"",""start"":6,""end"":9,""context"":""설비투자의 1분기 성장률은 2021년 3분기(-4.9%) 이"",""role_status"":""미분류""},{""mention_id"":""n2"",""expression"":""2021년"",""start"":15,""end"":20,""context"":""설비투자의 1분기 성장률은 2021년 3분기(-4.9%) 이후 3년 6개월 만에"",""role_status"":""미분류""},{""mention_id"":""n3"",""expression"":""3분기"",""start"":21,""end"":24,""context"":""설비투자의 1분기 성장률은 2021년 3분기(-4.9%) 이후 3년 6개월 만에 가장 "",""role_status"":""미분류""},{""mention_id"":""n4"",""expression"":""-4.9%"",""start"":25,""end"":30,""context"":""비투자의 1분기 성장률은 2021년 3분기(-4.9%) 이후 3년 6개월 만에 가장 낮은 수준을"",""role_status"":""미분류""},{""mention_id"":""n5"",""expression"":""3년"",""start"":35,""end"":37,""context"":""장률은 2021년 3분기(-4.9%) 이후 3년 6개월 만에 가장 낮은 수준을 보였다."",""role_status"":""미분류""},{""mention_id"":""n6"",""expression"":""6개월"",""start"":38,""end"":41,""context"":"" 2021년 3분기(-4.9%) 이후 3년 6개월 만에 가장 낮은 수준을 보였다."",""role_status"":""미분류""}]",[],COMPLETE
1,D1 정확한 값·단순 좌표,정확한 값 직접 비교,분기,분기,공식값 1개,기사값과 공식값의 단위 정규화 후 직접 비교,단순 좌표,기사 수치 없음,KOSIS 공식 API,묶음 실행 가능,공식 좌표 1개·공식값·공표정보를 확보하고 허용오차/부등호로 판정,A01480_17,순수출 성장 기여도는 올해 1분기 0.3%포인트로 집계됐다.,HOLD,NO_HARD_GUARD_CANDIDATE,직접값 확인,직접값 확인,2025-04-24,수출액,0.3,%p,2025-Q1,Q,KOSIS 정규 통계표,필수 조건 검사,기간·단위·지역 등 필수 조건을 모두 만족하는 공식 통계표 후보가 없음,공식값 1개 직접 비교,calculation=DIRECT_VALUE | 세부문제유형=HARD_GUARD_ALIAS | 최신결과사유=NO_HARD_GUARD_CANDIDATE,12개 슬롯 + 통합 원장 진단 규칙,확정,A01480,17,,,,,,DIRECT_VALUE,,,UNDETERMINED,HARD_GUARD_ALIAS,NO_HARD_GUARD_CANDIDATE,,,,,,,,,,,2,1분기 | 0.3%포인트,"[{""mention_id"":""n1"",""expression"":""1분기"",""start"":15,""end"":18,""context"":""순수출 성장 기여도는 올해 1분기 0.3%포인트로 집계됐다."",""role_status"":""미분류""},{""mention_id"":""n2"",""expression"":""0.3%포인트"",""start"":19,""end"":26,""context"":""순수출 성장 기여도는 올해 1분기 0.3%포인트로 집계됐다."",""role_status"":""미분류""}]",[],COMPLETE
1,D1 정확한 값·단순 좌표,정확한 값 직접 비교,분기,분기,공식값 1개,기사값과 공식값의 단위 정규화 후 직접 비교,단순 좌표,수치 1개,KOSIS 공식 API,묶음 실행 가능,공식 좌표 1개·공식값·공표정보를 확보하고 허용오차/부등호로 판정,A01555_14,"미 상무부 발표에 따르면 올해 1분기 연방정부 지출은 5.1% 감소했고, 이는 GDP에서 0.25%포인트를 깎아내렸다.",HOLD,NO_HARD_GUARD_CANDIDATE,직접값 확인,직접값 확인,2025-04-30,GDP,0.25,%p,2025-Q1,Q,KOSIS 정규 통계표,필수 조건 검사,기간·단위·지역 등 필수 조건을 모두 만족하는 공식 통계표 후보가 없음,공식값 1개 직접 비교,calculation=DIRECT_VALUE | 세부문제유형=HARD_GUARD_ALIAS | 최신결과사유=NO_HARD_GUARD_CANDIDATE,12개 슬롯 + 통합 원장 진단 규칙,확정,A01555,14,,,,,"{""claimed_operands"": ""[{'raw': '5.1%', 'value': 5.1, 'unit': '%'}]""}",DIRECT_VALUE,"{""direction"": ""DECREASE""}",,UNDETERMINED,HARD_GUARD_ALIAS,NO_HARD_GUARD_CANDIDATE,,,,,,,,,,,3,1분기 | 5.1% | 0.25%포인트,"[{""mention_id"":""n1"",""expression"":""1분기"",""start"":17,""end"":20,""context"":""미 상무부 발표에 따르면 올해 1분기 연방정부 지출은 5.1% 감소했고, 이는 "",""role_status"":""미분류""},{""mention_id"":""n2"",""expression"":""5.1%"",""start"":30,""end"":34,""context"":""발표에 따르면 올해 1분기 연방정부 지출은 5.1% 감소했고, 이는 GDP에서 0.25%포인트"",""role_status"":""미분류""},{""mention_id"":""n3"",""expression"":""0.25%포인트"",""start"":50,""end"":58,""context"":""지출은 5.1% 감소했고, 이는 GDP에서 0.25%포인트를 깎아내렸다."",""role_status"":""미분류""}]",[],COMPLETE
1,D1 정확한 값·단순 좌표,정확한 값 직접 비교,월간,월간,공식값 1개,기사값과 공식값의 단위 정규화 후 직접 비교,단순 좌표,기사 수치 없음,KOSIS 공식 API,묶음 실행 가능,공식 좌표 1개·공식값·공표정보를 확보하고 허용오차/부등호로 판정,A01584_3,"2일 통계청이 발표한 ‘4월 소비자물가 동향’에 따르면, 지난달 소비자물가 지수는 116.38로 전년 동월 대비 2.1% 올랐다.",HOLD,NO_HARD_GUARD_CANDIDATE,직접값 확인,직접값 확인,2025-05-02,소비자물가 상승률,2.1,%,2025-04,M,KOSIS 정규 통계표,필수 조건 검사,기간·단위·지역 등 필수 조건을 모두 만족하는 공식 통계표 후보가 없음,공식값 1개 직접 비교,calculation=DIRECT_VALUE | 세부문제유형=HARD_GUARD_ALIAS | 최신결과사유=NO_HARD_GUARD_CANDIDATE,12개 슬롯 + 통합 원장 진단 규칙,확정,A01584,3,,,,,,DIRECT_VALUE,,통계청,UNDETERMINED,HARD_GUARD_ALIAS,NO_HARD_GUARD_CANDIDATE,,,,,,,,,,,4,2일 | 4월 | 116.38 | 2.1%,"[{""mention_id"":""n1"",""expression"":""2일"",""start"":0,""end"":2,""context"":""2일 통계청이 발표한 ‘4월 소비자물가 동향’에"",""role_status"":""미분류""},{""mention_id"":""n2"",""expression"":""4월"",""start"":13,""end"":15,""context"":""2일 통계청이 발표한 ‘4월 소비자물가 동향’에 따르면, 지난달 소비자"",""role_status"":""미분류""},{""mention_id"":""n3"",""expression"":""116.38"",""start"":46,""end"":52,""context"":""동향’에 따르면, 지난달 소비자물가 지수는 116.38로 전년 동월 대비 2.1% 올랐다."",""role_status"":""미분류""},{""mention_id"":""n4"",""expression"":""2.1%"",""start"":63,""end"":67,""context"":""물가 지수는 116.38로 전년 동월 대비 2.1% 올랐다."",""role_status"":""미분류""}]",[],COMPLETE
1,D1 정확한 값·단순 좌표,정확한 값 직접 비교,월간,월간,공식값 1개,기사값과 공식값의 단위 정규화 후 직접 비교,단순 좌표,기사 수치 없음,KOSIS 공식 API,묶음 실행 가능,공식 좌표 1개·공식값·공표정보를 확보하고 허용오차/부등호로 판정,A01589_4,"2일 통계청이 발표한 ‘4월 소비자물가 동향’에 따르면, 지난달 소비자물가 지수는 116.38로 전년 동월 대비 2.1% 올랐다.",HOLD,KOSIS_METADATA_UNAVAILABLE,직접값 확인,직접값 확인,2025-05-03,소비자물가 상승률,2.1,%,2025-04,M,KOSIS 정규 통계표,KOSIS 공식 구조 확인,KOSIS 표의 항목·기간·분류 구조 조회를 완료하지 못함,공식값 1개 직접 비교,calculation=DIRECT_VALUE | 세부문제유형=OFFICIAL_METADATA_LOOKUP | 최신결과사유=KOSIS_METADATA_UNAVAILABLE,12개 슬롯 + 통합 원장 진단 규칙,확정,A01589,4,,,,,,DIRECT_VALUE,,통계청,UNDETERMINED,OFFICIAL_METADATA_LOOKUP,KOSIS_METADATA_UNAVAILABLE,,,,,,,,,,,4,2일 | 4월 | 116.38 | 2.1%,"[{""mention_id"":""n1"",""expression"":""2일"",""start"":0,""end"":2,""context"":""2일 통계청이 발표한 ‘4월 소비자물가 동향’에"",""role_status"":""미분류""},{""mention_id"":""n2"",""expression"":""4월"",""start"":13,""end"":15,""context"":""2일 통계청이 발표한 ‘4월 소비자물가 동향’에 따르면, 지난달 소비자"",""role_status"":""미분류""},{""mention_id"":""n3"",""expression"":""116.38"",""start"":46,""end"":52,""context"":""동향’에 따르면, 지난달 소비자물가 지수는 116.38로 전년 동월 대비 2.1% 올랐다."",""role_status"":""미분류""},{""mention_id"":""n4"",""expression"":""2.1%"",""start"":63,""end"":67,""context"":""물가 지수는 116.38로 전년 동월 대비 2.1% 올랐다."",""role_status"":""미분류""}]",[],COMPLETE
1,D1 정확한 값·단순 좌표,정확한 값 직접 비교,월간,월간,공식값 1개,기사값과 공식값의 단위 정규화 후 직접 비교,단순 좌표,수치 1개,KOSIS 공식 API,묶음 실행 가능,공식 좌표 1개·공식값·공표정보를 확보하고 허용오차/부등호로 판정,A01629_25,"가공식품 물가가 본격적으로 오르기 전인 작년 11월에는 물가가 오른 가공식품이 48개에 그쳤는데, 5개월 만에 큰 폭으로 늘어난 것이다.",HOLD,KOSIS_METADATA_UNAVAILABLE,직접값 확인,직접값 확인,2025-05-06,물가상승률,48,개,2024-11,M,KOSIS 정규 통계표,KOSIS 공식 구조 확인,KOSIS 표의 항목·기간·분류 구조 조회를 완료하지 못함,공식값 1개 직접 비교,calculation=DIRECT_VALUE | 세부문제유형=OFFICIAL_METADATA_LOOKUP | 최신결과사유=KOSIS_METADATA_UNAVAILABLE,12개 슬롯 + 통합 원장 진단 규칙,확정,A01629,25,,,,,"{""claimed_operands"": ""[{'raw': '5개', 'value': 5.0, 'unit': '개'}]""}",DIRECT_VALUE,"{""direction"": ""INCREASE""}",,UNDETERMINED,OFFICIAL_METADATA_LOOKUP,KOSIS_METADATA_UNAVAILABLE,,,,,,,,,,,3,11월 | 48개 | 5개월,"[{""mention_id"":""n1"",""expression"":""11월"",""start"":25,""end"":28,""context"":""공식품 물가가 본격적으로 오르기 전인 작년 11월에는 물가가 오른 가공식품이 48개에 그쳤는"",""role_status"":""미분류""},{""mention_id"":""n2"",""expression"":""48개"",""start"":44,""end"":47,""context"":""인 작년 11월에는 물가가 오른 가공식품이 48개에 그쳤는데, 5개월 만에 큰 폭으로 늘어난"",""role_status"":""미분류""},{""mention_id"":""n3"",""expression"":""5개월"",""start"":55,""end"":58,""context"":""물가가 오른 가공식품이 48개에 그쳤는데, 5개월 만에 큰 폭으로 늘어난 것이다."",""role_status"":""미분류""}]",[],COMPLETE
1,D1 정확한 값·단순 좌표,정확한 값 직접 비교,연간,연간,공식값 1개,기사값과 공식값의 단위 정규화 후 직접 비교,단순 좌표,수치 2개,KOSIS 공식 API,묶음 실행 가능,공식 좌표 1개·공식값·공표정보를 확보하고 허용오차/부등호로 판정,A01641_17,실제 근로소득세 수입은 2008년 15조6000억원에서 지난해 61조원으로 거의 4배로 늘었다.,HOLD,NO_EVIDENCE_COORDINATE_CANDIDATE,직접값 확인,직접값 확인,2025-05-07,수입액,15600000000000,원,2008,Y,KOSIS 정규 통계표,필수 조건 검사,공식 구조는 확인했지만 실제 값을 조회할 좌표를 확정하지 못함,공식값 1개 직접 비교,calculation=DIRECT_VALUE | 세부문제유형=COORDINATE_GENERAL | 최신결과사유=NO_EVIDENCE_COORDINATE_CANDIDATE,12개 슬롯 + 통합 원장 진단 규칙,확정,A01641,17,,,,,"{""claimed_operands"": ""[{'raw': '61조원', 'value': 61000000000000.0, 'unit': '원'}, {'raw': '4배', 'value': 4.0, 'unit': '배'}]""}",DIRECT_VALUE,,,UNDETERMINED,COORDINATE_GENERAL,NO_EVIDENCE_COORDINATE_CANDIDATE,,,,,,,,,,,4,2008년 | 15조6000억원 | 61조원 | 4배,"[{""mention_id"":""n1"",""expression"":""2008년"",""start"":13,""end"":18,""context"":""실제 근로소득세 수입은 2008년 15조6000억원에서 지난해 61조원으로 "",""role_status"":""미분류""},{""mention_id"":""n2"",""expression"":""15조6000억원"",""start"":19,""end"":28,""context"":""실제 근로소득세 수입은 2008년 15조6000억원에서 지난해 61조원으로 거의 4배로 늘었다"",""role_status"":""미분류""},{""mention_id"":""n3"",""expression"":""61조원"",""start"":35,""end"":39,""context"":""은 2008년 15조6000억원에서 지난해 61조원으로 거의 4배로 늘었다."",""role_status"":""미분류""},{""mention_id"":""n4"",""expression"":""4배"",""start"":45,""end"":47,""context"":""조6000억원에서 지난해 61조원으로 거의 4배로 늘었다."",""role_status"":""미분류""}]",[],COMPLETE
1,D1 정확한 값·단순 좌표,정확한 값 직접 비교,연간,연간,공식값 1개,기사값과 공식값의 단위 정규화 후 직접 비교,단순 좌표,기사 수치 없음,KOSIS 공식 API,묶음 실행 가능,공식 좌표 1개·공식값·공표정보를 확보하고 허용오차/부등호로 판정,A01641_18,지난해 기업들이 낸 법인세 수입(62조5000억원)과 맞먹는 수준이다.,HOLD,NO_EVIDENCE_COORDINATE_CANDIDATE,직접값 확인,직접값 확인,2025-05-07,수입액,62500000000000,원,2024,Y,KOSIS 정규 통계표,필수 조건 검사,공식 구조는 확인했지만 실제 값을 조회할 좌표를 확정하지 못함,공식값 1개 직접 비교,calculation=DIRECT_VALUE | 세부문제유형=COORDINATE_GENERAL | 최신결과사유=NO_EVIDENCE_COORDINATE_CANDIDATE,12개 슬롯 + 통합 원장 진단 규칙,확정,A01641,18,,,,,,DIRECT_VALUE,,,UNDETERMINED,COORDINATE_GENERAL,NO_EVIDENCE_COORDINATE_CANDIDATE,,,,,,,,,,,1,62조5000억원,"[{""mention_id"":""n1"",""expression"":""62조5000억원"",""start"":18,""end"":27,""context"":""지난해 기업들이 낸 법인세 수입(62조5000억원)과 맞먹는 수준이다."",""role_status"":""미분류""}]",[],COMPLETE
1,D1 정확한 값·단순 좌표,정확한 값 직접 비교,연간,연간,공식값 1개,기사값과 공식값의 단위 정규화 후 직접 비교,단순 좌표,수치 1개,KOSIS 공식 API,묶음 실행 가능,공식 좌표 1개·공식값·공표정보를 확보하고 허용오차/부등호로 판정,A01709_31,2023년 말 일반 정부 부채는 약 1217조원(GDP의 50.7%)이다.,HOLD,KOSIS_METADATA_UNAVAILABLE,직접값 확인,직접값 확인,2025-05-12,GDP,1217000000000000,원,2023,Y,KOSIS 정규 통계표,KOSIS 공식 구조 확인,KOSIS 표의 항목·기간·분류 구조 조회를 완료하지 못함,공식값 1개 직접 비교,calculation=DIRECT_VALUE | 세부문제유형=OFFICIAL_METADATA_LOOKUP | 최신결과사유=KOSIS_METADATA_UNAVAILABLE,12개 슬롯 + 통합 원장 진단 규칙,확정,A01709,31,,,,,"{""claimed_operands"": ""[{'raw': '50.7%', 'value': 50.7, 'unit': '%'}]""}",DIRECT_VALUE,,,UNDETERMINED,OFFICIAL_METADATA_LOOKUP,KOSIS_METADATA_UNAVAILABLE,,,,,,,,,,,3,2023년 | 1217조원 | 50.7%,"[{""mention_id"":""n1"",""expression"":""2023년"",""start"":0,""end"":5,""context"":""2023년 말 일반 정부 부채는 약 1217조원(GD"",""role_status"":""미분류""},{""mention_id"":""n2"",""expression"":""1217조원"",""start"":20,""end"":26,""context"":""2023년 말 일반 정부 부채는 약 1217조원(GDP의 50.7%)이다."",""role_status"":""미분류""},{""mention_id"":""n3"",""expression"":""50.7%"",""start"":32,""end"":37,""context"":""일반 정부 부채는 약 1217조원(GDP의 50.7%)이다."",""role_status"":""미분류""}]",[],COMPLETE
1,D1 정확한 값·단순 좌표,정확한 값 직접 비교,연간,연간,공식값 1개,기사값과 공식값의 단위 정규화 후 직접 비교,단순 좌표,수치 1개,KOSIS 공식 API,묶음 실행 가능,공식 좌표 1개·공식값·공표정보를 확보하고 허용오차/부등호로 판정,A01720_37,"중동 역시 작년엔 성장률(0.3%)이 보합세로, 재작년(5.5%) 대비 크게 꺾였다.",HOLD,KOSIS_METADATA_UNAVAILABLE,직접값 확인,직접값 확인,2025-05-13,경제성장률,0.3,%,2024,Y,KOSIS 정규 통계표,KOSIS 공식 구조 확인,KOSIS 표의 항목·기간·분류 구조 조회를 완료하지 못함,공식값 1개 직접 비교,calculation=DIRECT_VALUE | 세부문제유형=OFFICIAL_METADATA_LOOKUP | 최신결과사유=KOSIS_METADATA_UNAVAILABLE,12개 슬롯 + 통합 원장 진단 규칙,확정,A01720,37,,,,,"{""claimed_operands"": ""[{'raw': '5.5%', 'value': 5.5, 'unit': '%'}]""}",DIRECT_VALUE,,,UNDETERMINED,OFFICIAL_METADATA_LOOKUP,KOSIS_METADATA_UNAVAILABLE,,,,,,,,,,,2,0.3% | 5.5%,"[{""mention_id"":""n1"",""expression"":""0.3%"",""start"":14,""end"":18,""context"":""중동 역시 작년엔 성장률(0.3%)이 보합세로, 재작년(5.5%) 대비 크게"",""role_status"":""미분류""},{""mention_id"":""n2"",""expression"":""5.5%"",""start"":31,""end"":35,""context"":""년엔 성장률(0.3%)이 보합세로, 재작년(5.5%) 대비 크게 꺾였다."",""role_status"":""미분류""}]",[],COMPLETE
1,D1 정확한 값·단순 좌표,정확한 값 직접 비교,연간,연간,공식값 1개,기사값과 공식값의 단위 정규화 후 직접 비교,단순 좌표,기사 수치 없음,KOSIS 공식 API,묶음 실행 가능,공식 좌표 1개·공식값·공표정보를 확보하고 허용오차/부등호로 판정,A01723_2,"2000년대 후반 잠재성장률이 4% 수준이었음을 고려하면, 20년 만에 반 토막 난 것이다.",HOLD,KOSIS_METADATA_UNAVAILABLE,직접값 확인,직접값 확인,2025-05-13,경제성장률,4,%,2000,Y,KOSIS 정규 통계표,KOSIS 공식 구조 확인,KOSIS 표의 항목·기간·분류 구조 조회를 완료하지 못함,공식값 1개 직접 비교,calculation=DIRECT_VALUE | 세부문제유형=OFFICIAL_METADATA_LOOKUP | 최신결과사유=KOSIS_METADATA_UNAVAILABLE,12개 슬롯 + 통합 원장 진단 규칙,확정,A01723,2,,,,,,DIRECT_VALUE,,,UNDETERMINED,OFFICIAL_METADATA_LOOKUP,KOSIS_METADATA_UNAVAILABLE,,,,,,,,,,,3,2000년 | 4% | 20년,"[{""mention_id"":""n1"",""expression"":""2000년"",""start"":0,""end"":5,""context"":""2000년대 후반 잠재성장률이 4% 수준이었음을 고려"",""role_status"":""미분류""},{""mention_id"":""n2"",""expression"":""4%"",""start"":17,""end"":19,""context"":""2000년대 후반 잠재성장률이 4% 수준이었음을 고려하면, 20년 만에 반 토"",""role_status"":""미분류""},{""mention_id"":""n3"",""expression"":""20년"",""start"":33,""end"":36,""context"":"" 잠재성장률이 4% 수준이었음을 고려하면, 20년 만에 반 토막 난 것이다."",""role_status"":""미분류""}]",[],COMPLETE
1,D1 정확한 값·단순 좌표,정확한 값 직접 비교,연간,연간,공식값 1개,기사값과 공식값의 단위 정규화 후 직접 비교,단순 좌표,수치 2개,KOSIS 공식 API,묶음 실행 가능,공식 좌표 1개·공식값·공표정보를 확보하고 허용오차/부등호로 판정,A01737_11,특히 사회 초년생인 20대 후반의 경우 실업률이 7.1%를 기록하며 전년 동월 대비 1.3%포인트나 증가했다.,HOLD,KOSIS_METADATA_UNAVAILABLE,직접값 확인,직접값 확인,2025-05-14,실업률,1.3,%p,2025,Y,KOSIS 정규 통계표,KOSIS 공식 구조 확인,KOSIS 표의 항목·기간·분류 구조 조회를 완료하지 못함,공식값 1개 직접 비교,calculation=DIRECT_VALUE | 세부문제유형=OFFICIAL_METADATA_LOOKUP | 최신결과사유=KOSIS_METADATA_UNAVAILABLE,12개 슬롯 + 통합 원장 진단 규칙,확정,A01737,11,,,,,"{""claimed_operands"": ""[{'raw': '20대', 'value': 20.0, 'unit': '대'}, {'raw': '7.1%', 'value': 7.1, 'unit': '%'}]""}",DIRECT_VALUE,"{""direction"": ""INCREASE""}",,UNDETERMINED,OFFICIAL_METADATA_LOOKUP,KOSIS_METADATA_UNAVAILABLE,,,,,,,,,,,3,20대 | 7.1% | 1.3%포인트,"[{""mention_id"":""n1"",""expression"":""20대"",""start"":11,""end"":14,""context"":""특히 사회 초년생인 20대 후반의 경우 실업률이 7.1%를 기록하며 "",""role_status"":""미분류""},{""mention_id"":""n2"",""expression"":""7.1%"",""start"":27,""end"":31,""context"":""사회 초년생인 20대 후반의 경우 실업률이 7.1%를 기록하며 전년 동월 대비 1.3%포인트나"",""role_status"":""미분류""},{""mention_id"":""n3"",""expression"":""1.3%포인트"",""start"":47,""end"":54,""context"":""업률이 7.1%를 기록하며 전년 동월 대비 1.3%포인트나 증가했다."",""role_status"":""미분류""}]",[],COMPLETE
1,D1 정확한 값·단순 좌표,정확한 값 직접 비교,월간,월간,공식값 1개,기사값과 공식값의 단위 정규화 후 직접 비교,단순 좌표,수치 2개,KOSIS 공식 API,묶음 실행 가능,공식 좌표 1개·공식값·공표정보를 확보하고 허용오차/부등호로 판정,A01737_5,지난 1월(13만5000명)부터 4개월 연속으로 취업자 증가폭이 10만명대를 기록한 것이다.,HOLD,KOSIS_METADATA_UNAVAILABLE,직접값 확인,직접값 확인,2025-05-14,취업자 수,135000,명,2025-01,M,KOSIS 정규 통계표,KOSIS 공식 구조 확인,KOSIS 표의 항목·기간·분류 구조 조회를 완료하지 못함,공식값 1개 직접 비교,calculation=DIRECT_VALUE | 세부문제유형=OFFICIAL_METADATA_LOOKUP | 최신결과사유=KOSIS_METADATA_UNAVAILABLE,12개 슬롯 + 통합 원장 진단 규칙,확정,A01737,5,,,,,"{""claimed_operands"": ""[{'raw': '4개', 'value': 4.0, 'unit': '개'}, {'raw': '10만명', 'value': 100000.0, 'unit': '명'}]""}",DIRECT_VALUE,"{""direction"": ""INCREASE""}",,UNDETERMINED,OFFICIAL_METADATA_LOOKUP,KOSIS_METADATA_UNAVAILABLE,,,,,,,,,,,4,1월 | 13만5000명 | 4개월 | 10만명,"[{""mention_id"":""n1"",""expression"":""1월"",""start"":3,""end"":5,""context"":""지난 1월(13만5000명)부터 4개월 연속으로 취업"",""role_status"":""미분류""},{""mention_id"":""n2"",""expression"":""13만5000명"",""start"":6,""end"":14,""context"":""지난 1월(13만5000명)부터 4개월 연속으로 취업자 증가폭이 10"",""role_status"":""미분류""},{""mention_id"":""n3"",""expression"":""4개월"",""start"":18,""end"":21,""context"":""지난 1월(13만5000명)부터 4개월 연속으로 취업자 증가폭이 10만명대를 기록"",""role_status"":""미분류""},{""mention_id"":""n4"",""expression"":""10만명"",""start"":36,""end"":40,""context"":""0명)부터 4개월 연속으로 취업자 증가폭이 10만명대를 기록한 것이다."",""role_status"":""미분류""}]",[],COMPLETE
1,D1 정확한 값·단순 좌표,정확한 값 직접 비교,월간,월간,공식값 1개,기사값과 공식값의 단위 정규화 후 직접 비교,단순 좌표,수치 1개,KOSIS 공식 API,묶음 실행 가능,공식 좌표 1개·공식값·공표정보를 확보하고 허용오차/부등호로 판정,A01752_4,"통계청이 14일 발표한 ‘4월 고용 동향’에 따르면, 지난달 취업자는 2888만7000명으로 작년 4월보다 19만4000명 늘었다.",HOLD,KOSIS_METADATA_UNAVAILABLE,직접값 확인,직접값 확인,2025-05-15,취업자 수,28887000,명,2024-04,M,KOSIS 정규 통계표,KOSIS 공식 구조 확인,KOSIS 표의 항목·기간·분류 구조 조회를 완료하지 못함,공식값 1개 직접 비교,calculation=DIRECT_VALUE | 세부문제유형=OFFICIAL_METADATA_LOOKUP | 최신결과사유=KOSIS_METADATA_UNAVAILABLE,12개 슬롯 + 통합 원장 진단 규칙,확정,A01752,4,,,,,"{""claimed_operands"": ""[{'raw': '19만4000명', 'value': 194000.0, 'unit': '명'}]""}",DIRECT_VALUE,,통계청,UNDETERMINED,OFFICIAL_METADATA_LOOKUP,KOSIS_METADATA_UNAVAILABLE,,,,,,,,,,,5,14일 | 4월 | 2888만7000명 | 4월 | 19만4000명,"[{""mention_id"":""n1"",""expression"":""14일"",""start"":5,""end"":8,""context"":""통계청이 14일 발표한 ‘4월 고용 동향’에 따르면, 지난"",""role_status"":""미분류""},{""mention_id"":""n2"",""expression"":""4월"",""start"":14,""end"":16,""context"":""통계청이 14일 발표한 ‘4월 고용 동향’에 따르면, 지난달 취업자는 2"",""role_status"":""미분류""},{""mention_id"":""n3"",""expression"":""2888만7000명"",""start"":39,""end"":49,""context"":""월 고용 동향’에 따르면, 지난달 취업자는 2888만7000명으로 작년 4월보다 19만4000명 늘었다."",""role_status"":""미분류""},{""mention_id"":""n4"",""expression"":""4월"",""start"":55,""end"":57,""context"":""난달 취업자는 2888만7000명으로 작년 4월보다 19만4000명 늘었다."",""role_status"":""미분류""},{""mention_id"":""n5"",""expression"":""19만4000명"",""start"":60,""end"":68,""context"":""자는 2888만7000명으로 작년 4월보다 19만4000명 늘었다."",""role_status"":""미분류""}]",[],COMPLETE
1,D1 정확한 값·단순 좌표,정확한 값 직접 비교,월간,월간,공식값 1개,기사값과 공식값의 단위 정규화 후 직접 비교,단순 좌표,기사 수치 없음,KOSIS 공식 API,묶음 실행 가능,공식 좌표 1개·공식값·공표정보를 확보하고 허용오차/부등호로 판정,A01910_8,이는 트럼프 대통령이 지난 4월부터 외국산 수입차에 관세 25%를 매긴 여파로 풀이된다.,HOLD,NO_HARD_GUARD_CANDIDATE,직접값 확인,직접값 확인,2025-05-27,수입액,25,%,2025-04,M,KOSIS 정규 통계표,필수 조건 검사,기간·단위·지역 등 필수 조건을 모두 만족하는 공식 통계표 후보가 없음,공식값 1개 직접 비교,calculation=DIRECT_VALUE | 세부문제유형=HARD_GUARD_ALIAS | 최신결과사유=NO_HARD_GUARD_CANDIDATE,12개 슬롯 + 통합 원장 진단 규칙,확정,A01910,8,,,,,,DIRECT_VALUE,,,UNDETERMINED,HARD_GUARD_ALIAS,NO_HARD_GUARD_CANDIDATE,,,,,,,,,,,2,4월 | 25%,"[{""mention_id"":""n1"",""expression"":""4월"",""start"":15,""end"":17,""context"":""이는 트럼프 대통령이 지난 4월부터 외국산 수입차에 관세 25%를 매긴 여"",""role_status"":""미분류""},{""mention_id"":""n2"",""expression"":""25%"",""start"":32,""end"":35,""context"":""통령이 지난 4월부터 외국산 수입차에 관세 25%를 매긴 여파로 풀이된다."",""role_status"":""미분류""}]",[],COMPLETE
1,D1 정확한 값·단순 좌표,정확한 값 직접 비교,분기,분기,공식값 1개,기사값과 공식값의 단위 정규화 후 직접 비교,단순 좌표,수치 1개,KOSIS 공식 API,묶음 실행 가능,공식 좌표 1개·공식값·공표정보를 확보하고 허용오차/부등호로 판정,A01927_11,분기별로 출생아 수가 6만5000명을 넘은 것은 지난 2022년 1분기(6만8339명) 이후 3년 만이다.,HOLD,FETCH_FAILED,직접값 확인,직접값 확인,2025-05-29,출생아 수,65000,명,2022-Q1,Q,KOSIS 정규 통계표,공식값·공표정보 조회,확정된 공식 좌표의 값을 조회하지 못함,공식값 1개 직접 비교,calculation=DIRECT_VALUE | 세부문제유형=VALUE_FETCH_FAILED | 최신결과사유=FETCH_FAILED,12개 슬롯 + 통합 원장 진단 규칙,확정,A01927,11,,,,,"{""claimed_operands"": ""[{'raw': '6만8339명', 'value': 68339.0, 'unit': '명'}]""}",DIRECT_VALUE,,,UNDETERMINED,VALUE_FETCH_FAILED,FETCH_FAILED,,,,,,,,,,,5,6만5000명 | 2022년 | 1분기 | 6만8339명 | 3년,"[{""mention_id"":""n1"",""expression"":""6만5000명"",""start"":12,""end"":19,""context"":""분기별로 출생아 수가 6만5000명을 넘은 것은 지난 2022년 1분기(6만8"",""role_status"":""미분류""},{""mention_id"":""n2"",""expression"":""2022년"",""start"":30,""end"":35,""context"":""생아 수가 6만5000명을 넘은 것은 지난 2022년 1분기(6만8339명) 이후 3년 만이다."",""role_status"":""미분류""},{""mention_id"":""n3"",""expression"":""1분기"",""start"":36,""end"":39,""context"":""6만5000명을 넘은 것은 지난 2022년 1분기(6만8339명) 이후 3년 만이다."",""role_status"":""미분류""},{""mention_id"":""n4"",""expression"":""6만8339명"",""start"":40,""end"":47,""context"":""00명을 넘은 것은 지난 2022년 1분기(6만8339명) 이후 3년 만이다."",""role_status"":""미분류""},{""mention_id"":""n5"",""expression"":""3년"",""start"":52,""end"":54,""context"":""난 2022년 1분기(6만8339명) 이후 3년 만이다."",""role_status"":""미분류""}]",[],COMPLETE
1,D1 정확한 값·단순 좌표,정확한 값 직접 비교,연간,연간,공식값 1개,기사값과 공식값의 단위 정규화 후 직접 비교,단순 좌표,기사 수치 없음,KOSIS 공식 API,묶음 실행 가능,공식 좌표 1개·공식값·공표정보를 확보하고 허용오차/부등호로 판정,A01927_15,이들보다 5년 정도 빠른 1980년대 후반이나 5년 늦은 1990년대 후반에는 연간 출생아 수가 각각 60만명대에 머물렀다.,HOLD,PUBLICATION_FETCH_FAILED,직접값 확인,직접값 확인,2025-05-29,출생아 수,600000,명,2025,Y,KOSIS 정규 통계표,공식값·공표정보 조회,확정된 공식 좌표의 값을 조회하지 못함,공식값 1개 직접 비교,calculation=DIRECT_VALUE | 세부문제유형=VALUE_PUBLICATION_LOOKUP | 최신결과사유=PUBLICATION_FETCH_FAILED,12개 슬롯 + 통합 원장 진단 규칙,확정,A01927,15,,,,,,DIRECT_VALUE,,,UNDETERMINED,VALUE_PUBLICATION_LOOKUP,PUBLICATION_FETCH_FAILED,https://kosis.kr/openapi/Param/statisticsParameterData.do?method=getList&orgId=101&tblId=DT_1B8000G&itmId=T1&prdSe=Y&startPrdDe=2025&endPrdDe=2025&objL1=00&objL2=10,,,,,,,,,,5,5년 | 1980년 | 5년 | 1990년 | 60만명,"[{""mention_id"":""n1"",""expression"":""5년"",""start"":5,""end"":7,""context"":""이들보다 5년 정도 빠른 1980년대 후반이나 5년 늦은"",""role_status"":""미분류""},{""mention_id"":""n2"",""expression"":""1980년"",""start"":14,""end"":19,""context"":""이들보다 5년 정도 빠른 1980년대 후반이나 5년 늦은 1990년대 후반에는"",""role_status"":""미분류""},{""mention_id"":""n3"",""expression"":""5년"",""start"":26,""end"":28,""context"":""보다 5년 정도 빠른 1980년대 후반이나 5년 늦은 1990년대 후반에는 연간 출생아 수"",""role_status"":""미분류""},{""mention_id"":""n4"",""expression"":""1990년"",""start"":32,""end"":37,""context"":""정도 빠른 1980년대 후반이나 5년 늦은 1990년대 후반에는 연간 출생아 수가 각각 60만명"",""role_status"":""미분류""},{""mention_id"":""n5"",""expression"":""60만명"",""start"":57,""end"":61,""context"":""990년대 후반에는 연간 출생아 수가 각각 60만명대에 머물렀다."",""role_status"":""미분류""}]",[],COMPLETE
1,D1 정확한 값·단순 좌표,정확한 값 직접 비교,연간,연간,공식값 1개,기사값과 공식값의 단위 정규화 후 직접 비교,단순 좌표,수치 2개,KOSIS 공식 API,묶음 실행 가능,공식 좌표 1개·공식값·공표정보를 확보하고 허용오차/부등호로 판정,A01927_23,2000년에 64만명이던 출생아 수는 2001년 56만명으로 줄더니 2002년부터 40만명대로 떨어졌다.,HOLD,PUBLICATION_FETCH_FAILED,직접값 확인,직접값 확인,2025-05-29,출생아 수,640000,명,2000,Y,KOSIS 정규 통계표,공식값·공표정보 조회,확정된 공식 좌표의 값을 조회하지 못함,공식값 1개 직접 비교,calculation=DIRECT_VALUE | 세부문제유형=VALUE_PUBLICATION_LOOKUP | 최신결과사유=PUBLICATION_FETCH_FAILED,12개 슬롯 + 통합 원장 진단 규칙,확정,A01927,23,,,,,"{""claimed_operands"": ""[{'raw': '56만명', 'value': 560000.0, 'unit': '명'}, {'raw': '40만명', 'value': 400000.0, 'unit': '명'}]""}",DIRECT_VALUE,"{""direction"": ""DECREASE""}",,UNDETERMINED,VALUE_PUBLICATION_LOOKUP,PUBLICATION_FETCH_FAILED,https://kosis.kr/openapi/Param/statisticsParameterData.do?method=getList&orgId=101&tblId=DT_2AAF011&itmId=T060&prdSe=Y&startPrdDe=2000&endPrdDe=2000&objL1=A410&objL2=D00&objL3=I999999,,,,,,,,,,6,2000년 | 64만명 | 2001년 | 56만명 | 2002년 | 40만명,"[{""mention_id"":""n1"",""expression"":""2000년"",""start"":0,""end"":5,""context"":""2000년에 64만명이던 출생아 수는 2001년 56"",""role_status"":""미분류""},{""mention_id"":""n2"",""expression"":""64만명"",""start"":7,""end"":11,""context"":""2000년에 64만명이던 출생아 수는 2001년 56만명으로 줄"",""role_status"":""미분류""},{""mention_id"":""n3"",""expression"":""2001년"",""start"":21,""end"":26,""context"":""2000년에 64만명이던 출생아 수는 2001년 56만명으로 줄더니 2002년부터 40만명"",""role_status"":""미분류""},{""mention_id"":""n4"",""expression"":""56만명"",""start"":27,""end"":31,""context"":""0년에 64만명이던 출생아 수는 2001년 56만명으로 줄더니 2002년부터 40만명대로 떨어"",""role_status"":""미분류""},{""mention_id"":""n5"",""expression"":""2002년"",""start"":38,""end"":43,""context"":""출생아 수는 2001년 56만명으로 줄더니 2002년부터 40만명대로 떨어졌다."",""role_status"":""미분류""},{""mention_id"":""n6"",""expression"":""40만명"",""start"":46,""end"":50,""context"":""001년 56만명으로 줄더니 2002년부터 40만명대로 떨어졌다."",""role_status"":""미분류""}]",[],COMPLETE
1,D1 정확한 값·단순 좌표,정확한 값 직접 비교,연간,연간,공식값 1개,기사값과 공식값의 단위 정규화 후 직접 비교,단순 좌표,기사 수치 없음,KOSIS 공식 API,묶음 실행 가능,공식 좌표 1개·공식값·공표정보를 확보하고 허용오차/부등호로 판정,A01927_4,다만 5년 후인 2030년에는 한 해 태어난 인구가 40만명에 불과한 2000년대생들이 결혼·출산 적령기가 되기 때문에 저출생 현상이 다시 심화할 가능성이 있다.,HOLD,KOSIS_METADATA_UNAVAILABLE,직접값 확인,직접값 확인,2025-05-29,총인구,400000,명,2030,Y,KOSIS 정규 통계표,KOSIS 공식 구조 확인,KOSIS 표의 항목·기간·분류 구조 조회를 완료하지 못함,공식값 1개 직접 비교,calculation=DIRECT_VALUE | 세부문제유형=OFFICIAL_METADATA_LOOKUP | 최신결과사유=KOSIS_METADATA_UNAVAILABLE,12개 슬롯 + 통합 원장 진단 규칙,확정,A01927,4,,,,,,DIRECT_VALUE,,,UNDETERMINED,OFFICIAL_METADATA_LOOKUP,KOSIS_METADATA_UNAVAILABLE,,,,,,,,,,,5,5년 | 2030년 | 한 해 | 40만명 | 2000년,"[{""mention_id"":""n1"",""expression"":""5년"",""start"":3,""end"":5,""context"":""다만 5년 후인 2030년에는 한 해 태어난 인구가 "",""role_status"":""미분류""},{""mention_id"":""n2"",""expression"":""2030년"",""start"":9,""end"":14,""context"":""다만 5년 후인 2030년에는 한 해 태어난 인구가 40만명에 불과한"",""role_status"":""미분류""},{""mention_id"":""n3"",""expression"":""한 해"",""start"":17,""end"":20,""context"":""다만 5년 후인 2030년에는 한 해 태어난 인구가 40만명에 불과한 2000년"",""role_status"":""미분류""},{""mention_id"":""n4"",""expression"":""40만명"",""start"":29,""end"":33,""context"":"" 후인 2030년에는 한 해 태어난 인구가 40만명에 불과한 2000년대생들이 결혼·출산 적령"",""role_status"":""미분류""},{""mention_id"":""n5"",""expression"":""2000년"",""start"":39,""end"":44,""context"":""는 한 해 태어난 인구가 40만명에 불과한 2000년대생들이 결혼·출산 적령기가 되기 때문에 저"",""role_status"":""미분류""}]",[],COMPLETE
1,D1 정확한 값·단순 좌표,정확한 값 직접 비교,연간,연간,공식값 1개,기사값과 공식값의 단위 정규화 후 직접 비교,단순 좌표,수치 1개,KOSIS 공식 API,묶음 실행 가능,공식 좌표 1개·공식값·공표정보를 확보하고 허용오차/부등호로 판정,A01935_13,"올해 내수의 성장률 기여도는 0.8%포인트, 순수출 성장률 기여도는 0%포인트 정도로 봤다.",HOLD,NO_HARD_GUARD_CANDIDATE,직접값 확인,직접값 확인,2025-05-29,수출액,0.8,%p,2025,Y,KOSIS 정규 통계표,필수 조건 검사,기간·단위·지역 등 필수 조건을 모두 만족하는 공식 통계표 후보가 없음,공식값 1개 직접 비교,calculation=DIRECT_VALUE | 세부문제유형=HARD_GUARD_ALIAS | 최신결과사유=NO_HARD_GUARD_CANDIDATE,12개 슬롯 + 통합 원장 진단 규칙,확정,A01935,13,,,,,"{""claimed_operands"": ""[{'raw': '0%포인트', 'value': 0.0, 'unit': '%p'}]""}",DIRECT_VALUE,,,UNDETERMINED,HARD_GUARD_ALIAS,NO_HARD_GUARD_CANDIDATE,,,,,,,,,,,2,0.8%포인트 | 0%포인트,"[{""mention_id"":""n1"",""expression"":""0.8%포인트"",""start"":16,""end"":23,""context"":""올해 내수의 성장률 기여도는 0.8%포인트, 순수출 성장률 기여도는 0%포인트 정도로"",""role_status"":""미분류""},{""mention_id"":""n2"",""expression"":""0%포인트"",""start"":38,""end"":43,""context"":""는 0.8%포인트, 순수출 성장률 기여도는 0%포인트 정도로 봤다."",""role_status"":""미분류""}]",[],COMPLETE
1,D1 정확한 값·단순 좌표,정확한 값 직접 비교,연간,연간,공식값 1개,기사값과 공식값의 단위 정규화 후 직접 비교,단순 좌표,기사 수치 없음,KOSIS 공식 API,묶음 실행 가능,공식 좌표 1개·공식값·공표정보를 확보하고 허용오차/부등호로 판정,A01947_29,지난 2021년과 2022년에도 순수출의 성장 기여도는 0% 수준이었다.,HOLD,PUBLICATION_FETCH_FAILED,직접값 확인,직접값 확인,2025-05-30,수출액,0,%,2021,Y,KOSIS 정규 통계표,공식값·공표정보 조회,확정된 공식 좌표의 값을 조회하지 못함,공식값 1개 직접 비교,calculation=DIRECT_VALUE | 세부문제유형=VALUE_PUBLICATION_LOOKUP | 최신결과사유=PUBLICATION_FETCH_FAILED,12개 슬롯 + 통합 원장 진단 규칙,확정,A01947,29,,,,,,DIRECT_VALUE,,,UNDETERMINED,VALUE_PUBLICATION_LOOKUP,PUBLICATION_FETCH_FAILED,https://kosis.kr/openapi/Param/statisticsParameterData.do?method=getList&orgId=101&tblId=DT_2KAA806&itmId=T10&prdSe=Y&startPrdDe=2021&endPrdDe=2021&objL1=1005,,,,,,,,,,3,2021년 | 2022년 | 0%,"[{""mention_id"":""n1"",""expression"":""2021년"",""start"":3,""end"":8,""context"":""지난 2021년과 2022년에도 순수출의 성장 기여도는 0"",""role_status"":""미분류""},{""mention_id"":""n2"",""expression"":""2022년"",""start"":10,""end"":15,""context"":""지난 2021년과 2022년에도 순수출의 성장 기여도는 0% 수준이었다"",""role_status"":""미분류""},{""mention_id"":""n3"",""expression"":""0%"",""start"":31,""end"":33,""context"":""년과 2022년에도 순수출의 성장 기여도는 0% 수준이었다."",""role_status"":""미분류""}]",[],COMPLETE
1,D1 정확한 값·단순 좌표,정확한 값 직접 비교,연간,연간,공식값 1개,기사값과 공식값의 단위 정규화 후 직접 비교,단순 좌표,기사 수치 없음,KOSIS 공식 API,묶음 실행 가능,공식 좌표 1개·공식값·공표정보를 확보하고 허용오차/부등호로 판정,A01947_5,이창용 한은 총재는 “올해 순수출(수출에서 수입을 뺀 것)의 성장 기여도가 0%일 것”이라고 했다.,HOLD,NO_HARD_GUARD_CANDIDATE,직접값 확인,직접값 확인,2025-05-30,수출액,0,%,2025,Y,KOSIS 정규 통계표,필수 조건 검사,기간·단위·지역 등 필수 조건을 모두 만족하는 공식 통계표 후보가 없음,공식값 1개 직접 비교,calculation=DIRECT_VALUE | 세부문제유형=HARD_GUARD_ALIAS | 최신결과사유=NO_HARD_GUARD_CANDIDATE,12개 슬롯 + 통합 원장 진단 규칙,확정,A01947,5,,,,,,DIRECT_VALUE,,,UNDETERMINED,HARD_GUARD_ALIAS,NO_HARD_GUARD_CANDIDATE,,,,,,,,,,,1,0%,"[{""mention_id"":""n1"",""expression"":""0%"",""start"":42,""end"":44,""context"":""(수출에서 수입을 뺀 것)의 성장 기여도가 0%일 것”이라고 했다."",""role_status"":""미분류""}]",[],COMPLETE
1,D1 정확한 값·단순 좌표,정확한 값 직접 비교,연간,연간,공식값 1개,기사값과 공식값의 단위 정규화 후 직접 비교,단순 좌표,수치 1개,KOSIS 공식 API,묶음 실행 가능,공식 좌표 1개·공식값·공표정보를 확보하고 허용오차/부등호로 판정,A01953_25,앞서 2023년 종근당은 노바티스와 총 13억500만달러(약 1조7302억원) 규모의 기술 수출 계약을 맺었다.,HOLD,NO_EVIDENCE_COORDINATE_CANDIDATE,직접값 확인,직접값 확인,2025-05-31,수출액,1305000000,달러,2023,Y,KOSIS 정규 통계표,필수 조건 검사,공식 구조는 확인했지만 실제 값을 조회할 좌표를 확정하지 못함,공식값 1개 직접 비교,calculation=DIRECT_VALUE | 세부문제유형=COORDINATE_GENERAL | 최신결과사유=NO_EVIDENCE_COORDINATE_CANDIDATE,12개 슬롯 + 통합 원장 진단 규칙,확정,A01953,25,,,,,"{""claimed_operands"": ""[{'raw': '1조7302억원', 'value': 1730200000000.0, 'unit': '원'}]""}",DIRECT_VALUE,,,UNDETERMINED,COORDINATE_GENERAL,NO_EVIDENCE_COORDINATE_CANDIDATE,,,,,,,,,,,3,2023년 | 13억500만달러 | 1조7302억원,"[{""mention_id"":""n1"",""expression"":""2023년"",""start"":3,""end"":8,""context"":""앞서 2023년 종근당은 노바티스와 총 13억500만달러("",""role_status"":""미분류""},{""mention_id"":""n2"",""expression"":""13억500만달러"",""start"":22,""end"":31,""context"":""앞서 2023년 종근당은 노바티스와 총 13억500만달러(약 1조7302억원) 규모의 기술 수출 계"",""role_status"":""미분류""},{""mention_id"":""n3"",""expression"":""1조7302억원"",""start"":34,""end"":42,""context"":""근당은 노바티스와 총 13억500만달러(약 1조7302억원) 규모의 기술 수출 계약을 맺었다."",""role_status"":""미분류""}]",[],COMPLETE
1,D1 정확한 값·단순 좌표,정확한 값 직접 비교,연간,연간,공식값 1개,기사값과 공식값의 단위 정규화 후 직접 비교,단순 좌표,기사 수치 없음,KOSIS 공식 API,묶음 실행 가능,공식 좌표 1개·공식값·공표정보를 확보하고 허용오차/부등호로 판정,A01981_3,"보고서는 인구 감소, 고령화가 더 심해지는 2025~2030년에는 인구구조 변화에 따른 소비 증가율 둔화 폭이 연평균 1%포인트까지 확대될 것으로 봤다.",HOLD,NO_HARD_GUARD_CANDIDATE,직접값 확인,직접값 확인,2025-06-02,고령인구 비율,1,%p,2030,Y,KOSIS 정규 통계표,필수 조건 검사,기간·단위·지역 등 필수 조건을 모두 만족하는 공식 통계표 후보가 없음,공식값 1개 직접 비교,calculation=DIRECT_VALUE | 세부문제유형=HARD_GUARD_ALIAS | 최신결과사유=NO_HARD_GUARD_CANDIDATE,12개 슬롯 + 통합 원장 진단 규칙,확정,A01981,3,,,,,,DIRECT_VALUE,"{""direction"": ""DECREASE""}",,UNDETERMINED,HARD_GUARD_ALIAS,NO_HARD_GUARD_CANDIDATE,,,,,,,,,,,2,2025~2030년 | 1%포인트,"[{""mention_id"":""n1"",""expression"":""2025~2030년"",""start"":24,""end"":34,""context"":""보고서는 인구 감소, 고령화가 더 심해지는 2025~2030년에는 인구구조 변화에 따른 소비 증가율 둔화"",""role_status"":""미분류""},{""mention_id"":""n2"",""expression"":""1%포인트"",""start"":66,""end"":71,""context"":""변화에 따른 소비 증가율 둔화 폭이 연평균 1%포인트까지 확대될 것으로 봤다."",""role_status"":""미분류""}]",[],COMPLETE
1,D1 정확한 값·단순 좌표,정확한 값 직접 비교,월간,월간,공식값 1개,기사값과 공식값의 단위 정규화 후 직접 비교,단순 좌표,수치 1개,KOSIS 공식 API,묶음 실행 가능,공식 좌표 1개·공식값·공표정보를 확보하고 허용오차/부등호로 판정,A01986_3,설 연휴 영향을 빼면 ‘수출 마이너스’는 2023년 9월(-4.4%) 이후 사실상 20개월 만에 처음이다.,HOLD,NO_EVIDENCE_COORDINATE_CANDIDATE,직접값 확인,직접값 확인,2025-06-02,수출액,4.4,%,2023-09,M,KOSIS 정규 통계표,필수 조건 검사,공식 구조는 확인했지만 실제 값을 조회할 좌표를 확정하지 못함,공식값 1개 직접 비교,calculation=DIRECT_VALUE | 세부문제유형=COORDINATE_GENERAL | 최신결과사유=NO_EVIDENCE_COORDINATE_CANDIDATE,12개 슬롯 + 통합 원장 진단 규칙,확정,A01986,3,,,,,"{""claimed_operands"": ""[{'raw': '20개', 'value': 20.0, 'unit': '개'}]""}",DIRECT_VALUE,"{""direction"": ""DECREASE""}",,UNDETERMINED,COORDINATE_GENERAL,NO_EVIDENCE_COORDINATE_CANDIDATE,,,,,,,,,,,4,2023년 | 9월 | -4.4% | 20개월,"[{""mention_id"":""n1"",""expression"":""2023년"",""start"":23,""end"":28,""context"":""설 연휴 영향을 빼면 ‘수출 마이너스’는 2023년 9월(-4.4%) 이후 사실상 20개월 만"",""role_status"":""미분류""},{""mention_id"":""n2"",""expression"":""9월"",""start"":29,""end"":31,""context"":""영향을 빼면 ‘수출 마이너스’는 2023년 9월(-4.4%) 이후 사실상 20개월 만에 처"",""role_status"":""미분류""},{""mention_id"":""n3"",""expression"":""-4.4%"",""start"":32,""end"":37,""context"":"" 빼면 ‘수출 마이너스’는 2023년 9월(-4.4%) 이후 사실상 20개월 만에 처음이다."",""role_status"":""미분류""},{""mention_id"":""n4"",""expression"":""20개월"",""start"":46,""end"":50,""context"":"" 2023년 9월(-4.4%) 이후 사실상 20개월 만에 처음이다."",""role_status"":""미분류""}]",[],COMPLETE
1,D1 정확한 값·단순 좌표,정확한 값 직접 비교,연간,연간,공식값 1개,기사값과 공식값의 단위 정규화 후 직접 비교,단순 좌표,기사 수치 없음,KOSIS 공식 API,묶음 실행 가능,공식 좌표 1개·공식값·공표정보를 확보하고 허용오차/부등호로 판정,A02010_4,4일 통계청에 따르면 5월 소비자 물가 지수는 116.27(2020년을 100으로 본 상대적 지수)로 전년 동월 대비 1.9% 올랐다.,HOLD,KOSIS_METADATA_UNAVAILABLE,직접값 확인,직접값 확인,2025-06-04,소비자물가 상승률,1.9,%,2020,Y,KOSIS 정규 통계표,KOSIS 공식 구조 확인,KOSIS 표의 항목·기간·분류 구조 조회를 완료하지 못함,공식값 1개 직접 비교,calculation=DIRECT_VALUE | 세부문제유형=OFFICIAL_METADATA_LOOKUP | 최신결과사유=KOSIS_METADATA_UNAVAILABLE,12개 슬롯 + 통합 원장 진단 규칙,확정,A02010,4,,,,,,DIRECT_VALUE,,통계청,UNDETERMINED,OFFICIAL_METADATA_LOOKUP,KOSIS_METADATA_UNAVAILABLE,,,,,,,,,,,6,4일 | 5월 | 116.27 | 2020년 | 100 | 1.9%,"[{""mention_id"":""n1"",""expression"":""4일"",""start"":0,""end"":2,""context"":""4일 통계청에 따르면 5월 소비자 물가 지수는 "",""role_status"":""미분류""},{""mention_id"":""n2"",""expression"":""5월"",""start"":12,""end"":14,""context"":""4일 통계청에 따르면 5월 소비자 물가 지수는 116.27(2020년"",""role_status"":""미분류""},{""mention_id"":""n3"",""expression"":""116.27"",""start"":26,""end"":32,""context"":"" 통계청에 따르면 5월 소비자 물가 지수는 116.27(2020년을 100으로 본 상대적 지수)로"",""role_status"":""미분류""},{""mention_id"":""n4"",""expression"":""2020년"",""start"":33,""end"":38,""context"":""르면 5월 소비자 물가 지수는 116.27(2020년을 100으로 본 상대적 지수)로 전년 동월"",""role_status"":""미분류""},{""mention_id"":""n5"",""expression"":""100"",""start"":40,""end"":43,""context"":""비자 물가 지수는 116.27(2020년을 100으로 본 상대적 지수)로 전년 동월 대비 1"",""role_status"":""미분류""},{""mention_id"":""n6"",""expression"":""1.9%"",""start"":66,""end"":70,""context"":""0으로 본 상대적 지수)로 전년 동월 대비 1.9% 올랐다."",""role_status"":""미분류""}]",[],COMPLETE
1,D1 정확한 값·단순 좌표,정확한 값 직접 비교,월간,월간,공식값 1개,기사값과 공식값의 단위 정규화 후 직접 비교,단순 좌표,기사 수치 없음,KOSIS 공식 API,묶음 실행 가능,공식 좌표 1개·공식값·공표정보를 확보하고 허용오차/부등호로 판정,A02018_3,4일 통계청은 ‘5월 소비자 물가 동향’에서 지난달 소비자 물가가 전년 동월 대비 1.9% 올랐다고 밝혔다.,HOLD,NO_EVIDENCE_COORDINATE_CANDIDATE,직접값 확인,직접값 확인,2025-06-05,소비자물가 상승률,1.9,%,2025-05,M,KOSIS 정규 통계표,필수 조건 검사,공식 구조는 확인했지만 실제 값을 조회할 좌표를 확정하지 못함,공식값 1개 직접 비교,calculation=DIRECT_VALUE | 세부문제유형=COORDINATE_GENERAL | 최신결과사유=NO_EVIDENCE_COORDINATE_CANDIDATE,12개 슬롯 + 통합 원장 진단 규칙,확정,A02018,3,,,,,,DIRECT_VALUE,,통계청,UNDETERMINED,COORDINATE_GENERAL,NO_EVIDENCE_COORDINATE_CANDIDATE,,,,,,,,,,,3,4일 | 5월 | 1.9%,"[{""mention_id"":""n1"",""expression"":""4일"",""start"":0,""end"":2,""context"":""4일 통계청은 ‘5월 소비자 물가 동향’에서 지"",""role_status"":""미분류""},{""mention_id"":""n2"",""expression"":""5월"",""start"":9,""end"":11,""context"":""4일 통계청은 ‘5월 소비자 물가 동향’에서 지난달 소비자 물가"",""role_status"":""미분류""},{""mention_id"":""n3"",""expression"":""1.9%"",""start"":46,""end"":50,""context"":""에서 지난달 소비자 물가가 전년 동월 대비 1.9% 올랐다고 밝혔다."",""role_status"":""미분류""}]",[],COMPLETE
1,D1 정확한 값·단순 좌표,정확한 값 직접 비교,연간,연간,공식값 1개,기사값과 공식값의 단위 정규화 후 직접 비교,단순 좌표,기사 수치 없음,KOSIS 공식 API,묶음 실행 가능,공식 좌표 1개·공식값·공표정보를 확보하고 허용오차/부등호로 판정,A02022_15,노동투입이 잠재성장률에 기여하는 정도도 2000년대 초반과 비슷한 30% 수준으로 낮아졌다.,HOLD,NO_EVIDENCE_COORDINATE_CANDIDATE,직접값 확인,직접값 확인,2025-06-05,경제성장률,30,%,2000,Y,KOSIS 정규 통계표,필수 조건 검사,공식 구조는 확인했지만 실제 값을 조회할 좌표를 확정하지 못함,공식값 1개 직접 비교,calculation=DIRECT_VALUE | 세부문제유형=COORDINATE_GENERAL | 최신결과사유=NO_EVIDENCE_COORDINATE_CANDIDATE,12개 슬롯 + 통합 원장 진단 규칙,확정,A02022,15,,,,,,DIRECT_VALUE,,,UNDETERMINED,COORDINATE_GENERAL,NO_EVIDENCE_COORDINATE_CANDIDATE,,,,,,,,,,,2,2000년 | 30%,"[{""mention_id"":""n1"",""expression"":""2000년"",""start"":22,""end"":27,""context"":""노동투입이 잠재성장률에 기여하는 정도도 2000년대 초반과 비슷한 30% 수준으로 낮아졌다."",""role_status"":""미분류""},{""mention_id"":""n2"",""expression"":""30%"",""start"":37,""end"":40,""context"":""기여하는 정도도 2000년대 초반과 비슷한 30% 수준으로 낮아졌다."",""role_status"":""미분류""}]",[],COMPLETE
1,D1 정확한 값·단순 좌표,정확한 값 직접 비교,연간,연간,공식값 1개,기사값과 공식값의 단위 정규화 후 직접 비교,단순 좌표,수치 1개,KOSIS 공식 API,묶음 실행 가능,공식 좌표 1개·공식값·공표정보를 확보하고 허용오차/부등호로 판정,A02028_21,2022년 폴란드와 30억달러 규모 FA-50 48대 수출 계약은 또 다른 변곡점이었다.,HOLD,PUBLICATION_FETCH_FAILED,직접값 확인,직접값 확인,2025-06-05,수출액,3000000000,달러,2022,Y,KOSIS 정규 통계표,공식값·공표정보 조회,확정된 공식 좌표의 값을 조회하지 못함,공식값 1개 직접 비교,calculation=DIRECT_VALUE | 세부문제유형=VALUE_PUBLICATION_LOOKUP | 최신결과사유=PUBLICATION_FETCH_FAILED,12개 슬롯 + 통합 원장 진단 규칙,확정,A02028,21,,,,,"{""claimed_operands"": ""[{'raw': '48대', 'value': 48.0, 'unit': '대'}]""}",DIRECT_VALUE,,,UNDETERMINED,VALUE_PUBLICATION_LOOKUP,PUBLICATION_FETCH_FAILED,,,,,,,,,,,4,2022년 | 30억달러 | -50 | 48대,"[{""mention_id"":""n1"",""expression"":""2022년"",""start"":0,""end"":5,""context"":""2022년 폴란드와 30억달러 규모 FA-50 48대"",""role_status"":""미분류""},{""mention_id"":""n2"",""expression"":""30억달러"",""start"":11,""end"":16,""context"":""2022년 폴란드와 30억달러 규모 FA-50 48대 수출 계약은 또 다"",""role_status"":""미분류""},{""mention_id"":""n3"",""expression"":""-50"",""start"":22,""end"":25,""context"":""2022년 폴란드와 30억달러 규모 FA-50 48대 수출 계약은 또 다른 변곡점이었다."",""role_status"":""미분류""},{""mention_id"":""n4"",""expression"":""48대"",""start"":26,""end"":29,""context"":""22년 폴란드와 30억달러 규모 FA-50 48대 수출 계약은 또 다른 변곡점이었다."",""role_status"":""미분류""}]",[],COMPLETE
1,D1 정확한 값·단순 좌표,정확한 값 직접 비교,연간,연간,공식값 1개,기사값과 공식값의 단위 정규화 후 직접 비교,단순 좌표,수치 2개,KOSIS 공식 API,묶음 실행 가능,공식 좌표 1개·공식값·공표정보를 확보하고 허용오차/부등호로 판정,A02065_4,"원·달러 환율(3개월 이동평균)은 작년 동기 대비 7.8% 올라, 소비자물가를 0.3%p 올렸다.",HOLD,NO_HARD_GUARD_CANDIDATE,직접값 확인,직접값 확인,2025-06-08,소비자물가 상승률,0.3,%p,2024,Y,KOSIS 정규 통계표,필수 조건 검사,기간·단위·지역 등 필수 조건을 모두 만족하는 공식 통계표 후보가 없음,공식값 1개 직접 비교,calculation=DIRECT_VALUE | 세부문제유형=HARD_GUARD_ALIAS | 최신결과사유=NO_HARD_GUARD_CANDIDATE,12개 슬롯 + 통합 원장 진단 규칙,확정,A02065,4,,,,,"{""claimed_operands"": ""[{'raw': '3개', 'value': 3.0, 'unit': '개'}, {'raw': '7.8%', 'value': 7.8, 'unit': '%'}]""}",DIRECT_VALUE,"{""direction"": ""INCREASE""}",,UNDETERMINED,HARD_GUARD_ALIAS,NO_HARD_GUARD_CANDIDATE,,,,,,,,,,,3,3개월 | 7.8% | 0.3%p,"[{""mention_id"":""n1"",""expression"":""3개월"",""start"":8,""end"":11,""context"":""원·달러 환율(3개월 이동평균)은 작년 동기 대비 7.8% 올라"",""role_status"":""미분류""},{""mention_id"":""n2"",""expression"":""7.8%"",""start"":28,""end"":32,""context"":"" 환율(3개월 이동평균)은 작년 동기 대비 7.8% 올라, 소비자물가를 0.3%p 올렸다."",""role_status"":""미분류""},{""mention_id"":""n3"",""expression"":""0.3%p"",""start"":44,""end"":49,""context"":""년 동기 대비 7.8% 올라, 소비자물가를 0.3%p 올렸다."",""role_status"":""미분류""}]",[],COMPLETE
1,D1 정확한 값·단순 좌표,정확한 값 직접 비교,월간,월간,공식값 1개,기사값과 공식값의 단위 정규화 후 직접 비교,단순 좌표,수치 1개,KOSIS 공식 API,묶음 실행 가능,공식 좌표 1개·공식값·공표정보를 확보하고 허용오차/부등호로 판정,A02096_10,다만 지난 4월까지 1년2개월 연속 감소했던 도소매업 취업자는 지난달 1만8000명 늘어 증가세로 돌아섰다.,HOLD,NO_HARD_GUARD_CANDIDATE,직접값 확인,직접값 확인,2025-06-11,취업자 수,2,개,2025-04,M,KOSIS 정규 통계표,필수 조건 검사,기간·단위·지역 등 필수 조건을 모두 만족하는 공식 통계표 후보가 없음,공식값 1개 직접 비교,calculation=DIRECT_VALUE | 세부문제유형=HARD_GUARD_ALIAS | 최신결과사유=NO_HARD_GUARD_CANDIDATE,12개 슬롯 + 통합 원장 진단 규칙,확정,A02096,10,,,,,"{""claimed_operands"": ""[{'raw': '1만8000명', 'value': 18000.0, 'unit': '명'}]""}",DIRECT_VALUE,"{""direction"": ""DECREASE""}",,UNDETERMINED,HARD_GUARD_ALIAS,NO_HARD_GUARD_CANDIDATE,,,,,,,,,,,4,4월 | 1 | 2개월 | 1만8000명,"[{""mention_id"":""n1"",""expression"":""4월"",""start"":6,""end"":8,""context"":""다만 지난 4월까지 1년2개월 연속 감소했던 도소매업 취업"",""role_status"":""미분류""},{""mention_id"":""n2"",""expression"":""1"",""start"":11,""end"":12,""context"":""다만 지난 4월까지 1년2개월 연속 감소했던 도소매업 취업자는 지"",""role_status"":""미분류""},{""mention_id"":""n3"",""expression"":""2개월"",""start"":13,""end"":16,""context"":""다만 지난 4월까지 1년2개월 연속 감소했던 도소매업 취업자는 지난달 1"",""role_status"":""미분류""},{""mention_id"":""n4"",""expression"":""1만8000명"",""start"":39,""end"":46,""context"":""월 연속 감소했던 도소매업 취업자는 지난달 1만8000명 늘어 증가세로 돌아섰다."",""role_status"":""미분류""}]",[],COMPLETE
1,D1 정확한 값·단순 좌표,정확한 값 직접 비교,월간,월간,공식값 1개,기사값과 공식값의 단위 정규화 후 직접 비교,단순 좌표,수치 1개,KOSIS 공식 API,묶음 실행 가능,공식 좌표 1개·공식값·공표정보를 확보하고 허용오차/부등호로 판정,A02096_18,"일도, 구직 활동도 하지 않은 채 그냥 시간을 보냈다는 ‘쉬었음’ 인구는 지난달 239만명으로 전년 동월 대비 5만6000명 증가했다.",HOLD,KOSIS_METADATA_UNAVAILABLE,직접값 확인,직접값 확인,2025-06-11,총인구,2390000,명,2025-05,M,KOSIS 정규 통계표,KOSIS 공식 구조 확인,KOSIS 표의 항목·기간·분류 구조 조회를 완료하지 못함,공식값 1개 직접 비교,calculation=DIRECT_VALUE | 세부문제유형=OFFICIAL_METADATA_LOOKUP | 최신결과사유=KOSIS_METADATA_UNAVAILABLE,12개 슬롯 + 통합 원장 진단 규칙,확정,A02096,18,,,,,"{""claimed_operands"": ""[{'raw': '5만6000명', 'value': 56000.0, 'unit': '명'}]""}",DIRECT_VALUE,"{""direction"": ""INCREASE""}",,UNDETERMINED,OFFICIAL_METADATA_LOOKUP,KOSIS_METADATA_UNAVAILABLE,,,,,,,,,,,2,239만명 | 5만6000명,"[{""mention_id"":""n1"",""expression"":""239만명"",""start"":45,""end"":50,""context"":"" 시간을 보냈다는 ‘쉬었음’ 인구는 지난달 239만명으로 전년 동월 대비 5만6000명 증가했다"",""role_status"":""미분류""},{""mention_id"":""n2"",""expression"":""5만6000명"",""start"":62,""end"":69,""context"":""구는 지난달 239만명으로 전년 동월 대비 5만6000명 증가했다."",""role_status"":""미분류""}]",[],COMPLETE
1,D1 정확한 값·단순 좌표,정확한 값 직접 비교,연간,연간,공식값 1개,기사값과 공식값의 단위 정규화 후 직접 비교,단순 좌표,수치 2개,KOSIS 공식 API,묶음 실행 가능,공식 좌표 1개·공식값·공표정보를 확보하고 허용오차/부등호로 판정,A02096_19,20대 쉬었음 인구는 37만8000명으로 전년 동월 대비 1만2000명 늘었다.,HOLD,KOSIS_METADATA_UNAVAILABLE,직접값 확인,직접값 확인,2025-06-11,총인구,20,대,2025,Y,KOSIS 정규 통계표,KOSIS 공식 구조 확인,KOSIS 표의 항목·기간·분류 구조 조회를 완료하지 못함,공식값 1개 직접 비교,calculation=DIRECT_VALUE | 세부문제유형=OFFICIAL_METADATA_LOOKUP | 최신결과사유=KOSIS_METADATA_UNAVAILABLE,12개 슬롯 + 통합 원장 진단 규칙,확정,A02096,19,,,,,"{""claimed_operands"": ""[{'raw': '37만8000명', 'value': 378000.0, 'unit': '명'}, {'raw': '1만2000명', 'value': 12000.0, 'unit': '명'}]""}",DIRECT_VALUE,,,UNDETERMINED,OFFICIAL_METADATA_LOOKUP,KOSIS_METADATA_UNAVAILABLE,,,,,,,,,,,3,20대 | 37만8000명 | 1만2000명,"[{""mention_id"":""n1"",""expression"":""20대"",""start"":0,""end"":3,""context"":""20대 쉬었음 인구는 37만8000명으로 전년 동"",""role_status"":""미분류""},{""mention_id"":""n2"",""expression"":""37만8000명"",""start"":12,""end"":20,""context"":""20대 쉬었음 인구는 37만8000명으로 전년 동월 대비 1만2000명 늘었다."",""role_status"":""미분류""},{""mention_id"":""n3"",""expression"":""1만2000명"",""start"":32,""end"":39,""context"":""인구는 37만8000명으로 전년 동월 대비 1만2000명 늘었다."",""role_status"":""미분류""}]",[],COMPLETE
1,D1 정확한 값·단순 좌표,정확한 값 직접 비교,월간,월간,공식값 1개,기사값과 공식값의 단위 정규화 후 직접 비교,단순 좌표,수치 1개,KOSIS 공식 API,묶음 실행 가능,공식 좌표 1개·공식값·공표정보를 확보하고 허용오차/부등호로 판정,A02096_3,"11일 통계청의 ‘2025년 5월 고용동향’에 따르면, 지난달 취업자는 2916만명으로 전년 동월 대비 24만5000명 증가했다.",HOLD,KOSIS_METADATA_UNAVAILABLE,직접값 확인,직접값 확인,2025-06-11,취업자 수,29160000,명,2025-05,M,KOSIS 정규 통계표,KOSIS 공식 구조 확인,KOSIS 표의 항목·기간·분류 구조 조회를 완료하지 못함,공식값 1개 직접 비교,calculation=DIRECT_VALUE | 세부문제유형=OFFICIAL_METADATA_LOOKUP | 최신결과사유=KOSIS_METADATA_UNAVAILABLE,12개 슬롯 + 통합 원장 진단 규칙,확정,A02096,3,,,,,"{""claimed_operands"": ""[{'raw': '24만5000명', 'value': 245000.0, 'unit': '명'}]""}",DIRECT_VALUE,"{""direction"": ""INCREASE""}",통계청,UNDETERMINED,OFFICIAL_METADATA_LOOKUP,KOSIS_METADATA_UNAVAILABLE,,,,,,,,,,,5,11일 | 2025년 | 5월 | 2916만명 | 24만5000명,"[{""mention_id"":""n1"",""expression"":""11일"",""start"":0,""end"":3,""context"":""11일 통계청의 ‘2025년 5월 고용동향’에 따"",""role_status"":""미분류""},{""mention_id"":""n2"",""expression"":""2025년"",""start"":10,""end"":15,""context"":""11일 통계청의 ‘2025년 5월 고용동향’에 따르면, 지난달 취업자는"",""role_status"":""미분류""},{""mention_id"":""n3"",""expression"":""5월"",""start"":16,""end"":18,""context"":""11일 통계청의 ‘2025년 5월 고용동향’에 따르면, 지난달 취업자는 29"",""role_status"":""미분류""},{""mention_id"":""n4"",""expression"":""2916만명"",""start"":40,""end"":46,""context"":""5월 고용동향’에 따르면, 지난달 취업자는 2916만명으로 전년 동월 대비 24만5000명 증가했"",""role_status"":""미분류""},{""mention_id"":""n5"",""expression"":""24만5000명"",""start"":58,""end"":66,""context"":"" 취업자는 2916만명으로 전년 동월 대비 24만5000명 증가했다."",""role_status"":""미분류""}]",[],COMPLETE
1,D1 정확한 값·단순 좌표,정확한 값 직접 비교,월간,월간,공식값 1개,기사값과 공식값의 단위 정규화 후 직접 비교,단순 좌표,기사 수치 없음,KOSIS 공식 API,묶음 실행 가능,공식 좌표 1개·공식값·공표정보를 확보하고 허용오차/부등호로 판정,A02096_8,내수 부진 여파로 지난달 숙박·음식점업 취업자도 6만7000명 줄었다.,HOLD,KOSIS_METADATA_UNAVAILABLE,직접값 확인,직접값 확인,2025-06-11,취업자 수,67000,명,2025-05,M,KOSIS 정규 통계표,KOSIS 공식 구조 확인,KOSIS 표의 항목·기간·분류 구조 조회를 완료하지 못함,공식값 1개 직접 비교,calculation=DIRECT_VALUE | 세부문제유형=OFFICIAL_METADATA_LOOKUP | 최신결과사유=KOSIS_METADATA_UNAVAILABLE,12개 슬롯 + 통합 원장 진단 규칙,확정,A02096,8,,,,,,DIRECT_VALUE,,,UNDETERMINED,OFFICIAL_METADATA_LOOKUP,KOSIS_METADATA_UNAVAILABLE,,,,,,,,,,,1,6만7000명,"[{""mention_id"":""n1"",""expression"":""6만7000명"",""start"":27,""end"":34,""context"":""부진 여파로 지난달 숙박·음식점업 취업자도 6만7000명 줄었다."",""role_status"":""미분류""}]",[],COMPLETE
1,D1 정확한 값·단순 좌표,정확한 값 직접 비교,연간,연간,공식값 1개,기사값과 공식값의 단위 정규화 후 직접 비교,단순 좌표,수치 1개,KOSIS 공식 API,묶음 실행 가능,공식 좌표 1개·공식값·공표정보를 확보하고 허용오차/부등호로 판정,A02099_4,"이 기간 실제 일한 날을 뜻하는 조업일수를 고려한 일평균 수출액은 28억1000만달러로, 작년 같은 기간 조업일수를 고려한 일평균 수출액(24억5000만달러)보다 15.% 늘었다.",HOLD,FETCH_FAILED,직접값 확인,직접값 확인,2025-06-11,수출액,2810000000,달러,2024,Y,KOSIS 정규 통계표,공식값·공표정보 조회,확정된 공식 좌표의 값을 조회하지 못함,공식값 1개 직접 비교,calculation=DIRECT_VALUE | 세부문제유형=VALUE_FETCH_FAILED | 최신결과사유=FETCH_FAILED,12개 슬롯 + 통합 원장 진단 규칙,확정,A02099,4,,,,,"{""claimed_operands"": ""[{'raw': '24억5000만달러', 'value': 2450000000.0, 'unit': '달러'}]""}",DIRECT_VALUE,,,UNDETERMINED,VALUE_FETCH_FAILED,FETCH_FAILED,,,,,,,,,,,3,28억1000만달러 | 24억5000만달러 | 15.%,"[{""mention_id"":""n1"",""expression"":""28억1000만달러"",""start"":37,""end"":47,""context"":"" 뜻하는 조업일수를 고려한 일평균 수출액은 28억1000만달러로, 작년 같은 기간 조업일수를 고려한 일평"",""role_status"":""미분류""},{""mention_id"":""n2"",""expression"":""24억5000만달러"",""start"":77,""end"":87,""context"":""같은 기간 조업일수를 고려한 일평균 수출액(24억5000만달러)보다 15.% 늘었다."",""role_status"":""미분류""},{""mention_id"":""n3"",""expression"":""15.%"",""start"":91,""end"":95,""context"":""한 일평균 수출액(24억5000만달러)보다 15.% 늘었다."",""role_status"":""미분류""}]",[],COMPLETE
1,D1 정확한 값·단순 좌표,정확한 값 직접 비교,연간,연간,공식값 1개,기사값과 공식값의 단위 정규화 후 직접 비교,단순 좌표,수치 1개,KOSIS 공식 API,묶음 실행 가능,공식 좌표 1개·공식값·공표정보를 확보하고 허용오차/부등호로 판정,A02111_13,고용률도 2011년 36.8%에서 지난달 48.3%로 불었다.,AUTO,OUTSIDE_TOLERANCE,직접값 확인,직접값 확인,2025-06-12,고용률,36.8,%,2011,Y,KOSIS 정규 통계표,최종 판정,기사 수치와 공식 계산값이 허용 오차를 벗어남,공식값 1개 직접 비교,calculation=DIRECT_VALUE | 세부문제유형=DONE | 최신결과사유=OUTSIDE_TOLERANCE,12개 슬롯 + 통합 원장 진단 규칙,확정,A02111,13,,,,,"{""claimed_operands"": ""[{'raw': '48.3%', 'value': 48.3, 'unit': '%'}]""}",DIRECT_VALUE,,,MISMATCH,DONE,대시보드 재현 실패,https://kosis.kr/openapi/Param/statisticsParameterData.do?method=getList&orgId=101&tblId=DT_1DA7001S&itmId=T90&prdSe=Y&startPrdDe=2011&endPrdDe=2011&objL1=0,,,,,,,,,,3,2011년 | 36.8% | 48.3%,"[{""mention_id"":""n1"",""expression"":""2011년"",""start"":5,""end"":10,""context"":""고용률도 2011년 36.8%에서 지난달 48.3%로 불었다."",""role_status"":""미분류""},{""mention_id"":""n2"",""expression"":""36.8%"",""start"":11,""end"":16,""context"":""고용률도 2011년 36.8%에서 지난달 48.3%로 불었다."",""role_status"":""미분류""},{""mention_id"":""n3"",""expression"":""48.3%"",""start"":23,""end"":28,""context"":""고용률도 2011년 36.8%에서 지난달 48.3%로 불었다."",""role_status"":""미분류""}]",[],COMPLETE
1,D1 정확한 값·단순 좌표,정확한 값 직접 비교,월간,월간,공식값 1개,기사값과 공식값의 단위 정규화 후 직접 비교,단순 좌표,수치 1개,KOSIS 공식 API,묶음 실행 가능,공식 좌표 1개·공식값·공표정보를 확보하고 허용오차/부등호로 판정,A02111_4,"11일 통계청이 발표한 ‘5월 고용동향’에 따르면, 지난달 취업자는 2916만명으로 전년 동월 대비 24만5000명 늘었다.",HOLD,KOSIS_METADATA_UNAVAILABLE,직접값 확인,직접값 확인,2025-06-12,취업자 수,29160000,명,2025-05,M,KOSIS 정규 통계표,KOSIS 공식 구조 확인,KOSIS 표의 항목·기간·분류 구조 조회를 완료하지 못함,공식값 1개 직접 비교,calculation=DIRECT_VALUE | 세부문제유형=OFFICIAL_METADATA_LOOKUP | 최신결과사유=KOSIS_METADATA_UNAVAILABLE,12개 슬롯 + 통합 원장 진단 규칙,확정,A02111,4,,,,,"{""claimed_operands"": ""[{'raw': '24만5000명', 'value': 245000.0, 'unit': '명'}]""}",DIRECT_VALUE,,통계청,UNDETERMINED,OFFICIAL_METADATA_LOOKUP,KOSIS_METADATA_UNAVAILABLE,,,,,,,,,,,4,11일 | 5월 | 2916만명 | 24만5000명,"[{""mention_id"":""n1"",""expression"":""11일"",""start"":0,""end"":3,""context"":""11일 통계청이 발표한 ‘5월 고용동향’에 따르면"",""role_status"":""미분류""},{""mention_id"":""n2"",""expression"":""5월"",""start"":14,""end"":16,""context"":""11일 통계청이 발표한 ‘5월 고용동향’에 따르면, 지난달 취업자는 29"",""role_status"":""미분류""},{""mention_id"":""n3"",""expression"":""2916만명"",""start"":38,""end"":44,""context"":""5월 고용동향’에 따르면, 지난달 취업자는 2916만명으로 전년 동월 대비 24만5000명 늘었다"",""role_status"":""미분류""},{""mention_id"":""n4"",""expression"":""24만5000명"",""start"":56,""end"":64,""context"":"" 취업자는 2916만명으로 전년 동월 대비 24만5000명 늘었다."",""role_status"":""미분류""}]",[],COMPLETE
1,D1 정확한 값·단순 좌표,정확한 값 직접 비교,연간,연간,공식값 1개,기사값과 공식값의 단위 정규화 후 직접 비교,단순 좌표,기사 수치 없음,KOSIS 공식 API,묶음 실행 가능,공식 좌표 1개·공식값·공표정보를 확보하고 허용오차/부등호로 판정,A02179_7,특히 아랍에미리트는 2031년까지 GDP의 40%를 AI 산업에서 창출하겠다고 한다.,HOLD,KOSIS_METADATA_UNAVAILABLE,직접값 확인,직접값 확인,2025-06-17,GDP,40,%,2031,Y,KOSIS 정규 통계표,KOSIS 공식 구조 확인,KOSIS 표의 항목·기간·분류 구조 조회를 완료하지 못함,공식값 1개 직접 비교,calculation=DIRECT_VALUE | 세부문제유형=OFFICIAL_METADATA_LOOKUP | 최신결과사유=KOSIS_METADATA_UNAVAILABLE,12개 슬롯 + 통합 원장 진단 규칙,확정,A02179,7,,,,,,DIRECT_VALUE,,,UNDETERMINED,OFFICIAL_METADATA_LOOKUP,KOSIS_METADATA_UNAVAILABLE,,,,,,,,,,,2,2031년 | 40%,"[{""mention_id"":""n1"",""expression"":""2031년"",""start"":11,""end"":16,""context"":""특히 아랍에미리트는 2031년까지 GDP의 40%를 AI 산업에서 창출하"",""role_status"":""미분류""},{""mention_id"":""n2"",""expression"":""40%"",""start"":24,""end"":27,""context"":""특히 아랍에미리트는 2031년까지 GDP의 40%를 AI 산업에서 창출하겠다고 한다."",""role_status"":""미분류""}]",[],COMPLETE
1,D1 정확한 값·단순 좌표,정확한 값 직접 비교,월간,월간,공식값 1개,기사값과 공식값의 단위 정규화 후 직접 비교,단순 좌표,수치 1개,KOSIS 공식 API,묶음 실행 가능,공식 좌표 1개·공식값·공표정보를 확보하고 허용오차/부등호로 판정,A02181_14,"15년 전인 2010년 4월 기준 두 집단 사이의 실업률 차이가 8.7%포인트에 달했지만, 올해 4월에는 그 차이가 1.6%포인트로 크게 줄었다는 것이다.",HOLD,KOSIS_METADATA_UNAVAILABLE,직접값 확인,직접값 확인,2025-06-17,실업률,8.7,%p,2010-04,M,KOSIS 정규 통계표,KOSIS 공식 구조 확인,KOSIS 표의 항목·기간·분류 구조 조회를 완료하지 못함,공식값 1개 직접 비교,calculation=DIRECT_VALUE | 세부문제유형=OFFICIAL_METADATA_LOOKUP | 최신결과사유=KOSIS_METADATA_UNAVAILABLE,12개 슬롯 + 통합 원장 진단 규칙,확정,A02181,14,,,,,"{""claimed_operands"": ""[{'raw': '1.6%포인트', 'value': 1.6, 'unit': '%p'}]""}",DIRECT_VALUE,,,UNDETERMINED,OFFICIAL_METADATA_LOOKUP,KOSIS_METADATA_UNAVAILABLE,,,,,,,,,,,6,15년 | 2010년 | 4월 | 8.7%포인트 | 4월 | 1.6%포인트,"[{""mention_id"":""n1"",""expression"":""15년"",""start"":0,""end"":3,""context"":""15년 전인 2010년 4월 기준 두 집단 사이의"",""role_status"":""미분류""},{""mention_id"":""n2"",""expression"":""2010년"",""start"":7,""end"":12,""context"":""15년 전인 2010년 4월 기준 두 집단 사이의 실업률 차이가 "",""role_status"":""미분류""},{""mention_id"":""n3"",""expression"":""4월"",""start"":13,""end"":15,""context"":""15년 전인 2010년 4월 기준 두 집단 사이의 실업률 차이가 8.7"",""role_status"":""미분류""},{""mention_id"":""n4"",""expression"":""8.7%포인트"",""start"":36,""end"":43,""context"":"" 4월 기준 두 집단 사이의 실업률 차이가 8.7%포인트에 달했지만, 올해 4월에는 그 차이가 1."",""role_status"":""미분류""},{""mention_id"":""n5"",""expression"":""4월"",""start"":54,""end"":56,""context"":""률 차이가 8.7%포인트에 달했지만, 올해 4월에는 그 차이가 1.6%포인트로 크게 줄었다"",""role_status"":""미분류""},{""mention_id"":""n6"",""expression"":""1.6%포인트"",""start"":65,""end"":72,""context"":""인트에 달했지만, 올해 4월에는 그 차이가 1.6%포인트로 크게 줄었다는 것이다."",""role_status"":""미분류""}]",[],COMPLETE
1,D1 정확한 값·단순 좌표,정확한 값 직접 비교,연간,연간,공식값 1개,기사값과 공식값의 단위 정규화 후 직접 비교,단순 좌표,수치 1개,KOSIS 공식 API,묶음 실행 가능,공식 좌표 1개·공식값·공표정보를 확보하고 허용오차/부등호로 판정,A02184_12,작년까지만 해도 전문대 졸업자 실업률(4.8%)이 고졸 실업률(5.1%)보다 낮았다.,HOLD,KOSIS_METADATA_UNAVAILABLE,직접값 확인,직접값 확인,2025-06-17,실업률,4.8,%,2024,Y,KOSIS 정규 통계표,KOSIS 공식 구조 확인,KOSIS 표의 항목·기간·분류 구조 조회를 완료하지 못함,공식값 1개 직접 비교,calculation=DIRECT_VALUE | 세부문제유형=OFFICIAL_METADATA_LOOKUP | 최신결과사유=KOSIS_METADATA_UNAVAILABLE,12개 슬롯 + 통합 원장 진단 규칙,확정,A02184,12,,,,,"{""claimed_operands"": ""[{'raw': '5.1%', 'value': 5.1, 'unit': '%'}]""}",DIRECT_VALUE,,,UNDETERMINED,OFFICIAL_METADATA_LOOKUP,KOSIS_METADATA_UNAVAILABLE,,,,,,,,,,,2,4.8% | 5.1%,"[{""mention_id"":""n1"",""expression"":""4.8%"",""start"":21,""end"":25,""context"":""작년까지만 해도 전문대 졸업자 실업률(4.8%)이 고졸 실업률(5.1%)보다 낮았다."",""role_status"":""미분류""},{""mention_id"":""n2"",""expression"":""5.1%"",""start"":35,""end"":39,""context"":""대 졸업자 실업률(4.8%)이 고졸 실업률(5.1%)보다 낮았다."",""role_status"":""미분류""}]",[],COMPLETE
1,D1 정확한 값·단순 좌표,정확한 값 직접 비교,연간,연간,공식값 1개,기사값과 공식값의 단위 정규화 후 직접 비교,단순 좌표,수치 2개,KOSIS 공식 API,묶음 실행 가능,공식 좌표 1개·공식값·공표정보를 확보하고 허용오차/부등호로 판정,A02184_8,"지난 2003년부터 2022년까지 20년간 20대 후반의 실업률은 고졸이 대졸보다 높았는데, 지난 2023년부터 대졸 실업률(6.2%)이 고졸(5.2%)을 넘는 역전 현상이 발생했다.",HOLD,NO_HARD_GUARD_CANDIDATE,직접값 확인,직접값 확인,2025-06-17,실업률,20,대,2003,Y,KOSIS 정규 통계표,필수 조건 검사,기간·단위·지역 등 필수 조건을 모두 만족하는 공식 통계표 후보가 없음,공식값 1개 직접 비교,calculation=DIRECT_VALUE | 세부문제유형=HARD_GUARD_ALIAS | 최신결과사유=NO_HARD_GUARD_CANDIDATE,12개 슬롯 + 통합 원장 진단 규칙,확정,A02184,8,,,,,"{""claimed_operands"": ""[{'raw': '6.2%', 'value': 6.2, 'unit': '%'}, {'raw': '5.2%', 'value': 5.2, 'unit': '%'}]""}",DIRECT_VALUE,,,UNDETERMINED,HARD_GUARD_ALIAS,NO_HARD_GUARD_CANDIDATE,,,,,,,,,,,7,2003년 | 2022년 | 20년 | 20대 | 2023년 | 6.2% | 5.2%,"[{""mention_id"":""n1"",""expression"":""2003년"",""start"":3,""end"":8,""context"":""지난 2003년부터 2022년까지 20년간 20대 후반의 "",""role_status"":""미분류""},{""mention_id"":""n2"",""expression"":""2022년"",""start"":11,""end"":16,""context"":""지난 2003년부터 2022년까지 20년간 20대 후반의 실업률은 고졸이"",""role_status"":""미분류""},{""mention_id"":""n3"",""expression"":""20년"",""start"":19,""end"":22,""context"":""지난 2003년부터 2022년까지 20년간 20대 후반의 실업률은 고졸이 대졸보다 "",""role_status"":""미분류""},{""mention_id"":""n4"",""expression"":""20대"",""start"":24,""end"":27,""context"":""지난 2003년부터 2022년까지 20년간 20대 후반의 실업률은 고졸이 대졸보다 높았는데,"",""role_status"":""미분류""},{""mention_id"":""n5"",""expression"":""2023년"",""start"":55,""end"":60,""context"":"" 실업률은 고졸이 대졸보다 높았는데, 지난 2023년부터 대졸 실업률(6.2%)이 고졸(5.2%"",""role_status"":""미분류""},{""mention_id"":""n6"",""expression"":""6.2%"",""start"":70,""end"":74,""context"":""높았는데, 지난 2023년부터 대졸 실업률(6.2%)이 고졸(5.2%)을 넘는 역전 현상이 발"",""role_status"":""미분류""},{""mention_id"":""n7"",""expression"":""5.2%"",""start"":80,""end"":84,""context"":""023년부터 대졸 실업률(6.2%)이 고졸(5.2%)을 넘는 역전 현상이 발생했다."",""role_status"":""미분류""}]",[],COMPLETE
1,D1 정확한 값·단순 좌표,정확한 값 직접 비교,연간,연간,공식값 1개,기사값과 공식값의 단위 정규화 후 직접 비교,단순 좌표,기사 수치 없음,KOSIS 공식 API,묶음 실행 가능,공식 좌표 1개·공식값·공표정보를 확보하고 허용오차/부등호로 판정,A02254_17,출시부터 작년까지 백산수의 연평균 성장률은 16%에 달한다.,HOLD,NO_EVIDENCE_COORDINATE_CANDIDATE,직접값 확인,직접값 확인,2025-06-23,경제성장률,16,%,2024,Y,KOSIS 정규 통계표,필수 조건 검사,공식 구조는 확인했지만 실제 값을 조회할 좌표를 확정하지 못함,공식값 1개 직접 비교,calculation=DIRECT_VALUE | 세부문제유형=COORDINATE_GENERAL | 최신결과사유=NO_EVIDENCE_COORDINATE_CANDIDATE,12개 슬롯 + 통합 원장 진단 규칙,확정,A02254,17,,,,,,DIRECT_VALUE,,,UNDETERMINED,COORDINATE_GENERAL,NO_EVIDENCE_COORDINATE_CANDIDATE,,,,,,,,,,,1,16%,"[{""mention_id"":""n1"",""expression"":""16%"",""start"":24,""end"":27,""context"":""출시부터 작년까지 백산수의 연평균 성장률은 16%에 달한다."",""role_status"":""미분류""}]",[],COMPLETE
1,D1 정확한 값·단순 좌표,정확한 값 직접 비교,월간,월간,공식값 1개,기사값과 공식값의 단위 정규화 후 직접 비교,단순 좌표,기사 수치 없음,KOSIS 공식 API,묶음 실행 가능,공식 좌표 1개·공식값·공표정보를 확보하고 허용오차/부등호로 판정,A02292_15,대표적인 수입 분유인 네덜란드산 분유 브랜드 압타밀(Aptamil)은 지난달 19일 일부 제품 가격을 약 5% 인상했다.,HOLD,NO_HARD_GUARD_CANDIDATE,직접값 확인,직접값 확인,2025-06-26,수입액,5,%,2025-05,M,KOSIS 정규 통계표,필수 조건 검사,기간·단위·지역 등 필수 조건을 모두 만족하는 공식 통계표 후보가 없음,공식값 1개 직접 비교,calculation=DIRECT_VALUE | 세부문제유형=HARD_GUARD_ALIAS | 최신결과사유=NO_HARD_GUARD_CANDIDATE,12개 슬롯 + 통합 원장 진단 규칙,확정,A02292,15,,,,,,DIRECT_VALUE,,,UNDETERMINED,HARD_GUARD_ALIAS,NO_HARD_GUARD_CANDIDATE,,,,,,,,,,,2,19일 | 5%,"[{""mention_id"":""n1"",""expression"":""19일"",""start"":43,""end"":46,""context"":""유 브랜드 압타밀(Aptamil)은 지난달 19일 일부 제품 가격을 약 5% 인상했다."",""role_status"":""미분류""},{""mention_id"":""n2"",""expression"":""5%"",""start"":59,""end"":61,""context"":""l)은 지난달 19일 일부 제품 가격을 약 5% 인상했다."",""role_status"":""미분류""}]",[],COMPLETE
1,D1 정확한 값·단순 좌표,정확한 값 직접 비교,월간,월간,공식값 1개,기사값과 공식값의 단위 정규화 후 직접 비교,단순 좌표,기사 수치 없음,KOSIS 공식 API,묶음 실행 가능,공식 좌표 1개·공식값·공표정보를 확보하고 허용오차/부등호로 판정,A02343_4,산업 생산은 지난 4월(-0.8%) 이후 두 달 연속 마이너스다.,HOLD,NO_HARD_GUARD_CANDIDATE,직접값 확인,직접값 확인,2025-06-30,전산업생산,0.8,%,2025-04,M,KOSIS 정규 통계표,필수 조건 검사,기간·단위·지역 등 필수 조건을 모두 만족하는 공식 통계표 후보가 없음,공식값 1개 직접 비교,calculation=DIRECT_VALUE | 세부문제유형=HARD_GUARD_ALIAS | 최신결과사유=NO_HARD_GUARD_CANDIDATE,12개 슬롯 + 통합 원장 진단 규칙,확정,A02343,4,,,,,,DIRECT_VALUE,"{""direction"": ""DECREASE""}",,UNDETERMINED,HARD_GUARD_ALIAS,NO_HARD_GUARD_CANDIDATE,,,,,,,,,,,3,4월 | -0.8% | 두 달,"[{""mention_id"":""n1"",""expression"":""4월"",""start"":10,""end"":12,""context"":""산업 생산은 지난 4월(-0.8%) 이후 두 달 연속 마이너스다."",""role_status"":""미분류""},{""mention_id"":""n2"",""expression"":""-0.8%"",""start"":13,""end"":18,""context"":""산업 생산은 지난 4월(-0.8%) 이후 두 달 연속 마이너스다."",""role_status"":""미분류""},{""mention_id"":""n3"",""expression"":""두 달"",""start"":23,""end"":26,""context"":""산업 생산은 지난 4월(-0.8%) 이후 두 달 연속 마이너스다."",""role_status"":""미분류""}]",[],COMPLETE
1,D1 정확한 값·단순 좌표,정확한 값 직접 비교,분기,분기,공식값 1개,기사값과 공식값의 단위 정규화 후 직접 비교,단순 좌표,수치 1개,KOSIS 공식 API,묶음 실행 가능,공식 좌표 1개·공식값·공표정보를 확보하고 허용오차/부등호로 판정,A02350_6,15대 품목 중 10개 품목은 2분기보다 수출 여건이 악화될 것으로 조사됐다.,HOLD,NO_HARD_GUARD_CANDIDATE,직접값 확인,직접값 확인,2025-06-30,수출액,15,대,2025-Q2,Q,KOSIS 정규 통계표,필수 조건 검사,기간·단위·지역 등 필수 조건을 모두 만족하는 공식 통계표 후보가 없음,공식값 1개 직접 비교,calculation=DIRECT_VALUE | 세부문제유형=HARD_GUARD_ALIAS | 최신결과사유=NO_HARD_GUARD_CANDIDATE,12개 슬롯 + 통합 원장 진단 규칙,확정,A02350,6,,,,,"{""claimed_operands"": ""[{'raw': '10개', 'value': 10.0, 'unit': '개'}]""}",DIRECT_VALUE,,,UNDETERMINED,HARD_GUARD_ALIAS,NO_HARD_GUARD_CANDIDATE,,,,,,,,,,,3,15대 | 10개 | 2분기,"[{""mention_id"":""n1"",""expression"":""15대"",""start"":0,""end"":3,""context"":""15대 품목 중 10개 품목은 2분기보다 수출 여"",""role_status"":""미분류""},{""mention_id"":""n2"",""expression"":""10개"",""start"":9,""end"":12,""context"":""15대 품목 중 10개 품목은 2분기보다 수출 여건이 악화될 것으"",""role_status"":""미분류""},{""mention_id"":""n3"",""expression"":""2분기"",""start"":17,""end"":20,""context"":""15대 품목 중 10개 품목은 2분기보다 수출 여건이 악화될 것으로 조사됐다."",""role_status"":""미분류""}]",[],COMPLETE
1,D1 정확한 값·단순 좌표,정확한 값 직접 비교,분기,분기,공식값 1개,기사값과 공식값의 단위 정규화 후 직접 비교,단순 좌표,수치 1개,KOSIS 공식 API,묶음 실행 가능,공식 좌표 1개·공식값·공표정보를 확보하고 허용오차/부등호로 판정,A02366_7,15대 수출 품목 중 10개가 2분기보다 수출 여건이 악화할 것으로 조사됐다.,HOLD,NO_HARD_GUARD_CANDIDATE,직접값 확인,직접값 확인,2025-07-01,수출액,15,대,2025-Q2,Q,KOSIS 정규 통계표,필수 조건 검사,기간·단위·지역 등 필수 조건을 모두 만족하는 공식 통계표 후보가 없음,공식값 1개 직접 비교,calculation=DIRECT_VALUE | 세부문제유형=HARD_GUARD_ALIAS | 최신결과사유=NO_HARD_GUARD_CANDIDATE,12개 슬롯 + 통합 원장 진단 규칙,확정,A02366,7,,,,,"{""claimed_operands"": ""[{'raw': '10개', 'value': 10.0, 'unit': '개'}]""}",DIRECT_VALUE,,,UNDETERMINED,HARD_GUARD_ALIAS,NO_HARD_GUARD_CANDIDATE,,,,,,,,,,,3,15대 | 10개 | 2분기,"[{""mention_id"":""n1"",""expression"":""15대"",""start"":0,""end"":3,""context"":""15대 수출 품목 중 10개가 2분기보다 수출 여"",""role_status"":""미분류""},{""mention_id"":""n2"",""expression"":""10개"",""start"":12,""end"":15,""context"":""15대 수출 품목 중 10개가 2분기보다 수출 여건이 악화할 것으로 조"",""role_status"":""미분류""},{""mention_id"":""n3"",""expression"":""2분기"",""start"":17,""end"":20,""context"":""15대 수출 품목 중 10개가 2분기보다 수출 여건이 악화할 것으로 조사됐다."",""role_status"":""미분류""}]",[],COMPLETE
1,D1 정확한 값·단순 좌표,정확한 값 직접 비교,연간,연간,공식값 1개,기사값과 공식값의 단위 정규화 후 직접 비교,단순 좌표,기사 수치 없음,KOSIS 공식 API,묶음 실행 가능,공식 좌표 1개·공식값·공표정보를 확보하고 허용오차/부등호로 판정,A02375_3,"2일 통계청이 발표한 ‘6월 소비자 물가 동향’에 따르면, 지난달 소비자물가 지수는 116.31(2020년=100)로 작년 동월 대비 2.2% 올랐다.",HOLD,LOW_SEMANTIC_SCORE,직접값 확인,직접값 확인,2025-07-02,소비자물가 상승률,2.2,%,2020,Y,KOSIS 정규 통계표,공식값 좌표 확정,기사 지표와 공식 통계 개념의 의미 일치도가 부족함,공식값 1개 직접 비교,calculation=DIRECT_VALUE | 세부문제유형=SEMANTIC_LOW_SCORE | 최신결과사유=LOW_SEMANTIC_SCORE,12개 슬롯 + 통합 원장 진단 규칙,확정,A02375,3,,,,,,DIRECT_VALUE,,통계청,UNDETERMINED,SEMANTIC_LOW_SCORE,LOW_SEMANTIC_SCORE,,,,,,,,,,,6,2일 | 6월 | 116.31 | 2020년 | 100 | 2.2%,"[{""mention_id"":""n1"",""expression"":""2일"",""start"":0,""end"":2,""context"":""2일 통계청이 발표한 ‘6월 소비자 물가 동향’"",""role_status"":""미분류""},{""mention_id"":""n2"",""expression"":""6월"",""start"":13,""end"":15,""context"":""2일 통계청이 발표한 ‘6월 소비자 물가 동향’에 따르면, 지난달 소비"",""role_status"":""미분류""},{""mention_id"":""n3"",""expression"":""116.31"",""start"":47,""end"":53,""context"":""동향’에 따르면, 지난달 소비자물가 지수는 116.31(2020년=100)로 작년 동월 대비 2."",""role_status"":""미분류""},{""mention_id"":""n4"",""expression"":""2020년"",""start"":54,""end"":59,""context"":""면, 지난달 소비자물가 지수는 116.31(2020년=100)로 작년 동월 대비 2.2% 올랐다"",""role_status"":""미분류""},{""mention_id"":""n5"",""expression"":""100"",""start"":60,""end"":63,""context"":"" 소비자물가 지수는 116.31(2020년=100)로 작년 동월 대비 2.2% 올랐다."",""role_status"":""미분류""},{""mention_id"":""n6"",""expression"":""2.2%"",""start"":75,""end"":79,""context"":""31(2020년=100)로 작년 동월 대비 2.2% 올랐다."",""role_status"":""미분류""}]",[],COMPLETE
1,D1 정확한 값·단순 좌표,정확한 값 직접 비교,월간,월간,공식값 1개,기사값과 공식값의 단위 정규화 후 직접 비교,단순 좌표,수치 1개,KOSIS 공식 API,묶음 실행 가능,공식 좌표 1개·공식값·공표정보를 확보하고 허용오차/부등호로 판정,A02385_19,◇대통령 ”라면 2000원” 발언에도 치솟은 물가 또 다른 불황형 소비 품목인 라면도 지난달 6.9% 올랐다.,HOLD,KOSIS_METADATA_UNAVAILABLE,직접값 확인,직접값 확인,2025-07-03,물가상승률,6.9,%,2025-06,M,KOSIS 정규 통계표,KOSIS 공식 구조 확인,KOSIS 표의 항목·기간·분류 구조 조회를 완료하지 못함,공식값 1개 직접 비교,calculation=DIRECT_VALUE | 세부문제유형=OFFICIAL_METADATA_LOOKUP | 최신결과사유=KOSIS_METADATA_UNAVAILABLE,12개 슬롯 + 통합 원장 진단 규칙,확정,A02385,19,,,,,"{""claimed_operands"": ""[{'raw': '2000원', 'value': 2000.0, 'unit': '원'}]""}",DIRECT_VALUE,,,UNDETERMINED,OFFICIAL_METADATA_LOOKUP,KOSIS_METADATA_UNAVAILABLE,,,,,,,,,,,2,2000원 | 6.9%,"[{""mention_id"":""n1"",""expression"":""2000원"",""start"":9,""end"":14,""context"":""◇대통령 ”라면 2000원” 발언에도 치솟은 물가 또 다른 불황형 소"",""role_status"":""미분류""},{""mention_id"":""n2"",""expression"":""6.9%"",""start"":52,""end"":56,""context"":""또 다른 불황형 소비 품목인 라면도 지난달 6.9% 올랐다."",""role_status"":""미분류""}]",[],COMPLETE
1,D1 정확한 값·단순 좌표,정확한 값 직접 비교,월간,월간,공식값 1개,기사값과 공식값의 단위 정규화 후 직접 비교,단순 좌표,기사 수치 없음,KOSIS 공식 API,묶음 실행 가능,공식 좌표 1개·공식값·공표정보를 확보하고 허용오차/부등호로 판정,A02385_22,"이재명 대통령이 취임 닷새 만인 지난달 9일 “라면 한 개에 2000원도 한다는데, 진짜냐”며 요주의 품목으로 라면을 콕 짚어 언급했지만, 라면을 포함한 가공식품 물가는 고공 행진하고 있다.",HOLD,KOSIS_METADATA_UNAVAILABLE,직접값 확인,직접값 확인,2025-07-03,물가상승률,2000,원,2025-06,M,KOSIS 정규 통계표,KOSIS 공식 구조 확인,KOSIS 표의 항목·기간·분류 구조 조회를 완료하지 못함,공식값 1개 직접 비교,calculation=DIRECT_VALUE | 세부문제유형=OFFICIAL_METADATA_LOOKUP | 최신결과사유=KOSIS_METADATA_UNAVAILABLE,12개 슬롯 + 통합 원장 진단 규칙,확정,A02385,22,,,,,,DIRECT_VALUE,,,UNDETERMINED,OFFICIAL_METADATA_LOOKUP,KOSIS_METADATA_UNAVAILABLE,,,,,,,,,,,2,9일 | 2000원,"[{""mention_id"":""n1"",""expression"":""9일"",""start"":22,""end"":24,""context"":""이재명 대통령이 취임 닷새 만인 지난달 9일 “라면 한 개에 2000원도 한다는데, 진"",""role_status"":""미분류""},{""mention_id"":""n2"",""expression"":""2000원"",""start"":34,""end"":39,""context"":""임 닷새 만인 지난달 9일 “라면 한 개에 2000원도 한다는데, 진짜냐”며 요주의 품목으로 라"",""role_status"":""미분류""}]",[],COMPLETE
1,D1 정확한 값·단순 좌표,정확한 값 직접 비교,월간,월간,공식값 1개,기사값과 공식값의 단위 정규화 후 직접 비교,단순 좌표,수치 6개,KOSIS 공식 API,묶음 실행 가능,공식 좌표 1개·공식값·공표정보를 확보하고 허용오차/부등호로 판정,A02385_25,"통계청이 집계하는 가공식품 품목 73개 가운데 라면과 초콜릿(20.4%), 고추장(14.2%), 김치(14.2%), 빵(6.4%) 등 62개 가격이 올라 지난달 가공식품 물가는 4.6%나 뛰었다.",HOLD,KOSIS_METADATA_UNAVAILABLE,직접값 확인,직접값 확인,2025-07-03,물가상승률,73,개,2025-06,M,KOSIS 정규 통계표,KOSIS 공식 구조 확인,KOSIS 표의 항목·기간·분류 구조 조회를 완료하지 못함,공식값 1개 직접 비교,calculation=DIRECT_VALUE | 세부문제유형=OFFICIAL_METADATA_LOOKUP | 최신결과사유=KOSIS_METADATA_UNAVAILABLE,12개 슬롯 + 통합 원장 진단 규칙,확정,A02385,25,,,,,"{""claimed_operands"": ""[{'raw': '20.4%', 'value': 20.4, 'unit': '%'}, {'raw': '14.2%', 'value': 14.2, 'unit': '%'}, {'raw': '14.2%', 'value': 14.2, 'unit': '%'}, {'raw': '6.4%', 'value': 6.4, 'unit': '%'}, {'raw': '62개', 'value': 62.0, 'unit': '개'}, {'raw': '4.6%', 'value': 4.6, 'unit': '%'}]""}",DIRECT_VALUE,"{""direction"": ""INCREASE""}",통계청,UNDETERMINED,OFFICIAL_METADATA_LOOKUP,KOSIS_METADATA_UNAVAILABLE,,,,,,,,,,,7,73개 | 20.4% | 14.2% | 14.2% | 6.4% | 62개 | 4.6%,"[{""mention_id"":""n1"",""expression"":""73개"",""start"":18,""end"":21,""context"":""통계청이 집계하는 가공식품 품목 73개 가운데 라면과 초콜릿(20.4%), 고추장"",""role_status"":""미분류""},{""mention_id"":""n2"",""expression"":""20.4%"",""start"":34,""end"":39,""context"":""가공식품 품목 73개 가운데 라면과 초콜릿(20.4%), 고추장(14.2%), 김치(14.2%)"",""role_status"":""미분류""},{""mention_id"":""n3"",""expression"":""14.2%"",""start"":46,""end"":51,""context"":""가운데 라면과 초콜릿(20.4%), 고추장(14.2%), 김치(14.2%), 빵(6.4%) 등 "",""role_status"":""미분류""},{""mention_id"":""n4"",""expression"":""14.2%"",""start"":57,""end"":62,""context"":""(20.4%), 고추장(14.2%), 김치(14.2%), 빵(6.4%) 등 62개 가격이 올라 "",""role_status"":""미분류""},{""mention_id"":""n5"",""expression"":""6.4%"",""start"":67,""end"":71,""context"":""추장(14.2%), 김치(14.2%), 빵(6.4%) 등 62개 가격이 올라 지난달 가공식품 "",""role_status"":""미분류""},{""mention_id"":""n6"",""expression"":""62개"",""start"":75,""end"":78,""context"":""), 김치(14.2%), 빵(6.4%) 등 62개 가격이 올라 지난달 가공식품 물가는 4.6"",""role_status"":""미분류""},{""mention_id"":""n7"",""expression"":""4.6%"",""start"":99,""end"":103,""context"":""62개 가격이 올라 지난달 가공식품 물가는 4.6%나 뛰었다."",""role_status"":""미분류""}]",[],COMPLETE
1,D1 정확한 값·단순 좌표,정확한 값 직접 비교,연간,연간,공식값 1개,기사값과 공식값의 단위 정규화 후 직접 비교,단순 좌표,기사 수치 없음,KOSIS 공식 API,묶음 실행 가능,공식 좌표 1개·공식값·공표정보를 확보하고 허용오차/부등호로 판정,A02385_3,2일 통계청은 ‘6월 소비자 물가 동향’에서 지난달 소비자 물가가 작년 동월 대비 2.2% 올랐다고 밝혔다.,HOLD,LOW_SEMANTIC_SCORE,직접값 확인,직접값 확인,2025-07-03,소비자물가 상승률,2.2,%,2024,Y,KOSIS 정규 통계표,공식값 좌표 확정,기사 지표와 공식 통계 개념의 의미 일치도가 부족함,공식값 1개 직접 비교,calculation=DIRECT_VALUE | 세부문제유형=SEMANTIC_LOW_SCORE | 최신결과사유=LOW_SEMANTIC_SCORE,12개 슬롯 + 통합 원장 진단 규칙,확정,A02385,3,,,,,,DIRECT_VALUE,,통계청,UNDETERMINED,SEMANTIC_LOW_SCORE,LOW_SEMANTIC_SCORE,,,,,,,,,,,3,2일 | 6월 | 2.2%,"[{""mention_id"":""n1"",""expression"":""2일"",""start"":0,""end"":2,""context"":""2일 통계청은 ‘6월 소비자 물가 동향’에서 지"",""role_status"":""미분류""},{""mention_id"":""n2"",""expression"":""6월"",""start"":9,""end"":11,""context"":""2일 통계청은 ‘6월 소비자 물가 동향’에서 지난달 소비자 물가"",""role_status"":""미분류""},{""mention_id"":""n3"",""expression"":""2.2%"",""start"":46,""end"":50,""context"":""에서 지난달 소비자 물가가 작년 동월 대비 2.2% 올랐다고 밝혔다."",""role_status"":""미분류""}]",[],COMPLETE
1,D1 정확한 값·단순 좌표,정확한 값 직접 비교,연간,연간,공식값 1개,기사값과 공식값의 단위 정규화 후 직접 비교,단순 좌표,기사 수치 없음,KOSIS 공식 API,묶음 실행 가능,공식 좌표 1개·공식값·공표정보를 확보하고 허용오차/부등호로 판정,A02395_19,2005년 인구조사에서는 남북 이산가족 유무를 물었는데 총 71만5968명의 국민이 “북한에 가족이나 친인척이 있다”고 답했다.,HOLD,KOSIS_METADATA_UNAVAILABLE,직접값 확인,직접값 확인,2025-07-04,총인구,715968,명,2005,Y,KOSIS 정규 통계표,KOSIS 공식 구조 확인,KOSIS 표의 항목·기간·분류 구조 조회를 완료하지 못함,공식값 1개 직접 비교,calculation=DIRECT_VALUE | 세부문제유형=OFFICIAL_METADATA_LOOKUP | 최신결과사유=KOSIS_METADATA_UNAVAILABLE,12개 슬롯 + 통합 원장 진단 규칙,확정,A02395,19,,,,,,DIRECT_VALUE,,,UNDETERMINED,OFFICIAL_METADATA_LOOKUP,KOSIS_METADATA_UNAVAILABLE,,,,,,,,,,,2,2005년 | 71만5968명,"[{""mention_id"":""n1"",""expression"":""2005년"",""start"":0,""end"":5,""context"":""2005년 인구조사에서는 남북 이산가족 유무를 물었는"",""role_status"":""미분류""},{""mention_id"":""n2"",""expression"":""71만5968명"",""start"":33,""end"":41,""context"":""사에서는 남북 이산가족 유무를 물었는데 총 71만5968명의 국민이 “북한에 가족이나 친인척이 있다”"",""role_status"":""미분류""}]",[],COMPLETE
1,D1 정확한 값·단순 좌표,정확한 값 직접 비교,연간,연간,공식값 1개,기사값과 공식값의 단위 정규화 후 직접 비교,단순 좌표,기사 수치 없음,KOSIS 공식 API,묶음 실행 가능,공식 좌표 1개·공식값·공표정보를 확보하고 허용오차/부등호로 판정,A02416_10,이창용 한은 총재는 1일 외신 인터뷰에서 “정부가 최근 발표한 추경안은 연간 성장률을 0.2%포인트 정도 올릴 것”이라고 했다.,HOLD,NO_EVIDENCE_COORDINATE_CANDIDATE,직접값 확인,직접값 확인,2025-07-05,경제성장률,0.2,%p,2025,Y,KOSIS 정규 통계표,필수 조건 검사,공식 구조는 확인했지만 실제 값을 조회할 좌표를 확정하지 못함,공식값 1개 직접 비교,calculation=DIRECT_VALUE | 세부문제유형=COORDINATE_GENERAL | 최신결과사유=NO_EVIDENCE_COORDINATE_CANDIDATE,12개 슬롯 + 통합 원장 진단 규칙,확정,A02416,10,,,,,,DIRECT_VALUE,,,UNDETERMINED,COORDINATE_GENERAL,NO_EVIDENCE_COORDINATE_CANDIDATE,,,,,,,,,,,2,1일 | 0.2%포인트,"[{""mention_id"":""n1"",""expression"":""1일"",""start"":11,""end"":13,""context"":""이창용 한은 총재는 1일 외신 인터뷰에서 “정부가 최근 발표한 추경"",""role_status"":""미분류""},{""mention_id"":""n2"",""expression"":""0.2%포인트"",""start"":48,""end"":55,""context"":""정부가 최근 발표한 추경안은 연간 성장률을 0.2%포인트 정도 올릴 것”이라고 했다."",""role_status"":""미분류""}]",[],COMPLETE
1,D1 정확한 값·단순 좌표,정확한 값 직접 비교,연간,연간,공식값 1개,기사값과 공식값의 단위 정규화 후 직접 비교,단순 좌표,수치 1개,KOSIS 공식 API,묶음 실행 가능,공식 좌표 1개·공식값·공표정보를 확보하고 허용오차/부등호로 판정,A02421_1,농림축산식품부는 6일 올해 상반기 아이스크림 수출액이 6550만달러(894억원)를 기록했다고 밝혔다.,HOLD,AS_OF_UNAVAILABLE,직접값 확인,직접값 확인,2025-07-06,수출액,65500000,달러,2025,Y,KOSIS 정규 통계표,공식값·공표정보 조회,기사 작성 시점에 공식값이 공표됐는지 확인하지 못함,공식값 1개 직접 비교,calculation=DIRECT_VALUE | 세부문제유형=VALUE_ARTICLE_TIME_UNAVAILABLE | 최신결과사유=AS_OF_UNAVAILABLE,12개 슬롯 + 통합 원장 진단 규칙,확정,A02421,1,,,,,"{""claimed_operands"": ""[{'raw': '894억원', 'value': 89400000000.0, 'unit': '원'}]""}",DIRECT_VALUE,,농림축산식품부,UNDETERMINED,VALUE_ARTICLE_TIME_UNAVAILABLE,AS_OF_UNAVAILABLE,https://kosis.kr/openapi/Param/statisticsParameterData.do?method=getList&orgId=134&tblId=DT_134001_001&itmId=T002&prdSe=Y&startPrdDe=2025&endPrdDe=2025&objL1=DATA,,,,,,,,,,3,6일 | 6550만달러 | 894억원,"[{""mention_id"":""n1"",""expression"":""6일"",""start"":9,""end"":11,""context"":""농림축산식품부는 6일 올해 상반기 아이스크림 수출액이 6550만"",""role_status"":""미분류""},{""mention_id"":""n2"",""expression"":""6550만달러"",""start"":30,""end"":37,""context"":""부는 6일 올해 상반기 아이스크림 수출액이 6550만달러(894억원)를 기록했다고 밝혔다."",""role_status"":""미분류""},{""mention_id"":""n3"",""expression"":""894억원"",""start"":38,""end"":43,""context"":"" 상반기 아이스크림 수출액이 6550만달러(894억원)를 기록했다고 밝혔다."",""role_status"":""미분류""}]",[],COMPLETE
1,D1 정확한 값·단순 좌표,정확한 값 직접 비교,연간,연간,공식값 1개,기사값과 공식값의 단위 정규화 후 직접 비교,단순 좌표,수치 1개,KOSIS 공식 API,묶음 실행 가능,공식 좌표 1개·공식값·공표정보를 확보하고 허용오차/부등호로 판정,A02421_4,작년 연간 아이스크림 수출액은 9150만달러로 1억달러에 근접했다.,HOLD,AS_OF_UNAVAILABLE,직접값 확인,직접값 확인,2025-07-06,수출액,91500000,달러,2024,Y,KOSIS 정규 통계표,공식값·공표정보 조회,기사 작성 시점에 공식값이 공표됐는지 확인하지 못함,공식값 1개 직접 비교,calculation=DIRECT_VALUE | 세부문제유형=VALUE_ARTICLE_TIME_UNAVAILABLE | 최신결과사유=AS_OF_UNAVAILABLE,12개 슬롯 + 통합 원장 진단 규칙,확정,A02421,4,,,,,"{""claimed_operands"": ""[{'raw': '1억달러', 'value': 100000000.0, 'unit': '달러'}]""}",DIRECT_VALUE,,,UNDETERMINED,VALUE_ARTICLE_TIME_UNAVAILABLE,AS_OF_UNAVAILABLE,https://kosis.kr/openapi/Param/statisticsParameterData.do?method=getList&orgId=145&tblId=DT_145011_A006&itmId=T002&prdSe=Y&startPrdDe=2024&endPrdDe=2024&objL1=DATA,,,,,,,,,,2,9150만달러 | 1억달러,"[{""mention_id"":""n1"",""expression"":""9150만달러"",""start"":17,""end"":24,""context"":""작년 연간 아이스크림 수출액은 9150만달러로 1억달러에 근접했다."",""role_status"":""미분류""},{""mention_id"":""n2"",""expression"":""1억달러"",""start"":26,""end"":30,""context"":"" 연간 아이스크림 수출액은 9150만달러로 1억달러에 근접했다."",""role_status"":""미분류""}]",[],COMPLETE
1,D1 정확한 값·단순 좌표,정확한 값 직접 비교,월간,월간,공식값 1개,기사값과 공식값의 단위 정규화 후 직접 비교,단순 좌표,기사 수치 없음,KOSIS 공식 API,묶음 실행 가능,공식 좌표 1개·공식값·공표정보를 확보하고 허용오차/부등호로 판정,A02448_3,8일 통계청에 따르면 지난달 외식 소주 품목의 소비자 물가 지수는 전년 동월 대비 0.1% 올랐다.,HOLD,NO_EVIDENCE_COORDINATE_CANDIDATE,직접값 확인,직접값 확인,2025-07-08,소비자물가 상승률,0.1,%,2025-06,M,KOSIS 정규 통계표,필수 조건 검사,공식 구조는 확인했지만 실제 값을 조회할 좌표를 확정하지 못함,공식값 1개 직접 비교,calculation=DIRECT_VALUE | 세부문제유형=COORDINATE_GENERAL | 최신결과사유=NO_EVIDENCE_COORDINATE_CANDIDATE,12개 슬롯 + 통합 원장 진단 규칙,확정,A02448,3,,,,,,DIRECT_VALUE,,통계청,UNDETERMINED,COORDINATE_GENERAL,NO_EVIDENCE_COORDINATE_CANDIDATE,,,,,,,,,,,2,8일 | 0.1%,"[{""mention_id"":""n1"",""expression"":""8일"",""start"":0,""end"":2,""context"":""8일 통계청에 따르면 지난달 외식 소주 품목의 "",""role_status"":""미분류""},{""mention_id"":""n2"",""expression"":""0.1%"",""start"":46,""end"":50,""context"":""품목의 소비자 물가 지수는 전년 동월 대비 0.1% 올랐다."",""role_status"":""미분류""}]",[],COMPLETE
1,D1 정확한 값·단순 좌표,정확한 값 직접 비교,연간,연간,공식값 1개,기사값과 공식값의 단위 정규화 후 직접 비교,단순 좌표,기사 수치 없음,KOSIS 공식 API,묶음 실행 가능,공식 좌표 1개·공식값·공표정보를 확보하고 허용오차/부등호로 판정,A02492_14,재정 적자를 GDP의 3% 이내로 관리해야 한다는 정부의 재정 준칙을 2020년부터 6년 연속 위반하게 된다.,HOLD,KOSIS_METADATA_UNAVAILABLE,직접값 확인,직접값 확인,2025-07-11,GDP,3,%,2020,Y,KOSIS 정규 통계표,KOSIS 공식 구조 확인,KOSIS 표의 항목·기간·분류 구조 조회를 완료하지 못함,공식값 1개 직접 비교,calculation=DIRECT_VALUE | 세부문제유형=OFFICIAL_METADATA_LOOKUP | 최신결과사유=KOSIS_METADATA_UNAVAILABLE,12개 슬롯 + 통합 원장 진단 규칙,확정,A02492,14,,,,,,DIRECT_VALUE,,,UNDETERMINED,OFFICIAL_METADATA_LOOKUP,KOSIS_METADATA_UNAVAILABLE,,,,,,,,,,,3,3% | 2020년 | 6년,"[{""mention_id"":""n1"",""expression"":""3%"",""start"":12,""end"":14,""context"":""재정 적자를 GDP의 3% 이내로 관리해야 한다는 정부의 재정 준칙을"",""role_status"":""미분류""},{""mention_id"":""n2"",""expression"":""2020년"",""start"":39,""end"":44,""context"":""이내로 관리해야 한다는 정부의 재정 준칙을 2020년부터 6년 연속 위반하게 된다."",""role_status"":""미분류""},{""mention_id"":""n3"",""expression"":""6년"",""start"":47,""end"":49,""context"":"" 한다는 정부의 재정 준칙을 2020년부터 6년 연속 위반하게 된다."",""role_status"":""미분류""}]",[],COMPLETE
1,D1 정확한 값·단순 좌표,정확한 값 직접 비교,월간,월간,공식값 1개,기사값과 공식값의 단위 정규화 후 직접 비교,단순 좌표,수치 2개,KOSIS 공식 API,묶음 실행 가능,공식 좌표 1개·공식값·공표정보를 확보하고 허용오차/부등호로 판정,A02558_21,지난달 비경제활동인구 중 활동 상태를 ‘쉬었음’이라고 응답한 20대는 39만6000명으로 전년 동월 대비 2000명 늘었다.,HOLD,NO_HARD_GUARD_CANDIDATE,직접값 확인,직접값 확인,2025-07-16,경제활동인구,20,대,2025-06,M,KOSIS 정규 통계표,필수 조건 검사,기간·단위·지역 등 필수 조건을 모두 만족하는 공식 통계표 후보가 없음,공식값 1개 직접 비교,calculation=DIRECT_VALUE | 세부문제유형=HARD_GUARD_ALIAS | 최신결과사유=NO_HARD_GUARD_CANDIDATE,12개 슬롯 + 통합 원장 진단 규칙,확정,A02558,21,,,,,"{""claimed_operands"": ""[{'raw': '39만6000명', 'value': 396000.0, 'unit': '명'}, {'raw': '2000명', 'value': 2000.0, 'unit': '명'}]""}",DIRECT_VALUE,,,UNDETERMINED,HARD_GUARD_ALIAS,NO_HARD_GUARD_CANDIDATE,,,,,,,,,,,3,20대 | 39만6000명 | 2000명,"[{""mention_id"":""n1"",""expression"":""20대"",""start"":34,""end"":37,""context"":""구 중 활동 상태를 ‘쉬었음’이라고 응답한 20대는 39만6000명으로 전년 동월 대비 20"",""role_status"":""미분류""},{""mention_id"":""n2"",""expression"":""39만6000명"",""start"":39,""end"":47,""context"":""동 상태를 ‘쉬었음’이라고 응답한 20대는 39만6000명으로 전년 동월 대비 2000명 늘었다."",""role_status"":""미분류""},{""mention_id"":""n3"",""expression"":""2000명"",""start"":59,""end"":64,""context"":""0대는 39만6000명으로 전년 동월 대비 2000명 늘었다."",""role_status"":""미분류""}]",[],COMPLETE
1,D1 정확한 값·단순 좌표,정확한 값 직접 비교,연간,연간,공식값 1개,기사값과 공식값의 단위 정규화 후 직접 비교,단순 좌표,수치 2개,KOSIS 공식 API,묶음 실행 가능,공식 좌표 1개·공식값·공표정보를 확보하고 허용오차/부등호로 판정,A02564_5,"법인세 수입은 지난 2022년 103조5700억원에서 2023년 80조4200억원으로 줄었고, 2024년에는 62조5000억원까지 감소했다.",HOLD,NO_HARD_GUARD_CANDIDATE,직접값 확인,직접값 확인,2025-07-17,수입액,103570000000000,원,2022,Y,KOSIS 정규 통계표,필수 조건 검사,기간·단위·지역 등 필수 조건을 모두 만족하는 공식 통계표 후보가 없음,공식값 1개 직접 비교,calculation=DIRECT_VALUE | 세부문제유형=HARD_GUARD_ALIAS | 최신결과사유=NO_HARD_GUARD_CANDIDATE,12개 슬롯 + 통합 원장 진단 규칙,확정,A02564,5,,,,,"{""claimed_operands"": ""[{'raw': '80조4200억원', 'value': 80420000000000.0, 'unit': '원'}, {'raw': '62조5000억원', 'value': 62500000000000.0, 'unit': '원'}]""}",DIRECT_VALUE,"{""direction"": ""DECREASE""}",,UNDETERMINED,HARD_GUARD_ALIAS,NO_HARD_GUARD_CANDIDATE,,,,,,,,,,,6,2022년 | 103조5700억원 | 2023년 | 80조4200억원 | 2024년 | 62조5000억원,"[{""mention_id"":""n1"",""expression"":""2022년"",""start"":11,""end"":16,""context"":""법인세 수입은 지난 2022년 103조5700억원에서 2023년 80조4"",""role_status"":""미분류""},{""mention_id"":""n2"",""expression"":""103조5700억원"",""start"":17,""end"":27,""context"":""법인세 수입은 지난 2022년 103조5700억원에서 2023년 80조4200억원으로 줄었고"",""role_status"":""미분류""},{""mention_id"":""n3"",""expression"":""2023년"",""start"":30,""end"":35,""context"":""은 지난 2022년 103조5700억원에서 2023년 80조4200억원으로 줄었고, 2024년에"",""role_status"":""미분류""},{""mention_id"":""n4"",""expression"":""80조4200억원"",""start"":36,""end"":45,""context"":""022년 103조5700억원에서 2023년 80조4200억원으로 줄었고, 2024년에는 62조5000억"",""role_status"":""미분류""},{""mention_id"":""n5"",""expression"":""2024년"",""start"":53,""end"":58,""context"":"" 2023년 80조4200억원으로 줄었고, 2024년에는 62조5000억원까지 감소했다."",""role_status"":""미분류""},{""mention_id"":""n6"",""expression"":""62조5000억원"",""start"":61,""end"":70,""context"":""0조4200억원으로 줄었고, 2024년에는 62조5000억원까지 감소했다."",""role_status"":""미분류""}]",[],COMPLETE
1,D1 정확한 값·단순 좌표,정확한 값 직접 비교,연간,연간,공식값 1개,기사값과 공식값의 단위 정규화 후 직접 비교,단순 좌표,수치 2개,KOSIS 공식 API,묶음 실행 가능,공식 좌표 1개·공식값·공표정보를 확보하고 허용오차/부등호로 판정,A02569_31,특히 20대 쉬었음 인구는 39만6000명으로 전년 동월 대비 2000명 늘었다.,HOLD,NO_EVIDENCE_COORDINATE_CANDIDATE,직접값 확인,직접값 확인,2025-07-17,총인구,20,대,2025,Y,KOSIS 정규 통계표,필수 조건 검사,공식 구조는 확인했지만 실제 값을 조회할 좌표를 확정하지 못함,공식값 1개 직접 비교,calculation=DIRECT_VALUE | 세부문제유형=COORDINATE_GENERAL | 최신결과사유=NO_EVIDENCE_COORDINATE_CANDIDATE,12개 슬롯 + 통합 원장 진단 규칙,확정,A02569,31,,,,,"{""claimed_operands"": ""[{'raw': '39만6000명', 'value': 396000.0, 'unit': '명'}, {'raw': '2000명', 'value': 2000.0, 'unit': '명'}]""}",DIRECT_VALUE,,,UNDETERMINED,COORDINATE_GENERAL,NO_EVIDENCE_COORDINATE_CANDIDATE,,,,,,,,,,,3,20대 | 39만6000명 | 2000명,"[{""mention_id"":""n1"",""expression"":""20대"",""start"":3,""end"":6,""context"":""특히 20대 쉬었음 인구는 39만6000명으로 전년 동"",""role_status"":""미분류""},{""mention_id"":""n2"",""expression"":""39만6000명"",""start"":15,""end"":23,""context"":""특히 20대 쉬었음 인구는 39만6000명으로 전년 동월 대비 2000명 늘었다."",""role_status"":""미분류""},{""mention_id"":""n3"",""expression"":""2000명"",""start"":35,""end"":40,""context"":""인구는 39만6000명으로 전년 동월 대비 2000명 늘었다."",""role_status"":""미분류""}]",[],COMPLETE
1,D1 정확한 값·단순 좌표,정확한 값 직접 비교,월간,월간,공식값 1개,기사값과 공식값의 단위 정규화 후 직접 비교,단순 좌표,수치 1개,KOSIS 공식 API,묶음 실행 가능,공식 좌표 1개·공식값·공표정보를 확보하고 허용오차/부등호로 판정,A02569_4,16일 통계청은 ‘2025년 6월 고용 동향’에서 지난달 취업자가 2909만1000명으로 전년 동월 대비 18만3000명 늘었다고 밝혔다.,HOLD,KOSIS_METADATA_UNAVAILABLE,직접값 확인,직접값 확인,2025-07-17,취업자 수,29091000,명,2025-06,M,KOSIS 정규 통계표,KOSIS 공식 구조 확인,KOSIS 표의 항목·기간·분류 구조 조회를 완료하지 못함,공식값 1개 직접 비교,calculation=DIRECT_VALUE | 세부문제유형=OFFICIAL_METADATA_LOOKUP | 최신결과사유=KOSIS_METADATA_UNAVAILABLE,12개 슬롯 + 통합 원장 진단 규칙,확정,A02569,4,,,,,"{""claimed_operands"": ""[{'raw': '18만3000명', 'value': 183000.0, 'unit': '명'}]""}",DIRECT_VALUE,,통계청,UNDETERMINED,OFFICIAL_METADATA_LOOKUP,KOSIS_METADATA_UNAVAILABLE,,,,,,,,,,,5,16일 | 2025년 | 6월 | 2909만1000명 | 18만3000명,"[{""mention_id"":""n1"",""expression"":""16일"",""start"":0,""end"":3,""context"":""16일 통계청은 ‘2025년 6월 고용 동향’에서"",""role_status"":""미분류""},{""mention_id"":""n2"",""expression"":""2025년"",""start"":10,""end"":15,""context"":""16일 통계청은 ‘2025년 6월 고용 동향’에서 지난달 취업자가 29"",""role_status"":""미분류""},{""mention_id"":""n3"",""expression"":""6월"",""start"":16,""end"":18,""context"":""16일 통계청은 ‘2025년 6월 고용 동향’에서 지난달 취업자가 2909만"",""role_status"":""미분류""},{""mention_id"":""n4"",""expression"":""2909만1000명"",""start"":37,""end"":47,""context"":""5년 6월 고용 동향’에서 지난달 취업자가 2909만1000명으로 전년 동월 대비 18만3000명 늘었다"",""role_status"":""미분류""},{""mention_id"":""n5"",""expression"":""18만3000명"",""start"":59,""end"":67,""context"":""가 2909만1000명으로 전년 동월 대비 18만3000명 늘었다고 밝혔다."",""role_status"":""미분류""}]",[],COMPLETE
1,D1 정확한 값·단순 좌표,정확한 값 직접 비교,연간,연간,공식값 1개,기사값과 공식값의 단위 정규화 후 직접 비교,단순 좌표,수치 1개,KOSIS 공식 API,묶음 실행 가능,공식 좌표 1개·공식값·공표정보를 확보하고 허용오차/부등호로 판정,A02605_13,◇ 달걀 9.2%↑… 축산·수산물 가격 강세 9월 농축수산물 물가는 전년 동월 대비 1.9% 올랐다.,HOLD,NO_HARD_GUARD_CANDIDATE,직접값 확인,직접값 확인,2025-10-02,물가상승률,1.9,%,2025,Y,KOSIS 정규 통계표,필수 조건 검사,기간·단위·지역 등 필수 조건을 모두 만족하는 공식 통계표 후보가 없음,공식값 1개 직접 비교,calculation=DIRECT_VALUE | 세부문제유형=HARD_GUARD_ALIAS | 최신결과사유=NO_HARD_GUARD_CANDIDATE,12개 슬롯 + 통합 원장 진단 규칙,확정,A02605,13,,,,,"{""claimed_operands"": ""[{'raw': '9.2%', 'value': 9.2, 'unit': '%'}]""}",DIRECT_VALUE,,,UNDETERMINED,HARD_GUARD_ALIAS,NO_HARD_GUARD_CANDIDATE,,,,,,,,,,,3,9.2% | 9월 | 1.9%,"[{""mention_id"":""n1"",""expression"":""9.2%"",""start"":5,""end"":9,""context"":""◇ 달걀 9.2%↑… 축산·수산물 가격 강세 9월 농축수산물"",""role_status"":""미분류""},{""mention_id"":""n2"",""expression"":""9월"",""start"":25,""end"":27,""context"":"" 달걀 9.2%↑… 축산·수산물 가격 강세 9월 농축수산물 물가는 전년 동월 대비 1.9%"",""role_status"":""미분류""},{""mention_id"":""n3"",""expression"":""1.9%"",""start"":47,""end"":51,""context"":""세 9월 농축수산물 물가는 전년 동월 대비 1.9% 올랐다."",""role_status"":""미분류""}]",[],COMPLETE
1,D1 정확한 값·단순 좌표,정확한 값 직접 비교,월간,월간,공식값 1개,기사값과 공식값의 단위 정규화 후 직접 비교,단순 좌표,기사 수치 없음,KOSIS 공식 API,묶음 실행 가능,공식 좌표 1개·공식값·공표정보를 확보하고 허용오차/부등호로 판정,A02605_14,작년 9월 폭염으로 인한 공급이 부족했던 채소류는 올해 9월엔 안정적으로 공급되면서 물가가 12.3% 내렸다.,HOLD,NO_EVIDENCE_COORDINATE_CANDIDATE,직접값 확인,직접값 확인,2025-10-02,물가상승률,12.3,%,2024-09,M,KOSIS 정규 통계표,필수 조건 검사,공식 구조는 확인했지만 실제 값을 조회할 좌표를 확정하지 못함,공식값 1개 직접 비교,calculation=DIRECT_VALUE | 세부문제유형=COORDINATE_GENERAL | 최신결과사유=NO_EVIDENCE_COORDINATE_CANDIDATE,12개 슬롯 + 통합 원장 진단 규칙,확정,A02605,14,,,,,,DIRECT_VALUE,,,UNDETERMINED,COORDINATE_GENERAL,NO_EVIDENCE_COORDINATE_CANDIDATE,,,,,,,,,,,3,9월 | 9월 | 12.3%,"[{""mention_id"":""n1"",""expression"":""9월"",""start"":3,""end"":5,""context"":""작년 9월 폭염으로 인한 공급이 부족했던 채소류는 올"",""role_status"":""미분류""},{""mention_id"":""n2"",""expression"":""9월"",""start"":31,""end"":33,""context"":""염으로 인한 공급이 부족했던 채소류는 올해 9월엔 안정적으로 공급되면서 물가가 12.3% "",""role_status"":""미분류""},{""mention_id"":""n3"",""expression"":""12.3%"",""start"":51,""end"":56,""context"":"" 올해 9월엔 안정적으로 공급되면서 물가가 12.3% 내렸다."",""role_status"":""미분류""}]",[],COMPLETE
1,D1 정확한 값·단순 좌표,정확한 값 직접 비교,월간,월간,공식값 1개,기사값과 공식값의 단위 정규화 후 직접 비교,단순 좌표,기사 수치 없음,KOSIS 공식 API,묶음 실행 가능,공식 좌표 1개·공식값·공표정보를 확보하고 허용오차/부등호로 판정,A02614_2,8일 국가데이터처에 따르면 지난달 '식료품 및 비주류 음료' 물가지수는 2020년 9월에 비해 22.9% 올랐다.,HOLD,NO_EVIDENCE_COORDINATE_CANDIDATE,직접값 확인,직접값 확인,2025-10-08,물가지수,22.9,%,2020-09,M,KOSIS 정규 통계표,필수 조건 검사,공식 구조는 확인했지만 실제 값을 조회할 좌표를 확정하지 못함,공식값 1개 직접 비교,calculation=DIRECT_VALUE | 세부문제유형=COORDINATE_GENERAL | 최신결과사유=NO_EVIDENCE_COORDINATE_CANDIDATE,12개 슬롯 + 통합 원장 진단 규칙,확정,A02614,2,,,,,,DIRECT_VALUE,,,UNDETERMINED,COORDINATE_GENERAL,NO_EVIDENCE_COORDINATE_CANDIDATE,,,,,,,,,,,4,8일 | 2020년 | 9월 | 22.9%,"[{""mention_id"":""n1"",""expression"":""8일"",""start"":0,""end"":2,""context"":""8일 국가데이터처에 따르면 지난달 '식료품 및 "",""role_status"":""미분류""},{""mention_id"":""n2"",""expression"":""2020년"",""start"":40,""end"":45,""context"":""난달 '식료품 및 비주류 음료' 물가지수는 2020년 9월에 비해 22.9% 올랐다."",""role_status"":""미분류""},{""mention_id"":""n3"",""expression"":""9월"",""start"":46,""end"":48,""context"":""품 및 비주류 음료' 물가지수는 2020년 9월에 비해 22.9% 올랐다."",""role_status"":""미분류""},{""mention_id"":""n4"",""expression"":""22.9%"",""start"":53,""end"":58,""context"":"" 음료' 물가지수는 2020년 9월에 비해 22.9% 올랐다."",""role_status"":""미분류""}]",[],COMPLETE
1,D1 정확한 값·단순 좌표,정확한 값 직접 비교,연간,연간,공식값 1개,기사값과 공식값의 단위 정규화 후 직접 비교,단순 좌표,기사 수치 없음,KOSIS 공식 API,묶음 실행 가능,공식 좌표 1개·공식값·공표정보를 확보하고 허용오차/부등호로 판정,A02617_6,특히 지난해 자살률 상위 10개 지역은 모두 인구 감소 지역이었다.,HOLD,NO_EVIDENCE_COORDINATE_CANDIDATE,직접값 확인,직접값 확인,2025-10-09,총인구,10,개,2024,Y,KOSIS 정규 통계표,필수 조건 검사,공식 구조는 확인했지만 실제 값을 조회할 좌표를 확정하지 못함,공식값 1개 직접 비교,calculation=DIRECT_VALUE | 세부문제유형=COORDINATE_GENERAL | 최신결과사유=NO_EVIDENCE_COORDINATE_CANDIDATE,12개 슬롯 + 통합 원장 진단 규칙,확정,A02617,6,,,,,,DIRECT_VALUE,"{""direction"": ""DECREASE""}",,UNDETERMINED,COORDINATE_GENERAL,NO_EVIDENCE_COORDINATE_CANDIDATE,,,,,,,,,,,1,10개,"[{""mention_id"":""n1"",""expression"":""10개"",""start"":14,""end"":17,""context"":""특히 지난해 자살률 상위 10개 지역은 모두 인구 감소 지역이었다."",""role_status"":""미분류""}]",[],COMPLETE
1,D1 정확한 값·단순 좌표,정확한 값 직접 비교,연간,연간,공식값 1개,기사값과 공식값의 단위 정규화 후 직접 비교,단순 좌표,수치 1개,KOSIS 공식 API,묶음 실행 가능,공식 좌표 1개·공식값·공표정보를 확보하고 허용오차/부등호로 판정,A02624_7,20대 인구는 2020년 703만명을 기록한 후 4년 연속 감소세다.,HOLD,NO_HARD_GUARD_CANDIDATE,직접값 확인,직접값 확인,2025-10-12,총인구,20,대,2020,Y,KOSIS 정규 통계표,필수 조건 검사,기간·단위·지역 등 필수 조건을 모두 만족하는 공식 통계표 후보가 없음,공식값 1개 직접 비교,calculation=DIRECT_VALUE | 세부문제유형=HARD_GUARD_ALIAS | 최신결과사유=NO_HARD_GUARD_CANDIDATE,12개 슬롯 + 통합 원장 진단 규칙,확정,A02624,7,,,,,"{""claimed_operands"": ""[{'raw': '703만명', 'value': 7030000.0, 'unit': '명'}]""}",DIRECT_VALUE,"{""direction"": ""DECREASE""}",,UNDETERMINED,HARD_GUARD_ALIAS,NO_HARD_GUARD_CANDIDATE,,,,,,,,,,,4,20대 | 2020년 | 703만명 | 4년,"[{""mention_id"":""n1"",""expression"":""20대"",""start"":0,""end"":3,""context"":""20대 인구는 2020년 703만명을 기록한 후 "",""role_status"":""미분류""},{""mention_id"":""n2"",""expression"":""2020년"",""start"":8,""end"":13,""context"":""20대 인구는 2020년 703만명을 기록한 후 4년 연속 감소세다"",""role_status"":""미분류""},{""mention_id"":""n3"",""expression"":""703만명"",""start"":14,""end"":19,""context"":""20대 인구는 2020년 703만명을 기록한 후 4년 연속 감소세다."",""role_status"":""미분류""},{""mention_id"":""n4"",""expression"":""4년"",""start"":27,""end"":29,""context"":"" 인구는 2020년 703만명을 기록한 후 4년 연속 감소세다."",""role_status"":""미분류""}]",[],COMPLETE
1,D1 정확한 값·단순 좌표,정확한 값 직접 비교,연간,연간,공식값 1개,기사값과 공식값의 단위 정규화 후 직접 비교,단순 좌표,기사 수치 없음,KOSIS 공식 API,묶음 실행 가능,공식 좌표 1개·공식값·공표정보를 확보하고 허용오차/부등호로 판정,A02631_3,"보고서는 2019∼2024년 국가데이터처 소비자물가지수 분류 항목 중 의식주와 관련 있고 상승률이 높은 15개 항목(식료품, 수도 및 주거 관련 서비스, 음식 서비스 등)을 중점적으로 분석했다.",HOLD,NO_EVIDENCE_COORDINATE_CANDIDATE,직접값 확인,직접값 확인,2025-10-16,소비자물가지수,15,개,2024,Y,KOSIS 정규 통계표,필수 조건 검사,공식 구조는 확인했지만 실제 값을 조회할 좌표를 확정하지 못함,공식값 1개 직접 비교,calculation=DIRECT_VALUE | 세부문제유형=COORDINATE_GENERAL | 최신결과사유=NO_EVIDENCE_COORDINATE_CANDIDATE,12개 슬롯 + 통합 원장 진단 규칙,확정,A02631,3,,,,,,DIRECT_VALUE,"{""direction"": ""INCREASE""}",,UNDETERMINED,COORDINATE_GENERAL,NO_EVIDENCE_COORDINATE_CANDIDATE,,,,,,,,,,,2,2019∼2024년 | 15개,"[{""mention_id"":""n1"",""expression"":""2019∼2024년"",""start"":5,""end"":15,""context"":""보고서는 2019∼2024년 국가데이터처 소비자물가지수 분류 항목 중 "",""role_status"":""미분류""},{""mention_id"":""n2"",""expression"":""15개"",""start"":58,""end"":61,""context"":""항목 중 의식주와 관련 있고 상승률이 높은 15개 항목(식료품, 수도 및 주거 관련 서비스,"",""role_status"":""미분류""}]",[],COMPLETE
1,D1 정확한 값·단순 좌표,정확한 값 직접 비교,월간,월간,공식값 1개,기사값과 공식값의 단위 정규화 후 직접 비교,단순 좌표,수치 3개,KOSIS 공식 API,묶음 실행 가능,공식 좌표 1개·공식값·공표정보를 확보하고 허용오차/부등호로 판정,A02638_3,"17일 국가데이터처의 ‘9월 고용 동향’에 따르면, 지난달 20대 취업자는 343만5000명으로 지난해 9월(356만9000명)보다 13만4000명 줄었다.",HOLD,NO_HARD_GUARD_CANDIDATE,직접값 확인,직접값 확인,2025-10-18,취업자 수,20,대,2024-09,M,KOSIS 정규 통계표,필수 조건 검사,기간·단위·지역 등 필수 조건을 모두 만족하는 공식 통계표 후보가 없음,공식값 1개 직접 비교,calculation=DIRECT_VALUE | 세부문제유형=HARD_GUARD_ALIAS | 최신결과사유=NO_HARD_GUARD_CANDIDATE,12개 슬롯 + 통합 원장 진단 규칙,확정,A02638,3,,,,,"{""claimed_operands"": ""[{'raw': '343만5000명', 'value': 3435000.0, 'unit': '명'}, {'raw': '356만9000명', 'value': 3569000.0, 'unit': '명'}, {'raw': '13만4000명', 'value': 134000.0, 'unit': '명'}]""}",DIRECT_VALUE,,,UNDETERMINED,HARD_GUARD_ALIAS,NO_HARD_GUARD_CANDIDATE,,,,,,,,,,,7,17일 | 9월 | 20대 | 343만5000명 | 9월 | 356만9000명 | 13만4000명,"[{""mention_id"":""n1"",""expression"":""17일"",""start"":0,""end"":3,""context"":""17일 국가데이터처의 ‘9월 고용 동향’에 따르면"",""role_status"":""미분류""},{""mention_id"":""n2"",""expression"":""9월"",""start"":13,""end"":15,""context"":""17일 국가데이터처의 ‘9월 고용 동향’에 따르면, 지난달 20대 취업"",""role_status"":""미분류""},{""mention_id"":""n3"",""expression"":""20대"",""start"":33,""end"":36,""context"":""처의 ‘9월 고용 동향’에 따르면, 지난달 20대 취업자는 343만5000명으로 지난해 9월"",""role_status"":""미분류""},{""mention_id"":""n4"",""expression"":""343만5000명"",""start"":42,""end"":51,""context"":"" 동향’에 따르면, 지난달 20대 취업자는 343만5000명으로 지난해 9월(356만9000명)보다 1"",""role_status"":""미분류""},{""mention_id"":""n5"",""expression"":""9월"",""start"":58,""end"":60,""context"":""0대 취업자는 343만5000명으로 지난해 9월(356만9000명)보다 13만4000명 줄"",""role_status"":""미분류""},{""mention_id"":""n6"",""expression"":""356만9000명"",""start"":61,""end"":70,""context"":""취업자는 343만5000명으로 지난해 9월(356만9000명)보다 13만4000명 줄었다."",""role_status"":""미분류""},{""mention_id"":""n7"",""expression"":""13만4000명"",""start"":74,""end"":82,""context"":""명으로 지난해 9월(356만9000명)보다 13만4000명 줄었다."",""role_status"":""미분류""}]",[],COMPLETE
1,D1 정확한 값·단순 좌표,정확한 값 직접 비교,월간,월간,공식값 1개,기사값과 공식값의 단위 정규화 후 직접 비교,단순 좌표,수치 2개,KOSIS 공식 API,묶음 실행 가능,공식 좌표 1개·공식값·공표정보를 확보하고 허용오차/부등호로 판정,A02638_5,20대 취업자 수는 2022년 11월(-4000명) 이후 2년 11개월 연속 줄어들고 있다.,HOLD,NO_HARD_GUARD_CANDIDATE,직접값 확인,직접값 확인,2025-10-18,취업자 수,20,대,2022-11,M,KOSIS 정규 통계표,필수 조건 검사,기간·단위·지역 등 필수 조건을 모두 만족하는 공식 통계표 후보가 없음,공식값 1개 직접 비교,calculation=DIRECT_VALUE | 세부문제유형=HARD_GUARD_ALIAS | 최신결과사유=NO_HARD_GUARD_CANDIDATE,12개 슬롯 + 통합 원장 진단 규칙,확정,A02638,5,,,,,"{""claimed_operands"": ""[{'raw': '4000명', 'value': 4000.0, 'unit': '명'}, {'raw': '11개', 'value': 11.0, 'unit': '개'}]""}",DIRECT_VALUE,"{""direction"": ""DECREASE""}",,UNDETERMINED,HARD_GUARD_ALIAS,NO_HARD_GUARD_CANDIDATE,,,,,,,,,,,6,20대 | 2022년 | 11월 | -4000명 | 2년 | 11개월,"[{""mention_id"":""n1"",""expression"":""20대"",""start"":0,""end"":3,""context"":""20대 취업자 수는 2022년 11월(-4000명"",""role_status"":""미분류""},{""mention_id"":""n2"",""expression"":""2022년"",""start"":11,""end"":16,""context"":""20대 취업자 수는 2022년 11월(-4000명) 이후 2년 11개월 "",""role_status"":""미분류""},{""mention_id"":""n3"",""expression"":""11월"",""start"":17,""end"":20,""context"":""20대 취업자 수는 2022년 11월(-4000명) 이후 2년 11개월 연속 줄"",""role_status"":""미분류""},{""mention_id"":""n4"",""expression"":""-4000명"",""start"":21,""end"":27,""context"":""20대 취업자 수는 2022년 11월(-4000명) 이후 2년 11개월 연속 줄어들고 있다."",""role_status"":""미분류""},{""mention_id"":""n5"",""expression"":""2년"",""start"":32,""end"":34,""context"":""수는 2022년 11월(-4000명) 이후 2년 11개월 연속 줄어들고 있다."",""role_status"":""미분류""},{""mention_id"":""n6"",""expression"":""11개월"",""start"":35,""end"":39,""context"":""2022년 11월(-4000명) 이후 2년 11개월 연속 줄어들고 있다."",""role_status"":""미분류""}]",[],COMPLETE
1,D1 정확한 값·단순 좌표,정확한 값 직접 비교,월간,월간,공식값 1개,기사값과 공식값의 단위 정규화 후 직접 비교,단순 좌표,수치 3개,KOSIS 공식 API,묶음 실행 가능,공식 좌표 1개·공식값·공표정보를 확보하고 허용오차/부등호로 판정,A02638_7,지난달 20대 고용률은 60.7%로 전체 고용률(63.7%)보다 3%포인트 낮았다.,HOLD,NO_HARD_GUARD_CANDIDATE,직접값 확인,직접값 확인,2025-10-18,고용률,3,%p,2025-09,M,KOSIS 정규 통계표,필수 조건 검사,기간·단위·지역 등 필수 조건을 모두 만족하는 공식 통계표 후보가 없음,공식값 1개 직접 비교,calculation=DIRECT_VALUE | 세부문제유형=HARD_GUARD_ALIAS | 최신결과사유=NO_HARD_GUARD_CANDIDATE,12개 슬롯 + 통합 원장 진단 규칙,확정,A02638,7,,,,,"{""claimed_operands"": ""[{'raw': '20대', 'value': 20.0, 'unit': '대'}, {'raw': '60.7%', 'value': 60.7, 'unit': '%'}, {'raw': '63.7%', 'value': 63.7, 'unit': '%'}]""}",DIRECT_VALUE,,,UNDETERMINED,HARD_GUARD_ALIAS,NO_HARD_GUARD_CANDIDATE,,,,,,,,,,,4,20대 | 60.7% | 63.7% | 3%포인트,"[{""mention_id"":""n1"",""expression"":""20대"",""start"":4,""end"":7,""context"":""지난달 20대 고용률은 60.7%로 전체 고용률(63.7"",""role_status"":""미분류""},{""mention_id"":""n2"",""expression"":""60.7%"",""start"":13,""end"":18,""context"":""지난달 20대 고용률은 60.7%로 전체 고용률(63.7%)보다 3%포인트 "",""role_status"":""미분류""},{""mention_id"":""n3"",""expression"":""63.7%"",""start"":27,""end"":32,""context"":"" 20대 고용률은 60.7%로 전체 고용률(63.7%)보다 3%포인트 낮았다."",""role_status"":""미분류""},{""mention_id"":""n4"",""expression"":""3%포인트"",""start"":36,""end"":41,""context"":"" 60.7%로 전체 고용률(63.7%)보다 3%포인트 낮았다."",""role_status"":""미분류""}]",[],COMPLETE
1,D1 정확한 값·단순 좌표,정확한 값 직접 비교,월간,월간,공식값 1개,기사값과 공식값의 단위 정규화 후 직접 비교,단순 좌표,수치 2개,KOSIS 공식 API,묶음 실행 가능,공식 좌표 1개·공식값·공표정보를 확보하고 허용오차/부등호로 판정,A02638_9,20대 고용률은 지난해 9월(-0.2%포인트) 이후 13개월 연속 오르지 못하고 있다.,HOLD,NO_HARD_GUARD_CANDIDATE,직접값 확인,직접값 확인,2025-10-18,고용률,0.2,%p,2024-09,M,KOSIS 정규 통계표,필수 조건 검사,기간·단위·지역 등 필수 조건을 모두 만족하는 공식 통계표 후보가 없음,공식값 1개 직접 비교,calculation=DIRECT_VALUE | 세부문제유형=HARD_GUARD_ALIAS | 최신결과사유=NO_HARD_GUARD_CANDIDATE,12개 슬롯 + 통합 원장 진단 규칙,확정,A02638,9,,,,,"{""claimed_operands"": ""[{'raw': '20대', 'value': 20.0, 'unit': '대'}, {'raw': '13개', 'value': 13.0, 'unit': '개'}]""}",DIRECT_VALUE,,,UNDETERMINED,HARD_GUARD_ALIAS,NO_HARD_GUARD_CANDIDATE,,,,,,,,,,,4,20대 | 9월 | -0.2%포인트 | 13개월,"[{""mention_id"":""n1"",""expression"":""20대"",""start"":0,""end"":3,""context"":""20대 고용률은 지난해 9월(-0.2%포인트) 이"",""role_status"":""미분류""},{""mention_id"":""n2"",""expression"":""9월"",""start"":13,""end"":15,""context"":""20대 고용률은 지난해 9월(-0.2%포인트) 이후 13개월 연속 오르"",""role_status"":""미분류""},{""mention_id"":""n3"",""expression"":""-0.2%포인트"",""start"":16,""end"":24,""context"":""20대 고용률은 지난해 9월(-0.2%포인트) 이후 13개월 연속 오르지 못하고 있다."",""role_status"":""미분류""},{""mention_id"":""n4"",""expression"":""13개월"",""start"":29,""end"":33,""context"":""용률은 지난해 9월(-0.2%포인트) 이후 13개월 연속 오르지 못하고 있다."",""role_status"":""미분류""}]",[],COMPLETE
1,D1 정확한 값·단순 좌표,정확한 값 직접 비교,월간,월간,공식값 1개,기사값과 공식값의 단위 정규화 후 직접 비교,단순 좌표,수치 1개,KOSIS 공식 API,묶음 실행 가능,공식 좌표 1개·공식값·공표정보를 확보하고 허용오차/부등호로 판정,A02647_3,"국가데이터처가 22일 발표한 '2025년 8월 경제활동인구조사 근로형태별 부가조사'에 따르면, 지난 8월 기준 비정규직 근로자는 856만8000명으로 전년 동월 대비 11만 명 증가했다.",HOLD,KOSIS_METADATA_UNAVAILABLE,직접값 확인,직접값 확인,2025-10-22,경제활동인구,8568000,명,2025-08,M,KOSIS 정규 통계표,KOSIS 공식 구조 확인,KOSIS 표의 항목·기간·분류 구조 조회를 완료하지 못함,공식값 1개 직접 비교,calculation=DIRECT_VALUE | 세부문제유형=OFFICIAL_METADATA_LOOKUP | 최신결과사유=KOSIS_METADATA_UNAVAILABLE,12개 슬롯 + 통합 원장 진단 규칙,확정,A02647,3,,,,,"{""claimed_operands"": ""[{'raw': '11만 명', 'value': 110000.0, 'unit': '명'}]""}",DIRECT_VALUE,"{""direction"": ""INCREASE""}",,UNDETERMINED,OFFICIAL_METADATA_LOOKUP,KOSIS_METADATA_UNAVAILABLE,,,,,,,,,,,6,22일 | 2025년 | 8월 | 8월 | 856만8000명 | 11만 명,"[{""mention_id"":""n1"",""expression"":""22일"",""start"":8,""end"":11,""context"":""국가데이터처가 22일 발표한 '2025년 8월 경제활동인구조사 "",""role_status"":""미분류""},{""mention_id"":""n2"",""expression"":""2025년"",""start"":17,""end"":22,""context"":""국가데이터처가 22일 발표한 '2025년 8월 경제활동인구조사 근로형태별 부가조사'"",""role_status"":""미분류""},{""mention_id"":""n3"",""expression"":""8월"",""start"":23,""end"":25,""context"":""국가데이터처가 22일 발표한 '2025년 8월 경제활동인구조사 근로형태별 부가조사'에 따"",""role_status"":""미분류""},{""mention_id"":""n4"",""expression"":""8월"",""start"":56,""end"":58,""context"":""조사 근로형태별 부가조사'에 따르면, 지난 8월 기준 비정규직 근로자는 856만8000명으"",""role_status"":""미분류""},{""mention_id"":""n5"",""expression"":""856만8000명"",""start"":72,""end"":81,""context"":""따르면, 지난 8월 기준 비정규직 근로자는 856만8000명으로 전년 동월 대비 11만 명 증가했다."",""role_status"":""미분류""},{""mention_id"":""n6"",""expression"":""11만 명"",""start"":93,""end"":98,""context"":""자는 856만8000명으로 전년 동월 대비 11만 명 증가했다."",""role_status"":""미분류""}]",[],COMPLETE
1,D1 정확한 값·단순 좌표,정확한 값 직접 비교,연간,연간,공식값 1개,기사값과 공식값의 단위 정규화 후 직접 비교,단순 좌표,수치 1개,KOSIS 공식 API,묶음 실행 가능,공식 좌표 1개·공식값·공표정보를 확보하고 허용오차/부등호로 판정,A02647_8,성별로는 남자 비정규직이 365만 명으로 전년동월대비 3만 5000명 증가했다.,HOLD,NO_HARD_GUARD_CANDIDATE,직접값 확인,직접값 확인,2025-10-22,비정규직 규모/비율,3650000,명,2025,Y,KOSIS 정규 통계표,필수 조건 검사,기간·단위·지역 등 필수 조건을 모두 만족하는 공식 통계표 후보가 없음,공식값 1개 직접 비교,calculation=DIRECT_VALUE | 세부문제유형=HARD_GUARD_ALIAS | 최신결과사유=NO_HARD_GUARD_CANDIDATE,12개 슬롯 + 통합 원장 진단 규칙,확정,A02647,8,,,,,"{""claimed_operands"": ""[{'raw': '3만 5000명', 'value': 35000.0, 'unit': '명'}]""}",DIRECT_VALUE,"{""direction"": ""INCREASE""}",,UNDETERMINED,HARD_GUARD_ALIAS,NO_HARD_GUARD_CANDIDATE,,,,,,,,,,,2,365만 명 | 3만 5000명,"[{""mention_id"":""n1"",""expression"":""365만 명"",""start"":14,""end"":20,""context"":""성별로는 남자 비정규직이 365만 명으로 전년동월대비 3만 5000명 증가했다."",""role_status"":""미분류""},{""mention_id"":""n2"",""expression"":""3만 5000명"",""start"":30,""end"":38,""context"":""자 비정규직이 365만 명으로 전년동월대비 3만 5000명 증가했다."",""role_status"":""미분류""}]",[],COMPLETE
1,D1 정확한 값·단순 좌표,정확한 값 직접 비교,연간,연간,공식값 1개,기사값과 공식값의 단위 정규화 후 직접 비교,단순 좌표,수치 2개,KOSIS 공식 API,묶음 실행 가능,공식 좌표 1개·공식값·공표정보를 확보하고 허용오차/부등호로 판정,A02656_1,"만1000명, 16만6000명, 31만2000명… 지난해 같은 기간 대비 늘어난 올해 7~9월 월별 취업자 수다.",HOLD,KOSIS_METADATA_UNAVAILABLE,직접값 확인,직접값 확인,2025-10-27,취업자 수,1000,명,2024,Y,KOSIS 정규 통계표,KOSIS 공식 구조 확인,KOSIS 표의 항목·기간·분류 구조 조회를 완료하지 못함,공식값 1개 직접 비교,calculation=DIRECT_VALUE | 세부문제유형=OFFICIAL_METADATA_LOOKUP | 최신결과사유=KOSIS_METADATA_UNAVAILABLE,12개 슬롯 + 통합 원장 진단 규칙,확정,A02656,1,,,,,"{""claimed_operands"": ""[{'raw': '16만6000명', 'value': 166000.0, 'unit': '명'}, {'raw': '31만2000명', 'value': 312000.0, 'unit': '명'}]""}",DIRECT_VALUE,"{""direction"": ""INCREASE""}",,UNDETERMINED,OFFICIAL_METADATA_LOOKUP,KOSIS_METADATA_UNAVAILABLE,,,,,,,,,,,4,1000명 | 16만6000명 | 31만2000명 | 7~9월,"[{""mention_id"":""n1"",""expression"":""1000명"",""start"":1,""end"":6,""context"":""만1000명, 16만6000명, 31만2000명… 지난"",""role_status"":""미분류""},{""mention_id"":""n2"",""expression"":""16만6000명"",""start"":8,""end"":16,""context"":""만1000명, 16만6000명, 31만2000명… 지난해 같은 기간 대비"",""role_status"":""미분류""},{""mention_id"":""n3"",""expression"":""31만2000명"",""start"":18,""end"":26,""context"":""만1000명, 16만6000명, 31만2000명… 지난해 같은 기간 대비 늘어난 올해 7~"",""role_status"":""미분류""},{""mention_id"":""n4"",""expression"":""7~9월"",""start"":48,""end"":52,""context"":""0명… 지난해 같은 기간 대비 늘어난 올해 7~9월 월별 취업자 수다."",""role_status"":""미분류""}]",[],COMPLETE
1,D1 정확한 값·단순 좌표,정확한 값 직접 비교,월간,월간,공식값 1개,기사값과 공식값의 단위 정규화 후 직접 비교,단순 좌표,수치 1개,KOSIS 공식 API,묶음 실행 가능,공식 좌표 1개·공식값·공표정보를 확보하고 허용오차/부등호로 판정,A02656_27,조사 시점을 기준으로 최근 3개월간 비거주 복지시설 운영업 취업자의 평균 임금은 125만원이다.,HOLD,NO_HARD_GUARD_CANDIDATE,직접값 확인,직접값 확인,2025-10-27,취업자 수,3,개,2025-10,M,KOSIS 정규 통계표,필수 조건 검사,기간·단위·지역 등 필수 조건을 모두 만족하는 공식 통계표 후보가 없음,공식값 1개 직접 비교,calculation=DIRECT_VALUE | 세부문제유형=HARD_GUARD_ALIAS | 최신결과사유=NO_HARD_GUARD_CANDIDATE,12개 슬롯 + 통합 원장 진단 규칙,확정,A02656,27,,,,,"{""claimed_operands"": ""[{'raw': '125만원', 'value': 1250000.0, 'unit': '원'}]""}",DIRECT_VALUE,,,UNDETERMINED,HARD_GUARD_ALIAS,NO_HARD_GUARD_CANDIDATE,,,,,,,,,,,2,3개월 | 125만원,"[{""mention_id"":""n1"",""expression"":""3개월"",""start"":15,""end"":18,""context"":""조사 시점을 기준으로 최근 3개월간 비거주 복지시설 운영업 취업자의 평균 임"",""role_status"":""미분류""},{""mention_id"":""n2"",""expression"":""125만원"",""start"":45,""end"":50,""context"":""거주 복지시설 운영업 취업자의 평균 임금은 125만원이다."",""role_status"":""미분류""}]",[],COMPLETE
1,D1 정확한 값·단순 좌표,정확한 값 직접 비교,연간,연간,공식값 1개,기사값과 공식값의 단위 정규화 후 직접 비교,단순 좌표,수치 1개,KOSIS 공식 API,묶음 실행 가능,공식 좌표 1개·공식값·공표정보를 확보하고 허용오차/부등호로 판정,A02661_3,"국가데이터처가 28일 발표한 '2025년 상반기 지역별 고용조사'에 따르면, 상반기 비거주복지시설운영업 취업자는 지난해 상반기보다 168만8000명으로 13만5000명 증가해 산업소분류 가운데 가장 큰 폭으로 늘었다.",HOLD,KOSIS_METADATA_UNAVAILABLE,직접값 확인,직접값 확인,2025-10-28,취업자 수,1688000,명,2025,Y,KOSIS 정규 통계표,KOSIS 공식 구조 확인,KOSIS 표의 항목·기간·분류 구조 조회를 완료하지 못함,공식값 1개 직접 비교,calculation=DIRECT_VALUE | 세부문제유형=OFFICIAL_METADATA_LOOKUP | 최신결과사유=KOSIS_METADATA_UNAVAILABLE,12개 슬롯 + 통합 원장 진단 규칙,확정,A02661,3,,,,,"{""claimed_operands"": ""[{'raw': '13만5000명', 'value': 135000.0, 'unit': '명'}]""}",DIRECT_VALUE,"{""direction"": ""INCREASE""}",,UNDETERMINED,OFFICIAL_METADATA_LOOKUP,KOSIS_METADATA_UNAVAILABLE,,,,,,,,,,,4,28일 | 2025년 | 168만8000명 | 13만5000명,"[{""mention_id"":""n1"",""expression"":""28일"",""start"":8,""end"":11,""context"":""국가데이터처가 28일 발표한 '2025년 상반기 지역별 고용조사"",""role_status"":""미분류""},{""mention_id"":""n2"",""expression"":""2025년"",""start"":17,""end"":22,""context"":""국가데이터처가 28일 발표한 '2025년 상반기 지역별 고용조사'에 따르면, 상반기"",""role_status"":""미분류""},{""mention_id"":""n3"",""expression"":""168만8000명"",""start"":73,""end"":82,""context"":""주복지시설운영업 취업자는 지난해 상반기보다 168만8000명으로 13만5000명 증가해 산업소분류 가운"",""role_status"":""미분류""},{""mention_id"":""n4"",""expression"":""13만5000명"",""start"":85,""end"":93,""context"":""는 지난해 상반기보다 168만8000명으로 13만5000명 증가해 산업소분류 가운데 가장 큰 폭으로 "",""role_status"":""미분류""}]",[],COMPLETE
1,D1 정확한 값·단순 좌표,정확한 값 직접 비교,연간,연간,공식값 1개,기사값과 공식값의 단위 정규화 후 직접 비교,단순 좌표,기사 수치 없음,KOSIS 공식 API,묶음 실행 가능,공식 좌표 1개·공식값·공표정보를 확보하고 허용오차/부등호로 판정,A02681_3,"국가데이터처가 4일 발표한 '10월 소비자물가동향'에 따르면, 지난달 소비자물가지수는 117.42(2020년=100)로 전년 동월 대비 0.3% 올랐다.",HOLD,KOSIS_METADATA_UNAVAILABLE,직접값 확인,직접값 확인,2025-11-04,소비자물가지수,0.3,%,2020,Y,KOSIS 정규 통계표,KOSIS 공식 구조 확인,KOSIS 표의 항목·기간·분류 구조 조회를 완료하지 못함,공식값 1개 직접 비교,calculation=DIRECT_VALUE | 세부문제유형=OFFICIAL_METADATA_LOOKUP | 최신결과사유=KOSIS_METADATA_UNAVAILABLE,12개 슬롯 + 통합 원장 진단 규칙,확정,A02681,3,,,,,,DIRECT_VALUE,,,UNDETERMINED,OFFICIAL_METADATA_LOOKUP,KOSIS_METADATA_UNAVAILABLE,,,,,,,,,,,6,4일 | 10월 | 117.42 | 2020년 | 100 | 0.3%,"[{""mention_id"":""n1"",""expression"":""4일"",""start"":8,""end"":10,""context"":""국가데이터처가 4일 발표한 '10월 소비자물가동향'에 따르면,"",""role_status"":""미분류""},{""mention_id"":""n2"",""expression"":""10월"",""start"":16,""end"":19,""context"":""국가데이터처가 4일 발표한 '10월 소비자물가동향'에 따르면, 지난달 소비자물"",""role_status"":""미분류""},{""mention_id"":""n3"",""expression"":""117.42"",""start"":48,""end"":54,""context"":""가동향'에 따르면, 지난달 소비자물가지수는 117.42(2020년=100)로 전년 동월 대비 0."",""role_status"":""미분류""},{""mention_id"":""n4"",""expression"":""2020년"",""start"":55,""end"":60,""context"":""르면, 지난달 소비자물가지수는 117.42(2020년=100)로 전년 동월 대비 0.3% 올랐다"",""role_status"":""미분류""},{""mention_id"":""n5"",""expression"":""100"",""start"":61,""end"":64,""context"":""달 소비자물가지수는 117.42(2020년=100)로 전년 동월 대비 0.3% 올랐다."",""role_status"":""미분류""},{""mention_id"":""n6"",""expression"":""0.3%"",""start"":76,""end"":80,""context"":""42(2020년=100)로 전년 동월 대비 0.3% 올랐다."",""role_status"":""미분류""}]",[],COMPLETE
1,D1 정확한 값·단순 좌표,정확한 값 직접 비교,연간,연간,공식값 1개,기사값과 공식값의 단위 정규화 후 직접 비교,단순 좌표,수치 1개,KOSIS 공식 API,묶음 실행 가능,공식 좌표 1개·공식값·공표정보를 확보하고 허용오차/부등호로 판정,A02682_6,가공식품 물가는 전년 같은 달 대비 3.5% 오르면서 전체 물가를 0.30%포인트 끌어올렸다.,HOLD,KOSIS_METADATA_UNAVAILABLE,직접값 확인,직접값 확인,2025-11-04,물가상승률,0.3,%p,2025,Y,KOSIS 정규 통계표,KOSIS 공식 구조 확인,KOSIS 표의 항목·기간·분류 구조 조회를 완료하지 못함,공식값 1개 직접 비교,calculation=DIRECT_VALUE | 세부문제유형=OFFICIAL_METADATA_LOOKUP | 최신결과사유=KOSIS_METADATA_UNAVAILABLE,12개 슬롯 + 통합 원장 진단 규칙,확정,A02682,6,,,,,"{""claimed_operands"": ""[{'raw': '3.5%', 'value': 3.5, 'unit': '%'}]""}",DIRECT_VALUE,,,UNDETERMINED,OFFICIAL_METADATA_LOOKUP,KOSIS_METADATA_UNAVAILABLE,,,,,,,,,,,2,3.5% | 0.30%포인트,"[{""mention_id"":""n1"",""expression"":""3.5%"",""start"":20,""end"":24,""context"":""가공식품 물가는 전년 같은 달 대비 3.5% 오르면서 전체 물가를 0.30%포인트 끌어"",""role_status"":""미분류""},{""mention_id"":""n2"",""expression"":""0.30%포인트"",""start"":37,""end"":45,""context"":""은 달 대비 3.5% 오르면서 전체 물가를 0.30%포인트 끌어올렸다."",""role_status"":""미분류""}]",[],COMPLETE
1,D1 정확한 값·단순 좌표,정확한 값 직접 비교,연간,연간,공식값 1개,기사값과 공식값의 단위 정규화 후 직접 비교,단순 좌표,수치 1개,KOSIS 공식 API,묶음 실행 가능,공식 좌표 1개·공식값·공표정보를 확보하고 허용오차/부등호로 판정,A02682_9,"축산물과 수산물 물가는 지난해 같은달 대비 5.3%, 5.9% 올랐다.",HOLD,NO_HARD_GUARD_CANDIDATE,직접값 확인,직접값 확인,2025-11-04,물가상승률,5.9,%,2024,Y,KOSIS 정규 통계표,필수 조건 검사,기간·단위·지역 등 필수 조건을 모두 만족하는 공식 통계표 후보가 없음,공식값 1개 직접 비교,calculation=DIRECT_VALUE | 세부문제유형=HARD_GUARD_ALIAS | 최신결과사유=NO_HARD_GUARD_CANDIDATE,12개 슬롯 + 통합 원장 진단 규칙,확정,A02682,9,,,,,"{""claimed_operands"": ""[{'raw': '5.3%', 'value': 5.3, 'unit': '%'}]""}",DIRECT_VALUE,,,UNDETERMINED,HARD_GUARD_ALIAS,NO_HARD_GUARD_CANDIDATE,,,,,,,,,,,2,5.3% | 5.9%,"[{""mention_id"":""n1"",""expression"":""5.3%"",""start"":24,""end"":28,""context"":""축산물과 수산물 물가는 지난해 같은달 대비 5.3%, 5.9% 올랐다."",""role_status"":""미분류""},{""mention_id"":""n2"",""expression"":""5.9%"",""start"":30,""end"":34,""context"":""산물 물가는 지난해 같은달 대비 5.3%, 5.9% 올랐다."",""role_status"":""미분류""}]",[],COMPLETE
1,D1 정확한 값·단순 좌표,정확한 값 직접 비교,월간,월간,공식값 1개,기사값과 공식값의 단위 정규화 후 직접 비교,단순 좌표,수치 1개,KOSIS 공식 API,묶음 실행 가능,공식 좌표 1개·공식값·공표정보를 확보하고 허용오차/부등호로 판정,A02688_1,지난달 소비자 물가가 1년 새 2.4% 오르며 1년 3개월 만에 가장 큰 폭으로 뛰었다고 국가데이터처가 4일 밝혔다.,HOLD,NO_EVIDENCE_COORDINATE_CANDIDATE,직접값 확인,직접값 확인,2025-11-05,소비자물가 상승률,2.4,%,2025-10,M,KOSIS 정규 통계표,필수 조건 검사,공식 구조는 확인했지만 실제 값을 조회할 좌표를 확정하지 못함,공식값 1개 직접 비교,calculation=DIRECT_VALUE | 세부문제유형=COORDINATE_GENERAL | 최신결과사유=NO_EVIDENCE_COORDINATE_CANDIDATE,12개 슬롯 + 통합 원장 진단 규칙,확정,A02688,1,,,,,"{""claimed_operands"": ""[{'raw': '3개', 'value': 3.0, 'unit': '개'}]""}",DIRECT_VALUE,,,UNDETERMINED,COORDINATE_GENERAL,NO_EVIDENCE_COORDINATE_CANDIDATE,,,,,,,,,,,5,1년 | 2.4% | 1년 | 3개월 | 4일,"[{""mention_id"":""n1"",""expression"":""1년"",""start"":12,""end"":14,""context"":""지난달 소비자 물가가 1년 새 2.4% 오르며 1년 3개월 만에 가장"",""role_status"":""미분류""},{""mention_id"":""n2"",""expression"":""2.4%"",""start"":17,""end"":21,""context"":""지난달 소비자 물가가 1년 새 2.4% 오르며 1년 3개월 만에 가장 큰 폭으로 "",""role_status"":""미분류""},{""mention_id"":""n3"",""expression"":""1년"",""start"":26,""end"":28,""context"":""달 소비자 물가가 1년 새 2.4% 오르며 1년 3개월 만에 가장 큰 폭으로 뛰었다고 국가"",""role_status"":""미분류""},{""mention_id"":""n4"",""expression"":""3개월"",""start"":29,""end"":32,""context"":""비자 물가가 1년 새 2.4% 오르며 1년 3개월 만에 가장 큰 폭으로 뛰었다고 국가데이터처"",""role_status"":""미분류""},{""mention_id"":""n5"",""expression"":""4일"",""start"":58,""end"":60,""context"":""에 가장 큰 폭으로 뛰었다고 국가데이터처가 4일 밝혔다."",""role_status"":""미분류""}]",[],COMPLETE
1,D1 정확한 값·단순 좌표,정확한 값 직접 비교,연간,연간,공식값 1개,기사값과 공식값의 단위 정규화 후 직접 비교,단순 좌표,기사 수치 없음,KOSIS 공식 API,묶음 실행 가능,공식 좌표 1개·공식값·공표정보를 확보하고 허용오차/부등호로 판정,A02700_19,코로나 시기였던 2020년 인구주택총조사의 최종 응답률은 96.3%였다.,HOLD,NO_EVIDENCE_COORDINATE_CANDIDATE,직접값 확인,직접값 확인,2025-11-08,총인구,96.3,%,2020,Y,KOSIS 정규 통계표,필수 조건 검사,공식 구조는 확인했지만 실제 값을 조회할 좌표를 확정하지 못함,공식값 1개 직접 비교,calculation=DIRECT_VALUE | 세부문제유형=COORDINATE_GENERAL | 최신결과사유=NO_EVIDENCE_COORDINATE_CANDIDATE,12개 슬롯 + 통합 원장 진단 규칙,확정,A02700,19,,,,,,DIRECT_VALUE,,,UNDETERMINED,COORDINATE_GENERAL,NO_EVIDENCE_COORDINATE_CANDIDATE,,,,,,,,,,,2,2020년 | 96.3%,"[{""mention_id"":""n1"",""expression"":""2020년"",""start"":9,""end"":14,""context"":""코로나 시기였던 2020년 인구주택총조사의 최종 응답률은 96.3%였"",""role_status"":""미분류""},{""mention_id"":""n2"",""expression"":""96.3%"",""start"":32,""end"":37,""context"":"" 2020년 인구주택총조사의 최종 응답률은 96.3%였다."",""role_status"":""미분류""}]",[],COMPLETE
1,D1 정확한 값·단순 좌표,정확한 값 직접 비교,연간,연간,공식값 1개,기사값과 공식값의 단위 정규화 후 직접 비교,단순 좌표,수치 2개,KOSIS 공식 API,묶음 실행 가능,공식 좌표 1개·공식값·공표정보를 확보하고 허용오차/부등호로 판정,A02701_3,"9일 국가데이터처의 경제활동인구 마이크로데이터에 따르면, 1964년생 상용근로자는 2023년 기준(59세) 29만1000명이었으나 지난해(60세)에는 23만7000명으로 5만4000명 감소했다.",AUTO,OUTSIDE_TOLERANCE,직접값 확인,직접값 확인,2025-11-09,경제활동인구,291000,명,2023,Y,KOSIS 정규 통계표,최종 판정,기사 수치와 공식 계산값이 허용 오차를 벗어남,공식값 1개 직접 비교,calculation=DIRECT_VALUE | 세부문제유형=DONE | 최신결과사유=OUTSIDE_TOLERANCE,12개 슬롯 + 통합 원장 진단 규칙,확정,A02701,3,,,,,"{""claimed_operands"": ""[{'raw': '23만7000명', 'value': 237000.0, 'unit': '명'}, {'raw': '5만4000명', 'value': 54000.0, 'unit': '명'}]""}",DIRECT_VALUE,"{""direction"": ""DECREASE""}",,MISMATCH,DONE,대시보드 재현 실패,https://kosis.kr/openapi/Param/statisticsParameterData.do?method=getList&orgId=101&tblId=INH_1DA7014S_01&itmId=T20&prdSe=Y&startPrdDe=2023&endPrdDe=2023&objL1=00&objL2=0,,,,,,,,,,8,9일 | 1964년 | 2023년 | 59세 | 29만1000명 | 60세 | 23만7000명 | 5만4000명,"[{""mention_id"":""n1"",""expression"":""9일"",""start"":0,""end"":2,""context"":""9일 국가데이터처의 경제활동인구 마이크로데이터에"",""role_status"":""미분류""},{""mention_id"":""n2"",""expression"":""1964년"",""start"":32,""end"":37,""context"":""처의 경제활동인구 마이크로데이터에 따르면, 1964년생 상용근로자는 2023년 기준(59세) 2"",""role_status"":""미분류""},{""mention_id"":""n3"",""expression"":""2023년"",""start"":46,""end"":51,""context"":""데이터에 따르면, 1964년생 상용근로자는 2023년 기준(59세) 29만1000명이었으나 지난"",""role_status"":""미분류""},{""mention_id"":""n4"",""expression"":""59세"",""start"":55,""end"":58,""context"":"" 1964년생 상용근로자는 2023년 기준(59세) 29만1000명이었으나 지난해(60세)에"",""role_status"":""미분류""},{""mention_id"":""n5"",""expression"":""29만1000명"",""start"":60,""end"":68,""context"":""년생 상용근로자는 2023년 기준(59세) 29만1000명이었으나 지난해(60세)에는 23만7000명"",""role_status"":""미분류""},{""mention_id"":""n6"",""expression"":""60세"",""start"":77,""end"":80,""context"":""준(59세) 29만1000명이었으나 지난해(60세)에는 23만7000명으로 5만4000명 감"",""role_status"":""미분류""},{""mention_id"":""n7"",""expression"":""23만7000명"",""start"":84,""end"":92,""context"":""29만1000명이었으나 지난해(60세)에는 23만7000명으로 5만4000명 감소했다."",""role_status"":""미분류""},{""mention_id"":""n8"",""expression"":""5만4000명"",""start"":95,""end"":102,""context"":""나 지난해(60세)에는 23만7000명으로 5만4000명 감소했다."",""role_status"":""미분류""}]",[],COMPLETE
1,D1 정확한 값·단순 좌표,정확한 값 직접 비교,분기,분기,공식값 1개,기사값과 공식값의 단위 정규화 후 직접 비교,단순 좌표,수치 3개,KOSIS 공식 API,묶음 실행 가능,공식 좌표 1개·공식값·공표정보를 확보하고 허용오차/부등호로 판정,A02704_4,"국가데이터처가 10일 발표한 ’2025년 3분기 기업특성별 무역통계’에 따르면, 3분기 수출액 상위 10개 기업의 무역집중도는 40.0%로 지난해 3분기(37.4%)보다 2.6%포인트 상승했다.",HOLD,NO_HARD_GUARD_CANDIDATE,직접값 확인,직접값 확인,2025-11-10,수출액,2.6,%p,2025-Q3,Q,KOSIS 정규 통계표,필수 조건 검사,기간·단위·지역 등 필수 조건을 모두 만족하는 공식 통계표 후보가 없음,공식값 1개 직접 비교,calculation=DIRECT_VALUE | 세부문제유형=HARD_GUARD_ALIAS | 최신결과사유=NO_HARD_GUARD_CANDIDATE,12개 슬롯 + 통합 원장 진단 규칙,확정,A02704,4,,,,,"{""claimed_operands"": ""[{'raw': '10개', 'value': 10.0, 'unit': '개'}, {'raw': '40.0%', 'value': 40.0, 'unit': '%'}, {'raw': '37.4%', 'value': 37.4, 'unit': '%'}]""}",DIRECT_VALUE,"{""direction"": ""INCREASE""}",,UNDETERMINED,HARD_GUARD_ALIAS,NO_HARD_GUARD_CANDIDATE,,,,,,,,,,,9,10일 | 2025년 | 3분기 | 3분기 | 10개 | 40.0% | 3분기 | 37.4% | 2.6%포인트,"[{""mention_id"":""n1"",""expression"":""10일"",""start"":8,""end"":11,""context"":""국가데이터처가 10일 발표한 ’2025년 3분기 기업특성별 무역"",""role_status"":""미분류""},{""mention_id"":""n2"",""expression"":""2025년"",""start"":17,""end"":22,""context"":""국가데이터처가 10일 발표한 ’2025년 3분기 기업특성별 무역통계’에 따르면, 3"",""role_status"":""미분류""},{""mention_id"":""n3"",""expression"":""3분기"",""start"":23,""end"":26,""context"":""국가데이터처가 10일 발표한 ’2025년 3분기 기업특성별 무역통계’에 따르면, 3분기 수"",""role_status"":""미분류""},{""mention_id"":""n4"",""expression"":""3분기"",""start"":45,""end"":48,""context"":""년 3분기 기업특성별 무역통계’에 따르면, 3분기 수출액 상위 10개 기업의 무역집중도는 4"",""role_status"":""미분류""},{""mention_id"":""n5"",""expression"":""10개"",""start"":56,""end"":59,""context"":"" 무역통계’에 따르면, 3분기 수출액 상위 10개 기업의 무역집중도는 40.0%로 지난해 3"",""role_status"":""미분류""},{""mention_id"":""n6"",""expression"":""40.0%"",""start"":71,""end"":76,""context"":""기 수출액 상위 10개 기업의 무역집중도는 40.0%로 지난해 3분기(37.4%)보다 2.6%포"",""role_status"":""미분류""},{""mention_id"":""n7"",""expression"":""3분기"",""start"":82,""end"":85,""context"":""개 기업의 무역집중도는 40.0%로 지난해 3분기(37.4%)보다 2.6%포인트 상승했다."",""role_status"":""미분류""},{""mention_id"":""n8"",""expression"":""37.4%"",""start"":86,""end"":91,""context"":""의 무역집중도는 40.0%로 지난해 3분기(37.4%)보다 2.6%포인트 상승했다."",""role_status"":""미분류""},{""mention_id"":""n9"",""expression"":""2.6%포인트"",""start"":95,""end"":102,""context"":""40.0%로 지난해 3분기(37.4%)보다 2.6%포인트 상승했다."",""role_status"":""미분류""}]",[],COMPLETE
2,D2 기준값·단순 좌표,기준값 판정(이상·이하·초과),연간,연간,공식값 1개,공식값과 기준값의 부등호 판정,단순 좌표,수치 2개,KOSIS 공식 API,묶음 실행 가능,공식 좌표 1개·공식값·공표정보를 확보하고 허용오차/부등호로 판정,A00041_5,"175개 품목의 평균 물가 상승폭은 3.9%로, 지난해 연간 소비자물가지수 상승폭(2.3%)을 뛰어넘었다.",HOLD,OFFICIAL_AUTHOR_DOCUMENT_NOT_REGISTERED,직접값 확인,직접값 확인,2025-01-04,소비자물가지수,2.3,%,2024,Y,KOSIS 정규 통계표,공식문서조회,현재 원장에 기록된 실패 사유를 세부 확인해야 함,공식값 1개 직접 비교,calculation=THRESHOLD | 세부문제유형=OFFICIAL_CATALOG_SEARCH | 최신결과사유=OFFICIAL_AUTHOR_DOCUMENT_NOT_REGISTERED,12개 슬롯 + 통합 원장 진단 규칙,확정,A00041,5,,,,,"{""claimed_operands"": ""[{'raw': '175개', 'value': 175.0, 'unit': '개'}, {'raw': '3.9%', 'value': 3.9, 'unit': '%'}]""}",THRESHOLD,"{""direction"": ""INCREASE""}",,UNDETERMINED,OFFICIAL_CATALOG_SEARCH,OFFICIAL_AUTHOR_DOCUMENT_NOT_REGISTERED,,,,,,,,,,,3,175개 | 3.9% | 2.3%,"[{""mention_id"":""n1"",""expression"":""175개"",""start"":0,""end"":4,""context"":""175개 품목의 평균 물가 상승폭은 3.9%로, 지"",""role_status"":""미분류""},{""mention_id"":""n2"",""expression"":""3.9%"",""start"":20,""end"":24,""context"":""175개 품목의 평균 물가 상승폭은 3.9%로, 지난해 연간 소비자물가지수 상승폭(2."",""role_status"":""미분류""},{""mention_id"":""n3"",""expression"":""2.3%"",""start"":46,""end"":50,""context"":""9%로, 지난해 연간 소비자물가지수 상승폭(2.3%)을 뛰어넘었다."",""role_status"":""미분류""}]",[],COMPLETE
2,D2 기준값·단순 좌표,기준값 판정(이상·이하·초과),연간,연간,공식값 1개,공식값과 기준값의 부등호 판정,단순 좌표,수치 2개,KOSIS 공식 API,묶음 실행 가능,공식 좌표 1개·공식값·공표정보를 확보하고 허용오차/부등호로 판정,A00070_11,"대중 수출은 지난 2010년(1168억3800만달러)부터 1000억달러선을 넘어섰고, 2021년에는 1629억1300만달러까지 늘어났지만 이후 감소세가 눈에 띄었다.",HOLD,CALCULATION_EVIDENCE_PLAN_UNRESOLVED,직접값 확인,직접값 확인,2025-01-06,수출액,116838000000,달러,2010,Y,KOSIS 정규 통계표,공식값 좌표 확정,계산에 필요한 비교 기간 또는 공식값 묶음을 구성하지 못함,공식값 1개 직접 비교,calculation=THRESHOLD | 세부문제유형=CALCULATION_DIFFERENCE | 최신결과사유=CALCULATION_EVIDENCE_PLAN_UNRESOLVED,12개 슬롯 + 통합 원장 진단 규칙,확정,A00070,11,,,,,"{""claimed_operands"": ""[{'raw': '1000억달러', 'value': 100000000000.0, 'unit': '달러'}, {'raw': '1629억1300만달러', 'value': 162913000000.0, 'unit': '달러'}]""}",THRESHOLD,"{""direction"": ""DECREASE"", ""operator"": ""GT""}",,UNDETERMINED,CALCULATION_DIFFERENCE,CALCULATION_EVIDENCE_PLAN_UNRESOLVED,,,,,,,,,,,5,2010년 | 1168억3800만달러 | 1000억달러 | 2021년 | 1629억1300만달러,"[{""mention_id"":""n1"",""expression"":""2010년"",""start"":10,""end"":15,""context"":""대중 수출은 지난 2010년(1168억3800만달러)부터 1000억달러"",""role_status"":""미분류""},{""mention_id"":""n2"",""expression"":""1168억3800만달러"",""start"":16,""end"":28,""context"":""대중 수출은 지난 2010년(1168억3800만달러)부터 1000억달러선을 넘어섰고, 2021"",""role_status"":""미분류""},{""mention_id"":""n3"",""expression"":""1000억달러"",""start"":32,""end"":39,""context"":""난 2010년(1168억3800만달러)부터 1000억달러선을 넘어섰고, 2021년에는 1629억13"",""role_status"":""미분류""},{""mention_id"":""n4"",""expression"":""2021년"",""start"":48,""end"":53,""context"":""0만달러)부터 1000억달러선을 넘어섰고, 2021년에는 1629억1300만달러까지 늘어났지만 "",""role_status"":""미분류""},{""mention_id"":""n5"",""expression"":""1629억1300만달러"",""start"":56,""end"":68,""context"":""1000억달러선을 넘어섰고, 2021년에는 1629억1300만달러까지 늘어났지만 이후 감소세가 눈에 띄었다."",""role_status"":""미분류""}]",[],COMPLETE
2,D2 기준값·단순 좌표,기준값 판정(이상·이하·초과),월간,월간,공식값 1개,공식값과 기준값의 부등호 판정,단순 좌표,기사 수치 없음,KOSIS 공식 API,묶음 실행 가능,공식 좌표 1개·공식값·공표정보를 확보하고 허용오차/부등호로 판정,A00202_18,반면 상용직(1년 이상)은 지난달 취업자 수가 1만2000명 증가했다.,HOLD,CALCULATION_EVIDENCE_PLAN_UNRESOLVED,직접값 확인,직접값 확인,2025-01-16,취업자 수,12000,명,2024-12,M,KOSIS 정규 통계표,공식값 좌표 확정,계산에 필요한 비교 기간 또는 공식값 묶음을 구성하지 못함,공식값 1개 직접 비교,calculation=THRESHOLD | 세부문제유형=CALCULATION_DIFFERENCE | 최신결과사유=CALCULATION_EVIDENCE_PLAN_UNRESOLVED,12개 슬롯 + 통합 원장 진단 규칙,확정,A00202,18,,,,,,THRESHOLD,"{""direction"": ""INCREASE"", ""operator"": ""GTE""}",,UNDETERMINED,CALCULATION_DIFFERENCE,CALCULATION_EVIDENCE_PLAN_UNRESOLVED,,,,,,,,,,,2,1년 | 1만2000명,"[{""mention_id"":""n1"",""expression"":""1년"",""start"":7,""end"":9,""context"":""반면 상용직(1년 이상)은 지난달 취업자 수가 1만2000명"",""role_status"":""미분류""},{""mention_id"":""n2"",""expression"":""1만2000명"",""start"":26,""end"":33,""context"":"" 상용직(1년 이상)은 지난달 취업자 수가 1만2000명 증가했다."",""role_status"":""미분류""}]",[],COMPLETE
2,D2 기준값·단순 좌표,기준값 판정(이상·이하·초과),연간,연간,공식값 1개,공식값과 기준값의 부등호 판정,단순 좌표,기사 수치 없음,KOSIS 공식 API,묶음 실행 가능,공식 좌표 1개·공식값·공표정보를 확보하고 허용오차/부등호로 판정,A00271_13,이 경우 연간 GDP는 최대 0.67% 감소한다.,HOLD,LOW_SEMANTIC_SCORE,직접값 확인,직접값 확인,2025-01-21,GDP,0.67,%,2025,Y,KOSIS 정규 통계표,공식값 좌표 확정,기사 지표와 공식 통계 개념의 의미 일치도가 부족함,공식값 1개 직접 비교,calculation=THRESHOLD | 세부문제유형=SEMANTIC_LOW_SCORE | 최신결과사유=LOW_SEMANTIC_SCORE,12개 슬롯 + 통합 원장 진단 규칙,확정,A00271,13,,,,,,THRESHOLD,"{""direction"": ""DECREASE"", ""operator"": ""MAX""}",,UNDETERMINED,SEMANTIC_LOW_SCORE,LOW_SEMANTIC_SCORE,,,,,,,,,,,1,0.67%,"[{""mention_id"":""n1"",""expression"":""0.67%"",""start"":16,""end"":21,""context"":""이 경우 연간 GDP는 최대 0.67% 감소한다."",""role_status"":""미분류""}]",[],COMPLETE
2,D2 기준값·단순 좌표,기준값 판정(이상·이하·초과),연간,연간,공식값 1개,공식값과 기준값의 부등호 판정,단순 좌표,기사 수치 없음,KOSIS 공식 API,묶음 실행 가능,공식 좌표 1개·공식값·공표정보를 확보하고 허용오차/부등호로 판정,A00279_9,12월까지 같은 추세가 이어질 경우 작년 한해 출생아 수는 2023년(23만28명) 수준을 넘어서 2015년 이후 9년 만에 출생아 수가 반등하게 된다.,HOLD,KOSIS_METADATA_UNAVAILABLE,직접값 확인,직접값 확인,2025-01-22,출생아 수,230028,명,2023,Y,KOSIS 정규 통계표,KOSIS 공식 구조 확인,KOSIS 표의 항목·기간·분류 구조 조회를 완료하지 못함,공식값 1개 직접 비교,calculation=THRESHOLD | 세부문제유형=OFFICIAL_METADATA_LOOKUP | 최신결과사유=KOSIS_METADATA_UNAVAILABLE,12개 슬롯 + 통합 원장 진단 규칙,확정,A00279,9,,,,,,THRESHOLD,"{""operator"": ""GT""}",,UNDETERMINED,OFFICIAL_METADATA_LOOKUP,KOSIS_METADATA_UNAVAILABLE,,,,,,,,,,,6,12월 | 한해 | 2023년 | 23만28명 | 2015년 | 9년,"[{""mention_id"":""n1"",""expression"":""12월"",""start"":0,""end"":3,""context"":""12월까지 같은 추세가 이어질 경우 작년 한해 출"",""role_status"":""미분류""},{""mention_id"":""n2"",""expression"":""한해"",""start"":23,""end"":25,""context"":""12월까지 같은 추세가 이어질 경우 작년 한해 출생아 수는 2023년(23만28명) 수준"",""role_status"":""미분류""},{""mention_id"":""n3"",""expression"":""2023년"",""start"":33,""end"":38,""context"":""추세가 이어질 경우 작년 한해 출생아 수는 2023년(23만28명) 수준을 넘어서 2015년 이"",""role_status"":""미분류""},{""mention_id"":""n4"",""expression"":""23만28명"",""start"":39,""end"":45,""context"":""질 경우 작년 한해 출생아 수는 2023년(23만28명) 수준을 넘어서 2015년 이후 9년 만에"",""role_status"":""미분류""},{""mention_id"":""n5"",""expression"":""2015년"",""start"":55,""end"":60,""context"":""는 2023년(23만28명) 수준을 넘어서 2015년 이후 9년 만에 출생아 수가 반등하게 된다"",""role_status"":""미분류""},{""mention_id"":""n6"",""expression"":""9년"",""start"":64,""end"":66,""context"":""3만28명) 수준을 넘어서 2015년 이후 9년 만에 출생아 수가 반등하게 된다."",""role_status"":""미분류""}]",[],COMPLETE
2,D2 기준값·단순 좌표,기준값 판정(이상·이하·초과),분기,분기,공식값 1개,공식값과 기준값의 부등호 판정,단순 좌표,수치 4개,KOSIS 공식 API,묶음 실행 가능,공식 좌표 1개·공식값·공표정보를 확보하고 허용오차/부등호로 판정,A00308_3,"성장률이 3개 분기 연속으로 0.1% 이하를 기록한 것은 외환 위기 직격탄을 맞은 1997년 4분기(-0.6%), 1998년 1분기(-6.7%), 2분기(-0.8%) 이후 26년 만에 처음이다.",HOLD,NO_EVIDENCE_COORDINATE_CANDIDATE,직접값 확인,직접값 확인,2025-01-24,경제성장률,3,개,2025-Q4,Q,KOSIS 정규 통계표,필수 조건 검사,공식 구조는 확인했지만 실제 값을 조회할 좌표를 확정하지 못함,공식값 1개 직접 비교,calculation=THRESHOLD | 세부문제유형=COORDINATE_GENERAL | 최신결과사유=NO_EVIDENCE_COORDINATE_CANDIDATE,12개 슬롯 + 통합 원장 진단 규칙,확정,A00308,3,,,,,"{""claimed_operands"": ""[{'raw': '0.1%', 'value': 0.1, 'unit': '%'}, {'raw': '0.6%', 'value': 0.6, 'unit': '%'}, {'raw': '6.7%', 'value': 6.7, 'unit': '%'}, {'raw': '0.8%', 'value': 0.8, 'unit': '%'}]""}",THRESHOLD,"{""operator"": ""LTE""}",,UNDETERMINED,COORDINATE_GENERAL,NO_EVIDENCE_COORDINATE_CANDIDATE,,,,,,,,,,,11,3개 | 0.1% | 1997년 | 4분기 | -0.6% | 1998년 | 1분기 | -6.7% | 2분기 | -0.8% | 26년,"[{""mention_id"":""n1"",""expression"":""3개"",""start"":5,""end"":7,""context"":""성장률이 3개 분기 연속으로 0.1% 이하를 기록한 것은"",""role_status"":""미분류""},{""mention_id"":""n2"",""expression"":""0.1%"",""start"":16,""end"":20,""context"":""성장률이 3개 분기 연속으로 0.1% 이하를 기록한 것은 외환 위기 직격탄을 맞"",""role_status"":""미분류""},{""mention_id"":""n3"",""expression"":""1997년"",""start"":46,""end"":51,""context"":""하를 기록한 것은 외환 위기 직격탄을 맞은 1997년 4분기(-0.6%), 1998년 1분기(-"",""role_status"":""미분류""},{""mention_id"":""n4"",""expression"":""4분기"",""start"":52,""end"":55,""context"":"" 것은 외환 위기 직격탄을 맞은 1997년 4분기(-0.6%), 1998년 1분기(-6.7%"",""role_status"":""미분류""},{""mention_id"":""n5"",""expression"":""-0.6%"",""start"":56,""end"":61,""context"":""외환 위기 직격탄을 맞은 1997년 4분기(-0.6%), 1998년 1분기(-6.7%), 2분기"",""role_status"":""미분류""},{""mention_id"":""n6"",""expression"":""1998년"",""start"":64,""end"":69,""context"":""탄을 맞은 1997년 4분기(-0.6%), 1998년 1분기(-6.7%), 2분기(-0.8%) "",""role_status"":""미분류""},{""mention_id"":""n7"",""expression"":""1분기"",""start"":70,""end"":73,""context"":""1997년 4분기(-0.6%), 1998년 1분기(-6.7%), 2분기(-0.8%) 이후 2"",""role_status"":""미분류""},{""mention_id"":""n8"",""expression"":""-6.7%"",""start"":74,""end"":79,""context"":""년 4분기(-0.6%), 1998년 1분기(-6.7%), 2분기(-0.8%) 이후 26년 만에 "",""role_status"":""미분류""},{""mention_id"":""n9"",""expression"":""2분기"",""start"":82,""end"":85,""context"":"".6%), 1998년 1분기(-6.7%), 2분기(-0.8%) 이후 26년 만에 처음이다."",""role_status"":""미분류""},{""mention_id"":""n10"",""expression"":""-0.8%"",""start"":86,""end"":91,""context"":"", 1998년 1분기(-6.7%), 2분기(-0.8%) 이후 26년 만에 처음이다."",""role_status"":""미분류""},{""mention_id"":""n11"",""expression"":""26년"",""start"":96,""end"":99,""context"":""기(-6.7%), 2분기(-0.8%) 이후 26년 만에 처음이다."",""role_status"":""미분류""}]",[],COMPLETE
2,D2 기준값·단순 좌표,기준값 판정(이상·이하·초과),연간,연간,공식값 1개,공식값과 기준값의 부등호 판정,단순 좌표,기사 수치 없음,KOSIS 공식 API,묶음 실행 가능,공식 좌표 1개·공식값·공표정보를 확보하고 허용오차/부등호로 판정,A00347_47,"2009년 금융 위기를 겪은 후 금융 위기로 발생한 국채를 2011년부터 축소시키고 있고, 2016년부터는 연간 신규국채 발행이 최대 GDP의 0.35%를 초과하지 못하도록 했다.",HOLD,NO_EVIDENCE_COORDINATE_CANDIDATE,직접값 확인,직접값 확인,2025-01-27,GDP,0.35,%,2009,Y,KOSIS 정규 통계표,필수 조건 검사,공식 구조는 확인했지만 실제 값을 조회할 좌표를 확정하지 못함,공식값 1개 직접 비교,calculation=THRESHOLD | 세부문제유형=COORDINATE_GENERAL | 최신결과사유=NO_EVIDENCE_COORDINATE_CANDIDATE,12개 슬롯 + 통합 원장 진단 규칙,확정,A00347,47,,,,,,THRESHOLD,"{""operator"": ""GT""}",,UNDETERMINED,COORDINATE_GENERAL,NO_EVIDENCE_COORDINATE_CANDIDATE,,,,,,,,,,,4,2009년 | 2011년 | 2016년 | 0.35%,"[{""mention_id"":""n1"",""expression"":""2009년"",""start"":0,""end"":5,""context"":""2009년 금융 위기를 겪은 후 금융 위기로 발생한 "",""role_status"":""미분류""},{""mention_id"":""n2"",""expression"":""2011년"",""start"":33,""end"":38,""context"":""위기를 겪은 후 금융 위기로 발생한 국채를 2011년부터 축소시키고 있고, 2016년부터는 연간"",""role_status"":""미분류""},{""mention_id"":""n3"",""expression"":""2016년"",""start"":51,""end"":56,""context"":""한 국채를 2011년부터 축소시키고 있고, 2016년부터는 연간 신규국채 발행이 최대 GDP의 "",""role_status"":""미분류""},{""mention_id"":""n4"",""expression"":""0.35%"",""start"":80,""end"":85,""context"":""부터는 연간 신규국채 발행이 최대 GDP의 0.35%를 초과하지 못하도록 했다."",""role_status"":""미분류""}]",[],COMPLETE
2,D2 기준값·단순 좌표,기준값 판정(이상·이하·초과),연간,연간,공식값 1개,공식값과 기준값의 부등호 판정,단순 좌표,기사 수치 없음,KOSIS 공식 API,묶음 실행 가능,공식 좌표 1개·공식값·공표정보를 확보하고 허용오차/부등호로 판정,A00353_11,지난해부터 8000만원 이상 법인차에 연두색 표지판을 부착하게 한 것도 고가 수입차 판매 감소를 이끈 요인으로 꼽힌다.,HOLD,NO_EVIDENCE_COORDINATE_CANDIDATE,직접값 확인,직접값 확인,2025-01-28,수입액,80000000,원,2024,Y,KOSIS 정규 통계표,필수 조건 검사,공식 구조는 확인했지만 실제 값을 조회할 좌표를 확정하지 못함,공식값 1개 직접 비교,calculation=THRESHOLD | 세부문제유형=COORDINATE_GENERAL | 최신결과사유=NO_EVIDENCE_COORDINATE_CANDIDATE,12개 슬롯 + 통합 원장 진단 규칙,확정,A00353,11,,,,,,THRESHOLD,"{""direction"": ""DECREASE"", ""operator"": ""GTE""}",,UNDETERMINED,COORDINATE_GENERAL,NO_EVIDENCE_COORDINATE_CANDIDATE,,,,,,,,,,,1,8000만원,"[{""mention_id"":""n1"",""expression"":""8000만원"",""start"":6,""end"":12,""context"":""지난해부터 8000만원 이상 법인차에 연두색 표지판을 부착하게 한"",""role_status"":""미분류""}]",[],COMPLETE
2,D2 기준값·단순 좌표,기준값 판정(이상·이하·초과),연간,연간,공식값 1개,공식값과 기준값의 부등호 판정,단순 좌표,수치 3개,KOSIS 공식 API,묶음 실행 가능,공식 좌표 1개·공식값·공표정보를 확보하고 허용오차/부등호로 판정,A00353_6,전체 수입차 판매에서 1억원 이상 수입차가 차지하는 비중도 2023년 28.9%에서 작년에는 23.7%로 5.2%포인트 떨어졌다.,HOLD,KOSIS_METADATA_UNAVAILABLE,직접값 확인,직접값 확인,2025-01-28,수입액,5.2,%p,2023,Y,KOSIS 정규 통계표,KOSIS 공식 구조 확인,KOSIS 표의 항목·기간·분류 구조 조회를 완료하지 못함,공식값 1개 직접 비교,calculation=THRESHOLD | 세부문제유형=OFFICIAL_METADATA_LOOKUP | 최신결과사유=KOSIS_METADATA_UNAVAILABLE,12개 슬롯 + 통합 원장 진단 규칙,확정,A00353,6,,,,,"{""claimed_operands"": ""[{'raw': '1억원', 'value': 100000000.0, 'unit': '원'}, {'raw': '28.9%', 'value': 28.9, 'unit': '%'}, {'raw': '23.7%', 'value': 23.7, 'unit': '%'}]""}",THRESHOLD,"{""direction"": ""DECREASE"", ""operator"": ""GTE""}",,UNDETERMINED,OFFICIAL_METADATA_LOOKUP,KOSIS_METADATA_UNAVAILABLE,,,,,,,,,,,5,1억원 | 2023년 | 28.9% | 23.7% | 5.2%포인트,"[{""mention_id"":""n1"",""expression"":""1억원"",""start"":12,""end"":15,""context"":""전체 수입차 판매에서 1억원 이상 수입차가 차지하는 비중도 2023년 "",""role_status"":""미분류""},{""mention_id"":""n2"",""expression"":""2023년"",""start"":33,""end"":38,""context"":""에서 1억원 이상 수입차가 차지하는 비중도 2023년 28.9%에서 작년에는 23.7%로 5.2"",""role_status"":""미분류""},{""mention_id"":""n3"",""expression"":""28.9%"",""start"":39,""end"":44,""context"":"" 이상 수입차가 차지하는 비중도 2023년 28.9%에서 작년에는 23.7%로 5.2%포인트 떨"",""role_status"":""미분류""},{""mention_id"":""n4"",""expression"":""23.7%"",""start"":52,""end"":57,""context"":"" 비중도 2023년 28.9%에서 작년에는 23.7%로 5.2%포인트 떨어졌다."",""role_status"":""미분류""},{""mention_id"":""n5"",""expression"":""5.2%포인트"",""start"":59,""end"":66,""context"":""23년 28.9%에서 작년에는 23.7%로 5.2%포인트 떨어졌다."",""role_status"":""미분류""}]",[],COMPLETE
2,D2 기준값·단순 좌표,기준값 판정(이상·이하·초과),월간,월간,공식값 1개,공식값과 기준값의 부등호 판정,단순 좌표,기사 수치 없음,KOSIS 공식 API,묶음 실행 가능,공식 좌표 1개·공식값·공표정보를 확보하고 허용오차/부등호로 판정,A00555_23,월초 일평균 수출액 기준으로 2023년 9월(-14.5%) 이후 최대 감소폭이다.,HOLD,NO_HARD_GUARD_CANDIDATE,직접값 확인,직접값 확인,2025-02-12,수출액,14.5,%,2023-09,M,KOSIS 정규 통계표,필수 조건 검사,기간·단위·지역 등 필수 조건을 모두 만족하는 공식 통계표 후보가 없음,공식값 1개 직접 비교,calculation=THRESHOLD | 세부문제유형=HARD_GUARD_ALIAS | 최신결과사유=NO_HARD_GUARD_CANDIDATE,12개 슬롯 + 통합 원장 진단 규칙,확정,A00555,23,,,,,,THRESHOLD,"{""direction"": ""DECREASE"", ""operator"": ""MAX""}",,UNDETERMINED,HARD_GUARD_ALIAS,NO_HARD_GUARD_CANDIDATE,,,,,,,,,,,3,2023년 | 9월 | -14.5%,"[{""mention_id"":""n1"",""expression"":""2023년"",""start"":16,""end"":21,""context"":""월초 일평균 수출액 기준으로 2023년 9월(-14.5%) 이후 최대 감소폭이다."",""role_status"":""미분류""},{""mention_id"":""n2"",""expression"":""9월"",""start"":22,""end"":24,""context"":""월초 일평균 수출액 기준으로 2023년 9월(-14.5%) 이후 최대 감소폭이다."",""role_status"":""미분류""},{""mention_id"":""n3"",""expression"":""-14.5%"",""start"":25,""end"":31,""context"":""초 일평균 수출액 기준으로 2023년 9월(-14.5%) 이후 최대 감소폭이다."",""role_status"":""미분류""}]",[],COMPLETE
2,D2 기준값·단순 좌표,기준값 판정(이상·이하·초과),월간,월간,공식값 1개,공식값과 기준값의 부등호 판정,단순 좌표,기사 수치 없음,KOSIS 공식 API,묶음 실행 가능,공식 좌표 1개·공식값·공표정보를 확보하고 허용오차/부등호로 판정,A00579_1,지난달 15세 이상 취업자 수가 13만5000명 늘어난 것으로 나타났다.,HOLD,KOSIS_METADATA_UNAVAILABLE,직접값 확인,직접값 확인,2025-02-14,취업자 수,135000,명,2025-01,M,KOSIS 정규 통계표,KOSIS 공식 구조 확인,KOSIS 표의 항목·기간·분류 구조 조회를 완료하지 못함,공식값 1개 직접 비교,calculation=THRESHOLD | 세부문제유형=OFFICIAL_METADATA_LOOKUP | 최신결과사유=KOSIS_METADATA_UNAVAILABLE,12개 슬롯 + 통합 원장 진단 규칙,확정,A00579,1,,,,,,THRESHOLD,"{""direction"": ""INCREASE"", ""operator"": ""GTE""}",,UNDETERMINED,OFFICIAL_METADATA_LOOKUP,KOSIS_METADATA_UNAVAILABLE,,,,,,,,,,,2,15세 | 13만5000명,"[{""mention_id"":""n1"",""expression"":""15세"",""start"":4,""end"":7,""context"":""지난달 15세 이상 취업자 수가 13만5000명 늘어난 "",""role_status"":""미분류""},{""mention_id"":""n2"",""expression"":""13만5000명"",""start"":18,""end"":26,""context"":""지난달 15세 이상 취업자 수가 13만5000명 늘어난 것으로 나타났다."",""role_status"":""미분류""}]",[],COMPLETE
2,D2 기준값·단순 좌표,기준값 판정(이상·이하·초과),연간,연간,공식값 1개,공식값과 기준값의 부등호 판정,단순 좌표,수치 1개,KOSIS 공식 API,묶음 실행 가능,공식 좌표 1개·공식값·공표정보를 확보하고 허용오차/부등호로 판정,A00622_3,작년 수입액은 직전 최대치였던 2018년(13억3200만달러)보다도 8.6% 많다.,HOLD,CALCULATION_EVIDENCE_PLAN_UNRESOLVED,직접값 확인,직접값 확인,2025-02-17,수입액,1332000000,달러,2018,Y,KOSIS 정규 통계표,공식값 좌표 확정,계산에 필요한 비교 기간 또는 공식값 묶음을 구성하지 못함,공식값 1개 직접 비교,calculation=THRESHOLD | 세부문제유형=CALCULATION_RECORD_HISTORY | 최신결과사유=CALCULATION_EVIDENCE_PLAN_UNRESOLVED,12개 슬롯 + 통합 원장 진단 규칙,확정,A00622,3,,,,,"{""claimed_operands"": ""[{'raw': '8.6%', 'value': 8.6, 'unit': '%'}]""}",THRESHOLD,"{""operator"": ""MAX""}",,UNDETERMINED,CALCULATION_RECORD_HISTORY,CALCULATION_EVIDENCE_PLAN_UNRESOLVED,,,,,,,,,,,3,2018년 | 13억3200만달러 | 8.6%,"[{""mention_id"":""n1"",""expression"":""2018년"",""start"":17,""end"":22,""context"":""작년 수입액은 직전 최대치였던 2018년(13억3200만달러)보다도 8.6% 많다."",""role_status"":""미분류""},{""mention_id"":""n2"",""expression"":""13억3200만달러"",""start"":23,""end"":33,""context"":""작년 수입액은 직전 최대치였던 2018년(13억3200만달러)보다도 8.6% 많다."",""role_status"":""미분류""},{""mention_id"":""n3"",""expression"":""8.6%"",""start"":38,""end"":42,""context"":""였던 2018년(13억3200만달러)보다도 8.6% 많다."",""role_status"":""미분류""}]",[],COMPLETE
2,D2 기준값·단순 좌표,기준값 판정(이상·이하·초과),연간,연간,공식값 1개,공식값과 기준값의 부등호 판정,단순 좌표,수치 5개,KOSIS 공식 API,묶음 실행 가능,공식 좌표 1개·공식값·공표정보를 확보하고 허용오차/부등호로 판정,A00708_7,가령 24% 세율이 적용되는 과표 구간은 ‘5000만원 초과 8800만원 이하’인데 작년 소비자물가 지수(114)가 2020년(100)보다 14% 오른 것을 감안해 ‘5700만원 초과 1억원 이하’로 높이자는 것이다.,HOLD,KOSIS_METADATA_UNAVAILABLE,직접값 확인,직접값 확인,2025-02-24,소비자물가 상승률,50000000,원,2020,Y,KOSIS 정규 통계표,KOSIS 공식 구조 확인,KOSIS 표의 항목·기간·분류 구조 조회를 완료하지 못함,공식값 1개 직접 비교,calculation=THRESHOLD | 세부문제유형=OFFICIAL_METADATA_LOOKUP | 최신결과사유=KOSIS_METADATA_UNAVAILABLE,12개 슬롯 + 통합 원장 진단 규칙,확정,A00708,7,,,,,"{""claimed_operands"": ""[{'raw': '24%', 'value': 24.0, 'unit': '%'}, {'raw': '8800만원', 'value': 88000000.0, 'unit': '원'}, {'raw': '14%', 'value': 14.0, 'unit': '%'}, {'raw': '5700만원', 'value': 57000000.0, 'unit': '원'}, {'raw': '1억원', 'value': 100000000.0, 'unit': '원'}]""}",THRESHOLD,"{""operator"": ""LTE""}",,UNDETERMINED,OFFICIAL_METADATA_LOOKUP,KOSIS_METADATA_UNAVAILABLE,,,,,,,,,,,9,24% | 5000만원 | 8800만원 | 114 | 2020년 | 100 | 14% | 5700만원 | 1억원,"[{""mention_id"":""n1"",""expression"":""24%"",""start"":3,""end"":6,""context"":""가령 24% 세율이 적용되는 과표 구간은 ‘5000만원"",""role_status"":""미분류""},{""mention_id"":""n2"",""expression"":""5000만원"",""start"":24,""end"":30,""context"":""가령 24% 세율이 적용되는 과표 구간은 ‘5000만원 초과 8800만원 이하’인데 작년 소비자물"",""role_status"":""미분류""},{""mention_id"":""n3"",""expression"":""8800만원"",""start"":34,""end"":40,""context"":"" 적용되는 과표 구간은 ‘5000만원 초과 8800만원 이하’인데 작년 소비자물가 지수(114)가"",""role_status"":""미분류""},{""mention_id"":""n4"",""expression"":""114"",""start"":59,""end"":62,""context"":""800만원 이하’인데 작년 소비자물가 지수(114)가 2020년(100)보다 14% 오른 것"",""role_status"":""미분류""},{""mention_id"":""n5"",""expression"":""2020년"",""start"":65,""end"":70,""context"":""이하’인데 작년 소비자물가 지수(114)가 2020년(100)보다 14% 오른 것을 감안해 ‘5"",""role_status"":""미분류""},{""mention_id"":""n6"",""expression"":""100"",""start"":71,""end"":74,""context"":""작년 소비자물가 지수(114)가 2020년(100)보다 14% 오른 것을 감안해 ‘5700만"",""role_status"":""미분류""},{""mention_id"":""n7"",""expression"":""14%"",""start"":78,""end"":81,""context"":""가 지수(114)가 2020년(100)보다 14% 오른 것을 감안해 ‘5700만원 초과 1억"",""role_status"":""미분류""},{""mention_id"":""n8"",""expression"":""5700만원"",""start"":93,""end"":99,""context"":""년(100)보다 14% 오른 것을 감안해 ‘5700만원 초과 1억원 이하’로 높이자는 것이다."",""role_status"":""미분류""},{""mention_id"":""n9"",""expression"":""1억원"",""start"":103,""end"":106,""context"":""4% 오른 것을 감안해 ‘5700만원 초과 1억원 이하’로 높이자는 것이다."",""role_status"":""미분류""}]",[],COMPLETE
2,D2 기준값·단순 좌표,기준값 판정(이상·이하·초과),연간,연간,공식값 1개,공식값과 기준값의 부등호 판정,단순 좌표,기사 수치 없음,KOSIS 공식 API,묶음 실행 가능,공식 좌표 1개·공식값·공표정보를 확보하고 허용오차/부등호로 판정,A00709_11,◇15년 뒤 생산연령인구 3000만명 아래로 하지만 올해부터는 90년대 초반생들도 이미 30세를 넘어 대부분 노동시장에 진출한 상태다.,HOLD,NO_EVIDENCE_COORDINATE_CANDIDATE,직접값 확인,직접값 확인,2025-02-24,총인구,30000000,명,2025,Y,KOSIS 정규 통계표,필수 조건 검사,공식 구조는 확인했지만 실제 값을 조회할 좌표를 확정하지 못함,공식값 1개 직접 비교,calculation=THRESHOLD | 세부문제유형=COORDINATE_GENERAL | 최신결과사유=NO_EVIDENCE_COORDINATE_CANDIDATE,12개 슬롯 + 통합 원장 진단 규칙,확정,A00709,11,,,,,,THRESHOLD,"{""operator"": ""GT""}",,UNDETERMINED,COORDINATE_GENERAL,NO_EVIDENCE_COORDINATE_CANDIDATE,,,,,,,,,,,4,15년 | 3000만명 | 90년 | 30세,"[{""mention_id"":""n1"",""expression"":""15년"",""start"":1,""end"":4,""context"":""◇15년 뒤 생산연령인구 3000만명 아래로 하지만"",""role_status"":""미분류""},{""mention_id"":""n2"",""expression"":""3000만명"",""start"":14,""end"":20,""context"":""◇15년 뒤 생산연령인구 3000만명 아래로 하지만 올해부터는 90년대 초반생들"",""role_status"":""미분류""},{""mention_id"":""n3"",""expression"":""90년"",""start"":35,""end"":38,""context"":""인구 3000만명 아래로 하지만 올해부터는 90년대 초반생들도 이미 30세를 넘어 대부분 노"",""role_status"":""미분류""},{""mention_id"":""n4"",""expression"":""30세"",""start"":49,""end"":52,""context"":""하지만 올해부터는 90년대 초반생들도 이미 30세를 넘어 대부분 노동시장에 진출한 상태다."",""role_status"":""미분류""}]",[],COMPLETE
2,D2 기준값·단순 좌표,기준값 판정(이상·이하·초과),연간,연간,공식값 1개,공식값과 기준값의 부등호 판정,단순 좌표,기사 수치 없음,KOSIS 공식 API,묶음 실행 가능,공식 좌표 1개·공식값·공표정보를 확보하고 허용오차/부등호로 판정,A00837_4,2020년에는 코로나 팬데믹 충격으로 성장률이 9%쯤 뒷걸음질한 이탈리아를 넘어서기도 했다.,HOLD,NO_EVIDENCE_COORDINATE_CANDIDATE,직접값 확인,직접값 확인,2025-03-06,경제성장률,9,%,2020,Y,KOSIS 정규 통계표,필수 조건 검사,공식 구조는 확인했지만 실제 값을 조회할 좌표를 확정하지 못함,공식값 1개 직접 비교,calculation=THRESHOLD | 세부문제유형=COORDINATE_GENERAL | 최신결과사유=NO_EVIDENCE_COORDINATE_CANDIDATE,12개 슬롯 + 통합 원장 진단 규칙,확정,A00837,4,,,,,,THRESHOLD,"{""operator"": ""GT""}",,UNDETERMINED,COORDINATE_GENERAL,NO_EVIDENCE_COORDINATE_CANDIDATE,,,,,,,,,,,2,2020년 | 9%,"[{""mention_id"":""n1"",""expression"":""2020년"",""start"":0,""end"":5,""context"":""2020년에는 코로나 팬데믹 충격으로 성장률이 9%쯤"",""role_status"":""미분류""},{""mention_id"":""n2"",""expression"":""9%"",""start"":26,""end"":28,""context"":""20년에는 코로나 팬데믹 충격으로 성장률이 9%쯤 뒷걸음질한 이탈리아를 넘어서기도 했다."",""role_status"":""미분류""}]",[],COMPLETE
2,D2 기준값·단순 좌표,기준값 판정(이상·이하·초과),월간,월간,공식값 1개,공식값과 기준값의 부등호 판정,단순 좌표,수치 2개,KOSIS 공식 API,묶음 실행 가능,공식 좌표 1개·공식값·공표정보를 확보하고 허용오차/부등호로 판정,A00840_16,"지난달 가공식품 물가는 전년 동월 대비 2.9% 올랐는데, 지난해 1월(3.2%) 이후 13개월 만에 최대 상승폭이다.",HOLD,NO_EVIDENCE_COORDINATE_CANDIDATE,직접값 확인,직접값 확인,2025-03-06,물가상승률,3.2,%,2024-01,M,KOSIS 정규 통계표,필수 조건 검사,공식 구조는 확인했지만 실제 값을 조회할 좌표를 확정하지 못함,공식값 1개 직접 비교,calculation=THRESHOLD | 세부문제유형=COORDINATE_GENERAL | 최신결과사유=NO_EVIDENCE_COORDINATE_CANDIDATE,12개 슬롯 + 통합 원장 진단 규칙,확정,A00840,16,,,,,"{""claimed_operands"": ""[{'raw': '2.9%', 'value': 2.9, 'unit': '%'}, {'raw': '13개', 'value': 13.0, 'unit': '개'}]""}",THRESHOLD,"{""direction"": ""INCREASE"", ""operator"": ""MAX""}",,UNDETERMINED,COORDINATE_GENERAL,NO_EVIDENCE_COORDINATE_CANDIDATE,,,,,,,,,,,4,2.9% | 1월 | 3.2% | 13개월,"[{""mention_id"":""n1"",""expression"":""2.9%"",""start"":22,""end"":26,""context"":""지난달 가공식품 물가는 전년 동월 대비 2.9% 올랐는데, 지난해 1월(3.2%) 이후 1"",""role_status"":""미분류""},{""mention_id"":""n2"",""expression"":""1월"",""start"":37,""end"":39,""context"":""전년 동월 대비 2.9% 올랐는데, 지난해 1월(3.2%) 이후 13개월 만에 최대 상승폭"",""role_status"":""미분류""},{""mention_id"":""n3"",""expression"":""3.2%"",""start"":40,""end"":44,""context"":""동월 대비 2.9% 올랐는데, 지난해 1월(3.2%) 이후 13개월 만에 최대 상승폭이다."",""role_status"":""미분류""},{""mention_id"":""n4"",""expression"":""13개월"",""start"":49,""end"":53,""context"":""% 올랐는데, 지난해 1월(3.2%) 이후 13개월 만에 최대 상승폭이다."",""role_status"":""미분류""}]",[],COMPLETE
2,D2 기준값·단순 좌표,기준값 판정(이상·이하·초과),월간,월간,공식값 1개,공식값과 기준값의 부등호 판정,단순 좌표,수치 2개,KOSIS 공식 API,묶음 실행 가능,공식 좌표 1개·공식값·공표정보를 확보하고 허용오차/부등호로 판정,A00840_17,"마찬가지로 지난달 외식 물가는 전년 동월 대비 3% 상승했는데, 지난해 6월(3%) 이후 8개월 만에 최대 상승폭이다.",HOLD,NO_EVIDENCE_COORDINATE_CANDIDATE,직접값 확인,직접값 확인,2025-03-06,물가상승률,3,%,2024-06,M,KOSIS 정규 통계표,필수 조건 검사,공식 구조는 확인했지만 실제 값을 조회할 좌표를 확정하지 못함,공식값 1개 직접 비교,calculation=THRESHOLD | 세부문제유형=COORDINATE_GENERAL | 최신결과사유=NO_EVIDENCE_COORDINATE_CANDIDATE,12개 슬롯 + 통합 원장 진단 규칙,확정,A00840,17,,,,,"{""claimed_operands"": ""[{'raw': '3%', 'value': 3.0, 'unit': '%'}, {'raw': '8개', 'value': 8.0, 'unit': '개'}]""}",THRESHOLD,"{""direction"": ""INCREASE"", ""operator"": ""MAX""}",,UNDETERMINED,COORDINATE_GENERAL,NO_EVIDENCE_COORDINATE_CANDIDATE,,,,,,,,,,,4,3% | 6월 | 3% | 8개월,"[{""mention_id"":""n1"",""expression"":""3%"",""start"":26,""end"":28,""context"":""가지로 지난달 외식 물가는 전년 동월 대비 3% 상승했는데, 지난해 6월(3%) 이후 8개"",""role_status"":""미분류""},{""mention_id"":""n2"",""expression"":""6월"",""start"":40,""end"":42,""context"":"" 전년 동월 대비 3% 상승했는데, 지난해 6월(3%) 이후 8개월 만에 최대 상승폭이다."",""role_status"":""미분류""},{""mention_id"":""n3"",""expression"":""3%"",""start"":43,""end"":45,""context"":"" 동월 대비 3% 상승했는데, 지난해 6월(3%) 이후 8개월 만에 최대 상승폭이다."",""role_status"":""미분류""},{""mention_id"":""n4"",""expression"":""8개월"",""start"":50,""end"":53,""context"":""3% 상승했는데, 지난해 6월(3%) 이후 8개월 만에 최대 상승폭이다."",""role_status"":""미분류""}]",[],COMPLETE
2,D2 기준값·단순 좌표,기준값 판정(이상·이하·초과),연간,연간,공식값 1개,공식값과 기준값의 부등호 판정,단순 좌표,수치 3개,KOSIS 공식 API,묶음 실행 가능,공식 좌표 1개·공식값·공표정보를 확보하고 허용오차/부등호로 판정,A00849_11,"작년 1억원 이상 수입차에서 가장 인기 있는 모델 5개 중 SUV가 3개, 세단은 1개였다.",HOLD,NO_EVIDENCE_COORDINATE_CANDIDATE,직접값 확인,직접값 확인,2025-03-07,수입액,100000000,원,2024,Y,KOSIS 정규 통계표,필수 조건 검사,공식 구조는 확인했지만 실제 값을 조회할 좌표를 확정하지 못함,공식값 1개 직접 비교,calculation=THRESHOLD | 세부문제유형=COORDINATE_GENERAL | 최신결과사유=NO_EVIDENCE_COORDINATE_CANDIDATE,12개 슬롯 + 통합 원장 진단 규칙,확정,A00849,11,,,,,"{""claimed_operands"": ""[{'raw': '5개', 'value': 5.0, 'unit': '개'}, {'raw': '3개', 'value': 3.0, 'unit': '개'}, {'raw': '1개', 'value': 1.0, 'unit': '개'}]""}",THRESHOLD,"{""operator"": ""GTE""}",,UNDETERMINED,COORDINATE_GENERAL,NO_EVIDENCE_COORDINATE_CANDIDATE,,,,,,,,,,,4,1억원 | 5개 | 3개 | 1개,"[{""mention_id"":""n1"",""expression"":""1억원"",""start"":3,""end"":6,""context"":""작년 1억원 이상 수입차에서 가장 인기 있는 모델 5개"",""role_status"":""미분류""},{""mention_id"":""n2"",""expression"":""5개"",""start"":28,""end"":30,""context"":""억원 이상 수입차에서 가장 인기 있는 모델 5개 중 SUV가 3개, 세단은 1개였다."",""role_status"":""미분류""},{""mention_id"":""n3"",""expression"":""3개"",""start"":38,""end"":40,""context"":""서 가장 인기 있는 모델 5개 중 SUV가 3개, 세단은 1개였다."",""role_status"":""미분류""},{""mention_id"":""n4"",""expression"":""1개"",""start"":46,""end"":48,""context"":""있는 모델 5개 중 SUV가 3개, 세단은 1개였다."",""role_status"":""미분류""}]",[],COMPLETE
2,D2 기준값·단순 좌표,기준값 판정(이상·이하·초과),월간,월간,공식값 1개,공식값과 기준값의 부등호 판정,단순 좌표,수치 1개,KOSIS 공식 API,묶음 실행 가능,공식 좌표 1개·공식값·공표정보를 확보하고 허용오차/부등호로 판정,A00922_27,"다만, 지난달 15세 이상 전체 취업자는 2817만9000명으로 전년 같은 달보다 13만6000명 늘었다.",HOLD,KOSIS_METADATA_UNAVAILABLE,직접값 확인,직접값 확인,2025-03-12,취업자 수,28179000,명,2025-02,M,KOSIS 정규 통계표,KOSIS 공식 구조 확인,KOSIS 표의 항목·기간·분류 구조 조회를 완료하지 못함,공식값 1개 직접 비교,calculation=THRESHOLD | 세부문제유형=OFFICIAL_METADATA_LOOKUP | 최신결과사유=KOSIS_METADATA_UNAVAILABLE,12개 슬롯 + 통합 원장 진단 규칙,확정,A00922,27,,,,,"{""claimed_operands"": ""[{'raw': '13만6000명', 'value': 136000.0, 'unit': '명'}]""}",THRESHOLD,"{""operator"": ""GTE""}",,UNDETERMINED,OFFICIAL_METADATA_LOOKUP,KOSIS_METADATA_UNAVAILABLE,,,,,,,,,,,3,15세 | 2817만9000명 | 13만6000명,"[{""mention_id"":""n1"",""expression"":""15세"",""start"":8,""end"":11,""context"":""다만, 지난달 15세 이상 전체 취업자는 2817만9000명으로"",""role_status"":""미분류""},{""mention_id"":""n2"",""expression"":""2817만9000명"",""start"":23,""end"":33,""context"":""다만, 지난달 15세 이상 전체 취업자는 2817만9000명으로 전년 같은 달보다 13만6000명 늘었"",""role_status"":""미분류""},{""mention_id"":""n3"",""expression"":""13만6000명"",""start"":46,""end"":54,""context"":"" 2817만9000명으로 전년 같은 달보다 13만6000명 늘었다."",""role_status"":""미분류""}]",[],COMPLETE
2,D2 기준값·단순 좌표,기준값 판정(이상·이하·초과),연간,연간,공식값 1개,공식값과 기준값의 부등호 판정,단순 좌표,기사 수치 없음,KOSIS 공식 API,묶음 실행 가능,공식 좌표 1개·공식값·공표정보를 확보하고 허용오차/부등호로 판정,A00922_29,60세 이상이 전년 같은 달 대비 34만2000명 늘어나며 전체 취업자 증가세를 이끌었다.,HOLD,KOSIS_METADATA_UNAVAILABLE,직접값 확인,직접값 확인,2025-03-12,취업자 수,342000,명,2025,Y,KOSIS 정규 통계표,KOSIS 공식 구조 확인,KOSIS 표의 항목·기간·분류 구조 조회를 완료하지 못함,공식값 1개 직접 비교,calculation=THRESHOLD | 세부문제유형=OFFICIAL_METADATA_LOOKUP | 최신결과사유=KOSIS_METADATA_UNAVAILABLE,12개 슬롯 + 통합 원장 진단 규칙,확정,A00922,29,,,,,,THRESHOLD,"{""direction"": ""INCREASE"", ""operator"": ""GTE""}",,UNDETERMINED,OFFICIAL_METADATA_LOOKUP,KOSIS_METADATA_UNAVAILABLE,,,,,,,,,,,2,60세 | 34만2000명,"[{""mention_id"":""n1"",""expression"":""60세"",""start"":0,""end"":3,""context"":""60세 이상이 전년 같은 달 대비 34만2000명"",""role_status"":""미분류""},{""mention_id"":""n2"",""expression"":""34만2000명"",""start"":19,""end"":27,""context"":""60세 이상이 전년 같은 달 대비 34만2000명 늘어나며 전체 취업자 증가세를 이끌었다."",""role_status"":""미분류""}]",[],COMPLETE
2,D2 기준값·단순 좌표,기준값 판정(이상·이하·초과),연간,연간,공식값 1개,공식값과 기준값의 부등호 판정,단순 좌표,수치 2개,KOSIS 공식 API,묶음 실행 가능,공식 좌표 1개·공식값·공표정보를 확보하고 허용오차/부등호로 판정,A01103_18,"◇수입차 최대 수준 보조금 2025년형 ID.4의 가격은 ID.4 Pro Lite가 5299만원, ID.4 Pro가 5999만원으로 9만원 인상에 그쳤다.",HOLD,NO_EVIDENCE_COORDINATE_CANDIDATE,직접값 확인,직접값 확인,2025-03-26,수입액,52990000,원,2025,Y,KOSIS 정규 통계표,필수 조건 검사,공식 구조는 확인했지만 실제 값을 조회할 좌표를 확정하지 못함,공식값 1개 직접 비교,calculation=THRESHOLD | 세부문제유형=COORDINATE_GENERAL | 최신결과사유=NO_EVIDENCE_COORDINATE_CANDIDATE,12개 슬롯 + 통합 원장 진단 규칙,확정,A01103,18,,,,,"{""claimed_operands"": ""[{'raw': '5999만원', 'value': 59990000.0, 'unit': '원'}, {'raw': '9만원', 'value': 90000.0, 'unit': '원'}]""}",THRESHOLD,"{""operator"": ""MAX""}",,UNDETERMINED,COORDINATE_GENERAL,NO_EVIDENCE_COORDINATE_CANDIDATE,,,,,,,,,,,7,2025년 | 4 | 4 | 5299만원 | 4 | 5999만원 | 9만원,"[{""mention_id"":""n1"",""expression"":""2025년"",""start"":15,""end"":20,""context"":""◇수입차 최대 수준 보조금 2025년형 ID.4의 가격은 ID.4 Pro Lit"",""role_status"":""미분류""},{""mention_id"":""n2"",""expression"":""4"",""start"":25,""end"":26,""context"":""수입차 최대 수준 보조금 2025년형 ID.4의 가격은 ID.4 Pro Lite가 529"",""role_status"":""미분류""},{""mention_id"":""n3"",""expression"":""4"",""start"":35,""end"":36,""context"":""보조금 2025년형 ID.4의 가격은 ID.4 Pro Lite가 5299만원, ID.4 "",""role_status"":""미분류""},{""mention_id"":""n4"",""expression"":""5299만원"",""start"":47,""end"":53,""context"":""D.4의 가격은 ID.4 Pro Lite가 5299만원, ID.4 Pro가 5999만원으로 9만원"",""role_status"":""미분류""},{""mention_id"":""n5"",""expression"":""4"",""start"":58,""end"":59,""context"":"".4 Pro Lite가 5299만원, ID.4 Pro가 5999만원으로 9만원 인상에 그"",""role_status"":""미분류""},{""mention_id"":""n6"",""expression"":""5999만원"",""start"":65,""end"":71,""context"":""Lite가 5299만원, ID.4 Pro가 5999만원으로 9만원 인상에 그쳤다."",""role_status"":""미분류""},{""mention_id"":""n7"",""expression"":""9만원"",""start"":74,""end"":77,""context"":""9만원, ID.4 Pro가 5999만원으로 9만원 인상에 그쳤다."",""role_status"":""미분류""}]",[],COMPLETE
2,D2 기준값·단순 좌표,기준값 판정(이상·이하·초과),월간,월간,공식값 1개,공식값과 기준값의 부등호 판정,단순 좌표,수치 2개,KOSIS 공식 API,묶음 실행 가능,공식 좌표 1개·공식값·공표정보를 확보하고 허용오차/부등호로 판정,A01190_9,"지난달 가공식품 물가는 전년 동월 대비 3.6% 올랐는데, 지난해 1월(3.2%) 이후 14개월 만에 최대 증가폭이다.",HOLD,KOSIS_METADATA_UNAVAILABLE,직접값 확인,직접값 확인,2025-04-02,물가상승률,3.2,%,2024-01,M,KOSIS 정규 통계표,KOSIS 공식 구조 확인,KOSIS 표의 항목·기간·분류 구조 조회를 완료하지 못함,공식값 1개 직접 비교,calculation=THRESHOLD | 세부문제유형=OFFICIAL_METADATA_LOOKUP | 최신결과사유=KOSIS_METADATA_UNAVAILABLE,12개 슬롯 + 통합 원장 진단 규칙,확정,A01190,9,,,,,"{""claimed_operands"": ""[{'raw': '3.6%', 'value': 3.6, 'unit': '%'}, {'raw': '14개', 'value': 14.0, 'unit': '개'}]""}",THRESHOLD,"{""direction"": ""INCREASE"", ""operator"": ""MAX""}",,UNDETERMINED,OFFICIAL_METADATA_LOOKUP,KOSIS_METADATA_UNAVAILABLE,,,,,,,,,,,4,3.6% | 1월 | 3.2% | 14개월,"[{""mention_id"":""n1"",""expression"":""3.6%"",""start"":22,""end"":26,""context"":""지난달 가공식품 물가는 전년 동월 대비 3.6% 올랐는데, 지난해 1월(3.2%) 이후 1"",""role_status"":""미분류""},{""mention_id"":""n2"",""expression"":""1월"",""start"":37,""end"":39,""context"":""전년 동월 대비 3.6% 올랐는데, 지난해 1월(3.2%) 이후 14개월 만에 최대 증가폭"",""role_status"":""미분류""},{""mention_id"":""n3"",""expression"":""3.2%"",""start"":40,""end"":44,""context"":""동월 대비 3.6% 올랐는데, 지난해 1월(3.2%) 이후 14개월 만에 최대 증가폭이다."",""role_status"":""미분류""},{""mention_id"":""n4"",""expression"":""14개월"",""start"":49,""end"":53,""context"":""% 올랐는데, 지난해 1월(3.2%) 이후 14개월 만에 최대 증가폭이다."",""role_status"":""미분류""}]",[],COMPLETE
2,D2 기준값·단순 좌표,기준값 판정(이상·이하·초과),연간,연간,공식값 1개,공식값과 기준값의 부등호 판정,단순 좌표,기사 수치 없음,KOSIS 공식 API,묶음 실행 가능,공식 좌표 1개·공식값·공표정보를 확보하고 허용오차/부등호로 판정,A01388_4,1분기 기준으로는 2008년(377만8000톤) 이후 17년 만에 최대 수입량이다.,HOLD,NO_HARD_GUARD_CANDIDATE,직접값 확인,직접값 확인,2025-04-17,수입량,3778000,톤,2008,Y,KOSIS 정규 통계표,필수 조건 검사,기간·단위·지역 등 필수 조건을 모두 만족하는 공식 통계표 후보가 없음,공식값 1개 직접 비교,calculation=THRESHOLD | 세부문제유형=HARD_GUARD_ALIAS | 최신결과사유=NO_HARD_GUARD_CANDIDATE,12개 슬롯 + 통합 원장 진단 규칙,확정,A01388,4,,,,,,THRESHOLD,"{""operator"": ""MAX""}",,UNDETERMINED,HARD_GUARD_ALIAS,NO_HARD_GUARD_CANDIDATE,,,,,,,,,,,4,1분기 | 2008년 | 377만8000톤 | 17년,"[{""mention_id"":""n1"",""expression"":""1분기"",""start"":0,""end"":3,""context"":""1분기 기준으로는 2008년(377만8000톤) "",""role_status"":""미분류""},{""mention_id"":""n2"",""expression"":""2008년"",""start"":10,""end"":15,""context"":""1분기 기준으로는 2008년(377만8000톤) 이후 17년 만에 최대"",""role_status"":""미분류""},{""mention_id"":""n3"",""expression"":""377만8000톤"",""start"":16,""end"":25,""context"":""1분기 기준으로는 2008년(377만8000톤) 이후 17년 만에 최대 수입량이다."",""role_status"":""미분류""},{""mention_id"":""n4"",""expression"":""17년"",""start"":30,""end"":33,""context"":""으로는 2008년(377만8000톤) 이후 17년 만에 최대 수입량이다."",""role_status"":""미분류""}]",[],COMPLETE
2,D2 기준값·단순 좌표,기준값 판정(이상·이하·초과),연간,연간,공식값 1개,공식값과 기준값의 부등호 판정,단순 좌표,수치 1개,KOSIS 공식 API,묶음 실행 가능,공식 좌표 1개·공식값·공표정보를 확보하고 허용오차/부등호로 판정,A01489_17,김상봉 한성대 경제학과 교수는 “상호 관세 적용 시 연간 성장률이 최대 0.9%포인트까지 내려갈 수 있다”며 “올해 우리 경제 성장률이 1%를 하회할 가능성이 크다”고 했다.,HOLD,NO_EVIDENCE_COORDINATE_CANDIDATE,직접값 확인,직접값 확인,2025-04-25,경제성장률,0.9,%p,2025,Y,KOSIS 정규 통계표,필수 조건 검사,공식 구조는 확인했지만 실제 값을 조회할 좌표를 확정하지 못함,공식값 1개 직접 비교,calculation=THRESHOLD | 세부문제유형=COORDINATE_GENERAL | 최신결과사유=NO_EVIDENCE_COORDINATE_CANDIDATE,12개 슬롯 + 통합 원장 진단 규칙,확정,A01489,17,,,,,"{""claimed_operands"": ""[{'raw': '1%', 'value': 1.0, 'unit': '%'}]""}",THRESHOLD,"{""operator"": ""MAX""}",,UNDETERMINED,COORDINATE_GENERAL,NO_EVIDENCE_COORDINATE_CANDIDATE,,,,,,,,,,,2,0.9%포인트 | 1%,"[{""mention_id"":""n1"",""expression"":""0.9%포인트"",""start"":40,""end"":47,""context"":"" “상호 관세 적용 시 연간 성장률이 최대 0.9%포인트까지 내려갈 수 있다”며 “올해 우리 경제 "",""role_status"":""미분류""},{""mention_id"":""n2"",""expression"":""1%"",""start"":76,""end"":78,""context"":""갈 수 있다”며 “올해 우리 경제 성장률이 1%를 하회할 가능성이 크다”고 했다."",""role_status"":""미분류""}]",[],COMPLETE
2,D2 기준값·단순 좌표,기준값 판정(이상·이하·초과),연간,연간,공식값 1개,공식값과 기준값의 부등호 판정,단순 좌표,수치 2개,KOSIS 공식 API,묶음 실행 가능,공식 좌표 1개·공식값·공표정보를 확보하고 허용오차/부등호로 판정,A01565_13,올해 두나무를 포함해 자산총액이 11조6000억원(최근 명목 GDP 확정치의 0.5%) 이상인 기업집단 46곳이 상호출자제한기업집단으로 지정됐다.,HOLD,NO_HARD_GUARD_CANDIDATE,직접값 확인,직접값 확인,2025-05-01,GDP,11600000000000,원,2025,Y,KOSIS 정규 통계표,필수 조건 검사,기간·단위·지역 등 필수 조건을 모두 만족하는 공식 통계표 후보가 없음,공식값 1개 직접 비교,calculation=THRESHOLD | 세부문제유형=HARD_GUARD_ALIAS | 최신결과사유=NO_HARD_GUARD_CANDIDATE,12개 슬롯 + 통합 원장 진단 규칙,확정,A01565,13,,,,,"{""claimed_operands"": ""[{'raw': '0.5%', 'value': 0.5, 'unit': '%'}, {'raw': '46곳', 'value': 46.0, 'unit': '곳'}]""}",THRESHOLD,"{""operator"": ""GTE""}",,UNDETERMINED,HARD_GUARD_ALIAS,NO_HARD_GUARD_CANDIDATE,,,,,,,,,,,3,11조6000억원 | 0.5% | 46곳,"[{""mention_id"":""n1"",""expression"":""11조6000억원"",""start"":18,""end"":27,""context"":""올해 두나무를 포함해 자산총액이 11조6000억원(최근 명목 GDP 확정치의 0.5%) 이상"",""role_status"":""미분류""},{""mention_id"":""n2"",""expression"":""0.5%"",""start"":43,""end"":47,""context"":""1조6000억원(최근 명목 GDP 확정치의 0.5%) 이상인 기업집단 46곳이 상호출자제한기업"",""role_status"":""미분류""},{""mention_id"":""n3"",""expression"":""46곳"",""start"":58,""end"":61,""context"":""GDP 확정치의 0.5%) 이상인 기업집단 46곳이 상호출자제한기업집단으로 지정됐다."",""role_status"":""미분류""}]",[],COMPLETE
2,D2 기준값·단순 좌표,기준값 판정(이상·이하·초과),월간,월간,공식값 1개,공식값과 기준값의 부등호 판정,단순 좌표,수치 4개,KOSIS 공식 API,묶음 실행 가능,공식 좌표 1개·공식값·공표정보를 확보하고 허용오차/부등호로 판정,A01737_12,"코로나 시기였던 지난 2021년 7월(7.2%) 이후 45개월만의 최대치로, 20대 후반 실업률이 7%대에 올라선 것 자체가 2022년 4월(7%) 이후 3년 만이다.",HOLD,AMBIGUOUS_MARGIN,직접값 확인,직접값 확인,2025-05-14,실업률,7.2,%,2021-07,M,KOSIS 정규 통계표,공식값 좌표 확정,공식 통계 후보 간 차이가 작아 하나를 안전하게 선택할 수 없음,공식값 1개 직접 비교,calculation=THRESHOLD | 세부문제유형=SEMANTIC_AMBIGUOUS | 최신결과사유=AMBIGUOUS_MARGIN,12개 슬롯 + 통합 원장 진단 규칙,확정,A01737,12,,,,,"{""claimed_operands"": ""[{'raw': '45개', 'value': 45.0, 'unit': '개'}, {'raw': '20대', 'value': 20.0, 'unit': '대'}, {'raw': '7%', 'value': 7.0, 'unit': '%'}, {'raw': '7%', 'value': 7.0, 'unit': '%'}]""}",THRESHOLD,"{""direction"": ""INCREASE"", ""operator"": ""MAX""}",,UNDETERMINED,SEMANTIC_AMBIGUOUS,AMBIGUOUS_MARGIN,,,,,,,,,,,10,2021년 | 7월 | 7.2% | 45개월 | 20대 | 7% | 2022년 | 4월 | 7% | 3년,"[{""mention_id"":""n1"",""expression"":""2021년"",""start"":12,""end"":17,""context"":""코로나 시기였던 지난 2021년 7월(7.2%) 이후 45개월만의 최대치로"",""role_status"":""미분류""},{""mention_id"":""n2"",""expression"":""7월"",""start"":18,""end"":20,""context"":""코로나 시기였던 지난 2021년 7월(7.2%) 이후 45개월만의 최대치로, 2"",""role_status"":""미분류""},{""mention_id"":""n3"",""expression"":""7.2%"",""start"":21,""end"":25,""context"":""코로나 시기였던 지난 2021년 7월(7.2%) 이후 45개월만의 최대치로, 20대 후반"",""role_status"":""미분류""},{""mention_id"":""n4"",""expression"":""45개월"",""start"":30,""end"":34,""context"":""였던 지난 2021년 7월(7.2%) 이후 45개월만의 최대치로, 20대 후반 실업률이 7%대"",""role_status"":""미분류""},{""mention_id"":""n5"",""expression"":""20대"",""start"":43,""end"":46,""context"":""월(7.2%) 이후 45개월만의 최대치로, 20대 후반 실업률이 7%대에 올라선 것 자체가 "",""role_status"":""미분류""},{""mention_id"":""n6"",""expression"":""7%"",""start"":55,""end"":57,""context"":""5개월만의 최대치로, 20대 후반 실업률이 7%대에 올라선 것 자체가 2022년 4월(7%"",""role_status"":""미분류""},{""mention_id"":""n7"",""expression"":""2022년"",""start"":70,""end"":75,""context"":"" 후반 실업률이 7%대에 올라선 것 자체가 2022년 4월(7%) 이후 3년 만이다."",""role_status"":""미분류""},{""mention_id"":""n8"",""expression"":""4월"",""start"":76,""end"":78,""context"":""률이 7%대에 올라선 것 자체가 2022년 4월(7%) 이후 3년 만이다."",""role_status"":""미분류""},{""mention_id"":""n9"",""expression"":""7%"",""start"":79,""end"":81,""context"":""7%대에 올라선 것 자체가 2022년 4월(7%) 이후 3년 만이다."",""role_status"":""미분류""},{""mention_id"":""n10"",""expression"":""3년"",""start"":86,""end"":88,""context"":""선 것 자체가 2022년 4월(7%) 이후 3년 만이다."",""role_status"":""미분류""}]",[],COMPLETE
2,D2 기준값·단순 좌표,기준값 판정(이상·이하·초과),월간,월간,공식값 1개,공식값과 기준값의 부등호 판정,단순 좌표,수치 1개,KOSIS 공식 API,묶음 실행 가능,공식 좌표 1개·공식값·공표정보를 확보하고 허용오차/부등호로 판정,A01737_4,"14일 통계청이 발표한 ‘2025년 4월 고용동향’에 따르면, 지난달 15세 이상 취업자는 2888만7000명으로 전년 동월 대비 19만4000명 늘었다.",HOLD,KOSIS_METADATA_UNAVAILABLE,직접값 확인,직접값 확인,2025-05-14,취업자 수,28887000,명,2025-04,M,KOSIS 정규 통계표,KOSIS 공식 구조 확인,KOSIS 표의 항목·기간·분류 구조 조회를 완료하지 못함,공식값 1개 직접 비교,calculation=THRESHOLD | 세부문제유형=OFFICIAL_METADATA_LOOKUP | 최신결과사유=KOSIS_METADATA_UNAVAILABLE,12개 슬롯 + 통합 원장 진단 규칙,확정,A01737,4,,,,,"{""claimed_operands"": ""[{'raw': '19만4000명', 'value': 194000.0, 'unit': '명'}]""}",THRESHOLD,"{""operator"": ""GTE""}",통계청,UNDETERMINED,OFFICIAL_METADATA_LOOKUP,KOSIS_METADATA_UNAVAILABLE,,,,,,,,,,,6,14일 | 2025년 | 4월 | 15세 | 2888만7000명 | 19만4000명,"[{""mention_id"":""n1"",""expression"":""14일"",""start"":0,""end"":3,""context"":""14일 통계청이 발표한 ‘2025년 4월 고용동향"",""role_status"":""미분류""},{""mention_id"":""n2"",""expression"":""2025년"",""start"":14,""end"":19,""context"":""14일 통계청이 발표한 ‘2025년 4월 고용동향’에 따르면, 지난달 15세 "",""role_status"":""미분류""},{""mention_id"":""n3"",""expression"":""4월"",""start"":20,""end"":22,""context"":""14일 통계청이 발표한 ‘2025년 4월 고용동향’에 따르면, 지난달 15세 이상 "",""role_status"":""미분류""},{""mention_id"":""n4"",""expression"":""15세"",""start"":39,""end"":42,""context"":""025년 4월 고용동향’에 따르면, 지난달 15세 이상 취업자는 2888만7000명으로 전년"",""role_status"":""미분류""},{""mention_id"":""n5"",""expression"":""2888만7000명"",""start"":51,""end"":61,""context"":""’에 따르면, 지난달 15세 이상 취업자는 2888만7000명으로 전년 동월 대비 19만4000명 늘었다"",""role_status"":""미분류""},{""mention_id"":""n6"",""expression"":""19만4000명"",""start"":73,""end"":81,""context"":""는 2888만7000명으로 전년 동월 대비 19만4000명 늘었다."",""role_status"":""미분류""}]",[],COMPLETE
2,D2 기준값·단순 좌표,기준값 판정(이상·이하·초과),연간,연간,공식값 1개,공식값과 기준값의 부등호 판정,단순 좌표,기사 수치 없음,KOSIS 공식 API,묶음 실행 가능,공식 좌표 1개·공식값·공표정보를 확보하고 허용오차/부등호로 판정,A01752_5,60세 이상 취업자가 많은 보건·사회복지 분야를 중심으로 취업자가 늘면서 올해 1월부터 넉 달째 취업자 증가 폭이 10만명대를 유지했다.,HOLD,KOSIS_METADATA_UNAVAILABLE,직접값 확인,직접값 확인,2025-05-15,취업자 수,100000,명,2025,Y,KOSIS 정규 통계표,KOSIS 공식 구조 확인,KOSIS 표의 항목·기간·분류 구조 조회를 완료하지 못함,공식값 1개 직접 비교,calculation=THRESHOLD | 세부문제유형=OFFICIAL_METADATA_LOOKUP | 최신결과사유=KOSIS_METADATA_UNAVAILABLE,12개 슬롯 + 통합 원장 진단 규칙,확정,A01752,5,,,,,,THRESHOLD,"{""direction"": ""INCREASE"", ""operator"": ""GTE""}",,UNDETERMINED,OFFICIAL_METADATA_LOOKUP,KOSIS_METADATA_UNAVAILABLE,,,,,,,,,,,3,60세 | 1월 | 10만명,"[{""mention_id"":""n1"",""expression"":""60세"",""start"":0,""end"":3,""context"":""60세 이상 취업자가 많은 보건·사회복지 분야를 "",""role_status"":""미분류""},{""mention_id"":""n2"",""expression"":""1월"",""start"":44,""end"":46,""context"":""복지 분야를 중심으로 취업자가 늘면서 올해 1월부터 넉 달째 취업자 증가 폭이 10만명대를"",""role_status"":""미분류""},{""mention_id"":""n3"",""expression"":""10만명"",""start"":64,""end"":68,""context"":"" 올해 1월부터 넉 달째 취업자 증가 폭이 10만명대를 유지했다."",""role_status"":""미분류""}]",[],COMPLETE
2,D2 기준값·단순 좌표,기준값 판정(이상·이하·초과),연간,연간,공식값 1개,공식값과 기준값의 부등호 판정,단순 좌표,수치 2개,KOSIS 공식 API,묶음 실행 가능,공식 좌표 1개·공식값·공표정보를 확보하고 허용오차/부등호로 판정,A01924_10,"3월 출생아 수만 놓고 봐도 2만1041명으로 전년 동월 대비 6.8% 늘었는데, 3월 기준으로 지난 1993년 3월(8.9%) 이후 32년 만에 최대 상승폭이다.",HOLD,NO_EVIDENCE_COORDINATE_CANDIDATE,직접값 확인,직접값 확인,2025-05-28,출생아 수,8.9,%,2025,Y,KOSIS 정규 통계표,필수 조건 검사,공식 구조는 확인했지만 실제 값을 조회할 좌표를 확정하지 못함,공식값 1개 직접 비교,calculation=THRESHOLD | 세부문제유형=COORDINATE_GENERAL | 최신결과사유=NO_EVIDENCE_COORDINATE_CANDIDATE,12개 슬롯 + 통합 원장 진단 규칙,확정,A01924,10,,,,,"{""claimed_operands"": ""[{'raw': '2만1041명', 'value': 21041.0, 'unit': '명'}, {'raw': '6.8%', 'value': 6.8, 'unit': '%'}]""}",THRESHOLD,"{""direction"": ""INCREASE"", ""operator"": ""MAX""}",,UNDETERMINED,COORDINATE_GENERAL,NO_EVIDENCE_COORDINATE_CANDIDATE,,,,,,,,,,,8,3월 | 2만1041명 | 6.8% | 3월 | 1993년 | 3월 | 8.9% | 32년,"[{""mention_id"":""n1"",""expression"":""3월"",""start"":0,""end"":2,""context"":""3월 출생아 수만 놓고 봐도 2만1041명으로 "",""role_status"":""미분류""},{""mention_id"":""n2"",""expression"":""2만1041명"",""start"":16,""end"":23,""context"":""3월 출생아 수만 놓고 봐도 2만1041명으로 전년 동월 대비 6.8% 늘었는데, 3"",""role_status"":""미분류""},{""mention_id"":""n3"",""expression"":""6.8%"",""start"":35,""end"":39,""context"":""고 봐도 2만1041명으로 전년 동월 대비 6.8% 늘었는데, 3월 기준으로 지난 1993년 "",""role_status"":""미분류""},{""mention_id"":""n4"",""expression"":""3월"",""start"":46,""end"":48,""context"":""명으로 전년 동월 대비 6.8% 늘었는데, 3월 기준으로 지난 1993년 3월(8.9%) "",""role_status"":""미분류""},{""mention_id"":""n5"",""expression"":""1993년"",""start"":57,""end"":62,""context"":""비 6.8% 늘었는데, 3월 기준으로 지난 1993년 3월(8.9%) 이후 32년 만에 최대 상"",""role_status"":""미분류""},{""mention_id"":""n6"",""expression"":""3월"",""start"":63,""end"":65,""context"":"" 늘었는데, 3월 기준으로 지난 1993년 3월(8.9%) 이후 32년 만에 최대 상승폭이"",""role_status"":""미분류""},{""mention_id"":""n7"",""expression"":""8.9%"",""start"":66,""end"":70,""context"":""는데, 3월 기준으로 지난 1993년 3월(8.9%) 이후 32년 만에 최대 상승폭이다."",""role_status"":""미분류""},{""mention_id"":""n8"",""expression"":""32년"",""start"":75,""end"":78,""context"":""으로 지난 1993년 3월(8.9%) 이후 32년 만에 최대 상승폭이다."",""role_status"":""미분류""}]",[],COMPLETE
2,D2 기준값·단순 좌표,기준값 판정(이상·이하·초과),분기,분기,공식값 1개,공식값과 기준값의 부등호 판정,단순 좌표,수치 1개,KOSIS 공식 API,묶음 실행 가능,공식 좌표 1개·공식값·공표정보를 확보하고 허용오차/부등호로 판정,A01924_9,분기별 출생아 수가 6만5000명을 넘어선 것 자체도 지난 2022년 1분기(6만8339명) 이후 3년 만이다.,HOLD,KOSIS_METADATA_UNAVAILABLE,직접값 확인,직접값 확인,2025-05-28,출생아 수,65000,명,2022-Q1,Q,KOSIS 정규 통계표,KOSIS 공식 구조 확인,KOSIS 표의 항목·기간·분류 구조 조회를 완료하지 못함,공식값 1개 직접 비교,calculation=THRESHOLD | 세부문제유형=OFFICIAL_METADATA_LOOKUP | 최신결과사유=KOSIS_METADATA_UNAVAILABLE,12개 슬롯 + 통합 원장 진단 규칙,확정,A01924,9,,,,,"{""claimed_operands"": ""[{'raw': '6만8339명', 'value': 68339.0, 'unit': '명'}]""}",THRESHOLD,"{""operator"": ""GT""}",,UNDETERMINED,OFFICIAL_METADATA_LOOKUP,KOSIS_METADATA_UNAVAILABLE,,,,,,,,,,,5,6만5000명 | 2022년 | 1분기 | 6만8339명 | 3년,"[{""mention_id"":""n1"",""expression"":""6만5000명"",""start"":11,""end"":18,""context"":""분기별 출생아 수가 6만5000명을 넘어선 것 자체도 지난 2022년 1분기"",""role_status"":""미분류""},{""mention_id"":""n2"",""expression"":""2022년"",""start"":33,""end"":38,""context"":""가 6만5000명을 넘어선 것 자체도 지난 2022년 1분기(6만8339명) 이후 3년 만이다."",""role_status"":""미분류""},{""mention_id"":""n3"",""expression"":""1분기"",""start"":39,""end"":42,""context"":""00명을 넘어선 것 자체도 지난 2022년 1분기(6만8339명) 이후 3년 만이다."",""role_status"":""미분류""},{""mention_id"":""n4"",""expression"":""6만8339명"",""start"":43,""end"":50,""context"":"" 넘어선 것 자체도 지난 2022년 1분기(6만8339명) 이후 3년 만이다."",""role_status"":""미분류""},{""mention_id"":""n5"",""expression"":""3년"",""start"":55,""end"":57,""context"":""난 2022년 1분기(6만8339명) 이후 3년 만이다."",""role_status"":""미분류""}]",[],COMPLETE
2,D2 기준값·단순 좌표,기준값 판정(이상·이하·초과),월간,월간,공식값 1개,공식값과 기준값의 부등호 판정,단순 좌표,수치 2개,KOSIS 공식 API,묶음 실행 가능,공식 좌표 1개·공식값·공표정보를 확보하고 허용오차/부등호로 판정,A02096_11,"지난달 연령대 별 취업자 수는 60세 이상과 30대에서 취업자가 각각 37만명, 13만2000명 늘어났다.",AUTO,WITHIN_TOLERANCE,직접값 확인,직접값 확인,2025-06-11,취업자 수,132000,명,2025-05,M,KOSIS 정규 통계표,최종 판정,기사 수치와 공식 계산값이 허용 오차 안에서 일치함,공식값 1개 직접 비교,calculation=THRESHOLD | 세부문제유형=DONE | 최신결과사유=WITHIN_TOLERANCE,12개 슬롯 + 통합 원장 진단 규칙,확정,A02096,11,,,,,"{""claimed_operands"": ""[{'raw': '30대', 'value': 30.0, 'unit': '대'}, {'raw': '37만명', 'value': 370000.0, 'unit': '명'}]""}",THRESHOLD,"{""direction"": ""INCREASE"", ""operator"": ""GTE""}",,MATCH,DONE,대시보드 재현 실패,https://kosis.kr/openapi/Param/statisticsParameterData.do?method=getList&orgId=101&tblId=DT_1DA7002S&itmId=T30&prdSe=M&startPrdDe=202405&endPrdDe=202405&objL1=30|https://kosis.kr/openapi/Param/statisticsParameterData.do?method=getList&orgId=101&tblId=DT_1DA7002S&itmId=T30&prdSe=M&startPrdDe=202505&endPrdDe=202505&objL1=30|https://kosis.kr/openapi/Param/statisticsParameterData.do?method=getList&orgId=101&tblId=DT_1DA7002S&itmId=T30&prdSe=M&startPrdDe=202405&endPrdDe=202405&objL1=60|https://kosis.kr/openapi/Param/statisticsParameterData.do?method=getList&orgId=101&tblId=DT_1DA7002S&itmId=T30&prdSe=M&startPrdDe=202505&endPrdDe=202505&objL1=60,,,,,,,,,,4,60세 | 30대 | 37만명 | 13만2000명,"[{""mention_id"":""n1"",""expression"":""60세"",""start"":17,""end"":20,""context"":""지난달 연령대 별 취업자 수는 60세 이상과 30대에서 취업자가 각각 37만명,"",""role_status"":""미분류""},{""mention_id"":""n2"",""expression"":""30대"",""start"":25,""end"":28,""context"":""난달 연령대 별 취업자 수는 60세 이상과 30대에서 취업자가 각각 37만명, 13만2000"",""role_status"":""미분류""},{""mention_id"":""n3"",""expression"":""37만명"",""start"":39,""end"":43,""context"":""는 60세 이상과 30대에서 취업자가 각각 37만명, 13만2000명 늘어났다."",""role_status"":""미분류""},{""mention_id"":""n4"",""expression"":""13만2000명"",""start"":45,""end"":53,""context"":""이상과 30대에서 취업자가 각각 37만명, 13만2000명 늘어났다."",""role_status"":""미분류""}]",[],COMPLETE
2,D2 기준값·단순 좌표,기준값 판정(이상·이하·초과),월간,월간,공식값 1개,공식값과 기준값의 부등호 판정,단순 좌표,수치 2개,KOSIS 공식 API,묶음 실행 가능,공식 좌표 1개·공식값·공표정보를 확보하고 허용오차/부등호로 판정,A02111_6,4월만 해도 690만6000명이었던 60세 이상 취업자는 지난달 704만9000명으로 처음으로 700만명을 넘었다.,AUTO,WITHIN_TOLERANCE,직접값 확인,직접값 확인,2025-06-12,취업자 수,6906000,명,2025-05,M,KOSIS 정규 통계표,최종 판정,기사 수치와 공식 계산값이 허용 오차 안에서 일치함,공식값 1개 직접 비교,calculation=THRESHOLD | 세부문제유형=DONE | 최신결과사유=WITHIN_TOLERANCE,12개 슬롯 + 통합 원장 진단 규칙,확정,A02111,6,,,,,"{""claimed_operands"": ""[{'raw': '704만9000명', 'value': 7049000.0, 'unit': '명'}, {'raw': '700만명', 'value': 7000000.0, 'unit': '명'}]""}",THRESHOLD,"{""operator"": ""GTE""}",,MATCH,DONE,대시보드 재현 실패,https://kosis.kr/openapi/Param/statisticsParameterData.do?method=getList&orgId=101&tblId=DT_1DA7002S&itmId=T30&prdSe=M&startPrdDe=202505&endPrdDe=202505&objL1=60,,,,,,,,,,5,4월 | 690만6000명 | 60세 | 704만9000명 | 700만명,"[{""mention_id"":""n1"",""expression"":""4월"",""start"":0,""end"":2,""context"":""4월만 해도 690만6000명이었던 60세 이상"",""role_status"":""미분류""},{""mention_id"":""n2"",""expression"":""690만6000명"",""start"":7,""end"":16,""context"":""4월만 해도 690만6000명이었던 60세 이상 취업자는 지난달 704만"",""role_status"":""미분류""},{""mention_id"":""n3"",""expression"":""60세"",""start"":20,""end"":23,""context"":""4월만 해도 690만6000명이었던 60세 이상 취업자는 지난달 704만9000명으로"",""role_status"":""미분류""},{""mention_id"":""n4"",""expression"":""704만9000명"",""start"":36,""end"":45,""context"":""000명이었던 60세 이상 취업자는 지난달 704만9000명으로 처음으로 700만명을 넘었다."",""role_status"":""미분류""},{""mention_id"":""n5"",""expression"":""700만명"",""start"":53,""end"":58,""context"":""자는 지난달 704만9000명으로 처음으로 700만명을 넘었다."",""role_status"":""미분류""}]",[],COMPLETE
2,D2 기준값·단순 좌표,기준값 판정(이상·이하·초과),분기,분기,공식값 1개,공식값과 기준값의 부등호 판정,단순 좌표,수치 2개,KOSIS 공식 API,묶음 실행 가능,공식 좌표 1개·공식값·공표정보를 확보하고 허용오차/부등호로 판정,A02184_11,올해 1분기 고졸 실업률은 5.5%로 4년제 대학 이상 졸업자(6.9%)는 물론이고 전문대 졸업자(6.3%)보다도 낮았다.,AUTO,OUTSIDE_TOLERANCE,직접값 확인,직접값 확인,2025-06-17,실업률,5.5,%,2025-Q1,Q,KOSIS 정규 통계표,최종 판정,기사 수치와 공식 계산값이 허용 오차를 벗어남,공식값 1개 직접 비교,calculation=THRESHOLD | 세부문제유형=CALCULATION_CHANGE_RATE | 최신결과사유=OUTSIDE_TOLERANCE,12개 슬롯 + 통합 원장 진단 규칙,확정,A02184,11,,,,,"{""claimed_operands"": ""[{'raw': '6.9%', 'value': 6.9, 'unit': '%'}, {'raw': '6.3%', 'value': 6.3, 'unit': '%'}]""}",THRESHOLD,"{""operator"": ""GTE""}",,,CALCULATION_CHANGE_RATE,최종 판정 회귀확인,https://kosis.kr/openapi/Param/statisticsParameterData.do?method=getList&orgId=101&tblId=DT_1DA7003S&itmId=T80&prdSe=Q&startPrdDe=202501&endPrdDe=202501&objL1=30|https://kosis.kr/openapi/Param/statisticsParameterData.do?method=getList&orgId=101&tblId=DT_1DA7003S&itmId=T80&prdSe=Q&startPrdDe=202501&endPrdDe=202501&objL1=40,,,,,,,,,,5,1분기 | 5.5% | 4년 | 6.9% | 6.3%,"[{""mention_id"":""n1"",""expression"":""1분기"",""start"":3,""end"":6,""context"":""올해 1분기 고졸 실업률은 5.5%로 4년제 대학 이상"",""role_status"":""미분류""},{""mention_id"":""n2"",""expression"":""5.5%"",""start"":15,""end"":19,""context"":""올해 1분기 고졸 실업률은 5.5%로 4년제 대학 이상 졸업자(6.9%)는 물"",""role_status"":""미분류""},{""mention_id"":""n3"",""expression"":""4년"",""start"":21,""end"":23,""context"":""올해 1분기 고졸 실업률은 5.5%로 4년제 대학 이상 졸업자(6.9%)는 물론이고 "",""role_status"":""미분류""},{""mention_id"":""n4"",""expression"":""6.9%"",""start"":35,""end"":39,""context"":""업률은 5.5%로 4년제 대학 이상 졸업자(6.9%)는 물론이고 전문대 졸업자(6.3%)보다도"",""role_status"":""미분류""},{""mention_id"":""n5"",""expression"":""6.3%"",""start"":55,""end"":59,""context"":""졸업자(6.9%)는 물론이고 전문대 졸업자(6.3%)보다도 낮았다."",""role_status"":""미분류""}]",[],COMPLETE
2,D2 기준값·단순 좌표,기준값 판정(이상·이하·초과),분기,분기,공식값 1개,공식값과 기준값의 부등호 판정,단순 좌표,수치 2개,KOSIS 공식 API,묶음 실행 가능,공식 좌표 1개·공식값·공표정보를 확보하고 허용오차/부등호로 판정,A02184_15,"지난 1분기 기준 30대 고졸 실업률은 4.2%인 반면, 대졸 이상은 2.4%에 그쳤다.",HOLD,NO_HARD_GUARD_CANDIDATE,직접값 확인,직접값 확인,2025-06-17,실업률,30,대,2025-Q1,Q,KOSIS 정규 통계표,필수 조건 검사,기간·단위·지역 등 필수 조건을 모두 만족하는 공식 통계표 후보가 없음,공식값 1개 직접 비교,calculation=THRESHOLD | 세부문제유형=HARD_GUARD_ALIAS | 최신결과사유=NO_HARD_GUARD_CANDIDATE,12개 슬롯 + 통합 원장 진단 규칙,확정,A02184,15,,,,,"{""claimed_operands"": ""[{'raw': '4.2%', 'value': 4.2, 'unit': '%'}, {'raw': '2.4%', 'value': 2.4, 'unit': '%'}]""}",THRESHOLD,"{""operator"": ""GTE""}",,UNDETERMINED,HARD_GUARD_ALIAS,NO_HARD_GUARD_CANDIDATE,,,,,,,,,,,4,1분기 | 30대 | 4.2% | 2.4%,"[{""mention_id"":""n1"",""expression"":""1분기"",""start"":3,""end"":6,""context"":""지난 1분기 기준 30대 고졸 실업률은 4.2%인 반면"",""role_status"":""미분류""},{""mention_id"":""n2"",""expression"":""30대"",""start"":10,""end"":13,""context"":""지난 1분기 기준 30대 고졸 실업률은 4.2%인 반면, 대졸 이상"",""role_status"":""미분류""},{""mention_id"":""n3"",""expression"":""4.2%"",""start"":22,""end"":26,""context"":""지난 1분기 기준 30대 고졸 실업률은 4.2%인 반면, 대졸 이상은 2.4%에 그쳤다."",""role_status"":""미분류""},{""mention_id"":""n4"",""expression"":""2.4%"",""start"":39,""end"":43,""context"":""졸 실업률은 4.2%인 반면, 대졸 이상은 2.4%에 그쳤다."",""role_status"":""미분류""}]",[],COMPLETE
2,D2 기준값·단순 좌표,기준값 판정(이상·이하·초과),연간,연간,공식값 1개,공식값과 기준값의 부등호 판정,단순 좌표,수치 1개,KOSIS 공식 API,묶음 실행 가능,공식 좌표 1개·공식값·공표정보를 확보하고 허용오차/부등호로 판정,A02184_9,작년에도 대졸 실업률(5.8%)이 고졸(5.1%)을 웃돌았고 올 들어서도 이런 상황이 이어지고 있다.,HOLD,AMBIGUOUS_MARGIN|FETCH_FAILED,직접값 확인,직접값 확인,2025-06-17,실업률,5.8,%,2024,Y,KOSIS 정규 통계표,공식값조회|후보정밀비교,공식 통계 후보 간 차이가 작아 하나를 안전하게 선택할 수 없음,공식값 1개 직접 비교,calculation=THRESHOLD | 세부문제유형=SEMANTIC_AMBIGUOUS | 최신결과사유=AMBIGUOUS_MARGIN|FETCH_FAILED,12개 슬롯 + 통합 원장 진단 규칙,확정,A02184,9,,,,,"{""claimed_operands"": ""[{'raw': '5.1%', 'value': 5.1, 'unit': '%'}]""}",THRESHOLD,"{""operator"": ""GT""}",,UNDETERMINED,SEMANTIC_AMBIGUOUS,AMBIGUOUS_MARGIN|FETCH_FAILED,,,,,,,,,,,2,5.8% | 5.1%,"[{""mention_id"":""n1"",""expression"":""5.8%"",""start"":12,""end"":16,""context"":""작년에도 대졸 실업률(5.8%)이 고졸(5.1%)을 웃돌았고 올 들어서도"",""role_status"":""미분류""},{""mention_id"":""n2"",""expression"":""5.1%"",""start"":22,""end"":26,""context"":""작년에도 대졸 실업률(5.8%)이 고졸(5.1%)을 웃돌았고 올 들어서도 이런 상황이 이어"",""role_status"":""미분류""}]",[],COMPLETE
2,D2 기준값·단순 좌표,기준값 판정(이상·이하·초과),연간,연간,공식값 1개,공식값과 기준값의 부등호 판정,단순 좌표,수치 1개,KOSIS 공식 API,묶음 실행 가능,공식 좌표 1개·공식값·공표정보를 확보하고 허용오차/부등호로 판정,A02203_8,가공식품의 생활 물가 상승률 기여도는 작년 하반기 0.15%포인트에서 올해 0.34%포인트로 두 배 이상 확대됐다.,HOLD,KOSIS_METADATA_UNAVAILABLE,직접값 확인,직접값 확인,2025-06-19,물가상승률,0.15,%p,2024,Y,KOSIS 정규 통계표,KOSIS 공식 구조 확인,KOSIS 표의 항목·기간·분류 구조 조회를 완료하지 못함,공식값 1개 직접 비교,calculation=THRESHOLD | 세부문제유형=OFFICIAL_METADATA_LOOKUP | 최신결과사유=KOSIS_METADATA_UNAVAILABLE,12개 슬롯 + 통합 원장 진단 규칙,확정,A02203,8,,,,,"{""claimed_operands"": ""[{'raw': '0.34%포인트', 'value': 0.34, 'unit': '%p'}]""}",THRESHOLD,"{""direction"": ""INCREASE"", ""operator"": ""GTE""}",,UNDETERMINED,OFFICIAL_METADATA_LOOKUP,KOSIS_METADATA_UNAVAILABLE,,,,,,,,,,,3,0.15%포인트 | 0.34%포인트 | 두 배,"[{""mention_id"":""n1"",""expression"":""0.15%포인트"",""start"":28,""end"":36,""context"":""의 생활 물가 상승률 기여도는 작년 하반기 0.15%포인트에서 올해 0.34%포인트로 두 배 이상 확"",""role_status"":""미분류""},{""mention_id"":""n2"",""expression"":""0.34%포인트"",""start"":42,""end"":50,""context"":""도는 작년 하반기 0.15%포인트에서 올해 0.34%포인트로 두 배 이상 확대됐다."",""role_status"":""미분류""},{""mention_id"":""n3"",""expression"":""두 배"",""start"":52,""end"":55,""context"":""0.15%포인트에서 올해 0.34%포인트로 두 배 이상 확대됐다."",""role_status"":""미분류""}]",[],COMPLETE
2,D2 기준값·단순 좌표,기준값 판정(이상·이하·초과),연간,연간,공식값 1개,공식값과 기준값의 부등호 판정,단순 좌표,수치 1개,KOSIS 공식 API,묶음 실행 가능,공식 좌표 1개·공식값·공표정보를 확보하고 허용오차/부등호로 판정,A02388_5,5000만 달러 이상의 수출 실적을 보인 가공식품 중 지난해 대비 수출 증가율이 가장 큰 상위 품목은 라면(24.0%)이었다.,HOLD,NO_HARD_GUARD_CANDIDATE,직접값 확인,직접값 확인,2025-07-03,수출액,24,%,2024,Y,KOSIS 정규 통계표,필수 조건 검사,기간·단위·지역 등 필수 조건을 모두 만족하는 공식 통계표 후보가 없음,공식값 1개 직접 비교,calculation=THRESHOLD | 세부문제유형=HARD_GUARD_ALIAS | 최신결과사유=NO_HARD_GUARD_CANDIDATE,12개 슬롯 + 통합 원장 진단 규칙,확정,A02388,5,,,,,"{""claimed_operands"": ""[{'raw': '5000만 달러', 'value': 50000000.0, 'unit': '달러'}]""}",THRESHOLD,"{""direction"": ""INCREASE"", ""operator"": ""GTE""}",,UNDETERMINED,HARD_GUARD_ALIAS,NO_HARD_GUARD_CANDIDATE,,,,,,,,,,,2,5000만 달러 | 24.0%,"[{""mention_id"":""n1"",""expression"":""5000만 달러"",""start"":0,""end"":8,""context"":""5000만 달러 이상의 수출 실적을 보인 가공식품 중 지난"",""role_status"":""미분류""},{""mention_id"":""n2"",""expression"":""24.0%"",""start"":60,""end"":65,""context"":"" 수출 증가율이 가장 큰 상위 품목은 라면(24.0%)이었다."",""role_status"":""미분류""}]",[],COMPLETE
2,D2 기준값·단순 좌표,기준값 판정(이상·이하·초과),월간,월간,공식값 1개,공식값과 기준값의 부등호 판정,단순 좌표,수치 1개,KOSIS 공식 API,묶음 실행 가능,공식 좌표 1개·공식값·공표정보를 확보하고 허용오차/부등호로 판정,A02558_5,"16일 통계청이 발표한 ‘2025년 6월 고용동향’에 따르면, 지난달 15세 이상 취업자는 2909만1000명으로 전년 동월 대비 18만3000명 늘었다.",AUTO,WITHIN_TOLERANCE,직접값 확인,직접값 확인,2025-07-16,취업자 수,29091000,명,2025-06,M,KOSIS 정규 통계표,최종 판정,기사 수치와 공식 계산값이 허용 오차 안에서 일치함,공식값 1개 직접 비교,calculation=THRESHOLD | 세부문제유형=DONE | 최신결과사유=WITHIN_TOLERANCE,12개 슬롯 + 통합 원장 진단 규칙,확정,A02558,5,,,,,"{""claimed_operands"": ""[{'raw': '18만3000명', 'value': 183000.0, 'unit': '명'}]""}",THRESHOLD,"{""operator"": ""GTE""}",통계청,MATCH,DONE,대시보드 재현 실패,https://kosis.kr/openapi/Param/statisticsParameterData.do?method=getList&orgId=101&tblId=DT_1DA7001S&itmId=T30&prdSe=M&startPrdDe=202506&endPrdDe=202506&objL1=0,,,,,,,,,,6,16일 | 2025년 | 6월 | 15세 | 2909만1000명 | 18만3000명,"[{""mention_id"":""n1"",""expression"":""16일"",""start"":0,""end"":3,""context"":""16일 통계청이 발표한 ‘2025년 6월 고용동향"",""role_status"":""미분류""},{""mention_id"":""n2"",""expression"":""2025년"",""start"":14,""end"":19,""context"":""16일 통계청이 발표한 ‘2025년 6월 고용동향’에 따르면, 지난달 15세 "",""role_status"":""미분류""},{""mention_id"":""n3"",""expression"":""6월"",""start"":20,""end"":22,""context"":""16일 통계청이 발표한 ‘2025년 6월 고용동향’에 따르면, 지난달 15세 이상 "",""role_status"":""미분류""},{""mention_id"":""n4"",""expression"":""15세"",""start"":39,""end"":42,""context"":""025년 6월 고용동향’에 따르면, 지난달 15세 이상 취업자는 2909만1000명으로 전년"",""role_status"":""미분류""},{""mention_id"":""n5"",""expression"":""2909만1000명"",""start"":51,""end"":61,""context"":""’에 따르면, 지난달 15세 이상 취업자는 2909만1000명으로 전년 동월 대비 18만3000명 늘었다"",""role_status"":""미분류""},{""mention_id"":""n6"",""expression"":""18만3000명"",""start"":73,""end"":81,""context"":""는 2909만1000명으로 전년 동월 대비 18만3000명 늘었다."",""role_status"":""미분류""}]",[],COMPLETE
2,D2 기준값·단순 좌표,기준값 판정(이상·이하·초과),월간,월간,공식값 1개,공식값과 기준값의 부등호 판정,단순 좌표,기사 수치 없음,KOSIS 공식 API,묶음 실행 가능,공식 좌표 1개·공식값·공표정보를 확보하고 허용오차/부등호로 판정,A02632_1,지난달 취업자가 31만명 이상 증가했다.,HOLD,KOSIS_METADATA_UNAVAILABLE,직접값 확인,직접값 확인,2025-10-17,취업자 수,310000,명,2025-09,M,KOSIS 정규 통계표,KOSIS 공식 구조 확인,KOSIS 표의 항목·기간·분류 구조 조회를 완료하지 못함,공식값 1개 직접 비교,calculation=THRESHOLD | 세부문제유형=OFFICIAL_METADATA_LOOKUP | 최신결과사유=KOSIS_METADATA_UNAVAILABLE,12개 슬롯 + 통합 원장 진단 규칙,확정,A02632,1,,,,,,THRESHOLD,"{""direction"": ""INCREASE"", ""operator"": ""GTE""}",,UNDETERMINED,OFFICIAL_METADATA_LOOKUP,KOSIS_METADATA_UNAVAILABLE,,,,,,,,,,,1,31만명,"[{""mention_id"":""n1"",""expression"":""31만명"",""start"":9,""end"":13,""context"":""지난달 취업자가 31만명 이상 증가했다."",""role_status"":""미분류""}]",[],COMPLETE
2,D2 기준값·단순 좌표,기준값 판정(이상·이하·초과),월간,월간,공식값 1개,공식값과 기준값의 부등호 판정,단순 좌표,수치 1개,KOSIS 공식 API,묶음 실행 가능,공식 좌표 1개·공식값·공표정보를 확보하고 허용오차/부등호로 판정,A02633_4,17일 국가데이터처가 발표한 ‘9월 고용동향’에 따르면 지난달 15세 이상 취업자는 2915만4000명으로 전년 동월 대비 31만2000명 증가했다.,AUTO,WITHIN_TOLERANCE,직접값 확인,직접값 확인,2025-10-17,취업자 수,29154000,명,2025-09,M,KOSIS 정규 통계표,최종 판정,기사 수치와 공식 계산값이 허용 오차 안에서 일치함,공식값 1개 직접 비교,calculation=THRESHOLD | 세부문제유형=DONE | 최신결과사유=WITHIN_TOLERANCE,12개 슬롯 + 통합 원장 진단 규칙,확정,A02633,4,,,,,"{""claimed_operands"": ""[{'raw': '31만2000명', 'value': 312000.0, 'unit': '명'}]""}",THRESHOLD,"{""direction"": ""INCREASE"", ""operator"": ""GTE""}",,MATCH,DONE,대시보드 재현 실패,https://kosis.kr/openapi/Param/statisticsParameterData.do?method=getList&orgId=101&tblId=DT_1DA7001S&itmId=T30&prdSe=M&startPrdDe=202509&endPrdDe=202509&objL1=0,,,,,,,,,,5,17일 | 9월 | 15세 | 2915만4000명 | 31만2000명,"[{""mention_id"":""n1"",""expression"":""17일"",""start"":0,""end"":3,""context"":""17일 국가데이터처가 발표한 ‘9월 고용동향’에 "",""role_status"":""미분류""},{""mention_id"":""n2"",""expression"":""9월"",""start"":17,""end"":19,""context"":""17일 국가데이터처가 발표한 ‘9월 고용동향’에 따르면 지난달 15세 이상 취"",""role_status"":""미분류""},{""mention_id"":""n3"",""expression"":""15세"",""start"":35,""end"":38,""context"":"" 발표한 ‘9월 고용동향’에 따르면 지난달 15세 이상 취업자는 2915만4000명으로 전년"",""role_status"":""미분류""},{""mention_id"":""n4"",""expression"":""2915만4000명"",""start"":47,""end"":57,""context"":""향’에 따르면 지난달 15세 이상 취업자는 2915만4000명으로 전년 동월 대비 31만2000명 증가했"",""role_status"":""미분류""},{""mention_id"":""n5"",""expression"":""31만2000명"",""start"":69,""end"":77,""context"":""는 2915만4000명으로 전년 동월 대비 31만2000명 증가했다."",""role_status"":""미분류""}]",[],COMPLETE
2,D2 기준값·단순 좌표,기준값 판정(이상·이하·초과),연간,연간,공식값 1개,공식값과 기준값의 부등호 판정,단순 좌표,수치 1개,KOSIS 공식 API,묶음 실행 가능,공식 좌표 1개·공식값·공표정보를 확보하고 허용오차/부등호로 판정,A02647_11,특히 60세 이상 비정규직 근로자는 304만4000명으로 전년 동월 대비 23만3000명 증가했다.,HOLD,KOSIS_METADATA_UNAVAILABLE,직접값 확인,직접값 확인,2025-10-22,비정규직 규모/비율,3044000,명,2025,Y,KOSIS 정규 통계표,KOSIS 공식 구조 확인,KOSIS 표의 항목·기간·분류 구조 조회를 완료하지 못함,공식값 1개 직접 비교,calculation=THRESHOLD | 세부문제유형=OFFICIAL_METADATA_LOOKUP | 최신결과사유=KOSIS_METADATA_UNAVAILABLE,12개 슬롯 + 통합 원장 진단 규칙,확정,A02647,11,,,,,"{""claimed_operands"": ""[{'raw': '23만3000명', 'value': 233000.0, 'unit': '명'}]""}",THRESHOLD,"{""direction"": ""INCREASE"", ""operator"": ""GTE""}",,UNDETERMINED,OFFICIAL_METADATA_LOOKUP,KOSIS_METADATA_UNAVAILABLE,,,,,,,,,,,3,60세 | 304만4000명 | 23만3000명,"[{""mention_id"":""n1"",""expression"":""60세"",""start"":3,""end"":6,""context"":""특히 60세 이상 비정규직 근로자는 304만4000명으"",""role_status"":""미분류""},{""mention_id"":""n2"",""expression"":""304만4000명"",""start"":20,""end"":29,""context"":""특히 60세 이상 비정규직 근로자는 304만4000명으로 전년 동월 대비 23만3000명 증가했"",""role_status"":""미분류""},{""mention_id"":""n3"",""expression"":""23만3000명"",""start"":41,""end"":49,""context"":""자는 304만4000명으로 전년 동월 대비 23만3000명 증가했다."",""role_status"":""미분류""}]",[],COMPLETE
3,D3 정확한 값·세부 좌표,정확한 값 직접 비교,연간,연간,공식값 1개,기사값과 공식값의 단위 정규화 후 직접 비교,단일 세부조건(지역),기사 수치 없음,KOSIS 공식 API,묶음 실행 가능,공식 좌표 1개·공식값·공표정보를 확보하고 허용오차/부등호로 판정,A00041_3,지난해 말 상승한 국제 곡물 가격도 3~4개월 시차를 두고 국내 식품 물가에 반영될 가능성이 높다.,HOLD,LOW_SEMANTIC_SCORE,직접값 확인,직접값 확인,2025-01-04,물가상승률,4,개,2024,Y,KOSIS 세부 차원 통계표,공식값 좌표 확정,기사 지표와 공식 통계 개념의 의미 일치도가 부족함,공식값 1개 직접 비교,calculation=DIRECT_VALUE | 세부문제유형=SEMANTIC_LOW_SCORE | 최신결과사유=LOW_SEMANTIC_SCORE,12개 슬롯 + 통합 원장 진단 규칙,확정,A00041,3,,전국,,,,DIRECT_VALUE,"{""direction"": ""INCREASE""}",,UNDETERMINED,SEMANTIC_LOW_SCORE,LOW_SEMANTIC_SCORE,,,,,,,,,,,1,3~4개월,"[{""mention_id"":""n1"",""expression"":""3~4개월"",""start"":20,""end"":25,""context"":""지난해 말 상승한 국제 곡물 가격도 3~4개월 시차를 두고 국내 식품 물가에 반영될 가능"",""role_status"":""미분류""}]",[],COMPLETE
3,D3 정확한 값·세부 좌표,정확한 값 직접 비교,연간,연간,공식값 1개,기사값과 공식값의 단위 정규화 후 직접 비교,복합 세부조건(지역·차원),기사 수치 없음,KOSIS 공식 API,묶음 실행 가능,공식 좌표 1개·공식값·공표정보를 확보하고 허용오차/부등호로 판정,A00067_3,한국수입자동차협회(KAIDA)는 6일 지난해 수입 승용차 신규 등록 대수를 집계한 결과 테슬라 모델 Y가 지난해 모두 1만8717대가 팔리며 수입 승용차 가운데 최고 인기 모델로 꼽혔다고 밝혔다.,HOLD,KOSIS_METADATA_UNAVAILABLE,직접값 확인,직접값 확인,2025-01-06,수입액,18717,대,2024,Y,KOSIS 세부 차원 통계표,KOSIS 공식 구조 확인,KOSIS 표의 항목·기간·분류 구조 조회를 완료하지 못함,공식값 1개 직접 비교,calculation=DIRECT_VALUE | 세부문제유형=OFFICIAL_METADATA_LOOKUP | 최신결과사유=KOSIS_METADATA_UNAVAILABLE,12개 슬롯 + 통합 원장 진단 규칙,확정,A00067,3,,전국,,"{""raw"": ""{\""품목\"": [\""자동차\""]}""}",,DIRECT_VALUE,,,UNDETERMINED,OFFICIAL_METADATA_LOOKUP,KOSIS_METADATA_UNAVAILABLE,,,,,,,,,,,2,6일 | 1만8717대,"[{""mention_id"":""n1"",""expression"":""6일"",""start"":18,""end"":20,""context"":""한국수입자동차협회(KAIDA)는 6일 지난해 수입 승용차 신규 등록 대수를 집계"",""role_status"":""미분류""},{""mention_id"":""n2"",""expression"":""1만8717대"",""start"":66,""end"":73,""context"":""집계한 결과 테슬라 모델 Y가 지난해 모두 1만8717대가 팔리며 수입 승용차 가운데 최고 인기 모"",""role_status"":""미분류""}]",[],COMPLETE
3,D3 정확한 값·세부 좌표,정확한 값 직접 비교,연간,연간,공식값 1개,기사값과 공식값의 단위 정규화 후 직접 비교,단일 세부조건(차원),기사 수치 없음,KOSIS 공식 API,묶음 실행 가능,공식 좌표 1개·공식값·공표정보를 확보하고 허용오차/부등호로 판정,A00070_7,"지난 2003년 이후 대중 수출이 대미 수출을 뛰어 넘은 상황을 유지하고 있지만, 격차는 2003년(8억9000만달러) 이후 21년 만에 가장 작았다.",HOLD,NO_EVIDENCE_COORDINATE_CANDIDATE,직접값 확인,직접값 확인,2025-01-06,수출액,890000000,달러,2003,Y,KOSIS 세부 차원 통계표,필수 조건 검사,공식 구조는 확인했지만 실제 값을 조회할 좌표를 확정하지 못함,공식값 1개 직접 비교,calculation=DIRECT_VALUE | 세부문제유형=COORDINATE_GENERAL | 최신결과사유=NO_EVIDENCE_COORDINATE_CANDIDATE,12개 슬롯 + 통합 원장 진단 규칙,확정,A00070,7,,,,"{""raw"": ""{\""교역상대국\"": [\""미국\""]}""}",,DIRECT_VALUE,,,UNDETERMINED,COORDINATE_GENERAL,NO_EVIDENCE_COORDINATE_CANDIDATE,,,,,,,,,,,4,2003년 | 2003년 | 8억9000만달러 | 21년,"[{""mention_id"":""n1"",""expression"":""2003년"",""start"":3,""end"":8,""context"":""지난 2003년 이후 대중 수출이 대미 수출을 뛰어 넘은 "",""role_status"":""미분류""},{""mention_id"":""n2"",""expression"":""2003년"",""start"":50,""end"":55,""context"":""뛰어 넘은 상황을 유지하고 있지만, 격차는 2003년(8억9000만달러) 이후 21년 만에 가장"",""role_status"":""미분류""},{""mention_id"":""n3"",""expression"":""8억9000만달러"",""start"":56,""end"":65,""context"":""상황을 유지하고 있지만, 격차는 2003년(8억9000만달러) 이후 21년 만에 가장 작았다."",""role_status"":""미분류""},{""mention_id"":""n4"",""expression"":""21년"",""start"":70,""end"":73,""context"":""격차는 2003년(8억9000만달러) 이후 21년 만에 가장 작았다."",""role_status"":""미분류""}]",[],COMPLETE
3,D3 정확한 값·세부 좌표,정확한 값 직접 비교,연간,연간,공식값 1개,기사값과 공식값의 단위 정규화 후 직접 비교,단일 세부조건(차원),기사 수치 없음,KOSIS 공식 API,묶음 실행 가능,공식 좌표 1개·공식값·공표정보를 확보하고 허용오차/부등호로 판정,A00070_8,7년 전인 2018년까지만 해도 대중 수출액과 대미 수출액 간 격차는 894억500만달러에 달했다.,HOLD,NO_EVIDENCE_COORDINATE_CANDIDATE,직접값 확인,직접값 확인,2025-01-06,수출액,89405000000,달러,2018,Y,KOSIS 세부 차원 통계표,필수 조건 검사,공식 구조는 확인했지만 실제 값을 조회할 좌표를 확정하지 못함,공식값 1개 직접 비교,calculation=DIRECT_VALUE | 세부문제유형=COORDINATE_GENERAL | 최신결과사유=NO_EVIDENCE_COORDINATE_CANDIDATE,12개 슬롯 + 통합 원장 진단 규칙,확정,A00070,8,,,,"{""raw"": ""{\""교역상대국\"": [\""미국\""]}""}",,DIRECT_VALUE,,,UNDETERMINED,COORDINATE_GENERAL,NO_EVIDENCE_COORDINATE_CANDIDATE,,,,,,,,,,,3,7년 | 2018년 | 894억500만달러,"[{""mention_id"":""n1"",""expression"":""7년"",""start"":0,""end"":2,""context"":""7년 전인 2018년까지만 해도 대중 수출액과 "",""role_status"":""미분류""},{""mention_id"":""n2"",""expression"":""2018년"",""start"":6,""end"":11,""context"":""7년 전인 2018년까지만 해도 대중 수출액과 대미 수출액 간 "",""role_status"":""미분류""},{""mention_id"":""n3"",""expression"":""894억500만달러"",""start"":39,""end"":49,""context"":""해도 대중 수출액과 대미 수출액 간 격차는 894억500만달러에 달했다."",""role_status"":""미분류""}]",[],COMPLETE
3,D3 정확한 값·세부 좌표,정확한 값 직접 비교,연간,연간,공식값 1개,기사값과 공식값의 단위 정규화 후 직접 비교,복합 세부조건(지역·차원),기사 수치 없음,KOSIS 공식 API,묶음 실행 가능,공식 좌표 1개·공식값·공표정보를 확보하고 허용오차/부등호로 판정,A00081_4,한국수입자동차협회(KAIDA)는 6일 “지난해 테슬라 모델 Y가 연간 1만8717대가 팔리며 수입 승용차 가운데 최고 인기 모델에 올랐다”고 밝혔다.,HOLD,KOSIS_METADATA_UNAVAILABLE,직접값 확인,직접값 확인,2025-01-07,수입액,18717,대,2024,Y,KOSIS 세부 차원 통계표,KOSIS 공식 구조 확인,KOSIS 표의 항목·기간·분류 구조 조회를 완료하지 못함,공식값 1개 직접 비교,calculation=DIRECT_VALUE | 세부문제유형=OFFICIAL_METADATA_LOOKUP | 최신결과사유=KOSIS_METADATA_UNAVAILABLE,12개 슬롯 + 통합 원장 진단 규칙,확정,A00081,4,,전국,,"{""raw"": ""{\""품목\"": [\""자동차\""]}""}",,DIRECT_VALUE,,,UNDETERMINED,OFFICIAL_METADATA_LOOKUP,KOSIS_METADATA_UNAVAILABLE,,,,,,,,,,,2,6일 | 1만8717대,"[{""mention_id"":""n1"",""expression"":""6일"",""start"":18,""end"":20,""context"":""한국수입자동차협회(KAIDA)는 6일 “지난해 테슬라 모델 Y가 연간 1만871"",""role_status"":""미분류""},{""mention_id"":""n2"",""expression"":""1만8717대"",""start"":39,""end"":46,""context"":"")는 6일 “지난해 테슬라 모델 Y가 연간 1만8717대가 팔리며 수입 승용차 가운데 최고 인기 모"",""role_status"":""미분류""}]",[],COMPLETE
3,D3 정확한 값·세부 좌표,정확한 값 직접 비교,월간,월간,공식값 1개,기사값과 공식값의 단위 정규화 후 직접 비교,복합 세부조건(지역·차원),기사 수치 없음,KOSIS 공식 API,묶음 실행 가능,공식 좌표 1개·공식값·공표정보를 확보하고 허용오차/부등호로 판정,A00094_3,"7일 샤오미테크놀로지코리아와 서울중앙지법에 따르면, 샤오미는 지난해 9월 자본금 4억8000만원 규모로 국내 법인을 설립하면서 사업 목적에 휴대폰, 태블릿, 대형 가전, 청소 가전 등과 함께 자동차와 자동차 부품 수입과 도소매업을 기재했다.",HOLD,NO_HARD_GUARD_CANDIDATE,직접값 확인,직접값 확인,2025-01-08,수입액,480000000,원,2024-09,M,KOSIS 세부 차원 통계표,필수 조건 검사,기간·단위·지역 등 필수 조건을 모두 만족하는 공식 통계표 후보가 없음,공식값 1개 직접 비교,calculation=DIRECT_VALUE | 세부문제유형=HARD_GUARD_ALIAS | 최신결과사유=NO_HARD_GUARD_CANDIDATE,12개 슬롯 + 통합 원장 진단 규칙,확정,A00094,3,,서울,,"{""raw"": ""{\""품목\"": [\""자동차\""]}""}",,DIRECT_VALUE,,,UNDETERMINED,HARD_GUARD_ALIAS,NO_HARD_GUARD_CANDIDATE,,,,,,,,,,,3,7일 | 9월 | 4억8000만원,"[{""mention_id"":""n1"",""expression"":""7일"",""start"":0,""end"":2,""context"":""7일 샤오미테크놀로지코리아와 서울중앙지법에 따르"",""role_status"":""미분류""},{""mention_id"":""n2"",""expression"":""9월"",""start"":38,""end"":40,""context"":""와 서울중앙지법에 따르면, 샤오미는 지난해 9월 자본금 4억8000만원 규모로 국내 법인을"",""role_status"":""미분류""},{""mention_id"":""n3"",""expression"":""4억8000만원"",""start"":45,""end"":53,""context"":""법에 따르면, 샤오미는 지난해 9월 자본금 4억8000만원 규모로 국내 법인을 설립하면서 사업 목적에"",""role_status"":""미분류""}]",[],COMPLETE
3,D3 정확한 값·세부 좌표,정확한 값 직접 비교,연간,연간,공식값 1개,기사값과 공식값의 단위 정규화 후 직접 비교,복합 세부조건(지역·차원),기사 수치 없음,KOSIS 공식 API,묶음 실행 가능,공식 좌표 1개·공식값·공표정보를 확보하고 허용오차/부등호로 판정,A00185_3,"15일 한국수입자동차협회(KAIDA)에 따르면, 작년 수입 승용차 판매량은 26만3288대로 2023년 대비 2.9％ 줄었다.",HOLD,NO_EVIDENCE_COORDINATE_CANDIDATE,직접값 확인,직접값 확인,2025-01-15,수입액,263288,대,2023,Y,KOSIS 세부 차원 통계표,필수 조건 검사,공식 구조는 확인했지만 실제 값을 조회할 좌표를 확정하지 못함,공식값 1개 직접 비교,calculation=DIRECT_VALUE | 세부문제유형=COORDINATE_GENERAL | 최신결과사유=NO_EVIDENCE_COORDINATE_CANDIDATE,12개 슬롯 + 통합 원장 진단 규칙,확정,A00185,3,,전국,,"{""raw"": ""{\""품목\"": [\""자동차\""]}""}",,DIRECT_VALUE,,,UNDETERMINED,COORDINATE_GENERAL,NO_EVIDENCE_COORDINATE_CANDIDATE,,,,,,,,,,,4,15일 | 26만3288대 | 2023년 | 2.9％,"[{""mention_id"":""n1"",""expression"":""15일"",""start"":0,""end"":3,""context"":""15일 한국수입자동차협회(KAIDA)에 따르면, "",""role_status"":""미분류""},{""mention_id"":""n2"",""expression"":""26만3288대"",""start"":42,""end"":50,""context"":""A)에 따르면, 작년 수입 승용차 판매량은 26만3288대로 2023년 대비 2.9％ 줄었다."",""role_status"":""미분류""},{""mention_id"":""n3"",""expression"":""2023년"",""start"":52,""end"":57,""context"":""년 수입 승용차 판매량은 26만3288대로 2023년 대비 2.9％ 줄었다."",""role_status"":""미분류""},{""mention_id"":""n4"",""expression"":""2.9％"",""start"":61,""end"":65,""context"":""판매량은 26만3288대로 2023년 대비 2.9％ 줄었다."",""role_status"":""미분류""}]",[],COMPLETE
3,D3 정확한 값·세부 좌표,정확한 값 직접 비교,월간,월간,공식값 1개,기사값과 공식값의 단위 정규화 후 직접 비교,복합 세부조건(대상집단·차원),수치 3개,KOSIS 공식 API,묶음 실행 가능,공식 좌표 1개·공식값·공표정보를 확보하고 허용오차/부등호로 판정,A00202_23,"지난달 실업률은 3.8%로 2022년 1월(4.1%) 이후 가장 높았고, 청년 실업률은 5.9%로 6%에 육박했다.",HOLD,NO_EVIDENCE_COORDINATE_CANDIDATE,직접값 확인,직접값 확인,2025-01-16,실업률,3.8,%,2022-01,M,KOSIS 세부 차원 통계표,필수 조건 검사,공식 구조는 확인했지만 실제 값을 조회할 좌표를 확정하지 못함,공식값 1개 직접 비교,calculation=DIRECT_VALUE | 세부문제유형=COORDINATE_GENERAL | 최신결과사유=NO_EVIDENCE_COORDINATE_CANDIDATE,12개 슬롯 + 통합 원장 진단 규칙,확정,A00202,23,,,청년,"{""raw"": ""{\""연령집단\"": \""청년\""}""}","{""claimed_operands"": ""[{'raw': '4.1%', 'value': 4.1, 'unit': '%'}, {'raw': '5.9%', 'value': 5.9, 'unit': '%'}, {'raw': '6%', 'value': 6.0, 'unit': '%'}]""}",DIRECT_VALUE,,,UNDETERMINED,COORDINATE_GENERAL,NO_EVIDENCE_COORDINATE_CANDIDATE,,,,,,,,,,,6,3.8% | 2022년 | 1월 | 4.1% | 5.9% | 6%,"[{""mention_id"":""n1"",""expression"":""3.8%"",""start"":9,""end"":13,""context"":""지난달 실업률은 3.8%로 2022년 1월(4.1%) 이후 가장 높"",""role_status"":""미분류""},{""mention_id"":""n2"",""expression"":""2022년"",""start"":15,""end"":20,""context"":""지난달 실업률은 3.8%로 2022년 1월(4.1%) 이후 가장 높았고, 청년 "",""role_status"":""미분류""},{""mention_id"":""n3"",""expression"":""1월"",""start"":21,""end"":23,""context"":""지난달 실업률은 3.8%로 2022년 1월(4.1%) 이후 가장 높았고, 청년 실업률"",""role_status"":""미분류""},{""mention_id"":""n4"",""expression"":""4.1%"",""start"":24,""end"":28,""context"":""지난달 실업률은 3.8%로 2022년 1월(4.1%) 이후 가장 높았고, 청년 실업률은 5.9"",""role_status"":""미분류""},{""mention_id"":""n5"",""expression"":""5.9%"",""start"":49,""end"":53,""context"":"".1%) 이후 가장 높았고, 청년 실업률은 5.9%로 6%에 육박했다."",""role_status"":""미분류""},{""mention_id"":""n6"",""expression"":""6%"",""start"":55,""end"":57,""context"":""후 가장 높았고, 청년 실업률은 5.9%로 6%에 육박했다."",""role_status"":""미분류""}]",[],COMPLETE
3,D3 정확한 값·세부 좌표,정확한 값 직접 비교,연간,연간,공식값 1개,기사값과 공식값의 단위 정규화 후 직접 비교,단일 세부조건(지역),기사 수치 없음,KOSIS 공식 API,묶음 실행 가능,공식 좌표 1개·공식값·공표정보를 확보하고 허용오차/부등호로 판정,A00254_12,"한편, 앞서 올해 정부 예산안이 감액 처리된 점이 성장률을 0.06%p 낮출 것으로 분석했지만, 정부의 예산 조기 집행 등 경기 부양책이 이를 상쇄할 것으로 평가했다.",HOLD,NO_HARD_GUARD_CANDIDATE,직접값 확인,직접값 확인,2025-01-20,경제성장률,0.06,%p,2025,Y,KOSIS 세부 차원 통계표,필수 조건 검사,기간·단위·지역 등 필수 조건을 모두 만족하는 공식 통계표 후보가 없음,공식값 1개 직접 비교,calculation=DIRECT_VALUE | 세부문제유형=HARD_GUARD_ALIAS | 최신결과사유=NO_HARD_GUARD_CANDIDATE,12개 슬롯 + 통합 원장 진단 규칙,확정,A00254,12,,경기,,,,DIRECT_VALUE,,,UNDETERMINED,HARD_GUARD_ALIAS,NO_HARD_GUARD_CANDIDATE,,,,,,,,,,,1,0.06%p,"[{""mention_id"":""n1"",""expression"":""0.06%p"",""start"":33,""end"":39,""context"":"" 정부 예산안이 감액 처리된 점이 성장률을 0.06%p 낮출 것으로 분석했지만, 정부의 예산 조기"",""role_status"":""미분류""}]",[],COMPLETE
3,D3 정확한 값·세부 좌표,정확한 값 직접 비교,연간,연간,공식값 1개,기사값과 공식값의 단위 정규화 후 직접 비교,단일 세부조건(차원),수치 2개,KOSIS 공식 API,묶음 실행 가능,공식 좌표 1개·공식값·공표정보를 확보하고 허용오차/부등호로 판정,A00288_19,"현대차·기아는 지난해 하이브리드차와 전기차 등 친환경차 수출이 70... 트럼프 '취임식 기금'에… 현대차, 100만달러 기부 현대차그룹이 도널드 트럼프 미 대통령 당선인의 취임식과 부대 행사를 지원하는 ‘취임식 기금’에 100만달러(약 14억7000만원)를 기부했다고 ... 이영관 기자 사람과 이야기가 지닌 힘을 믿습니다.",HOLD,OFFICIAL_AUTHOR_DOCUMENT_NOT_REGISTERED,직접값 확인,직접값 확인,2025-01-23,수출액,1000000,달러,2024,Y,KOSIS 세부 차원 통계표,공식문서조회,현재 원장에 기록된 실패 사유를 세부 확인해야 함,공식값 1개 직접 비교,calculation=DIRECT_VALUE | 세부문제유형=OFFICIAL_CATALOG_SEARCH | 최신결과사유=OFFICIAL_AUTHOR_DOCUMENT_NOT_REGISTERED,12개 슬롯 + 통합 원장 진단 규칙,확정,A00288,19,,,,"{""raw"": ""{\""품목\"": [\""친환경차\""]}""}","{""claimed_operands"": ""[{'raw': '100만달러', 'value': 1000000.0, 'unit': '달러'}, {'raw': '14억7000만원', 'value': 1470000000.0, 'unit': '원'}]""}",DIRECT_VALUE,,,UNDETERMINED,OFFICIAL_CATALOG_SEARCH,OFFICIAL_AUTHOR_DOCUMENT_NOT_REGISTERED,,,,,,,,,,,4,70... | 100만달러 | 100만달러 | 14억7000만원,"[{""mention_id"":""n1"",""expression"":""70..."",""start"":35,""end"":40,""context"":"" 하이브리드차와 전기차 등 친환경차 수출이 70... 트럼프 '취임식 기금'에… 현대차, 100"",""role_status"":""미분류""},{""mention_id"":""n2"",""expression"":""100만달러"",""start"":61,""end"":67,""context"":""... 트럼프 '취임식 기금'에… 현대차, 100만달러 기부 현대차그룹이 도널드 트럼프 미 대통령"",""role_status"":""미분류""},{""mention_id"":""n3"",""expression"":""100만달러"",""start"":124,""end"":130,""context"":""과 부대 행사를 지원하는 ‘취임식 기금’에 100만달러(약 14억7000만원)를 기부했다고 ..."",""role_status"":""미분류""},{""mention_id"":""n4"",""expression"":""14억7000만원"",""start"":133,""end"":142,""context"":""지원하는 ‘취임식 기금’에 100만달러(약 14억7000만원)를 기부했다고 ... 이영관 기자 사람과 "",""role_status"":""미분류""}]",[],COMPLETE
3,D3 정확한 값·세부 좌표,정확한 값 직접 비교,분기,분기,공식값 1개,기사값과 공식값의 단위 정규화 후 직접 비교,단일 세부조건(지역),수치 4개,KOSIS 공식 API,묶음 실행 가능,공식 좌표 1개·공식값·공표정보를 확보하고 허용오차/부등호로 판정,A00308_1,-0.2%(2024년 2분기)→0.1%(3분기)→0.1%(4분기) 한국 경제성장률이 3개 분기 연속으로 0% 안팎을 기록했다.,HOLD,NO_HARD_GUARD_CANDIDATE,직접값 확인,직접값 확인,2025-01-24,경제성장률,0.2,%,2024-Q2,Q,KOSIS 세부 차원 통계표,필수 조건 검사,기간·단위·지역 등 필수 조건을 모두 만족하는 공식 통계표 후보가 없음,공식값 1개 직접 비교,calculation=DIRECT_VALUE | 세부문제유형=HARD_GUARD_ALIAS | 최신결과사유=NO_HARD_GUARD_CANDIDATE,12개 슬롯 + 통합 원장 진단 규칙,확정,A00308,1,,전국,,,"{""claimed_operands"": ""[{'raw': '0.1%', 'value': 0.1, 'unit': '%'}, {'raw': '0.1%', 'value': 0.1, 'unit': '%'}, {'raw': '3개', 'value': 3.0, 'unit': '개'}, {'raw': '0%', 'value': 0.0, 'unit': '%'}]""}",DIRECT_VALUE,,,UNDETERMINED,HARD_GUARD_ALIAS,NO_HARD_GUARD_CANDIDATE,,,,,,,,,,,9,-0.2% | 2024년 | 2분기 | 0.1% | 3분기 | 0.1% | 4분기 | 3개 | 0%,"[{""mention_id"":""n1"",""expression"":""-0.2%"",""start"":0,""end"":5,""context"":""-0.2%(2024년 2분기)→0.1%(3분기)→0."",""role_status"":""미분류""},{""mention_id"":""n2"",""expression"":""2024년"",""start"":6,""end"":11,""context"":""-0.2%(2024년 2분기)→0.1%(3분기)→0.1%(4분기"",""role_status"":""미분류""},{""mention_id"":""n3"",""expression"":""2분기"",""start"":12,""end"":15,""context"":""-0.2%(2024년 2분기)→0.1%(3분기)→0.1%(4분기) 한국"",""role_status"":""미분류""},{""mention_id"":""n4"",""expression"":""0.1%"",""start"":17,""end"":21,""context"":""-0.2%(2024년 2분기)→0.1%(3분기)→0.1%(4분기) 한국 경제성장률"",""role_status"":""미분류""},{""mention_id"":""n5"",""expression"":""3분기"",""start"":22,""end"":25,""context"":""-0.2%(2024년 2분기)→0.1%(3분기)→0.1%(4분기) 한국 경제성장률이 3개"",""role_status"":""미분류""},{""mention_id"":""n6"",""expression"":""0.1%"",""start"":27,""end"":31,""context"":""2%(2024년 2분기)→0.1%(3분기)→0.1%(4분기) 한국 경제성장률이 3개 분기 연속"",""role_status"":""미분류""},{""mention_id"":""n7"",""expression"":""4분기"",""start"":32,""end"":35,""context"":""24년 2분기)→0.1%(3분기)→0.1%(4분기) 한국 경제성장률이 3개 분기 연속으로 0"",""role_status"":""미분류""},{""mention_id"":""n8"",""expression"":""3개"",""start"":47,""end"":49,""context"":""분기)→0.1%(4분기) 한국 경제성장률이 3개 분기 연속으로 0% 안팎을 기록했다."",""role_status"":""미분류""},{""mention_id"":""n9"",""expression"":""0%"",""start"":58,""end"":60,""context"":""기) 한국 경제성장률이 3개 분기 연속으로 0% 안팎을 기록했다."",""role_status"":""미분류""}]",[],COMPLETE
3,D3 정확한 값·세부 좌표,정확한 값 직접 비교,연간,연간,공식값 1개,기사값과 공식값의 단위 정규화 후 직접 비교,단일 세부조건(지역),수치 2개,KOSIS 공식 API,묶음 실행 가능,공식 좌표 1개·공식값·공표정보를 확보하고 허용오차/부등호로 판정,A00308_33,"1990년대까지 두 자릿수 성장률을 보였던 한국의 경제성장률은 2000년대 들어선 5%대, 2010년대엔 3%대, 2020년대 이후엔 2%대로 떨어지면서 피크 코리아 주장이 강해지고 있다.",HOLD,NO_EVIDENCE_COORDINATE_CANDIDATE,직접값 확인,직접값 확인,2025-01-24,경제성장률,2,%,2000,Y,KOSIS 세부 차원 통계표,필수 조건 검사,공식 구조는 확인했지만 실제 값을 조회할 좌표를 확정하지 못함,공식값 1개 직접 비교,calculation=DIRECT_VALUE | 세부문제유형=COORDINATE_GENERAL | 최신결과사유=NO_EVIDENCE_COORDINATE_CANDIDATE,12개 슬롯 + 통합 원장 진단 규칙,확정,A00308,33,,전국,,,"{""claimed_operands"": ""[{'raw': '5%', 'value': 5.0, 'unit': '%'}, {'raw': '3%', 'value': 3.0, 'unit': '%'}]""}",DIRECT_VALUE,"{""direction"": ""DECREASE""}",,UNDETERMINED,COORDINATE_GENERAL,NO_EVIDENCE_COORDINATE_CANDIDATE,,,,,,,,,,,7,1990년 | 2000년 | 5% | 2010년 | 3% | 2020년 | 2%,"[{""mention_id"":""n1"",""expression"":""1990년"",""start"":0,""end"":5,""context"":""1990년대까지 두 자릿수 성장률을 보였던 한국의 경"",""role_status"":""미분류""},{""mention_id"":""n2"",""expression"":""2000년"",""start"":35,""end"":40,""context"":""자릿수 성장률을 보였던 한국의 경제성장률은 2000년대 들어선 5%대, 2010년대엔 3%대, "",""role_status"":""미분류""},{""mention_id"":""n3"",""expression"":""5%"",""start"":46,""end"":48,""context"":""던 한국의 경제성장률은 2000년대 들어선 5%대, 2010년대엔 3%대, 2020년대 이"",""role_status"":""미분류""},{""mention_id"":""n4"",""expression"":""2010년"",""start"":51,""end"":56,""context"":"" 경제성장률은 2000년대 들어선 5%대, 2010년대엔 3%대, 2020년대 이후엔 2%대로 "",""role_status"":""미분류""},{""mention_id"":""n5"",""expression"":""3%"",""start"":59,""end"":61,""context"":""2000년대 들어선 5%대, 2010년대엔 3%대, 2020년대 이후엔 2%대로 떨어지면서"",""role_status"":""미분류""},{""mention_id"":""n6"",""expression"":""2020년"",""start"":64,""end"":69,""context"":""대 들어선 5%대, 2010년대엔 3%대, 2020년대 이후엔 2%대로 떨어지면서 피크 코리아 "",""role_status"":""미분류""},{""mention_id"":""n7"",""expression"":""2%"",""start"":75,""end"":77,""context"":""2010년대엔 3%대, 2020년대 이후엔 2%대로 떨어지면서 피크 코리아 주장이 강해지고"",""role_status"":""미분류""}]",[],COMPLETE
3,D3 정확한 값·세부 좌표,정확한 값 직접 비교,연간,연간,공식값 1개,기사값과 공식값의 단위 정규화 후 직접 비교,단일 세부조건(차원),수치 3개,KOSIS 공식 API,묶음 실행 가능,공식 좌표 1개·공식값·공표정보를 확보하고 허용오차/부등호로 판정,A00312_11,"실제로 지난해 ‘14대 대미 수출 품목’을 보면 반도체(107억달러), 자동차부품(82억달러), 석유화학·철강(각 43억달러) 등 중간재가 상당수를 차지한다.",HOLD,NO_HARD_GUARD_CANDIDATE,직접값 확인,직접값 확인,2025-01-24,수출액,14,대,2024,Y,KOSIS 세부 차원 통계표,필수 조건 검사,기간·단위·지역 등 필수 조건을 모두 만족하는 공식 통계표 후보가 없음,공식값 1개 직접 비교,calculation=DIRECT_VALUE | 세부문제유형=HARD_GUARD_ALIAS | 최신결과사유=NO_HARD_GUARD_CANDIDATE,12개 슬롯 + 통합 원장 진단 규칙,확정,A00312,11,,,,"{""raw"": ""{\""품목\"": [\""반도체\"", \""자동차\""], \""교역상대국\"": [\""미국\""]}""}","{""claimed_operands"": ""[{'raw': '107억달러', 'value': 10700000000.0, 'unit': '달러'}, {'raw': '82억달러', 'value': 8200000000.0, 'unit': '달러'}, {'raw': '43억달러', 'value': 4300000000.0, 'unit': '달러'}]""}",DIRECT_VALUE,,,UNDETERMINED,HARD_GUARD_ALIAS,NO_HARD_GUARD_CANDIDATE,,,,,,,,,,,4,14대 | 107억달러 | 82억달러 | 43억달러,"[{""mention_id"":""n1"",""expression"":""14대"",""start"":9,""end"":12,""context"":""실제로 지난해 ‘14대 대미 수출 품목’을 보면 반도체(107억달"",""role_status"":""미분류""},{""mention_id"":""n2"",""expression"":""107억달러"",""start"":31,""end"":37,""context"":"" ‘14대 대미 수출 품목’을 보면 반도체(107억달러), 자동차부품(82억달러), 석유화학·철강"",""role_status"":""미분류""},{""mention_id"":""n3"",""expression"":""82억달러"",""start"":46,""end"":51,""context"":""을 보면 반도체(107억달러), 자동차부품(82억달러), 석유화학·철강(각 43억달러) 등 중간"",""role_status"":""미분류""},{""mention_id"":""n4"",""expression"":""43억달러"",""start"":64,""end"":69,""context"":""자동차부품(82억달러), 석유화학·철강(각 43억달러) 등 중간재가 상당수를 차지한다."",""role_status"":""미분류""}]",[],COMPLETE
3,D3 정확한 값·세부 좌표,정확한 값 직접 비교,연간,연간,공식값 1개,기사값과 공식값의 단위 정규화 후 직접 비교,복합 세부조건(지역·차원),수치 2개,KOSIS 공식 API,묶음 실행 가능,공식 좌표 1개·공식값·공표정보를 확보하고 허용오차/부등호로 판정,A00312_4,"하지만 23일 한국무역협회의 ‘대미 가공단계별 수출’ 분석 자료에 따르면, 지난해 대미 수출액 1277억8600만달러 가운데 절반이 넘는 653억9900만달러(51.2%)가 중간재인 것으로 나타났다.",HOLD,FETCH_FAILED,직접값 확인,직접값 확인,2025-01-24,수출액,127786000000,달러,2024,Y,KOSIS 세부 차원 통계표,공식값·공표정보 조회,확정된 공식 좌표의 값을 조회하지 못함,공식값 1개 직접 비교,calculation=DIRECT_VALUE | 세부문제유형=VALUE_FETCH_FAILED | 최신결과사유=FETCH_FAILED,12개 슬롯 + 통합 원장 진단 규칙,확정,A00312,4,,전국,,"{""raw"": ""{\""교역상대국\"": [\""미국\""]}""}","{""claimed_operands"": ""[{'raw': '653억9900만달러', 'value': 65399000000.0, 'unit': '달러'}, {'raw': '51.2%', 'value': 51.2, 'unit': '%'}]""}",DIRECT_VALUE,,,UNDETERMINED,VALUE_FETCH_FAILED,FETCH_FAILED,,,,,,,,,,,5,23일 | 1277억8600만달러 | 절반 | 653억9900만달러 | 51.2%,"[{""mention_id"":""n1"",""expression"":""23일"",""start"":4,""end"":7,""context"":""하지만 23일 한국무역협회의 ‘대미 가공단계별 수출’ 분"",""role_status"":""미분류""},{""mention_id"":""n2"",""expression"":""1277억8600만달러"",""start"":53,""end"":65,""context"":"" 분석 자료에 따르면, 지난해 대미 수출액 1277억8600만달러 가운데 절반이 넘는 653억9900만달러("",""role_status"":""미분류""},{""mention_id"":""n3"",""expression"":""절반"",""start"":70,""end"":72,""context"":""대미 수출액 1277억8600만달러 가운데 절반이 넘는 653억9900만달러(51.2%)가"",""role_status"":""미분류""},{""mention_id"":""n4"",""expression"":""653억9900만달러"",""start"":77,""end"":88,""context"":""1277억8600만달러 가운데 절반이 넘는 653억9900만달러(51.2%)가 중간재인 것으로 나타났다."",""role_status"":""미분류""},{""mention_id"":""n5"",""expression"":""51.2%"",""start"":89,""end"":94,""context"":"" 가운데 절반이 넘는 653억9900만달러(51.2%)가 중간재인 것으로 나타났다."",""role_status"":""미분류""}]",[],COMPLETE
3,D3 정확한 값·세부 좌표,정확한 값 직접 비교,연간,연간,공식값 1개,기사값과 공식값의 단위 정규화 후 직접 비교,단일 세부조건(지역),수치 2개,KOSIS 공식 API,묶음 실행 가능,공식 좌표 1개·공식값·공표정보를 확보하고 허용오차/부등호로 판정,A00354_11,한국의 노년 부양비는 2024년 27.4명에서 2072년 104.2명으로 3.8배 증가한다.,HOLD,KOSIS_CATALOG_UNAVAILABLE,직접값 확인,직접값 확인,2025-01-28,노년부양비,27.4,명,2024,Y,KOSIS 세부 차원 통계표,KOSIS 통계표 검색,KOSIS 통계표 검색 요청을 완료하지 못함,공식값 1개 직접 비교,calculation=DIRECT_VALUE | 세부문제유형=OFFICIAL_CATALOG_SEARCH | 최신결과사유=KOSIS_CATALOG_UNAVAILABLE,12개 슬롯 + 통합 원장 진단 규칙,확정,A00354,11,,전국,,,"{""claimed_operands"": ""[{'raw': '104.2명', 'value': 104.2, 'unit': '명'}, {'raw': '3.8배', 'value': 3.8, 'unit': '배'}]""}",DIRECT_VALUE,"{""direction"": ""INCREASE""}",,,OFFICIAL_CATALOG_SEARCH,KOSIS_CATALOG_UNAVAILABLE,,,,,,,,,,,5,2024년 | 27.4명 | 2072년 | 104.2명 | 3.8배,"[{""mention_id"":""n1"",""expression"":""2024년"",""start"":12,""end"":17,""context"":""한국의 노년 부양비는 2024년 27.4명에서 2072년 104.2명으로 "",""role_status"":""미분류""},{""mention_id"":""n2"",""expression"":""27.4명"",""start"":18,""end"":23,""context"":""한국의 노년 부양비는 2024년 27.4명에서 2072년 104.2명으로 3.8배 증"",""role_status"":""미분류""},{""mention_id"":""n3"",""expression"":""2072년"",""start"":26,""end"":31,""context"":""의 노년 부양비는 2024년 27.4명에서 2072년 104.2명으로 3.8배 증가한다."",""role_status"":""미분류""},{""mention_id"":""n4"",""expression"":""104.2명"",""start"":32,""end"":38,""context"":""양비는 2024년 27.4명에서 2072년 104.2명으로 3.8배 증가한다."",""role_status"":""미분류""},{""mention_id"":""n5"",""expression"":""3.8배"",""start"":41,""end"":45,""context"":"" 27.4명에서 2072년 104.2명으로 3.8배 증가한다."",""role_status"":""미분류""}]",[],COMPLETE
3,D3 정확한 값·세부 좌표,정확한 값 직접 비교,연간,연간,공식값 1개,기사값과 공식값의 단위 정규화 후 직접 비교,복합 세부조건(지역·차원),수치 2개,KOSIS 공식 API,묶음 실행 가능,공식 좌표 1개·공식값·공표정보를 확보하고 허용오차/부등호로 판정,A00365_2,29일 농림축산식품부와 한국농수산식품유통공사(aT)에 따르면 지난해 떡류 수출액은 9140만달러(약 1313억원)로 1억달러에 근접했다.,HOLD,NO_HARD_GUARD_CANDIDATE,직접값 확인,직접값 확인,2025-01-29,수출액,91400000,달러,2024,Y,KOSIS 세부 차원 통계표,필수 조건 검사,기간·단위·지역 등 필수 조건을 모두 만족하는 공식 통계표 후보가 없음,공식값 1개 직접 비교,calculation=DIRECT_VALUE | 세부문제유형=HARD_GUARD_ALIAS | 최신결과사유=NO_HARD_GUARD_CANDIDATE,12개 슬롯 + 통합 원장 진단 규칙,확정,A00365,2,,전국,,"{""raw"": ""{\""품목\"": [\""농수산\""]}""}","{""claimed_operands"": ""[{'raw': '1313억원', 'value': 131300000000.0, 'unit': '원'}, {'raw': '1억달러', 'value': 100000000.0, 'unit': '달러'}]""}",DIRECT_VALUE,,농림축산식품부,UNDETERMINED,HARD_GUARD_ALIAS,NO_HARD_GUARD_CANDIDATE,,,,,,,,,,,4,29일 | 9140만달러 | 1313억원 | 1억달러,"[{""mention_id"":""n1"",""expression"":""29일"",""start"":0,""end"":3,""context"":""29일 농림축산식품부와 한국농수산식품유통공사(aT"",""role_status"":""미분류""},{""mention_id"":""n2"",""expression"":""9140만달러"",""start"":46,""end"":53,""context"":""공사(aT)에 따르면 지난해 떡류 수출액은 9140만달러(약 1313억원)로 1억달러에 근접했다."",""role_status"":""미분류""},{""mention_id"":""n3"",""expression"":""1313억원"",""start"":56,""end"":62,""context"":""면 지난해 떡류 수출액은 9140만달러(약 1313억원)로 1억달러에 근접했다."",""role_status"":""미분류""},{""mention_id"":""n4"",""expression"":""1억달러"",""start"":65,""end"":69,""context"":""수출액은 9140만달러(약 1313억원)로 1억달러에 근접했다."",""role_status"":""미분류""}]",[],COMPLETE
3,D3 정확한 값·세부 좌표,정확한 값 직접 비교,월간,월간,공식값 1개,기사값과 공식값의 단위 정규화 후 직접 비교,복합 세부조건(지역·차원),기사 수치 없음,KOSIS 공식 API,묶음 실행 가능,공식 좌표 1개·공식값·공표정보를 확보하고 허용오차/부등호로 판정,A00368_12,그나마 당시 반도체 경기가 워낙 좋았던 덕분에 수출·투자가 견실하게 버텨주며 2017년 3월부터 증가폭(0.9%포인트)을 끌어올릴 수 있었다.,HOLD,NO_HARD_GUARD_CANDIDATE,직접값 확인,직접값 확인,2025-01-29,수출액,0.9,%p,2017-03,M,KOSIS 세부 차원 통계표,필수 조건 검사,기간·단위·지역 등 필수 조건을 모두 만족하는 공식 통계표 후보가 없음,공식값 1개 직접 비교,calculation=DIRECT_VALUE | 세부문제유형=HARD_GUARD_ALIAS | 최신결과사유=NO_HARD_GUARD_CANDIDATE,12개 슬롯 + 통합 원장 진단 규칙,확정,A00368,12,,경기,,"{""raw"": ""{\""품목\"": [\""반도체\""]}""}",,DIRECT_VALUE,"{""direction"": ""INCREASE""}",,UNDETERMINED,HARD_GUARD_ALIAS,NO_HARD_GUARD_CANDIDATE,,,,,,,,,,,3,2017년 | 3월 | 0.9%포인트,"[{""mention_id"":""n1"",""expression"":""2017년"",""start"":43,""end"":48,""context"":""았던 덕분에 수출·투자가 견실하게 버텨주며 2017년 3월부터 증가폭(0.9%포인트)을 끌어올릴"",""role_status"":""미분류""},{""mention_id"":""n2"",""expression"":""3월"",""start"":49,""end"":51,""context"":"" 수출·투자가 견실하게 버텨주며 2017년 3월부터 증가폭(0.9%포인트)을 끌어올릴 수 "",""role_status"":""미분류""},{""mention_id"":""n3"",""expression"":""0.9%포인트"",""start"":58,""end"":65,""context"":""실하게 버텨주며 2017년 3월부터 증가폭(0.9%포인트)을 끌어올릴 수 있었다."",""role_status"":""미분류""}]",[],COMPLETE
3,D3 정확한 값·세부 좌표,정확한 값 직접 비교,월간,월간,공식값 1개,기사값과 공식값의 단위 정규화 후 직접 비교,복합 세부조건(대상집단·차원),수치 2개,KOSIS 공식 API,묶음 실행 가능,공식 좌표 1개·공식값·공표정보를 확보하고 허용오차/부등호로 판정,A00368_5,청년 고용률이 45% 아래로 떨어진 건 코로나가 한창 기승하던 2021년 5월(44.4%) 이후 43개월 만이다.,HOLD,KOSIS_METADATA_UNAVAILABLE,직접값 확인,직접값 확인,2025-01-29,고용률,44.4,%,2021-05,M,KOSIS 세부 차원 통계표,KOSIS 공식 구조 확인,KOSIS 표의 항목·기간·분류 구조 조회를 완료하지 못함,공식값 1개 직접 비교,calculation=DIRECT_VALUE | 세부문제유형=OFFICIAL_METADATA_LOOKUP | 최신결과사유=KOSIS_METADATA_UNAVAILABLE,12개 슬롯 + 통합 원장 진단 규칙,확정,A00368,5,,,청년,"{""raw"": ""{\""연령집단\"": \""청년\""}""}","{""claimed_operands"": ""[{'raw': '45%', 'value': 45.0, 'unit': '%'}, {'raw': '43개', 'value': 43.0, 'unit': '개'}]""}",DIRECT_VALUE,"{""direction"": ""DECREASE""}",,UNDETERMINED,OFFICIAL_METADATA_LOOKUP,KOSIS_METADATA_UNAVAILABLE,,,,,,,,,,,5,45% | 2021년 | 5월 | 44.4% | 43개월,"[{""mention_id"":""n1"",""expression"":""45%"",""start"":8,""end"":11,""context"":""청년 고용률이 45% 아래로 떨어진 건 코로나가 한창 기승하던 "",""role_status"":""미분류""},{""mention_id"":""n2"",""expression"":""2021년"",""start"":35,""end"":40,""context"":"" 아래로 떨어진 건 코로나가 한창 기승하던 2021년 5월(44.4%) 이후 43개월 만이다."",""role_status"":""미분류""},{""mention_id"":""n3"",""expression"":""5월"",""start"":41,""end"":43,""context"":""어진 건 코로나가 한창 기승하던 2021년 5월(44.4%) 이후 43개월 만이다."",""role_status"":""미분류""},{""mention_id"":""n4"",""expression"":""44.4%"",""start"":44,""end"":49,""context"":""건 코로나가 한창 기승하던 2021년 5월(44.4%) 이후 43개월 만이다."",""role_status"":""미분류""},{""mention_id"":""n5"",""expression"":""43개월"",""start"":54,""end"":58,""context"":""기승하던 2021년 5월(44.4%) 이후 43개월 만이다."",""role_status"":""미분류""}]",[],COMPLETE
3,D3 정확한 값·세부 좌표,정확한 값 직접 비교,월간,월간,공식값 1개,기사값과 공식값의 단위 정규화 후 직접 비교,복합 세부조건(대상집단·차원),수치 3개,KOSIS 공식 API,묶음 실행 가능,공식 좌표 1개·공식값·공표정보를 확보하고 허용오차/부등호로 판정,A00368_9,"박 전 대통령의 탄핵 소추가 이뤄지기 직전인 2016년 11월의 경우 전년 동월 대비 청년 고용률이 보합(0%포인트 변동)을 보이며, 2013년 9월(0.1%포인트)부터 2016년 10월(0.6%포인트)까지 38개월간 이어지던 증가세가 꺾였다.",HOLD,KOSIS_METADATA_UNAVAILABLE,직접값 확인,직접값 확인,2025-01-29,고용률,0,%p,2016-11,M,KOSIS 세부 차원 통계표,KOSIS 공식 구조 확인,KOSIS 표의 항목·기간·분류 구조 조회를 완료하지 못함,공식값 1개 직접 비교,calculation=DIRECT_VALUE | 세부문제유형=OFFICIAL_METADATA_LOOKUP | 최신결과사유=KOSIS_METADATA_UNAVAILABLE,12개 슬롯 + 통합 원장 진단 규칙,확정,A00368,9,,,청년,"{""raw"": ""{\""연령집단\"": \""청년\""}""}","{""claimed_operands"": ""[{'raw': '0.1%포인트', 'value': 0.1, 'unit': '%p'}, {'raw': '0.6%포인트', 'value': 0.6, 'unit': '%p'}, {'raw': '38개', 'value': 38.0, 'unit': '개'}]""}",DIRECT_VALUE,"{""direction"": ""INCREASE""}",,UNDETERMINED,OFFICIAL_METADATA_LOOKUP,KOSIS_METADATA_UNAVAILABLE,,,,,,,,,,,10,2016년 | 11월 | 0%포인트 | 2013년 | 9월 | 0.1%포인트 | 2016년 | 10월 | 0.6%포인트 | 38개월,"[{""mention_id"":""n1"",""expression"":""2016년"",""start"":25,""end"":30,""context"":"" 전 대통령의 탄핵 소추가 이뤄지기 직전인 2016년 11월의 경우 전년 동월 대비 청년 고용률"",""role_status"":""미분류""},{""mention_id"":""n2"",""expression"":""11월"",""start"":31,""end"":34,""context"":""의 탄핵 소추가 이뤄지기 직전인 2016년 11월의 경우 전년 동월 대비 청년 고용률이 보합"",""role_status"":""미분류""},{""mention_id"":""n3"",""expression"":""0%포인트"",""start"":59,""end"":64,""context"":"" 경우 전년 동월 대비 청년 고용률이 보합(0%포인트 변동)을 보이며, 2013년 9월(0.1%"",""role_status"":""미분류""},{""mention_id"":""n4"",""expression"":""2013년"",""start"":75,""end"":80,""context"":""고용률이 보합(0%포인트 변동)을 보이며, 2013년 9월(0.1%포인트)부터 2016년 10월"",""role_status"":""미분류""},{""mention_id"":""n5"",""expression"":""9월"",""start"":81,""end"":83,""context"":""합(0%포인트 변동)을 보이며, 2013년 9월(0.1%포인트)부터 2016년 10월(0."",""role_status"":""미분류""},{""mention_id"":""n6"",""expression"":""0.1%포인트"",""start"":84,""end"":91,""context"":""%포인트 변동)을 보이며, 2013년 9월(0.1%포인트)부터 2016년 10월(0.6%포인트)까지"",""role_status"":""미분류""},{""mention_id"":""n7"",""expression"":""2016년"",""start"":95,""end"":100,""context"":""이며, 2013년 9월(0.1%포인트)부터 2016년 10월(0.6%포인트)까지 38개월간 이어"",""role_status"":""미분류""},{""mention_id"":""n8"",""expression"":""10월"",""start"":101,""end"":104,""context"":""13년 9월(0.1%포인트)부터 2016년 10월(0.6%포인트)까지 38개월간 이어지던 증"",""role_status"":""미분류""},{""mention_id"":""n9"",""expression"":""0.6%포인트"",""start"":105,""end"":112,""context"":""9월(0.1%포인트)부터 2016년 10월(0.6%포인트)까지 38개월간 이어지던 증가세가 꺾였다."",""role_status"":""미분류""},{""mention_id"":""n10"",""expression"":""38개월"",""start"":116,""end"":120,""context"":""부터 2016년 10월(0.6%포인트)까지 38개월간 이어지던 증가세가 꺾였다."",""role_status"":""미분류""}]",[],COMPLETE
3,D3 정확한 값·세부 좌표,정확한 값 직접 비교,연간,연간,공식값 1개,기사값과 공식값의 단위 정규화 후 직접 비교,단일 세부조건(지역),수치 2개,KOSIS 공식 API,묶음 실행 가능,공식 좌표 1개·공식값·공표정보를 확보하고 허용오차/부등호로 판정,A00382_5,"한국은 2023년(1.4%) 1%대 성장률에 이어, 작년에는 간신히 2%에 턱걸이했다.",HOLD,KOSIS_METADATA_UNAVAILABLE,직접값 확인,직접값 확인,2025-01-30,경제성장률,1.4,%,2023,Y,KOSIS 세부 차원 통계표,KOSIS 공식 구조 확인,KOSIS 표의 항목·기간·분류 구조 조회를 완료하지 못함,공식값 1개 직접 비교,calculation=DIRECT_VALUE | 세부문제유형=OFFICIAL_METADATA_LOOKUP | 최신결과사유=KOSIS_METADATA_UNAVAILABLE,12개 슬롯 + 통합 원장 진단 규칙,확정,A00382,5,,전국,,,"{""claimed_operands"": ""[{'raw': '1%', 'value': 1.0, 'unit': '%'}, {'raw': '2%', 'value': 2.0, 'unit': '%'}]""}",DIRECT_VALUE,,,UNDETERMINED,OFFICIAL_METADATA_LOOKUP,KOSIS_METADATA_UNAVAILABLE,,,,,,,,,,,4,2023년 | 1.4% | 1% | 2%,"[{""mention_id"":""n1"",""expression"":""2023년"",""start"":4,""end"":9,""context"":""한국은 2023년(1.4%) 1%대 성장률에 이어, 작년에는"",""role_status"":""미분류""},{""mention_id"":""n2"",""expression"":""1.4%"",""start"":10,""end"":14,""context"":""한국은 2023년(1.4%) 1%대 성장률에 이어, 작년에는 간신히 "",""role_status"":""미분류""},{""mention_id"":""n3"",""expression"":""1%"",""start"":16,""end"":18,""context"":""한국은 2023년(1.4%) 1%대 성장률에 이어, 작년에는 간신히 2%에 "",""role_status"":""미분류""},{""mention_id"":""n4"",""expression"":""2%"",""start"":38,""end"":40,""context"":"") 1%대 성장률에 이어, 작년에는 간신히 2%에 턱걸이했다."",""role_status"":""미분류""}]",[],COMPLETE
3,D3 정확한 값·세부 좌표,정확한 값 직접 비교,연간,연간,공식값 1개,기사값과 공식값의 단위 정규화 후 직접 비교,복합 세부조건(지역·차원),수치 1개,KOSIS 공식 API,묶음 실행 가능,공식 좌표 1개·공식값·공표정보를 확보하고 허용오차/부등호로 판정,A00433_3,"2일 한국수입자동차협회(KAIDA)에 따르면, 지난해 국내에서 판매된 수입 SUV는 12만7754대로 집계돼 세단(12만6881대)보다 많았다.",HOLD,NO_HARD_GUARD_CANDIDATE,직접값 확인,직접값 확인,2025-02-03,수입액,127754,대,2024,Y,KOSIS 세부 차원 통계표,필수 조건 검사,기간·단위·지역 등 필수 조건을 모두 만족하는 공식 통계표 후보가 없음,공식값 1개 직접 비교,calculation=DIRECT_VALUE | 세부문제유형=HARD_GUARD_ALIAS | 최신결과사유=NO_HARD_GUARD_CANDIDATE,12개 슬롯 + 통합 원장 진단 규칙,확정,A00433,3,,전국,,"{""raw"": ""{\""품목\"": [\""자동차\""]}""}","{""claimed_operands"": ""[{'raw': '12만6881대', 'value': 126881.0, 'unit': '대'}]""}",DIRECT_VALUE,,,UNDETERMINED,HARD_GUARD_ALIAS,NO_HARD_GUARD_CANDIDATE,,,,,,,,,,,3,2일 | 12만7754대 | 12만6881대,"[{""mention_id"":""n1"",""expression"":""2일"",""start"":0,""end"":2,""context"":""2일 한국수입자동차협회(KAIDA)에 따르면, "",""role_status"":""미분류""},{""mention_id"":""n2"",""expression"":""12만7754대"",""start"":47,""end"":55,""context"":""면, 지난해 국내에서 판매된 수입 SUV는 12만7754대로 집계돼 세단(12만6881대)보다 많았다"",""role_status"":""미분류""},{""mention_id"":""n3"",""expression"":""12만6881대"",""start"":64,""end"":72,""context"":""입 SUV는 12만7754대로 집계돼 세단(12만6881대)보다 많았다."",""role_status"":""미분류""}]",[],COMPLETE
3,D3 정확한 값·세부 좌표,정확한 값 직접 비교,분기,분기,공식값 1개,기사값과 공식값의 단위 정규화 후 직접 비교,단일 세부조건(지역),수치 4개,KOSIS 공식 API,묶음 실행 가능,공식 좌표 1개·공식값·공표정보를 확보하고 허용오차/부등호로 판정,A00509_10,지난해 우리나라의 1분기부터 4분기까지 분기별 경제성장률을 보면 1.3%→-0.2%→0.1%→0.1%’로 최근 3분기 연속(連續) 0%대의 낙제(落第) 수준이다.,HOLD,KOSIS_METADATA_UNAVAILABLE,직접값 확인,직접값 확인,2025-02-09,경제성장률,1.3,%,2024-Q1,Q,KOSIS 세부 차원 통계표,KOSIS 공식 구조 확인,KOSIS 표의 항목·기간·분류 구조 조회를 완료하지 못함,공식값 1개 직접 비교,calculation=DIRECT_VALUE | 세부문제유형=OFFICIAL_METADATA_LOOKUP | 최신결과사유=KOSIS_METADATA_UNAVAILABLE,12개 슬롯 + 통합 원장 진단 규칙,확정,A00509,10,,전국,,,"{""claimed_operands"": ""[{'raw': '0.2%', 'value': 0.2, 'unit': '%'}, {'raw': '0.1%', 'value': 0.1, 'unit': '%'}, {'raw': '0.1%', 'value': 0.1, 'unit': '%'}, {'raw': '0%', 'value': 0.0, 'unit': '%'}]""}",DIRECT_VALUE,,,UNDETERMINED,OFFICIAL_METADATA_LOOKUP,KOSIS_METADATA_UNAVAILABLE,,,,,,,,,,,8,1분기 | 4분기 | 1.3% | -0.2% | 0.1% | 0.1% | 3분기 | 0%,"[{""mention_id"":""n1"",""expression"":""1분기"",""start"":10,""end"":13,""context"":""지난해 우리나라의 1분기부터 4분기까지 분기별 경제성장률을 보면 1"",""role_status"":""미분류""},{""mention_id"":""n2"",""expression"":""4분기"",""start"":16,""end"":19,""context"":""지난해 우리나라의 1분기부터 4분기까지 분기별 경제성장률을 보면 1.3%→-0"",""role_status"":""미분류""},{""mention_id"":""n3"",""expression"":""1.3%"",""start"":36,""end"":40,""context"":""기부터 4분기까지 분기별 경제성장률을 보면 1.3%→-0.2%→0.1%→0.1%’로 최근 3분"",""role_status"":""미분류""},{""mention_id"":""n4"",""expression"":""-0.2%"",""start"":41,""end"":46,""context"":""분기까지 분기별 경제성장률을 보면 1.3%→-0.2%→0.1%→0.1%’로 최근 3분기 연속(連"",""role_status"":""미분류""},{""mention_id"":""n5"",""expression"":""0.1%"",""start"":47,""end"":51,""context"":""기별 경제성장률을 보면 1.3%→-0.2%→0.1%→0.1%’로 최근 3분기 연속(連續) 0%"",""role_status"":""미분류""},{""mention_id"":""n6"",""expression"":""0.1%"",""start"":52,""end"":56,""context"":""성장률을 보면 1.3%→-0.2%→0.1%→0.1%’로 최근 3분기 연속(連續) 0%대의 낙제"",""role_status"":""미분류""},{""mention_id"":""n7"",""expression"":""3분기"",""start"":62,""end"":65,""context"":""3%→-0.2%→0.1%→0.1%’로 최근 3분기 연속(連續) 0%대의 낙제(落第) 수준이다"",""role_status"":""미분류""},{""mention_id"":""n8"",""expression"":""0%"",""start"":73,""end"":75,""context"":""1%→0.1%’로 최근 3분기 연속(連續) 0%대의 낙제(落第) 수준이다."",""role_status"":""미분류""}]",[],COMPLETE
3,D3 정확한 값·세부 좌표,정확한 값 직접 비교,연간,연간,공식값 1개,기사값과 공식값의 단위 정규화 후 직접 비교,단일 세부조건(지역),기사 수치 없음,KOSIS 공식 API,묶음 실행 가능,공식 좌표 1개·공식값·공표정보를 확보하고 허용오차/부등호로 판정,A00513_2,작년 우리나라 수출의 1.9%에 해당하는 규모다.,HOLD,FETCH_FAILED,직접값 확인,직접값 확인,2025-02-09,수출액,1.9,%,2024,Y,KOSIS 세부 차원 통계표,공식값·공표정보 조회,확정된 공식 좌표의 값을 조회하지 못함,공식값 1개 직접 비교,calculation=DIRECT_VALUE | 세부문제유형=VALUE_FETCH_FAILED | 최신결과사유=FETCH_FAILED,12개 슬롯 + 통합 원장 진단 규칙,확정,A00513,2,,전국,,,,DIRECT_VALUE,,,UNDETERMINED,VALUE_FETCH_FAILED,FETCH_FAILED,,,,,,,,,,,1,1.9%,"[{""mention_id"":""n1"",""expression"":""1.9%"",""start"":12,""end"":16,""context"":""작년 우리나라 수출의 1.9%에 해당하는 규모다."",""role_status"":""미분류""}]",[],COMPLETE
3,D3 정확한 값·세부 좌표,정확한 값 직접 비교,분기,분기,공식값 1개,기사값과 공식값의 단위 정규화 후 직접 비교,단일 세부조건(지역),수치 1개,KOSIS 공식 API,묶음 실행 가능,공식 좌표 1개·공식값·공표정보를 확보하고 허용오차/부등호로 판정,A00514_8,당시 대규모 추경을 편성해 2008년 4분기 –4.6%까지 추락한 한국 경제성장률을 2010년 6.3%로 ‘V자 반등’을 이뤄내는데 크게 역할을 했다는 평가를 받는다.,HOLD,KOSIS_METADATA_UNAVAILABLE,직접값 확인,직접값 확인,2025-02-09,경제성장률,4.6,%,2008-Q4,Q,KOSIS 세부 차원 통계표,KOSIS 공식 구조 확인,KOSIS 표의 항목·기간·분류 구조 조회를 완료하지 못함,공식값 1개 직접 비교,calculation=DIRECT_VALUE | 세부문제유형=OFFICIAL_METADATA_LOOKUP | 최신결과사유=KOSIS_METADATA_UNAVAILABLE,12개 슬롯 + 통합 원장 진단 규칙,확정,A00514,8,,전국,,,"{""claimed_operands"": ""[{'raw': '6.3%', 'value': 6.3, 'unit': '%'}]""}",DIRECT_VALUE,,,UNDETERMINED,OFFICIAL_METADATA_LOOKUP,KOSIS_METADATA_UNAVAILABLE,,,,,,,,,,,5,2008년 | 4분기 | 4.6% | 2010년 | 6.3%,"[{""mention_id"":""n1"",""expression"":""2008년"",""start"":15,""end"":20,""context"":""당시 대규모 추경을 편성해 2008년 4분기 –4.6%까지 추락한 한국 경제성장"",""role_status"":""미분류""},{""mention_id"":""n2"",""expression"":""4분기"",""start"":21,""end"":24,""context"":""당시 대규모 추경을 편성해 2008년 4분기 –4.6%까지 추락한 한국 경제성장률을 2"",""role_status"":""미분류""},{""mention_id"":""n3"",""expression"":""4.6%"",""start"":26,""end"":30,""context"":"" 대규모 추경을 편성해 2008년 4분기 –4.6%까지 추락한 한국 경제성장률을 2010년 6"",""role_status"":""미분류""},{""mention_id"":""n4"",""expression"":""2010년"",""start"":47,""end"":52,""context"":""기 –4.6%까지 추락한 한국 경제성장률을 2010년 6.3%로 ‘V자 반등’을 이뤄내는데 크게"",""role_status"":""미분류""},{""mention_id"":""n5"",""expression"":""6.3%"",""start"":53,""end"":57,""context"":""%까지 추락한 한국 경제성장률을 2010년 6.3%로 ‘V자 반등’을 이뤄내는데 크게 역할을 "",""role_status"":""미분류""}]",[],COMPLETE
3,D3 정확한 값·세부 좌표,정확한 값 직접 비교,연간,연간,공식값 1개,기사값과 공식값의 단위 정규화 후 직접 비교,단일 세부조건(차원),수치 1개,KOSIS 공식 API,묶음 실행 가능,공식 좌표 1개·공식값·공표정보를 확보하고 허용오차/부등호로 판정,A00526_14,지난해 의약품 대미 수출액은 15억364만달러(약 2조2000억원)다.,HOLD,NO_EVIDENCE_COORDINATE_CANDIDATE,직접값 확인,직접값 확인,2025-02-10,수출액,1503640000,달러,2024,Y,KOSIS 세부 차원 통계표,필수 조건 검사,공식 구조는 확인했지만 실제 값을 조회할 좌표를 확정하지 못함,공식값 1개 직접 비교,calculation=DIRECT_VALUE | 세부문제유형=COORDINATE_GENERAL | 최신결과사유=NO_EVIDENCE_COORDINATE_CANDIDATE,12개 슬롯 + 통합 원장 진단 규칙,확정,A00526,14,,,,"{""raw"": ""{\""교역상대국\"": [\""미국\""]}""}","{""claimed_operands"": ""[{'raw': '2조2000억원', 'value': 2200000000000.0, 'unit': '원'}]""}",DIRECT_VALUE,,,UNDETERMINED,COORDINATE_GENERAL,NO_EVIDENCE_COORDINATE_CANDIDATE,,,,,,,,,,,2,15억364만달러 | 2조2000억원,"[{""mention_id"":""n1"",""expression"":""15억364만달러"",""start"":16,""end"":25,""context"":""지난해 의약품 대미 수출액은 15억364만달러(약 2조2000억원)다."",""role_status"":""미분류""},{""mention_id"":""n2"",""expression"":""2조2000억원"",""start"":28,""end"":36,""context"":""의약품 대미 수출액은 15억364만달러(약 2조2000억원)다."",""role_status"":""미분류""}]",[],COMPLETE
3,D3 정확한 값·세부 좌표,정확한 값 직접 비교,월간,월간,공식값 1개,기사값과 공식값의 단위 정규화 후 직접 비교,복합 세부조건(대상집단·차원),수치 2개,KOSIS 공식 API,묶음 실행 가능,공식 좌표 1개·공식값·공표정보를 확보하고 허용오차/부등호로 판정,A00579_13,"지난달 15~29세 청년층 취업자 수는 전년 동월 대비 21만8000명 줄었는데, 고용률 기준으로도 44.8%에 그치며 전년 동월 대비 1.5%포인트 감소했다.",AUTO,OUTSIDE_TOLERANCE,직접값 확인,직접값 확인,2025-02-14,취업자 수,1.5,%p,2025-01,M,KOSIS 세부 차원 통계표,최종 판정,기사 수치와 공식 계산값이 허용 오차를 벗어남,공식값 1개 직접 비교,calculation=DIRECT_VALUE | 세부문제유형=DONE | 최신결과사유=OUTSIDE_TOLERANCE,12개 슬롯 + 통합 원장 진단 규칙,확정,A00579,13,,,청년,"{""raw"": ""{\""연령\"": \""15~29세\""}""}","{""claimed_operands"": ""[{'raw': '21만8000명', 'value': 218000.0, 'unit': '명'}, {'raw': '44.8%', 'value': 44.8, 'unit': '%'}]""}",DIRECT_VALUE,"{""direction"": ""DECREASE""}",,MISMATCH,DONE,대시보드 재현 실패,https://kosis.kr/openapi/Param/statisticsParameterData.do?method=getList&orgId=101&tblId=DT_1DA7002S&itmId=T90&prdSe=M&startPrdDe=202501&endPrdDe=202501&objL1=75 | https://kosis.kr/openapi/Param/statisticsParameterData.do?method=getList&orgId=101&tblId=DT_1DA7002S&itmId=T90&prdSe=M&startPrdDe=202401&endPrdDe=202401&objL1=75,,,,,,,,,,4,15~29세 | 21만8000명 | 44.8% | 1.5%포인트,"[{""mention_id"":""n1"",""expression"":""15~29세"",""start"":4,""end"":10,""context"":""지난달 15~29세 청년층 취업자 수는 전년 동월 대비 21만"",""role_status"":""미분류""},{""mention_id"":""n2"",""expression"":""21만8000명"",""start"":31,""end"":39,""context"":""29세 청년층 취업자 수는 전년 동월 대비 21만8000명 줄었는데, 고용률 기준으로도 44.8%에 "",""role_status"":""미분류""},{""mention_id"":""n3"",""expression"":""44.8%"",""start"":56,""end"":61,""context"":""1만8000명 줄었는데, 고용률 기준으로도 44.8%에 그치며 전년 동월 대비 1.5%포인트 감"",""role_status"":""미분류""},{""mention_id"":""n4"",""expression"":""1.5%포인트"",""start"":76,""end"":83,""context"":""으로도 44.8%에 그치며 전년 동월 대비 1.5%포인트 감소했다."",""role_status"":""미분류""}]",[],COMPLETE
3,D3 정확한 값·세부 좌표,정확한 값 직접 비교,월간,월간,공식값 1개,기사값과 공식값의 단위 정규화 후 직접 비교,복합 세부조건(대상집단·차원),수치 1개,KOSIS 공식 API,묶음 실행 가능,공식 좌표 1개·공식값·공표정보를 확보하고 허용오차/부등호로 판정,A00579_15,"청년층 고용률은 지난해 5월(-0.7%포인트) 이후 9개월째 감소하고 있는데, 코로나가 시작된 2020년 3월~2021년 2월 이후 최장 기간 감소세가 유지되는 상황이다.",HOLD,NO_HARD_GUARD_CANDIDATE,직접값 확인,직접값 확인,2025-02-14,고용률,0.7,%p,2020-03,M,KOSIS 세부 차원 통계표,필수 조건 검사,기간·단위·지역 등 필수 조건을 모두 만족하는 공식 통계표 후보가 없음,공식값 1개 직접 비교,calculation=DIRECT_VALUE | 세부문제유형=HARD_GUARD_ALIAS | 최신결과사유=NO_HARD_GUARD_CANDIDATE,12개 슬롯 + 통합 원장 진단 규칙,확정,A00579,15,,,청년,"{""raw"": ""{\""연령집단\"": \""청년\""}""}","{""claimed_operands"": ""[{'raw': '9개', 'value': 9.0, 'unit': '개'}]""}",DIRECT_VALUE,"{""direction"": ""DECREASE""}",,UNDETERMINED,HARD_GUARD_ALIAS,NO_HARD_GUARD_CANDIDATE,,,,,,,,,,,7,5월 | -0.7%포인트 | 9개월 | 2020년 | 3월 | 2021년 | 2월,"[{""mention_id"":""n1"",""expression"":""5월"",""start"":13,""end"":15,""context"":""청년층 고용률은 지난해 5월(-0.7%포인트) 이후 9개월째 감소하고 "",""role_status"":""미분류""},{""mention_id"":""n2"",""expression"":""-0.7%포인트"",""start"":16,""end"":24,""context"":""청년층 고용률은 지난해 5월(-0.7%포인트) 이후 9개월째 감소하고 있는데, 코로나가"",""role_status"":""미분류""},{""mention_id"":""n3"",""expression"":""9개월"",""start"":29,""end"":32,""context"":""용률은 지난해 5월(-0.7%포인트) 이후 9개월째 감소하고 있는데, 코로나가 시작된 202"",""role_status"":""미분류""},{""mention_id"":""n4"",""expression"":""2020년"",""start"":53,""end"":58,""context"":""9개월째 감소하고 있는데, 코로나가 시작된 2020년 3월~2021년 2월 이후 최장 기간 감소"",""role_status"":""미분류""},{""mention_id"":""n5"",""expression"":""3월"",""start"":59,""end"":61,""context"":""소하고 있는데, 코로나가 시작된 2020년 3월~2021년 2월 이후 최장 기간 감소세가 "",""role_status"":""미분류""},{""mention_id"":""n6"",""expression"":""2021년"",""start"":62,""end"":67,""context"":"" 있는데, 코로나가 시작된 2020년 3월~2021년 2월 이후 최장 기간 감소세가 유지되는 상"",""role_status"":""미분류""},{""mention_id"":""n7"",""expression"":""2월"",""start"":68,""end"":70,""context"":""코로나가 시작된 2020년 3월~2021년 2월 이후 최장 기간 감소세가 유지되는 상황이다"",""role_status"":""미분류""}]",[],COMPLETE
3,D3 정확한 값·세부 좌표,정확한 값 직접 비교,월간,월간,공식값 1개,기사값과 공식값의 단위 정규화 후 직접 비교,복합 세부조건(대상집단·차원),수치 2개,KOSIS 공식 API,묶음 실행 가능,공식 좌표 1개·공식값·공표정보를 확보하고 허용오차/부등호로 판정,A00588_15,"작년 12월 취업자가 코로나가 한창이던 2021년 2월 47만3000명 줄어든 이후 3년 10개월 만에 5만2000명이 줄어든 것에선 회복됐지만, 속을 들여다보면 청년과 건설업 일자리 등을 중심으로 ‘고용 쇼크’ 수준의 충격이 이어지고 있다.",HOLD,NO_HARD_GUARD_CANDIDATE,직접값 확인,직접값 확인,2025-02-15,취업자 수,473000,명,2021-02,M,KOSIS 세부 차원 통계표,필수 조건 검사,기간·단위·지역 등 필수 조건을 모두 만족하는 공식 통계표 후보가 없음,공식값 1개 직접 비교,calculation=DIRECT_VALUE | 세부문제유형=HARD_GUARD_ALIAS | 최신결과사유=NO_HARD_GUARD_CANDIDATE,12개 슬롯 + 통합 원장 진단 규칙,확정,A00588,15,,,청년,"{""raw"": ""{\""연령집단\"": \""청년\"", \""산업\"": [\""건설업\""]}""}","{""claimed_operands"": ""[{'raw': '10개', 'value': 10.0, 'unit': '개'}, {'raw': '5만2000명', 'value': 52000.0, 'unit': '명'}]""}",DIRECT_VALUE,"{""direction"": ""DECREASE""}",,UNDETERMINED,HARD_GUARD_ALIAS,NO_HARD_GUARD_CANDIDATE,,,,,,,,,,,7,12월 | 2021년 | 2월 | 47만3000명 | 3년 | 10개월 | 5만2000명,"[{""mention_id"":""n1"",""expression"":""12월"",""start"":3,""end"":6,""context"":""작년 12월 취업자가 코로나가 한창이던 2021년 2월"",""role_status"":""미분류""},{""mention_id"":""n2"",""expression"":""2021년"",""start"":22,""end"":27,""context"":""작년 12월 취업자가 코로나가 한창이던 2021년 2월 47만3000명 줄어든 이후 3년 1"",""role_status"":""미분류""},{""mention_id"":""n3"",""expression"":""2월"",""start"":28,""end"":30,""context"":""2월 취업자가 코로나가 한창이던 2021년 2월 47만3000명 줄어든 이후 3년 10개월"",""role_status"":""미분류""},{""mention_id"":""n4"",""expression"":""47만3000명"",""start"":31,""end"":39,""context"":""취업자가 코로나가 한창이던 2021년 2월 47만3000명 줄어든 이후 3년 10개월 만에 5만200"",""role_status"":""미분류""},{""mention_id"":""n5"",""expression"":""3년"",""start"":47,""end"":49,""context"":""021년 2월 47만3000명 줄어든 이후 3년 10개월 만에 5만2000명이 줄어든 것에"",""role_status"":""미분류""},{""mention_id"":""n6"",""expression"":""10개월"",""start"":50,""end"":54,""context"":""년 2월 47만3000명 줄어든 이후 3년 10개월 만에 5만2000명이 줄어든 것에선 회복됐"",""role_status"":""미분류""},{""mention_id"":""n7"",""expression"":""5만2000명"",""start"":58,""end"":65,""context"":""3000명 줄어든 이후 3년 10개월 만에 5만2000명이 줄어든 것에선 회복됐지만, 속을 들여다보"",""role_status"":""미분류""}]",[],COMPLETE
3,D3 정확한 값·세부 좌표,정확한 값 직접 비교,연간,연간,공식값 1개,기사값과 공식값의 단위 정규화 후 직접 비교,복합 세부조건(대상집단·차원),수치 2개,KOSIS 공식 API,묶음 실행 가능,공식 좌표 1개·공식값·공표정보를 확보하고 허용오차/부등호로 판정,A00588_16,"청년(15~29세)층 취업자는 전년 동월 대비 21만8000명 줄었고, 청년 고용률(44.8%)도 1.5%포인트 감소했다.",HOLD,FETCH_FAILED,직접값 확인,직접값 확인,2025-02-15,고용률,1.5,%p,2025,Y,KOSIS 세부 차원 통계표,공식값조회,확정된 공식 좌표의 값을 조회하지 못함,공식값 1개 직접 비교,calculation=DIRECT_VALUE | 세부문제유형=VALUE_FETCH_FAILED | 최신결과사유=FETCH_FAILED,12개 슬롯 + 통합 원장 진단 규칙,확정,A00588,16,,,청년,"{""raw"": ""{\""연령\"": \""15~29세\""}""}","{""claimed_operands"": ""[{'raw': '21만8000명', 'value': 218000.0, 'unit': '명'}, {'raw': '44.8%', 'value': 44.8, 'unit': '%'}]""}",DIRECT_VALUE,"{""direction"": ""DECREASE""}",,UNDETERMINED,VALUE_FETCH_FAILED,FETCH_FAILED,,,,,,,,,,,4,15~29세 | 21만8000명 | 44.8% | 1.5%포인트,"[{""mention_id"":""n1"",""expression"":""15~29세"",""start"":3,""end"":9,""context"":""청년(15~29세)층 취업자는 전년 동월 대비 21만8000"",""role_status"":""미분류""},{""mention_id"":""n2"",""expression"":""21만8000명"",""start"":26,""end"":34,""context"":""(15~29세)층 취업자는 전년 동월 대비 21만8000명 줄었고, 청년 고용률(44.8%)도 1.5"",""role_status"":""미분류""},{""mention_id"":""n3"",""expression"":""44.8%"",""start"":47,""end"":52,""context"":""대비 21만8000명 줄었고, 청년 고용률(44.8%)도 1.5%포인트 감소했다."",""role_status"":""미분류""},{""mention_id"":""n4"",""expression"":""1.5%포인트"",""start"":55,""end"":62,""context"":""00명 줄었고, 청년 고용률(44.8%)도 1.5%포인트 감소했다."",""role_status"":""미분류""}]",[],COMPLETE
3,D3 정확한 값·세부 좌표,정확한 값 직접 비교,연간,연간,공식값 1개,기사값과 공식값의 단위 정규화 후 직접 비교,단일 세부조건(차원),수치 1개,KOSIS 공식 API,묶음 실행 가능,공식 좌표 1개·공식값·공표정보를 확보하고 허용오차/부등호로 판정,A00588_18,"또 40~50대 종사자가 많은 건설업 취업자 수는 16만9000명 줄었는데, 통계청이 2013년 관련 통계를 집계한 이후 감소 폭이 가장 컸다.",HOLD,KOSIS_METADATA_UNAVAILABLE,직접값 확인,직접값 확인,2025-02-15,취업자 수,50,대,2013,Y,KOSIS 세부 차원 통계표,KOSIS 공식 구조 확인,KOSIS 표의 항목·기간·분류 구조 조회를 완료하지 못함,공식값 1개 직접 비교,calculation=DIRECT_VALUE | 세부문제유형=OFFICIAL_METADATA_LOOKUP | 최신결과사유=KOSIS_METADATA_UNAVAILABLE,12개 슬롯 + 통합 원장 진단 규칙,확정,A00588,18,,,,"{""raw"": ""{\""산업\"": [\""건설업\""]}""}","{""claimed_operands"": ""[{'raw': '16만9000명', 'value': 169000.0, 'unit': '명'}]""}",DIRECT_VALUE,"{""direction"": ""DECREASE""}",통계청,UNDETERMINED,OFFICIAL_METADATA_LOOKUP,KOSIS_METADATA_UNAVAILABLE,,,,,,,,,,,3,40~50대 | 16만9000명 | 2013년,"[{""mention_id"":""n1"",""expression"":""40~50대"",""start"":2,""end"":8,""context"":""또 40~50대 종사자가 많은 건설업 취업자 수는 16만9"",""role_status"":""미분류""},{""mention_id"":""n2"",""expression"":""16만9000명"",""start"":28,""end"":36,""context"":""~50대 종사자가 많은 건설업 취업자 수는 16만9000명 줄었는데, 통계청이 2013년 관련 통계를"",""role_status"":""미분류""},{""mention_id"":""n3"",""expression"":""2013년"",""start"":48,""end"":53,""context"":"" 수는 16만9000명 줄었는데, 통계청이 2013년 관련 통계를 집계한 이후 감소 폭이 가장 "",""role_status"":""미분류""}]",[],COMPLETE
3,D3 정확한 값·세부 좌표,정확한 값 직접 비교,연간,연간,공식값 1개,기사값과 공식값의 단위 정규화 후 직접 비교,복합 세부조건(지역·차원),기사 수치 없음,KOSIS 공식 API,묶음 실행 가능,공식 좌표 1개·공식값·공표정보를 확보하고 허용오차/부등호로 판정,A00600_23,"한국GM은 과거 대우자동차 시절부터 구축한 부품 생태계 등 국내 제조 기반을 바탕으로 대미 수출을 지난해 42만대까지 늘렸지만, 관세가 붙으면 대미 수출 판로가 막힐 수 있다는 것이다.",HOLD,NO_EVIDENCE_COORDINATE_CANDIDATE,직접값 확인,직접값 확인,2025-02-16,수출액,420000,대,2024,Y,KOSIS 세부 차원 통계표,필수 조건 검사,공식 구조는 확인했지만 실제 값을 조회할 좌표를 확정하지 못함,공식값 1개 직접 비교,calculation=DIRECT_VALUE | 세부문제유형=COORDINATE_GENERAL | 최신결과사유=NO_EVIDENCE_COORDINATE_CANDIDATE,12개 슬롯 + 통합 원장 진단 규칙,확정,A00600,23,,전국,,"{""raw"": ""{\""품목\"": [\""자동차\""], \""교역상대국\"": [\""미국\""]}""}",,DIRECT_VALUE,,,UNDETERMINED,COORDINATE_GENERAL,NO_EVIDENCE_COORDINATE_CANDIDATE,,,,,,,,,,,1,42만대,"[{""mention_id"":""n1"",""expression"":""42만대"",""start"":59,""end"":63,""context"":"" 제조 기반을 바탕으로 대미 수출을 지난해 42만대까지 늘렸지만, 관세가 붙으면 대미 수출 판"",""role_status"":""미분류""}]",[],COMPLETE
3,D3 정확한 값·세부 좌표,정확한 값 직접 비교,연간,연간,공식값 1개,기사값과 공식값의 단위 정규화 후 직접 비교,단일 세부조건(차원),기사 수치 없음,KOSIS 공식 API,묶음 실행 가능,공식 좌표 1개·공식값·공표정보를 확보하고 허용오차/부등호로 판정,A00621_11,"건설업 취업자 수도 1년 새 16만9000명이나 줄어, 2013년 이후 모든 월 기준 가장 큰 낙폭을 기록했다.",HOLD,NO_HARD_GUARD_CANDIDATE,직접값 확인,직접값 확인,2025-02-17,취업자 수,169000,명,2013,Y,KOSIS 세부 차원 통계표,필수 조건 검사,기간·단위·지역 등 필수 조건을 모두 만족하는 공식 통계표 후보가 없음,공식값 1개 직접 비교,calculation=DIRECT_VALUE | 세부문제유형=HARD_GUARD_ALIAS | 최신결과사유=NO_HARD_GUARD_CANDIDATE,12개 슬롯 + 통합 원장 진단 규칙,확정,A00621,11,,,,"{""raw"": ""{\""산업\"": [\""건설업\""]}""}",,DIRECT_VALUE,"{""direction"": ""DECREASE""}",,UNDETERMINED,HARD_GUARD_ALIAS,NO_HARD_GUARD_CANDIDATE,,,,,,,,,,,3,1년 | 16만9000명 | 2013년,"[{""mention_id"":""n1"",""expression"":""1년"",""start"":11,""end"":13,""context"":""건설업 취업자 수도 1년 새 16만9000명이나 줄어, 2013년 "",""role_status"":""미분류""},{""mention_id"":""n2"",""expression"":""16만9000명"",""start"":16,""end"":24,""context"":""건설업 취업자 수도 1년 새 16만9000명이나 줄어, 2013년 이후 모든 월 기준 "",""role_status"":""미분류""},{""mention_id"":""n3"",""expression"":""2013년"",""start"":31,""end"":36,""context"":"" 수도 1년 새 16만9000명이나 줄어, 2013년 이후 모든 월 기준 가장 큰 낙폭을 기록했"",""role_status"":""미분류""}]",[],COMPLETE
3,D3 정확한 값·세부 좌표,정확한 값 직접 비교,연간,연간,공식값 1개,기사값과 공식값의 단위 정규화 후 직접 비교,단일 세부조건(차원),수치 2개,KOSIS 공식 API,묶음 실행 가능,공식 좌표 1개·공식값·공표정보를 확보하고 허용오차/부등호로 판정,A00692_3,"대미 수출액은 2021년 69억1200만달러에서 2022년 80억3000만달러, 2023년 80억8700만달러로 늘어왔다.",HOLD,NO_EVIDENCE_COORDINATE_CANDIDATE,직접값 확인,직접값 확인,2025-02-23,수출액,6912000000,달러,2021,Y,KOSIS 세부 차원 통계표,필수 조건 검사,공식 구조는 확인했지만 실제 값을 조회할 좌표를 확정하지 못함,공식값 1개 직접 비교,calculation=DIRECT_VALUE | 세부문제유형=COORDINATE_GENERAL | 최신결과사유=NO_EVIDENCE_COORDINATE_CANDIDATE,12개 슬롯 + 통합 원장 진단 규칙,확정,A00692,3,,,,"{""raw"": ""{\""교역상대국\"": [\""미국\""]}""}","{""claimed_operands"": ""[{'raw': '80억3000만달러', 'value': 8030000000.0, 'unit': '달러'}, {'raw': '80억8700만달러', 'value': 8087000000.0, 'unit': '달러'}]""}",DIRECT_VALUE,"{""direction"": ""INCREASE""}",,UNDETERMINED,COORDINATE_GENERAL,NO_EVIDENCE_COORDINATE_CANDIDATE,,,,,,,,,,,6,2021년 | 69억1200만달러 | 2022년 | 80억3000만달러 | 2023년 | 80억8700만달러,"[{""mention_id"":""n1"",""expression"":""2021년"",""start"":8,""end"":13,""context"":""대미 수출액은 2021년 69억1200만달러에서 2022년 80억3"",""role_status"":""미분류""},{""mention_id"":""n2"",""expression"":""69억1200만달러"",""start"":14,""end"":24,""context"":""대미 수출액은 2021년 69억1200만달러에서 2022년 80억3000만달러, 202"",""role_status"":""미분류""},{""mention_id"":""n3"",""expression"":""2022년"",""start"":27,""end"":32,""context"":""수출액은 2021년 69억1200만달러에서 2022년 80억3000만달러, 2023년 80억87"",""role_status"":""미분류""},{""mention_id"":""n4"",""expression"":""80억3000만달러"",""start"":33,""end"":43,""context"":""021년 69억1200만달러에서 2022년 80억3000만달러, 2023년 80억8700만달러로 늘어왔다"",""role_status"":""미분류""},{""mention_id"":""n5"",""expression"":""2023년"",""start"":45,""end"":50,""context"":""만달러에서 2022년 80억3000만달러, 2023년 80억8700만달러로 늘어왔다."",""role_status"":""미분류""},{""mention_id"":""n6"",""expression"":""80억8700만달러"",""start"":51,""end"":61,""context"":""2022년 80억3000만달러, 2023년 80억8700만달러로 늘어왔다."",""role_status"":""미분류""}]",[],COMPLETE
3,D3 정확한 값·세부 좌표,정확한 값 직접 비교,연간,연간,공식값 1개,기사값과 공식값의 단위 정규화 후 직접 비교,단일 세부조건(차원),수치 1개,KOSIS 공식 API,묶음 실행 가능,공식 좌표 1개·공식값·공표정보를 확보하고 허용오차/부등호로 판정,A00692_4,"작년 전체 자동차 부품 수출액은 총 225억4700만달러(약 32조4300억원)로, 이 중 대미 수출 비중(36.5％)이 가장 컸다.",HOLD,NO_HARD_GUARD_CANDIDATE,직접값 확인,직접값 확인,2025-02-23,수출액,22547000000,달러,2024,Y,KOSIS 세부 차원 통계표,필수 조건 검사,기간·단위·지역 등 필수 조건을 모두 만족하는 공식 통계표 후보가 없음,공식값 1개 직접 비교,calculation=DIRECT_VALUE | 세부문제유형=HARD_GUARD_ALIAS | 최신결과사유=NO_HARD_GUARD_CANDIDATE,12개 슬롯 + 통합 원장 진단 규칙,확정,A00692,4,,,,"{""raw"": ""{\""품목\"": [\""자동차\""], \""교역상대국\"": [\""미국\""]}""}","{""claimed_operands"": ""[{'raw': '32조4300억원', 'value': 32430000000000.0, 'unit': '원'}]""}",DIRECT_VALUE,,,UNDETERMINED,HARD_GUARD_ALIAS,NO_HARD_GUARD_CANDIDATE,,,,,,,,,,,3,225억4700만달러 | 32조4300억원 | 36.5％,"[{""mention_id"":""n1"",""expression"":""225억4700만달러"",""start"":20,""end"":31,""context"":""작년 전체 자동차 부품 수출액은 총 225억4700만달러(약 32조4300억원)로, 이 중 대미 수"",""role_status"":""미분류""},{""mention_id"":""n2"",""expression"":""32조4300억원"",""start"":34,""end"":43,""context"":""부품 수출액은 총 225억4700만달러(약 32조4300억원)로, 이 중 대미 수출 비중(36.5％)이"",""role_status"":""미분류""},{""mention_id"":""n3"",""expression"":""36.5％"",""start"":60,""end"":65,""context"":""조4300억원)로, 이 중 대미 수출 비중(36.5％)이 가장 컸다."",""role_status"":""미분류""}]",[],COMPLETE
3,D3 정확한 값·세부 좌표,정확한 값 직접 비교,연간,연간,공식값 1개,기사값과 공식값의 단위 정규화 후 직접 비교,단일 세부조건(차원),기사 수치 없음,KOSIS 공식 API,묶음 실행 가능,공식 좌표 1개·공식값·공표정보를 확보하고 허용오차/부등호로 판정,A00709_8,"생산연령인구(15~64세)는 2017년(3686만명)을 정점으로 하락세로 돌아섰지만, 고령자 취업이 늘어난 데다 상대적으로 인구가 많은 1990년대 초반생들이 때맞춰 취업 시장에 적극 뛰어들면서 취업자 수를 끌어올렸던 것이다.",HOLD,FETCH_FAILED,직접값 확인,직접값 확인,2025-02-24,취업자 수,36860000,명,2017,Y,KOSIS 세부 차원 통계표,공식값·공표정보 조회,확정된 공식 좌표의 값을 조회하지 못함,공식값 1개 직접 비교,calculation=DIRECT_VALUE | 세부문제유형=VALUE_FETCH_FAILED | 최신결과사유=FETCH_FAILED,12개 슬롯 + 통합 원장 진단 규칙,확정,A00709,8,,,,"{""raw"": ""{\""연령\"": \""15~64세\""}""}",,DIRECT_VALUE,"{""direction"": ""DECREASE""}",,UNDETERMINED,VALUE_FETCH_FAILED,FETCH_FAILED,,,,,,,,,,,4,15~64세 | 2017년 | 3686만명 | 1990년,"[{""mention_id"":""n1"",""expression"":""15~64세"",""start"":7,""end"":13,""context"":""생산연령인구(15~64세)는 2017년(3686만명)을 정점으로 하"",""role_status"":""미분류""},{""mention_id"":""n2"",""expression"":""2017년"",""start"":16,""end"":21,""context"":""생산연령인구(15~64세)는 2017년(3686만명)을 정점으로 하락세로 돌아섰지"",""role_status"":""미분류""},{""mention_id"":""n3"",""expression"":""3686만명"",""start"":22,""end"":28,""context"":""생산연령인구(15~64세)는 2017년(3686만명)을 정점으로 하락세로 돌아섰지만, 고령자 "",""role_status"":""미분류""},{""mention_id"":""n4"",""expression"":""1990년"",""start"":76,""end"":81,""context"":""취업이 늘어난 데다 상대적으로 인구가 많은 1990년대 초반생들이 때맞춰 취업 시장에 적극 뛰어"",""role_status"":""미분류""}]",[],COMPLETE
3,D3 정확한 값·세부 좌표,정확한 값 직접 비교,연간,연간,공식값 1개,기사값과 공식값의 단위 정규화 후 직접 비교,단일 세부조건(차원),수치 1개,KOSIS 공식 API,묶음 실행 가능,공식 좌표 1개·공식값·공표정보를 확보하고 허용오차/부등호로 판정,A00723_14,"여기에 지난달 건설업 취업자 수가 192만1000명을 기록해, 코로나 팬데믹 당시였던 2021년 이후 3년 만에 200만명 아래로 떨어졌다.",HOLD,NO_HARD_GUARD_CANDIDATE,직접값 확인,직접값 확인,2025-02-25,취업자 수,1921000,명,2021,Y,KOSIS 세부 차원 통계표,필수 조건 검사,기간·단위·지역 등 필수 조건을 모두 만족하는 공식 통계표 후보가 없음,공식값 1개 직접 비교,calculation=DIRECT_VALUE | 세부문제유형=HARD_GUARD_ALIAS | 최신결과사유=NO_HARD_GUARD_CANDIDATE,12개 슬롯 + 통합 원장 진단 규칙,확정,A00723,14,,,,"{""raw"": ""{\""산업\"": [\""건설업\""]}""}","{""claimed_operands"": ""[{'raw': '200만명', 'value': 2000000.0, 'unit': '명'}]""}",DIRECT_VALUE,"{""direction"": ""DECREASE""}",,UNDETERMINED,HARD_GUARD_ALIAS,NO_HARD_GUARD_CANDIDATE,,,,,,,,,,,4,192만1000명 | 2021년 | 3년 | 200만명,"[{""mention_id"":""n1"",""expression"":""192만1000명"",""start"":19,""end"":28,""context"":""여기에 지난달 건설업 취업자 수가 192만1000명을 기록해, 코로나 팬데믹 당시였던 2021"",""role_status"":""미분류""},{""mention_id"":""n2"",""expression"":""2021년"",""start"":48,""end"":53,""context"":""000명을 기록해, 코로나 팬데믹 당시였던 2021년 이후 3년 만에 200만명 아래로 떨어졌다"",""role_status"":""미분류""},{""mention_id"":""n3"",""expression"":""3년"",""start"":57,""end"":59,""context"":"", 코로나 팬데믹 당시였던 2021년 이후 3년 만에 200만명 아래로 떨어졌다."",""role_status"":""미분류""},{""mention_id"":""n4"",""expression"":""200만명"",""start"":63,""end"":68,""context"":""팬데믹 당시였던 2021년 이후 3년 만에 200만명 아래로 떨어졌다."",""role_status"":""미분류""}]",[],COMPLETE
3,D3 정확한 값·세부 좌표,정확한 값 직접 비교,연간,연간,공식값 1개,기사값과 공식값의 단위 정규화 후 직접 비교,단일 세부조건(지역),기사 수치 없음,KOSIS 공식 API,묶음 실행 가능,공식 좌표 1개·공식값·공표정보를 확보하고 허용오차/부등호로 판정,A00749_10,◇출산율 반등 주역은 ‘에코 붐 세대’ 2011년 이후 13년 만에 혼인 건수와 출생아 수가 모두 늘어나면서 ‘인구 소멸 1호 국가’로 지목돼온 한국이 저출생 극복을 위한 골든 타임을 맞이했다는 진단이 나온다.,HOLD,KOSIS_METADATA_UNAVAILABLE,직접값 확인,직접값 확인,2025-02-27,출생아 수,1,호,2011,Y,KOSIS 세부 차원 통계표,KOSIS 공식 구조 확인,KOSIS 표의 항목·기간·분류 구조 조회를 완료하지 못함,공식값 1개 직접 비교,calculation=DIRECT_VALUE | 세부문제유형=OFFICIAL_METADATA_LOOKUP | 최신결과사유=KOSIS_METADATA_UNAVAILABLE,12개 슬롯 + 통합 원장 진단 규칙,확정,A00749,10,,전국,,,,DIRECT_VALUE,"{""direction"": ""INCREASE""}",,UNDETERMINED,OFFICIAL_METADATA_LOOKUP,KOSIS_METADATA_UNAVAILABLE,,,,,,,,,,,4,세대 | 2011년 | 13년 | 1호,"[{""mention_id"":""n1"",""expression"":""세대"",""start"":18,""end"":20,""context"":""◇출산율 반등 주역은 ‘에코 붐 세대’ 2011년 이후 13년 만에 혼인 건수와"",""role_status"":""미분류""},{""mention_id"":""n2"",""expression"":""2011년"",""start"":22,""end"":27,""context"":""◇출산율 반등 주역은 ‘에코 붐 세대’ 2011년 이후 13년 만에 혼인 건수와 출생아 수가"",""role_status"":""미분류""},{""mention_id"":""n3"",""expression"":""13년"",""start"":31,""end"":34,""context"":"" 주역은 ‘에코 붐 세대’ 2011년 이후 13년 만에 혼인 건수와 출생아 수가 모두 늘어나"",""role_status"":""미분류""},{""mention_id"":""n4"",""expression"":""1호"",""start"":68,""end"":70,""context"":"" 출생아 수가 모두 늘어나면서 ‘인구 소멸 1호 국가’로 지목돼온 한국이 저출생 극복을 위"",""role_status"":""미분류""}]",[],COMPLETE
3,D3 정확한 값·세부 좌표,정확한 값 직접 비교,월간,월간,공식값 1개,기사값과 공식값의 단위 정규화 후 직접 비교,단일 세부조건(차원),수치 2개,KOSIS 공식 API,묶음 실행 가능,공식 좌표 1개·공식값·공표정보를 확보하고 허용오차/부등호로 판정,A00774_12,"반도체 수출은 지난달까지 9개월 연속 100억달러를 넘겼고, 15개월 연속 증가세를 유지했지만, 2월 들어 그 흐름이 깨졌다.",HOLD,NO_HARD_GUARD_CANDIDATE,직접값 확인,직접값 확인,2025-03-01,수출액,9,개,2025-02,M,KOSIS 세부 차원 통계표,필수 조건 검사,기간·단위·지역 등 필수 조건을 모두 만족하는 공식 통계표 후보가 없음,공식값 1개 직접 비교,calculation=DIRECT_VALUE | 세부문제유형=HARD_GUARD_ALIAS | 최신결과사유=NO_HARD_GUARD_CANDIDATE,12개 슬롯 + 통합 원장 진단 규칙,확정,A00774,12,,,,"{""raw"": ""{\""품목\"": [\""반도체\""]}""}","{""claimed_operands"": ""[{'raw': '100억달러', 'value': 10000000000.0, 'unit': '달러'}, {'raw': '15개', 'value': 15.0, 'unit': '개'}]""}",DIRECT_VALUE,"{""direction"": ""INCREASE""}",,UNDETERMINED,HARD_GUARD_ALIAS,NO_HARD_GUARD_CANDIDATE,,,,,,,,,,,4,9개월 | 100억달러 | 15개월 | 2월,"[{""mention_id"":""n1"",""expression"":""9개월"",""start"":14,""end"":17,""context"":""반도체 수출은 지난달까지 9개월 연속 100억달러를 넘겼고, 15개월 연속"",""role_status"":""미분류""},{""mention_id"":""n2"",""expression"":""100억달러"",""start"":21,""end"":27,""context"":""반도체 수출은 지난달까지 9개월 연속 100억달러를 넘겼고, 15개월 연속 증가세를 유지했지"",""role_status"":""미분류""},{""mention_id"":""n3"",""expression"":""15개월"",""start"":34,""end"":38,""context"":""달까지 9개월 연속 100억달러를 넘겼고, 15개월 연속 증가세를 유지했지만, 2월 들어 그 "",""role_status"":""미분류""},{""mention_id"":""n4"",""expression"":""2월"",""start"":54,""end"":56,""context"":""겼고, 15개월 연속 증가세를 유지했지만, 2월 들어 그 흐름이 깨졌다."",""role_status"":""미분류""}]",[],COMPLETE
3,D3 정확한 값·세부 좌표,정확한 값 직접 비교,월간,월간,공식값 1개,기사값과 공식값의 단위 정규화 후 직접 비교,단일 세부조건(지역),수치 3개,KOSIS 공식 API,묶음 실행 가능,공식 좌표 1개·공식값·공표정보를 확보하고 허용오차/부등호로 판정,A00782_8,"관세 부과 가능성이 커지는 가운데 지난 1월 투싼 1.6 HEV 모델은 국내 생산 8338대 가운데 71%에 달하는 5905대가 수출됐고, 싼타페도 1.6 HEV 생산량 중 35%가 수출됐다.",HOLD,NO_EVIDENCE_COORDINATE_CANDIDATE,직접값 확인,직접값 확인,2025-03-02,생산량,8338,대,2025-01,M,KOSIS 세부 차원 통계표,필수 조건 검사,공식 구조는 확인했지만 실제 값을 조회할 좌표를 확정하지 못함,공식값 1개 직접 비교,calculation=DIRECT_VALUE | 세부문제유형=COORDINATE_GENERAL | 최신결과사유=NO_EVIDENCE_COORDINATE_CANDIDATE,12개 슬롯 + 통합 원장 진단 규칙,확정,A00782,8,,전국,,,"{""claimed_operands"": ""[{'raw': '71%', 'value': 71.0, 'unit': '%'}, {'raw': '5905대', 'value': 5905.0, 'unit': '대'}, {'raw': '35%', 'value': 35.0, 'unit': '%'}]""}",DIRECT_VALUE,,,UNDETERMINED,COORDINATE_GENERAL,NO_EVIDENCE_COORDINATE_CANDIDATE,,,,,,,,,,,7,1월 | 1.6 | 8338대 | 71% | 5905대 | 1.6 | 35%,"[{""mention_id"":""n1"",""expression"":""1월"",""start"":22,""end"":24,""context"":""관세 부과 가능성이 커지는 가운데 지난 1월 투싼 1.6 HEV 모델은 국내 생산 83"",""role_status"":""미분류""},{""mention_id"":""n2"",""expression"":""1.6"",""start"":28,""end"":31,""context"":""과 가능성이 커지는 가운데 지난 1월 투싼 1.6 HEV 모델은 국내 생산 8338대 가운데"",""role_status"":""미분류""},{""mention_id"":""n3"",""expression"":""8338대"",""start"":46,""end"":51,""context"":""1월 투싼 1.6 HEV 모델은 국내 생산 8338대 가운데 71%에 달하는 5905대가 수출됐"",""role_status"":""미분류""},{""mention_id"":""n4"",""expression"":""71%"",""start"":56,""end"":59,""context"":""HEV 모델은 국내 생산 8338대 가운데 71%에 달하는 5905대가 수출됐고, 싼타페도 "",""role_status"":""미분류""},{""mention_id"":""n5"",""expression"":""5905대"",""start"":65,""end"":70,""context"":""내 생산 8338대 가운데 71%에 달하는 5905대가 수출됐고, 싼타페도 1.6 HEV 생산량"",""role_status"":""미분류""},{""mention_id"":""n6"",""expression"":""1.6"",""start"":83,""end"":86,""context"":""에 달하는 5905대가 수출됐고, 싼타페도 1.6 HEV 생산량 중 35%가 수출됐다."",""role_status"":""미분류""},{""mention_id"":""n7"",""expression"":""35%"",""start"":97,""end"":100,""context"":""출됐고, 싼타페도 1.6 HEV 생산량 중 35%가 수출됐다."",""role_status"":""미분류""}]",[],COMPLETE
3,D3 정확한 값·세부 좌표,정확한 값 직접 비교,월간,월간,공식값 1개,기사값과 공식값의 단위 정규화 후 직접 비교,단일 세부조건(지역),기사 수치 없음,KOSIS 공식 API,묶음 실행 가능,공식 좌표 1개·공식값·공표정보를 확보하고 허용오차/부등호로 판정,A00789_2,HMG그룹은 지난 1월 경기 용인시 처인구 역북동 신대지구 도시개발사업 공동주택 용지를 1813억원에 매입했다.,HOLD,NO_HARD_GUARD_CANDIDATE,직접값 확인,직접값 확인,2025-03-02,총인구,181300000000,원,2025-01,M,KOSIS 세부 차원 통계표,필수 조건 검사,기간·단위·지역 등 필수 조건을 모두 만족하는 공식 통계표 후보가 없음,공식값 1개 직접 비교,calculation=DIRECT_VALUE | 세부문제유형=HARD_GUARD_ALIAS | 최신결과사유=NO_HARD_GUARD_CANDIDATE,12개 슬롯 + 통합 원장 진단 규칙,확정,A00789,2,,경기,,,,DIRECT_VALUE,,,UNDETERMINED,HARD_GUARD_ALIAS,NO_HARD_GUARD_CANDIDATE,,,,,,,,,,,2,1월 | 1813억원,"[{""mention_id"":""n1"",""expression"":""1월"",""start"":10,""end"":12,""context"":""HMG그룹은 지난 1월 경기 용인시 처인구 역북동 신대지구 도시개"",""role_status"":""미분류""},{""mention_id"":""n2"",""expression"":""1813억원"",""start"":49,""end"":55,""context"":""북동 신대지구 도시개발사업 공동주택 용지를 1813억원에 매입했다."",""role_status"":""미분류""}]",[],COMPLETE
3,D3 정확한 값·세부 좌표,정확한 값 직접 비교,연간,연간,공식값 1개,기사값과 공식값의 단위 정규화 후 직접 비교,단일 세부조건(차원),기사 수치 없음,KOSIS 공식 API,묶음 실행 가능,공식 좌표 1개·공식값·공표정보를 확보하고 허용오차/부등호로 판정,A00830_5,대미 수입품에 대한 평균 관세율은 작년 기준 0.79% 수준이다.,HOLD,NO_HARD_GUARD_CANDIDATE,직접값 확인,직접값 확인,2025-03-05,수입액,0.79,%,2024,Y,KOSIS 세부 차원 통계표,필수 조건 검사,기간·단위·지역 등 필수 조건을 모두 만족하는 공식 통계표 후보가 없음,공식값 1개 직접 비교,calculation=DIRECT_VALUE | 세부문제유형=HARD_GUARD_ALIAS | 최신결과사유=NO_HARD_GUARD_CANDIDATE,12개 슬롯 + 통합 원장 진단 규칙,확정,A00830,5,,,,"{""raw"": ""{\""교역상대국\"": [\""미국\""]}""}",,DIRECT_VALUE,,,UNDETERMINED,HARD_GUARD_ALIAS,NO_HARD_GUARD_CANDIDATE,,,,,,,,,,,1,0.79%,"[{""mention_id"":""n1"",""expression"":""0.79%"",""start"":25,""end"":30,""context"":""미 수입품에 대한 평균 관세율은 작년 기준 0.79% 수준이다."",""role_status"":""미분류""}]",[],COMPLETE
3,D3 정확한 값·세부 좌표,정확한 값 직접 비교,연간,연간,공식값 1개,기사값과 공식값의 단위 정규화 후 직접 비교,단일 세부조건(지역),수치 1개,KOSIS 공식 API,묶음 실행 가능,공식 좌표 1개·공식값·공표정보를 확보하고 허용오차/부등호로 판정,A00838_3,"고용노동부가 사업체 5만여 곳을 대상으로 조사한 결과에 따르면 지난해 우리나라 근로자 월평균 명목임금은 407만9000원이고, 물가 수준을 고려한 실질임금은 월평균 357만3000원이다.",HOLD,KOSIS_METADATA_UNAVAILABLE,직접값 확인,직접값 확인,2025-03-06,물가상승률,4079000,원,2024,Y,KOSIS 세부 차원 통계표,KOSIS 공식 구조 확인,KOSIS 표의 항목·기간·분류 구조 조회를 완료하지 못함,공식값 1개 직접 비교,calculation=DIRECT_VALUE | 세부문제유형=OFFICIAL_METADATA_LOOKUP | 최신결과사유=KOSIS_METADATA_UNAVAILABLE,12개 슬롯 + 통합 원장 진단 규칙,확정,A00838,3,,전국,,,"{""claimed_operands"": ""[{'raw': '357만3000원', 'value': 3573000.0, 'unit': '원'}]""}",DIRECT_VALUE,,고용노동부,UNDETERMINED,OFFICIAL_METADATA_LOOKUP,KOSIS_METADATA_UNAVAILABLE,,,,,,,,,,,3,5만 | 407만9000원 | 357만3000원,"[{""mention_id"":""n1"",""expression"":""5만"",""start"":11,""end"":13,""context"":""고용노동부가 사업체 5만여 곳을 대상으로 조사한 결과에 따르면 지난"",""role_status"":""미분류""},{""mention_id"":""n2"",""expression"":""407만9000원"",""start"":58,""end"":67,""context"":"" 지난해 우리나라 근로자 월평균 명목임금은 407만9000원이고, 물가 수준을 고려한 실질임금은 월평균"",""role_status"":""미분류""},{""mention_id"":""n3"",""expression"":""357만3000원"",""start"":92,""end"":101,""context"":""고, 물가 수준을 고려한 실질임금은 월평균 357만3000원이다."",""role_status"":""미분류""}]",[],COMPLETE
3,D3 정확한 값·세부 좌표,정확한 값 직접 비교,월간,월간,공식값 1개,기사값과 공식값의 단위 정규화 후 직접 비교,단일 세부조건(지역),기사 수치 없음,KOSIS 공식 API,묶음 실행 가능,공식 좌표 1개·공식값·공표정보를 확보하고 허용오차/부등호로 판정,A00872_2,9일 인천시에 따르면 지난달 기준 인천시 주민등록인구는 302만7854명으로 집계됐다.,HOLD,NO_HARD_GUARD_CANDIDATE,직접값 확인,직접값 확인,2025-03-09,총인구,3027854,명,2025-02,M,KOSIS 세부 차원 통계표,필수 조건 검사,기간·단위·지역 등 필수 조건을 모두 만족하는 공식 통계표 후보가 없음,공식값 1개 직접 비교,calculation=DIRECT_VALUE | 세부문제유형=HARD_GUARD_ALIAS | 최신결과사유=NO_HARD_GUARD_CANDIDATE,12개 슬롯 + 통합 원장 진단 규칙,확정,A00872,2,,인천,,,,DIRECT_VALUE,,,UNDETERMINED,HARD_GUARD_ALIAS,NO_HARD_GUARD_CANDIDATE,,,,,,,,,,,2,9일 | 302만7854명,"[{""mention_id"":""n1"",""expression"":""9일"",""start"":0,""end"":2,""context"":""9일 인천시에 따르면 지난달 기준 인천시 주민등"",""role_status"":""미분류""},{""mention_id"":""n2"",""expression"":""302만7854명"",""start"":31,""end"":40,""context"":"" 따르면 지난달 기준 인천시 주민등록인구는 302만7854명으로 집계됐다."",""role_status"":""미분류""}]",[],COMPLETE
3,D3 정확한 값·세부 좌표,정확한 값 직접 비교,월간,월간,공식값 1개,기사값과 공식값의 단위 정규화 후 직접 비교,단일 세부조건(지역),기사 수치 없음,KOSIS 공식 API,묶음 실행 가능,공식 좌표 1개·공식값·공표정보를 확보하고 허용오차/부등호로 판정,A00872_6,작년 2월과 비교했을 때 서울·부산·대구·광주·대전·울산 인구는 모두 줄었으나 인천 인구는 2만4704명이 증가했다.,HOLD,AS_OF_UNAVAILABLE,직접값 확인,직접값 확인,2025-03-09,총인구,24704,명,2024-02,M,KOSIS 세부 차원 통계표,공식값·공표정보 조회,기사 작성 시점에 공식값이 공표됐는지 확인하지 못함,공식값 1개 직접 비교,calculation=DIRECT_VALUE | 세부문제유형=VALUE_ARTICLE_TIME_UNAVAILABLE | 최신결과사유=AS_OF_UNAVAILABLE,12개 슬롯 + 통합 원장 진단 규칙,확정,A00872,6,,서울 | 부산 | 대구 | 인천 | 광주 | 대전 | 울산,,,,DIRECT_VALUE,"{""direction"": ""INCREASE""}",,UNDETERMINED,VALUE_ARTICLE_TIME_UNAVAILABLE,AS_OF_UNAVAILABLE,,,,,,,,,,,2,2월 | 2만4704명,"[{""mention_id"":""n1"",""expression"":""2월"",""start"":3,""end"":5,""context"":""작년 2월과 비교했을 때 서울·부산·대구·광주·대전·"",""role_status"":""미분류""},{""mention_id"":""n2"",""expression"":""2만4704명"",""start"":51,""end"":58,""context"":""전·울산 인구는 모두 줄었으나 인천 인구는 2만4704명이 증가했다."",""role_status"":""미분류""}]",[],COMPLETE
3,D3 정확한 값·세부 좌표,정확한 값 직접 비교,월간,월간,공식값 1개,기사값과 공식값의 단위 정규화 후 직접 비교,단일 세부조건(차원),수치 1개,KOSIS 공식 API,묶음 실행 가능,공식 좌표 1개·공식값·공표정보를 확보하고 허용오차/부등호로 판정,A00922_18,지난달 건설업 취업자는 190만9000명으로 전년 같은 달보다 16만7000명 줄었다.,HOLD,NO_HARD_GUARD_CANDIDATE,직접값 확인,직접값 확인,2025-03-12,취업자 수,1909000,명,2025-02,M,KOSIS 세부 차원 통계표,필수 조건 검사,기간·단위·지역 등 필수 조건을 모두 만족하는 공식 통계표 후보가 없음,공식값 1개 직접 비교,calculation=DIRECT_VALUE | 세부문제유형=HARD_GUARD_ALIAS | 최신결과사유=NO_HARD_GUARD_CANDIDATE,12개 슬롯 + 통합 원장 진단 규칙,확정,A00922,18,,,,"{""raw"": ""{\""산업\"": [\""건설업\""]}""}","{""claimed_operands"": ""[{'raw': '16만7000명', 'value': 167000.0, 'unit': '명'}]""}",DIRECT_VALUE,,,UNDETERMINED,HARD_GUARD_ALIAS,NO_HARD_GUARD_CANDIDATE,,,,,,,,,,,2,190만9000명 | 16만7000명,"[{""mention_id"":""n1"",""expression"":""190만9000명"",""start"":13,""end"":22,""context"":""지난달 건설업 취업자는 190만9000명으로 전년 같은 달보다 16만7000명 줄었"",""role_status"":""미분류""},{""mention_id"":""n2"",""expression"":""16만7000명"",""start"":35,""end"":43,""context"":""는 190만9000명으로 전년 같은 달보다 16만7000명 줄었다."",""role_status"":""미분류""}]",[],COMPLETE
3,D3 정확한 값·세부 좌표,정확한 값 직접 비교,월간,월간,공식값 1개,기사값과 공식값의 단위 정규화 후 직접 비교,단일 세부조건(차원),수치 2개,KOSIS 공식 API,묶음 실행 가능,공식 좌표 1개·공식값·공표정보를 확보하고 허용오차/부등호로 판정,A00922_19,"1월 감소 폭(-16만9000명)보다는 약간 줄었지만, 건설업 취업자 감소세는 지난해 5월(-1만4000명) 이후 10개월 연속 이어지고 있다.",HOLD,NO_EVIDENCE_COORDINATE_CANDIDATE,직접값 확인,직접값 확인,2025-03-12,취업자 수,169000,명,2024-05,M,KOSIS 세부 차원 통계표,필수 조건 검사,공식 구조는 확인했지만 실제 값을 조회할 좌표를 확정하지 못함,공식값 1개 직접 비교,calculation=DIRECT_VALUE | 세부문제유형=COORDINATE_GENERAL | 최신결과사유=NO_EVIDENCE_COORDINATE_CANDIDATE,12개 슬롯 + 통합 원장 진단 규칙,확정,A00922,19,,,,"{""raw"": ""{\""산업\"": [\""건설업\""]}""}","{""claimed_operands"": ""[{'raw': '1만4000명', 'value': 14000.0, 'unit': '명'}, {'raw': '10개', 'value': 10.0, 'unit': '개'}]""}",DIRECT_VALUE,"{""direction"": ""DECREASE""}",,UNDETERMINED,COORDINATE_GENERAL,NO_EVIDENCE_COORDINATE_CANDIDATE,,,,,,,,,,,5,1월 | -16만9000명 | 5월 | -1만4000명 | 10개월,"[{""mention_id"":""n1"",""expression"":""1월"",""start"":0,""end"":2,""context"":""1월 감소 폭(-16만9000명)보다는 약간 줄"",""role_status"":""미분류""},{""mention_id"":""n2"",""expression"":""-16만9000명"",""start"":8,""end"":17,""context"":""1월 감소 폭(-16만9000명)보다는 약간 줄었지만, 건설업 취업자 감소"",""role_status"":""미분류""},{""mention_id"":""n3"",""expression"":""5월"",""start"":48,""end"":50,""context"":"" 줄었지만, 건설업 취업자 감소세는 지난해 5월(-1만4000명) 이후 10개월 연속 이어"",""role_status"":""미분류""},{""mention_id"":""n4"",""expression"":""-1만4000명"",""start"":51,""end"":59,""context"":""지만, 건설업 취업자 감소세는 지난해 5월(-1만4000명) 이후 10개월 연속 이어지고 있다."",""role_status"":""미분류""},{""mention_id"":""n5"",""expression"":""10개월"",""start"":64,""end"":68,""context"":""소세는 지난해 5월(-1만4000명) 이후 10개월 연속 이어지고 있다."",""role_status"":""미분류""}]",[],COMPLETE
3,D3 정확한 값·세부 좌표,정확한 값 직접 비교,월간,월간,공식값 1개,기사값과 공식값의 단위 정규화 후 직접 비교,단일 세부조건(차원),수치 2개,KOSIS 공식 API,묶음 실행 가능,공식 좌표 1개·공식값·공표정보를 확보하고 허용오차/부등호로 판정,A00922_24,제조업 취업자도 전년 같은 달 대비 7만4000명 줄며 지난해 7월(-1만1000명) 이후 8개월 연속 감소세다.,HOLD,NO_HARD_GUARD_CANDIDATE,직접값 확인,직접값 확인,2025-03-12,취업자 수,74000,명,2024-07,M,KOSIS 세부 차원 통계표,필수 조건 검사,기간·단위·지역 등 필수 조건을 모두 만족하는 공식 통계표 후보가 없음,공식값 1개 직접 비교,calculation=DIRECT_VALUE | 세부문제유형=HARD_GUARD_ALIAS | 최신결과사유=NO_HARD_GUARD_CANDIDATE,12개 슬롯 + 통합 원장 진단 규칙,확정,A00922,24,,,,"{""raw"": ""{\""산업\"": [\""제조업\""]}""}","{""claimed_operands"": ""[{'raw': '1만1000명', 'value': 11000.0, 'unit': '명'}, {'raw': '8개', 'value': 8.0, 'unit': '개'}]""}",DIRECT_VALUE,"{""direction"": ""DECREASE""}",,UNDETERMINED,HARD_GUARD_ALIAS,NO_HARD_GUARD_CANDIDATE,,,,,,,,,,,4,7만4000명 | 7월 | -1만1000명 | 8개월,"[{""mention_id"":""n1"",""expression"":""7만4000명"",""start"":20,""end"":27,""context"":""제조업 취업자도 전년 같은 달 대비 7만4000명 줄며 지난해 7월(-1만1000명) 이후 "",""role_status"":""미분류""},{""mention_id"":""n2"",""expression"":""7월"",""start"":35,""end"":37,""context"":"" 같은 달 대비 7만4000명 줄며 지난해 7월(-1만1000명) 이후 8개월 연속 감소세"",""role_status"":""미분류""},{""mention_id"":""n3"",""expression"":""-1만1000명"",""start"":38,""end"":46,""context"":"" 달 대비 7만4000명 줄며 지난해 7월(-1만1000명) 이후 8개월 연속 감소세다."",""role_status"":""미분류""},{""mention_id"":""n4"",""expression"":""8개월"",""start"":51,""end"":54,""context"":"" 줄며 지난해 7월(-1만1000명) 이후 8개월 연속 감소세다."",""role_status"":""미분류""}]",[],COMPLETE
3,D3 정확한 값·세부 좌표,정확한 값 직접 비교,월간,월간,공식값 1개,기사값과 공식값의 단위 정규화 후 직접 비교,복합 세부조건(대상집단·차원),수치 1개,KOSIS 공식 API,묶음 실행 가능,공식 좌표 1개·공식값·공표정보를 확보하고 허용오차/부등호로 판정,A00922_8,지난달 청년층 고용률은 44.3%에 그치며 전년 같은 달 대비 1.7%포인트 감소했다.,HOLD,KOSIS_METADATA_UNAVAILABLE,직접값 확인,직접값 확인,2025-03-12,고용률,1.7,%p,2025-02,M,KOSIS 세부 차원 통계표,KOSIS 공식 구조 확인,KOSIS 표의 항목·기간·분류 구조 조회를 완료하지 못함,공식값 1개 직접 비교,calculation=DIRECT_VALUE | 세부문제유형=OFFICIAL_METADATA_LOOKUP | 최신결과사유=KOSIS_METADATA_UNAVAILABLE,12개 슬롯 + 통합 원장 진단 규칙,확정,A00922,8,,,청년,"{""raw"": ""{\""연령집단\"": \""청년\""}""}","{""claimed_operands"": ""[{'raw': '44.3%', 'value': 44.3, 'unit': '%'}]""}",DIRECT_VALUE,"{""direction"": ""DECREASE""}",,UNDETERMINED,OFFICIAL_METADATA_LOOKUP,KOSIS_METADATA_UNAVAILABLE,,,,,,,,,,,2,44.3% | 1.7%포인트,"[{""mention_id"":""n1"",""expression"":""44.3%"",""start"":13,""end"":18,""context"":""지난달 청년층 고용률은 44.3%에 그치며 전년 같은 달 대비 1.7%포인트"",""role_status"":""미분류""},{""mention_id"":""n2"",""expression"":""1.7%포인트"",""start"":35,""end"":42,""context"":""은 44.3%에 그치며 전년 같은 달 대비 1.7%포인트 감소했다."",""role_status"":""미분류""}]",[],COMPLETE
3,D3 정확한 값·세부 좌표,정확한 값 직접 비교,연간,연간,공식값 1개,기사값과 공식값의 단위 정규화 후 직접 비교,단일 세부조건(지역),기사 수치 없음,KOSIS 공식 API,묶음 실행 가능,공식 좌표 1개·공식값·공표정보를 확보하고 허용오차/부등호로 판정,A00953_6,"14일 본지가 한국소비자단체협의회의 ‘소비자물가정보서비스’에서 원재료와 제품 가격 상승률을 비교할 수 있는 가공식품 21개를 분석한 결과, 지난해 1년 동안 케첩과 마요네즈, 분유, 식용유, 우유 등 16품목의 제품값 상승 폭이 원재료보다 높았다.",HOLD,NO_EVIDENCE_COORDINATE_CANDIDATE,직접값 확인,직접값 확인,2025-03-15,소비자물가 상승률,21,개,2024,Y,KOSIS 세부 차원 통계표,필수 조건 검사,공식 구조는 확인했지만 실제 값을 조회할 좌표를 확정하지 못함,공식값 1개 직접 비교,calculation=DIRECT_VALUE | 세부문제유형=COORDINATE_GENERAL | 최신결과사유=NO_EVIDENCE_COORDINATE_CANDIDATE,12개 슬롯 + 통합 원장 진단 규칙,확정,A00953,6,,전국,,,,DIRECT_VALUE,"{""direction"": ""INCREASE""}",,UNDETERMINED,COORDINATE_GENERAL,NO_EVIDENCE_COORDINATE_CANDIDATE,,,,,,,,,,,4,14일 | 21개 | 1년 | 16,"[{""mention_id"":""n1"",""expression"":""14일"",""start"":0,""end"":3,""context"":""14일 본지가 한국소비자단체협의회의 ‘소비자물가정"",""role_status"":""미분류""},{""mention_id"":""n2"",""expression"":""21개"",""start"":65,""end"":68,""context"":""품 가격 상승률을 비교할 수 있는 가공식품 21개를 분석한 결과, 지난해 1년 동안 케첩과 "",""role_status"":""미분류""},{""mention_id"":""n3"",""expression"":""1년"",""start"":82,""end"":84,""context"":""는 가공식품 21개를 분석한 결과, 지난해 1년 동안 케첩과 마요네즈, 분유, 식용유, 우"",""role_status"":""미분류""},{""mention_id"":""n4"",""expression"":""16"",""start"":112,""end"":114,""context"":""케첩과 마요네즈, 분유, 식용유, 우유 등 16품목의 제품값 상승 폭이 원재료보다 높았다."",""role_status"":""미분류""}]",[],COMPLETE
3,D3 정확한 값·세부 좌표,정확한 값 직접 비교,월간,월간,공식값 1개,기사값과 공식값의 단위 정규화 후 직접 비교,단일 세부조건(차원),수치 2개,KOSIS 공식 API,묶음 실행 가능,공식 좌표 1개·공식값·공표정보를 확보하고 허용오차/부등호로 판정,A01111_14,"통계청이 이날 처음으로 공개한 어머니 연령별 출산율 자료에 따르면, 지난 1월 30~34세 여성 1000명당 출생아 수를 뜻하는 30대 초반 출산율은 81.1명을 기록했다.",HOLD,NO_HARD_GUARD_CANDIDATE,직접값 확인,직접값 확인,2025-03-27,출생아 수,1000,명,2025-01,M,KOSIS 세부 차원 통계표,필수 조건 검사,기간·단위·지역 등 필수 조건을 모두 만족하는 공식 통계표 후보가 없음,공식값 1개 직접 비교,calculation=DIRECT_VALUE | 세부문제유형=HARD_GUARD_ALIAS | 최신결과사유=NO_HARD_GUARD_CANDIDATE,12개 슬롯 + 통합 원장 진단 규칙,확정,A01111,14,,,,"{""raw"": ""{\""성별\"": \""여성\"", \""연령\"": \""30~34세\""}""}","{""claimed_operands"": ""[{'raw': '30대', 'value': 30.0, 'unit': '대'}, {'raw': '81.1명', 'value': 81.1, 'unit': '명'}]""}",DIRECT_VALUE,,통계청,UNDETERMINED,HARD_GUARD_ALIAS,NO_HARD_GUARD_CANDIDATE,,,,,,,,,,,5,1월 | 30~34세 | 1000명 | 30대 | 81.1명,"[{""mention_id"":""n1"",""expression"":""1월"",""start"":41,""end"":43,""context"":""어머니 연령별 출산율 자료에 따르면, 지난 1월 30~34세 여성 1000명당 출생아 수를"",""role_status"":""미분류""},{""mention_id"":""n2"",""expression"":""30~34세"",""start"":44,""end"":50,""context"":"" 연령별 출산율 자료에 따르면, 지난 1월 30~34세 여성 1000명당 출생아 수를 뜻하는 30"",""role_status"":""미분류""},{""mention_id"":""n3"",""expression"":""1000명"",""start"":54,""end"":59,""context"":""료에 따르면, 지난 1월 30~34세 여성 1000명당 출생아 수를 뜻하는 30대 초반 출산율은"",""role_status"":""미분류""},{""mention_id"":""n4"",""expression"":""30대"",""start"":72,""end"":75,""context"":""4세 여성 1000명당 출생아 수를 뜻하는 30대 초반 출산율은 81.1명을 기록했다."",""role_status"":""미분류""},{""mention_id"":""n5"",""expression"":""81.1명"",""start"":84,""end"":89,""context"":"" 출생아 수를 뜻하는 30대 초반 출산율은 81.1명을 기록했다."",""role_status"":""미분류""}]",[],COMPLETE
3,D3 정확한 값·세부 좌표,정확한 값 직접 비교,연간,연간,공식값 1개,기사값과 공식값의 단위 정규화 후 직접 비교,복합 세부조건(지역·차원),기사 수치 없음,KOSIS 공식 API,묶음 실행 가능,공식 좌표 1개·공식값·공표정보를 확보하고 허용오차/부등호로 판정,A01120_4,"한국GM은 2018년 군산 공장이 문을 닫는 부침 속에 대미(對美) 수출 기지로 탈바꿈하며 살아나는가 싶었지만, 트럼프 2기 출범과 함께 25% 관세 부과가 눈앞에 다가오자 존립까지 위태로워졌다.",HOLD,NO_EVIDENCE_COORDINATE_CANDIDATE,직접값 확인,직접값 확인,2025-03-28,수출액,25,%,2018,Y,KOSIS 세부 차원 통계표,필수 조건 검사,공식 구조는 확인했지만 실제 값을 조회할 좌표를 확정하지 못함,공식값 1개 직접 비교,calculation=DIRECT_VALUE | 세부문제유형=COORDINATE_GENERAL | 최신결과사유=NO_EVIDENCE_COORDINATE_CANDIDATE,12개 슬롯 + 통합 원장 진단 규칙,확정,A01120,4,,전국,,"{""raw"": ""{\""교역상대국\"": [\""미국\""]}""}",,DIRECT_VALUE,,,UNDETERMINED,COORDINATE_GENERAL,NO_EVIDENCE_COORDINATE_CANDIDATE,,,,,,,,,,,3,2018년 | 2 | 25%,"[{""mention_id"":""n1"",""expression"":""2018년"",""start"":6,""end"":11,""context"":""한국GM은 2018년 군산 공장이 문을 닫는 부침 속에 대미(對"",""role_status"":""미분류""},{""mention_id"":""n2"",""expression"":""2"",""start"":67,""end"":68,""context"":""로 탈바꿈하며 살아나는가 싶었지만, 트럼프 2기 출범과 함께 25% 관세 부과가 눈앞에 "",""role_status"":""미분류""},{""mention_id"":""n3"",""expression"":""25%"",""start"":77,""end"":80,""context"":""나는가 싶었지만, 트럼프 2기 출범과 함께 25% 관세 부과가 눈앞에 다가오자 존립까지 위태"",""role_status"":""미분류""}]",[],COMPLETE
3,D3 정확한 값·세부 좌표,정확한 값 직접 비교,월간,월간,공식값 1개,기사값과 공식값의 단위 정규화 후 직접 비교,단일 세부조건(지역),수치 1개,KOSIS 공식 API,묶음 실행 가능,공식 좌표 1개·공식값·공표정보를 확보하고 허용오차/부등호로 판정,A01124_14,전국 89개 인구 감소 지역 생활 인구는 작년 1월 2274만여 명에서 작년 8월 3361만여 명으로 1000만명 넘게 불었다.,HOLD,KOSIS_METADATA_UNAVAILABLE,직접값 확인,직접값 확인,2025-03-28,총인구,89,개,2024-01,M,KOSIS 세부 차원 통계표,KOSIS 공식 구조 확인,KOSIS 표의 항목·기간·분류 구조 조회를 완료하지 못함,공식값 1개 직접 비교,calculation=DIRECT_VALUE | 세부문제유형=OFFICIAL_METADATA_LOOKUP | 최신결과사유=KOSIS_METADATA_UNAVAILABLE,12개 슬롯 + 통합 원장 진단 규칙,확정,A01124,14,,전국,,,"{""claimed_operands"": ""[{'raw': '1000만명', 'value': 10000000.0, 'unit': '명'}]""}",DIRECT_VALUE,"{""direction"": ""DECREASE""}",,UNDETERMINED,OFFICIAL_METADATA_LOOKUP,KOSIS_METADATA_UNAVAILABLE,,,,,,,,,,,6,89개 | 1월 | 2274만 | 8월 | 3361만 | 1000만명,"[{""mention_id"":""n1"",""expression"":""89개"",""start"":3,""end"":6,""context"":""전국 89개 인구 감소 지역 생활 인구는 작년 1월 2"",""role_status"":""미분류""},{""mention_id"":""n2"",""expression"":""1월"",""start"":26,""end"":28,""context"":"" 89개 인구 감소 지역 생활 인구는 작년 1월 2274만여 명에서 작년 8월 3361만여"",""role_status"":""미분류""},{""mention_id"":""n3"",""expression"":""2274만"",""start"":29,""end"":34,""context"":""개 인구 감소 지역 생활 인구는 작년 1월 2274만여 명에서 작년 8월 3361만여 명으로 1"",""role_status"":""미분류""},{""mention_id"":""n4"",""expression"":""8월"",""start"":43,""end"":45,""context"":""인구는 작년 1월 2274만여 명에서 작년 8월 3361만여 명으로 1000만명 넘게 불었"",""role_status"":""미분류""},{""mention_id"":""n5"",""expression"":""3361만"",""start"":46,""end"":51,""context"":"" 작년 1월 2274만여 명에서 작년 8월 3361만여 명으로 1000만명 넘게 불었다."",""role_status"":""미분류""},{""mention_id"":""n6"",""expression"":""1000만명"",""start"":57,""end"":63,""context"":""만여 명에서 작년 8월 3361만여 명으로 1000만명 넘게 불었다."",""role_status"":""미분류""}]",[],COMPLETE
3,D3 정확한 값·세부 좌표,정확한 값 직접 비교,월간,월간,공식값 1개,기사값과 공식값의 단위 정규화 후 직접 비교,단일 세부조건(지역),수치 1개,KOSIS 공식 API,묶음 실행 가능,공식 좌표 1개·공식값·공표정보를 확보하고 허용오차/부등호로 판정,A01124_20,◇관광객 1인당 소비액은 정체 다만 작년 8월 전국 인구 감소 지역의 관광객 등 체류 인구 1인당 카드 사용액은 11만1000원으로 두 달 전인 6월(11만5000원)보다 되레 소폭 줄었다.,HOLD,KOSIS_METADATA_UNAVAILABLE,직접값 확인,직접값 확인,2025-03-28,총인구,111000,원,2024-08,M,KOSIS 세부 차원 통계표,KOSIS 공식 구조 확인,KOSIS 표의 항목·기간·분류 구조 조회를 완료하지 못함,공식값 1개 직접 비교,calculation=DIRECT_VALUE | 세부문제유형=OFFICIAL_METADATA_LOOKUP | 최신결과사유=KOSIS_METADATA_UNAVAILABLE,12개 슬롯 + 통합 원장 진단 규칙,확정,A01124,20,,전국,,,"{""claimed_operands"": ""[{'raw': '11만5000원', 'value': 115000.0, 'unit': '원'}]""}",DIRECT_VALUE,"{""direction"": ""DECREASE""}",,UNDETERMINED,OFFICIAL_METADATA_LOOKUP,KOSIS_METADATA_UNAVAILABLE,,,,,,,,,,,7,1 | 8월 | 1 | 11만1000원 | 두 달 | 6월 | 11만5000원,"[{""mention_id"":""n1"",""expression"":""1"",""start"":5,""end"":6,""context"":""◇관광객 1인당 소비액은 정체 다만 작년 8월 전국 인"",""role_status"":""미분류""},{""mention_id"":""n2"",""expression"":""8월"",""start"":23,""end"":25,""context"":""◇관광객 1인당 소비액은 정체 다만 작년 8월 전국 인구 감소 지역의 관광객 등 체류 인"",""role_status"":""미분류""},{""mention_id"":""n3"",""expression"":""1"",""start"":51,""end"":52,""context"":""국 인구 감소 지역의 관광객 등 체류 인구 1인당 카드 사용액은 11만1000원으로 두 "",""role_status"":""미분류""},{""mention_id"":""n4"",""expression"":""11만1000원"",""start"":63,""end"":71,""context"":""관광객 등 체류 인구 1인당 카드 사용액은 11만1000원으로 두 달 전인 6월(11만5000원)보다"",""role_status"":""미분류""},{""mention_id"":""n5"",""expression"":""두 달"",""start"":74,""end"":77,""context"":"" 1인당 카드 사용액은 11만1000원으로 두 달 전인 6월(11만5000원)보다 되레 소폭"",""role_status"":""미분류""},{""mention_id"":""n6"",""expression"":""6월"",""start"":81,""end"":83,""context"":"" 사용액은 11만1000원으로 두 달 전인 6월(11만5000원)보다 되레 소폭 줄었다."",""role_status"":""미분류""},{""mention_id"":""n7"",""expression"":""11만5000원"",""start"":84,""end"":92,""context"":""액은 11만1000원으로 두 달 전인 6월(11만5000원)보다 되레 소폭 줄었다."",""role_status"":""미분류""}]",[],COMPLETE
3,D3 정확한 값·세부 좌표,정확한 값 직접 비교,분기,분기,공식값 1개,기사값과 공식값의 단위 정규화 후 직접 비교,단일 세부조건(지역),수치 3개,KOSIS 공식 API,묶음 실행 가능,공식 좌표 1개·공식값·공표정보를 확보하고 허용오차/부등호로 판정,A01124_4,"27일 통계청은 ‘2024년 3분기 생활 인구 산정 결과’에서 작년 8월 강원도 내 인구 감소 지역에 해당하는 12개 시·군·구의 체류 인구는 562만4000명으로, 지역에 거주하는 내·외국인 등록 인구(47만7000명)의 11.8배에 달했다고 밝혔다.",HOLD,KOSIS_METADATA_UNAVAILABLE,직접값 확인,직접값 확인,2025-03-28,총인구,12,개,2024-Q3,Q,KOSIS 세부 차원 통계표,KOSIS 공식 구조 확인,KOSIS 표의 항목·기간·분류 구조 조회를 완료하지 못함,공식값 1개 직접 비교,calculation=DIRECT_VALUE | 세부문제유형=OFFICIAL_METADATA_LOOKUP | 최신결과사유=KOSIS_METADATA_UNAVAILABLE,12개 슬롯 + 통합 원장 진단 규칙,확정,A01124,4,,강원,,,"{""claimed_operands"": ""[{'raw': '562만4000명', 'value': 5624000.0, 'unit': '명'}, {'raw': '47만7000명', 'value': 477000.0, 'unit': '명'}, {'raw': '11.8배', 'value': 11.8, 'unit': '배'}]""}",DIRECT_VALUE,"{""direction"": ""DECREASE""}",통계청,UNDETERMINED,OFFICIAL_METADATA_LOOKUP,KOSIS_METADATA_UNAVAILABLE,,,,,,,,,,,8,27일 | 2024년 | 3분기 | 8월 | 12개 | 562만4000명 | 47만7000명 | 11.8배,"[{""mention_id"":""n1"",""expression"":""27일"",""start"":0,""end"":3,""context"":""27일 통계청은 ‘2024년 3분기 생활 인구 산"",""role_status"":""미분류""},{""mention_id"":""n2"",""expression"":""2024년"",""start"":10,""end"":15,""context"":""27일 통계청은 ‘2024년 3분기 생활 인구 산정 결과’에서 작년 8"",""role_status"":""미분류""},{""mention_id"":""n3"",""expression"":""3분기"",""start"":16,""end"":19,""context"":""27일 통계청은 ‘2024년 3분기 생활 인구 산정 결과’에서 작년 8월 강원"",""role_status"":""미분류""},{""mention_id"":""n4"",""expression"":""8월"",""start"":38,""end"":40,""context"":""년 3분기 생활 인구 산정 결과’에서 작년 8월 강원도 내 인구 감소 지역에 해당하는 12"",""role_status"":""미분류""},{""mention_id"":""n5"",""expression"":""12개"",""start"":62,""end"":65,""context"":""8월 강원도 내 인구 감소 지역에 해당하는 12개 시·군·구의 체류 인구는 562만4000명"",""role_status"":""미분류""},{""mention_id"":""n6"",""expression"":""562만4000명"",""start"":80,""end"":89,""context"":"" 해당하는 12개 시·군·구의 체류 인구는 562만4000명으로, 지역에 거주하는 내·외국인 등록 인구"",""role_status"":""미분류""},{""mention_id"":""n7"",""expression"":""47만7000명"",""start"":114,""end"":122,""context"":""로, 지역에 거주하는 내·외국인 등록 인구(47만7000명)의 11.8배에 달했다고 밝혔다."",""role_status"":""미분류""},{""mention_id"":""n8"",""expression"":""11.8배"",""start"":125,""end"":130,""context"":"" 내·외국인 등록 인구(47만7000명)의 11.8배에 달했다고 밝혔다."",""role_status"":""미분류""}]",[],COMPLETE
3,D3 정확한 값·세부 좌표,정확한 값 직접 비교,월간,월간,공식값 1개,기사값과 공식값의 단위 정규화 후 직접 비교,단일 세부조건(지역),기사 수치 없음,KOSIS 공식 API,묶음 실행 가능,공식 좌표 1개·공식값·공표정보를 확보하고 허용오차/부등호로 판정,A01176_3,"지난달 31일 경상북도에 따르면, 이날 오전 8시 30분 기준으로 안동시와 의성군, 청송군, 영양군에 걸쳐 총 1490ha의 과수원이 산불 피해를 본 것으로 집계됐다.",HOLD,NO_HARD_GUARD_CANDIDATE,직접값 확인,직접값 확인,2025-04-01,과수원 면적,1490,ha,2025-03,M,KOSIS 세부 차원 통계표,필수 조건 검사,기간·단위·지역 등 필수 조건을 모두 만족하는 공식 통계표 후보가 없음,공식값 1개 직접 비교,calculation=DIRECT_VALUE | 세부문제유형=HARD_GUARD_ALIAS | 최신결과사유=NO_HARD_GUARD_CANDIDATE,12개 슬롯 + 통합 원장 진단 규칙,확정,A01176,3,,경북 | 안동시 | 의성군 | 청송군 | 영양군,,,,DIRECT_VALUE,,경상북도,UNDETERMINED,HARD_GUARD_ALIAS,NO_HARD_GUARD_CANDIDATE,,,,,,,,,,,4,31일 | 8 | 30분 | 1490ha,"[{""mention_id"":""n1"",""expression"":""31일"",""start"":4,""end"":7,""context"":""지난달 31일 경상북도에 따르면, 이날 오전 8시 30분"",""role_status"":""미분류""},{""mention_id"":""n2"",""expression"":""8"",""start"":25,""end"":26,""context"":""난달 31일 경상북도에 따르면, 이날 오전 8시 30분 기준으로 안동시와 의성군, 청송군"",""role_status"":""미분류""},{""mention_id"":""n3"",""expression"":""30분"",""start"":28,""end"":31,""context"":""31일 경상북도에 따르면, 이날 오전 8시 30분 기준으로 안동시와 의성군, 청송군, 영양군"",""role_status"":""미분류""},{""mention_id"":""n4"",""expression"":""1490ha"",""start"":62,""end"":68,""context"":""동시와 의성군, 청송군, 영양군에 걸쳐 총 1490ha의 과수원이 산불 피해를 본 것으로 집계됐다"",""role_status"":""미분류""}]",[],COMPLETE
3,D3 정확한 값·세부 좌표,정확한 값 직접 비교,연간,연간,공식값 1개,기사값과 공식값의 단위 정규화 후 직접 비교,복합 세부조건(지역·차원),수치 3개,KOSIS 공식 API,묶음 실행 가능,공식 좌표 1개·공식값·공표정보를 확보하고 허용오차/부등호로 판정,A01180_3,지난해 우리나라 수출 6836억달러(약 1007조원) 중 대미(對美) 수출은 1278억달러로 18.7%에 달했다.,HOLD,NO_HARD_GUARD_CANDIDATE,직접값 확인,직접값 확인,2025-04-01,수출액,683600000000,달러,2024,Y,KOSIS 세부 차원 통계표,필수 조건 검사,기간·단위·지역 등 필수 조건을 모두 만족하는 공식 통계표 후보가 없음,공식값 1개 직접 비교,calculation=DIRECT_VALUE | 세부문제유형=HARD_GUARD_ALIAS | 최신결과사유=NO_HARD_GUARD_CANDIDATE,12개 슬롯 + 통합 원장 진단 규칙,확정,A01180,3,,전국,,"{""raw"": ""{\""교역상대국\"": [\""미국\""]}""}","{""claimed_operands"": ""[{'raw': '1007조원', 'value': 1007000000000000.0, 'unit': '원'}, {'raw': '1278억달러', 'value': 127800000000.0, 'unit': '달러'}, {'raw': '18.7%', 'value': 18.7, 'unit': '%'}]""}",DIRECT_VALUE,,,UNDETERMINED,HARD_GUARD_ALIAS,NO_HARD_GUARD_CANDIDATE,,,,,,,,,,,4,6836억달러 | 1007조원 | 1278억달러 | 18.7%,"[{""mention_id"":""n1"",""expression"":""6836억달러"",""start"":12,""end"":19,""context"":""지난해 우리나라 수출 6836억달러(약 1007조원) 중 대미(對美) 수출은 "",""role_status"":""미분류""},{""mention_id"":""n2"",""expression"":""1007조원"",""start"":22,""end"":28,""context"":""지난해 우리나라 수출 6836억달러(약 1007조원) 중 대미(對美) 수출은 1278억달러로 "",""role_status"":""미분류""},{""mention_id"":""n3"",""expression"":""1278억달러"",""start"":43,""end"":50,""context"":""(약 1007조원) 중 대미(對美) 수출은 1278억달러로 18.7%에 달했다."",""role_status"":""미분류""},{""mention_id"":""n4"",""expression"":""18.7%"",""start"":52,""end"":57,""context"":"") 중 대미(對美) 수출은 1278억달러로 18.7%에 달했다."",""role_status"":""미분류""}]",[],COMPLETE
3,D3 정확한 값·세부 좌표,정확한 값 직접 비교,연간,연간,공식값 1개,기사값과 공식값의 단위 정규화 후 직접 비교,복합 세부조건(지역·차원),기사 수치 없음,KOSIS 공식 API,묶음 실행 가능,공식 좌표 1개·공식값·공표정보를 확보하고 허용오차/부등호로 판정,A01185_23,"올해 1월 기준 광공업생산지수(상승)와 취업지수(회복)를 제외한 8개 지표(서비스업생산지수, 소매판매액지수, 설비투자지수, 건설기성액, 수출액, 수입액, 기업경기실사지수, 소비자기대지수)가 하강 국면에 분포했다.",HOLD,NO_HARD_GUARD_CANDIDATE,직접값 확인,직접값 확인,2025-04-02,광공업생산,8,개,2025,Y,KOSIS 세부 차원 통계표,필수 조건 검사,기간·단위·지역 등 필수 조건을 모두 만족하는 공식 통계표 후보가 없음,공식값 1개 직접 비교,calculation=DIRECT_VALUE | 세부문제유형=HARD_GUARD_ALIAS | 최신결과사유=NO_HARD_GUARD_CANDIDATE,12개 슬롯 + 통합 원장 진단 규칙,확정,A01185,23,,경기,,"{""raw"": ""{\""산업\"": [\""서비스업\"", \""광공업\""]}""}",,DIRECT_VALUE,"{""direction"": ""INCREASE""}",,UNDETERMINED,HARD_GUARD_ALIAS,NO_HARD_GUARD_CANDIDATE,,,,,,,,,,,2,1월 | 8개,"[{""mention_id"":""n1"",""expression"":""1월"",""start"":3,""end"":5,""context"":""올해 1월 기준 광공업생산지수(상승)와 취업지수(회복"",""role_status"":""미분류""},{""mention_id"":""n2"",""expression"":""8개"",""start"":36,""end"":38,""context"":""생산지수(상승)와 취업지수(회복)를 제외한 8개 지표(서비스업생산지수, 소매판매액지수, 설"",""role_status"":""미분류""}]",[],COMPLETE
3,D3 정확한 값·세부 좌표,정확한 값 직접 비교,연간,연간,공식값 1개,기사값과 공식값의 단위 정규화 후 직접 비교,단일 세부조건(지역),수치 2개,KOSIS 공식 API,묶음 실행 가능,공식 좌표 1개·공식값·공표정보를 확보하고 허용오차/부등호로 판정,A01278_7,다만 지난해 국내총생산(GDP) 대비 국가 채무 비율은 46.1%로 2023년(46.9%)에 비해서는 0.8%포인트 감소했다.,HOLD,NO_HARD_GUARD_CANDIDATE,직접값 확인,직접값 확인,2025-04-09,GDP,0.8,%p,2023,Y,KOSIS 세부 차원 통계표,필수 조건 검사,기간·단위·지역 등 필수 조건을 모두 만족하는 공식 통계표 후보가 없음,공식값 1개 직접 비교,calculation=DIRECT_VALUE | 세부문제유형=HARD_GUARD_ALIAS | 최신결과사유=NO_HARD_GUARD_CANDIDATE,12개 슬롯 + 통합 원장 진단 규칙,확정,A01278,7,,전국,,,"{""claimed_operands"": ""[{'raw': '46.1%', 'value': 46.1, 'unit': '%'}, {'raw': '46.9%', 'value': 46.9, 'unit': '%'}]""}",DIRECT_VALUE,"{""direction"": ""DECREASE""}",,UNDETERMINED,HARD_GUARD_ALIAS,NO_HARD_GUARD_CANDIDATE,,,,,,,,,,,4,46.1% | 2023년 | 46.9% | 0.8%포인트,"[{""mention_id"":""n1"",""expression"":""46.1%"",""start"":31,""end"":36,""context"":""국내총생산(GDP) 대비 국가 채무 비율은 46.1%로 2023년(46.9%)에 비해서는 0.8"",""role_status"":""미분류""},{""mention_id"":""n2"",""expression"":""2023년"",""start"":38,""end"":43,""context"":""DP) 대비 국가 채무 비율은 46.1%로 2023년(46.9%)에 비해서는 0.8%포인트 감소"",""role_status"":""미분류""},{""mention_id"":""n3"",""expression"":""46.9%"",""start"":44,""end"":49,""context"":"" 국가 채무 비율은 46.1%로 2023년(46.9%)에 비해서는 0.8%포인트 감소했다."",""role_status"":""미분류""},{""mention_id"":""n4"",""expression"":""0.8%포인트"",""start"":57,""end"":64,""context"":"".1%로 2023년(46.9%)에 비해서는 0.8%포인트 감소했다."",""role_status"":""미분류""}]",[],COMPLETE
3,D3 정확한 값·세부 좌표,정확한 값 직접 비교,연간,연간,공식값 1개,기사값과 공식값의 단위 정규화 후 직접 비교,복합 세부조건(대상집단·차원),수치 1개,KOSIS 공식 API,묶음 실행 가능,공식 좌표 1개·공식값·공표정보를 확보하고 허용오차/부등호로 판정,A01285_1,지난달 청년 실업률이 7% 중반까지 치솟아 코로나 대유행으로 실업률이 10%까지 치솟았던 2021년 이후 4년 만에 가장 높았다.,HOLD,FETCH_FAILED,직접값 확인,직접값 확인,2025-04-09,실업률,7,%,2021,Y,KOSIS 세부 차원 통계표,공식값·공표정보 조회,확정된 공식 좌표의 값을 조회하지 못함,공식값 1개 직접 비교,calculation=DIRECT_VALUE | 세부문제유형=VALUE_FETCH_FAILED | 최신결과사유=FETCH_FAILED,12개 슬롯 + 통합 원장 진단 규칙,확정,A01285,1,,,청년,"{""raw"": ""{\""연령집단\"": \""청년\""}""}","{""claimed_operands"": ""[{'raw': '10%', 'value': 10.0, 'unit': '%'}]""}",DIRECT_VALUE,,,UNDETERMINED,VALUE_FETCH_FAILED,FETCH_FAILED,,,,,,,,,,,4,7% | 10% | 2021년 | 4년,"[{""mention_id"":""n1"",""expression"":""7%"",""start"":12,""end"":14,""context"":""지난달 청년 실업률이 7% 중반까지 치솟아 코로나 대유행으로 실업률이"",""role_status"":""미분류""},{""mention_id"":""n2"",""expression"":""10%"",""start"":39,""end"":42,""context"":""중반까지 치솟아 코로나 대유행으로 실업률이 10%까지 치솟았던 2021년 이후 4년 만에 가"",""role_status"":""미분류""},{""mention_id"":""n3"",""expression"":""2021년"",""start"":50,""end"":55,""context"":""나 대유행으로 실업률이 10%까지 치솟았던 2021년 이후 4년 만에 가장 높았다."",""role_status"":""미분류""},{""mention_id"":""n4"",""expression"":""4년"",""start"":59,""end"":61,""context"":""업률이 10%까지 치솟았던 2021년 이후 4년 만에 가장 높았다."",""role_status"":""미분류""}]",[],COMPLETE
3,D3 정확한 값·세부 좌표,정확한 값 직접 비교,월간,월간,공식값 1개,기사값과 공식값의 단위 정규화 후 직접 비교,복합 세부조건(대상집단·차원),기사 수치 없음,KOSIS 공식 API,묶음 실행 가능,공식 좌표 1개·공식값·공표정보를 확보하고 허용오차/부등호로 판정,A01285_11,3월 기준으로는 청년 실업률이 10%에 달했던 2021년 3월 이후 4년 만에 가장 높다.,HOLD,NO_HARD_GUARD_CANDIDATE,직접값 확인,직접값 확인,2025-04-09,실업률,10,%,2021-03,M,KOSIS 세부 차원 통계표,필수 조건 검사,기간·단위·지역 등 필수 조건을 모두 만족하는 공식 통계표 후보가 없음,공식값 1개 직접 비교,calculation=DIRECT_VALUE | 세부문제유형=HARD_GUARD_ALIAS | 최신결과사유=NO_HARD_GUARD_CANDIDATE,12개 슬롯 + 통합 원장 진단 규칙,확정,A01285,11,,,청년,"{""raw"": ""{\""연령집단\"": \""청년\""}""}",,DIRECT_VALUE,,,UNDETERMINED,HARD_GUARD_ALIAS,NO_HARD_GUARD_CANDIDATE,,,,,,,,,,,5,3월 | 10% | 2021년 | 3월 | 4년,"[{""mention_id"":""n1"",""expression"":""3월"",""start"":0,""end"":2,""context"":""3월 기준으로는 청년 실업률이 10%에 달했던 "",""role_status"":""미분류""},{""mention_id"":""n2"",""expression"":""10%"",""start"":17,""end"":20,""context"":""3월 기준으로는 청년 실업률이 10%에 달했던 2021년 3월 이후 4년 만에 "",""role_status"":""미분류""},{""mention_id"":""n3"",""expression"":""2021년"",""start"":26,""end"":31,""context"":"" 기준으로는 청년 실업률이 10%에 달했던 2021년 3월 이후 4년 만에 가장 높다."",""role_status"":""미분류""},{""mention_id"":""n4"",""expression"":""3월"",""start"":32,""end"":34,""context"":"" 청년 실업률이 10%에 달했던 2021년 3월 이후 4년 만에 가장 높다."",""role_status"":""미분류""},{""mention_id"":""n5"",""expression"":""4년"",""start"":38,""end"":40,""context"":""률이 10%에 달했던 2021년 3월 이후 4년 만에 가장 높다."",""role_status"":""미분류""}]",[],COMPLETE
3,D3 정확한 값·세부 좌표,정확한 값 직접 비교,월간,월간,공식값 1개,기사값과 공식값의 단위 정규화 후 직접 비교,단일 세부조건(차원),기사 수치 없음,KOSIS 공식 API,묶음 실행 가능,공식 좌표 1개·공식값·공표정보를 확보하고 허용오차/부등호로 판정,A01285_14,대대적인 건설업계 구조조정 여파로 지난달 건설업 분야 취업자 수가 18만5000명이나 줄어든 결과다.,HOLD,KOSIS_METADATA_UNAVAILABLE,직접값 확인,직접값 확인,2025-04-09,취업자 수,185000,명,2025-03,M,KOSIS 세부 차원 통계표,KOSIS 공식 구조 확인,KOSIS 표의 항목·기간·분류 구조 조회를 완료하지 못함,공식값 1개 직접 비교,calculation=DIRECT_VALUE | 세부문제유형=OFFICIAL_METADATA_LOOKUP | 최신결과사유=KOSIS_METADATA_UNAVAILABLE,12개 슬롯 + 통합 원장 진단 규칙,확정,A01285,14,,,,"{""raw"": ""{\""산업\"": [\""건설업\""]}""}",,DIRECT_VALUE,"{""direction"": ""DECREASE""}",,UNDETERMINED,OFFICIAL_METADATA_LOOKUP,KOSIS_METADATA_UNAVAILABLE,,,,,,,,,,,1,18만5000명,"[{""mention_id"":""n1"",""expression"":""18만5000명"",""start"":37,""end"":45,""context"":""정 여파로 지난달 건설업 분야 취업자 수가 18만5000명이나 줄어든 결과다."",""role_status"":""미분류""}]",[],COMPLETE
3,D3 정확한 값·세부 좌표,정확한 값 직접 비교,월간,월간,공식값 1개,기사값과 공식값의 단위 정규화 후 직접 비교,복합 세부조건(대상집단·차원),수치 2개,KOSIS 공식 API,묶음 실행 가능,공식 좌표 1개·공식값·공표정보를 확보하고 허용오차/부등호로 판정,A01285_7,하지만 청년층(15~29세) 취업자는 20만6000명 줄어 비상계엄이 터진 작년 12월부터 4개월 연속 20만명대 감소세를 기록했다.,HOLD,FETCH_FAILED,직접값 확인,직접값 확인,2025-04-09,취업자 수,206000,명,2024-12,M,KOSIS 세부 차원 통계표,공식값·공표정보 조회,확정된 공식 좌표의 값을 조회하지 못함,공식값 1개 직접 비교,calculation=DIRECT_VALUE | 세부문제유형=VALUE_FETCH_FAILED | 최신결과사유=FETCH_FAILED,12개 슬롯 + 통합 원장 진단 규칙,확정,A01285,7,,,청년,"{""raw"": ""{\""연령\"": \""15~29세\""}""}","{""claimed_operands"": ""[{'raw': '4개', 'value': 4.0, 'unit': '개'}, {'raw': '20만명', 'value': 200000.0, 'unit': '명'}]""}",DIRECT_VALUE,"{""direction"": ""DECREASE""}",,UNDETERMINED,VALUE_FETCH_FAILED,FETCH_FAILED,,,,,,,,,,,5,15~29세 | 20만6000명 | 12월 | 4개월 | 20만명,"[{""mention_id"":""n1"",""expression"":""15~29세"",""start"":8,""end"":14,""context"":""하지만 청년층(15~29세) 취업자는 20만6000명 줄어 비상계엄이"",""role_status"":""미분류""},{""mention_id"":""n2"",""expression"":""20만6000명"",""start"":21,""end"":29,""context"":""하지만 청년층(15~29세) 취업자는 20만6000명 줄어 비상계엄이 터진 작년 12월부터 4개"",""role_status"":""미분류""},{""mention_id"":""n3"",""expression"":""12월"",""start"":45,""end"":48,""context"":""20만6000명 줄어 비상계엄이 터진 작년 12월부터 4개월 연속 20만명대 감소세를 기록했"",""role_status"":""미분류""},{""mention_id"":""n4"",""expression"":""4개월"",""start"":51,""end"":54,""context"":""0명 줄어 비상계엄이 터진 작년 12월부터 4개월 연속 20만명대 감소세를 기록했다."",""role_status"":""미분류""},{""mention_id"":""n5"",""expression"":""20만명"",""start"":58,""end"":62,""context"":""상계엄이 터진 작년 12월부터 4개월 연속 20만명대 감소세를 기록했다."",""role_status"":""미분류""}]",[],COMPLETE
3,D3 정확한 값·세부 좌표,정확한 값 직접 비교,연간,연간,공식값 1개,기사값과 공식값의 단위 정규화 후 직접 비교,단일 세부조건(지역),기사 수치 없음,KOSIS 공식 API,묶음 실행 가능,공식 좌표 1개·공식값·공표정보를 확보하고 허용오차/부등호로 판정,A01324_6,키움증권의 지난해 국내 주식 위탁 매매 수수료 수입은 총 3697억원이다.,HOLD,NO_EVIDENCE_COORDINATE_CANDIDATE,직접값 확인,직접값 확인,2025-04-12,수입액,369700000000,원,2024,Y,KOSIS 세부 차원 통계표,필수 조건 검사,공식 구조는 확인했지만 실제 값을 조회할 좌표를 확정하지 못함,공식값 1개 직접 비교,calculation=DIRECT_VALUE | 세부문제유형=COORDINATE_GENERAL | 최신결과사유=NO_EVIDENCE_COORDINATE_CANDIDATE,12개 슬롯 + 통합 원장 진단 규칙,확정,A01324,6,,전국,,,,DIRECT_VALUE,,,UNDETERMINED,COORDINATE_GENERAL,NO_EVIDENCE_COORDINATE_CANDIDATE,,,,,,,,,,,1,3697억원,"[{""mention_id"":""n1"",""expression"":""3697억원"",""start"":32,""end"":38,""context"":""해 국내 주식 위탁 매매 수수료 수입은 총 3697억원이다."",""role_status"":""미분류""}]",[],COMPLETE
3,D3 정확한 값·세부 좌표,정확한 값 직접 비교,분기,분기,공식값 1개,기사값과 공식값의 단위 정규화 후 직접 비교,단일 세부조건(차원),수치 3개,KOSIS 공식 API,묶음 실행 가능,공식 좌표 1개·공식값·공표정보를 확보하고 허용오차/부등호로 판정,A01359_5,"25~34세 취업자는 코로나가 시작된 지난 2020년 2분기(-6만명)부터 2021년 1분기(-5만4000명)까지 줄다, 2021년 2분기(9만5000명)부터 작년 4분기(2000명)까지 늘었다.",HOLD,NO_HARD_GUARD_CANDIDATE,직접값 확인,직접값 확인,2025-04-15,취업자 수,60000,명,2020-Q2,Q,KOSIS 세부 차원 통계표,필수 조건 검사,기간·단위·지역 등 필수 조건을 모두 만족하는 공식 통계표 후보가 없음,공식값 1개 직접 비교,calculation=DIRECT_VALUE | 세부문제유형=HARD_GUARD_ALIAS | 최신결과사유=NO_HARD_GUARD_CANDIDATE,12개 슬롯 + 통합 원장 진단 규칙,확정,A01359,5,,,,"{""raw"": ""{\""연령\"": \""25~34세\""}""}","{""claimed_operands"": ""[{'raw': '5만4000명', 'value': 54000.0, 'unit': '명'}, {'raw': '9만5000명', 'value': 95000.0, 'unit': '명'}, {'raw': '2000명', 'value': 2000.0, 'unit': '명'}]""}",DIRECT_VALUE,,,UNDETERMINED,HARD_GUARD_ALIAS,NO_HARD_GUARD_CANDIDATE,,,,,,,,,,,12,25~34세 | 2020년 | 2분기 | -6만명 | 2021년 | 1분기 | -5만4000명 | 2021년 | 2분기 | 9만5000명 | 4분기 | 2000명,"[{""mention_id"":""n1"",""expression"":""25~34세"",""start"":0,""end"":6,""context"":""25~34세 취업자는 코로나가 시작된 지난 2020년 "",""role_status"":""미분류""},{""mention_id"":""n2"",""expression"":""2020년"",""start"":24,""end"":29,""context"":""25~34세 취업자는 코로나가 시작된 지난 2020년 2분기(-6만명)부터 2021년 1분기(-"",""role_status"":""미분류""},{""mention_id"":""n3"",""expression"":""2분기"",""start"":30,""end"":33,""context"":"" 취업자는 코로나가 시작된 지난 2020년 2분기(-6만명)부터 2021년 1분기(-5만40"",""role_status"":""미분류""},{""mention_id"":""n4"",""expression"":""-6만명"",""start"":34,""end"":38,""context"":""는 코로나가 시작된 지난 2020년 2분기(-6만명)부터 2021년 1분기(-5만4000명)까"",""role_status"":""미분류""},{""mention_id"":""n5"",""expression"":""2021년"",""start"":42,""end"":47,""context"":""작된 지난 2020년 2분기(-6만명)부터 2021년 1분기(-5만4000명)까지 줄다, 202"",""role_status"":""미분류""},{""mention_id"":""n6"",""expression"":""1분기"",""start"":48,""end"":51,""context"":""2020년 2분기(-6만명)부터 2021년 1분기(-5만4000명)까지 줄다, 2021년 2"",""role_status"":""미분류""},{""mention_id"":""n7"",""expression"":""-5만4000명"",""start"":52,""end"":60,""context"":""년 2분기(-6만명)부터 2021년 1분기(-5만4000명)까지 줄다, 2021년 2분기(9만5000"",""role_status"":""미분류""},{""mention_id"":""n8"",""expression"":""2021년"",""start"":68,""end"":73,""context"":""21년 1분기(-5만4000명)까지 줄다, 2021년 2분기(9만5000명)부터 작년 4분기(2"",""role_status"":""미분류""},{""mention_id"":""n9"",""expression"":""2분기"",""start"":74,""end"":77,""context"":""기(-5만4000명)까지 줄다, 2021년 2분기(9만5000명)부터 작년 4분기(2000명"",""role_status"":""미분류""},{""mention_id"":""n10"",""expression"":""9만5000명"",""start"":78,""end"":85,""context"":""만4000명)까지 줄다, 2021년 2분기(9만5000명)부터 작년 4분기(2000명)까지 늘었다."",""role_status"":""미분류""},{""mention_id"":""n11"",""expression"":""4분기"",""start"":92,""end"":95,""context"":""2021년 2분기(9만5000명)부터 작년 4분기(2000명)까지 늘었다."",""role_status"":""미분류""},{""mention_id"":""n12"",""expression"":""2000명"",""start"":96,""end"":101,""context"":""년 2분기(9만5000명)부터 작년 4분기(2000명)까지 늘었다."",""role_status"":""미분류""}]",[],COMPLETE
3,D3 정확한 값·세부 좌표,정확한 값 직접 비교,분기,분기,공식값 1개,기사값과 공식값의 단위 정규화 후 직접 비교,단일 세부조건(차원),수치 1개,KOSIS 공식 API,묶음 실행 가능,공식 좌표 1개·공식값·공표정보를 확보하고 허용오차/부등호로 판정,A01359_7,"지난 1분기 25~34세 인구는 697만6000명으로, 작년 1분기(697만7000명)와 비슷했다.",HOLD,NO_HARD_GUARD_CANDIDATE,직접값 확인,직접값 확인,2025-04-15,총인구,6976000,명,2024-Q1,Q,KOSIS 세부 차원 통계표,필수 조건 검사,기간·단위·지역 등 필수 조건을 모두 만족하는 공식 통계표 후보가 없음,공식값 1개 직접 비교,calculation=DIRECT_VALUE | 세부문제유형=HARD_GUARD_ALIAS | 최신결과사유=NO_HARD_GUARD_CANDIDATE,12개 슬롯 + 통합 원장 진단 규칙,확정,A01359,7,,,,"{""raw"": ""{\""연령\"": \""25~34세\""}""}","{""claimed_operands"": ""[{'raw': '697만7000명', 'value': 6977000.0, 'unit': '명'}]""}",DIRECT_VALUE,,,UNDETERMINED,HARD_GUARD_ALIAS,NO_HARD_GUARD_CANDIDATE,,,,,,,,,,,5,1분기 | 25~34세 | 697만6000명 | 1분기 | 697만7000명,"[{""mention_id"":""n1"",""expression"":""1분기"",""start"":3,""end"":6,""context"":""지난 1분기 25~34세 인구는 697만6000명으로,"",""role_status"":""미분류""},{""mention_id"":""n2"",""expression"":""25~34세"",""start"":7,""end"":13,""context"":""지난 1분기 25~34세 인구는 697만6000명으로, 작년 1분기"",""role_status"":""미분류""},{""mention_id"":""n3"",""expression"":""697만6000명"",""start"":18,""end"":27,""context"":""지난 1분기 25~34세 인구는 697만6000명으로, 작년 1분기(697만7000명)와 비"",""role_status"":""미분류""},{""mention_id"":""n4"",""expression"":""1분기"",""start"":34,""end"":37,""context"":""34세 인구는 697만6000명으로, 작년 1분기(697만7000명)와 비슷했다."",""role_status"":""미분류""},{""mention_id"":""n5"",""expression"":""697만7000명"",""start"":38,""end"":47,""context"":""인구는 697만6000명으로, 작년 1분기(697만7000명)와 비슷했다."",""role_status"":""미분류""}]",[],COMPLETE
3,D3 정확한 값·세부 좌표,정확한 값 직접 비교,연간,연간,공식값 1개,기사값과 공식값의 단위 정규화 후 직접 비교,복합 세부조건(지역·대상집단),기사 수치 없음,KOSIS 공식 API,묶음 실행 가능,공식 좌표 1개·공식값·공표정보를 확보하고 허용오차/부등호로 판정,A01385_1,지난해 국내 농가 수가 97만4000가구로 집계됐다.,HOLD,FETCH_FAILED,직접값 확인,직접값 확인,2025-04-17,농가 수,974000,가구,2024,Y,KOSIS 세부 차원 통계표,공식값·공표정보 조회,확정된 공식 좌표의 값을 조회하지 못함,공식값 1개 직접 비교,calculation=DIRECT_VALUE | 세부문제유형=VALUE_FETCH_FAILED | 최신결과사유=FETCH_FAILED,12개 슬롯 + 통합 원장 진단 규칙,확정,A01385,1,,전국,농가,,,DIRECT_VALUE,,,UNDETERMINED,VALUE_FETCH_FAILED,FETCH_FAILED,,,,,,,,,,,1,97만4000가구,"[{""mention_id"":""n1"",""expression"":""97만4000가구"",""start"":13,""end"":22,""context"":""지난해 국내 농가 수가 97만4000가구로 집계됐다."",""role_status"":""미분류""}]",[],COMPLETE
3,D3 정확한 값·세부 좌표,정확한 값 직접 비교,연간,연간,공식값 1개,기사값과 공식값의 단위 정규화 후 직접 비교,복합 세부조건(지역·대상집단),수치 1개,KOSIS 공식 API,묶음 실행 가능,공식 좌표 1개·공식값·공표정보를 확보하고 허용오차/부등호로 판정,A01385_2,국내 농가 수는 지난 2023년 99만9000가구를 기록하며 처음으로 100만 가구 아래로 떨어진 이후 하락세가 지속되고 있다.,HOLD,FETCH_FAILED,직접값 확인,직접값 확인,2025-04-17,농가 수,999000,가구,2023,Y,KOSIS 세부 차원 통계표,공식값·공표정보 조회,확정된 공식 좌표의 값을 조회하지 못함,공식값 1개 직접 비교,calculation=DIRECT_VALUE | 세부문제유형=VALUE_FETCH_FAILED | 최신결과사유=FETCH_FAILED,12개 슬롯 + 통합 원장 진단 규칙,확정,A01385,2,,전국,농가,,"{""claimed_operands"": ""[{'raw': '100만 가구', 'value': 1000000.0, 'unit': '가구'}]""}",DIRECT_VALUE,"{""direction"": ""DECREASE""}",,UNDETERMINED,VALUE_FETCH_FAILED,FETCH_FAILED,,,,,,,,,,,3,2023년 | 99만9000가구 | 100만 가구,"[{""mention_id"":""n1"",""expression"":""2023년"",""start"":12,""end"":17,""context"":""국내 농가 수는 지난 2023년 99만9000가구를 기록하며 처음으로 10"",""role_status"":""미분류""},{""mention_id"":""n2"",""expression"":""99만9000가구"",""start"":18,""end"":27,""context"":""국내 농가 수는 지난 2023년 99만9000가구를 기록하며 처음으로 100만 가구 아래로 "",""role_status"":""미분류""},{""mention_id"":""n3"",""expression"":""100만 가구"",""start"":39,""end"":46,""context"":""3년 99만9000가구를 기록하며 처음으로 100만 가구 아래로 떨어진 이후 하락세가 지속되고 있다"",""role_status"":""미분류""}]",[],COMPLETE
3,D3 정확한 값·세부 좌표,정확한 값 직접 비교,연간,연간,공식값 1개,기사값과 공식값의 단위 정규화 후 직접 비교,복합 세부조건(지역·대상집단),수치 3개,KOSIS 공식 API,묶음 실행 가능,공식 좌표 1개·공식값·공표정보를 확보하고 허용오차/부등호로 판정,A01385_5,"전국 농가 수는 1970년 약 248만3000가구였지만, 1984년 약 197만 3000가구로 처음 200만 가구 아래로 떨어진 뒤 2023년에는 100만 가구 선도 깨졌다.",HOLD,KOSIS_METADATA_UNAVAILABLE,직접값 확인,직접값 확인,2025-04-17,농가 수,2483000,가구,2023,Y,KOSIS 세부 차원 통계표,KOSIS 공식 구조 확인,KOSIS 표의 항목·기간·분류 구조 조회를 완료하지 못함,공식값 1개 직접 비교,calculation=DIRECT_VALUE | 세부문제유형=OFFICIAL_METADATA_LOOKUP | 최신결과사유=KOSIS_METADATA_UNAVAILABLE,12개 슬롯 + 통합 원장 진단 규칙,확정,A01385,5,,전국,농가,,"{""claimed_operands"": ""[{'raw': '197만 3000가구', 'value': 1973000.0, 'unit': '가구'}, {'raw': '200만 가구', 'value': 2000000.0, 'unit': '가구'}, {'raw': '100만 가구', 'value': 1000000.0, 'unit': '가구'}]""}",DIRECT_VALUE,"{""direction"": ""DECREASE""}",,UNDETERMINED,OFFICIAL_METADATA_LOOKUP,KOSIS_METADATA_UNAVAILABLE,,,,,,,,,,,7,1970년 | 248만3000가구 | 1984년 | 197만 3000가구 | 200만 가구 | 2023년 | 100만 가구,"[{""mention_id"":""n1"",""expression"":""1970년"",""start"":9,""end"":14,""context"":""전국 농가 수는 1970년 약 248만3000가구였지만, 1984년 "",""role_status"":""미분류""},{""mention_id"":""n2"",""expression"":""248만3000가구"",""start"":17,""end"":27,""context"":""전국 농가 수는 1970년 약 248만3000가구였지만, 1984년 약 197만 3000가구"",""role_status"":""미분류""},{""mention_id"":""n3"",""expression"":""1984년"",""start"":32,""end"":37,""context"":"" 1970년 약 248만3000가구였지만, 1984년 약 197만 3000가구로 처음 200만 "",""role_status"":""미분류""},{""mention_id"":""n4"",""expression"":""197만 3000가구"",""start"":40,""end"":51,""context"":"" 248만3000가구였지만, 1984년 약 197만 3000가구로 처음 200만 가구 아래로 떨어진 뒤 2"",""role_status"":""미분류""},{""mention_id"":""n5"",""expression"":""200만 가구"",""start"":56,""end"":63,""context"":""1984년 약 197만 3000가구로 처음 200만 가구 아래로 떨어진 뒤 2023년에는 100만 "",""role_status"":""미분류""},{""mention_id"":""n6"",""expression"":""2023년"",""start"":74,""end"":79,""context"":""구로 처음 200만 가구 아래로 떨어진 뒤 2023년에는 100만 가구 선도 깨졌다."",""role_status"":""미분류""},{""mention_id"":""n7"",""expression"":""100만 가구"",""start"":82,""end"":89,""context"":""0만 가구 아래로 떨어진 뒤 2023년에는 100만 가구 선도 깨졌다."",""role_status"":""미분류""}]",[],COMPLETE
3,D3 정확한 값·세부 좌표,정확한 값 직접 비교,연간,연간,공식값 1개,기사값과 공식값의 단위 정규화 후 직접 비교,단일 세부조건(지역),수치 1개,KOSIS 공식 API,묶음 실행 가능,공식 좌표 1개·공식값·공표정보를 확보하고 허용오차/부등호로 판정,A01438_17,"우리나라 잠재성장률은 2000년대 초반만 해도 5% 안팎이었는데, 2010년대 3%대 초·중반으로 떨어졌다.",HOLD,NO_EVIDENCE_COORDINATE_CANDIDATE,직접값 확인,직접값 확인,2025-04-21,경제성장률,3,%,2000,Y,KOSIS 세부 차원 통계표,필수 조건 검사,공식 구조는 확인했지만 실제 값을 조회할 좌표를 확정하지 못함,공식값 1개 직접 비교,calculation=DIRECT_VALUE | 세부문제유형=COORDINATE_GENERAL | 최신결과사유=NO_EVIDENCE_COORDINATE_CANDIDATE,12개 슬롯 + 통합 원장 진단 규칙,확정,A01438,17,,전국,,,"{""claimed_operands"": ""[{'raw': '5%', 'value': 5.0, 'unit': '%'}]""}",DIRECT_VALUE,"{""direction"": ""DECREASE""}",,UNDETERMINED,COORDINATE_GENERAL,NO_EVIDENCE_COORDINATE_CANDIDATE,,,,,,,,,,,4,2000년 | 5% | 2010년 | 3%,"[{""mention_id"":""n1"",""expression"":""2000년"",""start"":12,""end"":17,""context"":""우리나라 잠재성장률은 2000년대 초반만 해도 5% 안팎이었는데, 2010"",""role_status"":""미분류""},{""mention_id"":""n2"",""expression"":""5%"",""start"":26,""end"":28,""context"":""나라 잠재성장률은 2000년대 초반만 해도 5% 안팎이었는데, 2010년대 3%대 초·중반"",""role_status"":""미분류""},{""mention_id"":""n3"",""expression"":""2010년"",""start"":37,""end"":42,""context"":""000년대 초반만 해도 5% 안팎이었는데, 2010년대 3%대 초·중반으로 떨어졌다."",""role_status"":""미분류""},{""mention_id"":""n4"",""expression"":""3%"",""start"":44,""end"":46,""context"":""반만 해도 5% 안팎이었는데, 2010년대 3%대 초·중반으로 떨어졌다."",""role_status"":""미분류""}]",[],COMPLETE
3,D3 정확한 값·세부 좌표,정확한 값 직접 비교,월간,월간,공식값 1개,기사값과 공식값의 단위 정규화 후 직접 비교,단일 세부조건(지역),기사 수치 없음,KOSIS 공식 API,묶음 실행 가능,공식 좌표 1개·공식값·공표정보를 확보하고 허용오차/부등호로 판정,A01444_4,이는 코로나에 고물가가 겹치며 세계 경기가 위축됐던 2022년 4월(-0.8%포인트) 이후 3년 만에 가장 크게 하향 조정한 것이다.,HOLD,NO_HARD_GUARD_CANDIDATE,직접값 확인,직접값 확인,2025-04-22,물가상승률,0.8,%p,2022-04,M,KOSIS 세부 차원 통계표,필수 조건 검사,기간·단위·지역 등 필수 조건을 모두 만족하는 공식 통계표 후보가 없음,공식값 1개 직접 비교,calculation=DIRECT_VALUE | 세부문제유형=HARD_GUARD_ALIAS | 최신결과사유=NO_HARD_GUARD_CANDIDATE,12개 슬롯 + 통합 원장 진단 규칙,확정,A01444,4,,경기,,,,DIRECT_VALUE,,,UNDETERMINED,HARD_GUARD_ALIAS,NO_HARD_GUARD_CANDIDATE,,,,,,,,,,,4,2022년 | 4월 | -0.8%포인트 | 3년,"[{""mention_id"":""n1"",""expression"":""2022년"",""start"":29,""end"":34,""context"":""나에 고물가가 겹치며 세계 경기가 위축됐던 2022년 4월(-0.8%포인트) 이후 3년 만에 가"",""role_status"":""미분류""},{""mention_id"":""n2"",""expression"":""4월"",""start"":35,""end"":37,""context"":""가 겹치며 세계 경기가 위축됐던 2022년 4월(-0.8%포인트) 이후 3년 만에 가장 크"",""role_status"":""미분류""},{""mention_id"":""n3"",""expression"":""-0.8%포인트"",""start"":38,""end"":46,""context"":""치며 세계 경기가 위축됐던 2022년 4월(-0.8%포인트) 이후 3년 만에 가장 크게 하향 조정한 "",""role_status"":""미분류""},{""mention_id"":""n4"",""expression"":""3년"",""start"":51,""end"":53,""context"":""던 2022년 4월(-0.8%포인트) 이후 3년 만에 가장 크게 하향 조정한 것이다."",""role_status"":""미분류""}]",[],COMPLETE
3,D3 정확한 값·세부 좌표,정확한 값 직접 비교,분기,분기,공식값 1개,기사값과 공식값의 단위 정규화 후 직접 비교,단일 세부조건(지역),수치 3개,KOSIS 공식 API,묶음 실행 가능,공식 좌표 1개·공식값·공표정보를 확보하고 허용오차/부등호로 판정,A01480_2,지난해 2분기 이후 분기별 실질 국내총생산(GDP) 성장률이 ‘-0.2%→0.1%→0.1%→-0.2%’로 떨어지면서 지난 1년간 우리나라 성장이 사실상 ‘마이너스(-) 성장’을 나타낸 것이다.,HOLD,NO_EVIDENCE_COORDINATE_CANDIDATE,직접값 확인,직접값 확인,2025-04-24,GDP,0.2,%,2024-Q2,Q,KOSIS 세부 차원 통계표,필수 조건 검사,공식 구조는 확인했지만 실제 값을 조회할 좌표를 확정하지 못함,공식값 1개 직접 비교,calculation=DIRECT_VALUE | 세부문제유형=COORDINATE_GENERAL | 최신결과사유=NO_EVIDENCE_COORDINATE_CANDIDATE,12개 슬롯 + 통합 원장 진단 규칙,확정,A01480,2,,전국,,,"{""claimed_operands"": ""[{'raw': '0.2%', 'value': 0.2, 'unit': '%'}, {'raw': '0.1%', 'value': 0.1, 'unit': '%'}, {'raw': '0.1%', 'value': 0.1, 'unit': '%'}]""}",DIRECT_VALUE,"{""direction"": ""DECREASE""}",,UNDETERMINED,COORDINATE_GENERAL,NO_EVIDENCE_COORDINATE_CANDIDATE,,,,,,,,,,,6,2분기 | -0.2% | 0.1% | 0.1% | -0.2% | 1년,"[{""mention_id"":""n1"",""expression"":""2분기"",""start"":4,""end"":7,""context"":""지난해 2분기 이후 분기별 실질 국내총생산(GDP) 성장"",""role_status"":""미분류""},{""mention_id"":""n2"",""expression"":""-0.2%"",""start"":35,""end"":40,""context"":""분기별 실질 국내총생산(GDP) 성장률이 ‘-0.2%→0.1%→0.1%→-0.2%’로 떨어지면서"",""role_status"":""미분류""},{""mention_id"":""n3"",""expression"":""0.1%"",""start"":41,""end"":45,""context"":"" 국내총생산(GDP) 성장률이 ‘-0.2%→0.1%→0.1%→-0.2%’로 떨어지면서 지난 1"",""role_status"":""미분류""},{""mention_id"":""n4"",""expression"":""0.1%"",""start"":46,""end"":50,""context"":""산(GDP) 성장률이 ‘-0.2%→0.1%→0.1%→-0.2%’로 떨어지면서 지난 1년간 우리"",""role_status"":""미분류""},{""mention_id"":""n5"",""expression"":""-0.2%"",""start"":51,""end"":56,""context"":"") 성장률이 ‘-0.2%→0.1%→0.1%→-0.2%’로 떨어지면서 지난 1년간 우리나라 성장이"",""role_status"":""미분류""},{""mention_id"":""n6"",""expression"":""1년"",""start"":68,""end"":70,""context"":""%→0.1%→-0.2%’로 떨어지면서 지난 1년간 우리나라 성장이 사실상 ‘마이너스(-) "",""role_status"":""미분류""}]",[],COMPLETE
3,D3 정확한 값·세부 좌표,정확한 값 직접 비교,분기,분기,공식값 1개,기사값과 공식값의 단위 정규화 후 직접 비교,단일 세부조건(지역),수치 4개,KOSIS 공식 API,묶음 실행 가능,공식 좌표 1개·공식값·공표정보를 확보하고 허용오차/부등호로 판정,A01480_28,비상 계엄 파문 이전인 작년... 3분기 연속 제로 성장… 현실이 된 '피크 코리아' -0.2%(2024년 2분기)→0.1%(3분기)→0.1%(4분기) 한국 경제성장률이 3개 분기 연속으로 0% 안팎을 기록했다.,HOLD,NO_EVIDENCE_COORDINATE_CANDIDATE,직접값 확인,직접값 확인,2025-04-24,경제성장률,0.2,%,2024-Q2,Q,KOSIS 세부 차원 통계표,필수 조건 검사,공식 구조는 확인했지만 실제 값을 조회할 좌표를 확정하지 못함,공식값 1개 직접 비교,calculation=DIRECT_VALUE | 세부문제유형=COORDINATE_GENERAL | 최신결과사유=NO_EVIDENCE_COORDINATE_CANDIDATE,12개 슬롯 + 통합 원장 진단 규칙,확정,A01480,28,,전국,,,"{""claimed_operands"": ""[{'raw': '0.1%', 'value': 0.1, 'unit': '%'}, {'raw': '0.1%', 'value': 0.1, 'unit': '%'}, {'raw': '3개', 'value': 3.0, 'unit': '개'}, {'raw': '0%', 'value': 0.0, 'unit': '%'}]""}",DIRECT_VALUE,,,UNDETERMINED,COORDINATE_GENERAL,NO_EVIDENCE_COORDINATE_CANDIDATE,,,,,,,,,,,10,3분기 | -0.2% | 2024년 | 2분기 | 0.1% | 3분기 | 0.1% | 4분기 | 3개 | 0%,"[{""mention_id"":""n1"",""expression"":""3분기"",""start"":19,""end"":22,""context"":""비상 계엄 파문 이전인 작년... 3분기 연속 제로 성장… 현실이 된 '피크 코리아"",""role_status"":""미분류""},{""mention_id"":""n2"",""expression"":""-0.2%"",""start"":48,""end"":53,""context"":""속 제로 성장… 현실이 된 '피크 코리아' -0.2%(2024년 2분기)→0.1%(3분기)→0."",""role_status"":""미분류""},{""mention_id"":""n3"",""expression"":""2024년"",""start"":54,""end"":59,""context"":""장… 현실이 된 '피크 코리아' -0.2%(2024년 2분기)→0.1%(3분기)→0.1%(4분기"",""role_status"":""미분류""},{""mention_id"":""n4"",""expression"":""2분기"",""start"":60,""end"":63,""context"":"" 된 '피크 코리아' -0.2%(2024년 2분기)→0.1%(3분기)→0.1%(4분기) 한국"",""role_status"":""미분류""},{""mention_id"":""n5"",""expression"":""0.1%"",""start"":65,""end"":69,""context"":""크 코리아' -0.2%(2024년 2분기)→0.1%(3분기)→0.1%(4분기) 한국 경제성장률"",""role_status"":""미분류""},{""mention_id"":""n6"",""expression"":""3분기"",""start"":70,""end"":73,""context"":""' -0.2%(2024년 2분기)→0.1%(3분기)→0.1%(4분기) 한국 경제성장률이 3개"",""role_status"":""미분류""},{""mention_id"":""n7"",""expression"":""0.1%"",""start"":75,""end"":79,""context"":""2%(2024년 2분기)→0.1%(3분기)→0.1%(4분기) 한국 경제성장률이 3개 분기 연속"",""role_status"":""미분류""},{""mention_id"":""n8"",""expression"":""4분기"",""start"":80,""end"":83,""context"":""24년 2분기)→0.1%(3분기)→0.1%(4분기) 한국 경제성장률이 3개 분기 연속으로 0"",""role_status"":""미분류""},{""mention_id"":""n9"",""expression"":""3개"",""start"":95,""end"":97,""context"":""분기)→0.1%(4분기) 한국 경제성장률이 3개 분기 연속으로 0% 안팎을 기록했다."",""role_status"":""미분류""},{""mention_id"":""n10"",""expression"":""0%"",""start"":106,""end"":108,""context"":""기) 한국 경제성장률이 3개 분기 연속으로 0% 안팎을 기록했다."",""role_status"":""미분류""}]",[],COMPLETE
3,D3 정확한 값·세부 좌표,정확한 값 직접 비교,연간,연간,공식값 1개,기사값과 공식값의 단위 정규화 후 직접 비교,복합 세부조건(지역·차원),수치 3개,KOSIS 공식 API,묶음 실행 가능,공식 좌표 1개·공식값·공표정보를 확보하고 허용오차/부등호로 판정,A01539_13,"◇반도체로 2만불, 車로 3만불 시대… ‘4만불 엔진’은 안 보여 1만729달러(1994년)→2만162달러(2005년)→3만667달러(2014년). 한국 경제는 1인당 GDP가 1만달러 간격의 허들을 넘을 때마다 확실한 동력을 갖고 있었다.",HOLD,NO_HARD_GUARD_CANDIDATE,직접값 확인,직접값 확인,2025-04-29,1인당 GDP,10729,달러,2005,Y,KOSIS 세부 차원 통계표,필수 조건 검사,기간·단위·지역 등 필수 조건을 모두 만족하는 공식 통계표 후보가 없음,공식값 1개 직접 비교,calculation=DIRECT_VALUE | 세부문제유형=HARD_GUARD_ALIAS | 최신결과사유=NO_HARD_GUARD_CANDIDATE,12개 슬롯 + 통합 원장 진단 규칙,확정,A01539,13,,전국,,"{""raw"": ""{\""품목\"": [\""반도체\""]}""}","{""claimed_operands"": ""[{'raw': '2만162달러', 'value': 20162.0, 'unit': '달러'}, {'raw': '3만667달러', 'value': 30667.0, 'unit': '달러'}, {'raw': '1만달러', 'value': 10000.0, 'unit': '달러'}]""}",DIRECT_VALUE,,,UNDETERMINED,HARD_GUARD_ALIAS,NO_HARD_GUARD_CANDIDATE,,,,,,,,,,,11,2만 | 3만 | 4만 | 1만729달러 | 1994년 | 2만162달러 | 2005년 | 3만667달러 | 2014년 | 1 | 1만달러,"[{""mention_id"":""n1"",""expression"":""2만"",""start"":6,""end"":8,""context"":""◇반도체로 2만불, 車로 3만불 시대… ‘4만불 엔진’은 "",""role_status"":""미분류""},{""mention_id"":""n2"",""expression"":""3만"",""start"":14,""end"":16,""context"":""◇반도체로 2만불, 車로 3만불 시대… ‘4만불 엔진’은 안 보여 1만7"",""role_status"":""미분류""},{""mention_id"":""n3"",""expression"":""4만"",""start"":23,""end"":25,""context"":""◇반도체로 2만불, 車로 3만불 시대… ‘4만불 엔진’은 안 보여 1만729달러(1994"",""role_status"":""미분류""},{""mention_id"":""n4"",""expression"":""1만729달러"",""start"":37,""end"":44,""context"":"" 3만불 시대… ‘4만불 엔진’은 안 보여 1만729달러(1994년)→2만162달러(2005년)→3"",""role_status"":""미분류""},{""mention_id"":""n5"",""expression"":""1994년"",""start"":45,""end"":50,""context"":"" ‘4만불 엔진’은 안 보여 1만729달러(1994년)→2만162달러(2005년)→3만667달러"",""role_status"":""미분류""},{""mention_id"":""n6"",""expression"":""2만162달러"",""start"":52,""end"":59,""context"":""진’은 안 보여 1만729달러(1994년)→2만162달러(2005년)→3만667달러(2014년). "",""role_status"":""미분류""},{""mention_id"":""n7"",""expression"":""2005년"",""start"":60,""end"":65,""context"":"" 1만729달러(1994년)→2만162달러(2005년)→3만667달러(2014년). 한국 경제는"",""role_status"":""미분류""},{""mention_id"":""n8"",""expression"":""3만667달러"",""start"":67,""end"":74,""context"":""러(1994년)→2만162달러(2005년)→3만667달러(2014년). 한국 경제는 1인당 GDP가"",""role_status"":""미분류""},{""mention_id"":""n9"",""expression"":""2014년"",""start"":75,""end"":80,""context"":""→2만162달러(2005년)→3만667달러(2014년). 한국 경제는 1인당 GDP가 1만달러 "",""role_status"":""미분류""},{""mention_id"":""n10"",""expression"":""1"",""start"":90,""end"":91,""context"":""→3만667달러(2014년). 한국 경제는 1인당 GDP가 1만달러 간격의 허들을 넘을 "",""role_status"":""미분류""},{""mention_id"":""n11"",""expression"":""1만달러"",""start"":99,""end"":103,""context"":""2014년). 한국 경제는 1인당 GDP가 1만달러 간격의 허들을 넘을 때마다 확실한 동력을 "",""role_status"":""미분류""}]",[],COMPLETE
3,D3 정확한 값·세부 좌표,정확한 값 직접 비교,연간,연간,공식값 1개,기사값과 공식값의 단위 정규화 후 직접 비교,단일 세부조건(차원),기사 수치 없음,KOSIS 공식 API,묶음 실행 가능,공식 좌표 1개·공식값·공표정보를 확보하고 허용오차/부등호로 판정,A01539_16,3만달러를 넘은 2014년쯤에는 자동차·화학·정유(차화정)가 반도체와 함께 수출을 쌍끌이했다.,HOLD,NO_HARD_GUARD_CANDIDATE,직접값 확인,직접값 확인,2025-04-29,수출액,30000,달러,2014,Y,KOSIS 세부 차원 통계표,필수 조건 검사,기간·단위·지역 등 필수 조건을 모두 만족하는 공식 통계표 후보가 없음,공식값 1개 직접 비교,calculation=DIRECT_VALUE | 세부문제유형=HARD_GUARD_ALIAS | 최신결과사유=NO_HARD_GUARD_CANDIDATE,12개 슬롯 + 통합 원장 진단 규칙,확정,A01539,16,,,,"{""raw"": ""{\""품목\"": [\""반도체\"", \""자동차\""]}""}",,DIRECT_VALUE,,,UNDETERMINED,HARD_GUARD_ALIAS,NO_HARD_GUARD_CANDIDATE,,,,,,,,,,,2,3만달러 | 2014년,"[{""mention_id"":""n1"",""expression"":""3만달러"",""start"":0,""end"":4,""context"":""3만달러를 넘은 2014년쯤에는 자동차·화학·정유("",""role_status"":""미분류""},{""mention_id"":""n2"",""expression"":""2014년"",""start"":9,""end"":14,""context"":""3만달러를 넘은 2014년쯤에는 자동차·화학·정유(차화정)가 반도체와"",""role_status"":""미분류""}]",[],COMPLETE
3,D3 정확한 값·세부 좌표,정확한 값 직접 비교,연간,연간,공식값 1개,기사값과 공식값의 단위 정규화 후 직접 비교,단일 세부조건(차원),기사 수치 없음,KOSIS 공식 API,묶음 실행 가능,공식 좌표 1개·공식값·공표정보를 확보하고 허용오차/부등호로 판정,A01708_1,"5월 1일부터 10일까지 수출이 승용차, 석유제품 등의 부진으로 인해 지난해 같은 기간 대비 23% 넘게 급감했다.",HOLD,NO_HARD_GUARD_CANDIDATE,직접값 확인,직접값 확인,2025-05-12,수출액,23,%,2024,Y,KOSIS 세부 차원 통계표,필수 조건 검사,기간·단위·지역 등 필수 조건을 모두 만족하는 공식 통계표 후보가 없음,공식값 1개 직접 비교,calculation=DIRECT_VALUE | 세부문제유형=HARD_GUARD_ALIAS | 최신결과사유=NO_HARD_GUARD_CANDIDATE,12개 슬롯 + 통합 원장 진단 규칙,확정,A01708,1,,,,"{""raw"": ""{\""품목\"": [\""석유제품\""]}""}",,DIRECT_VALUE,,,UNDETERMINED,HARD_GUARD_ALIAS,NO_HARD_GUARD_CANDIDATE,,,,,,,,,,,4,5월 | 1일 | 10일 | 23%,"[{""mention_id"":""n1"",""expression"":""5월"",""start"":0,""end"":2,""context"":""5월 1일부터 10일까지 수출이 승용차, 석유제"",""role_status"":""미분류""},{""mention_id"":""n2"",""expression"":""1일"",""start"":3,""end"":5,""context"":""5월 1일부터 10일까지 수출이 승용차, 석유제품 등"",""role_status"":""미분류""},{""mention_id"":""n3"",""expression"":""10일"",""start"":8,""end"":11,""context"":""5월 1일부터 10일까지 수출이 승용차, 석유제품 등의 부진으로"",""role_status"":""미분류""},{""mention_id"":""n4"",""expression"":""23%"",""start"":52,""end"":55,""context"":""등의 부진으로 인해 지난해 같은 기간 대비 23% 넘게 급감했다."",""role_status"":""미분류""}]",[],COMPLETE
3,D3 정확한 값·세부 좌표,정확한 값 직접 비교,연간,연간,공식값 1개,기사값과 공식값의 단위 정규화 후 직접 비교,단일 세부조건(지역),수치 1개,KOSIS 공식 API,묶음 실행 가능,공식 좌표 1개·공식값·공표정보를 확보하고 허용오차/부등호로 판정,A01709_28,2023년 말 약 1127조원으로 국내총생산(GDP)의 46.9%다.,HOLD,KOSIS_METADATA_UNAVAILABLE,직접값 확인,직접값 확인,2025-05-12,GDP,1127000000000000,원,2023,Y,KOSIS 세부 차원 통계표,KOSIS 공식 구조 확인,KOSIS 표의 항목·기간·분류 구조 조회를 완료하지 못함,공식값 1개 직접 비교,calculation=DIRECT_VALUE | 세부문제유형=OFFICIAL_METADATA_LOOKUP | 최신결과사유=KOSIS_METADATA_UNAVAILABLE,12개 슬롯 + 통합 원장 진단 규칙,확정,A01709,28,,전국,,,"{""claimed_operands"": ""[{'raw': '46.9%', 'value': 46.9, 'unit': '%'}]""}",DIRECT_VALUE,,,UNDETERMINED,OFFICIAL_METADATA_LOOKUP,KOSIS_METADATA_UNAVAILABLE,,,,,,,,,,,3,2023년 | 1127조원 | 46.9%,"[{""mention_id"":""n1"",""expression"":""2023년"",""start"":0,""end"":5,""context"":""2023년 말 약 1127조원으로 국내총생산(GDP)"",""role_status"":""미분류""},{""mention_id"":""n2"",""expression"":""1127조원"",""start"":10,""end"":16,""context"":""2023년 말 약 1127조원으로 국내총생산(GDP)의 46.9%다."",""role_status"":""미분류""},{""mention_id"":""n3"",""expression"":""46.9%"",""start"":31,""end"":36,""context"":"" 약 1127조원으로 국내총생산(GDP)의 46.9%다."",""role_status"":""미분류""}]",[],COMPLETE
3,D3 정확한 값·세부 좌표,정확한 값 직접 비교,연간,연간,공식값 1개,기사값과 공식값의 단위 정규화 후 직접 비교,단일 세부조건(지역),기사 수치 없음,KOSIS 공식 API,묶음 실행 가능,공식 좌표 1개·공식값·공표정보를 확보하고 허용오차/부등호로 판정,A01723_6,한국의 잠재성장률은 2007년까지만 해도 4.27%에 달했다.,HOLD,NO_HARD_GUARD_CANDIDATE,직접값 확인,직접값 확인,2025-05-13,경제성장률,4.27,%,2007,Y,KOSIS 세부 차원 통계표,필수 조건 검사,기간·단위·지역 등 필수 조건을 모두 만족하는 공식 통계표 후보가 없음,공식값 1개 직접 비교,calculation=DIRECT_VALUE | 세부문제유형=HARD_GUARD_ALIAS | 최신결과사유=NO_HARD_GUARD_CANDIDATE,12개 슬롯 + 통합 원장 진단 규칙,확정,A01723,6,,전국,,,,DIRECT_VALUE,,,UNDETERMINED,HARD_GUARD_ALIAS,NO_HARD_GUARD_CANDIDATE,,,,,,,,,,,2,2007년 | 4.27%,"[{""mention_id"":""n1"",""expression"":""2007년"",""start"":11,""end"":16,""context"":""한국의 잠재성장률은 2007년까지만 해도 4.27%에 달했다."",""role_status"":""미분류""},{""mention_id"":""n2"",""expression"":""4.27%"",""start"":23,""end"":28,""context"":""한국의 잠재성장률은 2007년까지만 해도 4.27%에 달했다."",""role_status"":""미분류""}]",[],COMPLETE
3,D3 정확한 값·세부 좌표,정확한 값 직접 비교,연간,연간,공식값 1개,기사값과 공식값의 단위 정규화 후 직접 비교,단일 세부조건(지역),수치 1개,KOSIS 공식 API,묶음 실행 가능,공식 좌표 1개·공식값·공표정보를 확보하고 허용오차/부등호로 판정,A01733_8,KDI는 통상 여건 악화로 올해 상품 수출이 -0.4%를 기록하고 경기 부진으로 상품 수입 역시 0%로 둔화될 것으로 봤다.,HOLD,NO_HARD_GUARD_CANDIDATE,직접값 확인,직접값 확인,2025-05-14,수출액,0.4,%,2025,Y,KOSIS 세부 차원 통계표,필수 조건 검사,기간·단위·지역 등 필수 조건을 모두 만족하는 공식 통계표 후보가 없음,공식값 1개 직접 비교,calculation=DIRECT_VALUE | 세부문제유형=HARD_GUARD_ALIAS | 최신결과사유=NO_HARD_GUARD_CANDIDATE,12개 슬롯 + 통합 원장 진단 규칙,확정,A01733,8,,경기,,,"{""claimed_operands"": ""[{'raw': '0%', 'value': 0.0, 'unit': '%'}]""}",DIRECT_VALUE,,,UNDETERMINED,HARD_GUARD_ALIAS,NO_HARD_GUARD_CANDIDATE,,,,,,,,,,,2,-0.4% | 0%,"[{""mention_id"":""n1"",""expression"":""-0.4%"",""start"":25,""end"":30,""context"":""DI는 통상 여건 악화로 올해 상품 수출이 -0.4%를 기록하고 경기 부진으로 상품 수입 역시 "",""role_status"":""미분류""},{""mention_id"":""n2"",""expression"":""0%"",""start"":54,""end"":56,""context"":""를 기록하고 경기 부진으로 상품 수입 역시 0%로 둔화될 것으로 봤다."",""role_status"":""미분류""}]",[],COMPLETE
3,D3 정확한 값·세부 좌표,정확한 값 직접 비교,월간,월간,공식값 1개,기사값과 공식값의 단위 정규화 후 직접 비교,복합 세부조건(대상집단·차원),기사 수치 없음,KOSIS 공식 API,묶음 실행 가능,공식 좌표 1개·공식값·공표정보를 확보하고 허용오차/부등호로 판정,A01737_10,청년층 고용률은 작년 5월(-0.7%포인트)부터 1년째 감소세를 이어가고 있다.,HOLD,NO_HARD_GUARD_CANDIDATE,직접값 확인,직접값 확인,2025-05-14,고용률,0.7,%p,2024-05,M,KOSIS 세부 차원 통계표,필수 조건 검사,기간·단위·지역 등 필수 조건을 모두 만족하는 공식 통계표 후보가 없음,공식값 1개 직접 비교,calculation=DIRECT_VALUE | 세부문제유형=HARD_GUARD_ALIAS | 최신결과사유=NO_HARD_GUARD_CANDIDATE,12개 슬롯 + 통합 원장 진단 규칙,확정,A01737,10,,,청년,"{""raw"": ""{\""연령집단\"": \""청년\""}""}",,DIRECT_VALUE,"{""direction"": ""DECREASE""}",,UNDETERMINED,HARD_GUARD_ALIAS,NO_HARD_GUARD_CANDIDATE,,,,,,,,,,,3,5월 | -0.7%포인트 | 1년째,"[{""mention_id"":""n1"",""expression"":""5월"",""start"":12,""end"":14,""context"":""청년층 고용률은 작년 5월(-0.7%포인트)부터 1년째 감소세를 이어"",""role_status"":""미분류""},{""mention_id"":""n2"",""expression"":""-0.7%포인트"",""start"":15,""end"":23,""context"":""청년층 고용률은 작년 5월(-0.7%포인트)부터 1년째 감소세를 이어가고 있다."",""role_status"":""미분류""},{""mention_id"":""n3"",""expression"":""1년째"",""start"":27,""end"":30,""context"":"" 고용률은 작년 5월(-0.7%포인트)부터 1년째 감소세를 이어가고 있다."",""role_status"":""미분류""}]",[],COMPLETE
3,D3 정확한 값·세부 좌표,정확한 값 직접 비교,연간,연간,공식값 1개,기사값과 공식값의 단위 정규화 후 직접 비교,복합 세부조건(대상집단·차원),수치 1개,KOSIS 공식 API,묶음 실행 가능,공식 좌표 1개·공식값·공표정보를 확보하고 허용오차/부등호로 판정,A01737_13,이에 따라 전체 청년층 실업률도 7.3%로 전년 동월 대비 0.5%포인트 올랐다.,HOLD,NO_HARD_GUARD_CANDIDATE,직접값 확인,직접값 확인,2025-05-14,실업률,0.5,%p,2025,Y,KOSIS 세부 차원 통계표,필수 조건 검사,기간·단위·지역 등 필수 조건을 모두 만족하는 공식 통계표 후보가 없음,공식값 1개 직접 비교,calculation=DIRECT_VALUE | 세부문제유형=HARD_GUARD_ALIAS | 최신결과사유=NO_HARD_GUARD_CANDIDATE,12개 슬롯 + 통합 원장 진단 규칙,확정,A01737,13,,,청년,"{""raw"": ""{\""연령집단\"": \""청년\""}""}","{""claimed_operands"": ""[{'raw': '7.3%', 'value': 7.3, 'unit': '%'}]""}",DIRECT_VALUE,,,UNDETERMINED,HARD_GUARD_ALIAS,NO_HARD_GUARD_CANDIDATE,,,,,,,,,,,2,7.3% | 0.5%포인트,"[{""mention_id"":""n1"",""expression"":""7.3%"",""start"":18,""end"":22,""context"":""이에 따라 전체 청년층 실업률도 7.3%로 전년 동월 대비 0.5%포인트 올랐다."",""role_status"":""미분류""},{""mention_id"":""n2"",""expression"":""0.5%포인트"",""start"":33,""end"":40,""context"":""청년층 실업률도 7.3%로 전년 동월 대비 0.5%포인트 올랐다."",""role_status"":""미분류""}]",[],COMPLETE
3,D3 정확한 값·세부 좌표,정확한 값 직접 비교,월간,월간,공식값 1개,기사값과 공식값의 단위 정규화 후 직접 비교,단일 세부조건(차원),수치 1개,KOSIS 공식 API,묶음 실행 가능,공식 좌표 1개·공식값·공표정보를 확보하고 허용오차/부등호로 판정,A01737_15,지난달 제조업 취업자는 439만7000명으로 전년 동월 대비 12만4000명 줄었다.,HOLD,NO_HARD_GUARD_CANDIDATE,직접값 확인,직접값 확인,2025-05-14,취업자 수,4397000,명,2025-04,M,KOSIS 세부 차원 통계표,필수 조건 검사,기간·단위·지역 등 필수 조건을 모두 만족하는 공식 통계표 후보가 없음,공식값 1개 직접 비교,calculation=DIRECT_VALUE | 세부문제유형=HARD_GUARD_ALIAS | 최신결과사유=NO_HARD_GUARD_CANDIDATE,12개 슬롯 + 통합 원장 진단 규칙,확정,A01737,15,,,,"{""raw"": ""{\""산업\"": [\""제조업\""]}""}","{""claimed_operands"": ""[{'raw': '12만4000명', 'value': 124000.0, 'unit': '명'}]""}",DIRECT_VALUE,,,UNDETERMINED,HARD_GUARD_ALIAS,NO_HARD_GUARD_CANDIDATE,,,,,,,,,,,2,439만7000명 | 12만4000명,"[{""mention_id"":""n1"",""expression"":""439만7000명"",""start"":13,""end"":22,""context"":""지난달 제조업 취업자는 439만7000명으로 전년 동월 대비 12만4000명 줄었다"",""role_status"":""미분류""},{""mention_id"":""n2"",""expression"":""12만4000명"",""start"":34,""end"":42,""context"":""자는 439만7000명으로 전년 동월 대비 12만4000명 줄었다."",""role_status"":""미분류""}]",[],COMPLETE
3,D3 정확한 값·세부 좌표,정확한 값 직접 비교,월간,월간,공식값 1개,기사값과 공식값의 단위 정규화 후 직접 비교,단일 세부조건(차원),수치 3개,KOSIS 공식 API,묶음 실행 가능,공식 좌표 1개·공식값·공표정보를 확보하고 허용오차/부등호로 판정,A01737_17,"건설업 취업자도 15만명 줄었는데, 작년 12월(-15만7000명)부터 5개월째 10만명대 감소폭을 보이고 있다.",HOLD,NO_EVIDENCE_COORDINATE_CANDIDATE,직접값 확인,직접값 확인,2025-05-14,취업자 수,150000,명,2024-12,M,KOSIS 세부 차원 통계표,필수 조건 검사,공식 구조는 확인했지만 실제 값을 조회할 좌표를 확정하지 못함,공식값 1개 직접 비교,calculation=DIRECT_VALUE | 세부문제유형=COORDINATE_GENERAL | 최신결과사유=NO_EVIDENCE_COORDINATE_CANDIDATE,12개 슬롯 + 통합 원장 진단 규칙,확정,A01737,17,,,,"{""raw"": ""{\""산업\"": [\""건설업\""]}""}","{""claimed_operands"": ""[{'raw': '15만7000명', 'value': 157000.0, 'unit': '명'}, {'raw': '5개', 'value': 5.0, 'unit': '개'}, {'raw': '10만명', 'value': 100000.0, 'unit': '명'}]""}",DIRECT_VALUE,"{""direction"": ""DECREASE""}",,UNDETERMINED,COORDINATE_GENERAL,NO_EVIDENCE_COORDINATE_CANDIDATE,,,,,,,,,,,5,15만명 | 12월 | -15만7000명 | 5개월 | 10만명,"[{""mention_id"":""n1"",""expression"":""15만명"",""start"":9,""end"":13,""context"":""건설업 취업자도 15만명 줄었는데, 작년 12월(-15만7000명)"",""role_status"":""미분류""},{""mention_id"":""n2"",""expression"":""12월"",""start"":23,""end"":26,""context"":""건설업 취업자도 15만명 줄었는데, 작년 12월(-15만7000명)부터 5개월째 10만명대"",""role_status"":""미분류""},{""mention_id"":""n3"",""expression"":""-15만7000명"",""start"":27,""end"":36,""context"":"" 취업자도 15만명 줄었는데, 작년 12월(-15만7000명)부터 5개월째 10만명대 감소폭을 보이고 "",""role_status"":""미분류""},{""mention_id"":""n4"",""expression"":""5개월"",""start"":40,""end"":43,""context"":""는데, 작년 12월(-15만7000명)부터 5개월째 10만명대 감소폭을 보이고 있다."",""role_status"":""미분류""},{""mention_id"":""n5"",""expression"":""10만명"",""start"":45,""end"":49,""context"":""년 12월(-15만7000명)부터 5개월째 10만명대 감소폭을 보이고 있다."",""role_status"":""미분류""}]",[],COMPLETE
3,D3 정확한 값·세부 좌표,정확한 값 직접 비교,연간,연간,공식값 1개,기사값과 공식값의 단위 정규화 후 직접 비교,복합 세부조건(대상집단·차원),수치 1개,KOSIS 공식 API,묶음 실행 가능,공식 좌표 1개·공식값·공표정보를 확보하고 허용오차/부등호로 판정,A01737_9,반면 15~29세 청년층 고용률은 45.3%로 전년 동월 대비 0.9%포인트 감소했다.,HOLD,NO_HARD_GUARD_CANDIDATE,직접값 확인,직접값 확인,2025-05-14,고용률,0.9,%p,2025,Y,KOSIS 세부 차원 통계표,필수 조건 검사,기간·단위·지역 등 필수 조건을 모두 만족하는 공식 통계표 후보가 없음,공식값 1개 직접 비교,calculation=DIRECT_VALUE | 세부문제유형=HARD_GUARD_ALIAS | 최신결과사유=NO_HARD_GUARD_CANDIDATE,12개 슬롯 + 통합 원장 진단 규칙,확정,A01737,9,,,청년,"{""raw"": ""{\""연령\"": \""15~29세\""}""}","{""claimed_operands"": ""[{'raw': '45.3%', 'value': 45.3, 'unit': '%'}]""}",DIRECT_VALUE,"{""direction"": ""DECREASE""}",,UNDETERMINED,HARD_GUARD_ALIAS,NO_HARD_GUARD_CANDIDATE,,,,,,,,,,,3,15~29세 | 45.3% | 0.9%포인트,"[{""mention_id"":""n1"",""expression"":""15~29세"",""start"":3,""end"":9,""context"":""반면 15~29세 청년층 고용률은 45.3%로 전년 동월 대"",""role_status"":""미분류""},{""mention_id"":""n2"",""expression"":""45.3%"",""start"":19,""end"":24,""context"":""반면 15~29세 청년층 고용률은 45.3%로 전년 동월 대비 0.9%포인트 감소했다."",""role_status"":""미분류""},{""mention_id"":""n3"",""expression"":""0.9%포인트"",""start"":35,""end"":42,""context"":""년층 고용률은 45.3%로 전년 동월 대비 0.9%포인트 감소했다."",""role_status"":""미분류""}]",[],COMPLETE
3,D3 정확한 값·세부 좌표,정확한 값 직접 비교,월간,월간,공식값 1개,기사값과 공식값의 단위 정규화 후 직접 비교,복합 세부조건(대상집단·차원),수치 1개,KOSIS 공식 API,묶음 실행 가능,공식 좌표 1개·공식값·공표정보를 확보하고 허용오차/부등호로 판정,A01752_21,청년층 고용률은 작년 5월(46.9%)부터 12개월 연속으로 뒷걸음질 쳤다.,HOLD,NO_EVIDENCE_COORDINATE_CANDIDATE,직접값 확인,직접값 확인,2025-05-15,고용률,46.9,%,2024-05,M,KOSIS 세부 차원 통계표,필수 조건 검사,공식 구조는 확인했지만 실제 값을 조회할 좌표를 확정하지 못함,공식값 1개 직접 비교,calculation=DIRECT_VALUE | 세부문제유형=COORDINATE_GENERAL | 최신결과사유=NO_EVIDENCE_COORDINATE_CANDIDATE,12개 슬롯 + 통합 원장 진단 규칙,확정,A01752,21,,,청년,"{""raw"": ""{\""연령집단\"": \""청년\""}""}","{""claimed_operands"": ""[{'raw': '12개', 'value': 12.0, 'unit': '개'}]""}",DIRECT_VALUE,,,UNDETERMINED,COORDINATE_GENERAL,NO_EVIDENCE_COORDINATE_CANDIDATE,,,,,,,,,,,3,5월 | 46.9% | 12개월,"[{""mention_id"":""n1"",""expression"":""5월"",""start"":12,""end"":14,""context"":""청년층 고용률은 작년 5월(46.9%)부터 12개월 연속으로 뒷걸음질"",""role_status"":""미분류""},{""mention_id"":""n2"",""expression"":""46.9%"",""start"":15,""end"":20,""context"":""청년층 고용률은 작년 5월(46.9%)부터 12개월 연속으로 뒷걸음질 쳤다."",""role_status"":""미분류""},{""mention_id"":""n3"",""expression"":""12개월"",""start"":24,""end"":28,""context"":""청년층 고용률은 작년 5월(46.9%)부터 12개월 연속으로 뒷걸음질 쳤다."",""role_status"":""미분류""}]",[],COMPLETE
3,D3 정확한 값·세부 좌표,정확한 값 직접 비교,월간,월간,공식값 1개,기사값과 공식값의 단위 정규화 후 직접 비교,단일 세부조건(차원),수치 2개,KOSIS 공식 API,묶음 실행 가능,공식 좌표 1개·공식값·공표정보를 확보하고 허용오차/부등호로 판정,A01752_6,하지만 20대 고용이 많은 제조업 분야 취업자는 12만4000명 줄어 작년 7월부터 10개월 연속 감소세를 이어갔다.,HOLD,KOSIS_METADATA_UNAVAILABLE,직접값 확인,직접값 확인,2025-05-15,취업자 수,20,대,2024-07,M,KOSIS 세부 차원 통계표,KOSIS 공식 구조 확인,KOSIS 표의 항목·기간·분류 구조 조회를 완료하지 못함,공식값 1개 직접 비교,calculation=DIRECT_VALUE | 세부문제유형=OFFICIAL_METADATA_LOOKUP | 최신결과사유=KOSIS_METADATA_UNAVAILABLE,12개 슬롯 + 통합 원장 진단 규칙,확정,A01752,6,,,,"{""raw"": ""{\""산업\"": [\""제조업\""]}""}","{""claimed_operands"": ""[{'raw': '12만4000명', 'value': 124000.0, 'unit': '명'}, {'raw': '10개', 'value': 10.0, 'unit': '개'}]""}",DIRECT_VALUE,"{""direction"": ""DECREASE""}",,UNDETERMINED,OFFICIAL_METADATA_LOOKUP,KOSIS_METADATA_UNAVAILABLE,,,,,,,,,,,4,20대 | 12만4000명 | 7월 | 10개월,"[{""mention_id"":""n1"",""expression"":""20대"",""start"":4,""end"":7,""context"":""하지만 20대 고용이 많은 제조업 분야 취업자는 12만4"",""role_status"":""미분류""},{""mention_id"":""n2"",""expression"":""12만4000명"",""start"":27,""end"":35,""context"":"" 20대 고용이 많은 제조업 분야 취업자는 12만4000명 줄어 작년 7월부터 10개월 연속 감소세를"",""role_status"":""미분류""},{""mention_id"":""n3"",""expression"":""7월"",""start"":42,""end"":44,""context"":"" 분야 취업자는 12만4000명 줄어 작년 7월부터 10개월 연속 감소세를 이어갔다."",""role_status"":""미분류""},{""mention_id"":""n4"",""expression"":""10개월"",""start"":47,""end"":51,""context"":""업자는 12만4000명 줄어 작년 7월부터 10개월 연속 감소세를 이어갔다."",""role_status"":""미분류""}]",[],COMPLETE
3,D3 정확한 값·세부 좌표,정확한 값 직접 비교,월간,월간,공식값 1개,기사값과 공식값의 단위 정규화 후 직접 비교,단일 세부조건(차원),수치 1개,KOSIS 공식 API,묶음 실행 가능,공식 좌표 1개·공식값·공표정보를 확보하고 허용오차/부등호로 판정,A01752_7,지난달 제조업 취업자 감소 폭은 2019년 2월(-15만1000명) 이후 6년 2개월 만에 가장 컸다.,HOLD,NO_HARD_GUARD_CANDIDATE,직접값 확인,직접값 확인,2025-05-15,취업자 수,151000,명,2019-02,M,KOSIS 세부 차원 통계표,필수 조건 검사,기간·단위·지역 등 필수 조건을 모두 만족하는 공식 통계표 후보가 없음,공식값 1개 직접 비교,calculation=DIRECT_VALUE | 세부문제유형=HARD_GUARD_ALIAS | 최신결과사유=NO_HARD_GUARD_CANDIDATE,12개 슬롯 + 통합 원장 진단 규칙,확정,A01752,7,,,,"{""raw"": ""{\""산업\"": [\""제조업\""]}""}","{""claimed_operands"": ""[{'raw': '2개', 'value': 2.0, 'unit': '개'}]""}",DIRECT_VALUE,"{""direction"": ""DECREASE""}",,UNDETERMINED,HARD_GUARD_ALIAS,NO_HARD_GUARD_CANDIDATE,,,,,,,,,,,5,2019년 | 2월 | -15만1000명 | 6년 | 2개월,"[{""mention_id"":""n1"",""expression"":""2019년"",""start"":18,""end"":23,""context"":""지난달 제조업 취업자 감소 폭은 2019년 2월(-15만1000명) 이후 6년 2개월"",""role_status"":""미분류""},{""mention_id"":""n2"",""expression"":""2월"",""start"":24,""end"":26,""context"":""지난달 제조업 취업자 감소 폭은 2019년 2월(-15만1000명) 이후 6년 2개월 만에"",""role_status"":""미분류""},{""mention_id"":""n3"",""expression"":""-15만1000명"",""start"":27,""end"":36,""context"":"" 제조업 취업자 감소 폭은 2019년 2월(-15만1000명) 이후 6년 2개월 만에 가장 컸다."",""role_status"":""미분류""},{""mention_id"":""n4"",""expression"":""6년"",""start"":41,""end"":43,""context"":"" 2019년 2월(-15만1000명) 이후 6년 2개월 만에 가장 컸다."",""role_status"":""미분류""},{""mention_id"":""n5"",""expression"":""2개월"",""start"":44,""end"":47,""context"":""19년 2월(-15만1000명) 이후 6년 2개월 만에 가장 컸다."",""role_status"":""미분류""}]",[],COMPLETE
3,D3 정확한 값·세부 좌표,정확한 값 직접 비교,연간,연간,공식값 1개,기사값과 공식값의 단위 정규화 후 직접 비교,단일 세부조건(지역),기사 수치 없음,KOSIS 공식 API,묶음 실행 가능,공식 좌표 1개·공식값·공표정보를 확보하고 허용오차/부등호로 판정,A01762_4,한국의 1인당 GDP(국내총생산)는 지난해 기준 4926만원이다.,HOLD,NO_EVIDENCE_COORDINATE_CANDIDATE,직접값 확인,직접값 확인,2025-05-16,1인당 GDP,49260000,원,2024,Y,KOSIS 세부 차원 통계표,필수 조건 검사,공식 구조는 확인했지만 실제 값을 조회할 좌표를 확정하지 못함,공식값 1개 직접 비교,calculation=DIRECT_VALUE | 세부문제유형=COORDINATE_GENERAL | 최신결과사유=NO_EVIDENCE_COORDINATE_CANDIDATE,12개 슬롯 + 통합 원장 진단 규칙,확정,A01762,4,,전국,,,,DIRECT_VALUE,,,UNDETERMINED,COORDINATE_GENERAL,NO_EVIDENCE_COORDINATE_CANDIDATE,,,,,,,,,,,2,1 | 4926만원,"[{""mention_id"":""n1"",""expression"":""1"",""start"":4,""end"":5,""context"":""한국의 1인당 GDP(국내총생산)는 지난해 기준 49"",""role_status"":""미분류""},{""mention_id"":""n2"",""expression"":""4926만원"",""start"":27,""end"":33,""context"":"" 1인당 GDP(국내총생산)는 지난해 기준 4926만원이다."",""role_status"":""미분류""}]",[],COMPLETE
3,D3 정확한 값·세부 좌표,정확한 값 직접 비교,연간,연간,공식값 1개,기사값과 공식값의 단위 정규화 후 직접 비교,단일 세부조건(지역),기사 수치 없음,KOSIS 공식 API,묶음 실행 가능,공식 좌표 1개·공식값·공표정보를 확보하고 허용오차/부등호로 판정,A01894_4,저출산고령사회위원회에 따르면 2023년 기준 국내 치매 인구는 124만명이다.,HOLD,KOSIS_METADATA_UNAVAILABLE,직접값 확인,직접값 확인,2025-05-26,총인구,1240000,명,2023,Y,KOSIS 세부 차원 통계표,KOSIS 공식 구조 확인,KOSIS 표의 항목·기간·분류 구조 조회를 완료하지 못함,공식값 1개 직접 비교,calculation=DIRECT_VALUE | 세부문제유형=OFFICIAL_METADATA_LOOKUP | 최신결과사유=KOSIS_METADATA_UNAVAILABLE,12개 슬롯 + 통합 원장 진단 규칙,확정,A01894,4,,전국,,,,DIRECT_VALUE,,,UNDETERMINED,OFFICIAL_METADATA_LOOKUP,KOSIS_METADATA_UNAVAILABLE,,,,,,,,,,,2,2023년 | 124만명,"[{""mention_id"":""n1"",""expression"":""2023년"",""start"":16,""end"":21,""context"":""저출산고령사회위원회에 따르면 2023년 기준 국내 치매 인구는 124만명이다."",""role_status"":""미분류""},{""mention_id"":""n2"",""expression"":""124만명"",""start"":35,""end"":40,""context"":"" 따르면 2023년 기준 국내 치매 인구는 124만명이다."",""role_status"":""미분류""}]",[],COMPLETE
3,D3 정확한 값·세부 좌표,정확한 값 직접 비교,연간,연간,공식값 1개,기사값과 공식값의 단위 정규화 후 직접 비교,복합 세부조건(대상집단·차원),수치 1개,KOSIS 공식 API,묶음 실행 가능,공식 좌표 1개·공식값·공표정보를 확보하고 허용오차/부등호로 판정,A01902_19,"26일 통계청에 따르면, 청년층인 15~29세 실업률은 7.3%로 코로나 대유행 막바지인 2022년(7.4%) 이후 3년 만에 4월 기준 최고다.",AUTO,OUTSIDE_TOLERANCE,직접값 확인,직접값 확인,2025-05-27,실업률,7.3,%,2022,Y,KOSIS 세부 차원 통계표,최종 판정,기사 수치와 공식 계산값이 허용 오차를 벗어남,공식값 1개 직접 비교,calculation=DIRECT_VALUE | 세부문제유형=DONE | 최신결과사유=OUTSIDE_TOLERANCE,12개 슬롯 + 통합 원장 진단 규칙,확정,A01902,19,,,청년,"{""raw"": ""{\""연령\"": \""15~29세\""}""}","{""claimed_operands"": ""[{'raw': '7.4%', 'value': 7.4, 'unit': '%'}]""}",DIRECT_VALUE,,통계청,MISMATCH,DONE,대시보드 재현 실패,https://kosis.kr/openapi/Param/statisticsParameterData.do?method=getList&orgId=101&tblId=DT_1DA7012S&itmId=T80&prdSe=Y&startPrdDe=2022&endPrdDe=2022&objL1=0&objL2=75,,,,,,,,,,7,26일 | 15~29세 | 7.3% | 2022년 | 7.4% | 3년 | 4월,"[{""mention_id"":""n1"",""expression"":""26일"",""start"":0,""end"":3,""context"":""26일 통계청에 따르면, 청년층인 15~29세 실"",""role_status"":""미분류""},{""mention_id"":""n2"",""expression"":""15~29세"",""start"":19,""end"":25,""context"":""26일 통계청에 따르면, 청년층인 15~29세 실업률은 7.3%로 코로나 대유행 막바지인"",""role_status"":""미분류""},{""mention_id"":""n3"",""expression"":""7.3%"",""start"":31,""end"":35,""context"":""에 따르면, 청년층인 15~29세 실업률은 7.3%로 코로나 대유행 막바지인 2022년(7.4"",""role_status"":""미분류""},{""mention_id"":""n4"",""expression"":""2022년"",""start"":50,""end"":55,""context"":""실업률은 7.3%로 코로나 대유행 막바지인 2022년(7.4%) 이후 3년 만에 4월 기준 최고"",""role_status"":""미분류""},{""mention_id"":""n5"",""expression"":""7.4%"",""start"":56,""end"":60,""context"":"".3%로 코로나 대유행 막바지인 2022년(7.4%) 이후 3년 만에 4월 기준 최고다."",""role_status"":""미분류""},{""mention_id"":""n6"",""expression"":""3년"",""start"":65,""end"":67,""context"":""대유행 막바지인 2022년(7.4%) 이후 3년 만에 4월 기준 최고다."",""role_status"":""미분류""},{""mention_id"":""n7"",""expression"":""4월"",""start"":71,""end"":73,""context"":""지인 2022년(7.4%) 이후 3년 만에 4월 기준 최고다."",""role_status"":""미분류""}]",[],COMPLETE
3,D3 정확한 값·세부 좌표,정확한 값 직접 비교,연간,연간,공식값 1개,기사값과 공식값의 단위 정규화 후 직접 비교,단일 세부조건(지역),기사 수치 없음,KOSIS 공식 API,묶음 실행 가능,공식 좌표 1개·공식값·공표정보를 확보하고 허용오차/부등호로 판정,A01927_17,"홍석철 서울대 경제학부 교수는 “통상 신혼 부부들이 결혼 후 3년간 아이를 많이 낳는다는 점을 고려하면, 올해는 계속 출생아가 늘어나면서 연간 합계출산율이 무난히 0.8명을 넘길 수 있을 것”이라고 했다.",HOLD,FETCH_FAILED,직접값 확인,직접값 확인,2025-05-29,출생아 수,0.8,명,2025,Y,KOSIS 세부 차원 통계표,공식값·공표정보 조회,확정된 공식 좌표의 값을 조회하지 못함,공식값 1개 직접 비교,calculation=DIRECT_VALUE | 세부문제유형=VALUE_FETCH_FAILED | 최신결과사유=FETCH_FAILED,12개 슬롯 + 통합 원장 진단 규칙,확정,A01927,17,,서울,,,,DIRECT_VALUE,"{""direction"": ""INCREASE""}",,UNDETERMINED,VALUE_FETCH_FAILED,FETCH_FAILED,,,,,,,,,,,2,3년 | 0.8명,"[{""mention_id"":""n1"",""expression"":""3년"",""start"":34,""end"":36,""context"":""학부 교수는 “통상 신혼 부부들이 결혼 후 3년간 아이를 많이 낳는다는 점을 고려하면, 올"",""role_status"":""미분류""},{""mention_id"":""n2"",""expression"":""0.8명"",""start"":91,""end"":95,""context"":""생아가 늘어나면서 연간 합계출산율이 무난히 0.8명을 넘길 수 있을 것”이라고 했다."",""role_status"":""미분류""}]",[],COMPLETE
3,D3 정확한 값·세부 좌표,정확한 값 직접 비교,월간,월간,공식값 1개,기사값과 공식값의 단위 정규화 후 직접 비교,단일 세부조건(지역),기사 수치 없음,KOSIS 공식 API,묶음 실행 가능,공식 좌표 1개·공식값·공표정보를 확보하고 허용오차/부등호로 판정,A01940_3,"하지만 지난달부터 트럼프 행정부가 모든 수입차에 25% 관세를 매기면서 핵심 사업에 제동이 걸리게 되자, 한국에서 사업 일부를 축소하기 시작한 것이다.",HOLD,NO_EVIDENCE_COORDINATE_CANDIDATE,직접값 확인,직접값 확인,2025-05-30,수입액,25,%,2025-04,M,KOSIS 세부 차원 통계표,필수 조건 검사,공식 구조는 확인했지만 실제 값을 조회할 좌표를 확정하지 못함,공식값 1개 직접 비교,calculation=DIRECT_VALUE | 세부문제유형=COORDINATE_GENERAL | 최신결과사유=NO_EVIDENCE_COORDINATE_CANDIDATE,12개 슬롯 + 통합 원장 진단 규칙,확정,A01940,3,,전국,,,,DIRECT_VALUE,,,UNDETERMINED,COORDINATE_GENERAL,NO_EVIDENCE_COORDINATE_CANDIDATE,,,,,,,,,,,1,25%,"[{""mention_id"":""n1"",""expression"":""25%"",""start"":27,""end"":30,""context"":"" 지난달부터 트럼프 행정부가 모든 수입차에 25% 관세를 매기면서 핵심 사업에 제동이 걸리게"",""role_status"":""미분류""}]",[],COMPLETE
3,D3 정확한 값·세부 좌표,정확한 값 직접 비교,연간,연간,공식값 1개,기사값과 공식값의 단위 정규화 후 직접 비교,복합 세부조건(지역·차원),수치 1개,KOSIS 공식 API,묶음 실행 가능,공식 좌표 1개·공식값·공표정보를 확보하고 허용오차/부등호로 판정,A01953_7,키움증권은 올해 5월 19일 기준 국내 제약 바이오 기술 수출액이 62억달러(약 8조5500억원)에 달했다고 최근 밝혔다.,HOLD,NO_HARD_GUARD_CANDIDATE,직접값 확인,직접값 확인,2025-05-31,수출액,6200000000,달러,2025,Y,KOSIS 세부 차원 통계표,필수 조건 검사,기간·단위·지역 등 필수 조건을 모두 만족하는 공식 통계표 후보가 없음,공식값 1개 직접 비교,calculation=DIRECT_VALUE | 세부문제유형=HARD_GUARD_ALIAS | 최신결과사유=NO_HARD_GUARD_CANDIDATE,12개 슬롯 + 통합 원장 진단 규칙,확정,A01953,7,,전국,,"{""raw"": ""{\""품목\"": [\""바이오\""]}""}","{""claimed_operands"": ""[{'raw': '8조5500억원', 'value': 8550000000000.0, 'unit': '원'}]""}",DIRECT_VALUE,,,UNDETERMINED,HARD_GUARD_ALIAS,NO_HARD_GUARD_CANDIDATE,,,,,,,,,,,4,5월 | 19일 | 62억달러 | 8조5500억원,"[{""mention_id"":""n1"",""expression"":""5월"",""start"":9,""end"":11,""context"":""키움증권은 올해 5월 19일 기준 국내 제약 바이오 기술 수출액"",""role_status"":""미분류""},{""mention_id"":""n2"",""expression"":""19일"",""start"":12,""end"":15,""context"":""키움증권은 올해 5월 19일 기준 국내 제약 바이오 기술 수출액이 62"",""role_status"":""미분류""},{""mention_id"":""n3"",""expression"":""62억달러"",""start"":37,""end"":42,""context"":""9일 기준 국내 제약 바이오 기술 수출액이 62억달러(약 8조5500억원)에 달했다고 최근 밝혔"",""role_status"":""미분류""},{""mention_id"":""n4"",""expression"":""8조5500억원"",""start"":45,""end"":53,""context"":"" 제약 바이오 기술 수출액이 62억달러(약 8조5500억원)에 달했다고 최근 밝혔다."",""role_status"":""미분류""}]",[],COMPLETE
3,D3 정확한 값·세부 좌표,정확한 값 직접 비교,월간,월간,공식값 1개,기사값과 공식값의 단위 정규화 후 직접 비교,단일 세부조건(지역),수치 1개,KOSIS 공식 API,묶음 실행 가능,공식 좌표 1개·공식값·공표정보를 확보하고 허용오차/부등호로 판정,A01986_11,지난 3월 25% 관세를 부과... 철·석같이 믿었는데… 수출 15품목 중 10종 주저앉아 1일 산업통상자원부가 발표한 5월 우리 수출 실적은 최근 한국 경제에 짙게 드리운 불안함을 그대로 보여준다.,HOLD,NO_EVIDENCE_COORDINATE_CANDIDATE,직접값 확인,직접값 확인,2025-06-02,수출액,25,%,2025-03,M,KOSIS 세부 차원 통계표,필수 조건 검사,공식 구조는 확인했지만 실제 값을 조회할 좌표를 확정하지 못함,공식값 1개 직접 비교,calculation=DIRECT_VALUE | 세부문제유형=COORDINATE_GENERAL | 최신결과사유=NO_EVIDENCE_COORDINATE_CANDIDATE,12개 슬롯 + 통합 원장 진단 규칙,확정,A01986,11,,전국,,,"{""claimed_operands"": ""[{'raw': '10종', 'value': 10.0, 'unit': '종'}]""}",DIRECT_VALUE,,산업통상자원부,UNDETERMINED,COORDINATE_GENERAL,NO_EVIDENCE_COORDINATE_CANDIDATE,,,,,,,,,,,6,3월 | 25% | 15 | 10 | 1일 | 5월,"[{""mention_id"":""n1"",""expression"":""3월"",""start"":3,""end"":5,""context"":""지난 3월 25% 관세를 부과... 철·석같이 믿었는"",""role_status"":""미분류""},{""mention_id"":""n2"",""expression"":""25%"",""start"":6,""end"":9,""context"":""지난 3월 25% 관세를 부과... 철·석같이 믿었는데… 수"",""role_status"":""미분류""},{""mention_id"":""n3"",""expression"":""15"",""start"":35,""end"":37,""context"":""세를 부과... 철·석같이 믿었는데… 수출 15품목 중 10종 주저앉아 1일 산업통상자원부"",""role_status"":""미분류""},{""mention_id"":""n4"",""expression"":""10"",""start"":42,""end"":44,""context"":"". 철·석같이 믿었는데… 수출 15품목 중 10종 주저앉아 1일 산업통상자원부가 발표한 5"",""role_status"":""미분류""},{""mention_id"":""n5"",""expression"":""1일"",""start"":51,""end"":53,""context"":""었는데… 수출 15품목 중 10종 주저앉아 1일 산업통상자원부가 발표한 5월 우리 수출 실"",""role_status"":""미분류""},{""mention_id"":""n6"",""expression"":""5월"",""start"":67,""end"":69,""context"":""0종 주저앉아 1일 산업통상자원부가 발표한 5월 우리 수출 실적은 최근 한국 경제에 짙게 "",""role_status"":""미분류""}]",[],COMPLETE
3,D3 정확한 값·세부 좌표,정확한 값 직접 비교,연간,연간,공식값 1개,기사값과 공식값의 단위 정규화 후 직접 비교,단일 세부조건(차원),수치 1개,KOSIS 공식 API,묶음 실행 가능,공식 좌표 1개·공식값·공표정보를 확보하고 허용오차/부등호로 판정,A01989_15,작년 대미 철강 수출액은 35억5000만달러(약 4조9000억원)였다.,HOLD,NO_EVIDENCE_COORDINATE_CANDIDATE,직접값 확인,직접값 확인,2025-06-02,수출액,3550000000,달러,2024,Y,KOSIS 세부 차원 통계표,필수 조건 검사,공식 구조는 확인했지만 실제 값을 조회할 좌표를 확정하지 못함,공식값 1개 직접 비교,calculation=DIRECT_VALUE | 세부문제유형=COORDINATE_GENERAL | 최신결과사유=NO_EVIDENCE_COORDINATE_CANDIDATE,12개 슬롯 + 통합 원장 진단 규칙,확정,A01989,15,,,,"{""raw"": ""{\""교역상대국\"": [\""미국\""]}""}","{""claimed_operands"": ""[{'raw': '4조9000억원', 'value': 4900000000000.0, 'unit': '원'}]""}",DIRECT_VALUE,,,UNDETERMINED,COORDINATE_GENERAL,NO_EVIDENCE_COORDINATE_CANDIDATE,,,,,,,,,,,2,35억5000만달러 | 4조9000억원,"[{""mention_id"":""n1"",""expression"":""35억5000만달러"",""start"":14,""end"":24,""context"":""작년 대미 철강 수출액은 35억5000만달러(약 4조9000억원)였다."",""role_status"":""미분류""},{""mention_id"":""n2"",""expression"":""4조9000억원"",""start"":27,""end"":35,""context"":""대미 철강 수출액은 35억5000만달러(약 4조9000억원)였다."",""role_status"":""미분류""}]",[],COMPLETE
3,D3 정확한 값·세부 좌표,정확한 값 직접 비교,연간,연간,공식값 1개,기사값과 공식값의 단위 정규화 후 직접 비교,단일 세부조건(지역),수치 2개,KOSIS 공식 API,묶음 실행 가능,공식 좌표 1개·공식값·공표정보를 확보하고 허용오차/부등호로 판정,A02022_18,"우리나라 역시 GDP 대비 정부 부채 비율이 2000년부터 2023년까지 34.6%포인트 늘었는데, 고령화와 관련이 높은 사회수혜금(44.5%포인트), 사회보장현물(49.8%) 지출이 큰 영향을 끼쳤다.",HOLD,KOSIS_METADATA_UNAVAILABLE,직접값 확인,직접값 확인,2025-06-05,GDP,34.6,%p,2000,Y,KOSIS 세부 차원 통계표,KOSIS 공식 구조 확인,KOSIS 표의 항목·기간·분류 구조 조회를 완료하지 못함,공식값 1개 직접 비교,calculation=DIRECT_VALUE | 세부문제유형=OFFICIAL_METADATA_LOOKUP | 최신결과사유=KOSIS_METADATA_UNAVAILABLE,12개 슬롯 + 통합 원장 진단 규칙,확정,A02022,18,,전국,,,"{""claimed_operands"": ""[{'raw': '44.5%포인트', 'value': 44.5, 'unit': '%p'}, {'raw': '49.8%', 'value': 49.8, 'unit': '%'}]""}",DIRECT_VALUE,,,UNDETERMINED,OFFICIAL_METADATA_LOOKUP,KOSIS_METADATA_UNAVAILABLE,,,,,,,,,,,5,2000년 | 2023년 | 34.6%포인트 | 44.5%포인트 | 49.8%,"[{""mention_id"":""n1"",""expression"":""2000년"",""start"":25,""end"":30,""context"":""리나라 역시 GDP 대비 정부 부채 비율이 2000년부터 2023년까지 34.6%포인트 늘었는데"",""role_status"":""미분류""},{""mention_id"":""n2"",""expression"":""2023년"",""start"":33,""end"":38,""context"":""DP 대비 정부 부채 비율이 2000년부터 2023년까지 34.6%포인트 늘었는데, 고령화와 관"",""role_status"":""미분류""},{""mention_id"":""n3"",""expression"":""34.6%포인트"",""start"":41,""end"":49,""context"":"" 부채 비율이 2000년부터 2023년까지 34.6%포인트 늘었는데, 고령화와 관련이 높은 사회수혜금"",""role_status"":""미분류""},{""mention_id"":""n4"",""expression"":""44.5%포인트"",""start"":74,""end"":82,""context"":""늘었는데, 고령화와 관련이 높은 사회수혜금(44.5%포인트), 사회보장현물(49.8%) 지출이 큰 영"",""role_status"":""미분류""},{""mention_id"":""n5"",""expression"":""49.8%"",""start"":92,""end"":97,""context"":""사회수혜금(44.5%포인트), 사회보장현물(49.8%) 지출이 큰 영향을 끼쳤다."",""role_status"":""미분류""}]",[],COMPLETE
3,D3 정확한 값·세부 좌표,정확한 값 직접 비교,월간,월간,공식값 1개,기사값과 공식값의 단위 정규화 후 직접 비교,단일 세부조건(지역),기사 수치 없음,KOSIS 공식 API,묶음 실행 가능,공식 좌표 1개·공식값·공표정보를 확보하고 허용오차/부등호로 판정,A02053_46,사람이 탑승하지 않... 착수 6년 만에 '헬기 독립'… 이라크에 1억달러 수출도 지난해 12월 이라크 내무부는 ‘한국의 수리온 헬기’를 도입하는 계약을 체결한다고 소셜미디어를 통해 밝혔다.,HOLD,NO_EVIDENCE_COORDINATE_CANDIDATE,직접값 확인,직접값 확인,2025-06-07,수출액,100000000,달러,2024-12,M,KOSIS 세부 차원 통계표,필수 조건 검사,공식 구조는 확인했지만 실제 값을 조회할 좌표를 확정하지 못함,공식값 1개 직접 비교,calculation=DIRECT_VALUE | 세부문제유형=COORDINATE_GENERAL | 최신결과사유=NO_EVIDENCE_COORDINATE_CANDIDATE,12개 슬롯 + 통합 원장 진단 규칙,확정,A02053,46,,전국,,,,DIRECT_VALUE,,,UNDETERMINED,COORDINATE_GENERAL,NO_EVIDENCE_COORDINATE_CANDIDATE,,,,,,,,,,,3,6년 | 1억달러 | 12월,"[{""mention_id"":""n1"",""expression"":""6년"",""start"":17,""end"":19,""context"":""사람이 탑승하지 않... 착수 6년 만에 '헬기 독립'… 이라크에 1억달러 수"",""role_status"":""미분류""},{""mention_id"":""n2"",""expression"":""1억달러"",""start"":37,""end"":41,""context"":"" 착수 6년 만에 '헬기 독립'… 이라크에 1억달러 수출도 지난해 12월 이라크 내무부는 ‘한"",""role_status"":""미분류""},{""mention_id"":""n3"",""expression"":""12월"",""start"":50,""end"":53,""context"":"" 독립'… 이라크에 1억달러 수출도 지난해 12월 이라크 내무부는 ‘한국의 수리온 헬기’를 "",""role_status"":""미분류""}]",[],COMPLETE
3,D3 정확한 값·세부 좌표,정확한 값 직접 비교,연간,연간,공식값 1개,기사값과 공식값의 단위 정규화 후 직접 비교,복합 세부조건(대상집단·차원),수치 1개,KOSIS 공식 API,묶음 실행 가능,공식 좌표 1개·공식값·공표정보를 확보하고 허용오차/부등호로 판정,A02096_15,하지만 사회 초년생인 청년층 고용률은 46.2%로 전년 동월 대비 0.7%포인트 감소했다.,HOLD,NO_HARD_GUARD_CANDIDATE,직접값 확인,직접값 확인,2025-06-11,고용률,0.7,%p,2025,Y,KOSIS 세부 차원 통계표,필수 조건 검사,기간·단위·지역 등 필수 조건을 모두 만족하는 공식 통계표 후보가 없음,공식값 1개 직접 비교,calculation=DIRECT_VALUE | 세부문제유형=HARD_GUARD_ALIAS | 최신결과사유=NO_HARD_GUARD_CANDIDATE,12개 슬롯 + 통합 원장 진단 규칙,확정,A02096,15,,,청년,"{""raw"": ""{\""연령집단\"": \""청년\""}""}","{""claimed_operands"": ""[{'raw': '46.2%', 'value': 46.2, 'unit': '%'}]""}",DIRECT_VALUE,"{""direction"": ""DECREASE""}",,UNDETERMINED,HARD_GUARD_ALIAS,NO_HARD_GUARD_CANDIDATE,,,,,,,,,,,2,46.2% | 0.7%포인트,"[{""mention_id"":""n1"",""expression"":""46.2%"",""start"":21,""end"":26,""context"":""하지만 사회 초년생인 청년층 고용률은 46.2%로 전년 동월 대비 0.7%포인트 감소했다."",""role_status"":""미분류""},{""mention_id"":""n2"",""expression"":""0.7%포인트"",""start"":37,""end"":44,""context"":""년층 고용률은 46.2%로 전년 동월 대비 0.7%포인트 감소했다."",""role_status"":""미분류""}]",[],COMPLETE
3,D3 정확한 값·세부 좌표,정확한 값 직접 비교,월간,월간,공식값 1개,기사값과 공식값의 단위 정규화 후 직접 비교,복합 세부조건(지역·차원),수치 1개,KOSIS 공식 API,묶음 실행 가능,공식 좌표 1개·공식값·공표정보를 확보하고 허용오차/부등호로 판정,A02096_7,"건설 경기 불황으로 건설업 취업자도 10만6000명 줄어, 작년 5월 이후 1년1개월째 취업자가 줄었다.",HOLD,NO_HARD_GUARD_CANDIDATE,직접값 확인,직접값 확인,2025-06-11,취업자 수,106000,명,2024-05,M,KOSIS 세부 차원 통계표,필수 조건 검사,기간·단위·지역 등 필수 조건을 모두 만족하는 공식 통계표 후보가 없음,공식값 1개 직접 비교,calculation=DIRECT_VALUE | 세부문제유형=HARD_GUARD_ALIAS | 최신결과사유=NO_HARD_GUARD_CANDIDATE,12개 슬롯 + 통합 원장 진단 규칙,확정,A02096,7,,경기,,"{""raw"": ""{\""산업\"": [\""건설업\""]}""}","{""claimed_operands"": ""[{'raw': '1개', 'value': 1.0, 'unit': '개'}]""}",DIRECT_VALUE,"{""direction"": ""DECREASE""}",,UNDETERMINED,HARD_GUARD_ALIAS,NO_HARD_GUARD_CANDIDATE,,,,,,,,,,,4,10만6000명 | 5월 | 1 | 1개월,"[{""mention_id"":""n1"",""expression"":""10만6000명"",""start"":20,""end"":28,""context"":""건설 경기 불황으로 건설업 취업자도 10만6000명 줄어, 작년 5월 이후 1년1개월째 취업자"",""role_status"":""미분류""},{""mention_id"":""n2"",""expression"":""5월"",""start"":36,""end"":38,""context"":""설업 취업자도 10만6000명 줄어, 작년 5월 이후 1년1개월째 취업자가 줄었다."",""role_status"":""미분류""},{""mention_id"":""n3"",""expression"":""1"",""start"":42,""end"":43,""context"":""도 10만6000명 줄어, 작년 5월 이후 1년1개월째 취업자가 줄었다."",""role_status"":""미분류""},{""mention_id"":""n4"",""expression"":""1개월"",""start"":44,""end"":47,""context"":""10만6000명 줄어, 작년 5월 이후 1년1개월째 취업자가 줄었다."",""role_status"":""미분류""}]",[],COMPLETE
3,D3 정확한 값·세부 좌표,정확한 값 직접 비교,연간,연간,공식값 1개,기사값과 공식값의 단위 정규화 후 직접 비교,단일 세부조건(지역),기사 수치 없음,KOSIS 공식 API,묶음 실행 가능,공식 좌표 1개·공식값·공표정보를 확보하고 허용오차/부등호로 판정,A02106_12,우리나라도 트럼프 1기 행정부 당시 2015년부터 2017년까지 평균 수출 규모를 바탕으로 연 263만t까지 무관세 수출이 가능하도록 합의했었다.,HOLD,NO_HARD_GUARD_CANDIDATE,직접값 확인,직접값 확인,2025-06-11,수출액,2630000,t,2015,Y,KOSIS 세부 차원 통계표,필수 조건 검사,기간·단위·지역 등 필수 조건을 모두 만족하는 공식 통계표 후보가 없음,공식값 1개 직접 비교,calculation=DIRECT_VALUE | 세부문제유형=HARD_GUARD_ALIAS | 최신결과사유=NO_HARD_GUARD_CANDIDATE,12개 슬롯 + 통합 원장 진단 규칙,확정,A02106,12,,전국,,,,DIRECT_VALUE,,,UNDETERMINED,HARD_GUARD_ALIAS,NO_HARD_GUARD_CANDIDATE,,,,,,,,,,,4,1 | 2015년 | 2017년 | 263만t,"[{""mention_id"":""n1"",""expression"":""1"",""start"":10,""end"":11,""context"":""우리나라도 트럼프 1기 행정부 당시 2015년부터 2017년까지"",""role_status"":""미분류""},{""mention_id"":""n2"",""expression"":""2015년"",""start"":20,""end"":25,""context"":""우리나라도 트럼프 1기 행정부 당시 2015년부터 2017년까지 평균 수출 규모를 바탕으"",""role_status"":""미분류""},{""mention_id"":""n3"",""expression"":""2017년"",""start"":28,""end"":33,""context"":""도 트럼프 1기 행정부 당시 2015년부터 2017년까지 평균 수출 규모를 바탕으로 연 263만"",""role_status"":""미분류""},{""mention_id"":""n4"",""expression"":""263만t"",""start"":53,""end"":58,""context"":""017년까지 평균 수출 규모를 바탕으로 연 263만t까지 무관세 수출이 가능하도록 합의했었다."",""role_status"":""미분류""}]",[],COMPLETE
3,D3 정확한 값·세부 좌표,정확한 값 직접 비교,분기,분기,공식값 1개,기사값과 공식값의 단위 정규화 후 직접 비교,단일 세부조건(지역),수치 1개,KOSIS 공식 API,묶음 실행 가능,공식 좌표 1개·공식값·공표정보를 확보하고 허용오차/부등호로 판정,A02258_26,"올해 1분기 우리나라 성장률은 -0.2%로 역성장했는데, 설비 투자 성장률은 이보다 낮은 -0.4%였다.",HOLD,KOSIS_METADATA_UNAVAILABLE,직접값 확인,직접값 확인,2025-06-23,경제성장률,0.2,%,2025-Q1,Q,KOSIS 세부 차원 통계표,KOSIS 공식 구조 확인,KOSIS 표의 항목·기간·분류 구조 조회를 완료하지 못함,공식값 1개 직접 비교,calculation=DIRECT_VALUE | 세부문제유형=OFFICIAL_METADATA_LOOKUP | 최신결과사유=KOSIS_METADATA_UNAVAILABLE,12개 슬롯 + 통합 원장 진단 규칙,확정,A02258,26,,전국,,,"{""claimed_operands"": ""[{'raw': '0.4%', 'value': 0.4, 'unit': '%'}]""}",DIRECT_VALUE,,,UNDETERMINED,OFFICIAL_METADATA_LOOKUP,KOSIS_METADATA_UNAVAILABLE,,,,,,,,,,,3,1분기 | -0.2% | -0.4%,"[{""mention_id"":""n1"",""expression"":""1분기"",""start"":3,""end"":6,""context"":""올해 1분기 우리나라 성장률은 -0.2%로 역성장했는데"",""role_status"":""미분류""},{""mention_id"":""n2"",""expression"":""-0.2%"",""start"":17,""end"":22,""context"":""올해 1분기 우리나라 성장률은 -0.2%로 역성장했는데, 설비 투자 성장률은 이보다"",""role_status"":""미분류""},{""mention_id"":""n3"",""expression"":""-0.4%"",""start"":50,""end"":55,""context"":""장했는데, 설비 투자 성장률은 이보다 낮은 -0.4%였다."",""role_status"":""미분류""}]",[],COMPLETE
3,D3 정확한 값·세부 좌표,정확한 값 직접 비교,월간,월간,공식값 1개,기사값과 공식값의 단위 정규화 후 직접 비교,단일 세부조건(차원),기사 수치 없음,KOSIS 공식 API,묶음 실행 가능,공식 좌표 1개·공식값·공표정보를 확보하고 허용오차/부등호로 판정,A02385_32,라면에 계란을 풀어 파는 외식 라면 물가도 지난달 4%나 뛰었다.,HOLD,NO_HARD_GUARD_CANDIDATE,직접값 확인,직접값 확인,2025-07-03,물가상승률,4,%,2025-06,M,KOSIS 세부 차원 통계표,필수 조건 검사,기간·단위·지역 등 필수 조건을 모두 만족하는 공식 통계표 후보가 없음,공식값 1개 직접 비교,calculation=DIRECT_VALUE | 세부문제유형=HARD_GUARD_ALIAS | 최신결과사유=NO_HARD_GUARD_CANDIDATE,12개 슬롯 + 통합 원장 진단 규칙,확정,A02385,32,,,,"{""raw"": ""{\""품목\"": [\""계란\""]}""}",,DIRECT_VALUE,,,UNDETERMINED,HARD_GUARD_ALIAS,NO_HARD_GUARD_CANDIDATE,,,,,,,,,,,1,4%,"[{""mention_id"":""n1"",""expression"":""4%"",""start"":28,""end"":30,""context"":""계란을 풀어 파는 외식 라면 물가도 지난달 4%나 뛰었다."",""role_status"":""미분류""}]",[],COMPLETE
3,D3 정확한 값·세부 좌표,정확한 값 직접 비교,연간,연간,공식값 1개,기사값과 공식값의 단위 정규화 후 직접 비교,단일 세부조건(지역),기사 수치 없음,KOSIS 공식 API,묶음 실행 가능,공식 좌표 1개·공식값·공표정보를 확보하고 허용오차/부등호로 판정,A02416_7,경제 기초 체력을 보면 한국 경제는 2%는 성장해야 한다(잠재성장률 기준). 정상적인 성장 속도의 반 토막에도 못 미치는 저성장의 덫에 빠진 올해 한국 경제에서 추경은 불가피한 측면이 있다.,HOLD,NO_EVIDENCE_COORDINATE_CANDIDATE,직접값 확인,직접값 확인,2025-07-05,경제성장률,2,%,2025,Y,KOSIS 세부 차원 통계표,필수 조건 검사,공식 구조는 확인했지만 실제 값을 조회할 좌표를 확정하지 못함,공식값 1개 직접 비교,calculation=DIRECT_VALUE | 세부문제유형=COORDINATE_GENERAL | 최신결과사유=NO_EVIDENCE_COORDINATE_CANDIDATE,12개 슬롯 + 통합 원장 진단 규칙,확정,A02416,7,,전국,,,,DIRECT_VALUE,,,UNDETERMINED,COORDINATE_GENERAL,NO_EVIDENCE_COORDINATE_CANDIDATE,,,,,,,,,,,1,2%,"[{""mention_id"":""n1"",""expression"":""2%"",""start"":20,""end"":22,""context"":""경제 기초 체력을 보면 한국 경제는 2%는 성장해야 한다(잠재성장률 기준). 정상적"",""role_status"":""미분류""}]",[],COMPLETE
3,D3 정확한 값·세부 좌표,정확한 값 직접 비교,연간,연간,공식값 1개,기사값과 공식값의 단위 정규화 후 직접 비교,단일 세부조건(차원),수치 1개,KOSIS 공식 API,묶음 실행 가능,공식 좌표 1개·공식값·공표정보를 확보하고 허용오차/부등호로 판정,A02491_9,반도체 수출 비율은 19.7%로 지난해 같은 기간보다 0.6%포인트 상승했다.,HOLD,NO_HARD_GUARD_CANDIDATE,직접값 확인,직접값 확인,2025-07-11,수출액,0.6,%p,2024,Y,KOSIS 세부 차원 통계표,필수 조건 검사,기간·단위·지역 등 필수 조건을 모두 만족하는 공식 통계표 후보가 없음,공식값 1개 직접 비교,calculation=DIRECT_VALUE | 세부문제유형=HARD_GUARD_ALIAS | 최신결과사유=NO_HARD_GUARD_CANDIDATE,12개 슬롯 + 통합 원장 진단 규칙,확정,A02491,9,,,,"{""raw"": ""{\""품목\"": [\""반도체\""]}""}","{""claimed_operands"": ""[{'raw': '19.7%', 'value': 19.7, 'unit': '%'}]""}",DIRECT_VALUE,"{""direction"": ""INCREASE""}",,UNDETERMINED,HARD_GUARD_ALIAS,NO_HARD_GUARD_CANDIDATE,,,,,,,,,,,2,19.7% | 0.6%포인트,"[{""mention_id"":""n1"",""expression"":""19.7%"",""start"":11,""end"":16,""context"":""반도체 수출 비율은 19.7%로 지난해 같은 기간보다 0.6%포인트 상승"",""role_status"":""미분류""},{""mention_id"":""n2"",""expression"":""0.6%포인트"",""start"":30,""end"":37,""context"":"" 비율은 19.7%로 지난해 같은 기간보다 0.6%포인트 상승했다."",""role_status"":""미분류""}]",[],COMPLETE
3,D3 정확한 값·세부 좌표,정확한 값 직접 비교,월간,월간,공식값 1개,기사값과 공식값의 단위 정규화 후 직접 비교,복합 세부조건(지역·차원),기사 수치 없음,KOSIS 공식 API,묶음 실행 가능,공식 좌표 1개·공식값·공표정보를 확보하고 허용오차/부등호로 판정,A02494_17,지난 4월부터 25% 관세가 붙고 있는 자동차 부문은 지난해 같은 기간 GM한국의 파업으로 자동차 대미 수출이 급감했던 데 따른 ‘착시 효과’가 더해졌다는 분석이 나온다.,HOLD,NO_HARD_GUARD_CANDIDATE,직접값 확인,직접값 확인,2025-07-11,수출액,25,%,2025-04,M,KOSIS 세부 차원 통계표,필수 조건 검사,기간·단위·지역 등 필수 조건을 모두 만족하는 공식 통계표 후보가 없음,공식값 1개 직접 비교,calculation=DIRECT_VALUE | 세부문제유형=HARD_GUARD_ALIAS | 최신결과사유=NO_HARD_GUARD_CANDIDATE,12개 슬롯 + 통합 원장 진단 규칙,확정,A02494,17,,전국,,"{""raw"": ""{\""품목\"": [\""자동차\""], \""교역상대국\"": [\""미국\""]}""}",,DIRECT_VALUE,,,UNDETERMINED,HARD_GUARD_ALIAS,NO_HARD_GUARD_CANDIDATE,,,,,,,,,,,2,4월 | 25%,"[{""mention_id"":""n1"",""expression"":""4월"",""start"":3,""end"":5,""context"":""지난 4월부터 25% 관세가 붙고 있는 자동차 부문은"",""role_status"":""미분류""},{""mention_id"":""n2"",""expression"":""25%"",""start"":8,""end"":11,""context"":""지난 4월부터 25% 관세가 붙고 있는 자동차 부문은 지난해 같"",""role_status"":""미분류""}]",[],COMPLETE
3,D3 정확한 값·세부 좌표,정확한 값 직접 비교,월간,월간,공식값 1개,기사값과 공식값의 단위 정규화 후 직접 비교,복합 세부조건(지역·차원),수치 1개,KOSIS 공식 API,묶음 실행 가능,공식 좌표 1개·공식값·공표정보를 확보하고 허용오차/부등호로 판정,A02558_11,반면 국내 산업 중 가장 많은 인력을 고용하는 제조업은 지난달 취업자 수가 441만4000명으로 전년 동월 대비 8만3000명 줄었다.,HOLD,NO_EVIDENCE_COORDINATE_CANDIDATE,직접값 확인,직접값 확인,2025-07-16,취업자 수,4414000,명,2025-06,M,KOSIS 세부 차원 통계표,필수 조건 검사,공식 구조는 확인했지만 실제 값을 조회할 좌표를 확정하지 못함,공식값 1개 직접 비교,calculation=DIRECT_VALUE | 세부문제유형=COORDINATE_GENERAL | 최신결과사유=NO_EVIDENCE_COORDINATE_CANDIDATE,12개 슬롯 + 통합 원장 진단 규칙,확정,A02558,11,,전국,,"{""raw"": ""{\""산업\"": [\""제조업\""]}""}","{""claimed_operands"": ""[{'raw': '8만3000명', 'value': 83000.0, 'unit': '명'}]""}",DIRECT_VALUE,,,UNDETERMINED,COORDINATE_GENERAL,NO_EVIDENCE_COORDINATE_CANDIDATE,,,,,,,,,,,2,441만4000명 | 8만3000명,"[{""mention_id"":""n1"",""expression"":""441만4000명"",""start"":42,""end"":51,""context"":""력을 고용하는 제조업은 지난달 취업자 수가 441만4000명으로 전년 동월 대비 8만3000명 줄었다."",""role_status"":""미분류""},{""mention_id"":""n2"",""expression"":""8만3000명"",""start"":63,""end"":70,""context"":""수가 441만4000명으로 전년 동월 대비 8만3000명 줄었다."",""role_status"":""미분류""}]",[],COMPLETE
3,D3 정확한 값·세부 좌표,정확한 값 직접 비교,월간,월간,공식값 1개,기사값과 공식값의 단위 정규화 후 직접 비교,단일 세부조건(차원),기사 수치 없음,KOSIS 공식 API,묶음 실행 가능,공식 좌표 1개·공식값·공표정보를 확보하고 허용오차/부등호로 판정,A02558_12,제조업 취업자 수는 작년 7월(-1만1000명)부터 1년 연속으로 감소세를 이어가고 있다.,HOLD,NO_HARD_GUARD_CANDIDATE,직접값 확인,직접값 확인,2025-07-16,취업자 수,11000,명,2024-07,M,KOSIS 세부 차원 통계표,필수 조건 검사,기간·단위·지역 등 필수 조건을 모두 만족하는 공식 통계표 후보가 없음,공식값 1개 직접 비교,calculation=DIRECT_VALUE | 세부문제유형=HARD_GUARD_ALIAS | 최신결과사유=NO_HARD_GUARD_CANDIDATE,12개 슬롯 + 통합 원장 진단 규칙,확정,A02558,12,,,,"{""raw"": ""{\""산업\"": [\""제조업\""]}""}",,DIRECT_VALUE,"{""direction"": ""DECREASE""}",,UNDETERMINED,HARD_GUARD_ALIAS,NO_HARD_GUARD_CANDIDATE,,,,,,,,,,,3,7월 | -1만1000명 | 1년,"[{""mention_id"":""n1"",""expression"":""7월"",""start"":14,""end"":16,""context"":""제조업 취업자 수는 작년 7월(-1만1000명)부터 1년 연속으로 감소세"",""role_status"":""미분류""},{""mention_id"":""n2"",""expression"":""-1만1000명"",""start"":17,""end"":25,""context"":""제조업 취업자 수는 작년 7월(-1만1000명)부터 1년 연속으로 감소세를 이어가고 있다"",""role_status"":""미분류""},{""mention_id"":""n3"",""expression"":""1년"",""start"":29,""end"":31,""context"":""업자 수는 작년 7월(-1만1000명)부터 1년 연속으로 감소세를 이어가고 있다."",""role_status"":""미분류""}]",[],COMPLETE
3,D3 정확한 값·세부 좌표,정확한 값 직접 비교,월간,월간,공식값 1개,기사값과 공식값의 단위 정규화 후 직접 비교,단일 세부조건(차원),수치 1개,KOSIS 공식 API,묶음 실행 가능,공식 좌표 1개·공식값·공표정보를 확보하고 허용오차/부등호로 판정,A02558_17,지난달 15~29세 고용률은 45.6%로 전년 동월 대비 1%포인트 하락했다.,HOLD,NO_HARD_GUARD_CANDIDATE,직접값 확인,직접값 확인,2025-07-16,고용률,1,%p,2025-06,M,KOSIS 세부 차원 통계표,필수 조건 검사,기간·단위·지역 등 필수 조건을 모두 만족하는 공식 통계표 후보가 없음,공식값 1개 직접 비교,calculation=DIRECT_VALUE | 세부문제유형=HARD_GUARD_ALIAS | 최신결과사유=NO_HARD_GUARD_CANDIDATE,12개 슬롯 + 통합 원장 진단 규칙,확정,A02558,17,,,,"{""raw"": ""{\""연령\"": \""15~29세\""}""}","{""claimed_operands"": ""[{'raw': '45.6%', 'value': 45.6, 'unit': '%'}]""}",DIRECT_VALUE,"{""direction"": ""DECREASE""}",,UNDETERMINED,HARD_GUARD_ALIAS,NO_HARD_GUARD_CANDIDATE,,,,,,,,,,,3,15~29세 | 45.6% | 1%포인트,"[{""mention_id"":""n1"",""expression"":""15~29세"",""start"":4,""end"":10,""context"":""지난달 15~29세 고용률은 45.6%로 전년 동월 대비 1%"",""role_status"":""미분류""},{""mention_id"":""n2"",""expression"":""45.6%"",""start"":16,""end"":21,""context"":""지난달 15~29세 고용률은 45.6%로 전년 동월 대비 1%포인트 하락했다."",""role_status"":""미분류""},{""mention_id"":""n3"",""expression"":""1%포인트"",""start"":32,""end"":37,""context"":""9세 고용률은 45.6%로 전년 동월 대비 1%포인트 하락했다."",""role_status"":""미분류""}]",[],COMPLETE
3,D3 정확한 값·세부 좌표,정확한 값 직접 비교,월간,월간,공식값 1개,기사값과 공식값의 단위 정규화 후 직접 비교,복합 세부조건(대상집단·차원),기사 수치 없음,KOSIS 공식 API,묶음 실행 가능,공식 좌표 1개·공식값·공표정보를 확보하고 허용오차/부등호로 판정,A02558_18,청년층 고용률은 작년 5월(-0.7%포인트)부터 1년 넘게 감소세를 이어가고 있다.,HOLD,NO_HARD_GUARD_CANDIDATE,직접값 확인,직접값 확인,2025-07-16,고용률,0.7,%p,2024-05,M,KOSIS 세부 차원 통계표,필수 조건 검사,기간·단위·지역 등 필수 조건을 모두 만족하는 공식 통계표 후보가 없음,공식값 1개 직접 비교,calculation=DIRECT_VALUE | 세부문제유형=HARD_GUARD_ALIAS | 최신결과사유=NO_HARD_GUARD_CANDIDATE,12개 슬롯 + 통합 원장 진단 규칙,확정,A02558,18,,,청년,"{""raw"": ""{\""연령집단\"": \""청년\""}""}",,DIRECT_VALUE,"{""direction"": ""DECREASE""}",,UNDETERMINED,HARD_GUARD_ALIAS,NO_HARD_GUARD_CANDIDATE,,,,,,,,,,,3,5월 | -0.7%포인트 | 1년,"[{""mention_id"":""n1"",""expression"":""5월"",""start"":12,""end"":14,""context"":""청년층 고용률은 작년 5월(-0.7%포인트)부터 1년 넘게 감소세를 "",""role_status"":""미분류""},{""mention_id"":""n2"",""expression"":""-0.7%포인트"",""start"":15,""end"":23,""context"":""청년층 고용률은 작년 5월(-0.7%포인트)부터 1년 넘게 감소세를 이어가고 있다."",""role_status"":""미분류""},{""mention_id"":""n3"",""expression"":""1년"",""start"":27,""end"":29,""context"":"" 고용률은 작년 5월(-0.7%포인트)부터 1년 넘게 감소세를 이어가고 있다."",""role_status"":""미분류""}]",[],COMPLETE
3,D3 정확한 값·세부 좌표,정확한 값 직접 비교,월간,월간,공식값 1개,기사값과 공식값의 단위 정규화 후 직접 비교,단일 세부조건(차원),수치 1개,KOSIS 공식 API,묶음 실행 가능,공식 좌표 1개·공식값·공표정보를 확보하고 허용오차/부등호로 판정,A02558_9,고령 돌봄 수요 확대 등에 따라 지난달 보건·사회복지서비스업 취업자 수는 323만4000명으로 전년 동월 대비 21만6000명 증가했다.,HOLD,NO_HARD_GUARD_CANDIDATE,직접값 확인,직접값 확인,2025-07-16,취업자 수,3234000,명,2025-06,M,KOSIS 세부 차원 통계표,필수 조건 검사,기간·단위·지역 등 필수 조건을 모두 만족하는 공식 통계표 후보가 없음,공식값 1개 직접 비교,calculation=DIRECT_VALUE | 세부문제유형=HARD_GUARD_ALIAS | 최신결과사유=NO_HARD_GUARD_CANDIDATE,12개 슬롯 + 통합 원장 진단 규칙,확정,A02558,9,,,,"{""raw"": ""{\""산업\"": [\""서비스업\""]}""}","{""claimed_operands"": ""[{'raw': '21만6000명', 'value': 216000.0, 'unit': '명'}]""}",DIRECT_VALUE,"{""direction"": ""INCREASE""}",,UNDETERMINED,HARD_GUARD_ALIAS,NO_HARD_GUARD_CANDIDATE,,,,,,,,,,,2,323만4000명 | 21만6000명,"[{""mention_id"":""n1"",""expression"":""323만4000명"",""start"":41,""end"":50,""context"":"" 지난달 보건·사회복지서비스업 취업자 수는 323만4000명으로 전년 동월 대비 21만6000명 증가했"",""role_status"":""미분류""},{""mention_id"":""n2"",""expression"":""21만6000명"",""start"":62,""end"":70,""context"":""수는 323만4000명으로 전년 동월 대비 21만6000명 증가했다."",""role_status"":""미분류""}]",[],COMPLETE
3,D3 정확한 값·세부 좌표,정확한 값 직접 비교,월간,월간,공식값 1개,기사값과 공식값의 단위 정규화 후 직접 비교,복합 세부조건(지역·차원),수치 1개,KOSIS 공식 API,묶음 실행 가능,공식 좌표 1개·공식값·공표정보를 확보하고 허용오차/부등호로 판정,A02569_10,"건설 경기 불황으로 건설업 취업자도 9만7000명 줄어, 작년 5월 이후 1년 2개월째 감소세다.",HOLD,NO_HARD_GUARD_CANDIDATE,직접값 확인,직접값 확인,2025-07-17,취업자 수,97000,명,2024-05,M,KOSIS 세부 차원 통계표,필수 조건 검사,기간·단위·지역 등 필수 조건을 모두 만족하는 공식 통계표 후보가 없음,공식값 1개 직접 비교,calculation=DIRECT_VALUE | 세부문제유형=HARD_GUARD_ALIAS | 최신결과사유=NO_HARD_GUARD_CANDIDATE,12개 슬롯 + 통합 원장 진단 규칙,확정,A02569,10,,경기,,"{""raw"": ""{\""산업\"": [\""건설업\""]}""}","{""claimed_operands"": ""[{'raw': '2개', 'value': 2.0, 'unit': '개'}]""}",DIRECT_VALUE,"{""direction"": ""DECREASE""}",,UNDETERMINED,HARD_GUARD_ALIAS,NO_HARD_GUARD_CANDIDATE,,,,,,,,,,,4,9만7000명 | 5월 | 1년 | 2개월,"[{""mention_id"":""n1"",""expression"":""9만7000명"",""start"":20,""end"":27,""context"":""건설 경기 불황으로 건설업 취업자도 9만7000명 줄어, 작년 5월 이후 1년 2개월째 감소"",""role_status"":""미분류""},{""mention_id"":""n2"",""expression"":""5월"",""start"":35,""end"":37,""context"":""건설업 취업자도 9만7000명 줄어, 작년 5월 이후 1년 2개월째 감소세다."",""role_status"":""미분류""},{""mention_id"":""n3"",""expression"":""1년"",""start"":41,""end"":43,""context"":""자도 9만7000명 줄어, 작년 5월 이후 1년 2개월째 감소세다."",""role_status"":""미분류""},{""mention_id"":""n4"",""expression"":""2개월"",""start"":44,""end"":47,""context"":""9만7000명 줄어, 작년 5월 이후 1년 2개월째 감소세다."",""role_status"":""미분류""}]",[],COMPLETE
3,D3 정확한 값·세부 좌표,정확한 값 직접 비교,연간,연간,공식값 1개,기사값과 공식값의 단위 정규화 후 직접 비교,단일 세부조건(차원),기사 수치 없음,KOSIS 공식 API,묶음 실행 가능,공식 좌표 1개·공식값·공표정보를 확보하고 허용오차/부등호로 판정,A02609_7,국가데이터처가 지난 2일 발표한 '9월 소비자물가 동향'에 따르면 쌀 소비자물가는 지난해 같은 달보다 15.9% 올랐다.,HOLD,NO_HARD_GUARD_CANDIDATE,직접값 확인,직접값 확인,2025-10-04,소비자물가 상승률,15.9,%,2024,Y,KOSIS 세부 차원 통계표,필수 조건 검사,기간·단위·지역 등 필수 조건을 모두 만족하는 공식 통계표 후보가 없음,공식값 1개 직접 비교,calculation=DIRECT_VALUE | 세부문제유형=HARD_GUARD_ALIAS | 최신결과사유=NO_HARD_GUARD_CANDIDATE,12개 슬롯 + 통합 원장 진단 규칙,확정,A02609,7,,,,"{""raw"": ""{\""품목\"": [\""쌀\""]}""}",,DIRECT_VALUE,,,UNDETERMINED,HARD_GUARD_ALIAS,NO_HARD_GUARD_CANDIDATE,,,,,,,,,,,3,2일 | 9월 | 15.9%,"[{""mention_id"":""n1"",""expression"":""2일"",""start"":11,""end"":13,""context"":""국가데이터처가 지난 2일 발표한 '9월 소비자물가 동향'에 따르면 "",""role_status"":""미분류""},{""mention_id"":""n2"",""expression"":""9월"",""start"":19,""end"":21,""context"":""국가데이터처가 지난 2일 발표한 '9월 소비자물가 동향'에 따르면 쌀 소비자물가는"",""role_status"":""미분류""},{""mention_id"":""n3"",""expression"":""15.9%"",""start"":57,""end"":62,""context"":""따르면 쌀 소비자물가는 지난해 같은 달보다 15.9% 올랐다."",""role_status"":""미분류""}]",[],COMPLETE
3,D3 정확한 값·세부 좌표,정확한 값 직접 비교,연간,연간,공식값 1개,기사값과 공식값의 단위 정규화 후 직접 비교,단일 세부조건(지역),수치 1개,KOSIS 공식 API,묶음 실행 가능,공식 좌표 1개·공식값·공표정보를 확보하고 허용오차/부등호로 판정,A02617_1,지난해 ‘인구 감소 지역’ 4곳 중 3곳의 자살률이 전국 평균보다 높은 것으로 나타났다.,HOLD,NO_EVIDENCE_COORDINATE_CANDIDATE,직접값 확인,직접값 확인,2025-10-09,총인구,4,곳,2024,Y,KOSIS 세부 차원 통계표,필수 조건 검사,공식 구조는 확인했지만 실제 값을 조회할 좌표를 확정하지 못함,공식값 1개 직접 비교,calculation=DIRECT_VALUE | 세부문제유형=COORDINATE_GENERAL | 최신결과사유=NO_EVIDENCE_COORDINATE_CANDIDATE,12개 슬롯 + 통합 원장 진단 규칙,확정,A02617,1,,전국,,,"{""claimed_operands"": ""[{'raw': '3곳', 'value': 3.0, 'unit': '곳'}]""}",DIRECT_VALUE,"{""direction"": ""DECREASE""}",,UNDETERMINED,COORDINATE_GENERAL,NO_EVIDENCE_COORDINATE_CANDIDATE,,,,,,,,,,,2,4곳 | 3곳,"[{""mention_id"":""n1"",""expression"":""4곳"",""start"":15,""end"":17,""context"":""지난해 ‘인구 감소 지역’ 4곳 중 3곳의 자살률이 전국 평균보다 높은 것"",""role_status"":""미분류""},{""mention_id"":""n2"",""expression"":""3곳"",""start"":20,""end"":22,""context"":""지난해 ‘인구 감소 지역’ 4곳 중 3곳의 자살률이 전국 평균보다 높은 것으로 나타"",""role_status"":""미분류""}]",[],COMPLETE
3,D3 정확한 값·세부 좌표,정확한 값 직접 비교,연간,연간,공식값 1개,기사값과 공식값의 단위 정규화 후 직접 비교,단일 세부조건(지역),수치 1개,KOSIS 공식 API,묶음 실행 가능,공식 좌표 1개·공식값·공표정보를 확보하고 허용오차/부등호로 판정,A02617_13,"예컨대, 지난해 우리나라 인구 10만명당 정신과 의사는 8.3명인데, 인구 감소 지역은 이에 못 미친다.",HOLD,NO_EVIDENCE_COORDINATE_CANDIDATE,직접값 확인,직접값 확인,2025-10-09,총인구,100000,명,2024,Y,KOSIS 세부 차원 통계표,필수 조건 검사,공식 구조는 확인했지만 실제 값을 조회할 좌표를 확정하지 못함,공식값 1개 직접 비교,calculation=DIRECT_VALUE | 세부문제유형=COORDINATE_GENERAL | 최신결과사유=NO_EVIDENCE_COORDINATE_CANDIDATE,12개 슬롯 + 통합 원장 진단 규칙,확정,A02617,13,,전국,,,"{""claimed_operands"": ""[{'raw': '8.3명', 'value': 8.3, 'unit': '명'}]""}",DIRECT_VALUE,"{""direction"": ""DECREASE""}",,UNDETERMINED,COORDINATE_GENERAL,NO_EVIDENCE_COORDINATE_CANDIDATE,,,,,,,,,,,2,10만명 | 8.3명,"[{""mention_id"":""n1"",""expression"":""10만명"",""start"":17,""end"":21,""context"":""예컨대, 지난해 우리나라 인구 10만명당 정신과 의사는 8.3명인데, 인구 감소 "",""role_status"":""미분류""},{""mention_id"":""n2"",""expression"":""8.3명"",""start"":31,""end"":35,""context"":""해 우리나라 인구 10만명당 정신과 의사는 8.3명인데, 인구 감소 지역은 이에 못 미친다."",""role_status"":""미분류""}]",[],COMPLETE
3,D3 정확한 값·세부 좌표,정확한 값 직접 비교,연간,연간,공식값 1개,기사값과 공식값의 단위 정규화 후 직접 비교,단일 세부조건(지역),수치 2개,KOSIS 공식 API,묶음 실행 가능,공식 좌표 1개·공식값·공표정보를 확보하고 허용오차/부등호로 판정,A02617_2,9일 국회 보건복지위원회 소속 김선민(조국혁신당) 의원이 국가데이터처 자료를 분석한 결과 인구 감소 지역으로 지정된 전국 89개 시군구의 지난해 자살률은 인구 10만명당 36.3명이었다.,HOLD,NO_EVIDENCE_COORDINATE_CANDIDATE,직접값 확인,직접값 확인,2025-10-09,총인구,89,개,2024,Y,KOSIS 세부 차원 통계표,필수 조건 검사,공식 구조는 확인했지만 실제 값을 조회할 좌표를 확정하지 못함,공식값 1개 직접 비교,calculation=DIRECT_VALUE | 세부문제유형=COORDINATE_GENERAL | 최신결과사유=NO_EVIDENCE_COORDINATE_CANDIDATE,12개 슬롯 + 통합 원장 진단 규칙,확정,A02617,2,,전국,,,"{""claimed_operands"": ""[{'raw': '10만명', 'value': 100000.0, 'unit': '명'}, {'raw': '36.3명', 'value': 36.3, 'unit': '명'}]""}",DIRECT_VALUE,"{""direction"": ""DECREASE""}",,UNDETERMINED,COORDINATE_GENERAL,NO_EVIDENCE_COORDINATE_CANDIDATE,,,,,,,,,,,4,9일 | 89개 | 10만명 | 36.3명,"[{""mention_id"":""n1"",""expression"":""9일"",""start"":0,""end"":2,""context"":""9일 국회 보건복지위원회 소속 김선민(조국혁신당"",""role_status"":""미분류""},{""mention_id"":""n2"",""expression"":""89개"",""start"":68,""end"":71,""context"":""석한 결과 인구 감소 지역으로 지정된 전국 89개 시군구의 지난해 자살률은 인구 10만명당 "",""role_status"":""미분류""},{""mention_id"":""n3"",""expression"":""10만명"",""start"":89,""end"":93,""context"":""전국 89개 시군구의 지난해 자살률은 인구 10만명당 36.3명이었다."",""role_status"":""미분류""},{""mention_id"":""n4"",""expression"":""36.3명"",""start"":95,""end"":100,""context"":"" 시군구의 지난해 자살률은 인구 10만명당 36.3명이었다."",""role_status"":""미분류""}]",[],COMPLETE
3,D3 정확한 값·세부 좌표,정확한 값 직접 비교,월간,월간,공식값 1개,기사값과 공식값의 단위 정규화 후 직접 비교,복합 세부조건(대상집단·차원),수치 1개,KOSIS 공식 API,묶음 실행 가능,공식 좌표 1개·공식값·공표정보를 확보하고 허용오차/부등호로 판정,A02639_9,지난달에는 민생회복 소비쿠폰 효과로 취업자 수가 30만명 넘게 늘었지만 주로 단기직에 집중되면서 청년층은 오히려 14만6000명 감소했다.,HOLD,NO_HARD_GUARD_CANDIDATE,직접값 확인,직접값 확인,2025-10-19,취업자 수,300000,명,2025-09,M,KOSIS 세부 차원 통계표,필수 조건 검사,기간·단위·지역 등 필수 조건을 모두 만족하는 공식 통계표 후보가 없음,공식값 1개 직접 비교,calculation=DIRECT_VALUE | 세부문제유형=HARD_GUARD_ALIAS | 최신결과사유=NO_HARD_GUARD_CANDIDATE,12개 슬롯 + 통합 원장 진단 규칙,확정,A02639,9,,,청년,"{""raw"": ""{\""연령집단\"": \""청년\""}""}","{""claimed_operands"": ""[{'raw': '14만6000명', 'value': 146000.0, 'unit': '명'}]""}",DIRECT_VALUE,"{""direction"": ""DECREASE""}",,UNDETERMINED,HARD_GUARD_ALIAS,NO_HARD_GUARD_CANDIDATE,,,,,,,,,,,2,30만명 | 14만6000명,"[{""mention_id"":""n1"",""expression"":""30만명"",""start"":27,""end"":31,""context"":""에는 민생회복 소비쿠폰 효과로 취업자 수가 30만명 넘게 늘었지만 주로 단기직에 집중되면서 청"",""role_status"":""미분류""},{""mention_id"":""n2"",""expression"":""14만6000명"",""start"":63,""end"":71,""context"":"" 주로 단기직에 집중되면서 청년층은 오히려 14만6000명 감소했다."",""role_status"":""미분류""}]",[],COMPLETE
3,D3 정확한 값·세부 좌표,정확한 값 직접 비교,연간,연간,공식값 1개,기사값과 공식값의 단위 정규화 후 직접 비교,단일 세부조건(차원),수치 5개,KOSIS 공식 API,묶음 실행 가능,공식 좌표 1개·공식값·공표정보를 확보하고 허용오차/부등호로 판정,A02647_16,"전년 동월 대비 비정규직이 늘어난 산업은 보건사회복지업(21만명), 운수창고업(3만9000명)이었고, 숙박음식업(-5만8000명), 건설업(-5만1000명), 도소매업(-4만1000명), 제조업(-3만2000명)은 감소했다.",HOLD,NO_EVIDENCE_COORDINATE_CANDIDATE,직접값 확인,직접값 확인,2025-10-22,비정규직 규모/비율,210000,명,2025,Y,KOSIS 세부 차원 통계표,필수 조건 검사,공식 구조는 확인했지만 실제 값을 조회할 좌표를 확정하지 못함,공식값 1개 직접 비교,calculation=DIRECT_VALUE | 세부문제유형=COORDINATE_GENERAL | 최신결과사유=NO_EVIDENCE_COORDINATE_CANDIDATE,12개 슬롯 + 통합 원장 진단 규칙,확정,A02647,16,,,,"{""raw"": ""{\""산업\"": [\""제조업\"", \""건설업\""]}""}","{""claimed_operands"": ""[{'raw': '3만9000명', 'value': 39000.0, 'unit': '명'}, {'raw': '5만8000명', 'value': 58000.0, 'unit': '명'}, {'raw': '5만1000명', 'value': 51000.0, 'unit': '명'}, {'raw': '4만1000명', 'value': 41000.0, 'unit': '명'}, {'raw': '3만2000명', 'value': 32000.0, 'unit': '명'}]""}",DIRECT_VALUE,"{""direction"": ""DECREASE""}",,UNDETERMINED,COORDINATE_GENERAL,NO_EVIDENCE_COORDINATE_CANDIDATE,,,,,,,,,,,6,21만명 | 3만9000명 | -5만8000명 | -5만1000명 | -4만1000명 | -3만2000명,"[{""mention_id"":""n1"",""expression"":""21만명"",""start"":31,""end"":35,""context"":""비 비정규직이 늘어난 산업은 보건사회복지업(21만명), 운수창고업(3만9000명)이었고, 숙박"",""role_status"":""미분류""},{""mention_id"":""n2"",""expression"":""3만9000명"",""start"":44,""end"":51,""context"":""업은 보건사회복지업(21만명), 운수창고업(3만9000명)이었고, 숙박음식업(-5만8000명), 건"",""role_status"":""미분류""},{""mention_id"":""n3"",""expression"":""-5만8000명"",""start"":63,""end"":71,""context"":""수창고업(3만9000명)이었고, 숙박음식업(-5만8000명), 건설업(-5만1000명), 도소매업(-"",""role_status"":""미분류""},{""mention_id"":""n4"",""expression"":""-5만1000명"",""start"":78,""end"":86,""context"":""고, 숙박음식업(-5만8000명), 건설업(-5만1000명), 도소매업(-4만1000명), 제조업(-"",""role_status"":""미분류""},{""mention_id"":""n5"",""expression"":""-4만1000명"",""start"":94,""end"":102,""context"":""명), 건설업(-5만1000명), 도소매업(-4만1000명), 제조업(-3만2000명)은 감소했다."",""role_status"":""미분류""},{""mention_id"":""n6"",""expression"":""-3만2000명"",""start"":109,""end"":117,""context"":""명), 도소매업(-4만1000명), 제조업(-3만2000명)은 감소했다."",""role_status"":""미분류""}]",[],COMPLETE
3,D3 정확한 값·세부 좌표,정확한 값 직접 비교,월간,월간,공식값 1개,기사값과 공식값의 단위 정규화 후 직접 비교,단일 세부조건(차원),수치 1개,KOSIS 공식 API,묶음 실행 가능,공식 좌표 1개·공식값·공표정보를 확보하고 허용오차/부등호로 판정,A02656_11,취업자 수가 31만2000명 증가한 지난 9월 보건업 및 사회복지 서비스업에서는 30만4000명이 늘었다.,HOLD,NO_HARD_GUARD_CANDIDATE,직접값 확인,직접값 확인,2025-10-27,취업자 수,312000,명,2025-09,M,KOSIS 세부 차원 통계표,필수 조건 검사,기간·단위·지역 등 필수 조건을 모두 만족하는 공식 통계표 후보가 없음,공식값 1개 직접 비교,calculation=DIRECT_VALUE | 세부문제유형=HARD_GUARD_ALIAS | 최신결과사유=NO_HARD_GUARD_CANDIDATE,12개 슬롯 + 통합 원장 진단 규칙,확정,A02656,11,,,,"{""raw"": ""{\""산업\"": [\""서비스업\""]}""}","{""claimed_operands"": ""[{'raw': '30만4000명', 'value': 304000.0, 'unit': '명'}]""}",DIRECT_VALUE,"{""direction"": ""INCREASE""}",,UNDETERMINED,HARD_GUARD_ALIAS,NO_HARD_GUARD_CANDIDATE,,,,,,,,,,,3,31만2000명 | 9월 | 30만4000명,"[{""mention_id"":""n1"",""expression"":""31만2000명"",""start"":7,""end"":15,""context"":""취업자 수가 31만2000명 증가한 지난 9월 보건업 및 사회복지 서비"",""role_status"":""미분류""},{""mention_id"":""n2"",""expression"":""9월"",""start"":23,""end"":25,""context"":""취업자 수가 31만2000명 증가한 지난 9월 보건업 및 사회복지 서비스업에서는 30만4"",""role_status"":""미분류""},{""mention_id"":""n3"",""expression"":""30만4000명"",""start"":45,""end"":53,""context"":""난 9월 보건업 및 사회복지 서비스업에서는 30만4000명이 늘었다."",""role_status"":""미분류""}]",[],COMPLETE
3,D3 정확한 값·세부 좌표,정확한 값 직접 비교,연간,연간,공식값 1개,기사값과 공식값의 단위 정규화 후 직접 비교,단일 세부조건(대상집단),기사 수치 없음,KOSIS 공식 API,묶음 실행 가능,공식 좌표 1개·공식값·공표정보를 확보하고 허용오차/부등호로 판정,A02656_28,이는 지난해 1인 가구 최저생계비(133만원)에 못 미치는 수준이다.,HOLD,NO_EVIDENCE_COORDINATE_CANDIDATE,직접값 확인,직접값 확인,2025-10-27,1인 가구 수,1330000,원,2024,Y,KOSIS 세부 차원 통계표,필수 조건 검사,공식 구조는 확인했지만 실제 값을 조회할 좌표를 확정하지 못함,공식값 1개 직접 비교,calculation=DIRECT_VALUE | 세부문제유형=COORDINATE_GENERAL | 최신결과사유=NO_EVIDENCE_COORDINATE_CANDIDATE,12개 슬롯 + 통합 원장 진단 규칙,확정,A02656,28,,,1인 가구,,,DIRECT_VALUE,,,UNDETERMINED,COORDINATE_GENERAL,NO_EVIDENCE_COORDINATE_CANDIDATE,,,,,,,,,,,2,1 | 133만원,"[{""mention_id"":""n1"",""expression"":""1"",""start"":7,""end"":8,""context"":""이는 지난해 1인 가구 최저생계비(133만원)에 못 미치는"",""role_status"":""미분류""},{""mention_id"":""n2"",""expression"":""133만원"",""start"":19,""end"":24,""context"":""이는 지난해 1인 가구 최저생계비(133만원)에 못 미치는 수준이다."",""role_status"":""미분류""}]",[],COMPLETE
3,D3 정확한 값·세부 좌표,정확한 값 직접 비교,분기,분기,공식값 1개,기사값과 공식값의 단위 정규화 후 직접 비교,단일 세부조건(지역),기사 수치 없음,KOSIS 공식 API,묶음 실행 가능,공식 좌표 1개·공식값·공표정보를 확보하고 허용오차/부등호로 판정,A02656_5,1분기 우리나라 실질 국내총생산은 0.2% 뒷걸음질 쳤다.,HOLD,NO_HARD_GUARD_CANDIDATE,직접값 확인,직접값 확인,2025-10-27,GDP,0.2,%,2025-Q1,Q,KOSIS 세부 차원 통계표,필수 조건 검사,기간·단위·지역 등 필수 조건을 모두 만족하는 공식 통계표 후보가 없음,공식값 1개 직접 비교,calculation=DIRECT_VALUE | 세부문제유형=HARD_GUARD_ALIAS | 최신결과사유=NO_HARD_GUARD_CANDIDATE,12개 슬롯 + 통합 원장 진단 규칙,확정,A02656,5,,전국,,,,DIRECT_VALUE,,,UNDETERMINED,HARD_GUARD_ALIAS,NO_HARD_GUARD_CANDIDATE,,,,,,,,,,,2,1분기 | 0.2%,"[{""mention_id"":""n1"",""expression"":""1분기"",""start"":0,""end"":3,""context"":""1분기 우리나라 실질 국내총생산은 0.2% 뒷걸음"",""role_status"":""미분류""},{""mention_id"":""n2"",""expression"":""0.2%"",""start"":19,""end"":23,""context"":""1분기 우리나라 실질 국내총생산은 0.2% 뒷걸음질 쳤다."",""role_status"":""미분류""}]",[],COMPLETE
3,D3 정확한 값·세부 좌표,정확한 값 직접 비교,분기,분기,공식값 1개,기사값과 공식값의 단위 정규화 후 직접 비교,단일 세부조건(차원),수치 2개,KOSIS 공식 API,묶음 실행 가능,공식 좌표 1개·공식값·공표정보를 확보하고 허용오차/부등호로 판정,A02676_2,"2일 국가데이터처에 따르면, 올해 3분기(7~9월) 15~29세 실업률은 5.1%로 전년 같은 기간(4.9%) 대비 0.2%포인트 상승했다.",HOLD,KOSIS_METADATA_UNAVAILABLE,직접값 확인,직접값 확인,2025-11-03,실업률,0.2,%p,2025-Q3,Q,KOSIS 세부 차원 통계표,KOSIS 공식 구조 확인,KOSIS 표의 항목·기간·분류 구조 조회를 완료하지 못함,공식값 1개 직접 비교,calculation=DIRECT_VALUE | 세부문제유형=OFFICIAL_METADATA_LOOKUP | 최신결과사유=KOSIS_METADATA_UNAVAILABLE,12개 슬롯 + 통합 원장 진단 규칙,확정,A02676,2,,,,"{""raw"": ""{\""연령\"": \""15~29세\""}""}","{""claimed_operands"": ""[{'raw': '5.1%', 'value': 5.1, 'unit': '%'}, {'raw': '4.9%', 'value': 4.9, 'unit': '%'}]""}",DIRECT_VALUE,"{""direction"": ""INCREASE""}",,UNDETERMINED,OFFICIAL_METADATA_LOOKUP,KOSIS_METADATA_UNAVAILABLE,,,,,,,,,,,7,2일 | 3분기 | 7~9월 | 15~29세 | 5.1% | 4.9% | 0.2%포인트,"[{""mention_id"":""n1"",""expression"":""2일"",""start"":0,""end"":2,""context"":""2일 국가데이터처에 따르면, 올해 3분기(7~9"",""role_status"":""미분류""},{""mention_id"":""n2"",""expression"":""3분기"",""start"":19,""end"":22,""context"":""2일 국가데이터처에 따르면, 올해 3분기(7~9월) 15~29세 실업률은 5.1%로"",""role_status"":""미분류""},{""mention_id"":""n3"",""expression"":""7~9월"",""start"":23,""end"":27,""context"":""2일 국가데이터처에 따르면, 올해 3분기(7~9월) 15~29세 실업률은 5.1%로 전년 같"",""role_status"":""미분류""},{""mention_id"":""n4"",""expression"":""15~29세"",""start"":29,""end"":35,""context"":""데이터처에 따르면, 올해 3분기(7~9월) 15~29세 실업률은 5.1%로 전년 같은 기간(4.9"",""role_status"":""미분류""},{""mention_id"":""n5"",""expression"":""5.1%"",""start"":41,""end"":45,""context"":""해 3분기(7~9월) 15~29세 실업률은 5.1%로 전년 같은 기간(4.9%) 대비 0.2%"",""role_status"":""미분류""},{""mention_id"":""n6"",""expression"":""4.9%"",""start"":56,""end"":60,""context"":""29세 실업률은 5.1%로 전년 같은 기간(4.9%) 대비 0.2%포인트 상승했다."",""role_status"":""미분류""},{""mention_id"":""n7"",""expression"":""0.2%포인트"",""start"":65,""end"":72,""context"":""5.1%로 전년 같은 기간(4.9%) 대비 0.2%포인트 상승했다."",""role_status"":""미분류""}]",[],COMPLETE
3,D3 정확한 값·세부 좌표,정확한 값 직접 비교,분기,분기,공식값 1개,기사값과 공식값의 단위 정규화 후 직접 비교,복합 세부조건(대상집단·차원),기사 수치 없음,KOSIS 공식 API,묶음 실행 가능,공식 좌표 1개·공식값·공표정보를 확보하고 허용오차/부등호로 판정,A02676_3,작년 4분기 이후 4개 분기 연속으로 청년 실업률이 악화했다.,HOLD,KOSIS_METADATA_UNAVAILABLE,직접값 확인,직접값 확인,2025-11-03,실업률,4,개,2024-Q4,Q,KOSIS 세부 차원 통계표,KOSIS 공식 구조 확인,KOSIS 표의 항목·기간·분류 구조 조회를 완료하지 못함,공식값 1개 직접 비교,calculation=DIRECT_VALUE | 세부문제유형=OFFICIAL_METADATA_LOOKUP | 최신결과사유=KOSIS_METADATA_UNAVAILABLE,12개 슬롯 + 통합 원장 진단 규칙,확정,A02676,3,,,청년,"{""raw"": ""{\""연령집단\"": \""청년\""}""}",,DIRECT_VALUE,,,UNDETERMINED,OFFICIAL_METADATA_LOOKUP,KOSIS_METADATA_UNAVAILABLE,,,,,,,,,,,2,4분기 | 4개,"[{""mention_id"":""n1"",""expression"":""4분기"",""start"":3,""end"":6,""context"":""작년 4분기 이후 4개 분기 연속으로 청년 실업률이 악"",""role_status"":""미분류""},{""mention_id"":""n2"",""expression"":""4개"",""start"":10,""end"":12,""context"":""작년 4분기 이후 4개 분기 연속으로 청년 실업률이 악화했다."",""role_status"":""미분류""}]",[],COMPLETE
3,D3 정확한 값·세부 좌표,정확한 값 직접 비교,월간,월간,공식값 1개,기사값과 공식값의 단위 정규화 후 직접 비교,단일 세부조건(지역),수치 2개,KOSIS 공식 API,묶음 실행 가능,공식 좌표 1개·공식값·공표정보를 확보하고 허용오차/부등호로 판정,A02680_2,"3일 국가데이터처의 경제활동인구조사 마이크로데이터를 분석한 결과에 따르면, 지난 9월 기준 국내 부업자 수는 67만9367명으로 지난해 9월(65만5475명)보다 2만4000명가량 늘었다.",HOLD,NO_HARD_GUARD_CANDIDATE,직접값 확인,직접값 확인,2025-11-04,경제활동인구,679367,명,2024-09,M,KOSIS 세부 차원 통계표,필수 조건 검사,기간·단위·지역 등 필수 조건을 모두 만족하는 공식 통계표 후보가 없음,공식값 1개 직접 비교,calculation=DIRECT_VALUE | 세부문제유형=HARD_GUARD_ALIAS | 최신결과사유=NO_HARD_GUARD_CANDIDATE,12개 슬롯 + 통합 원장 진단 규칙,확정,A02680,2,,전국,,,"{""claimed_operands"": ""[{'raw': '65만5475명', 'value': 655475.0, 'unit': '명'}, {'raw': '2만4000명', 'value': 24000.0, 'unit': '명'}]""}",DIRECT_VALUE,,,UNDETERMINED,HARD_GUARD_ALIAS,NO_HARD_GUARD_CANDIDATE,,,,,,,,,,,6,3일 | 9월 | 67만9367명 | 9월 | 65만5475명 | 2만4000명,"[{""mention_id"":""n1"",""expression"":""3일"",""start"":0,""end"":2,""context"":""3일 국가데이터처의 경제활동인구조사 마이크로데이"",""role_status"":""미분류""},{""mention_id"":""n2"",""expression"":""9월"",""start"":45,""end"":47,""context"":""이크로데이터를 분석한 결과에 따르면, 지난 9월 기준 국내 부업자 수는 67만9367명으로"",""role_status"":""미분류""},{""mention_id"":""n3"",""expression"":""67만9367명"",""start"":61,""end"":69,""context"":""따르면, 지난 9월 기준 국내 부업자 수는 67만9367명으로 지난해 9월(65만5475명)보다 2만"",""role_status"":""미분류""},{""mention_id"":""n4"",""expression"":""9월"",""start"":76,""end"":78,""context"":""내 부업자 수는 67만9367명으로 지난해 9월(65만5475명)보다 2만4000명가량 늘"",""role_status"":""미분류""},{""mention_id"":""n5"",""expression"":""65만5475명"",""start"":79,""end"":87,""context"":""업자 수는 67만9367명으로 지난해 9월(65만5475명)보다 2만4000명가량 늘었다."",""role_status"":""미분류""},{""mention_id"":""n6"",""expression"":""2만4000명"",""start"":91,""end"":98,""context"":""7명으로 지난해 9월(65만5475명)보다 2만4000명가량 늘었다."",""role_status"":""미분류""}]",[],COMPLETE
3,D3 정확한 값·세부 좌표,정확한 값 직접 비교,연간,연간,공식값 1개,기사값과 공식값의 단위 정규화 후 직접 비교,복합 세부조건(대상집단·차원),수치 1개,KOSIS 공식 API,묶음 실행 가능,공식 좌표 1개·공식값·공표정보를 확보하고 허용오차/부등호로 판정,A02693_1,코로나 팬데믹 이전 3%대 중후반대였던 실업률이 2022년 이후 2% 중후반대로 낮아진 현상의 상당 부분이 청년층의 구직 포기 때문이라는 국책 연구 기관의 분석 결과가 6일 나왔다.,HOLD,NO_EVIDENCE_COORDINATE_CANDIDATE,직접값 확인,직접값 확인,2025-11-06,실업률,3,%,2022,Y,KOSIS 세부 차원 통계표,필수 조건 검사,공식 구조는 확인했지만 실제 값을 조회할 좌표를 확정하지 못함,공식값 1개 직접 비교,calculation=DIRECT_VALUE | 세부문제유형=COORDINATE_GENERAL | 최신결과사유=NO_EVIDENCE_COORDINATE_CANDIDATE,12개 슬롯 + 통합 원장 진단 규칙,확정,A02693,1,,,청년,"{""raw"": ""{\""연령집단\"": \""청년\""}""}","{""claimed_operands"": ""[{'raw': '2%', 'value': 2.0, 'unit': '%'}]""}",DIRECT_VALUE,,,UNDETERMINED,COORDINATE_GENERAL,NO_EVIDENCE_COORDINATE_CANDIDATE,,,,,,,,,,,4,3% | 2022년 | 2% | 6일,"[{""mention_id"":""n1"",""expression"":""3%"",""start"":11,""end"":13,""context"":""코로나 팬데믹 이전 3%대 중후반대였던 실업률이 2022년 이후 2"",""role_status"":""미분류""},{""mention_id"":""n2"",""expression"":""2022년"",""start"":27,""end"":32,""context"":"" 팬데믹 이전 3%대 중후반대였던 실업률이 2022년 이후 2% 중후반대로 낮아진 현상의 상당 "",""role_status"":""미분류""},{""mention_id"":""n3"",""expression"":""2%"",""start"":36,""end"":38,""context"":""%대 중후반대였던 실업률이 2022년 이후 2% 중후반대로 낮아진 현상의 상당 부분이 청년"",""role_status"":""미분류""},{""mention_id"":""n4"",""expression"":""6일"",""start"":94,""end"":96,""context"":"" 때문이라는 국책 연구 기관의 분석 결과가 6일 나왔다."",""role_status"":""미분류""}]",[],COMPLETE
4,D4 기준값·세부 좌표,기준값 판정(이상·이하·초과),연간,연간,공식값 1개,공식값과 기준값의 부등호 판정,단일 세부조건(차원),수치 2개,KOSIS 공식 API,묶음 실행 가능,공식 좌표 1개·공식값·공표정보를 확보하고 허용오차/부등호로 판정,A00006_11,"자동차 수출은 하반기 주요 완성차·부품업계 파업 등에 따른 일부 생산 차질 영향으로 전년도와 보합세인 708억 달러(-0.1%)를 기록하였으며, 2년 연속 700억 달러 이상의 호실적을 이어갔다.",HOLD,NO_HARD_GUARD_CANDIDATE,직접값 확인,직접값 확인,2025-01-01,수출액,70800000000,달러,2025,Y,KOSIS 세부 차원 통계표,필수 조건 검사,기간·단위·지역 등 필수 조건을 모두 만족하는 공식 통계표 후보가 없음,공식값 1개 직접 비교,calculation=THRESHOLD | 세부문제유형=HARD_GUARD_ALIAS | 최신결과사유=NO_HARD_GUARD_CANDIDATE,12개 슬롯 + 통합 원장 진단 규칙,확정,A00006,11,,,,"{""raw"": ""{\""품목\"": [\""자동차\""]}""}","{""claimed_operands"": ""[{'raw': '0.1%', 'value': 0.1, 'unit': '%'}, {'raw': '700억 달러', 'value': 70000000000.0, 'unit': '달러'}]""}",THRESHOLD,"{""operator"": ""GTE""}",,UNDETERMINED,HARD_GUARD_ALIAS,NO_HARD_GUARD_CANDIDATE,,,,,,,,,,,4,708억 달러 | -0.1% | 2년 | 700억 달러,"[{""mention_id"":""n1"",""expression"":""708억 달러"",""start"":57,""end"":64,""context"":""일부 생산 차질 영향으로 전년도와 보합세인 708억 달러(-0.1%)를 기록하였으며, 2년 연속 7"",""role_status"":""미분류""},{""mention_id"":""n2"",""expression"":""-0.1%"",""start"":65,""end"":70,""context"":"" 영향으로 전년도와 보합세인 708억 달러(-0.1%)를 기록하였으며, 2년 연속 700억 달러"",""role_status"":""미분류""},{""mention_id"":""n3"",""expression"":""2년"",""start"":81,""end"":83,""context"":""708억 달러(-0.1%)를 기록하였으며, 2년 연속 700억 달러 이상의 호실적을 이어갔"",""role_status"":""미분류""},{""mention_id"":""n4"",""expression"":""700억 달러"",""start"":87,""end"":94,""context"":""러(-0.1%)를 기록하였으며, 2년 연속 700억 달러 이상의 호실적을 이어갔다."",""role_status"":""미분류""}]",[],COMPLETE
4,D4 기준값·세부 좌표,기준값 판정(이상·이하·초과),월간,월간,공식값 1개,공식값과 기준값의 부등호 판정,단일 세부조건(차원),수치 3개,KOSIS 공식 API,묶음 실행 가능,공식 좌표 1개·공식값·공표정보를 확보하고 허용오차/부등호로 판정,A00006_9,"◇반도체, 자동차가 이끌고 바이오, 농수산, 화장품 등도 고르게 증가 품목별로는 최대 수출품목인 반도체가 43.9% 증가한 1419억 달러를 기록, 2023년 11월 이후 14개월 연속 증가 흐름을 이어가면서 기존 최대 실적인 2022년 1292억 달러를 2년 만에 경신했다.",HOLD,KOSIS_METADATA_UNAVAILABLE,직접값 확인,직접값 확인,2025-01-01,수출액,43.9,%,2023-11,M,KOSIS 세부 차원 통계표,KOSIS 공식 구조 확인,KOSIS 표의 항목·기간·분류 구조 조회를 완료하지 못함,공식값 1개 직접 비교,calculation=THRESHOLD | 세부문제유형=OFFICIAL_METADATA_LOOKUP | 최신결과사유=KOSIS_METADATA_UNAVAILABLE,12개 슬롯 + 통합 원장 진단 규칙,확정,A00006,9,,,,"{""raw"": ""{\""품목\"": [\""반도체\"", \""자동차\"", \""바이오\"", \""농수산\"", \""화장품\""]}""}","{""claimed_operands"": ""[{'raw': '1419억 달러', 'value': 141900000000.0, 'unit': '달러'}, {'raw': '14개', 'value': 14.0, 'unit': '개'}, {'raw': '1292억 달러', 'value': 129200000000.0, 'unit': '달러'}]""}",THRESHOLD,"{""direction"": ""INCREASE"", ""operator"": ""MAX""}",,UNDETERMINED,OFFICIAL_METADATA_LOOKUP,KOSIS_METADATA_UNAVAILABLE,,,,,,,,,,,8,43.9% | 1419억 달러 | 2023년 | 11월 | 14개월 | 2022년 | 1292억 달러 | 2년,"[{""mention_id"":""n1"",""expression"":""43.9%"",""start"":59,""end"":64,""context"":"" 증가 품목별로는 최대 수출품목인 반도체가 43.9% 증가한 1419억 달러를 기록, 2023년"",""role_status"":""미분류""},{""mention_id"":""n2"",""expression"":""1419억 달러"",""start"":69,""end"":77,""context"":""최대 수출품목인 반도체가 43.9% 증가한 1419억 달러를 기록, 2023년 11월 이후 14개월 "",""role_status"":""미분류""},{""mention_id"":""n3"",""expression"":""2023년"",""start"":83,""end"":88,""context"":""43.9% 증가한 1419억 달러를 기록, 2023년 11월 이후 14개월 연속 증가 흐름을 이"",""role_status"":""미분류""},{""mention_id"":""n4"",""expression"":""11월"",""start"":89,""end"":92,""context"":""증가한 1419억 달러를 기록, 2023년 11월 이후 14개월 연속 증가 흐름을 이어가면서"",""role_status"":""미분류""},{""mention_id"":""n5"",""expression"":""14개월"",""start"":96,""end"":100,""context"":""9억 달러를 기록, 2023년 11월 이후 14개월 연속 증가 흐름을 이어가면서 기존 최대 실"",""role_status"":""미분류""},{""mention_id"":""n6"",""expression"":""2022년"",""start"":127,""end"":132,""context"":"" 증가 흐름을 이어가면서 기존 최대 실적인 2022년 1292억 달러를 2년 만에 경신했다."",""role_status"":""미분류""},{""mention_id"":""n7"",""expression"":""1292억 달러"",""start"":133,""end"":141,""context"":""을 이어가면서 기존 최대 실적인 2022년 1292억 달러를 2년 만에 경신했다."",""role_status"":""미분류""},{""mention_id"":""n8"",""expression"":""2년"",""start"":143,""end"":145,""context"":"" 최대 실적인 2022년 1292억 달러를 2년 만에 경신했다."",""role_status"":""미분류""}]",[],COMPLETE
4,D4 기준값·세부 좌표,기준값 판정(이상·이하·초과),연간,연간,공식값 1개,공식값과 기준값의 부등호 판정,복합 세부조건(지역·대상집단·차원),기사 수치 없음,KOSIS 공식 API,묶음 실행 가능,공식 좌표 1개·공식값·공표정보를 확보하고 허용오차/부등호로 판정,A00308_18,이정희 중앙대 교수는 “작년 한국 인구의 20%가 65세 이상인 초고령사회로 진입하면서 구조적으로 소비 동력이 떨어져 내수가 살아나기 쉽지 않다”고 했다.,HOLD,NO_EVIDENCE_COORDINATE_CANDIDATE,직접값 확인,직접값 확인,2025-01-24,총인구,20,%,2024,Y,KOSIS 세부 차원 통계표,필수 조건 검사,공식 구조는 확인했지만 실제 값을 조회할 좌표를 확정하지 못함,공식값 1개 직접 비교,calculation=THRESHOLD | 세부문제유형=COORDINATE_GENERAL | 최신결과사유=NO_EVIDENCE_COORDINATE_CANDIDATE,12개 슬롯 + 통합 원장 진단 규칙,확정,A00308,18,,전국,65세 이상 인구,"{""raw"": ""{\""연령\"": \""65세 이상\""}""}",,THRESHOLD,"{""direction"": ""DECREASE"", ""operator"": ""GTE""}",,UNDETERMINED,COORDINATE_GENERAL,NO_EVIDENCE_COORDINATE_CANDIDATE,,,,,,,,,,,2,20% | 65세,"[{""mention_id"":""n1"",""expression"":""20%"",""start"":23,""end"":26,""context"":""이정희 중앙대 교수는 “작년 한국 인구의 20%가 65세 이상인 초고령사회로 진입하면서 구"",""role_status"":""미분류""},{""mention_id"":""n2"",""expression"":""65세"",""start"":28,""end"":31,""context"":""중앙대 교수는 “작년 한국 인구의 20%가 65세 이상인 초고령사회로 진입하면서 구조적으로 "",""role_status"":""미분류""}]",[],COMPLETE
4,D4 기준값·세부 좌표,기준값 판정(이상·이하·초과),연간,연간,공식값 1개,공식값과 기준값의 부등호 판정,복합 세부조건(지역·대상집단·차원),수치 4개,KOSIS 공식 API,묶음 실행 가능,공식 좌표 1개·공식값·공표정보를 확보하고 허용오차/부등호로 판정,A00448_30,"동남아시아 사업 확장을 위한 인터내셔널헤드쿼터(iHQ) 조직도 새로 구성할... 내수 부진에 계엄·탄핵 '겹악재'...청년 고용률 43개월 만에 최저 지난해 하반기부터 내수 경기가 부진한 와중에, 계엄·탄핵 사태와 초유의 현직 대통령 구속까지 겹치며 청년 고용이 4년 만에 최저 수준으로 떨어졌... 소상공인 45% ""작년 월평균 영업이익 200만원 이하"" 국내 소상공인 10명 중 7명은 지난해 경영 실적이 좋지 않았다고 응답했다.",HOLD,KOSIS_METADATA_UNAVAILABLE,직접값 확인,직접값 확인,2025-02-04,고용률,45,%,2024,Y,KOSIS 세부 차원 통계표,KOSIS 공식 구조 확인,KOSIS 표의 항목·기간·분류 구조 조회를 완료하지 못함,공식값 1개 직접 비교,calculation=THRESHOLD | 세부문제유형=OFFICIAL_METADATA_LOOKUP | 최신결과사유=KOSIS_METADATA_UNAVAILABLE,12개 슬롯 + 통합 원장 진단 규칙,확정,A00448,30,,경기,청년,"{""raw"": ""{\""연령집단\"": \""청년\""}""}","{""claimed_operands"": ""[{'raw': '43개', 'value': 43.0, 'unit': '개'}, {'raw': '200만원', 'value': 2000000.0, 'unit': '원'}, {'raw': '10명', 'value': 10.0, 'unit': '명'}, {'raw': '7명', 'value': 7.0, 'unit': '명'}]""}",THRESHOLD,"{""direction"": ""DECREASE"", ""operator"": ""LTE""}",,UNDETERMINED,OFFICIAL_METADATA_LOOKUP,KOSIS_METADATA_UNAVAILABLE,,,,,,,,,,,6,43개월 | 4년 | 45% | 200만원 | 10명 | 7명,"[{""mention_id"":""n1"",""expression"":""43개월"",""start"":73,""end"":77,""context"":""진에 계엄·탄핵 '겹악재'...청년 고용률 43개월 만에 최저 지난해 하반기부터 내수 경기가 "",""role_status"":""미분류""},{""mention_id"":""n2"",""expression"":""4년"",""start"":147,""end"":149,""context"":"" 현직 대통령 구속까지 겹치며 청년 고용이 4년 만에 최저 수준으로 떨어졌... 소상공인 "",""role_status"":""미분류""},{""mention_id"":""n3"",""expression"":""45%"",""start"":173,""end"":176,""context"":"" 만에 최저 수준으로 떨어졌... 소상공인 45% \""작년 월평균 영업이익 200만원 이하\"" "",""role_status"":""미분류""},{""mention_id"":""n4"",""expression"":""200만원"",""start"":190,""end"":195,""context"":"". 소상공인 45% \""작년 월평균 영업이익 200만원 이하\"" 국내 소상공인 10명 중 7명은 지"",""role_status"":""미분류""},{""mention_id"":""n5"",""expression"":""10명"",""start"":208,""end"":211,""context"":"" 영업이익 200만원 이하\"" 국내 소상공인 10명 중 7명은 지난해 경영 실적이 좋지 않았다"",""role_status"":""미분류""},{""mention_id"":""n6"",""expression"":""7명"",""start"":214,""end"":216,""context"":""200만원 이하\"" 국내 소상공인 10명 중 7명은 지난해 경영 실적이 좋지 않았다고 응답했"",""role_status"":""미분류""}]",[],COMPLETE
4,D4 기준값·세부 좌표,기준값 판정(이상·이하·초과),연간,연간,공식값 1개,공식값과 기준값의 부등호 판정,복합 세부조건(대상집단·차원),수치 1개,KOSIS 공식 API,묶음 실행 가능,공식 좌표 1개·공식값·공표정보를 확보하고 허용오차/부등호로 판정,A00579_10,노인 일자리에 참여하려는 고령층도 다수 몰리며 65세 이상 실업률이 9.6%로 전년 동월 대비 0.2%포인트 오르기도 했다.,HOLD,NO_HARD_GUARD_CANDIDATE,직접값 확인,직접값 확인,2025-02-14,실업률,0.2,%p,2025,Y,KOSIS 세부 차원 통계표,필수 조건 검사,기간·단위·지역 등 필수 조건을 모두 만족하는 공식 통계표 후보가 없음,공식값 1개 직접 비교,calculation=THRESHOLD | 세부문제유형=HARD_GUARD_ALIAS | 최신결과사유=NO_HARD_GUARD_CANDIDATE,12개 슬롯 + 통합 원장 진단 규칙,확정,A00579,10,,,65세 이상 인구,"{""raw"": ""{\""연령\"": \""65세 이상\""}""}","{""claimed_operands"": ""[{'raw': '9.6%', 'value': 9.6, 'unit': '%'}]""}",THRESHOLD,"{""operator"": ""GTE""}",,UNDETERMINED,HARD_GUARD_ALIAS,NO_HARD_GUARD_CANDIDATE,,,,,,,,,,,3,65세 | 9.6% | 0.2%포인트,"[{""mention_id"":""n1"",""expression"":""65세"",""start"":26,""end"":29,""context"":"" 일자리에 참여하려는 고령층도 다수 몰리며 65세 이상 실업률이 9.6%로 전년 동월 대비 "",""role_status"":""미분류""},{""mention_id"":""n2"",""expression"":""9.6%"",""start"":38,""end"":42,""context"":""고령층도 다수 몰리며 65세 이상 실업률이 9.6%로 전년 동월 대비 0.2%포인트 오르기도 "",""role_status"":""미분류""},{""mention_id"":""n3"",""expression"":""0.2%포인트"",""start"":53,""end"":60,""context"":"" 이상 실업률이 9.6%로 전년 동월 대비 0.2%포인트 오르기도 했다."",""role_status"":""미분류""}]",[],COMPLETE
4,D4 기준값·세부 좌표,기준값 판정(이상·이하·초과),연간,연간,공식값 1개,공식값과 기준값의 부등호 판정,단일 세부조건(차원),기사 수치 없음,KOSIS 공식 API,묶음 실행 가능,공식 좌표 1개·공식값·공표정보를 확보하고 허용오차/부등호로 판정,A00579_19,"지난달 건설업 취업자는 전년 동월 대비 16만9000명 감소하면서, 지난 2013년 관련 통계 작성 이래 최대 감소폭을 보였다.",HOLD,CALCULATION_EVIDENCE_PLAN_UNRESOLVED,직접값 확인,직접값 확인,2025-02-14,취업자 수,169000,명,2013,Y,KOSIS 세부 차원 통계표,공식값 좌표 확정,계산에 필요한 비교 기간 또는 공식값 묶음을 구성하지 못함,공식값 1개 직접 비교,calculation=THRESHOLD | 세부문제유형=CALCULATION_RECORD_HISTORY | 최신결과사유=CALCULATION_EVIDENCE_PLAN_UNRESOLVED,12개 슬롯 + 통합 원장 진단 규칙,확정,A00579,19,,,,"{""raw"": ""{\""산업\"": [\""건설업\""]}""}",,THRESHOLD,"{""direction"": ""DECREASE"", ""operator"": ""MAX""}",,UNDETERMINED,CALCULATION_RECORD_HISTORY,CALCULATION_EVIDENCE_PLAN_UNRESOLVED,,,,,,,,,,,2,16만9000명 | 2013년,"[{""mention_id"":""n1"",""expression"":""16만9000명"",""start"":22,""end"":30,""context"":""지난달 건설업 취업자는 전년 동월 대비 16만9000명 감소하면서, 지난 2013년 관련 통계 작"",""role_status"":""미분류""},{""mention_id"":""n2"",""expression"":""2013년"",""start"":41,""end"":46,""context"":""월 대비 16만9000명 감소하면서, 지난 2013년 관련 통계 작성 이래 최대 감소폭을 보였다"",""role_status"":""미분류""}]",[],COMPLETE
4,D4 기준값·세부 좌표,기준값 판정(이상·이하·초과),월간,월간,공식값 1개,공식값과 기준값의 부등호 판정,복합 세부조건(대상집단·차원),기사 수치 없음,KOSIS 공식 API,묶음 실행 가능,공식 좌표 1개·공식값·공표정보를 확보하고 허용오차/부등호로 판정,A00579_9,이 덕분에 지난달 65세 이상 고령층 취업자만 33만8000명 늘었다.,HOLD,CALCULATION_EVIDENCE_PLAN_UNRESOLVED,직접값 확인,직접값 확인,2025-02-14,취업자 수,338000,명,2025-01,M,KOSIS 세부 차원 통계표,공식값 좌표 확정,계산에 필요한 비교 기간 또는 공식값 묶음을 구성하지 못함,공식값 1개 직접 비교,calculation=THRESHOLD | 세부문제유형=CALCULATION_DIFFERENCE | 최신결과사유=CALCULATION_EVIDENCE_PLAN_UNRESOLVED,12개 슬롯 + 통합 원장 진단 규칙,확정,A00579,9,,,65세 이상 인구,"{""raw"": ""{\""연령\"": \""65세 이상\""}""}",,THRESHOLD,"{""operator"": ""GTE""}",,UNDETERMINED,CALCULATION_DIFFERENCE,CALCULATION_EVIDENCE_PLAN_UNRESOLVED,,,,,,,,,,,2,65세 | 33만8000명,"[{""mention_id"":""n1"",""expression"":""65세"",""start"":10,""end"":13,""context"":""이 덕분에 지난달 65세 이상 고령층 취업자만 33만8000명 늘었"",""role_status"":""미분류""},{""mention_id"":""n2"",""expression"":""33만8000명"",""start"":26,""end"":34,""context"":""덕분에 지난달 65세 이상 고령층 취업자만 33만8000명 늘었다."",""role_status"":""미분류""}]",[],COMPLETE
4,D4 기준값·세부 좌표,기준값 판정(이상·이하·초과),연간,연간,공식값 1개,공식값과 기준값의 부등호 판정,단일 세부조건(지역),수치 2개,KOSIS 공식 API,묶음 실행 가능,공식 좌표 1개·공식값·공표정보를 확보하고 허용오차/부등호로 판정,A00760_3,"공정위는 자산총액이 전년도 명목 국내총생산(GDP)의 0.5% 이상(지난해는 10조4000억원)인 기업집단을 ‘상호출자제한 기업집단’으로, 자산 5조원 이상인 경우 ‘공시대상 기업집단’으로 지정한다.",HOLD,LOW_SEMANTIC_SCORE,직접값 확인,직접값 확인,2025-02-28,GDP,0.5,%,2024,Y,KOSIS 세부 차원 통계표,공식값 좌표 확정,기사 지표와 공식 통계 개념의 의미 일치도가 부족함,공식값 1개 직접 비교,calculation=THRESHOLD | 세부문제유형=SEMANTIC_LOW_SCORE | 최신결과사유=LOW_SEMANTIC_SCORE,12개 슬롯 + 통합 원장 진단 규칙,확정,A00760,3,,전국,,,"{""claimed_operands"": ""[{'raw': '10조4000억원', 'value': 10400000000000.0, 'unit': '원'}, {'raw': '5조원', 'value': 5000000000000.0, 'unit': '원'}]""}",THRESHOLD,"{""operator"": ""GTE""}",,UNDETERMINED,SEMANTIC_LOW_SCORE,LOW_SEMANTIC_SCORE,,,,,,,,,,,3,0.5% | 10조4000억원 | 5조원,"[{""mention_id"":""n1"",""expression"":""0.5%"",""start"":30,""end"":34,""context"":""산총액이 전년도 명목 국내총생산(GDP)의 0.5% 이상(지난해는 10조4000억원)인 기업집"",""role_status"":""미분류""},{""mention_id"":""n2"",""expression"":""10조4000억원"",""start"":43,""end"":52,""context"":""내총생산(GDP)의 0.5% 이상(지난해는 10조4000억원)인 기업집단을 ‘상호출자제한 기업집단’으로"",""role_status"":""미분류""},{""mention_id"":""n3"",""expression"":""5조원"",""start"":81,""end"":84,""context"":""집단을 ‘상호출자제한 기업집단’으로, 자산 5조원 이상인 경우 ‘공시대상 기업집단’으로 지정"",""role_status"":""미분류""}]",[],COMPLETE
4,D4 기준값·세부 좌표,기준값 판정(이상·이하·초과),연간,연간,공식값 1개,공식값과 기준값의 부등호 판정,단일 세부조건(지역),수치 1개,KOSIS 공식 API,묶음 실행 가능,공식 좌표 1개·공식값·공표정보를 확보하고 허용오차/부등호로 판정,A00838_16,실제 우리나라 인구는 지난해 12만명 줄어드는 등 5년간 45만명 이상 감소했다.,HOLD,KOSIS_METADATA_UNAVAILABLE,직접값 확인,직접값 확인,2025-03-06,총인구,120000,명,2024,Y,KOSIS 세부 차원 통계표,KOSIS 공식 구조 확인,KOSIS 표의 항목·기간·분류 구조 조회를 완료하지 못함,공식값 1개 직접 비교,calculation=THRESHOLD | 세부문제유형=OFFICIAL_METADATA_LOOKUP | 최신결과사유=KOSIS_METADATA_UNAVAILABLE,12개 슬롯 + 통합 원장 진단 규칙,확정,A00838,16,,전국,,,"{""claimed_operands"": ""[{'raw': '45만명', 'value': 450000.0, 'unit': '명'}]""}",THRESHOLD,"{""direction"": ""DECREASE"", ""operator"": ""GTE""}",,UNDETERMINED,OFFICIAL_METADATA_LOOKUP,KOSIS_METADATA_UNAVAILABLE,,,,,,,,,,,3,12만명 | 5년 | 45만명,"[{""mention_id"":""n1"",""expression"":""12만명"",""start"":16,""end"":20,""context"":""실제 우리나라 인구는 지난해 12만명 줄어드는 등 5년간 45만명 이상 감소했다"",""role_status"":""미분류""},{""mention_id"":""n2"",""expression"":""5년"",""start"":28,""end"":30,""context"":""리나라 인구는 지난해 12만명 줄어드는 등 5년간 45만명 이상 감소했다."",""role_status"":""미분류""},{""mention_id"":""n3"",""expression"":""45만명"",""start"":32,""end"":36,""context"":""인구는 지난해 12만명 줄어드는 등 5년간 45만명 이상 감소했다."",""role_status"":""미분류""}]",[],COMPLETE
4,D4 기준값·세부 좌표,기준값 판정(이상·이하·초과),월간,월간,공식값 1개,공식값과 기준값의 부등호 판정,단일 세부조건(지역),기사 수치 없음,KOSIS 공식 API,묶음 실행 가능,공식 좌표 1개·공식값·공표정보를 확보하고 허용오차/부등호로 판정,A00872_1,"인천시가 작년 1월 인구 300만명을 돌파한 이후 꾸준한 상승세를 보이며, 전국에서 가장 높은 인구 증가율을 기록했다.",HOLD,NO_HARD_GUARD_CANDIDATE,직접값 확인,직접값 확인,2025-03-09,총인구,3000000,명,2024-01,M,KOSIS 세부 차원 통계표,필수 조건 검사,기간·단위·지역 등 필수 조건을 모두 만족하는 공식 통계표 후보가 없음,공식값 1개 직접 비교,calculation=THRESHOLD | 세부문제유형=HARD_GUARD_ALIAS | 최신결과사유=NO_HARD_GUARD_CANDIDATE,12개 슬롯 + 통합 원장 진단 규칙,확정,A00872,1,,인천,,,,THRESHOLD,"{""direction"": ""INCREASE"", ""operator"": ""GT""}",,UNDETERMINED,HARD_GUARD_ALIAS,NO_HARD_GUARD_CANDIDATE,,,,,,,,,,,2,1월 | 300만명,"[{""mention_id"":""n1"",""expression"":""1월"",""start"":8,""end"":10,""context"":""인천시가 작년 1월 인구 300만명을 돌파한 이후 꾸준한 상승"",""role_status"":""미분류""},{""mention_id"":""n2"",""expression"":""300만명"",""start"":14,""end"":19,""context"":""인천시가 작년 1월 인구 300만명을 돌파한 이후 꾸준한 상승세를 보이며, 전"",""role_status"":""미분류""}]",[],COMPLETE
4,D4 기준값·세부 좌표,기준값 판정(이상·이하·초과),연간,연간,공식값 1개,공식값과 기준값의 부등호 판정,단일 세부조건(차원),수치 2개,KOSIS 공식 API,묶음 실행 가능,공식 좌표 1개·공식값·공표정보를 확보하고 허용오차/부등호로 판정,A00899_16,"자동차 수출이 315만대를 기록한 2011년엔 466만대였고, 2012~2015년에도 450만대를 웃돌았다.",HOLD,NO_EVIDENCE_COORDINATE_CANDIDATE,직접값 확인,직접값 확인,2025-03-11,수출액,3150000,대,2011,Y,KOSIS 세부 차원 통계표,필수 조건 검사,공식 구조는 확인했지만 실제 값을 조회할 좌표를 확정하지 못함,공식값 1개 직접 비교,calculation=THRESHOLD | 세부문제유형=COORDINATE_GENERAL | 최신결과사유=NO_EVIDENCE_COORDINATE_CANDIDATE,12개 슬롯 + 통합 원장 진단 규칙,확정,A00899,16,,,,"{""raw"": ""{\""품목\"": [\""자동차\""]}""}","{""claimed_operands"": ""[{'raw': '466만대', 'value': 4660000.0, 'unit': '대'}, {'raw': '450만대', 'value': 4500000.0, 'unit': '대'}]""}",THRESHOLD,"{""operator"": ""GT""}",,UNDETERMINED,COORDINATE_GENERAL,NO_EVIDENCE_COORDINATE_CANDIDATE,,,,,,,,,,,5,315만대 | 2011년 | 466만대 | 2012~2015년 | 450만대,"[{""mention_id"":""n1"",""expression"":""315만대"",""start"":8,""end"":13,""context"":""자동차 수출이 315만대를 기록한 2011년엔 466만대였고, 20"",""role_status"":""미분류""},{""mention_id"":""n2"",""expression"":""2011년"",""start"":19,""end"":24,""context"":""자동차 수출이 315만대를 기록한 2011년엔 466만대였고, 2012~2015년에도 "",""role_status"":""미분류""},{""mention_id"":""n3"",""expression"":""466만대"",""start"":26,""end"":31,""context"":""차 수출이 315만대를 기록한 2011년엔 466만대였고, 2012~2015년에도 450만대를 "",""role_status"":""미분류""},{""mention_id"":""n4"",""expression"":""2012~2015년"",""start"":35,""end"":45,""context"":""만대를 기록한 2011년엔 466만대였고, 2012~2015년에도 450만대를 웃돌았다."",""role_status"":""미분류""},{""mention_id"":""n5"",""expression"":""450만대"",""start"":48,""end"":53,""context"":""엔 466만대였고, 2012~2015년에도 450만대를 웃돌았다."",""role_status"":""미분류""}]",[],COMPLETE
4,D4 기준값·세부 좌표,기준값 판정(이상·이하·초과),월간,월간,공식값 1개,공식값과 기준값의 부등호 판정,복합 세부조건(대상집단·차원),수치 2개,KOSIS 공식 API,묶음 실행 가능,공식 좌표 1개·공식값·공표정보를 확보하고 허용오차/부등호로 판정,A00922_4,◇‘쉬었음’ 청년 50만명 넘어 12일 통계청은 ‘2월 고용 동향’에서 지난달 15~29세 청년층의 ‘쉬었음’ 인구가 50만4000명으로 전년 같은 달 대비 6만1000명 늘었다고 밝혔다.,HOLD,NO_EVIDENCE_COORDINATE_CANDIDATE,직접값 확인,직접값 확인,2025-03-12,총인구,500000,명,2025-02,M,KOSIS 세부 차원 통계표,필수 조건 검사,공식 구조는 확인했지만 실제 값을 조회할 좌표를 확정하지 못함,공식값 1개 직접 비교,calculation=THRESHOLD | 세부문제유형=COORDINATE_GENERAL | 최신결과사유=NO_EVIDENCE_COORDINATE_CANDIDATE,12개 슬롯 + 통합 원장 진단 규칙,확정,A00922,4,,,청년,"{""raw"": ""{\""연령\"": \""15~29세\""}""}","{""claimed_operands"": ""[{'raw': '50만4000명', 'value': 504000.0, 'unit': '명'}, {'raw': '6만1000명', 'value': 61000.0, 'unit': '명'}]""}",THRESHOLD,"{""operator"": ""GT""}",통계청,UNDETERMINED,COORDINATE_GENERAL,NO_EVIDENCE_COORDINATE_CANDIDATE,,,,,,,,,,,6,50만명 | 12일 | 2월 | 15~29세 | 50만4000명 | 6만1000명,"[{""mention_id"":""n1"",""expression"":""50만명"",""start"":10,""end"":14,""context"":""◇‘쉬었음’ 청년 50만명 넘어 12일 통계청은 ‘2월 고용 동향’에"",""role_status"":""미분류""},{""mention_id"":""n2"",""expression"":""12일"",""start"":18,""end"":21,""context"":""◇‘쉬었음’ 청년 50만명 넘어 12일 통계청은 ‘2월 고용 동향’에서 지난달 1"",""role_status"":""미분류""},{""mention_id"":""n3"",""expression"":""2월"",""start"":28,""end"":30,""context"":""음’ 청년 50만명 넘어 12일 통계청은 ‘2월 고용 동향’에서 지난달 15~29세 청년층"",""role_status"":""미분류""},{""mention_id"":""n4"",""expression"":""15~29세"",""start"":44,""end"":50,""context"":""일 통계청은 ‘2월 고용 동향’에서 지난달 15~29세 청년층의 ‘쉬었음’ 인구가 50만4000명"",""role_status"":""미분류""},{""mention_id"":""n5"",""expression"":""50만4000명"",""start"":66,""end"":74,""context"":""달 15~29세 청년층의 ‘쉬었음’ 인구가 50만4000명으로 전년 같은 달 대비 6만1000명 늘었"",""role_status"":""미분류""},{""mention_id"":""n6"",""expression"":""6만1000명"",""start"":88,""end"":95,""context"":""가 50만4000명으로 전년 같은 달 대비 6만1000명 늘었다고 밝혔다."",""role_status"":""미분류""}]",[],COMPLETE
4,D4 기준값·세부 좌표,기준값 판정(이상·이하·초과),연간,연간,공식값 1개,공식값과 기준값의 부등호 판정,복합 세부조건(대상집단·차원),기사 수치 없음,KOSIS 공식 API,묶음 실행 가능,공식 좌표 1개·공식값·공표정보를 확보하고 허용오차/부등호로 판정,A00922_5,청년층 쉬었음 인구가 50만명을 넘어선 것은 2003년 통계 작성 이래 최초다.,HOLD,NO_HARD_GUARD_CANDIDATE,직접값 확인,직접값 확인,2025-03-12,총인구,500000,명,2003,Y,KOSIS 세부 차원 통계표,필수 조건 검사,기간·단위·지역 등 필수 조건을 모두 만족하는 공식 통계표 후보가 없음,공식값 1개 직접 비교,calculation=THRESHOLD | 세부문제유형=HARD_GUARD_ALIAS | 최신결과사유=NO_HARD_GUARD_CANDIDATE,12개 슬롯 + 통합 원장 진단 규칙,확정,A00922,5,,,청년,"{""raw"": ""{\""연령집단\"": \""청년\""}""}",,THRESHOLD,"{""operator"": ""GT""}",,UNDETERMINED,HARD_GUARD_ALIAS,NO_HARD_GUARD_CANDIDATE,,,,,,,,,,,2,50만명 | 2003년,"[{""mention_id"":""n1"",""expression"":""50만명"",""start"":12,""end"":16,""context"":""청년층 쉬었음 인구가 50만명을 넘어선 것은 2003년 통계 작성 이래 "",""role_status"":""미분류""},{""mention_id"":""n2"",""expression"":""2003년"",""start"":25,""end"":30,""context"":""년층 쉬었음 인구가 50만명을 넘어선 것은 2003년 통계 작성 이래 최초다."",""role_status"":""미분류""}]",[],COMPLETE
4,D4 기준값·세부 좌표,기준값 판정(이상·이하·초과),연간,연간,공식값 1개,공식값과 기준값의 부등호 판정,복합 세부조건(지역·차원),수치 1개,KOSIS 공식 API,묶음 실행 가능,공식 좌표 1개·공식값·공표정보를 확보하고 허용오차/부등호로 판정,A01120_8,지난해 우리나라 자동차 수출액(708억달러) 중에서 대미 수출액은 49%를 웃돌았다.,HOLD,NO_HARD_GUARD_CANDIDATE,직접값 확인,직접값 확인,2025-03-28,수출액,70800000000,달러,2024,Y,KOSIS 세부 차원 통계표,필수 조건 검사,기간·단위·지역 등 필수 조건을 모두 만족하는 공식 통계표 후보가 없음,공식값 1개 직접 비교,calculation=THRESHOLD | 세부문제유형=HARD_GUARD_ALIAS | 최신결과사유=NO_HARD_GUARD_CANDIDATE,12개 슬롯 + 통합 원장 진단 규칙,확정,A01120,8,,전국,,"{""raw"": ""{\""품목\"": [\""자동차\""], \""교역상대국\"": [\""미국\""]}""}","{""claimed_operands"": ""[{'raw': '49%', 'value': 49.0, 'unit': '%'}]""}",THRESHOLD,"{""operator"": ""GT""}",,UNDETERMINED,HARD_GUARD_ALIAS,NO_HARD_GUARD_CANDIDATE,,,,,,,,,,,2,708억달러 | 49%,"[{""mention_id"":""n1"",""expression"":""708억달러"",""start"":17,""end"":23,""context"":""지난해 우리나라 자동차 수출액(708억달러) 중에서 대미 수출액은 49%를 웃돌았다."",""role_status"":""미분류""},{""mention_id"":""n2"",""expression"":""49%"",""start"":37,""end"":40,""context"":""수출액(708억달러) 중에서 대미 수출액은 49%를 웃돌았다."",""role_status"":""미분류""}]",[],COMPLETE
4,D4 기준값·세부 좌표,기준값 판정(이상·이하·초과),연간,연간,공식값 1개,공식값과 기준값의 부등호 판정,단일 세부조건(차원),기사 수치 없음,KOSIS 공식 API,묶음 실행 가능,공식 좌표 1개·공식값·공표정보를 확보하고 허용오차/부등호로 판정,A01149_18,지난해 대미수출액(약 61조3533억원)을 넘어서는 규모다.,HOLD,NO_HARD_GUARD_CANDIDATE,직접값 확인,직접값 확인,2025-03-30,수출액,61353300000000,원,2024,Y,KOSIS 세부 차원 통계표,필수 조건 검사,기간·단위·지역 등 필수 조건을 모두 만족하는 공식 통계표 후보가 없음,공식값 1개 직접 비교,calculation=THRESHOLD | 세부문제유형=HARD_GUARD_ALIAS | 최신결과사유=NO_HARD_GUARD_CANDIDATE,12개 슬롯 + 통합 원장 진단 규칙,확정,A01149,18,,,,"{""raw"": ""{\""교역상대국\"": [\""미국\""]}""}",,THRESHOLD,"{""operator"": ""GT""}",,UNDETERMINED,HARD_GUARD_ALIAS,NO_HARD_GUARD_CANDIDATE,,,,,,,,,,,1,61조3533억원,"[{""mention_id"":""n1"",""expression"":""61조3533억원"",""start"":12,""end"":21,""context"":""지난해 대미수출액(약 61조3533억원)을 넘어서는 규모다."",""role_status"":""미분류""}]",[],COMPLETE
4,D4 기준값·세부 좌표,기준값 판정(이상·이하·초과),연간,연간,공식값 1개,공식값과 기준값의 부등호 판정,단일 세부조건(차원),수치 2개,KOSIS 공식 API,묶음 실행 가능,공식 좌표 1개·공식값·공표정보를 확보하고 허용오차/부등호로 판정,A01254_41,작년 남성 일반 혼인율은 9.9건으로 그해 혼인 건수(22만2412건)를 15세 이상 남성 인구(2245만9000명)로 나눈 후 1000을 곱한 값이다.,HOLD,NO_EVIDENCE_COORDINATE_CANDIDATE,직접값 확인,직접값 확인,2025-04-07,총인구,9.9,건,2024,Y,KOSIS 세부 차원 통계표,필수 조건 검사,공식 구조는 확인했지만 실제 값을 조회할 좌표를 확정하지 못함,공식값 1개 직접 비교,calculation=THRESHOLD | 세부문제유형=COORDINATE_GENERAL | 최신결과사유=NO_EVIDENCE_COORDINATE_CANDIDATE,12개 슬롯 + 통합 원장 진단 규칙,확정,A01254,41,,,,"{""raw"": ""{\""성별\"": \""남성\""}""}","{""claimed_operands"": ""[{'raw': '22만2412건', 'value': 222412.0, 'unit': '건'}, {'raw': '2245만9000명', 'value': 22459000.0, 'unit': '명'}]""}",THRESHOLD,"{""operator"": ""GTE""}",,UNDETERMINED,COORDINATE_GENERAL,NO_EVIDENCE_COORDINATE_CANDIDATE,,,,,,,,,,,5,9.9건 | 22만2412건 | 15세 | 2245만9000명 | 1000,"[{""mention_id"":""n1"",""expression"":""9.9건"",""start"":14,""end"":18,""context"":""작년 남성 일반 혼인율은 9.9건으로 그해 혼인 건수(22만2412건)를 1"",""role_status"":""미분류""},{""mention_id"":""n2"",""expression"":""22만2412건"",""start"":30,""end"":38,""context"":""일반 혼인율은 9.9건으로 그해 혼인 건수(22만2412건)를 15세 이상 남성 인구(2245만900"",""role_status"":""미분류""},{""mention_id"":""n3"",""expression"":""15세"",""start"":41,""end"":44,""context"":""건으로 그해 혼인 건수(22만2412건)를 15세 이상 남성 인구(2245만9000명)로 나"",""role_status"":""미분류""},{""mention_id"":""n4"",""expression"":""2245만9000명"",""start"":54,""end"":64,""context"":""22만2412건)를 15세 이상 남성 인구(2245만9000명)로 나눈 후 1000을 곱한 값이다."",""role_status"":""미분류""},{""mention_id"":""n5"",""expression"":""1000"",""start"":72,""end"":76,""context"":""남성 인구(2245만9000명)로 나눈 후 1000을 곱한 값이다."",""role_status"":""미분류""}]",[],COMPLETE
4,D4 기준값·세부 좌표,기준값 판정(이상·이하·초과),연간,연간,공식값 1개,공식값과 기준값의 부등호 판정,복합 세부조건(대상집단·차원),기사 수치 없음,KOSIS 공식 API,묶음 실행 가능,공식 좌표 1개·공식값·공표정보를 확보하고 허용오차/부등호로 판정,A01292_1,0 청년 실업률이 지난달 7.5%까지 치솟으며 코로나 위기 때인 2021년 이후 4년 만에 최대치를 기록했다.,HOLD,NO_HARD_GUARD_CANDIDATE,직접값 확인,직접값 확인,2025-04-10,실업률,7.5,%,2021,Y,KOSIS 세부 차원 통계표,필수 조건 검사,기간·단위·지역 등 필수 조건을 모두 만족하는 공식 통계표 후보가 없음,공식값 1개 직접 비교,calculation=THRESHOLD | 세부문제유형=HARD_GUARD_ALIAS | 최신결과사유=NO_HARD_GUARD_CANDIDATE,12개 슬롯 + 통합 원장 진단 규칙,확정,A01292,1,,,청년,"{""raw"": ""{\""연령집단\"": \""청년\""}""}",,THRESHOLD,"{""operator"": ""MAX""}",,UNDETERMINED,HARD_GUARD_ALIAS,NO_HARD_GUARD_CANDIDATE,,,,,,,,,,,4,0 | 7.5% | 2021년 | 4년,"[{""mention_id"":""n1"",""expression"":""0"",""start"":0,""end"":1,""context"":""0 청년 실업률이 지난달 7.5%까지 치솟으며"",""role_status"":""미분류""},{""mention_id"":""n2"",""expression"":""7.5%"",""start"":14,""end"":18,""context"":""0 청년 실업률이 지난달 7.5%까지 치솟으며 코로나 위기 때인 2021년 "",""role_status"":""미분류""},{""mention_id"":""n3"",""expression"":""2021년"",""start"":36,""end"":41,""context"":""달 7.5%까지 치솟으며 코로나 위기 때인 2021년 이후 4년 만에 최대치를 기록했다."",""role_status"":""미분류""},{""mention_id"":""n4"",""expression"":""4년"",""start"":45,""end"":47,""context"":""치솟으며 코로나 위기 때인 2021년 이후 4년 만에 최대치를 기록했다."",""role_status"":""미분류""}]",[],COMPLETE
4,D4 기준값·세부 좌표,기준값 판정(이상·이하·초과),연간,연간,공식값 1개,공식값과 기준값의 부등호 판정,단일 세부조건(차원),기사 수치 없음,KOSIS 공식 API,묶음 실행 가능,공식 좌표 1개·공식값·공표정보를 확보하고 허용오차/부등호로 판정,A01292_8,"특히 건설업 취업자 수는 전년 동월 대비 8.7% 줄었는데, 2013년 관련 통계 작성 이래 최대 감소 폭이다.",HOLD,NO_HARD_GUARD_CANDIDATE,직접값 확인,직접값 확인,2025-04-10,취업자 수,8.7,%,2013,Y,KOSIS 세부 차원 통계표,필수 조건 검사,기간·단위·지역 등 필수 조건을 모두 만족하는 공식 통계표 후보가 없음,공식값 1개 직접 비교,calculation=THRESHOLD | 세부문제유형=HARD_GUARD_ALIAS | 최신결과사유=NO_HARD_GUARD_CANDIDATE,12개 슬롯 + 통합 원장 진단 규칙,확정,A01292,8,,,,"{""raw"": ""{\""산업\"": [\""건설업\""]}""}",,THRESHOLD,"{""direction"": ""DECREASE"", ""operator"": ""MAX""}",,UNDETERMINED,HARD_GUARD_ALIAS,NO_HARD_GUARD_CANDIDATE,,,,,,,,,,,2,8.7% | 2013년,"[{""mention_id"":""n1"",""expression"":""8.7%"",""start"":23,""end"":27,""context"":""특히 건설업 취업자 수는 전년 동월 대비 8.7% 줄었는데, 2013년 관련 통계 작성 이래"",""role_status"":""미분류""},{""mention_id"":""n2"",""expression"":""2013년"",""start"":34,""end"":39,""context"":"" 수는 전년 동월 대비 8.7% 줄었는데, 2013년 관련 통계 작성 이래 최대 감소 폭이다."",""role_status"":""미분류""}]",[],COMPLETE
4,D4 기준값·세부 좌표,기준값 판정(이상·이하·초과),연간,연간,공식값 1개,공식값과 기준값의 부등호 판정,단일 세부조건(차원),수치 2개,KOSIS 공식 API,묶음 실행 가능,공식 좌표 1개·공식값·공표정보를 확보하고 허용오차/부등호로 판정,A01359_11,"지난달 제조업 취업자는 전년 동월 대비 11만2000명 줄며 4년 4개월 만에 최대 감소 폭을 기록했고, 건설업 취업자는 18만5000명 급감하면서 2013년 관련 통계 집계 이래 최대 감소 폭을 보였다.",HOLD,KOSIS_METADATA_UNAVAILABLE,직접값 확인,직접값 확인,2025-04-15,취업자 수,112000,명,2013,Y,KOSIS 세부 차원 통계표,KOSIS 공식 구조 확인,KOSIS 표의 항목·기간·분류 구조 조회를 완료하지 못함,공식값 1개 직접 비교,calculation=THRESHOLD | 세부문제유형=OFFICIAL_METADATA_LOOKUP | 최신결과사유=KOSIS_METADATA_UNAVAILABLE,12개 슬롯 + 통합 원장 진단 규칙,확정,A01359,11,,,,"{""raw"": ""{\""산업\"": [\""제조업\"", \""건설업\""]}""}","{""claimed_operands"": ""[{'raw': '4개', 'value': 4.0, 'unit': '개'}, {'raw': '18만5000명', 'value': 185000.0, 'unit': '명'}]""}",THRESHOLD,"{""direction"": ""DECREASE"", ""operator"": ""MAX""}",,UNDETERMINED,OFFICIAL_METADATA_LOOKUP,KOSIS_METADATA_UNAVAILABLE,,,,,,,,,,,5,11만2000명 | 4년 | 4개월 | 18만5000명 | 2013년,"[{""mention_id"":""n1"",""expression"":""11만2000명"",""start"":22,""end"":30,""context"":""지난달 제조업 취업자는 전년 동월 대비 11만2000명 줄며 4년 4개월 만에 최대 감소 폭을 기"",""role_status"":""미분류""},{""mention_id"":""n2"",""expression"":""4년"",""start"":34,""end"":36,""context"":""자는 전년 동월 대비 11만2000명 줄며 4년 4개월 만에 최대 감소 폭을 기록했고, 건"",""role_status"":""미분류""},{""mention_id"":""n3"",""expression"":""4개월"",""start"":37,""end"":40,""context"":""전년 동월 대비 11만2000명 줄며 4년 4개월 만에 최대 감소 폭을 기록했고, 건설업 취"",""role_status"":""미분류""},{""mention_id"":""n4"",""expression"":""18만5000명"",""start"":68,""end"":76,""context"":""최대 감소 폭을 기록했고, 건설업 취업자는 18만5000명 급감하면서 2013년 관련 통계 집계 이래"",""role_status"":""미분류""},{""mention_id"":""n5"",""expression"":""2013년"",""start"":83,""end"":88,""context"":""건설업 취업자는 18만5000명 급감하면서 2013년 관련 통계 집계 이래 최대 감소 폭을 보였"",""role_status"":""미분류""}]",[],COMPLETE
4,D4 기준값·세부 좌표,기준값 판정(이상·이하·초과),연간,연간,공식값 1개,공식값과 기준값의 부등호 판정,복합 세부조건(대상집단·차원),수치 2개,KOSIS 공식 API,묶음 실행 가능,공식 좌표 1개·공식값·공표정보를 확보하고 허용오차/부등호로 판정,A01385_9,농가 인구 가운데 65세 이상 고령 인구가 차지하는 비율은 지난해 55.8%로 2023년 52.6%보다 3.2%포인트 상승했다.,HOLD,NO_HARD_GUARD_CANDIDATE,직접값 확인,직접값 확인,2025-04-17,고령인구 수,3.2,%p,2023,Y,KOSIS 세부 차원 통계표,필수 조건 검사,기간·단위·지역 등 필수 조건을 모두 만족하는 공식 통계표 후보가 없음,공식값 1개 직접 비교,calculation=THRESHOLD | 세부문제유형=HARD_GUARD_ALIAS | 최신결과사유=NO_HARD_GUARD_CANDIDATE,12개 슬롯 + 통합 원장 진단 규칙,확정,A01385,9,,,65세 이상 인구,"{""raw"": ""{\""연령\"": \""65세 이상\""}""}","{""claimed_operands"": ""[{'raw': '55.8%', 'value': 55.8, 'unit': '%'}, {'raw': '52.6%', 'value': 52.6, 'unit': '%'}]""}",THRESHOLD,"{""direction"": ""INCREASE"", ""operator"": ""GTE""}",,UNDETERMINED,HARD_GUARD_ALIAS,NO_HARD_GUARD_CANDIDATE,,,,,,,,,,,5,65세 | 55.8% | 2023년 | 52.6% | 3.2%포인트,"[{""mention_id"":""n1"",""expression"":""65세"",""start"":10,""end"":13,""context"":""농가 인구 가운데 65세 이상 고령 인구가 차지하는 비율은 지난해 "",""role_status"":""미분류""},{""mention_id"":""n2"",""expression"":""55.8%"",""start"":37,""end"":42,""context"":"" 이상 고령 인구가 차지하는 비율은 지난해 55.8%로 2023년 52.6%보다 3.2%포인트 "",""role_status"":""미분류""},{""mention_id"":""n3"",""expression"":""2023년"",""start"":44,""end"":49,""context"":""인구가 차지하는 비율은 지난해 55.8%로 2023년 52.6%보다 3.2%포인트 상승했다."",""role_status"":""미분류""},{""mention_id"":""n4"",""expression"":""52.6%"",""start"":50,""end"":55,""context"":""하는 비율은 지난해 55.8%로 2023년 52.6%보다 3.2%포인트 상승했다."",""role_status"":""미분류""},{""mention_id"":""n5"",""expression"":""3.2%포인트"",""start"":58,""end"":65,""context"":""난해 55.8%로 2023년 52.6%보다 3.2%포인트 상승했다."",""role_status"":""미분류""}]",[],COMPLETE
4,D4 기준값·세부 좌표,기준값 판정(이상·이하·초과),분기,분기,공식값 1개,공식값과 기준값의 부등호 판정,복합 세부조건(지역·차원),수치 1개,KOSIS 공식 API,묶음 실행 가능,공식 좌표 1개·공식값·공표정보를 확보하고 허용오차/부등호로 판정,A01410_2,한국무역협회는 올해 1분기 한국의 대미 무역수지 흑자가 133억8000만달러로 작년 동기(132억2000만달러)보다 소폭 웃돌았다고 19일 밝혔다.,HOLD,NO_EVIDENCE_COORDINATE_CANDIDATE,직접값 확인,직접값 확인,2025-04-19,무역수지,13380000000,달러,2024-Q1,Q,KOSIS 세부 차원 통계표,필수 조건 검사,공식 구조는 확인했지만 실제 값을 조회할 좌표를 확정하지 못함,공식값 1개 직접 비교,calculation=THRESHOLD | 세부문제유형=COORDINATE_GENERAL | 최신결과사유=NO_EVIDENCE_COORDINATE_CANDIDATE,12개 슬롯 + 통합 원장 진단 규칙,확정,A01410,2,,전국,,"{""raw"": ""{\""교역상대국\"": [\""미국\""]}""}","{""claimed_operands"": ""[{'raw': '132억2000만달러', 'value': 13220000000.0, 'unit': '달러'}]""}",THRESHOLD,"{""operator"": ""GT""}",,UNDETERMINED,COORDINATE_GENERAL,NO_EVIDENCE_COORDINATE_CANDIDATE,,,,,,,,,,,4,1분기 | 133억8000만달러 | 132억2000만달러 | 19일,"[{""mention_id"":""n1"",""expression"":""1분기"",""start"":11,""end"":14,""context"":""한국무역협회는 올해 1분기 한국의 대미 무역수지 흑자가 133억800"",""role_status"":""미분류""},{""mention_id"":""n2"",""expression"":""133억8000만달러"",""start"":31,""end"":42,""context"":"" 올해 1분기 한국의 대미 무역수지 흑자가 133억8000만달러로 작년 동기(132억2000만달러)보다 소"",""role_status"":""미분류""},{""mention_id"":""n3"",""expression"":""132억2000만달러"",""start"":50,""end"":61,""context"":"" 흑자가 133억8000만달러로 작년 동기(132억2000만달러)보다 소폭 웃돌았다고 19일 밝혔다."",""role_status"":""미분류""},{""mention_id"":""n4"",""expression"":""19일"",""start"":74,""end"":77,""context"":""132억2000만달러)보다 소폭 웃돌았다고 19일 밝혔다."",""role_status"":""미분류""}]",[],COMPLETE
4,D4 기준값·세부 좌표,기준값 판정(이상·이하·초과),월간,월간,공식값 1개,공식값과 기준값의 부등호 판정,단일 세부조건(차원),수치 1개,KOSIS 공식 API,묶음 실행 가능,공식 좌표 1개·공식값·공표정보를 확보하고 허용오차/부등호로 판정,A01455_3,4월 대미 수출이 이 같은 추세로 마감된다면 코로나 시기였던 2020년 5월(-29.4%) 이후 월간 기준 10% 이상 처음 줄어들게 된다.,HOLD,NO_HARD_GUARD_CANDIDATE,직접값 확인,직접값 확인,2025-04-22,수출액,10,%,2020-05,M,KOSIS 세부 차원 통계표,필수 조건 검사,기간·단위·지역 등 필수 조건을 모두 만족하는 공식 통계표 후보가 없음,공식값 1개 직접 비교,calculation=THRESHOLD | 세부문제유형=HARD_GUARD_ALIAS | 최신결과사유=NO_HARD_GUARD_CANDIDATE,12개 슬롯 + 통합 원장 진단 규칙,확정,A01455,3,,,,"{""raw"": ""{\""교역상대국\"": [\""미국\""]}""}","{""claimed_operands"": ""[{'raw': '29.4%', 'value': 29.4, 'unit': '%'}]""}",THRESHOLD,"{""direction"": ""DECREASE"", ""operator"": ""GTE""}",,UNDETERMINED,HARD_GUARD_ALIAS,NO_HARD_GUARD_CANDIDATE,,,,,,,,,,,5,4월 | 2020년 | 5월 | -29.4% | 10%,"[{""mention_id"":""n1"",""expression"":""4월"",""start"":0,""end"":2,""context"":""4월 대미 수출이 이 같은 추세로 마감된다면 코"",""role_status"":""미분류""},{""mention_id"":""n2"",""expression"":""2020년"",""start"":34,""end"":39,""context"":""이 같은 추세로 마감된다면 코로나 시기였던 2020년 5월(-29.4%) 이후 월간 기준 10%"",""role_status"":""미분류""},{""mention_id"":""n3"",""expression"":""5월"",""start"":40,""end"":42,""context"":""세로 마감된다면 코로나 시기였던 2020년 5월(-29.4%) 이후 월간 기준 10% 이상"",""role_status"":""미분류""},{""mention_id"":""n4"",""expression"":""-29.4%"",""start"":43,""end"":49,""context"":""마감된다면 코로나 시기였던 2020년 5월(-29.4%) 이후 월간 기준 10% 이상 처음 줄어들"",""role_status"":""미분류""},{""mention_id"":""n5"",""expression"":""10%"",""start"":60,""end"":63,""context"":""20년 5월(-29.4%) 이후 월간 기준 10% 이상 처음 줄어들게 된다."",""role_status"":""미분류""}]",[],COMPLETE
4,D4 기준값·세부 좌표,기준값 판정(이상·이하·초과),분기,분기,공식값 1개,공식값과 기준값의 부등호 판정,단일 세부조건(지역),수치 1개,KOSIS 공식 API,묶음 실행 가능,공식 좌표 1개·공식값·공표정보를 확보하고 허용오차/부등호로 판정,A01528_6,"하지만 지난 1분기까지 4개 분기 연속 성장률이 0.1%를 밑돌자, 경기 부양에 추가 재정을 투입할 수 있다고 공식화한 것이다.",HOLD,NO_HARD_GUARD_CANDIDATE,직접값 확인,직접값 확인,2025-04-28,경제성장률,4,개,2025-Q1,Q,KOSIS 세부 차원 통계표,필수 조건 검사,기간·단위·지역 등 필수 조건을 모두 만족하는 공식 통계표 후보가 없음,공식값 1개 직접 비교,calculation=THRESHOLD | 세부문제유형=HARD_GUARD_ALIAS | 최신결과사유=NO_HARD_GUARD_CANDIDATE,12개 슬롯 + 통합 원장 진단 규칙,확정,A01528,6,,경기,,,"{""claimed_operands"": ""[{'raw': '0.1%', 'value': 0.1, 'unit': '%'}]""}",THRESHOLD,"{""operator"": ""LT""}",,UNDETERMINED,HARD_GUARD_ALIAS,NO_HARD_GUARD_CANDIDATE,,,,,,,,,,,3,1분기 | 4개 | 0.1%,"[{""mention_id"":""n1"",""expression"":""1분기"",""start"":7,""end"":10,""context"":""하지만 지난 1분기까지 4개 분기 연속 성장률이 0.1%를 밑"",""role_status"":""미분류""},{""mention_id"":""n2"",""expression"":""4개"",""start"":13,""end"":15,""context"":""하지만 지난 1분기까지 4개 분기 연속 성장률이 0.1%를 밑돌자, 경"",""role_status"":""미분류""},{""mention_id"":""n3"",""expression"":""0.1%"",""start"":27,""end"":31,""context"":"" 지난 1분기까지 4개 분기 연속 성장률이 0.1%를 밑돌자, 경기 부양에 추가 재정을 투입할"",""role_status"":""미분류""}]",[],COMPLETE
4,D4 기준값·세부 좌표,기준값 판정(이상·이하·초과),연간,연간,공식값 1개,공식값과 기준값의 부등호 판정,단일 세부조건(지역),수치 2개,KOSIS 공식 API,묶음 실행 가능,공식 좌표 1개·공식값·공표정보를 확보하고 허용오차/부등호로 판정,A01578_9,"이는 자산 총액이 최근 명목 GDP 확정치의 0.5%(올해는 11조6000억원) 이상인 경우 지정되는데, 올해 두나무와 한국앤컴퍼니가 새로 들어오면서 46곳이 됐다.",HOLD,KOSIS_METADATA_UNAVAILABLE,직접값 확인,직접값 확인,2025-05-02,GDP,0.5,%,2025,Y,KOSIS 세부 차원 통계표,KOSIS 공식 구조 확인,KOSIS 표의 항목·기간·분류 구조 조회를 완료하지 못함,공식값 1개 직접 비교,calculation=THRESHOLD | 세부문제유형=OFFICIAL_METADATA_LOOKUP | 최신결과사유=KOSIS_METADATA_UNAVAILABLE,12개 슬롯 + 통합 원장 진단 규칙,확정,A01578,9,,전국,,,"{""claimed_operands"": ""[{'raw': '11조6000억원', 'value': 11600000000000.0, 'unit': '원'}, {'raw': '46곳', 'value': 46.0, 'unit': '곳'}]""}",THRESHOLD,"{""operator"": ""GTE""}",,UNDETERMINED,OFFICIAL_METADATA_LOOKUP,KOSIS_METADATA_UNAVAILABLE,,,,,,,,,,,3,0.5% | 11조6000억원 | 46곳,"[{""mention_id"":""n1"",""expression"":""0.5%"",""start"":25,""end"":29,""context"":""는 자산 총액이 최근 명목 GDP 확정치의 0.5%(올해는 11조6000억원) 이상인 경우 지"",""role_status"":""미분류""},{""mention_id"":""n2"",""expression"":""11조6000억원"",""start"":34,""end"":43,""context"":""최근 명목 GDP 확정치의 0.5%(올해는 11조6000억원) 이상인 경우 지정되는데, 올해 두나무와 "",""role_status"":""미분류""},{""mention_id"":""n3"",""expression"":""46곳"",""start"":84,""end"":87,""context"":""해 두나무와 한국앤컴퍼니가 새로 들어오면서 46곳이 됐다."",""role_status"":""미분류""}]",[],COMPLETE
4,D4 기준값·세부 좌표,기준값 판정(이상·이하·초과),월간,월간,공식값 1개,공식값과 기준값의 부등호 판정,복합 세부조건(대상집단·차원),수치 1개,KOSIS 공식 API,묶음 실행 가능,공식 좌표 1개·공식값·공표정보를 확보하고 허용오차/부등호로 판정,A01737_8,지난달 65세 이상 고용률은 40.4%로 전년 동월 대비 1.2%포인트 올랐다.,HOLD,KOSIS_METADATA_UNAVAILABLE,직접값 확인,직접값 확인,2025-05-14,고용률,1.2,%p,2025-04,M,KOSIS 세부 차원 통계표,KOSIS 공식 구조 확인,KOSIS 표의 항목·기간·분류 구조 조회를 완료하지 못함,공식값 1개 직접 비교,calculation=THRESHOLD | 세부문제유형=OFFICIAL_METADATA_LOOKUP | 최신결과사유=KOSIS_METADATA_UNAVAILABLE,12개 슬롯 + 통합 원장 진단 규칙,확정,A01737,8,,,65세 이상 인구,"{""raw"": ""{\""연령\"": \""65세 이상\""}""}","{""claimed_operands"": ""[{'raw': '40.4%', 'value': 40.4, 'unit': '%'}]""}",THRESHOLD,"{""operator"": ""GTE""}",,UNDETERMINED,OFFICIAL_METADATA_LOOKUP,KOSIS_METADATA_UNAVAILABLE,,,,,,,,,,,3,65세 | 40.4% | 1.2%포인트,"[{""mention_id"":""n1"",""expression"":""65세"",""start"":4,""end"":7,""context"":""지난달 65세 이상 고용률은 40.4%로 전년 동월 대비"",""role_status"":""미분류""},{""mention_id"":""n2"",""expression"":""40.4%"",""start"":16,""end"":21,""context"":""지난달 65세 이상 고용률은 40.4%로 전년 동월 대비 1.2%포인트 올랐다."",""role_status"":""미분류""},{""mention_id"":""n3"",""expression"":""1.2%포인트"",""start"":32,""end"":39,""context"":""이상 고용률은 40.4%로 전년 동월 대비 1.2%포인트 올랐다."",""role_status"":""미분류""}]",[],COMPLETE
4,D4 기준값·세부 좌표,기준값 판정(이상·이하·초과),연간,연간,공식값 1개,공식값과 기준값의 부등호 판정,복합 세부조건(대상집단·차원),수치 1개,KOSIS 공식 API,묶음 실행 가능,공식 좌표 1개·공식값·공표정보를 확보하고 허용오차/부등호로 판정,A01903_6,"지난해 기준 65세 이상 연금 소득자의 월평균 연금 소득은 70~80만원 수준으로, 같은 해 1인 가구 월 최저 생계비(134만원)에 못 미친다는 설명이다.",HOLD,KOSIS_METADATA_UNAVAILABLE,직접값 확인,직접값 확인,2025-05-27,1인 가구 수,800000,원,2024,Y,KOSIS 세부 차원 통계표,KOSIS 공식 구조 확인,KOSIS 표의 항목·기간·분류 구조 조회를 완료하지 못함,공식값 1개 직접 비교,calculation=THRESHOLD | 세부문제유형=OFFICIAL_METADATA_LOOKUP | 최신결과사유=KOSIS_METADATA_UNAVAILABLE,12개 슬롯 + 통합 원장 진단 규칙,확정,A01903,6,,,65세 이상 인구,"{""raw"": ""{\""연령\"": \""65세 이상\""}""}","{""claimed_operands"": ""[{'raw': '134만원', 'value': 1340000.0, 'unit': '원'}]""}",THRESHOLD,"{""operator"": ""GTE""}",,UNDETERMINED,OFFICIAL_METADATA_LOOKUP,KOSIS_METADATA_UNAVAILABLE,,,,,,,,,,,4,65세 | 70~80만원 | 1 | 134만원,"[{""mention_id"":""n1"",""expression"":""65세"",""start"":7,""end"":10,""context"":""지난해 기준 65세 이상 연금 소득자의 월평균 연금 소득은 7"",""role_status"":""미분류""},{""mention_id"":""n2"",""expression"":""70~80만원"",""start"":33,""end"":40,""context"":""세 이상 연금 소득자의 월평균 연금 소득은 70~80만원 수준으로, 같은 해 1인 가구 월 최저 생"",""role_status"":""미분류""},{""mention_id"":""n3"",""expression"":""1"",""start"":52,""end"":53,""context"":"" 소득은 70~80만원 수준으로, 같은 해 1인 가구 월 최저 생계비(134만원)에 못 "",""role_status"":""미분류""},{""mention_id"":""n4"",""expression"":""134만원"",""start"":67,""end"":72,""context"":""으로, 같은 해 1인 가구 월 최저 생계비(134만원)에 못 미친다는 설명이다."",""role_status"":""미분류""}]",[],COMPLETE
4,D4 기준값·세부 좌표,기준값 판정(이상·이하·초과),연간,연간,공식값 1개,공식값과 기준값의 부등호 판정,복합 세부조건(지역·차원),기사 수치 없음,KOSIS 공식 API,묶음 실행 가능,공식 좌표 1개·공식값·공표정보를 확보하고 허용오차/부등호로 판정,A01953_8,이는 한국제약바이오협회가 집계한 지난해 기술 수출액(61억3300만달러)을 이미 넘어선 것이다.,HOLD,NO_HARD_GUARD_CANDIDATE,직접값 확인,직접값 확인,2025-05-31,수출액,6133000000,달러,2024,Y,KOSIS 세부 차원 통계표,필수 조건 검사,기간·단위·지역 등 필수 조건을 모두 만족하는 공식 통계표 후보가 없음,공식값 1개 직접 비교,calculation=THRESHOLD | 세부문제유형=HARD_GUARD_ALIAS | 최신결과사유=NO_HARD_GUARD_CANDIDATE,12개 슬롯 + 통합 원장 진단 규칙,확정,A01953,8,,전국,,"{""raw"": ""{\""품목\"": [\""바이오\""]}""}",,THRESHOLD,"{""operator"": ""GT""}",,UNDETERMINED,HARD_GUARD_ALIAS,NO_HARD_GUARD_CANDIDATE,,,,,,,,,,,1,61억3300만달러,"[{""mention_id"":""n1"",""expression"":""61억3300만달러"",""start"":29,""end"":39,""context"":""제약바이오협회가 집계한 지난해 기술 수출액(61억3300만달러)을 이미 넘어선 것이다."",""role_status"":""미분류""}]",[],COMPLETE
4,D4 기준값·세부 좌표,기준값 판정(이상·이하·초과),월간,월간,공식값 1개,공식값과 기준값의 부등호 판정,단일 세부조건(차원),수치 3개,KOSIS 공식 API,묶음 실행 가능,공식 좌표 1개·공식값·공표정보를 확보하고 허용오차/부등호로 판정,A02096_4,"보건업·사회복지서비스업(+23만3000명), 금융·보험업(+7만2000명) 등에서 취업자가 큰 폭으로 늘어나면서 취업자가 26만명 넘게 늘어난 작년 4월 이후 처음으로 취업자가 20만명 이상 불었다.",HOLD,KOSIS_METADATA_UNAVAILABLE,직접값 확인,직접값 확인,2025-06-11,취업자 수,233000,명,2024-04,M,KOSIS 세부 차원 통계표,KOSIS 공식 구조 확인,KOSIS 표의 항목·기간·분류 구조 조회를 완료하지 못함,공식값 1개 직접 비교,calculation=THRESHOLD | 세부문제유형=OFFICIAL_METADATA_LOOKUP | 최신결과사유=KOSIS_METADATA_UNAVAILABLE,12개 슬롯 + 통합 원장 진단 규칙,확정,A02096,4,,,,"{""raw"": ""{\""산업\"": [\""서비스업\""]}""}","{""claimed_operands"": ""[{'raw': '7만2000명', 'value': 72000.0, 'unit': '명'}, {'raw': '26만명', 'value': 260000.0, 'unit': '명'}, {'raw': '20만명', 'value': 200000.0, 'unit': '명'}]""}",THRESHOLD,"{""direction"": ""INCREASE"", ""operator"": ""GTE""}",,UNDETERMINED,OFFICIAL_METADATA_LOOKUP,KOSIS_METADATA_UNAVAILABLE,,,,,,,,,,,5,+23만3000명 | +7만2000명 | 26만명 | 4월 | 20만명,"[{""mention_id"":""n1"",""expression"":""+23만3000명"",""start"":13,""end"":22,""context"":""보건업·사회복지서비스업(+23만3000명), 금융·보험업(+7만2000명) 등에서 "",""role_status"":""미분류""},{""mention_id"":""n2"",""expression"":""+7만2000명"",""start"":32,""end"":40,""context"":""서비스업(+23만3000명), 금융·보험업(+7만2000명) 등에서 취업자가 큰 폭으로 늘어나면서 취"",""role_status"":""미분류""},{""mention_id"":""n3"",""expression"":""26만명"",""start"":68,""end"":72,""context"":""서 취업자가 큰 폭으로 늘어나면서 취업자가 26만명 넘게 늘어난 작년 4월 이후 처음으로 취업"",""role_status"":""미분류""},{""mention_id"":""n4"",""expression"":""4월"",""start"":83,""end"":85,""context"":""나면서 취업자가 26만명 넘게 늘어난 작년 4월 이후 처음으로 취업자가 20만명 이상 불었"",""role_status"":""미분류""},{""mention_id"":""n5"",""expression"":""20만명"",""start"":99,""end"":103,""context"":"" 늘어난 작년 4월 이후 처음으로 취업자가 20만명 이상 불었다."",""role_status"":""미분류""}]",[],COMPLETE
4,D4 기준값·세부 좌표,기준값 판정(이상·이하·초과),연간,연간,공식값 1개,공식값과 기준값의 부등호 판정,단일 세부조건(대상집단),수치 1개,KOSIS 공식 API,묶음 실행 가능,공식 좌표 1개·공식값·공표정보를 확보하고 허용오차/부등호로 판정,A02202_2,1인 가구는 2021년 700만 가구를 넘어선 지 3년 만에 800만 가구를 돌파했다.,HOLD,CALCULATION_EVIDENCE_PLAN_UNRESOLVED,직접값 확인,직접값 확인,2025-06-19,1인 가구 수,7000000,가구,2021,Y,KOSIS 세부 차원 통계표,공식값 좌표 확정,계산에 필요한 비교 기간 또는 공식값 묶음을 구성하지 못함,공식값 1개 직접 비교,calculation=THRESHOLD | 세부문제유형=CALCULATION_GENERAL | 최신결과사유=CALCULATION_EVIDENCE_PLAN_UNRESOLVED,12개 슬롯 + 통합 원장 진단 규칙,확정,A02202,2,,,1인 가구,,"{""claimed_operands"": ""[{'raw': '800만 가구', 'value': 8000000.0, 'unit': '가구'}]""}",THRESHOLD,"{""operator"": ""GT""}",,UNDETERMINED,CALCULATION_GENERAL,CALCULATION_EVIDENCE_PLAN_UNRESOLVED,,,,,,,,,,,5,1 | 2021년 | 700만 가구 | 3년 | 800만 가구,"[{""mention_id"":""n1"",""expression"":""1"",""start"":0,""end"":1,""context"":""1인 가구는 2021년 700만 가구를 넘어선"",""role_status"":""미분류""},{""mention_id"":""n2"",""expression"":""2021년"",""start"":7,""end"":12,""context"":""1인 가구는 2021년 700만 가구를 넘어선 지 3년 만에 80"",""role_status"":""미분류""},{""mention_id"":""n3"",""expression"":""700만 가구"",""start"":13,""end"":20,""context"":""1인 가구는 2021년 700만 가구를 넘어선 지 3년 만에 800만 가구를 돌"",""role_status"":""미분류""},{""mention_id"":""n4"",""expression"":""3년"",""start"":28,""end"":30,""context"":""구는 2021년 700만 가구를 넘어선 지 3년 만에 800만 가구를 돌파했다."",""role_status"":""미분류""},{""mention_id"":""n5"",""expression"":""800만 가구"",""start"":34,""end"":41,""context"":""1년 700만 가구를 넘어선 지 3년 만에 800만 가구를 돌파했다."",""role_status"":""미분류""}]",[],COMPLETE
4,D4 기준값·세부 좌표,기준값 판정(이상·이하·초과),연간,연간,공식값 1개,공식값과 기준값의 부등호 판정,복합 세부조건(지역·대상집단),수치 3개,KOSIS 공식 API,묶음 실행 가능,공식 좌표 1개·공식값·공표정보를 확보하고 허용오차/부등호로 판정,A02202_5,"국내 1인 가구 수는 2015년 500만 가구 수준에서 서서히 증가해오다 2019년 600만 가구, 2021년 700만 가구를 넘어섰고 이번에 800만 가구 선을 넘어섰다.",HOLD,CALCULATION_EVIDENCE_PLAN_UNRESOLVED,직접값 확인,직접값 확인,2025-06-19,1인 가구 수,5000000,가구,2015,Y,KOSIS 세부 차원 통계표,공식값 좌표 확정,계산에 필요한 비교 기간 또는 공식값 묶음을 구성하지 못함,공식값 1개 직접 비교,calculation=THRESHOLD | 세부문제유형=CALCULATION_DIFFERENCE | 최신결과사유=CALCULATION_EVIDENCE_PLAN_UNRESOLVED,12개 슬롯 + 통합 원장 진단 규칙,확정,A02202,5,,전국,1인 가구,,"{""claimed_operands"": ""[{'raw': '600만 가구', 'value': 6000000.0, 'unit': '가구'}, {'raw': '700만 가구', 'value': 7000000.0, 'unit': '가구'}, {'raw': '800만 가구', 'value': 8000000.0, 'unit': '가구'}]""}",THRESHOLD,"{""direction"": ""INCREASE"", ""operator"": ""GT""}",,UNDETERMINED,CALCULATION_DIFFERENCE,CALCULATION_EVIDENCE_PLAN_UNRESOLVED,,,,,,,,,,,8,1 | 2015년 | 500만 가구 | 2019년 | 600만 가구 | 2021년 | 700만 가구 | 800만 가구,"[{""mention_id"":""n1"",""expression"":""1"",""start"":3,""end"":4,""context"":""국내 1인 가구 수는 2015년 500만 가구 수준"",""role_status"":""미분류""},{""mention_id"":""n2"",""expression"":""2015년"",""start"":12,""end"":17,""context"":""국내 1인 가구 수는 2015년 500만 가구 수준에서 서서히 증가해오다 "",""role_status"":""미분류""},{""mention_id"":""n3"",""expression"":""500만 가구"",""start"":18,""end"":25,""context"":""국내 1인 가구 수는 2015년 500만 가구 수준에서 서서히 증가해오다 2019년 60"",""role_status"":""미분류""},{""mention_id"":""n4"",""expression"":""2019년"",""start"":41,""end"":46,""context"":"" 500만 가구 수준에서 서서히 증가해오다 2019년 600만 가구, 2021년 700만 가구를"",""role_status"":""미분류""},{""mention_id"":""n5"",""expression"":""600만 가구"",""start"":47,""end"":54,""context"":""가구 수준에서 서서히 증가해오다 2019년 600만 가구, 2021년 700만 가구를 넘어섰고 이번"",""role_status"":""미분류""},{""mention_id"":""n6"",""expression"":""2021년"",""start"":56,""end"":61,""context"":""서히 증가해오다 2019년 600만 가구, 2021년 700만 가구를 넘어섰고 이번에 800만 "",""role_status"":""미분류""},{""mention_id"":""n7"",""expression"":""700만 가구"",""start"":62,""end"":69,""context"":""오다 2019년 600만 가구, 2021년 700만 가구를 넘어섰고 이번에 800만 가구 선을 넘어"",""role_status"":""미분류""},{""mention_id"":""n8"",""expression"":""800만 가구"",""start"":80,""end"":87,""context"":""2021년 700만 가구를 넘어섰고 이번에 800만 가구 선을 넘어섰다."",""role_status"":""미분류""}]",[],COMPLETE
4,D4 기준값·세부 좌표,기준값 판정(이상·이하·초과),연간,연간,공식값 1개,공식값과 기준값의 부등호 판정,단일 세부조건(대상집단),기사 수치 없음,KOSIS 공식 API,묶음 실행 가능,공식 좌표 1개·공식값·공표정보를 확보하고 허용오차/부등호로 판정,A02219_6,이전 최대 규모는 2000년대 초 17조5500억원의 김대중 정부의 농가 부채 탕감 정책이었다.,HOLD,KOSIS_METADATA_UNAVAILABLE,직접값 확인,직접값 확인,2025-06-20,농가 수,17550000000000,원,2000,Y,KOSIS 세부 차원 통계표,KOSIS 공식 구조 확인,KOSIS 표의 항목·기간·분류 구조 조회를 완료하지 못함,공식값 1개 직접 비교,calculation=THRESHOLD | 세부문제유형=OFFICIAL_METADATA_LOOKUP | 최신결과사유=KOSIS_METADATA_UNAVAILABLE,12개 슬롯 + 통합 원장 진단 규칙,확정,A02219,6,,,농가,,,THRESHOLD,"{""operator"": ""MAX""}",,UNDETERMINED,OFFICIAL_METADATA_LOOKUP,KOSIS_METADATA_UNAVAILABLE,,,,,,,,,,,2,2000년 | 17조5500억원,"[{""mention_id"":""n1"",""expression"":""2000년"",""start"":10,""end"":15,""context"":""이전 최대 규모는 2000년대 초 17조5500억원의 김대중 정부의 농"",""role_status"":""미분류""},{""mention_id"":""n2"",""expression"":""17조5500억원"",""start"":19,""end"":28,""context"":""이전 최대 규모는 2000년대 초 17조5500억원의 김대중 정부의 농가 부채 탕감 정책이었다"",""role_status"":""미분류""}]",[],COMPLETE
4,D4 기준값·세부 좌표,기준값 판정(이상·이하·초과),연간,연간,공식값 1개,공식값과 기준값의 부등호 판정,단일 세부조건(지역),수치 1개,KOSIS 공식 API,묶음 실행 가능,공식 좌표 1개·공식값·공표정보를 확보하고 허용오차/부등호로 판정,A02408_12,"이는 국내총생산(GDP) 대비 4.2% 수준에 달하는 것으로, 2020년 이후 5년 연속으로 재정 준칙 목표치(3% 이내)를 넘어서게 된다.",HOLD,NO_EVIDENCE_COORDINATE_CANDIDATE,직접값 확인,직접값 확인,2025-07-05,GDP,4.2,%,2020,Y,KOSIS 세부 차원 통계표,필수 조건 검사,공식 구조는 확인했지만 실제 값을 조회할 좌표를 확정하지 못함,공식값 1개 직접 비교,calculation=THRESHOLD | 세부문제유형=COORDINATE_GENERAL | 최신결과사유=NO_EVIDENCE_COORDINATE_CANDIDATE,12개 슬롯 + 통합 원장 진단 규칙,확정,A02408,12,,전국,,,"{""claimed_operands"": ""[{'raw': '3%', 'value': 3.0, 'unit': '%'}]""}",THRESHOLD,"{""operator"": ""GT""}",,UNDETERMINED,COORDINATE_GENERAL,NO_EVIDENCE_COORDINATE_CANDIDATE,,,,,,,,,,,4,4.2% | 2020년 | 5년 | 3%,"[{""mention_id"":""n1"",""expression"":""4.2%"",""start"":17,""end"":21,""context"":""이는 국내총생산(GDP) 대비 4.2% 수준에 달하는 것으로, 2020년 이후 5"",""role_status"":""미분류""},{""mention_id"":""n2"",""expression"":""2020년"",""start"":35,""end"":40,""context"":""P) 대비 4.2% 수준에 달하는 것으로, 2020년 이후 5년 연속으로 재정 준칙 목표치(3%"",""role_status"":""미분류""},{""mention_id"":""n3"",""expression"":""5년"",""start"":44,""end"":46,""context"":""% 수준에 달하는 것으로, 2020년 이후 5년 연속으로 재정 준칙 목표치(3% 이내)를 "",""role_status"":""미분류""},{""mention_id"":""n4"",""expression"":""3%"",""start"":62,""end"":64,""context"":""0년 이후 5년 연속으로 재정 준칙 목표치(3% 이내)를 넘어서게 된다."",""role_status"":""미분류""}]",[],COMPLETE
4,D4 기준값·세부 좌표,기준값 판정(이상·이하·초과),월간,월간,공식값 1개,공식값과 기준값의 부등호 판정,단일 세부조건(차원),수치 2개,KOSIS 공식 API,묶음 실행 가능,공식 좌표 1개·공식값·공표정보를 확보하고 허용오차/부등호로 판정,A02558_14,지난달 건설업 취업자 수도 196만명으로 전년 동월 대비 9만7000명 감소하며 200만명을 밑돌았다.,HOLD,NO_HARD_GUARD_CANDIDATE,직접값 확인,직접값 확인,2025-07-16,취업자 수,1960000,명,2025-06,M,KOSIS 세부 차원 통계표,필수 조건 검사,기간·단위·지역 등 필수 조건을 모두 만족하는 공식 통계표 후보가 없음,공식값 1개 직접 비교,calculation=THRESHOLD | 세부문제유형=HARD_GUARD_ALIAS | 최신결과사유=NO_HARD_GUARD_CANDIDATE,12개 슬롯 + 통합 원장 진단 규칙,확정,A02558,14,,,,"{""raw"": ""{\""산업\"": [\""건설업\""]}""}","{""claimed_operands"": ""[{'raw': '9만7000명', 'value': 97000.0, 'unit': '명'}, {'raw': '200만명', 'value': 2000000.0, 'unit': '명'}]""}",THRESHOLD,"{""direction"": ""DECREASE"", ""operator"": ""LT""}",,UNDETERMINED,HARD_GUARD_ALIAS,NO_HARD_GUARD_CANDIDATE,,,,,,,,,,,3,196만명 | 9만7000명 | 200만명,"[{""mention_id"":""n1"",""expression"":""196만명"",""start"":15,""end"":20,""context"":""지난달 건설업 취업자 수도 196만명으로 전년 동월 대비 9만7000명 감소하며"",""role_status"":""미분류""},{""mention_id"":""n2"",""expression"":""9만7000명"",""start"":32,""end"":39,""context"":""취업자 수도 196만명으로 전년 동월 대비 9만7000명 감소하며 200만명을 밑돌았다."",""role_status"":""미분류""},{""mention_id"":""n3"",""expression"":""200만명"",""start"":45,""end"":50,""context"":""로 전년 동월 대비 9만7000명 감소하며 200만명을 밑돌았다."",""role_status"":""미분류""}]",[],COMPLETE
4,D4 기준값·세부 좌표,기준값 판정(이상·이하·초과),월간,월간,공식값 1개,공식값과 기준값의 부등호 판정,복합 세부조건(대상집단·차원),수치 2개,KOSIS 공식 API,묶음 실행 가능,공식 좌표 1개·공식값·공표정보를 확보하고 허용오차/부등호로 판정,A02633_1,"지난 9월 전체 취업자 수가 31만명 이상 늘어 1년 7개월 만에 최대 증가 폭을 기록했지만, 청년층은 14만6000명이나 줄어 모든 연령대 중 감소 폭이 가장 컸다.",HOLD,NO_EVIDENCE_COORDINATE_CANDIDATE,직접값 확인,직접값 확인,2025-10-17,취업자 수,310000,명,2025-09,M,KOSIS 세부 차원 통계표,필수 조건 검사,공식 구조는 확인했지만 실제 값을 조회할 좌표를 확정하지 못함,공식값 1개 직접 비교,calculation=THRESHOLD | 세부문제유형=COORDINATE_GENERAL | 최신결과사유=NO_EVIDENCE_COORDINATE_CANDIDATE,12개 슬롯 + 통합 원장 진단 규칙,확정,A02633,1,,,청년,"{""raw"": ""{\""연령집단\"": \""청년\""}""}","{""claimed_operands"": ""[{'raw': '7개', 'value': 7.0, 'unit': '개'}, {'raw': '14만6000명', 'value': 146000.0, 'unit': '명'}]""}",THRESHOLD,"{""direction"": ""DECREASE"", ""operator"": ""GTE""}",,UNDETERMINED,COORDINATE_GENERAL,NO_EVIDENCE_COORDINATE_CANDIDATE,,,,,,,,,,,5,9월 | 31만명 | 1년 | 7개월 | 14만6000명,"[{""mention_id"":""n1"",""expression"":""9월"",""start"":3,""end"":5,""context"":""지난 9월 전체 취업자 수가 31만명 이상 늘어 1년"",""role_status"":""미분류""},{""mention_id"":""n2"",""expression"":""31만명"",""start"":16,""end"":20,""context"":""지난 9월 전체 취업자 수가 31만명 이상 늘어 1년 7개월 만에 최대 증가 폭"",""role_status"":""미분류""},{""mention_id"":""n3"",""expression"":""1년"",""start"":27,""end"":29,""context"":""9월 전체 취업자 수가 31만명 이상 늘어 1년 7개월 만에 최대 증가 폭을 기록했지만, "",""role_status"":""미분류""},{""mention_id"":""n4"",""expression"":""7개월"",""start"":30,""end"":33,""context"":""전체 취업자 수가 31만명 이상 늘어 1년 7개월 만에 최대 증가 폭을 기록했지만, 청년층은"",""role_status"":""미분류""},{""mention_id"":""n5"",""expression"":""14만6000명"",""start"":58,""end"":66,""context"":""만에 최대 증가 폭을 기록했지만, 청년층은 14만6000명이나 줄어 모든 연령대 중 감소 폭이 가장 "",""role_status"":""미분류""}]",[],COMPLETE
5,D5 누계 직접값,정확한 값 직접 비교,누계,분기,공식값 1개,기사값과 공식값의 단위 정규화 후 직접 비교,단일 세부조건(지역),수치 1개,KOSIS 공식 API,묶음 실행 가능,공식 좌표 1개·공식값·공표정보를 확보하고 허용오차/부등호로 판정,A00298_5,우리나라 경제는 작년 1분기(1~3월) 성장률이 1.3%를 기록하며 ‘깜짝 성장’을 한 뒤 2분기(4~6월)에는 0.2% 뒷걸음질쳤다.,HOLD,NO_HARD_GUARD_CANDIDATE,직접값 확인,직접값 확인,2025-01-23,경제성장률,1.3,%,2024-Q1,Q,KOSIS 세부 차원 통계표,필수 조건 검사,기간·단위·지역 등 필수 조건을 모두 만족하는 공식 통계표 후보가 없음,공식값 1개 직접 비교,calculation=DIRECT_VALUE | 세부문제유형=HARD_GUARD_ALIAS | 최신결과사유=NO_HARD_GUARD_CANDIDATE,12개 슬롯 + 통합 원장 진단 규칙,확정,A00298,5,,전국,,,"{""claimed_operands"": ""[{'raw': '0.2%', 'value': 0.2, 'unit': '%'}]""}",DIRECT_VALUE,,,UNDETERMINED,HARD_GUARD_ALIAS,NO_HARD_GUARD_CANDIDATE,,,,,,,,,,,6,1분기 | 1~3월 | 1.3% | 2분기 | 4~6월 | 0.2%,"[{""mention_id"":""n1"",""expression"":""1분기"",""start"":12,""end"":15,""context"":""우리나라 경제는 작년 1분기(1~3월) 성장률이 1.3%를 기록하며 ‘"",""role_status"":""미분류""},{""mention_id"":""n2"",""expression"":""1~3월"",""start"":16,""end"":20,""context"":""우리나라 경제는 작년 1분기(1~3월) 성장률이 1.3%를 기록하며 ‘깜짝 성장"",""role_status"":""미분류""},{""mention_id"":""n3"",""expression"":""1.3%"",""start"":27,""end"":31,""context"":""라 경제는 작년 1분기(1~3월) 성장률이 1.3%를 기록하며 ‘깜짝 성장’을 한 뒤 2분기("",""role_status"":""미분류""},{""mention_id"":""n4"",""expression"":""2분기"",""start"":51,""end"":54,""context"":""1.3%를 기록하며 ‘깜짝 성장’을 한 뒤 2분기(4~6월)에는 0.2% 뒷걸음질쳤다."",""role_status"":""미분류""},{""mention_id"":""n5"",""expression"":""4~6월"",""start"":55,""end"":59,""context"":""를 기록하며 ‘깜짝 성장’을 한 뒤 2분기(4~6월)에는 0.2% 뒷걸음질쳤다."",""role_status"":""미분류""},{""mention_id"":""n6"",""expression"":""0.2%"",""start"":63,""end"":67,""context"":""깜짝 성장’을 한 뒤 2분기(4~6월)에는 0.2% 뒷걸음질쳤다."",""role_status"":""미분류""}]",[],COMPLETE
5,D5 누계 직접값,정확한 값 직접 비교,누계,연간,공식값 1개,기사값과 공식값의 단위 정규화 후 직접 비교,복합 세부조건(지역·차원),수치 1개,KOSIS 공식 API,묶음 실행 가능,공식 좌표 1개·공식값·공표정보를 확보하고 허용오차/부등호로 판정,A00353_3,28일 한국수입자동차협회(KAIDA)에 따르면 작년 1~12월 1억원이 넘는 수입차는 총 6만2520대가 판매됐다.,HOLD,NO_HARD_GUARD_CANDIDATE,직접값 확인,직접값 확인,2025-01-28,수입액,100000000,원,2024,Y,KOSIS 세부 차원 통계표,필수 조건 검사,기간·단위·지역 등 필수 조건을 모두 만족하는 공식 통계표 후보가 없음,공식값 1개 직접 비교,calculation=DIRECT_VALUE | 세부문제유형=HARD_GUARD_ALIAS | 최신결과사유=NO_HARD_GUARD_CANDIDATE,12개 슬롯 + 통합 원장 진단 규칙,확정,A00353,3,,전국,,"{""raw"": ""{\""품목\"": [\""자동차\""]}""}","{""claimed_operands"": ""[{'raw': '6만2520대', 'value': 62520.0, 'unit': '대'}]""}",DIRECT_VALUE,,,UNDETERMINED,HARD_GUARD_ALIAS,NO_HARD_GUARD_CANDIDATE,,,,,,,,,,,4,28일 | 1~12월 | 1억원 | 6만2520대,"[{""mention_id"":""n1"",""expression"":""28일"",""start"":0,""end"":3,""context"":""28일 한국수입자동차협회(KAIDA)에 따르면 작"",""role_status"":""미분류""},{""mention_id"":""n2"",""expression"":""1~12월"",""start"":29,""end"":34,""context"":""국수입자동차협회(KAIDA)에 따르면 작년 1~12월 1억원이 넘는 수입차는 총 6만2520대가"",""role_status"":""미분류""},{""mention_id"":""n3"",""expression"":""1억원"",""start"":35,""end"":38,""context"":""협회(KAIDA)에 따르면 작년 1~12월 1억원이 넘는 수입차는 총 6만2520대가 판매됐"",""role_status"":""미분류""},{""mention_id"":""n4"",""expression"":""6만2520대"",""start"":50,""end"":57,""context"":""작년 1~12월 1억원이 넘는 수입차는 총 6만2520대가 판매됐다."",""role_status"":""미분류""}]",[],COMPLETE
5,D5 누계 직접값,정확한 값 직접 비교,누계,연간,공식값 1개,기사값과 공식값의 단위 정규화 후 직접 비교,단일 세부조건(차원),기사 수치 없음,KOSIS 공식 API,묶음 실행 가능,공식 좌표 1개·공식값·공표정보를 확보하고 허용오차/부등호로 판정,A00749_2,"코로나로 결혼을 미루다 2년 전쯤 뒤늦게 부부가 된 ‘엔데믹(풍토병화) 커플’이 아이를 낳기 시작한 데다, 연간 출생아 수가 70만명대로 늘어난 1990년대 초반생(1991~1995년 출생)들이 결혼해서 아이를 낳는 적령기(여성의 첫아이 출산 연령은 평균 33세)를 맞은 영향이 컸다.",HOLD,NO_HARD_GUARD_CANDIDATE,직접값 확인,직접값 확인,2025-02-27,출생아 수,700000,명,2025,Y,KOSIS 세부 차원 통계표,필수 조건 검사,기간·단위·지역 등 필수 조건을 모두 만족하는 공식 통계표 후보가 없음,공식값 1개 직접 비교,calculation=DIRECT_VALUE | 세부문제유형=HARD_GUARD_ALIAS | 최신결과사유=NO_HARD_GUARD_CANDIDATE,12개 슬롯 + 통합 원장 진단 규칙,확정,A00749,2,,,,"{""raw"": ""{\""성별\"": \""여성\""}""}",,DIRECT_VALUE,"{""direction"": ""INCREASE""}",,UNDETERMINED,HARD_GUARD_ALIAS,NO_HARD_GUARD_CANDIDATE,,,,,,,,,,,5,2년 | 70만명 | 1990년 | 1991~1995년 | 33세,"[{""mention_id"":""n1"",""expression"":""2년"",""start"":13,""end"":15,""context"":""코로나로 결혼을 미루다 2년 전쯤 뒤늦게 부부가 된 ‘엔데믹(풍토병화)"",""role_status"":""미분류""},{""mention_id"":""n2"",""expression"":""70만명"",""start"":70,""end"":74,""context"":""이를 낳기 시작한 데다, 연간 출생아 수가 70만명대로 늘어난 1990년대 초반생(1991~1"",""role_status"":""미분류""},{""mention_id"":""n3"",""expression"":""1990년"",""start"":81,""end"":86,""context"":""다, 연간 출생아 수가 70만명대로 늘어난 1990년대 초반생(1991~1995년 출생)들이 결"",""role_status"":""미분류""},{""mention_id"":""n4"",""expression"":""1991~1995년"",""start"":92,""end"":102,""context"":""가 70만명대로 늘어난 1990년대 초반생(1991~1995년 출생)들이 결혼해서 아이를 낳는 적령기(여"",""role_status"":""미분류""},{""mention_id"":""n5"",""expression"":""33세"",""start"":143,""end"":146,""context"":""는 적령기(여성의 첫아이 출산 연령은 평균 33세)를 맞은 영향이 컸다."",""role_status"":""미분류""}]",[],COMPLETE
5,D5 누계 직접값,정확한 값 직접 비교,누계,월간,공식값 1개,기사값과 공식값의 단위 정규화 후 직접 비교,단순 좌표,수치 1개,KOSIS 공식 API,묶음 실행 가능,공식 좌표 1개·공식값·공표정보를 확보하고 허용오차/부등호로 판정,A00922_28,"월간 취업자 수는 지난해 12월 5만2000명 줄었다가, 올해 들어서는 1월(13만5000명)과 2월 두 달 연속 증가했다.",HOLD,KOSIS_METADATA_UNAVAILABLE,직접값 확인,직접값 확인,2025-03-12,취업자 수,52000,명,2024-12,M,KOSIS 정규 통계표,KOSIS 공식 구조 확인,KOSIS 표의 항목·기간·분류 구조 조회를 완료하지 못함,공식값 1개 직접 비교,calculation=DIRECT_VALUE | 세부문제유형=OFFICIAL_METADATA_LOOKUP | 최신결과사유=KOSIS_METADATA_UNAVAILABLE,12개 슬롯 + 통합 원장 진단 규칙,확정,A00922,28,,,,,"{""claimed_operands"": ""[{'raw': '13만5000명', 'value': 135000.0, 'unit': '명'}]""}",DIRECT_VALUE,"{""direction"": ""INCREASE""}",,UNDETERMINED,OFFICIAL_METADATA_LOOKUP,KOSIS_METADATA_UNAVAILABLE,,,,,,,,,,,6,12월 | 5만2000명 | 1월 | 13만5000명 | 2월 | 두 달,"[{""mention_id"":""n1"",""expression"":""12월"",""start"":14,""end"":17,""context"":""월간 취업자 수는 지난해 12월 5만2000명 줄었다가, 올해 들어서는 1"",""role_status"":""미분류""},{""mention_id"":""n2"",""expression"":""5만2000명"",""start"":18,""end"":25,""context"":""월간 취업자 수는 지난해 12월 5만2000명 줄었다가, 올해 들어서는 1월(13만500"",""role_status"":""미분류""},{""mention_id"":""n3"",""expression"":""1월"",""start"":40,""end"":42,""context"":""월 5만2000명 줄었다가, 올해 들어서는 1월(13만5000명)과 2월 두 달 연속 증가"",""role_status"":""미분류""},{""mention_id"":""n4"",""expression"":""13만5000명"",""start"":43,""end"":51,""context"":""만2000명 줄었다가, 올해 들어서는 1월(13만5000명)과 2월 두 달 연속 증가했다."",""role_status"":""미분류""},{""mention_id"":""n5"",""expression"":""2월"",""start"":54,""end"":56,""context"":"", 올해 들어서는 1월(13만5000명)과 2월 두 달 연속 증가했다."",""role_status"":""미분류""},{""mention_id"":""n6"",""expression"":""두 달"",""start"":57,""end"":60,""context"":""해 들어서는 1월(13만5000명)과 2월 두 달 연속 증가했다."",""role_status"":""미분류""}]",[],COMPLETE
5,D5 누계 직접값,정확한 값 직접 비교,누계,연간,공식값 1개,기사값과 공식값의 단위 정규화 후 직접 비교,단순 좌표,기사 수치 없음,KOSIS 공식 API,묶음 실행 가능,공식 좌표 1개·공식값·공표정보를 확보하고 허용오차/부등호로 판정,A01037_8,올해 들어 지난 20일까지 누계 무역 수지는 35억달러 흑자였다.,HOLD,AS_OF_UNAVAILABLE,직접값 확인,직접값 확인,2025-03-21,무역수지,3500000000,달러,2025,Y,KOSIS 정규 통계표,공식값·공표정보 조회,기사 작성 시점에 공식값이 공표됐는지 확인하지 못함,공식값 1개 직접 비교,calculation=DIRECT_VALUE | 세부문제유형=VALUE_ARTICLE_TIME_UNAVAILABLE | 최신결과사유=AS_OF_UNAVAILABLE,12개 슬롯 + 통합 원장 진단 규칙,확정,A01037,8,,,,,,DIRECT_VALUE,,,UNDETERMINED,VALUE_ARTICLE_TIME_UNAVAILABLE,AS_OF_UNAVAILABLE,https://kosis.kr/openapi/Param/statisticsParameterData.do?method=getList&orgId=134&tblId=DT_134001_001&itmId=T005&prdSe=Y&startPrdDe=2025&endPrdDe=2025&objL1=DATA,,,,,,,,,,2,20일 | 35억달러,"[{""mention_id"":""n1"",""expression"":""20일"",""start"":9,""end"":12,""context"":""올해 들어 지난 20일까지 누계 무역 수지는 35억달러 흑자였다."",""role_status"":""미분류""},{""mention_id"":""n2"",""expression"":""35억달러"",""start"":25,""end"":30,""context"":""해 들어 지난 20일까지 누계 무역 수지는 35억달러 흑자였다."",""role_status"":""미분류""}]",[],COMPLETE
5,D5 누계 직접값,정확한 값 직접 비교,누계,월간,공식값 1개,기사값과 공식값의 단위 정규화 후 직접 비교,단순 좌표,수치 6개,KOSIS 공식 API,묶음 실행 가능,공식 좌표 1개·공식값·공표정보를 확보하고 허용오차/부등호로 판정,A01190_5,"소비자물가는 작년 9월(1.6%)부터 12월(1.9%)까지 4개월간 1%대를 유지하다가, 올해 들어 지난 1월(2.2%)과 2월(2%)에 이어 세 달 연속으로 2%대를 기록했다.",HOLD,KOSIS_METADATA_UNAVAILABLE,직접값 확인,직접값 확인,2025-04-02,소비자물가 상승률,1.6,%,2024-09,M,KOSIS 정규 통계표,KOSIS 공식 구조 확인,KOSIS 표의 항목·기간·분류 구조 조회를 완료하지 못함,공식값 1개 직접 비교,calculation=DIRECT_VALUE | 세부문제유형=OFFICIAL_METADATA_LOOKUP | 최신결과사유=KOSIS_METADATA_UNAVAILABLE,12개 슬롯 + 통합 원장 진단 규칙,확정,A01190,5,,,,,"{""claimed_operands"": ""[{'raw': '1.9%', 'value': 1.9, 'unit': '%'}, {'raw': '4개', 'value': 4.0, 'unit': '개'}, {'raw': '1%', 'value': 1.0, 'unit': '%'}, {'raw': '2.2%', 'value': 2.2, 'unit': '%'}, {'raw': '2%', 'value': 2.0, 'unit': '%'}, {'raw': '2%', 'value': 2.0, 'unit': '%'}]""}",DIRECT_VALUE,,,UNDETERMINED,OFFICIAL_METADATA_LOOKUP,KOSIS_METADATA_UNAVAILABLE,,,,,,,,,,,12,9월 | 1.6% | 12월 | 1.9% | 4개월 | 1% | 1월 | 2.2% | 2월 | 2% | 세 달 | 2%,"[{""mention_id"":""n1"",""expression"":""9월"",""start"":10,""end"":12,""context"":""소비자물가는 작년 9월(1.6%)부터 12월(1.9%)까지 4개월"",""role_status"":""미분류""},{""mention_id"":""n2"",""expression"":""1.6%"",""start"":13,""end"":17,""context"":""소비자물가는 작년 9월(1.6%)부터 12월(1.9%)까지 4개월간 1%대"",""role_status"":""미분류""},{""mention_id"":""n3"",""expression"":""12월"",""start"":21,""end"":24,""context"":""소비자물가는 작년 9월(1.6%)부터 12월(1.9%)까지 4개월간 1%대를 유지하다가"",""role_status"":""미분류""},{""mention_id"":""n4"",""expression"":""1.9%"",""start"":25,""end"":29,""context"":""비자물가는 작년 9월(1.6%)부터 12월(1.9%)까지 4개월간 1%대를 유지하다가, 올해 "",""role_status"":""미분류""},{""mention_id"":""n5"",""expression"":""4개월"",""start"":33,""end"":36,""context"":"" 9월(1.6%)부터 12월(1.9%)까지 4개월간 1%대를 유지하다가, 올해 들어 지난 1"",""role_status"":""미분류""},{""mention_id"":""n6"",""expression"":""1%"",""start"":38,""end"":40,""context"":"".6%)부터 12월(1.9%)까지 4개월간 1%대를 유지하다가, 올해 들어 지난 1월(2."",""role_status"":""미분류""},{""mention_id"":""n7"",""expression"":""1월"",""start"":59,""end"":61,""context"":""월간 1%대를 유지하다가, 올해 들어 지난 1월(2.2%)과 2월(2%)에 이어 세 달 연"",""role_status"":""미분류""},{""mention_id"":""n8"",""expression"":""2.2%"",""start"":62,""end"":66,""context"":""1%대를 유지하다가, 올해 들어 지난 1월(2.2%)과 2월(2%)에 이어 세 달 연속으로 2"",""role_status"":""미분류""},{""mention_id"":""n9"",""expression"":""2월"",""start"":69,""end"":71,""context"":""하다가, 올해 들어 지난 1월(2.2%)과 2월(2%)에 이어 세 달 연속으로 2%대를 기"",""role_status"":""미분류""},{""mention_id"":""n10"",""expression"":""2%"",""start"":72,""end"":74,""context"":"", 올해 들어 지난 1월(2.2%)과 2월(2%)에 이어 세 달 연속으로 2%대를 기록했다"",""role_status"":""미분류""},{""mention_id"":""n11"",""expression"":""세 달"",""start"":80,""end"":83,""context"":""지난 1월(2.2%)과 2월(2%)에 이어 세 달 연속으로 2%대를 기록했다."",""role_status"":""미분류""},{""mention_id"":""n12"",""expression"":""2%"",""start"":89,""end"":91,""context"":""%)과 2월(2%)에 이어 세 달 연속으로 2%대를 기록했다."",""role_status"":""미분류""}]",[],COMPLETE
5,D5 누계 직접값,정확한 값 직접 비교,누계,분기,공식값 1개,기사값과 공식값의 단위 정규화 후 직접 비교,복합 세부조건(대상집단·차원),수치 1개,KOSIS 공식 API,묶음 실행 가능,공식 좌표 1개·공식값·공표정보를 확보하고 허용오차/부등호로 판정,A01359_1,"0 올해 1분기(1~3월) 25~34세 청년층 취업자 수가 3만명 넘게 감소하며, 지난 2021년 1분기에 5만4000명 줄어든 이후 4년 만에 감소세로 전환했다.",HOLD,NO_HARD_GUARD_CANDIDATE,직접값 확인,직접값 확인,2025-04-15,취업자 수,30000,명,2021-Q1,Q,KOSIS 세부 차원 통계표,필수 조건 검사,기간·단위·지역 등 필수 조건을 모두 만족하는 공식 통계표 후보가 없음,공식값 1개 직접 비교,calculation=DIRECT_VALUE | 세부문제유형=HARD_GUARD_ALIAS | 최신결과사유=NO_HARD_GUARD_CANDIDATE,12개 슬롯 + 통합 원장 진단 규칙,확정,A01359,1,,,청년,"{""raw"": ""{\""연령\"": \""25~34세\""}""}","{""claimed_operands"": ""[{'raw': '5만4000명', 'value': 54000.0, 'unit': '명'}]""}",DIRECT_VALUE,"{""direction"": ""DECREASE""}",,UNDETERMINED,HARD_GUARD_ALIAS,NO_HARD_GUARD_CANDIDATE,,,,,,,,,,,9,0 | 1분기 | 1~3월 | 25~34세 | 3만명 | 2021년 | 1분기 | 5만4000명 | 4년,"[{""mention_id"":""n1"",""expression"":""0"",""start"":0,""end"":1,""context"":""0 올해 1분기(1~3월) 25~34세 청년층"",""role_status"":""미분류""},{""mention_id"":""n2"",""expression"":""1분기"",""start"":5,""end"":8,""context"":""0 올해 1분기(1~3월) 25~34세 청년층 취업자 수가"",""role_status"":""미분류""},{""mention_id"":""n3"",""expression"":""1~3월"",""start"":9,""end"":13,""context"":""0 올해 1분기(1~3월) 25~34세 청년층 취업자 수가 3만명 "",""role_status"":""미분류""},{""mention_id"":""n4"",""expression"":""25~34세"",""start"":15,""end"":21,""context"":""0 올해 1분기(1~3월) 25~34세 청년층 취업자 수가 3만명 넘게 감소하며,"",""role_status"":""미분류""},{""mention_id"":""n5"",""expression"":""3만명"",""start"":33,""end"":36,""context"":""1~3월) 25~34세 청년층 취업자 수가 3만명 넘게 감소하며, 지난 2021년 1분기에 "",""role_status"":""미분류""},{""mention_id"":""n6"",""expression"":""2021년"",""start"":49,""end"":54,""context"":"" 취업자 수가 3만명 넘게 감소하며, 지난 2021년 1분기에 5만4000명 줄어든 이후 4년 "",""role_status"":""미분류""},{""mention_id"":""n7"",""expression"":""1분기"",""start"":55,""end"":58,""context"":""가 3만명 넘게 감소하며, 지난 2021년 1분기에 5만4000명 줄어든 이후 4년 만에 감"",""role_status"":""미분류""},{""mention_id"":""n8"",""expression"":""5만4000명"",""start"":60,""end"":67,""context"":"" 넘게 감소하며, 지난 2021년 1분기에 5만4000명 줄어든 이후 4년 만에 감소세로 전환했다."",""role_status"":""미분류""},{""mention_id"":""n9"",""expression"":""4년"",""start"":75,""end"":77,""context"":""21년 1분기에 5만4000명 줄어든 이후 4년 만에 감소세로 전환했다."",""role_status"":""미분류""}]",[],COMPLETE
5,D5 누계 직접값,정확한 값 직접 비교,누계,연간,공식값 1개,기사값과 공식값의 단위 정규화 후 직접 비교,단순 좌표,수치 2개,KOSIS 공식 API,묶음 실행 가능,공식 좌표 1개·공식값·공표정보를 확보하고 허용오차/부등호로 판정,A01438_11,"2008년 금융 위기 때나 2020년 코로나 위기 때도 2개 분기 연속으로 0.1%를 밑도는 성장률을 기록해도, 세 번째 분기에는 곧바로 1~2% 성장하는 회복력을 보여줬다.",HOLD,NO_EVIDENCE_COORDINATE_CANDIDATE,직접값 확인,직접값 확인,2025-04-21,경제성장률,2,개,2008,Y,KOSIS 정규 통계표,필수 조건 검사,공식 구조는 확인했지만 실제 값을 조회할 좌표를 확정하지 못함,공식값 1개 직접 비교,calculation=DIRECT_VALUE | 세부문제유형=COORDINATE_GENERAL | 최신결과사유=NO_EVIDENCE_COORDINATE_CANDIDATE,12개 슬롯 + 통합 원장 진단 규칙,확정,A01438,11,,,,,"{""claimed_operands"": ""[{'raw': '0.1%', 'value': 0.1, 'unit': '%'}, {'raw': '2%', 'value': 2.0, 'unit': '%'}]""}",DIRECT_VALUE,,,UNDETERMINED,COORDINATE_GENERAL,NO_EVIDENCE_COORDINATE_CANDIDATE,,,,,,,,,,,6,2008년 | 2020년 | 2개 | 0.1% | 세 번째 | 1~2%,"[{""mention_id"":""n1"",""expression"":""2008년"",""start"":0,""end"":5,""context"":""2008년 금융 위기 때나 2020년 코로나 위기 때"",""role_status"":""미분류""},{""mention_id"":""n2"",""expression"":""2020년"",""start"":15,""end"":20,""context"":""2008년 금융 위기 때나 2020년 코로나 위기 때도 2개 분기 연속으로 0."",""role_status"":""미분류""},{""mention_id"":""n3"",""expression"":""2개"",""start"":31,""end"":33,""context"":""융 위기 때나 2020년 코로나 위기 때도 2개 분기 연속으로 0.1%를 밑도는 성장률을 "",""role_status"":""미분류""},{""mention_id"":""n4"",""expression"":""0.1%"",""start"":42,""end"":46,""context"":""0년 코로나 위기 때도 2개 분기 연속으로 0.1%를 밑도는 성장률을 기록해도, 세 번째 분기"",""role_status"":""미분류""},{""mention_id"":""n5"",""expression"":""세 번째"",""start"":63,""end"":67,""context"":""으로 0.1%를 밑도는 성장률을 기록해도, 세 번째 분기에는 곧바로 1~2% 성장하는 회복력을"",""role_status"":""미분류""},{""mention_id"":""n6"",""expression"":""1~2%"",""start"":77,""end"":81,""context"":""장률을 기록해도, 세 번째 분기에는 곧바로 1~2% 성장하는 회복력을 보여줬다."",""role_status"":""미분류""}]",[],COMPLETE
5,D5 누계 직접값,정확한 값 직접 비교,누계,연간,공식값 1개,기사값과 공식값의 단위 정규화 후 직접 비교,단순 좌표,수치 2개,KOSIS 공식 API,묶음 실행 가능,공식 좌표 1개·공식값·공표정보를 확보하고 허용오차/부등호로 판정,A01480_8,"2008년 금융 위기 때나 2020년 코로나 위기 때도 2개 분기 연속으로 0.1%를 하회하는 성장률을 기록했지만, 세 번째 분기에는 곧바로 1~2% 성장했었다.",HOLD,KOSIS_METADATA_UNAVAILABLE,직접값 확인,직접값 확인,2025-04-24,경제성장률,2,개,2008,Y,KOSIS 정규 통계표,KOSIS 공식 구조 확인,KOSIS 표의 항목·기간·분류 구조 조회를 완료하지 못함,공식값 1개 직접 비교,calculation=DIRECT_VALUE | 세부문제유형=OFFICIAL_METADATA_LOOKUP | 최신결과사유=KOSIS_METADATA_UNAVAILABLE,12개 슬롯 + 통합 원장 진단 규칙,확정,A01480,8,,,,,"{""claimed_operands"": ""[{'raw': '0.1%', 'value': 0.1, 'unit': '%'}, {'raw': '2%', 'value': 2.0, 'unit': '%'}]""}",DIRECT_VALUE,,,UNDETERMINED,OFFICIAL_METADATA_LOOKUP,KOSIS_METADATA_UNAVAILABLE,,,,,,,,,,,6,2008년 | 2020년 | 2개 | 0.1% | 세 번째 | 1~2%,"[{""mention_id"":""n1"",""expression"":""2008년"",""start"":0,""end"":5,""context"":""2008년 금융 위기 때나 2020년 코로나 위기 때"",""role_status"":""미분류""},{""mention_id"":""n2"",""expression"":""2020년"",""start"":15,""end"":20,""context"":""2008년 금융 위기 때나 2020년 코로나 위기 때도 2개 분기 연속으로 0."",""role_status"":""미분류""},{""mention_id"":""n3"",""expression"":""2개"",""start"":31,""end"":33,""context"":""융 위기 때나 2020년 코로나 위기 때도 2개 분기 연속으로 0.1%를 하회하는 성장률을"",""role_status"":""미분류""},{""mention_id"":""n4"",""expression"":""0.1%"",""start"":42,""end"":46,""context"":""0년 코로나 위기 때도 2개 분기 연속으로 0.1%를 하회하는 성장률을 기록했지만, 세 번째 "",""role_status"":""미분류""},{""mention_id"":""n5"",""expression"":""세 번째"",""start"":65,""end"":69,""context"":"" 0.1%를 하회하는 성장률을 기록했지만, 세 번째 분기에는 곧바로 1~2% 성장했었다."",""role_status"":""미분류""},{""mention_id"":""n6"",""expression"":""1~2%"",""start"":79,""end"":83,""context"":""률을 기록했지만, 세 번째 분기에는 곧바로 1~2% 성장했었다."",""role_status"":""미분류""}]",[],COMPLETE
5,D5 누계 직접값,정확한 값 직접 비교,누계,분기,공식값 1개,기사값과 공식값의 단위 정규화 후 직접 비교,단일 세부조건(지역),수치 3개,KOSIS 공식 API,묶음 실행 가능,공식 좌표 1개·공식값·공표정보를 확보하고 허용오차/부등호로 판정,A01496_11,"한국은행은 올해 1분기(1~3월) 경제성장률이 전 분기 대비 -0.2%... 이창용 한은 총재, ""추경 12조, 성장률 0.1%포인트 높일 것...올해 성장률 상당히 낮아질 가능성"" 이창용 한국은행 총재는 17일 “추가경정예산(추경)을 12조원 규모로 집행하면 성장률을 0.1%포인트 높이는 효과가 있을 것”이라고 했다.",HOLD,KOSIS_METADATA_UNAVAILABLE,직접값 확인,직접값 확인,2025-04-26,경제성장률,0.1,%p,2025-Q1,Q,KOSIS 세부 차원 통계표,KOSIS 공식 구조 확인,KOSIS 표의 항목·기간·분류 구조 조회를 완료하지 못함,공식값 1개 직접 비교,calculation=DIRECT_VALUE | 세부문제유형=OFFICIAL_METADATA_LOOKUP | 최신결과사유=KOSIS_METADATA_UNAVAILABLE,12개 슬롯 + 통합 원장 진단 규칙,확정,A01496,11,,전국,,,"{""claimed_operands"": ""[{'raw': '0.2%', 'value': 0.2, 'unit': '%'}, {'raw': '12조원', 'value': 12000000000000.0, 'unit': '원'}, {'raw': '0.1%포인트', 'value': 0.1, 'unit': '%p'}]""}",DIRECT_VALUE,,한국은행,UNDETERMINED,OFFICIAL_METADATA_LOOKUP,KOSIS_METADATA_UNAVAILABLE,,,,,,,,,,,8,1분기 | 1~3월 | -0.2% | 12조 | 0.1%포인트 | 17일 | 12조원 | 0.1%포인트,"[{""mention_id"":""n1"",""expression"":""1분기"",""start"":9,""end"":12,""context"":""한국은행은 올해 1분기(1~3월) 경제성장률이 전 분기 대비 -0"",""role_status"":""미분류""},{""mention_id"":""n2"",""expression"":""1~3월"",""start"":13,""end"":17,""context"":""한국은행은 올해 1분기(1~3월) 경제성장률이 전 분기 대비 -0.2%.."",""role_status"":""미분류""},{""mention_id"":""n3"",""expression"":""-0.2%"",""start"":34,""end"":39,""context"":""분기(1~3월) 경제성장률이 전 분기 대비 -0.2%... 이창용 한은 총재, \""추경 12조, "",""role_status"":""미분류""},{""mention_id"":""n4"",""expression"":""12조"",""start"":58,""end"":61,""context"":""-0.2%... 이창용 한은 총재, \""추경 12조, 성장률 0.1%포인트 높일 것...올해 "",""role_status"":""미분류""},{""mention_id"":""n5"",""expression"":""0.1%포인트"",""start"":67,""end"":74,""context"":""이창용 한은 총재, \""추경 12조, 성장률 0.1%포인트 높일 것...올해 성장률 상당히 낮아질 가"",""role_status"":""미분류""},{""mention_id"":""n6"",""expression"":""17일"",""start"":115,""end"":118,""context"":""히 낮아질 가능성\"" 이창용 한국은행 총재는 17일 “추가경정예산(추경)을 12조원 규모로 집"",""role_status"":""미분류""},{""mention_id"":""n7"",""expression"":""12조원"",""start"":132,""end"":136,""context"":""은행 총재는 17일 “추가경정예산(추경)을 12조원 규모로 집행하면 성장률을 0.1%포인트 높"",""role_status"":""미분류""},{""mention_id"":""n8"",""expression"":""0.1%포인트"",""start"":151,""end"":158,""context"":""추경)을 12조원 규모로 집행하면 성장률을 0.1%포인트 높이는 효과가 있을 것”이라고 했다."",""role_status"":""미분류""}]",[],COMPLETE
5,D5 누계 직접값,정확한 값 직접 비교,누계,월간,공식값 1개,기사값과 공식값의 단위 정규화 후 직접 비교,단순 좌표,수치 3개,KOSIS 공식 API,묶음 실행 가능,공식 좌표 1개·공식값·공표정보를 확보하고 허용오차/부등호로 판정,A01584_4,"올해 들어 소비자물가는 지난 1월(2.2%)부터 2월(2.0%), 3월(2.1%), 그리고 4월까지 넉 달 연속으로 2%대를 유지하고 있다.",HOLD,NO_EVIDENCE_COORDINATE_CANDIDATE,직접값 확인,직접값 확인,2025-05-02,소비자물가 상승률,2.2,%,2025-01,M,KOSIS 정규 통계표,필수 조건 검사,공식 구조는 확인했지만 실제 값을 조회할 좌표를 확정하지 못함,공식값 1개 직접 비교,calculation=DIRECT_VALUE | 세부문제유형=COORDINATE_GENERAL | 최신결과사유=NO_EVIDENCE_COORDINATE_CANDIDATE,12개 슬롯 + 통합 원장 진단 규칙,확정,A01584,4,,,,,"{""claimed_operands"": ""[{'raw': '2.0%', 'value': 2.0, 'unit': '%'}, {'raw': '2.1%', 'value': 2.1, 'unit': '%'}, {'raw': '2%', 'value': 2.0, 'unit': '%'}]""}",DIRECT_VALUE,,,UNDETERMINED,COORDINATE_GENERAL,NO_EVIDENCE_COORDINATE_CANDIDATE,,,,,,,,,,,8,1월 | 2.2% | 2월 | 2.0% | 3월 | 2.1% | 4월 | 2%,"[{""mention_id"":""n1"",""expression"":""1월"",""start"":16,""end"":18,""context"":""올해 들어 소비자물가는 지난 1월(2.2%)부터 2월(2.0%), 3월(2."",""role_status"":""미분류""},{""mention_id"":""n2"",""expression"":""2.2%"",""start"":19,""end"":23,""context"":""올해 들어 소비자물가는 지난 1월(2.2%)부터 2월(2.0%), 3월(2.1%), "",""role_status"":""미분류""},{""mention_id"":""n3"",""expression"":""2월"",""start"":27,""end"":29,""context"":""들어 소비자물가는 지난 1월(2.2%)부터 2월(2.0%), 3월(2.1%), 그리고 4월"",""role_status"":""미분류""},{""mention_id"":""n4"",""expression"":""2.0%"",""start"":30,""end"":34,""context"":""소비자물가는 지난 1월(2.2%)부터 2월(2.0%), 3월(2.1%), 그리고 4월까지 넉 "",""role_status"":""미분류""},{""mention_id"":""n5"",""expression"":""3월"",""start"":37,""end"":39,""context"":""지난 1월(2.2%)부터 2월(2.0%), 3월(2.1%), 그리고 4월까지 넉 달 연속으"",""role_status"":""미분류""},{""mention_id"":""n6"",""expression"":""2.1%"",""start"":40,""end"":44,""context"":""1월(2.2%)부터 2월(2.0%), 3월(2.1%), 그리고 4월까지 넉 달 연속으로 2%대"",""role_status"":""미분류""},{""mention_id"":""n7"",""expression"":""4월"",""start"":51,""end"":53,""context"":""2월(2.0%), 3월(2.1%), 그리고 4월까지 넉 달 연속으로 2%대를 유지하고 있다"",""role_status"":""미분류""},{""mention_id"":""n8"",""expression"":""2%"",""start"":65,""end"":67,""context"":"".1%), 그리고 4월까지 넉 달 연속으로 2%대를 유지하고 있다."",""role_status"":""미분류""}]",[],COMPLETE
5,D5 누계 직접값,정확한 값 직접 비교,누계,분기,공식값 1개,기사값과 공식값의 단위 정규화 후 직접 비교,단순 좌표,기사 수치 없음,KOSIS 공식 API,묶음 실행 가능,공식 좌표 1개·공식값·공표정보를 확보하고 허용오차/부등호로 판정,A01693_1,올해 1분기(1~3월) 성장률이 -0.2%로 뒷걸음질 쳤던 우리 경제가 세계 주요국 중 1분기에 성장이 가장 더뎠던 것으로 나타났다.,HOLD,KOSIS_METADATA_UNAVAILABLE,직접값 확인,직접값 확인,2025-05-11,경제성장률,0.2,%,2025-Q1,Q,KOSIS 정규 통계표,KOSIS 공식 구조 확인,KOSIS 표의 항목·기간·분류 구조 조회를 완료하지 못함,공식값 1개 직접 비교,calculation=DIRECT_VALUE | 세부문제유형=OFFICIAL_METADATA_LOOKUP | 최신결과사유=KOSIS_METADATA_UNAVAILABLE,12개 슬롯 + 통합 원장 진단 규칙,확정,A01693,1,,,,,,DIRECT_VALUE,,,UNDETERMINED,OFFICIAL_METADATA_LOOKUP,KOSIS_METADATA_UNAVAILABLE,,,,,,,,,,,4,1분기 | 1~3월 | -0.2% | 1분기,"[{""mention_id"":""n1"",""expression"":""1분기"",""start"":3,""end"":6,""context"":""올해 1분기(1~3월) 성장률이 -0.2%로 뒷걸음질 "",""role_status"":""미분류""},{""mention_id"":""n2"",""expression"":""1~3월"",""start"":7,""end"":11,""context"":""올해 1분기(1~3월) 성장률이 -0.2%로 뒷걸음질 쳤던 우리"",""role_status"":""미분류""},{""mention_id"":""n3"",""expression"":""-0.2%"",""start"":18,""end"":23,""context"":""올해 1분기(1~3월) 성장률이 -0.2%로 뒷걸음질 쳤던 우리 경제가 세계 주요국 "",""role_status"":""미분류""},{""mention_id"":""n4"",""expression"":""1분기"",""start"":49,""end"":52,""context"":""뒷걸음질 쳤던 우리 경제가 세계 주요국 중 1분기에 성장이 가장 더뎠던 것으로 나타났다."",""role_status"":""미분류""}]",[],COMPLETE
5,D5 누계 직접값,정확한 값 직접 비교,누계,연간,공식값 1개,기사값과 공식값의 단위 정규화 후 직접 비교,단일 세부조건(지역),기사 수치 없음,KOSIS 공식 API,묶음 실행 가능,공식 좌표 1개·공식값·공표정보를 확보하고 허용오차/부등호로 판정,A01798_35,"올해 1~4월 우리나라는 스페인에 오징어를 2180톤 수출했는데, 작년 같은 기간에는 스페인에 수출한 오징어가 한 마리도 없었다.",HOLD,NO_EVIDENCE_COORDINATE_CANDIDATE,직접값 확인,직접값 확인,2025-05-19,수출액,2180,톤,2024,Y,KOSIS 세부 차원 통계표,필수 조건 검사,공식 구조는 확인했지만 실제 값을 조회할 좌표를 확정하지 못함,공식값 1개 직접 비교,calculation=DIRECT_VALUE | 세부문제유형=COORDINATE_GENERAL | 최신결과사유=NO_EVIDENCE_COORDINATE_CANDIDATE,12개 슬롯 + 통합 원장 진단 규칙,확정,A01798,35,,전국,,,,DIRECT_VALUE,,,UNDETERMINED,COORDINATE_GENERAL,NO_EVIDENCE_COORDINATE_CANDIDATE,,,,,,,,,,,2,1~4월 | 2180톤,"[{""mention_id"":""n1"",""expression"":""1~4월"",""start"":3,""end"":7,""context"":""올해 1~4월 우리나라는 스페인에 오징어를 2180톤 수"",""role_status"":""미분류""},{""mention_id"":""n2"",""expression"":""2180톤"",""start"":24,""end"":29,""context"":""올해 1~4월 우리나라는 스페인에 오징어를 2180톤 수출했는데, 작년 같은 기간에는 스페인에 "",""role_status"":""미분류""}]",[],COMPLETE
5,D5 누계 직접값,정확한 값 직접 비교,누계,연간,공식값 1개,기사값과 공식값의 단위 정규화 후 직접 비교,단순 좌표,수치 2개,KOSIS 공식 API,묶음 실행 가능,공식 좌표 1개·공식값·공표정보를 확보하고 허용오차/부등호로 판정,A01798_9,그런데 1~4월 고등어 수출량은 3만7888톤으로 전년 동월(1만4178톤) 대비 167%나 폭증했다.,HOLD,NO_HARD_GUARD_CANDIDATE,직접값 확인,직접값 확인,2025-05-19,수출량,37888,톤,2025,Y,KOSIS 정규 통계표,필수 조건 검사,기간·단위·지역 등 필수 조건을 모두 만족하는 공식 통계표 후보가 없음,공식값 1개 직접 비교,calculation=DIRECT_VALUE | 세부문제유형=HARD_GUARD_ALIAS | 최신결과사유=NO_HARD_GUARD_CANDIDATE,12개 슬롯 + 통합 원장 진단 규칙,확정,A01798,9,,,,,"{""claimed_operands"": ""[{'raw': '1만4178톤', 'value': 14178.0, 'unit': '톤'}, {'raw': '167%', 'value': 167.0, 'unit': '%'}]""}",DIRECT_VALUE,,,UNDETERMINED,HARD_GUARD_ALIAS,NO_HARD_GUARD_CANDIDATE,,,,,,,,,,,4,1~4월 | 3만7888톤 | 1만4178톤 | 167%,"[{""mention_id"":""n1"",""expression"":""1~4월"",""start"":4,""end"":8,""context"":""그런데 1~4월 고등어 수출량은 3만7888톤으로 전년 동"",""role_status"":""미분류""},{""mention_id"":""n2"",""expression"":""3만7888톤"",""start"":18,""end"":25,""context"":""그런데 1~4월 고등어 수출량은 3만7888톤으로 전년 동월(1만4178톤) 대비 167"",""role_status"":""미분류""},{""mention_id"":""n3"",""expression"":""1만4178톤"",""start"":34,""end"":41,""context"":""등어 수출량은 3만7888톤으로 전년 동월(1만4178톤) 대비 167%나 폭증했다."",""role_status"":""미분류""},{""mention_id"":""n4"",""expression"":""167%"",""start"":46,""end"":50,""context"":""88톤으로 전년 동월(1만4178톤) 대비 167%나 폭증했다."",""role_status"":""미분류""}]",[],COMPLETE
5,D5 누계 직접값,정확한 값 직접 비교,누계,연간,공식값 1개,기사값과 공식값의 단위 정규화 후 직접 비교,단순 좌표,수치 3개,KOSIS 공식 API,묶음 실행 가능,공식 좌표 1개·공식값·공표정보를 확보하고 허용오차/부등호로 판정,A01822_6,"올해 1~4월 아이오닉5(9663대)와 코나 EV(5916대)의 수출량은 작년 동기 대비 65%, 42%씩 급감했다.",HOLD,FETCH_FAILED,직접값 확인,직접값 확인,2025-05-21,수출량,9663,대,2024,Y,KOSIS 정규 통계표,공식값·공표정보 조회,확정된 공식 좌표의 값을 조회하지 못함,공식값 1개 직접 비교,calculation=DIRECT_VALUE | 세부문제유형=VALUE_FETCH_FAILED | 최신결과사유=FETCH_FAILED,12개 슬롯 + 통합 원장 진단 규칙,확정,A01822,6,,,,,"{""claimed_operands"": ""[{'raw': '5916대', 'value': 5916.0, 'unit': '대'}, {'raw': '65%', 'value': 65.0, 'unit': '%'}, {'raw': '42%', 'value': 42.0, 'unit': '%'}]""}",DIRECT_VALUE,,,UNDETERMINED,VALUE_FETCH_FAILED,FETCH_FAILED,,,,,,,,,,,6,1~4월 | 5 | 9663대 | 5916대 | 65% | 42%,"[{""mention_id"":""n1"",""expression"":""1~4월"",""start"":3,""end"":7,""context"":""올해 1~4월 아이오닉5(9663대)와 코나 EV(591"",""role_status"":""미분류""},{""mention_id"":""n2"",""expression"":""5"",""start"":12,""end"":13,""context"":""올해 1~4월 아이오닉5(9663대)와 코나 EV(5916대)의 수"",""role_status"":""미분류""},{""mention_id"":""n3"",""expression"":""9663대"",""start"":14,""end"":19,""context"":""올해 1~4월 아이오닉5(9663대)와 코나 EV(5916대)의 수출량은 작년"",""role_status"":""미분류""},{""mention_id"":""n4"",""expression"":""5916대"",""start"":28,""end"":33,""context"":""~4월 아이오닉5(9663대)와 코나 EV(5916대)의 수출량은 작년 동기 대비 65%, 42"",""role_status"":""미분류""},{""mention_id"":""n5"",""expression"":""65%"",""start"":50,""end"":53,""context"":""V(5916대)의 수출량은 작년 동기 대비 65%, 42%씩 급감했다."",""role_status"":""미분류""},{""mention_id"":""n6"",""expression"":""42%"",""start"":55,""end"":58,""context"":""6대)의 수출량은 작년 동기 대비 65%, 42%씩 급감했다."",""role_status"":""미분류""}]",[],COMPLETE
5,D5 누계 직접값,정확한 값 직접 비교,누계,분기,공식값 1개,기사값과 공식값의 단위 정규화 후 직접 비교,단순 좌표,수치 2개,KOSIS 공식 API,묶음 실행 가능,공식 좌표 1개·공식값·공표정보를 확보하고 허용오차/부등호로 판정,A01924_3,"28일 통계청이 발표한 ‘3월 인구동향’에 따르면, 지난 1분기(1~3월) 합계출산율은 0.82명으로 전년 동분기(0.77명) 대비 0.05명 증가했다.",HOLD,KOSIS_METADATA_UNAVAILABLE,직접값 확인,직접값 확인,2025-05-28,총인구,0.82,명,2025-Q1,Q,KOSIS 정규 통계표,KOSIS 공식 구조 확인,KOSIS 표의 항목·기간·분류 구조 조회를 완료하지 못함,공식값 1개 직접 비교,calculation=DIRECT_VALUE | 세부문제유형=OFFICIAL_METADATA_LOOKUP | 최신결과사유=KOSIS_METADATA_UNAVAILABLE,12개 슬롯 + 통합 원장 진단 규칙,확정,A01924,3,,,,,"{""claimed_operands"": ""[{'raw': '0.77명', 'value': 0.77, 'unit': '명'}, {'raw': '0.05명', 'value': 0.05, 'unit': '명'}]""}",DIRECT_VALUE,"{""direction"": ""INCREASE""}",통계청,UNDETERMINED,OFFICIAL_METADATA_LOOKUP,KOSIS_METADATA_UNAVAILABLE,,,,,,,,,,,7,28일 | 3월 | 1분기 | 1~3월 | 0.82명 | 0.77명 | 0.05명,"[{""mention_id"":""n1"",""expression"":""28일"",""start"":0,""end"":3,""context"":""28일 통계청이 발표한 ‘3월 인구동향’에 따르면"",""role_status"":""미분류""},{""mention_id"":""n2"",""expression"":""3월"",""start"":14,""end"":16,""context"":""28일 통계청이 발표한 ‘3월 인구동향’에 따르면, 지난 1분기(1~3월"",""role_status"":""미분류""},{""mention_id"":""n3"",""expression"":""1분기"",""start"":32,""end"":35,""context"":"" 발표한 ‘3월 인구동향’에 따르면, 지난 1분기(1~3월) 합계출산율은 0.82명으로 전년"",""role_status"":""미분류""},{""mention_id"":""n4"",""expression"":""1~3월"",""start"":36,""end"":40,""context"":"" ‘3월 인구동향’에 따르면, 지난 1분기(1~3월) 합계출산율은 0.82명으로 전년 동분기("",""role_status"":""미분류""},{""mention_id"":""n5"",""expression"":""0.82명"",""start"":49,""end"":54,""context"":""르면, 지난 1분기(1~3월) 합계출산율은 0.82명으로 전년 동분기(0.77명) 대비 0.05"",""role_status"":""미분류""},{""mention_id"":""n6"",""expression"":""0.77명"",""start"":64,""end"":69,""context"":"") 합계출산율은 0.82명으로 전년 동분기(0.77명) 대비 0.05명 증가했다."",""role_status"":""미분류""},{""mention_id"":""n7"",""expression"":""0.05명"",""start"":74,""end"":79,""context"":"".82명으로 전년 동분기(0.77명) 대비 0.05명 증가했다."",""role_status"":""미분류""}]",[],COMPLETE
5,D5 누계 직접값,정확한 값 직접 비교,누계,연간,공식값 1개,기사값과 공식값의 단위 정규화 후 직접 비교,단순 좌표,수치 2개,KOSIS 공식 API,묶음 실행 가능,공식 좌표 1개·공식값·공표정보를 확보하고 허용오차/부등호로 판정,A02203_5,생활 물가와 소비자물가 차이는 작년 상반기 0.6%포인트에서 하반기 0.1%포인트로 줄었다가 올해 1~5월 0.4%포인트로 다시 확대되는 추세다.,HOLD,KOSIS_METADATA_UNAVAILABLE,직접값 확인,직접값 확인,2025-06-19,소비자물가 상승률,0.6,%p,2024,Y,KOSIS 정규 통계표,KOSIS 공식 구조 확인,KOSIS 표의 항목·기간·분류 구조 조회를 완료하지 못함,공식값 1개 직접 비교,calculation=DIRECT_VALUE | 세부문제유형=OFFICIAL_METADATA_LOOKUP | 최신결과사유=KOSIS_METADATA_UNAVAILABLE,12개 슬롯 + 통합 원장 진단 규칙,확정,A02203,5,,,,,"{""claimed_operands"": ""[{'raw': '0.1%포인트', 'value': 0.1, 'unit': '%p'}, {'raw': '0.4%포인트', 'value': 0.4, 'unit': '%p'}]""}",DIRECT_VALUE,,,UNDETERMINED,OFFICIAL_METADATA_LOOKUP,KOSIS_METADATA_UNAVAILABLE,,,,,,,,,,,4,0.6%포인트 | 0.1%포인트 | 1~5월 | 0.4%포인트,"[{""mention_id"":""n1"",""expression"":""0.6%포인트"",""start"":24,""end"":31,""context"":""생활 물가와 소비자물가 차이는 작년 상반기 0.6%포인트에서 하반기 0.1%포인트로 줄었다가 올해 "",""role_status"":""미분류""},{""mention_id"":""n2"",""expression"":""0.1%포인트"",""start"":38,""end"":45,""context"":""이는 작년 상반기 0.6%포인트에서 하반기 0.1%포인트로 줄었다가 올해 1~5월 0.4%포인트로 "",""role_status"":""미분류""},{""mention_id"":""n3"",""expression"":""1~5월"",""start"":55,""end"":59,""context"":""에서 하반기 0.1%포인트로 줄었다가 올해 1~5월 0.4%포인트로 다시 확대되는 추세다."",""role_status"":""미분류""},{""mention_id"":""n4"",""expression"":""0.4%포인트"",""start"":60,""end"":67,""context"":""기 0.1%포인트로 줄었다가 올해 1~5월 0.4%포인트로 다시 확대되는 추세다."",""role_status"":""미분류""}]",[],COMPLETE
5,D5 누계 직접값,정확한 값 직접 비교,누계,분기,공식값 1개,기사값과 공식값의 단위 정규화 후 직접 비교,단일 세부조건(차원),기사 수치 없음,KOSIS 공식 API,묶음 실행 가능,공식 좌표 1개·공식값·공표정보를 확보하고 허용오차/부등호로 판정,A02253_15,대미 수출이 급증한 덕에 아일랜드는 1분기(1~3월)에 9.7% 성장했다.,HOLD,NO_HARD_GUARD_CANDIDATE,직접값 확인,직접값 확인,2025-06-23,수출액,9.7,%,2025-Q1,Q,KOSIS 세부 차원 통계표,필수 조건 검사,기간·단위·지역 등 필수 조건을 모두 만족하는 공식 통계표 후보가 없음,공식값 1개 직접 비교,calculation=DIRECT_VALUE | 세부문제유형=HARD_GUARD_ALIAS | 최신결과사유=NO_HARD_GUARD_CANDIDATE,12개 슬롯 + 통합 원장 진단 규칙,확정,A02253,15,,,,"{""raw"": ""{\""교역상대국\"": [\""미국\""]}""}",,DIRECT_VALUE,,,UNDETERMINED,HARD_GUARD_ALIAS,NO_HARD_GUARD_CANDIDATE,,,,,,,,,,,3,1분기 | 1~3월 | 9.7%,"[{""mention_id"":""n1"",""expression"":""1분기"",""start"":20,""end"":23,""context"":""대미 수출이 급증한 덕에 아일랜드는 1분기(1~3월)에 9.7% 성장했다."",""role_status"":""미분류""},{""mention_id"":""n2"",""expression"":""1~3월"",""start"":24,""end"":28,""context"":""대미 수출이 급증한 덕에 아일랜드는 1분기(1~3월)에 9.7% 성장했다."",""role_status"":""미분류""},{""mention_id"":""n3"",""expression"":""9.7%"",""start"":31,""end"":35,""context"":""급증한 덕에 아일랜드는 1분기(1~3월)에 9.7% 성장했다."",""role_status"":""미분류""}]",[],COMPLETE
5,D5 누계 직접값,기준값 판정(이상·이하·초과),누계,연간,공식값 1개,공식값과 기준값의 부등호 판정,단순 좌표,수치 1개,KOSIS 공식 API,묶음 실행 가능,공식 좌표 1개·공식값·공표정보를 확보하고 허용오차/부등호로 판정,A02416_14,"◇“추경은 급한 불 끄는 소화기… 내수 살릴 진짜 대책 필요"" 정부가 올해 두 번째 추가경정예산을 마련하고 4일 정부안보다 1조원 넘게 불어난 2차 추경이 국회 문턱을 넘었지만, 추경으로 인한 올해 성장률 상승 폭은 0.1~0.2%포인트에 그칠 것이란 관측이 나온다.",HOLD,NO_EVIDENCE_COORDINATE_CANDIDATE,직접값 확인,직접값 확인,2025-07-05,경제성장률,0.2,%p,2025,Y,KOSIS 정규 통계표,필수 조건 검사,공식 구조는 확인했지만 실제 값을 조회할 좌표를 확정하지 못함,공식값 1개 직접 비교,calculation=THRESHOLD | 세부문제유형=COORDINATE_GENERAL | 최신결과사유=NO_EVIDENCE_COORDINATE_CANDIDATE,12개 슬롯 + 통합 원장 진단 규칙,확정,A02416,14,,,,,"{""claimed_operands"": ""[{'raw': '1조원', 'value': 1000000000000.0, 'unit': '원'}]""}",THRESHOLD,"{""direction"": ""INCREASE""}",,UNDETERMINED,COORDINATE_GENERAL,NO_EVIDENCE_COORDINATE_CANDIDATE,,,,,,,,,,,5,두 번째 | 4일 | 1조원 | 2 | 0.1~0.2%포인트,"[{""mention_id"":""n1"",""expression"":""두 번째"",""start"":42,""end"":46,""context"":"" 내수 살릴 진짜 대책 필요\"" 정부가 올해 두 번째 추가경정예산을 마련하고 4일 정부안보다 1"",""role_status"":""미분류""},{""mention_id"":""n2"",""expression"":""4일"",""start"":60,""end"":62,""context"":""부가 올해 두 번째 추가경정예산을 마련하고 4일 정부안보다 1조원 넘게 불어난 2차 추경이"",""role_status"":""미분류""},{""mention_id"":""n3"",""expression"":""1조원"",""start"":69,""end"":72,""context"":""째 추가경정예산을 마련하고 4일 정부안보다 1조원 넘게 불어난 2차 추경이 국회 문턱을 넘었"",""role_status"":""미분류""},{""mention_id"":""n4"",""expression"":""2"",""start"":80,""end"":81,""context"":""련하고 4일 정부안보다 1조원 넘게 불어난 2차 추경이 국회 문턱을 넘었지만, 추경으로 "",""role_status"":""미분류""},{""mention_id"":""n5"",""expression"":""0.1~0.2%포인트"",""start"":121,""end"":132,""context"":""만, 추경으로 인한 올해 성장률 상승 폭은 0.1~0.2%포인트에 그칠 것이란 관측이 나온다."",""role_status"":""미분류""}]",[],COMPLETE
5,D5 누계 직접값,정확한 값 직접 비교,누계,월간,공식값 1개,기사값과 공식값의 단위 정규화 후 직접 비교,단일 세부조건(지역),수치 1개,KOSIS 공식 API,묶음 실행 가능,공식 좌표 1개·공식값·공표정보를 확보하고 허용오차/부등호로 판정,A02450_11,한국의 경우 2000년 10월~2023년 11월 자료를 분석해 보니 GDP 대비 정부 부채 비율이 1%포인트 증가할 경우 약 1년 뒤 소비자물가가 0.1~0.15%포인트 오르는 경향이 있었다.” ―경기 진작 효과와 물가 상승 부작용 중 어떤 게 더 큰가?,HOLD,NO_HARD_GUARD_CANDIDATE,직접값 확인,직접값 확인,2025-07-08,GDP,1,%p,2000-10,M,KOSIS 세부 차원 통계표,필수 조건 검사,기간·단위·지역 등 필수 조건을 모두 만족하는 공식 통계표 후보가 없음,공식값 1개 직접 비교,calculation=DIRECT_VALUE | 세부문제유형=HARD_GUARD_ALIAS | 최신결과사유=NO_HARD_GUARD_CANDIDATE,12개 슬롯 + 통합 원장 진단 규칙,확정,A02450,11,,경기,,,"{""claimed_operands"": ""[{'raw': '0.15%포인트', 'value': 0.15, 'unit': '%p'}]""}",DIRECT_VALUE,"{""direction"": ""INCREASE""}",,UNDETERMINED,HARD_GUARD_ALIAS,NO_HARD_GUARD_CANDIDATE,,,,,,,,,,,7,2000년 | 10월 | 2023년 | 11월 | 1%포인트 | 1년 | 0.1~0.15%포인트,"[{""mention_id"":""n1"",""expression"":""2000년"",""start"":7,""end"":12,""context"":""한국의 경우 2000년 10월~2023년 11월 자료를 분석해 보"",""role_status"":""미분류""},{""mention_id"":""n2"",""expression"":""10월"",""start"":13,""end"":16,""context"":""한국의 경우 2000년 10월~2023년 11월 자료를 분석해 보니 GD"",""role_status"":""미분류""},{""mention_id"":""n3"",""expression"":""2023년"",""start"":17,""end"":22,""context"":""한국의 경우 2000년 10월~2023년 11월 자료를 분석해 보니 GDP 대비 정"",""role_status"":""미분류""},{""mention_id"":""n4"",""expression"":""11월"",""start"":23,""end"":26,""context"":""한국의 경우 2000년 10월~2023년 11월 자료를 분석해 보니 GDP 대비 정부 부채"",""role_status"":""미분류""},{""mention_id"":""n5"",""expression"":""1%포인트"",""start"":55,""end"":60,""context"":""분석해 보니 GDP 대비 정부 부채 비율이 1%포인트 증가할 경우 약 1년 뒤 소비자물가가 0."",""role_status"":""미분류""},{""mention_id"":""n6"",""expression"":""1년"",""start"":70,""end"":72,""context"":""부 부채 비율이 1%포인트 증가할 경우 약 1년 뒤 소비자물가가 0.1~0.15%포인트 오"",""role_status"":""미분류""},{""mention_id"":""n7"",""expression"":""0.1~0.15%포인트"",""start"":82,""end"":94,""context"":""인트 증가할 경우 약 1년 뒤 소비자물가가 0.1~0.15%포인트 오르는 경향이 있었다.” ―경기 진작 효과"",""role_status"":""미분류""}]",[],COMPLETE
5,D5 누계 직접값,정확한 값 직접 비교,누계,연간,공식값 1개,기사값과 공식값의 단위 정규화 후 직접 비교,단순 좌표,수치 1개,KOSIS 공식 API,묶음 실행 가능,공식 좌표 1개·공식값·공표정보를 확보하고 허용오차/부등호로 판정,A02633_6,취업자 수 증가 폭은 올해 들어 5월(24만5000명)을 제외하고 매달 10만명대를 맴돌다가 9월 들어 크게 늘었다.,HOLD,AS_OF_UNAVAILABLE,직접값 확인,직접값 확인,2025-10-17,취업자 수,245000,명,2025,Y,KOSIS 정규 통계표,공식값·공표정보 조회,기사 작성 시점에 공식값이 공표됐는지 확인하지 못함,공식값 1개 직접 비교,calculation=DIRECT_VALUE | 세부문제유형=VALUE_ARTICLE_TIME_UNAVAILABLE | 최신결과사유=AS_OF_UNAVAILABLE,12개 슬롯 + 통합 원장 진단 규칙,확정,A02633,6,,,,,"{""claimed_operands"": ""[{'raw': '10만명', 'value': 100000.0, 'unit': '명'}]""}",DIRECT_VALUE,"{""direction"": ""INCREASE""}",,UNDETERMINED,VALUE_ARTICLE_TIME_UNAVAILABLE,AS_OF_UNAVAILABLE,https://kosis.kr/openapi/Param/statisticsParameterData.do?method=getList&orgId=101&tblId=DT_1DA7001S&itmId=T30&prdSe=Y&startPrdDe=2025&endPrdDe=2025&objL1=0,,,,,,,,,,4,5월 | 24만5000명 | 10만명 | 9월,"[{""mention_id"":""n1"",""expression"":""5월"",""start"":18,""end"":20,""context"":""취업자 수 증가 폭은 올해 들어 5월(24만5000명)을 제외하고 매달 10만명"",""role_status"":""미분류""},{""mention_id"":""n2"",""expression"":""24만5000명"",""start"":21,""end"":29,""context"":""취업자 수 증가 폭은 올해 들어 5월(24만5000명)을 제외하고 매달 10만명대를 맴돌다가 9"",""role_status"":""미분류""},{""mention_id"":""n3"",""expression"":""10만명"",""start"":40,""end"":44,""context"":""어 5월(24만5000명)을 제외하고 매달 10만명대를 맴돌다가 9월 들어 크게 늘었다."",""role_status"":""미분류""},{""mention_id"":""n4"",""expression"":""9월"",""start"":52,""end"":54,""context"":""명)을 제외하고 매달 10만명대를 맴돌다가 9월 들어 크게 늘었다."",""role_status"":""미분류""}]",[],COMPLETE
5,D5 누계 직접값,기준값 판정(이상·이하·초과),누계,연간,공식값 1개,공식값과 기준값의 부등호 판정,단순 좌표,수치 2개,KOSIS 공식 API,묶음 실행 가능,공식 좌표 1개·공식값·공표정보를 확보하고 허용오차/부등호로 판정,A02656_3,"취업자 수는 올해 들어 매월 10만명 이상 늘고 있는데, 지난달엔 30만명을 돌파하며 19개월 만에 가장 큰 증가 폭을 기록하기도 했다.",HOLD,KOSIS_METADATA_UNAVAILABLE,직접값 확인,직접값 확인,2025-10-27,취업자 수,100000,명,2025,Y,KOSIS 정규 통계표,KOSIS 공식 구조 확인,KOSIS 표의 항목·기간·분류 구조 조회를 완료하지 못함,공식값 1개 직접 비교,calculation=THRESHOLD | 세부문제유형=OFFICIAL_METADATA_LOOKUP | 최신결과사유=KOSIS_METADATA_UNAVAILABLE,12개 슬롯 + 통합 원장 진단 규칙,확정,A02656,3,,,,,"{""claimed_operands"": ""[{'raw': '30만명', 'value': 300000.0, 'unit': '명'}, {'raw': '19개', 'value': 19.0, 'unit': '개'}]""}",THRESHOLD,"{""direction"": ""INCREASE"", ""operator"": ""GTE""}",,UNDETERMINED,OFFICIAL_METADATA_LOOKUP,KOSIS_METADATA_UNAVAILABLE,,,,,,,,,,,3,10만명 | 30만명 | 19개월,"[{""mention_id"":""n1"",""expression"":""10만명"",""start"":16,""end"":20,""context"":""취업자 수는 올해 들어 매월 10만명 이상 늘고 있는데, 지난달엔 30만명을 돌"",""role_status"":""미분류""},{""mention_id"":""n2"",""expression"":""30만명"",""start"":37,""end"":41,""context"":""매월 10만명 이상 늘고 있는데, 지난달엔 30만명을 돌파하며 19개월 만에 가장 큰 증가 폭"",""role_status"":""미분류""},{""mention_id"":""n3"",""expression"":""19개월"",""start"":48,""end"":52,""context"":""늘고 있는데, 지난달엔 30만명을 돌파하며 19개월 만에 가장 큰 증가 폭을 기록하기도 했다."",""role_status"":""미분류""}]",[],COMPLETE
80,D7 작성기관 보조 경로,정확한 값 직접 비교,누계,연간,공식값 1개,기사값과 공식값의 단위 정규화 후 직접 비교,단순 좌표,기사 수치 없음,작성기관 보조 경로,작성기관 경로 실행 필요,공식 좌표 1개·공식값·공표정보를 확보하고 허용오차/부등호로 판정,A00673_9,연간 누계 무역 수지는 10억5600만달러 적자다.,AUTO,WITHIN_TOLERANCE,직접값 확인,직접값 확인,2025-02-21,무역수지,1056000000,달러,2025,Y,공식 작성기관 발표자료,최종 판정,기사 수치와 공식 계산값이 허용 오차 안에서 일치함,공식값 1개 직접 비교,calculation=DIRECT_VALUE | 세부문제유형=DONE | 최신결과사유=WITHIN_TOLERANCE,12개 슬롯 + 통합 원장 진단 규칙,확정,A00673,9,,,,,,DIRECT_VALUE,,,MATCH,DONE,완료,https://www.customs.go.kr/kcs/na/ntt/selectNttInfo.do?nttSn=10131794&nttSnUrl=9b510df43d783fcfd23b3f95b583609f&bbsId=1362&mi=2891,,,,,,,,,,1,10억5600만달러,"[{""mention_id"":""n1"",""expression"":""10억5600만달러"",""start"":13,""end"":23,""context"":""연간 누계 무역 수지는 10억5600만달러 적자다."",""role_status"":""미분류""}]",[],COMPLETE
80,D7 작성기관 보조 경로,정확한 값 직접 비교,누계,연간,공식값 1개,기사값과 공식값의 단위 정규화 후 직접 비교,단일 세부조건(차원),수치 2개,작성기관 보조 경로,작성기관 경로 실행 필요,공식 좌표 1개·공식값·공표정보를 확보하고 허용오차/부등호로 판정,A01455_7,1일 관세청은 이달 1~20일 대미 수출이 작년 같은 기간과 비교해 14.3% 급감한 61억8200만달러(약 8조7700억원)를 나타냈다고 밝혔다.,HUMAN_REVIEW,CLAIM_UNIT_INCOMPATIBLE,직접값 확인,직접값 확인,2025-04-22,수출액,14.3,%,2024,Y,공식 작성기관 발표자료,필수 조건 검사,기사 수치의 단위를 공통 기준 단위로 안전하게 바꾸지 못함,공식값 1개 직접 비교,calculation=DIRECT_VALUE | 세부문제유형=COORDINATE_GENERAL | 최신결과사유=CLAIM_UNIT_INCOMPATIBLE,12개 슬롯 + 통합 원장 진단 규칙,확정,A01455,7,,,,"{""raw"": ""{\""교역상대국\"": [\""미국\""]}""}","{""claimed_operands"": ""[{'raw': '61억8200만달러', 'value': 6182000000.0, 'unit': '달러'}, {'raw': '8조7700억원', 'value': 8770000000000.0, 'unit': '원'}]""}",DIRECT_VALUE,,관세청,,COORDINATE_GENERAL,CLAIM_UNIT_INCOMPATIBLE,,,,,,,,,,,5,1일 | 1~20일 | 14.3% | 61억8200만달러 | 8조7700억원,"[{""mention_id"":""n1"",""expression"":""1일"",""start"":0,""end"":2,""context"":""1일 관세청은 이달 1~20일 대미 수출이 작년"",""role_status"":""미분류""},{""mention_id"":""n2"",""expression"":""1~20일"",""start"":11,""end"":16,""context"":""1일 관세청은 이달 1~20일 대미 수출이 작년 같은 기간과 비교해 14"",""role_status"":""미분류""},{""mention_id"":""n3"",""expression"":""14.3%"",""start"":38,""end"":43,""context"":""0일 대미 수출이 작년 같은 기간과 비교해 14.3% 급감한 61억8200만달러(약 8조7700"",""role_status"":""미분류""},{""mention_id"":""n4"",""expression"":""61억8200만달러"",""start"":48,""end"":58,""context"":""작년 같은 기간과 비교해 14.3% 급감한 61억8200만달러(약 8조7700억원)를 나타냈다고 밝혔다."",""role_status"":""미분류""},{""mention_id"":""n5"",""expression"":""8조7700억원"",""start"":61,""end"":69,""context"":"" 14.3% 급감한 61억8200만달러(약 8조7700억원)를 나타냈다고 밝혔다."",""role_status"":""미분류""}]",[],COMPLETE
80,D7 작성기관 보조 경로,정확한 값 직접 비교,누계,월간,공식값 1개,기사값과 공식값의 단위 정규화 후 직접 비교,단순 좌표,기사 수치 없음,작성기관 보조 경로,작성기관 경로 실행 필요,공식 좌표 1개·공식값·공표정보를 확보하고 허용오차/부등호로 판정,A01708_16,지난달 같은 기간(4월 1~10일) 무역 수지는 11억2000만달러를 기록했었다.,HOLD,NO_HARD_GUARD_CANDIDATE,직접값 확인,직접값 확인,2025-05-12,무역수지,1120000000,달러,2025-04,M,공식 작성기관 발표자료,필수 조건 검사,기간·단위·지역 등 필수 조건을 모두 만족하는 공식 통계표 후보가 없음,공식값 1개 직접 비교,calculation=DIRECT_VALUE | 세부문제유형=HARD_GUARD_PERIOD | 최신결과사유=NO_HARD_GUARD_CANDIDATE,12개 슬롯 + 통합 원장 진단 규칙,확정,A01708,16,,,,,,DIRECT_VALUE,,,UNDETERMINED,HARD_GUARD_PERIOD,NO_HARD_GUARD_CANDIDATE,,,,,,,,,,,3,4월 | 1~10일 | 11억2000만달러,"[{""mention_id"":""n1"",""expression"":""4월"",""start"":10,""end"":12,""context"":""지난달 같은 기간(4월 1~10일) 무역 수지는 11억2000만달"",""role_status"":""미분류""},{""mention_id"":""n2"",""expression"":""1~10일"",""start"":13,""end"":18,""context"":""지난달 같은 기간(4월 1~10일) 무역 수지는 11억2000만달러를 기록했"",""role_status"":""미분류""},{""mention_id"":""n3"",""expression"":""11억2000만달러"",""start"":27,""end"":37,""context"":"" 같은 기간(4월 1~10일) 무역 수지는 11억2000만달러를 기록했었다."",""role_status"":""미분류""}]",[],COMPLETE
80,D7 작성기관 보조 경로,기준값 판정(이상·이하·초과),누계,월간,공식값 1개,공식값과 기준값의 부등호 판정,단순 좌표,수치 1개,작성기관 보조 경로,작성기관 경로 실행 필요,공식 좌표 1개·공식값·공표정보를 확보하고 허용오차/부등호로 판정,A01708_2,코로나 봉쇄로 월 초순(1~10일) 수출이 29% 급락했던 2020년 10월 이후 4년 7개월 만에 최대 수출 감소 폭이다.,HOLD,NO_HARD_GUARD_CANDIDATE,직접값 확인,직접값 확인,2025-05-12,수출액,29,%,2020-10,M,공식 작성기관 발표자료,필수 조건 검사,기간·단위·지역 등 필수 조건을 모두 만족하는 공식 통계표 후보가 없음,공식값 1개 직접 비교,calculation=THRESHOLD | 세부문제유형=HARD_GUARD_ALIAS | 최신결과사유=NO_HARD_GUARD_CANDIDATE,12개 슬롯 + 통합 원장 진단 규칙,확정,A01708,2,,,,,"{""claimed_operands"": ""[{'raw': '7개', 'value': 7.0, 'unit': '개'}]""}",THRESHOLD,"{""direction"": ""DECREASE"", ""operator"": ""MAX""}",,UNDETERMINED,HARD_GUARD_ALIAS,NO_HARD_GUARD_CANDIDATE,,,,,,,,,,,6,1~10일 | 29% | 2020년 | 10월 | 4년 | 7개월,"[{""mention_id"":""n1"",""expression"":""1~10일"",""start"":13,""end"":18,""context"":""코로나 봉쇄로 월 초순(1~10일) 수출이 29% 급락했던 2020년 10월"",""role_status"":""미분류""},{""mention_id"":""n2"",""expression"":""29%"",""start"":24,""end"":27,""context"":""코로나 봉쇄로 월 초순(1~10일) 수출이 29% 급락했던 2020년 10월 이후 4년 7개"",""role_status"":""미분류""},{""mention_id"":""n3"",""expression"":""2020년"",""start"":33,""end"":38,""context"":"" 초순(1~10일) 수출이 29% 급락했던 2020년 10월 이후 4년 7개월 만에 최대 수출 "",""role_status"":""미분류""},{""mention_id"":""n4"",""expression"":""10월"",""start"":39,""end"":42,""context"":""10일) 수출이 29% 급락했던 2020년 10월 이후 4년 7개월 만에 최대 수출 감소 폭"",""role_status"":""미분류""},{""mention_id"":""n5"",""expression"":""4년"",""start"":46,""end"":48,""context"":""이 29% 급락했던 2020년 10월 이후 4년 7개월 만에 최대 수출 감소 폭이다."",""role_status"":""미분류""},{""mention_id"":""n6"",""expression"":""7개월"",""start"":49,""end"":52,""context"":""9% 급락했던 2020년 10월 이후 4년 7개월 만에 최대 수출 감소 폭이다."",""role_status"":""미분류""}]",[],COMPLETE
80,D7 작성기관 보조 경로,정확한 값 직접 비교,누계,연간,공식값 1개,기사값과 공식값의 단위 정규화 후 직접 비교,단일 세부조건(차원),수치 2개,작성기관 보조 경로,작성기관 경로 실행 필요,공식 좌표 1개·공식값·공표정보를 확보하고 허용오차/부등호로 판정,A01947_22,관세청은 5월 1~20일 대미(對美) 수출액이 작년 같은 기간보다 14.6% 급감한 52억5400만달러(약 7조2900억원)였다고 집계했다.,HUMAN_REVIEW,CLAIM_UNIT_INCOMPATIBLE,직접값 확인,직접값 확인,2025-05-30,수출액,14.6,%,2024,Y,공식 작성기관 발표자료,공식값·공표정보 조회,기사 수치의 단위를 공통 기준 단위로 안전하게 바꾸지 못함,공식값 1개 직접 비교,calculation=DIRECT_VALUE | 세부문제유형=VALUE_GENERAL | 최신결과사유=CLAIM_UNIT_INCOMPATIBLE,12개 슬롯 + 통합 원장 진단 규칙,확정,A01947,22,,,,"{""raw"": ""{\""교역상대국\"": [\""미국\""]}""}","{""claimed_operands"": ""[{'raw': '52억5400만달러', 'value': 5254000000.0, 'unit': '달러'}, {'raw': '7조2900억원', 'value': 7290000000000.0, 'unit': '원'}]""}",DIRECT_VALUE,,관세청,,VALUE_GENERAL,CLAIM_UNIT_INCOMPATIBLE,,,,,,,,,,,5,5월 | 1~20일 | 14.6% | 52억5400만달러 | 7조2900억원,"[{""mention_id"":""n1"",""expression"":""5월"",""start"":5,""end"":7,""context"":""관세청은 5월 1~20일 대미(對美) 수출액이 작년 같은"",""role_status"":""미분류""},{""mention_id"":""n2"",""expression"":""1~20일"",""start"":8,""end"":13,""context"":""관세청은 5월 1~20일 대미(對美) 수출액이 작년 같은 기간보다 "",""role_status"":""미분류""},{""mention_id"":""n3"",""expression"":""14.6%"",""start"":37,""end"":42,""context"":"" 대미(對美) 수출액이 작년 같은 기간보다 14.6% 급감한 52억5400만달러(약 7조2900"",""role_status"":""미분류""},{""mention_id"":""n4"",""expression"":""52억5400만달러"",""start"":47,""end"":57,""context"":""액이 작년 같은 기간보다 14.6% 급감한 52억5400만달러(약 7조2900억원)였다고 집계했다."",""role_status"":""미분류""},{""mention_id"":""n5"",""expression"":""7조2900억원"",""start"":60,""end"":68,""context"":"" 14.6% 급감한 52억5400만달러(약 7조2900억원)였다고 집계했다."",""role_status"":""미분류""}]",[],COMPLETE
80,D7 작성기관 보조 경로,정확한 값 직접 비교,누계,연간,공식값 1개,기사값과 공식값의 단위 정규화 후 직접 비교,단일 세부조건(차원),수치 1개,작성기관 보조 경로,작성기관 경로 실행 필요,공식 좌표 1개·공식값·공표정보를 확보하고 허용오차/부등호로 판정,A02099_6,지난 1~10일 반도체 수출액은 36억2900만달러로 전년 동월 대비 22% 뛰었다.,HOLD,NO_HARD_GUARD_CANDIDATE,직접값 확인,직접값 확인,2025-06-11,수출액,3629000000,달러,2025,Y,공식 작성기관 발표자료,필수 조건 검사,기간·단위·지역 등 필수 조건을 모두 만족하는 공식 통계표 후보가 없음,공식값 1개 직접 비교,calculation=DIRECT_VALUE | 세부문제유형=HARD_GUARD_PERIOD | 최신결과사유=NO_HARD_GUARD_CANDIDATE,12개 슬롯 + 통합 원장 진단 규칙,확정,A02099,6,,,,"{""raw"": ""{\""품목\"": [\""반도체\""]}""}","{""claimed_operands"": ""[{'raw': '22%', 'value': 22.0, 'unit': '%'}]""}",DIRECT_VALUE,,,UNDETERMINED,HARD_GUARD_PERIOD,NO_HARD_GUARD_CANDIDATE,,,,,,,,,,,3,1~10일 | 36억2900만달러 | 22%,"[{""mention_id"":""n1"",""expression"":""1~10일"",""start"":3,""end"":8,""context"":""지난 1~10일 반도체 수출액은 36억2900만달러로 전년"",""role_status"":""미분류""},{""mention_id"":""n2"",""expression"":""36억2900만달러"",""start"":18,""end"":28,""context"":""지난 1~10일 반도체 수출액은 36억2900만달러로 전년 동월 대비 22% 뛰었다."",""role_status"":""미분류""},{""mention_id"":""n3"",""expression"":""22%"",""start"":39,""end"":42,""context"":""액은 36억2900만달러로 전년 동월 대비 22% 뛰었다."",""role_status"":""미분류""}]",[],COMPLETE
90,D8 기준시점·주기 보완,기준값 판정(이상·이하·초과),미확정,미확정,공식값 1개,공식값과 기준값의 부등호 판정,단순 좌표,수치 1개,작성기관 보조 경로,12개 항목 보완 필요,공식 좌표 1개·공식값·공표정보를 확보하고 허용오차/부등호로 판정,A00049_8,국토교통부는 우리 기업의 해외 건설 누적 수주액이 1조달러(약 1470조원)를 돌파했다고 3일 밝혔다.,HOLD,AS_OF_UNAVAILABLE,직접값 확인,직접값 확인,2025-01-04,해외건설,1470000000000000,원,,,공식 작성기관 발표자료,공식문서조회,기사 작성 시점에 공식값이 공표됐는지 확인하지 못함,공식값 1개 직접 비교,calculation=THRESHOLD | 세부문제유형=VALUE_ARTICLE_TIME_UNAVAILABLE | 최신결과사유=AS_OF_UNAVAILABLE,12개 슬롯 + 통합 원장 진단 규칙,확정,A00049,8,,,,,"{""claimed_operands"": ""[{'raw': '1조달러', 'value': 1000000000000.0, 'unit': '달러'}]""}",THRESHOLD,"{""operator"": ""GT""}",국토교통부,UNDETERMINED,VALUE_ARTICLE_TIME_UNAVAILABLE,AS_OF_UNAVAILABLE,https://eiec.kdi.re.kr/policy/materialView.do?num=262131&pg=&pp=&topic=C,,,,,,,,,,3,1조달러 | 1470조원 | 3일,"[{""mention_id"":""n1"",""expression"":""1조달러"",""start"":28,""end"":32,""context"":""부는 우리 기업의 해외 건설 누적 수주액이 1조달러(약 1470조원)를 돌파했다고 3일 밝혔다"",""role_status"":""미분류""},{""mention_id"":""n2"",""expression"":""1470조원"",""start"":35,""end"":41,""context"":""업의 해외 건설 누적 수주액이 1조달러(약 1470조원)를 돌파했다고 3일 밝혔다."",""role_status"":""미분류""},{""mention_id"":""n3"",""expression"":""3일"",""start"":50,""end"":52,""context"":""이 1조달러(약 1470조원)를 돌파했다고 3일 밝혔다."",""role_status"":""미분류""}]",[],COMPLETE
90,D8 기준시점·주기 보완,정확한 값 직접 비교,미확정,미확정,공식값 1개,기사값과 공식값의 단위 정규화 후 직접 비교,단순 좌표,수치 2개,KOSIS 공식 API,12개 항목 보완 필요,공식 좌표 1개·공식값·공표정보를 확보하고 허용오차/부등호로 판정,A00185_6,"당시 수입차 판매량은 1996년 1만315대, 1997년 8136대, 1998년 2075대로 2년 연속 줄었다.",HOLD,NO_HARD_GUARD_CANDIDATE,직접값 확인,직접값 확인,2025-01-15,수입액,10315,대,,,KOSIS 정규 통계표,필수 조건 검사,기간·단위·지역 등 필수 조건을 모두 만족하는 공식 통계표 후보가 없음,공식값 1개 직접 비교,calculation=DIRECT_VALUE | 세부문제유형=HARD_GUARD_PERIOD | 최신결과사유=NO_HARD_GUARD_CANDIDATE,12개 슬롯 + 통합 원장 진단 규칙,확정,A00185,6,,,,,"{""claimed_operands"": ""[{'raw': '8136대', 'value': 8136.0, 'unit': '대'}, {'raw': '2075대', 'value': 2075.0, 'unit': '대'}]""}",DIRECT_VALUE,,,UNDETERMINED,HARD_GUARD_PERIOD,NO_HARD_GUARD_CANDIDATE,,,,,,,,,,,7,1996년 | 1만315대 | 1997년 | 8136대 | 1998년 | 2075대 | 2년,"[{""mention_id"":""n1"",""expression"":""1996년"",""start"":12,""end"":17,""context"":""당시 수입차 판매량은 1996년 1만315대, 1997년 8136대, 19"",""role_status"":""미분류""},{""mention_id"":""n2"",""expression"":""1만315대"",""start"":18,""end"":24,""context"":""당시 수입차 판매량은 1996년 1만315대, 1997년 8136대, 1998년 207"",""role_status"":""미분류""},{""mention_id"":""n3"",""expression"":""1997년"",""start"":26,""end"":31,""context"":"" 수입차 판매량은 1996년 1만315대, 1997년 8136대, 1998년 2075대로 2년 "",""role_status"":""미분류""},{""mention_id"":""n4"",""expression"":""8136대"",""start"":32,""end"":37,""context"":""매량은 1996년 1만315대, 1997년 8136대, 1998년 2075대로 2년 연속 줄었다"",""role_status"":""미분류""},{""mention_id"":""n5"",""expression"":""1998년"",""start"":39,""end"":44,""context"":""6년 1만315대, 1997년 8136대, 1998년 2075대로 2년 연속 줄었다."",""role_status"":""미분류""},{""mention_id"":""n6"",""expression"":""2075대"",""start"":45,""end"":50,""context"":""15대, 1997년 8136대, 1998년 2075대로 2년 연속 줄었다."",""role_status"":""미분류""},{""mention_id"":""n7"",""expression"":""2년"",""start"":52,""end"":54,""context"":""97년 8136대, 1998년 2075대로 2년 연속 줄었다."",""role_status"":""미분류""}]",[],COMPLETE
90,D8 기준시점·주기 보완,기준값 판정(이상·이하·초과),미확정,미확정,공식값 1개,공식값과 기준값의 부등호 판정,복합 세부조건(대상집단·차원),수치 3개,KOSIS 공식 API,12개 항목 보완 필요,공식 좌표 1개·공식값·공표정보를 확보하고 허용오차/부등호로 판정,A00202_17,"◇청년층 강타한 고용 한파 건설업과 노인 일자리 사업을 중심으로 고용 한파가 닥치면서 임금 근로자 가운데 일용직(고용 계약 기간 1개월 미만)과 임시직(1개월 이상 1년 미만) 취업자 수가 각각 14만7000명, 1만9000명 감소했다.",AUTO,OUTSIDE_TOLERANCE,직접값 확인,직접값 확인,2025-01-16,취업자 수,19000,명,,,KOSIS 세부 차원 통계표,최종 판정,기사 수치와 공식 계산값이 허용 오차를 벗어남,공식값 1개 직접 비교,calculation=THRESHOLD | 세부문제유형=DONE | 최신결과사유=OUTSIDE_TOLERANCE,12개 슬롯 + 통합 원장 진단 규칙,확정,A00202,17,,,청년,"{""raw"": ""{\""연령집단\"": \""청년\"", \""산업\"": [\""건설업\""]}""}","{""claimed_operands"": ""[{'raw': '1개', 'value': 1.0, 'unit': '개'}, {'raw': '1개', 'value': 1.0, 'unit': '개'}, {'raw': '14만7000명', 'value': 147000.0, 'unit': '명'}]""}",THRESHOLD,"{""direction"": ""DECREASE"", ""operator"": ""GTE""}",,MISMATCH,DONE,대시보드 재현 실패,https://kosis.kr/openapi/Param/statisticsParameterData.do?method=getList&orgId=101&tblId=DT_1DA7010S&itmId=T30&prdSe=M&startPrdDe=202312&endPrdDe=202312&objL1=51|https://kosis.kr/openapi/Param/statisticsParameterData.do?method=getList&orgId=101&tblId=DT_1DA7010S&itmId=T30&prdSe=M&startPrdDe=202412&endPrdDe=202412&objL1=51,,,,,,,,,,5,1개월 | 1개월 | 1년 | 14만7000명 | 1만9000명,"[{""mention_id"":""n1"",""expression"":""1개월"",""start"":72,""end"":75,""context"":""임금 근로자 가운데 일용직(고용 계약 기간 1개월 미만)과 임시직(1개월 이상 1년 미만) "",""role_status"":""미분류""},{""mention_id"":""n2"",""expression"":""1개월"",""start"":85,""end"":88,""context"":""직(고용 계약 기간 1개월 미만)과 임시직(1개월 이상 1년 미만) 취업자 수가 각각 14만"",""role_status"":""미분류""},{""mention_id"":""n3"",""expression"":""1년"",""start"":92,""end"":94,""context"":"" 기간 1개월 미만)과 임시직(1개월 이상 1년 미만) 취업자 수가 각각 14만7000명,"",""role_status"":""미분류""},{""mention_id"":""n4"",""expression"":""14만7000명"",""start"":109,""end"":117,""context"":""1개월 이상 1년 미만) 취업자 수가 각각 14만7000명, 1만9000명 감소했다."",""role_status"":""미분류""},{""mention_id"":""n5"",""expression"":""1만9000명"",""start"":119,""end"":126,""context"":""미만) 취업자 수가 각각 14만7000명, 1만9000명 감소했다."",""role_status"":""미분류""}]",[],COMPLETE
90,D8 기준시점·주기 보완,정확한 값 직접 비교,미확정,미확정,공식값 1개,기사값과 공식값의 단위 정규화 후 직접 비교,단순 좌표,기사 수치 없음,KOSIS 공식 API,12개 항목 보완 필요,공식 좌표 1개·공식값·공표정보를 확보하고 허용오차/부등호로 판정,A00475_9,한은은 이날 원화 환율 상승이 석유류 가격 등에 영향을 미치며 1월 소비자물가 상승률을 0.1%포인트가량 높였다고 분석했다.,HOLD,NO_EVIDENCE_COORDINATE_CANDIDATE,직접값 확인,직접값 확인,2025-02-06,소비자물가 상승률,0.1,%p,,,KOSIS 정규 통계표,필수 조건 검사,공식 구조는 확인했지만 실제 값을 조회할 좌표를 확정하지 못함,공식값 1개 직접 비교,calculation=DIRECT_VALUE | 세부문제유형=COORDINATE_PERIOD | 최신결과사유=NO_EVIDENCE_COORDINATE_CANDIDATE,12개 슬롯 + 통합 원장 진단 규칙,확정,A00475,9,,,,,,DIRECT_VALUE,"{""direction"": ""INCREASE""}",,UNDETERMINED,COORDINATE_PERIOD,NO_EVIDENCE_COORDINATE_CANDIDATE,,,,,,,,,,,2,1월 | 0.1%포인트,"[{""mention_id"":""n1"",""expression"":""1월"",""start"":35,""end"":37,""context"":""율 상승이 석유류 가격 등에 영향을 미치며 1월 소비자물가 상승률을 0.1%포인트가량 높였"",""role_status"":""미분류""},{""mention_id"":""n2"",""expression"":""0.1%포인트"",""start"":49,""end"":56,""context"":""에 영향을 미치며 1월 소비자물가 상승률을 0.1%포인트가량 높였다고 분석했다."",""role_status"":""미분류""}]",[],COMPLETE
90,D8 기준시점·주기 보완,정확한 값 직접 비교,미확정,미확정,공식값 1개,기사값과 공식값의 단위 정규화 후 직접 비교,단순 좌표,기사 수치 없음,KOSIS 공식 API,12개 항목 보완 필요,공식 좌표 1개·공식값·공표정보를 확보하고 허용오차/부등호로 판정,A00489_18,이미 1월 무역수지는 18억9000만달러의 적자로 돌아섰다.,HOLD,AS_OF_UNAVAILABLE,직접값 확인,직접값 확인,2025-02-07,무역수지,1890000000,달러,,,KOSIS 정규 통계표,공식값·공표정보 조회,기사 작성 시점에 공식값이 공표됐는지 확인하지 못함,공식값 1개 직접 비교,calculation=DIRECT_VALUE | 세부문제유형=VALUE_ARTICLE_TIME_UNAVAILABLE | 최신결과사유=AS_OF_UNAVAILABLE,12개 슬롯 + 통합 원장 진단 규칙,확정,A00489,18,,,,,,DIRECT_VALUE,,,UNDETERMINED,VALUE_ARTICLE_TIME_UNAVAILABLE,AS_OF_UNAVAILABLE,https://kosis.kr/openapi/Param/statisticsParameterData.do?method=getList&orgId=134&tblId=DT_134001_001&itmId=T005&prdSe=M&startPrdDe=202501&endPrdDe=202501&objL1=DATA,,,,,,,,,,2,1월 | 18억9000만달러,"[{""mention_id"":""n1"",""expression"":""1월"",""start"":3,""end"":5,""context"":""이미 1월 무역수지는 18억9000만달러의 적자로 돌"",""role_status"":""미분류""},{""mention_id"":""n2"",""expression"":""18억9000만달러"",""start"":12,""end"":22,""context"":""이미 1월 무역수지는 18억9000만달러의 적자로 돌아섰다."",""role_status"":""미분류""}]",[],COMPLETE
90,D8 기준시점·주기 보완,정확한 값 직접 비교,미확정,미확정,공식값 1개,기사값과 공식값의 단위 정규화 후 직접 비교,단일 세부조건(차원),수치 1개,KOSIS 공식 API,12개 항목 보완 필요,공식 좌표 1개·공식값·공표정보를 확보하고 허용오차/부등호로 판정,A00621_5,하지만 ‘양질의 일자리’로 꼽히는 제조업 분야 취업자 수는 5만6000명 줄어든 439만6000명으로 집계됐다.,AUTO,OUTSIDE_TOLERANCE,직접값 확인,직접값 확인,2025-02-17,취업자 수,56000,명,,,KOSIS 세부 차원 통계표,최종 판정,기사 수치와 공식 계산값이 허용 오차를 벗어남,공식값 1개 직접 비교,calculation=DIRECT_VALUE | 세부문제유형=DONE | 최신결과사유=OUTSIDE_TOLERANCE,12개 슬롯 + 통합 원장 진단 규칙,확정,A00621,5,,,,"{""raw"": ""{\""산업\"": [\""제조업\""]}""}","{""claimed_operands"": ""[{'raw': '439만6000명', 'value': 4396000.0, 'unit': '명'}]""}",DIRECT_VALUE,"{""direction"": ""DECREASE""}",,MISMATCH,DONE,대시보드 재현 실패,https://kosis.kr/openapi/Param/statisticsParameterData.do?method=getList&orgId=101&tblId=DT_1DA7E06S_NEW&itmId=T30&prdSe=M&startPrdDe=202501&endPrdDe=202501&objL1=00,,,,,,,,,,2,5만6000명 | 439만6000명,"[{""mention_id"":""n1"",""expression"":""5만6000명"",""start"":33,""end"":40,""context"":""일자리’로 꼽히는 제조업 분야 취업자 수는 5만6000명 줄어든 439만6000명으로 집계됐다."",""role_status"":""미분류""},{""mention_id"":""n2"",""expression"":""439만6000명"",""start"":45,""end"":54,""context"":""업 분야 취업자 수는 5만6000명 줄어든 439만6000명으로 집계됐다."",""role_status"":""미분류""}]",[],COMPLETE
90,D8 기준시점·주기 보완,정확한 값 직접 비교,미확정,미확정,공식값 1개,기사값과 공식값의 단위 정규화 후 직접 비교,복합 세부조건(대상집단·차원),수치 1개,KOSIS 공식 API,12개 항목 보완 필요,공식 좌표 1개·공식값·공표정보를 확보하고 허용오차/부등호로 판정,A00922_9,청년 취업자는 355만7000명으로 1년 새 23만5000명 줄었다.,AUTO,WITHIN_TOLERANCE,직접값 확인,직접값 확인,2025-03-12,취업자 수,3557000,명,,,KOSIS 세부 차원 통계표,최종 판정,기사 수치와 공식 계산값이 허용 오차 안에서 일치함,공식값 1개 직접 비교,calculation=DIRECT_VALUE | 세부문제유형=DONE | 최신결과사유=WITHIN_TOLERANCE,12개 슬롯 + 통합 원장 진단 규칙,확정,A00922,9,,,청년,"{""raw"": ""{\""연령집단\"": \""청년\""}""}","{""claimed_operands"": ""[{'raw': '23만5000명', 'value': 235000.0, 'unit': '명'}]""}",DIRECT_VALUE,,,MATCH,DONE,대시보드 재현 실패,https://kosis.kr/openapi/Param/statisticsParameterData.do?method=getList&orgId=101&tblId=DT_1DA7002S&itmId=T30&prdSe=M&startPrdDe=202502&endPrdDe=202502&objL1=75,,,,,,,,,,3,355만7000명 | 1년 | 23만5000명,"[{""mention_id"":""n1"",""expression"":""355만7000명"",""start"":8,""end"":17,""context"":""청년 취업자는 355만7000명으로 1년 새 23만5000명 줄었다."",""role_status"":""미분류""},{""mention_id"":""n2"",""expression"":""1년"",""start"":20,""end"":22,""context"":""청년 취업자는 355만7000명으로 1년 새 23만5000명 줄었다."",""role_status"":""미분류""},{""mention_id"":""n3"",""expression"":""23만5000명"",""start"":25,""end"":33,""context"":""년 취업자는 355만7000명으로 1년 새 23만5000명 줄었다."",""role_status"":""미분류""}]",[],COMPLETE
90,D8 기준시점·주기 보완,정확한 값 직접 비교,미확정,미확정,공식값 1개,기사값과 공식값의 단위 정규화 후 직접 비교,단일 세부조건(차원),수치 3개,KOSIS 공식 API,12개 항목 보완 필요,공식 좌표 1개·공식값·공표정보를 확보하고 허용오차/부등호로 판정,A01285_13,"건설업 부진 장기화로 40대와 50대 취업자 수도 각각 4만9000명, 2만6000명 줄었다.",AUTO,WITHIN_TOLERANCE,직접값 확인,직접값 확인,2025-04-09,취업자 수,26000,명,,,KOSIS 세부 차원 통계표,최종 판정,기사 수치와 공식 계산값이 허용 오차 안에서 일치함,공식값 1개 직접 비교,calculation=DIRECT_VALUE | 세부문제유형=DONE | 최신결과사유=WITHIN_TOLERANCE,12개 슬롯 + 통합 원장 진단 규칙,확정,A01285,13,,,,"{""raw"": ""{\""산업\"": [\""건설업\""]}""}","{""claimed_operands"": ""[{'raw': '40대', 'value': 40.0, 'unit': '대'}, {'raw': '50대', 'value': 50.0, 'unit': '대'}, {'raw': '4만9000명', 'value': 49000.0, 'unit': '명'}]""}",DIRECT_VALUE,,,MATCH,DONE,대시보드 재현 실패,https://kosis.kr/openapi/Param/statisticsParameterData.do?method=getList&orgId=101&tblId=DT_1DA7002S&itmId=T30&prdSe=M&startPrdDe=202403&endPrdDe=202403&objL1=40|https://kosis.kr/openapi/Param/statisticsParameterData.do?method=getList&orgId=101&tblId=DT_1DA7002S&itmId=T30&prdSe=M&startPrdDe=202503&endPrdDe=202503&objL1=40,,,,,,,,,,4,40대 | 50대 | 4만9000명 | 2만6000명,"[{""mention_id"":""n1"",""expression"":""40대"",""start"":12,""end"":15,""context"":""건설업 부진 장기화로 40대와 50대 취업자 수도 각각 4만9000명,"",""role_status"":""미분류""},{""mention_id"":""n2"",""expression"":""50대"",""start"":17,""end"":20,""context"":""건설업 부진 장기화로 40대와 50대 취업자 수도 각각 4만9000명, 2만60"",""role_status"":""미분류""},{""mention_id"":""n3"",""expression"":""4만9000명"",""start"":31,""end"":38,""context"":""장기화로 40대와 50대 취업자 수도 각각 4만9000명, 2만6000명 줄었다."",""role_status"":""미분류""},{""mention_id"":""n4"",""expression"":""2만6000명"",""start"":40,""end"":47,""context"":"" 50대 취업자 수도 각각 4만9000명, 2만6000명 줄었다."",""role_status"":""미분류""}]",[],COMPLETE
99,D9 검증 대상 제외,정확한 값 직접 비교,분기,분기,공식값 1개,기사값과 공식값의 단위 정규화 후 직접 비교,단순 좌표,기사 수치 없음,검증 대상 제외,검증 대상 제외,공식 좌표 1개·공식값·공표정보를 확보하고 허용오차/부등호로 판정,A00006_10,"특히 지난 4분기에는 범용 메모리 가격하락에도 불구하고, DDR5·HBM 등 고부가 품목을 중심으로 수출이 확대되면서 올해 전체적으로 분기별 수출이 우상향했다.",RECLASSIFIED,PRE_VERIFICATION_RECLASSIFIED,직접값 확인,직접값 확인,2025-01-01,수출액,,,2025-Q4,Q,자동 검증 범위 밖,통계 검증 전 대상 판별,예측·정책·비수치 표현 등으로 통계 수치 자동 검증 대상에서 제외됨,통계 검증 대상 제외 — 원장 재분류 결과 확인,calculation=DIRECT_VALUE | 세부문제유형=CONTEXT_SLOT_COMPLETION | 최신결과사유=PRE_VERIFICATION_RECLASSIFIED | 원장결과=RECLASSIFIED,12개 슬롯 + 통합 원장 진단 규칙,검증 대상 제외,A00006,10,,,,,,DIRECT_VALUE,"{""direction"": ""DECREASE""}",,,CONTEXT_SLOT_COMPLETION,PRE_VERIFICATION_RECLASSIFIED,,,,,,,,,,,2,4분기 | 5,"[{""mention_id"":""n1"",""expression"":""4분기"",""start"":6,""end"":9,""context"":""특히 지난 4분기에는 범용 메모리 가격하락에도 불구하고, D"",""role_status"":""미분류""},{""mention_id"":""n2"",""expression"":""5"",""start"":35,""end"":36,""context"":"" 범용 메모리 가격하락에도 불구하고, DDR5·HBM 등 고부가 품목을 중심으로 수출이 "",""role_status"":""미분류""}]",[],COMPLETE
