부모Claim번호,자식순번,자식Claim번호,실행자식Claim번호,대상수치표현,원문,지표,기사값,단위,기준시점,주기,지역,대상집단,차원JSON,비교조건JSON,계산방식,조건JSON,출처힌트,파싱상태,파싱사유,복구작업,공식조회진입경로,최종상태,최종사유,진단번호,재시도결과,판정,판정경로,판정사유,공식판정완료,계산값,근거좌표수,공식출처수,개념JSON,근거좌표JSON,공식출처JSON,12칸감사JSON,단계별결과JSON
A00007_3,1,claim_f8916174d4816698,A00007_3,189명,보잉 737 맥스 여객기가 자카르타에서 추락한 사고로 189명이 사망한 사건이 발생한 2018년(전체 사망자 526명) 이후 가장 많다.,사망자 수,189.0,명,2018,Y,,,null,"{""claimed_operands"": ""[{'raw': '526명', 'value': 526.0, 'unit': '명'}]""}",DIRECT_VALUE,null,,HOLD,GROUPING_AMBIGUOUS,MULTI_CLAIM_SPLIT,STRUCTURAL_HOLD,HUMAN_REVIEW,GROUPING_AMBIGUOUS,,N,,,,N,,0,0,null,[],[],"{""eligible_for_official_search"": true, ""entries"": [{""required"": true, ""slot"": ""indicator"", ""status"": ""SOURCE"", ""value"": ""사망자 수""}, {""required"": true, ""slot"": ""value"", ""status"": ""SOURCE"", ""value"": 189.0}, {""required"": true, ""slot"": ""unit"", ""status"": ""SOURCE"", ""value"": ""명""}, {""required"": true, ""slot"": ""time"", ""status"": ""SOURCE"", ""value"": ""2018""}, {""required"": false, ""slot"": ""frequency"", ""status"": ""SOURCE"", ""value"": ""Y""}, {""required"": false, ""slot"": ""region"", ""status"": ""NOT_APPLICABLE"", ""value"": null}, {""required"": false, ""slot"": ""population"", ""status"": ""NOT_APPLICABLE"", ""value"": null}, {""required"": false, ""slot"": ""dimension"", ""status"": ""NOT_APPLICABLE"", ""value"": null}, {""required"": false, ""slot"": ""comparison"", ""status"": ""SOURCE"", ""value"": {""claimed_operands"": ""[{'raw': '526명', 'value': 526.0, 'unit': '명'}]""}}, {""required"": true, ""slot"": ""calculation"", ""status"": ""SOURCE"", ""value"": ""DIRECT_VALUE""}, {""required"": false, ""slot"": ""condition"", ""status"": ""NOT_APPLICABLE"", ""value"": null}, {""required"": false, ""slot"": ""source_hint"", ""status"": ""NOT_APPLICABLE"", ""value"": null}], ""reason_codes"": []}","[{""attempt"": 1, ""child_claim_id"": ""A00007_3"", ""code_version"": ""admission-recovery-v3"", ""data_version"": ""claim-schema-v1"", ""finished_at"": ""2026-08-26T01:38:30.395843+00:00"", ""input_hash"": ""187106e6296730be6599bb122009799c890ead0a3033e33501fbef702b8369c4"", ""output_ref"": ""A00007_3"", ""parent_claim_id"": ""A00007_3"", ""reason_code"": null, ""stage"": ""CLAIM_SPLIT"", ""started_at"": ""2026-08-26T01:38:30.395843+00:00"", ""status"": ""PASS""}, {""attempt"": 1, ""child_claim_id"": ""A00007_3"", ""code_version"": ""admission-recovery-v3"", ""data_version"": ""claim-schema-v1"", ""finished_at"": ""2026-08-26T01:38:30.395843+00:00"", ""input_hash"": ""187106e6296730be6599bb122009799c890ead0a3033e33501fbef702b8369c4"", ""output_ref"": ""A00007_3"", ""parent_claim_id"": ""A00007_3"", ""reason_code"": ""GROUPING_AMBIGUOUS"", ""stage"": ""CLAIM_PARSE"", ""started_at"": ""2026-08-26T01:38:30.395843+00:00"", ""status"": ""HUMAN_REVIEW""}]"
A00186_9,1,claim_fa38cac3c10b0e85,claim_f8ee8fb0f4b72433,218만698대,"한편, 지난해 현대차·기아 전체 수출 대수는 218만698대, 수출액은 533억6000만달러(약 78조원)로, 2년 연속 수출 200만대, 수출액 500억달러를 이어갔다.",수출 대수,2180698.0,대,지난해,연간,,현대차·기아 전체,"{""상품"": ""자동차""}","{""reference_period"": ""2년 연속"", ""threshold_value"": ""200만대""}",DIRECT_VALUE,"{""direction"": ""INCREASE""}",,HOLD,"문장에 수출 대수와 수출액이라는 서로 독립적으로 검증 가능한 두 수치가 함께 있어 하나의 주장으로 안전하게 통합하기 어렵고, ‘2년 연속’은 증가율이 아닌 지속·기준 충족 표현임",MULTI_CLAIM_SPLIT,STRUCTURAL_HOLD,HUMAN_REVIEW,"문장에 수출 대수와 수출액이라는 서로 독립적으로 검증 가능한 두 수치가 함께 있어 하나의 주장으로 안전하게 통합하기 어렵고, ‘2년 연속’은 증가율이 아닌 지속·기준 충족 표현임",,N,,,,N,,0,0,null,[],[],"{""eligible_for_official_search"": true, ""entries"": [{""required"": true, ""slot"": ""indicator"", ""status"": ""SOURCE"", ""value"": ""수출 대수""}, {""required"": true, ""slot"": ""value"", ""status"": ""SOURCE"", ""value"": 2180698.0}, {""required"": true, ""slot"": ""unit"", ""status"": ""SOURCE"", ""value"": ""대""}, {""required"": true, ""slot"": ""time"", ""status"": ""SOURCE"", ""value"": ""지난해""}, {""required"": false, ""slot"": ""frequency"", ""status"": ""SOURCE"", ""value"": ""연간""}, {""required"": false, ""slot"": ""region"", ""status"": ""NOT_APPLICABLE"", ""value"": null}, {""required"": false, ""slot"": ""population"", ""status"": ""SOURCE"", ""value"": ""현대차·기아 전체""}, {""required"": false, ""slot"": ""dimension"", ""status"": ""SOURCE"", ""value"": {""상품"": ""자동차""}}, {""required"": false, ""slot"": ""comparison"", ""status"": ""SOURCE"", ""value"": {""reference_period"": ""2년 연속"", ""threshold_value"": ""200만대""}}, {""required"": true, ""slot"": ""calculation"", ""status"": ""SOURCE"", ""value"": ""DIRECT_VALUE""}, {""required"": false, ""slot"": ""condition"", ""status"": ""SOURCE"", ""value"": {""direction"": ""INCREASE""}}, {""required"": false, ""slot"": ""source_hint"", ""status"": ""NOT_APPLICABLE"", ""value"": null}], ""reason_codes"": []}","[{""attempt"": 1, ""child_claim_id"": ""claim_f8ee8fb0f4b72433"", ""code_version"": ""admission-recovery-v3"", ""data_version"": ""claim-schema-v1"", ""finished_at"": ""2026-08-26T01:38:45.385176+00:00"", ""input_hash"": ""7cf93f3e1f90215194654577a3574d7548d572a5abe01514e51d9873f1f6f128"", ""output_ref"": ""claim_f8ee8fb0f4b72433"", ""parent_claim_id"": ""A00186_9"", ""reason_code"": null, ""stage"": ""CLAIM_SPLIT"", ""started_at"": ""2026-08-26T01:38:45.385176+00:00"", ""status"": ""PASS""}, {""attempt"": 1, ""child_claim_id"": ""claim_f8ee8fb0f4b72433"", ""code_version"": ""admission-recovery-v3"", ""data_version"": ""claim-schema-v1"", ""finished_at"": ""2026-08-26T01:38:45.385176+00:00"", ""input_hash"": ""7cf93f3e1f90215194654577a3574d7548d572a5abe01514e51d9873f1f6f128"", ""output_ref"": ""claim_f8ee8fb0f4b72433"", ""parent_claim_id"": ""A00186_9"", ""reason_code"": ""문장에 수출 대수와 수출액이라는 서로 독립적으로 검증 가능한 두 수치가 함께 있어 하나의 주장으로 안전하게 통합하기 어렵고, ‘2년 연속’은 증가율이 아닌 지속·기준 충족 표현임"", ""stage"": ""CLAIM_PARSE"", ""started_at"": ""2026-08-26T01:38:45.385176+00:00"", ""status"": ""HUMAN_REVIEW""}]"
A00186_9,2,claim_3b4c57d9172bc1c9,claim_ccd4c16816d9226b,533억6000만달러,"한편, 지난해 현대차·기아 전체 수출 대수는 218만698대, 수출액은 533억6000만달러(약 78조원)로, 2년 연속 수출 200만대, 수출액 500억달러를 이어갔다.",수출액,53.36,십억 달러,2024,연간,,현대차·기아 전체,"{""item"": ""자동차 수출""}",null,DIRECT_VALUE,"{""duration_years"": ""2"", ""operator"": ""GTE"", ""threshold_unit"": ""십억 달러"", ""threshold_value"": ""50""}",기사 본문,HOLD,TARGET_VALUE_NOT_IN_SOURCE_SENTENCE,MULTI_CLAIM_SPLIT,CONTEXT_REQUIRED,HUMAN_REVIEW,TARGET_VALUE_NOT_IN_SOURCE_SENTENCE,,N,,,,N,,0,0,null,[],[],"{""eligible_for_official_search"": true, ""entries"": [{""required"": true, ""slot"": ""indicator"", ""status"": ""SOURCE"", ""value"": ""수출액""}, {""required"": true, ""slot"": ""value"", ""status"": ""SOURCE"", ""value"": 53.36}, {""required"": true, ""slot"": ""unit"", ""status"": ""SOURCE"", ""value"": ""십억 달러""}, {""required"": true, ""slot"": ""time"", ""status"": ""SOURCE"", ""value"": ""2024""}, {""required"": false, ""slot"": ""frequency"", ""status"": ""SOURCE"", ""value"": ""연간""}, {""required"": false, ""slot"": ""region"", ""status"": ""NOT_APPLICABLE"", ""value"": null}, {""required"": false, ""slot"": ""population"", ""status"": ""SOURCE"", ""value"": ""현대차·기아 전체""}, {""required"": false, ""slot"": ""dimension"", ""status"": ""SOURCE"", ""value"": {""item"": ""자동차 수출""}}, {""required"": false, ""slot"": ""comparison"", ""status"": ""NOT_APPLICABLE"", ""value"": null}, {""required"": true, ""slot"": ""calculation"", ""status"": ""SOURCE"", ""value"": ""DIRECT_VALUE""}, {""required"": false, ""slot"": ""condition"", ""status"": ""SOURCE"", ""value"": {""duration_years"": ""2"", ""operator"": ""GTE"", ""threshold_unit"": ""십억 달러"", ""threshold_value"": ""50""}}, {""required"": false, ""slot"": ""source_hint"", ""status"": ""SOURCE"", ""value"": ""기사 본문""}], ""reason_codes"": []}","[{""attempt"": 1, ""child_claim_id"": ""claim_ccd4c16816d9226b"", ""code_version"": ""admission-recovery-v3"", ""data_version"": ""claim-schema-v1"", ""finished_at"": ""2026-08-26T01:38:45.385176+00:00"", ""input_hash"": ""7cf93f3e1f90215194654577a3574d7548d572a5abe01514e51d9873f1f6f128"", ""output_ref"": ""claim_ccd4c16816d9226b"", ""parent_claim_id"": ""A00186_9"", ""reason_code"": null, ""stage"": ""CLAIM_SPLIT"", ""started_at"": ""2026-08-26T01:38:45.385176+00:00"", ""status"": ""PASS""}, {""attempt"": 1, ""child_claim_id"": ""claim_ccd4c16816d9226b"", ""code_version"": ""admission-recovery-v3"", ""data_version"": ""claim-schema-v1"", ""finished_at"": ""2026-08-26T01:38:45.385176+00:00"", ""input_hash"": ""7cf93f3e1f90215194654577a3574d7548d572a5abe01514e51d9873f1f6f128"", ""output_ref"": ""claim_ccd4c16816d9226b"", ""parent_claim_id"": ""A00186_9"", ""reason_code"": ""TARGET_VALUE_NOT_IN_SOURCE_SENTENCE"", ""stage"": ""CLAIM_PARSE"", ""started_at"": ""2026-08-26T01:38:45.385176+00:00"", ""status"": ""HUMAN_REVIEW""}]"
A00189_11,1,claim_a1a76c745abcc58a,claim_3837ae19190fab9e,9.7%,"세부 품목에서는 커피(9.7%), 쇠고기(3.4%) 등의 물가가 전월과 비교해 많이 올랐다.",물가,9.7,%,,MONTHLY,,,"{""item"": ""커피""}","{""reference_period"": ""전월"", ""type"": ""MONTH_OVER_MONTH""}",GROWTH_RATE,"{""direction"": ""INCREASE""}",,HOLD,문장에 커피와 쇠고기의 서로 독립적으로 검증 가능한 두 증감률이 함께 제시되어 단일 Claim으로 확정할 수 없음,MULTI_CLAIM_SPLIT,STRUCTURAL_HOLD,HUMAN_REVIEW,문장에 커피와 쇠고기의 서로 독립적으로 검증 가능한 두 증감률이 함께 제시되어 단일 Claim으로 확정할 수 없음,,N,,,,N,,0,0,null,[],[],"{""eligible_for_official_search"": false, ""entries"": [{""required"": true, ""slot"": ""indicator"", ""status"": ""SOURCE"", ""value"": ""물가""}, {""required"": true, ""slot"": ""value"", ""status"": ""SOURCE"", ""value"": 9.7}, {""required"": true, ""slot"": ""unit"", ""status"": ""SOURCE"", ""value"": ""%""}, {""required"": true, ""slot"": ""time"", ""status"": ""MISSING"", ""value"": null}, {""required"": false, ""slot"": ""frequency"", ""status"": ""SOURCE"", ""value"": ""MONTHLY""}, {""required"": false, ""slot"": ""region"", ""status"": ""NOT_APPLICABLE"", ""value"": null}, {""required"": false, ""slot"": ""population"", ""status"": ""NOT_APPLICABLE"", ""value"": null}, {""required"": false, ""slot"": ""dimension"", ""status"": ""SOURCE"", ""value"": {""item"": ""커피""}}, {""required"": true, ""slot"": ""comparison"", ""status"": ""SOURCE"", ""value"": {""reference_period"": ""전월"", ""type"": ""MONTH_OVER_MONTH""}}, {""required"": true, ""slot"": ""calculation"", ""status"": ""SOURCE"", ""value"": ""GROWTH_RATE""}, {""required"": true, ""slot"": ""condition"", ""status"": ""SOURCE"", ""value"": {""direction"": ""INCREASE""}}, {""required"": false, ""slot"": ""source_hint"", ""status"": ""NOT_APPLICABLE"", ""value"": null}], ""reason_codes"": [""MISSING_REQUIRED_SLOTS:time""]}","[{""attempt"": 1, ""child_claim_id"": ""claim_3837ae19190fab9e"", ""code_version"": ""admission-recovery-v3"", ""data_version"": ""claim-schema-v1"", ""finished_at"": ""2026-08-26T01:38:56.772061+00:00"", ""input_hash"": ""abc71bb8f5a74e78f77bed26f184b6aeb101fe363eea19631dd6909167c52741"", ""output_ref"": ""claim_3837ae19190fab9e"", ""parent_claim_id"": ""A00189_11"", ""reason_code"": null, ""stage"": ""CLAIM_SPLIT"", ""started_at"": ""2026-08-26T01:38:56.772061+00:00"", ""status"": ""PASS""}, {""attempt"": 1, ""child_claim_id"": ""claim_3837ae19190fab9e"", ""code_version"": ""admission-recovery-v3"", ""data_version"": ""claim-schema-v1"", ""finished_at"": ""2026-08-26T01:38:56.772061+00:00"", ""input_hash"": ""abc71bb8f5a74e78f77bed26f184b6aeb101fe363eea19631dd6909167c52741"", ""output_ref"": ""claim_3837ae19190fab9e"", ""parent_claim_id"": ""A00189_11"", ""reason_code"": ""문장에 커피와 쇠고기의 서로 독립적으로 검증 가능한 두 증감률이 함께 제시되어 단일 Claim으로 확정할 수 없음"", ""stage"": ""CLAIM_PARSE"", ""started_at"": ""2026-08-26T01:38:56.772061+00:00"", ""status"": ""HUMAN_REVIEW""}]"
A00189_11,2,claim_53bb51959f2ad1a4,claim_15cf90de9f1a506c,3.4%,"세부 품목에서는 커피(9.7%), 쇠고기(3.4%) 등의 물가가 전월과 비교해 많이 올랐다.",물가,3.4,%,,MONTHLY,,,"{""품목"": ""쇠고기""}","{""type"": ""MONTH_OVER_MONTH""}",GROWTH_RATE,"{""direction"": ""INCREASE""}",,HOLD,"문장에 쇠고기 물가의 전월 대비 상승률 3.4%가 명시되어 있으나, 목표 시점이 직접 명시되지 않았고 기사 발행일만 제공되어 기준 시점 확정이 필요함",MULTI_CLAIM_SPLIT,STRUCTURAL_HOLD,HUMAN_REVIEW,"문장에 쇠고기 물가의 전월 대비 상승률 3.4%가 명시되어 있으나, 목표 시점이 직접 명시되지 않았고 기사 발행일만 제공되어 기준 시점 확정이 필요함",,N,,,,N,,0,0,null,[],[],"{""eligible_for_official_search"": false, ""entries"": [{""required"": true, ""slot"": ""indicator"", ""status"": ""SOURCE"", ""value"": ""물가""}, {""required"": true, ""slot"": ""value"", ""status"": ""SOURCE"", ""value"": 3.4}, {""required"": true, ""slot"": ""unit"", ""status"": ""SOURCE"", ""value"": ""%""}, {""required"": true, ""slot"": ""time"", ""status"": ""MISSING"", ""value"": null}, {""required"": false, ""slot"": ""frequency"", ""status"": ""SOURCE"", ""value"": ""MONTHLY""}, {""required"": false, ""slot"": ""region"", ""status"": ""NOT_APPLICABLE"", ""value"": null}, {""required"": false, ""slot"": ""population"", ""status"": ""NOT_APPLICABLE"", ""value"": null}, {""required"": false, ""slot"": ""dimension"", ""status"": ""SOURCE"", ""value"": {""품목"": ""쇠고기""}}, {""required"": true, ""slot"": ""comparison"", ""status"": ""SOURCE"", ""value"": {""type"": ""MONTH_OVER_MONTH""}}, {""required"": true, ""slot"": ""calculation"", ""status"": ""SOURCE"", ""value"": ""GROWTH_RATE""}, {""required"": true, ""slot"": ""condition"", ""status"": ""SOURCE"", ""value"": {""direction"": ""INCREASE""}}, {""required"": false, ""slot"": ""source_hint"", ""status"": ""NOT_APPLICABLE"", ""value"": null}], ""reason_codes"": [""MISSING_REQUIRED_SLOTS:time""]}","[{""attempt"": 1, ""child_claim_id"": ""claim_15cf90de9f1a506c"", ""code_version"": ""admission-recovery-v3"", ""data_version"": ""claim-schema-v1"", ""finished_at"": ""2026-08-26T01:38:56.772061+00:00"", ""input_hash"": ""abc71bb8f5a74e78f77bed26f184b6aeb101fe363eea19631dd6909167c52741"", ""output_ref"": ""claim_15cf90de9f1a506c"", ""parent_claim_id"": ""A00189_11"", ""reason_code"": null, ""stage"": ""CLAIM_SPLIT"", ""started_at"": ""2026-08-26T01:38:56.772061+00:00"", ""status"": ""PASS""}, {""attempt"": 1, ""child_claim_id"": ""claim_15cf90de9f1a506c"", ""code_version"": ""admission-recovery-v3"", ""data_version"": ""claim-schema-v1"", ""finished_at"": ""2026-08-26T01:38:56.772061+00:00"", ""input_hash"": ""abc71bb8f5a74e78f77bed26f184b6aeb101fe363eea19631dd6909167c52741"", ""output_ref"": ""claim_15cf90de9f1a506c"", ""parent_claim_id"": ""A00189_11"", ""reason_code"": ""문장에 쇠고기 물가의 전월 대비 상승률 3.4%가 명시되어 있으나, 목표 시점이 직접 명시되지 않았고 기사 발행일만 제공되어 기준 시점 확정이 필요함"", ""stage"": ""CLAIM_PARSE"", ""started_at"": ""2026-08-26T01:38:56.772061+00:00"", ""status"": ""HUMAN_REVIEW""}]"
A00189_5,1,claim_144547d31050a370,claim_e4445d226ceae05b,2.1%,"수입 물가지수는 작년 10월(2.1%), 11월(0.9%) 등으로 석 달 연속 전월에 비해 오르고 있다.",수입 물가지수,2.1,%,2024년 10월,월,,,null,"{""reference_period"": ""전월"", ""type"": ""MONTH_OVER_MONTH""}",GROWTH_RATE,"{""direction"": ""INCREASE""}",,AUTO_OK,,MULTI_CLAIM_SPLIT,KOSIS_PIPELINE_ELIGIBLE,HOLD,NO_EVIDENCE_COORDINATE_CANDIDATE,,N,UNDETERMINED,HOLD,NO_EVIDENCE_COORDINATE_CANDIDATE,N,,0,0,"{""canonical_name"": ""수입물가지수"", ""concept_id"": ""C000027"", ""kosis_search_terms"": [], ""matched_alias"": ""수입물가지수"", ""standard_key"": ""import_price_index"", ""status"": ""MATCHED""}",[],[],"{""eligible_for_official_search"": true, ""entries"": [{""required"": true, ""slot"": ""indicator"", ""status"": ""SOURCE"", ""value"": ""수입 물가지수""}, {""required"": true, ""slot"": ""value"", ""status"": ""SOURCE"", ""value"": 2.1}, {""required"": true, ""slot"": ""unit"", ""status"": ""SOURCE"", ""value"": ""%""}, {""required"": true, ""slot"": ""time"", ""status"": ""SOURCE"", ""value"": ""2024년 10월""}, {""required"": false, ""slot"": ""frequency"", ""status"": ""SOURCE"", ""value"": ""월""}, {""required"": false, ""slot"": ""region"", ""status"": ""NOT_APPLICABLE"", ""value"": null}, {""required"": false, ""slot"": ""population"", ""status"": ""NOT_APPLICABLE"", ""value"": null}, {""required"": false, ""slot"": ""dimension"", ""status"": ""NOT_APPLICABLE"", ""value"": null}, {""required"": true, ""slot"": ""comparison"", ""status"": ""SOURCE"", ""value"": {""reference_period"": ""전월"", ""type"": ""MONTH_OVER_MONTH""}}, {""required"": true, ""slot"": ""calculation"", ""status"": ""SOURCE"", ""value"": ""GROWTH_RATE""}, {""required"": true, ""slot"": ""condition"", ""status"": ""SOURCE"", ""value"": {""direction"": ""INCREASE""}}, {""required"": false, ""slot"": ""source_hint"", ""status"": ""NOT_APPLICABLE"", ""value"": null}], ""reason_codes"": []}","[{""attempt"": 1, ""child_claim_id"": ""claim_e4445d226ceae05b"", ""code_version"": ""admission-recovery-v3"", ""data_version"": ""claim-schema-v1"", ""finished_at"": ""2026-08-26T01:39:26.932893+00:00"", ""input_hash"": ""ecd1d1aeac9277f4c209ab752af0cdb481462ee24bb6acb0c0274feec0614cfe"", ""output_ref"": ""claim_e4445d226ceae05b"", ""parent_claim_id"": ""A00189_5"", ""reason_code"": null, ""stage"": ""CLAIM_SPLIT"", ""started_at"": ""2026-08-26T01:39:26.932893+00:00"", ""status"": ""PASS""}, {""attempt"": 1, ""child_claim_id"": ""claim_e4445d226ceae05b"", ""code_version"": ""admission-recovery-v3"", ""data_version"": ""claim-schema-v1"", ""finished_at"": ""2026-08-26T01:39:26.932893+00:00"", ""input_hash"": ""ecd1d1aeac9277f4c209ab752af0cdb481462ee24bb6acb0c0274feec0614cfe"", ""output_ref"": ""claim_e4445d226ceae05b"", ""parent_claim_id"": ""A00189_5"", ""reason_code"": null, ""stage"": ""CLAIM_PARSE"", ""started_at"": ""2026-08-26T01:39:26.932893+00:00"", ""status"": ""PASS""}]"
A00189_5,2,claim_f205ddbcba891809,claim_cc6b6bd585ac1eaa,0.9%,"수입 물가지수는 작년 10월(2.1%), 11월(0.9%) 등으로 석 달 연속 전월에 비해 오르고 있다.",수입 물가지수,0.9,%,2024년 11월,월,,,null,"{""reference_period"": ""2024-10"", ""reference_value"": ""2.1"", ""type"": ""MONTH_OVER_MONTH""}",GROWTH_RATE,"{""direction"": ""INCREASE""}",,AUTO_OK,,MULTI_CLAIM_SPLIT,KOSIS_PIPELINE_ELIGIBLE,HOLD,NO_EVIDENCE_COORDINATE_CANDIDATE,,N,UNDETERMINED,HOLD,NO_EVIDENCE_COORDINATE_CANDIDATE,N,,0,0,"{""canonical_name"": ""수입물가지수"", ""concept_id"": ""C000027"", ""kosis_search_terms"": [], ""matched_alias"": ""수입물가지수"", ""standard_key"": ""import_price_index"", ""status"": ""MATCHED""}",[],[],"{""eligible_for_official_search"": true, ""entries"": [{""required"": true, ""slot"": ""indicator"", ""status"": ""SOURCE"", ""value"": ""수입 물가지수""}, {""required"": true, ""slot"": ""value"", ""status"": ""SOURCE"", ""value"": 0.9}, {""required"": true, ""slot"": ""unit"", ""status"": ""SOURCE"", ""value"": ""%""}, {""required"": true, ""slot"": ""time"", ""status"": ""SOURCE"", ""value"": ""2024년 11월""}, {""required"": false, ""slot"": ""frequency"", ""status"": ""SOURCE"", ""value"": ""월""}, {""required"": false, ""slot"": ""region"", ""status"": ""NOT_APPLICABLE"", ""value"": null}, {""required"": false, ""slot"": ""population"", ""status"": ""NOT_APPLICABLE"", ""value"": null}, {""required"": false, ""slot"": ""dimension"", ""status"": ""NOT_APPLICABLE"", ""value"": null}, {""required"": true, ""slot"": ""comparison"", ""status"": ""SOURCE"", ""value"": {""reference_period"": ""2024-10"", ""reference_value"": ""2.1"", ""type"": ""MONTH_OVER_MONTH""}}, {""required"": true, ""slot"": ""calculation"", ""status"": ""SOURCE"", ""value"": ""GROWTH_RATE""}, {""required"": true, ""slot"": ""condition"", ""status"": ""SOURCE"", ""value"": {""direction"": ""INCREASE""}}, {""required"": false, ""slot"": ""source_hint"", ""status"": ""NOT_APPLICABLE"", ""value"": null}], ""reason_codes"": []}","[{""attempt"": 1, ""child_claim_id"": ""claim_cc6b6bd585ac1eaa"", ""code_version"": ""admission-recovery-v3"", ""data_version"": ""claim-schema-v1"", ""finished_at"": ""2026-08-26T01:39:26.933441+00:00"", ""input_hash"": ""ecd1d1aeac9277f4c209ab752af0cdb481462ee24bb6acb0c0274feec0614cfe"", ""output_ref"": ""claim_cc6b6bd585ac1eaa"", ""parent_claim_id"": ""A00189_5"", ""reason_code"": null, ""stage"": ""CLAIM_SPLIT"", ""started_at"": ""2026-08-26T01:39:26.933441+00:00"", ""status"": ""PASS""}, {""attempt"": 1, ""child_claim_id"": ""claim_cc6b6bd585ac1eaa"", ""code_version"": ""admission-recovery-v3"", ""data_version"": ""claim-schema-v1"", ""finished_at"": ""2026-08-26T01:39:26.933441+00:00"", ""input_hash"": ""ecd1d1aeac9277f4c209ab752af0cdb481462ee24bb6acb0c0274feec0614cfe"", ""output_ref"": ""claim_cc6b6bd585ac1eaa"", ""parent_claim_id"": ""A00189_5"", ""reason_code"": null, ""stage"": ""CLAIM_PARSE"", ""started_at"": ""2026-08-26T01:39:26.933441+00:00"", ""status"": ""PASS""}]"
A00195_11,1,claim_cbad041451547ab2,claim_c778beb868de3229,1%,"연간 경제성장률이 3~4%에 달하던 시절은 아련하고, 지금은 1% 성장률에 머물러 있다.",경제성장률,1.0,%,현재,연간,,,null,"{""reference_period"": ""3~4%에 달하던 시절"", ""reference_range_low"": ""3"", ""reference_value"": ""4""}",DIRECT_VALUE,null,,AUTO_OK,"현재의 연간 경제성장률 1%라는 하나의 중심 수치가 명확하며, 과거 3~4% 수준과의 비교가 함께 제시됨",MULTI_CLAIM_SPLIT,KOSIS_PIPELINE_ELIGIBLE,HOLD,FETCH_FAILED,,N,UNDETERMINED,HOLD,FETCH_FAILED,N,,1,1,"{""canonical_name"": ""경제성장률"", ""concept_id"": ""C000014"", ""kosis_search_terms"": [], ""matched_alias"": ""경제성장률"", ""standard_key"": ""economic_growth_rate"", ""status"": ""MATCHED""}","[{""canonical_key"": ""ORG=101|TBL=DT_1YL20571|ITM=T10|OBJ=SGG|MEMBER=전국|PRD_SE=년|PRD_DE=현재"", ""dimension_codes"": {""SGG"": ""00""}, ""dimension_members"": {""SGG"": ""전국""}, ""itm_id"": ""T10"", ""member_code"": ""전국"", ""obj_id"": ""SGG"", ""org_id"": ""101"", ""prd_de"": ""현재"", ""prd_se"": ""년"", ""status"": ""CONFIRMED"", ""tbl_id"": ""DT_1YL20571"", ""unit"": ""%""}]","[{""content_hash"": """", ""evidence_key"": ""ORG=101|TBL=DT_1YL20571|ITM=T10|OBJ=SGG|MEMBER=전국|PRD_SE=년|PRD_DE=현재"", ""publication"": null, ""retrieved_at"": ""2026-08-26T01:39:52.140485Z"", ""source"": ""NONE"", ""source_url"": ""https://kosis.kr/openapi/Param/statisticsParameterData.do?method=getList&orgId=101&tblId=DT_1YL20571&itmId=T10&prdSe=Y&startPrdDe=%ED%98%84%EC%9E%AC&endPrdDe=%ED%98%84%EC%9E%AC&objL1=00"", ""value_last_changed_at"": null}]","{""eligible_for_official_search"": true, ""entries"": [{""required"": true, ""slot"": ""indicator"", ""status"": ""SOURCE"", ""value"": ""경제성장률""}, {""required"": true, ""slot"": ""value"", ""status"": ""SOURCE"", ""value"": 1.0}, {""required"": true, ""slot"": ""unit"", ""status"": ""SOURCE"", ""value"": ""%""}, {""required"": true, ""slot"": ""time"", ""status"": ""SOURCE"", ""value"": ""현재""}, {""required"": false, ""slot"": ""frequency"", ""status"": ""SOURCE"", ""value"": ""연간""}, {""required"": false, ""slot"": ""region"", ""status"": ""NOT_APPLICABLE"", ""value"": null}, {""required"": false, ""slot"": ""population"", ""status"": ""NOT_APPLICABLE"", ""value"": null}, {""required"": false, ""slot"": ""dimension"", ""status"": ""NOT_APPLICABLE"", ""value"": null}, {""required"": false, ""slot"": ""comparison"", ""status"": ""SOURCE"", ""value"": {""reference_period"": ""3~4%에 달하던 시절"", ""reference_range_low"": ""3"", ""reference_value"": ""4""}}, {""required"": true, ""slot"": ""calculation"", ""status"": ""SOURCE"", ""value"": ""DIRECT_VALUE""}, {""required"": false, ""slot"": ""condition"", ""status"": ""NOT_APPLICABLE"", ""value"": null}, {""required"": false, ""slot"": ""source_hint"", ""status"": ""NOT_APPLICABLE"", ""value"": null}], ""reason_codes"": []}","[{""attempt"": 1, ""child_claim_id"": ""claim_c778beb868de3229"", ""code_version"": ""admission-recovery-v3"", ""data_version"": ""claim-schema-v1"", ""finished_at"": ""2026-08-26T01:39:52.140485+00:00"", ""input_hash"": ""96078fb2dd5e6b5d36428507a2e6f7fb904fd4aadf642453d56f640341169465"", ""output_ref"": ""claim_c778beb868de3229"", ""parent_claim_id"": ""A00195_11"", ""reason_code"": null, ""stage"": ""CLAIM_SPLIT"", ""started_at"": ""2026-08-26T01:39:52.140485+00:00"", ""status"": ""PASS""}, {""attempt"": 1, ""child_claim_id"": ""claim_c778beb868de3229"", ""code_version"": ""admission-recovery-v3"", ""data_version"": ""claim-schema-v1"", ""finished_at"": ""2026-08-26T01:39:52.140485+00:00"", ""input_hash"": ""96078fb2dd5e6b5d36428507a2e6f7fb904fd4aadf642453d56f640341169465"", ""output_ref"": ""claim_c778beb868de3229"", ""parent_claim_id"": ""A00195_11"", ""reason_code"": null, ""stage"": ""CLAIM_PARSE"", ""started_at"": ""2026-08-26T01:39:52.140485+00:00"", ""status"": ""PASS""}]"
A00202_26,1,claim_0a51bae8271add36,A00202_26,327000명,"증가폭이 2023년(32만7000명)의 절반 아래로 줄어, 코로나 거리 두기 여파로 취업자 수가 22만명 가까이 감소했던 2020년 이후 최악의 고용 성적표를 기록했다.",취업자 수,327000.0,명,2023,Y,,,null,"{""claimed_operands"": ""[{'raw': '22만명', 'value': 220000.0, 'unit': '명'}]""}",DIRECT_VALUE,"{""direction"": ""INCREASE""}",,HOLD,GROUPING_AMBIGUOUS,MULTI_CLAIM_SPLIT,STRUCTURAL_HOLD,HUMAN_REVIEW,GROUPING_AMBIGUOUS,,N,,,,N,,0,0,null,[],[],"{""eligible_for_official_search"": true, ""entries"": [{""required"": true, ""slot"": ""indicator"", ""status"": ""SOURCE"", ""value"": ""취업자 수""}, {""required"": true, ""slot"": ""value"", ""status"": ""SOURCE"", ""value"": 327000.0}, {""required"": true, ""slot"": ""unit"", ""status"": ""SOURCE"", ""value"": ""명""}, {""required"": true, ""slot"": ""time"", ""status"": ""SOURCE"", ""value"": ""2023""}, {""required"": false, ""slot"": ""frequency"", ""status"": ""SOURCE"", ""value"": ""Y""}, {""required"": false, ""slot"": ""region"", ""status"": ""NOT_APPLICABLE"", ""value"": null}, {""required"": false, ""slot"": ""population"", ""status"": ""NOT_APPLICABLE"", ""value"": null}, {""required"": false, ""slot"": ""dimension"", ""status"": ""NOT_APPLICABLE"", ""value"": null}, {""required"": false, ""slot"": ""comparison"", ""status"": ""SOURCE"", ""value"": {""claimed_operands"": ""[{'raw': '22만명', 'value': 220000.0, 'unit': '명'}]""}}, {""required"": true, ""slot"": ""calculation"", ""status"": ""SOURCE"", ""value"": ""DIRECT_VALUE""}, {""required"": false, ""slot"": ""condition"", ""status"": ""SOURCE"", ""value"": {""direction"": ""INCREASE""}}, {""required"": false, ""slot"": ""source_hint"", ""status"": ""NOT_APPLICABLE"", ""value"": null}], ""reason_codes"": []}","[{""attempt"": 1, ""child_claim_id"": ""A00202_26"", ""code_version"": ""admission-recovery-v3"", ""data_version"": ""claim-schema-v1"", ""finished_at"": ""2026-08-26T01:39:55.553568+00:00"", ""input_hash"": ""de9e85453a2a7a2e0f43171b70f01ba5352f742ff58ec7ff33a4cf282dd80a9f"", ""output_ref"": ""A00202_26"", ""parent_claim_id"": ""A00202_26"", ""reason_code"": null, ""stage"": ""CLAIM_SPLIT"", ""started_at"": ""2026-08-26T01:39:55.553568+00:00"", ""status"": ""PASS""}, {""attempt"": 1, ""child_claim_id"": ""A00202_26"", ""code_version"": ""admission-recovery-v3"", ""data_version"": ""claim-schema-v1"", ""finished_at"": ""2026-08-26T01:39:55.553568+00:00"", ""input_hash"": ""de9e85453a2a7a2e0f43171b70f01ba5352f742ff58ec7ff33a4cf282dd80a9f"", ""output_ref"": ""A00202_26"", ""parent_claim_id"": ""A00202_26"", ""reason_code"": ""GROUPING_AMBIGUOUS"", ""stage"": ""CLAIM_PARSE"", ""started_at"": ""2026-08-26T01:39:55.553568+00:00"", ""status"": ""HUMAN_REVIEW""}]"
A00202_5,1,claim_01db654650442f8b,claim_07d586df71361c3b,2804만1000명,"15일 통계청이 발표한 ‘2024년 12월 및 연간 고용 동향’에 따르면, 지난달 취업자 수는 2804만1000명으로 전년 동월 대비 5만2000명 감소했다.",취업자 수,52000.0,명,2024년 12월,월,대한민국,,null,"{""current_value"": ""28041000"", ""operand_unit"": ""명"", ""reference_period"": ""전년 동월"", ""reference_value"": ""28093000"", ""type"": ""YEAR_OVER_YEAR""}",DIFFERENCE,"{""direction"": ""DECREASE""}","통계청, 2024년 12월 및 연간 고용 동향",HOLD,TARGET_VALUE_NOT_IN_SOURCE_SENTENCE,MULTI_CLAIM_SPLIT,CONTEXT_REQUIRED,HUMAN_REVIEW,TARGET_VALUE_NOT_IN_SOURCE_SENTENCE,,N,,,,N,,0,0,null,[],[],"{""eligible_for_official_search"": true, ""entries"": [{""required"": true, ""slot"": ""indicator"", ""status"": ""SOURCE"", ""value"": ""취업자 수""}, {""required"": true, ""slot"": ""value"", ""status"": ""SOURCE"", ""value"": 52000.0}, {""required"": true, ""slot"": ""unit"", ""status"": ""SOURCE"", ""value"": ""명""}, {""required"": true, ""slot"": ""time"", ""status"": ""SOURCE"", ""value"": ""2024년 12월""}, {""required"": false, ""slot"": ""frequency"", ""status"": ""SOURCE"", ""value"": ""월""}, {""required"": false, ""slot"": ""region"", ""status"": ""SOURCE"", ""value"": ""대한민국""}, {""required"": false, ""slot"": ""population"", ""status"": ""NOT_APPLICABLE"", ""value"": null}, {""required"": false, ""slot"": ""dimension"", ""status"": ""NOT_APPLICABLE"", ""value"": null}, {""required"": true, ""slot"": ""comparison"", ""status"": ""SOURCE"", ""value"": {""current_value"": ""28041000"", ""operand_unit"": ""명"", ""reference_period"": ""전년 동월"", ""reference_value"": ""28093000"", ""type"": ""YEAR_OVER_YEAR""}}, {""required"": true, ""slot"": ""calculation"", ""status"": ""SOURCE"", ""value"": ""DIFFERENCE""}, {""required"": true, ""slot"": ""condition"", ""status"": ""SOURCE"", ""value"": {""direction"": ""DECREASE""}}, {""required"": false, ""slot"": ""source_hint"", ""status"": ""SOURCE"", ""value"": ""통계청, 2024년 12월 및 연간 고용 동향""}], ""reason_codes"": []}","[{""attempt"": 1, ""child_claim_id"": ""claim_07d586df71361c3b"", ""code_version"": ""admission-recovery-v3"", ""data_version"": ""claim-schema-v1"", ""finished_at"": ""2026-08-26T01:40:03.588207+00:00"", ""input_hash"": ""5ae6cbc8a0692776bb6128cc91aebf5d2369bbf4e480ca98afb020dfa23b5a92"", ""output_ref"": ""claim_07d586df71361c3b"", ""parent_claim_id"": ""A00202_5"", ""reason_code"": null, ""stage"": ""CLAIM_SPLIT"", ""started_at"": ""2026-08-26T01:40:03.588207+00:00"", ""status"": ""PASS""}, {""attempt"": 1, ""child_claim_id"": ""claim_07d586df71361c3b"", ""code_version"": ""admission-recovery-v3"", ""data_version"": ""claim-schema-v1"", ""finished_at"": ""2026-08-26T01:40:03.588207+00:00"", ""input_hash"": ""5ae6cbc8a0692776bb6128cc91aebf5d2369bbf4e480ca98afb020dfa23b5a92"", ""output_ref"": ""claim_07d586df71361c3b"", ""parent_claim_id"": ""A00202_5"", ""reason_code"": ""TARGET_VALUE_NOT_IN_SOURCE_SENTENCE"", ""stage"": ""CLAIM_PARSE"", ""started_at"": ""2026-08-26T01:40:03.588207+00:00"", ""status"": ""HUMAN_REVIEW""}]"
A00231_10,1,claim_4292bd4861a1b423,claim_f9e8a7e49073ca96,78억달러,"지난 2022년 폴란드에 48대, 2023년 말레이시아에 18대를 수출하는 등 누적 수출액만 78억달러(약 11조3700억원)에 달한다.",누적 수출액,7800000000.0,미국 달러,2025-01-18,누적,,,"{""trade_partner_examples"": ""폴란드, 말레이시아""}",null,DIRECT_VALUE,null,,HOLD,TARGET_VALUE_NOT_IN_SOURCE_SENTENCE,MULTI_CLAIM_SPLIT,CONTEXT_REQUIRED,HUMAN_REVIEW,TARGET_VALUE_NOT_IN_SOURCE_SENTENCE,,N,,,,N,,0,0,null,[],[],"{""eligible_for_official_search"": true, ""entries"": [{""required"": true, ""slot"": ""indicator"", ""status"": ""SOURCE"", ""value"": ""누적 수출액""}, {""required"": true, ""slot"": ""value"", ""status"": ""SOURCE"", ""value"": 7800000000.0}, {""required"": true, ""slot"": ""unit"", ""status"": ""CONTEXT"", ""value"": ""미국 달러""}, {""required"": true, ""slot"": ""time"", ""status"": ""CONTEXT"", ""value"": ""2025-01-18""}, {""required"": false, ""slot"": ""frequency"", ""status"": ""SOURCE"", ""value"": ""누적""}, {""required"": false, ""slot"": ""region"", ""status"": ""NOT_APPLICABLE"", ""value"": null}, {""required"": false, ""slot"": ""population"", ""status"": ""NOT_APPLICABLE"", ""value"": null}, {""required"": false, ""slot"": ""dimension"", ""status"": ""CONTEXT"", ""value"": {""trade_partner_examples"": ""폴란드, 말레이시아""}}, {""required"": false, ""slot"": ""comparison"", ""status"": ""NOT_APPLICABLE"", ""value"": null}, {""required"": true, ""slot"": ""calculation"", ""status"": ""SOURCE"", ""value"": ""DIRECT_VALUE""}, {""required"": false, ""slot"": ""condition"", ""status"": ""NOT_APPLICABLE"", ""value"": null}, {""required"": false, ""slot"": ""source_hint"", ""status"": ""NOT_APPLICABLE"", ""value"": null}], ""reason_codes"": []}","[{""attempt"": 1, ""child_claim_id"": ""claim_f9e8a7e49073ca96"", ""code_version"": ""admission-recovery-v3"", ""data_version"": ""claim-schema-v1"", ""finished_at"": ""2026-08-26T01:40:18.919305+00:00"", ""input_hash"": ""193078691e698aabb8a39580839ed80fdb8251e3fbb06314bc04eafbd485670e"", ""output_ref"": ""claim_f9e8a7e49073ca96"", ""parent_claim_id"": ""A00231_10"", ""reason_code"": null, ""stage"": ""CLAIM_SPLIT"", ""started_at"": ""2026-08-26T01:40:18.919305+00:00"", ""status"": ""PASS""}, {""attempt"": 1, ""child_claim_id"": ""claim_f9e8a7e49073ca96"", ""code_version"": ""admission-recovery-v3"", ""data_version"": ""claim-schema-v1"", ""finished_at"": ""2026-08-26T01:40:18.919305+00:00"", ""input_hash"": ""193078691e698aabb8a39580839ed80fdb8251e3fbb06314bc04eafbd485670e"", ""output_ref"": ""claim_f9e8a7e49073ca96"", ""parent_claim_id"": ""A00231_10"", ""reason_code"": ""TARGET_VALUE_NOT_IN_SOURCE_SENTENCE"", ""stage"": ""CLAIM_PARSE"", ""started_at"": ""2026-08-26T01:40:18.919305+00:00"", ""status"": ""HUMAN_REVIEW""}]"
A00254_17,1,claim_dca145422e091386,claim_92d84b3c4a59cd15,2만1000호,이어 “건설투자도 12월 중 아파트 분양실적(2만1000호)이 당초 계획(2만5000호)를 17.2% 가량 하회하는 등 4분기 중 부진이 더 심화됐다”고 설명했다.,아파트 분양실적,4000.0,호,2024년 12월,월,,,"{""item"": ""아파트""}","{""current_value"": ""21000"", ""operand_unit"": ""호"", ""reference_type"": ""당초 계획"", ""reference_value"": ""25000"", ""stated_rate"": ""17.2%""}",DIFFERENCE,"{""direction"": ""DECREASE""}",,HOLD,TARGET_VALUE_NOT_IN_SOURCE_SENTENCE,MULTI_CLAIM_SPLIT,CONTEXT_REQUIRED,HUMAN_REVIEW,TARGET_VALUE_NOT_IN_SOURCE_SENTENCE,,N,,,,N,,0,0,null,[],[],"{""eligible_for_official_search"": true, ""entries"": [{""required"": true, ""slot"": ""indicator"", ""status"": ""SOURCE"", ""value"": ""아파트 분양실적""}, {""required"": true, ""slot"": ""value"", ""status"": ""SOURCE"", ""value"": 4000.0}, {""required"": true, ""slot"": ""unit"", ""status"": ""SOURCE"", ""value"": ""호""}, {""required"": true, ""slot"": ""time"", ""status"": ""SOURCE"", ""value"": ""2024년 12월""}, {""required"": false, ""slot"": ""frequency"", ""status"": ""SOURCE"", ""value"": ""월""}, {""required"": false, ""slot"": ""region"", ""status"": ""NOT_APPLICABLE"", ""value"": null}, {""required"": false, ""slot"": ""population"", ""status"": ""NOT_APPLICABLE"", ""value"": null}, {""required"": false, ""slot"": ""dimension"", ""status"": ""SOURCE"", ""value"": {""item"": ""아파트""}}, {""required"": true, ""slot"": ""comparison"", ""status"": ""SOURCE"", ""value"": {""current_value"": ""21000"", ""operand_unit"": ""호"", ""reference_type"": ""당초 계획"", ""reference_value"": ""25000"", ""stated_rate"": ""17.2%""}}, {""required"": true, ""slot"": ""calculation"", ""status"": ""SOURCE"", ""value"": ""DIFFERENCE""}, {""required"": true, ""slot"": ""condition"", ""status"": ""SOURCE"", ""value"": {""direction"": ""DECREASE""}}, {""required"": false, ""slot"": ""source_hint"", ""status"": ""NOT_APPLICABLE"", ""value"": null}], ""reason_codes"": []}","[{""attempt"": 1, ""child_claim_id"": ""claim_92d84b3c4a59cd15"", ""code_version"": ""admission-recovery-v3"", ""data_version"": ""claim-schema-v1"", ""finished_at"": ""2026-08-26T01:40:29.499520+00:00"", ""input_hash"": ""6a69981ef4a17223750f8617d9a577dcf04951c32cb2a827b5a372022b9c4ff2"", ""output_ref"": ""claim_92d84b3c4a59cd15"", ""parent_claim_id"": ""A00254_17"", ""reason_code"": null, ""stage"": ""CLAIM_SPLIT"", ""started_at"": ""2026-08-26T01:40:29.499520+00:00"", ""status"": ""PASS""}, {""attempt"": 1, ""child_claim_id"": ""claim_92d84b3c4a59cd15"", ""code_version"": ""admission-recovery-v3"", ""data_version"": ""claim-schema-v1"", ""finished_at"": ""2026-08-26T01:40:29.499520+00:00"", ""input_hash"": ""6a69981ef4a17223750f8617d9a577dcf04951c32cb2a827b5a372022b9c4ff2"", ""output_ref"": ""claim_92d84b3c4a59cd15"", ""parent_claim_id"": ""A00254_17"", ""reason_code"": ""TARGET_VALUE_NOT_IN_SOURCE_SENTENCE"", ""stage"": ""CLAIM_PARSE"", ""started_at"": ""2026-08-26T01:40:29.499520+00:00"", ""status"": ""HUMAN_REVIEW""}]"
A00298_3,1,claim_eecfa40878a00f16,A00298_3,2%,작년 연간 경제성장률은 2%로 잠재성장률(2%)을 간신히 지켰다.,경제성장률,2.0,%,2024,Y,,,null,"{""claimed_operands"": ""[{'raw': '2%', 'value': 2.0, 'unit': '%'}]""}",DIRECT_VALUE,null,,HOLD,GROUPING_AMBIGUOUS,MULTI_CLAIM_SPLIT,STRUCTURAL_HOLD,HUMAN_REVIEW,GROUPING_AMBIGUOUS,,N,,,,N,,0,0,null,[],[],"{""eligible_for_official_search"": true, ""entries"": [{""required"": true, ""slot"": ""indicator"", ""status"": ""SOURCE"", ""value"": ""경제성장률""}, {""required"": true, ""slot"": ""value"", ""status"": ""SOURCE"", ""value"": 2.0}, {""required"": true, ""slot"": ""unit"", ""status"": ""SOURCE"", ""value"": ""%""}, {""required"": true, ""slot"": ""time"", ""status"": ""SOURCE"", ""value"": ""2024""}, {""required"": false, ""slot"": ""frequency"", ""status"": ""SOURCE"", ""value"": ""Y""}, {""required"": false, ""slot"": ""region"", ""status"": ""NOT_APPLICABLE"", ""value"": null}, {""required"": false, ""slot"": ""population"", ""status"": ""NOT_APPLICABLE"", ""value"": null}, {""required"": false, ""slot"": ""dimension"", ""status"": ""NOT_APPLICABLE"", ""value"": null}, {""required"": false, ""slot"": ""comparison"", ""status"": ""SOURCE"", ""value"": {""claimed_operands"": ""[{'raw': '2%', 'value': 2.0, 'unit': '%'}]""}}, {""required"": true, ""slot"": ""calculation"", ""status"": ""SOURCE"", ""value"": ""DIRECT_VALUE""}, {""required"": false, ""slot"": ""condition"", ""status"": ""NOT_APPLICABLE"", ""value"": null}, {""required"": false, ""slot"": ""source_hint"", ""status"": ""NOT_APPLICABLE"", ""value"": null}], ""reason_codes"": []}","[{""attempt"": 1, ""child_claim_id"": ""A00298_3"", ""code_version"": ""admission-recovery-v3"", ""data_version"": ""claim-schema-v1"", ""finished_at"": ""2026-08-26T01:40:32.321124+00:00"", ""input_hash"": ""76a4b37d0803d07701552c88170454591de43db4ba91c759c09a068df737e909"", ""output_ref"": ""A00298_3"", ""parent_claim_id"": ""A00298_3"", ""reason_code"": null, ""stage"": ""CLAIM_SPLIT"", ""started_at"": ""2026-08-26T01:40:32.321124+00:00"", ""status"": ""PASS""}, {""attempt"": 1, ""child_claim_id"": ""A00298_3"", ""code_version"": ""admission-recovery-v3"", ""data_version"": ""claim-schema-v1"", ""finished_at"": ""2026-08-26T01:40:32.321124+00:00"", ""input_hash"": ""76a4b37d0803d07701552c88170454591de43db4ba91c759c09a068df737e909"", ""output_ref"": ""A00298_3"", ""parent_claim_id"": ""A00298_3"", ""reason_code"": ""GROUPING_AMBIGUOUS"", ""stage"": ""CLAIM_PARSE"", ""started_at"": ""2026-08-26T01:40:32.321124+00:00"", ""status"": ""HUMAN_REVIEW""}]"
A00308_6,1,claim_e95466b1942a27e4,claim_1c3a7f43144585da,2%,그나마 수출이 잘됐던 작년 1분기(1.3%) 덕에 2% 턱걸이를 했다.,,2.0,%,,,,,null,"{""reference_period"": ""2024년 1분기"", ""reference_value"": ""1.3""}",DIRECT_VALUE,null,,HOLD,"중심 수치 2%의 지표와 대상 기간이 문장에 명시되지 않았고, 괄호의 1.3%는 비교 기준으로 보이지만 어떤 지표의 값인지 불명확함",MULTI_CLAIM_SPLIT,STRUCTURAL_HOLD,HUMAN_REVIEW,"중심 수치 2%의 지표와 대상 기간이 문장에 명시되지 않았고, 괄호의 1.3%는 비교 기준으로 보이지만 어떤 지표의 값인지 불명확함",,N,,,,N,,0,0,null,[],[],"{""eligible_for_official_search"": false, ""entries"": [{""required"": true, ""slot"": ""indicator"", ""status"": ""MISSING"", ""value"": null}, {""required"": true, ""slot"": ""value"", ""status"": ""SOURCE"", ""value"": 2.0}, {""required"": true, ""slot"": ""unit"", ""status"": ""SOURCE"", ""value"": ""%""}, {""required"": true, ""slot"": ""time"", ""status"": ""MISSING"", ""value"": null}, {""required"": false, ""slot"": ""frequency"", ""status"": ""NOT_APPLICABLE"", ""value"": null}, {""required"": false, ""slot"": ""region"", ""status"": ""NOT_APPLICABLE"", ""value"": null}, {""required"": false, ""slot"": ""population"", ""status"": ""NOT_APPLICABLE"", ""value"": null}, {""required"": false, ""slot"": ""dimension"", ""status"": ""NOT_APPLICABLE"", ""value"": null}, {""required"": false, ""slot"": ""comparison"", ""status"": ""SOURCE"", ""value"": {""reference_period"": ""2024년 1분기"", ""reference_value"": ""1.3""}}, {""required"": true, ""slot"": ""calculation"", ""status"": ""SOURCE"", ""value"": ""DIRECT_VALUE""}, {""required"": false, ""slot"": ""condition"", ""status"": ""NOT_APPLICABLE"", ""value"": null}, {""required"": false, ""slot"": ""source_hint"", ""status"": ""NOT_APPLICABLE"", ""value"": null}], ""reason_codes"": [""MISSING_REQUIRED_SLOTS:indicator,time""]}","[{""attempt"": 1, ""child_claim_id"": ""claim_1c3a7f43144585da"", ""code_version"": ""admission-recovery-v3"", ""data_version"": ""claim-schema-v1"", ""finished_at"": ""2026-08-26T01:40:42.733786+00:00"", ""input_hash"": ""44a03518057397a801838418ccc83a01de38c385bb4f13af86483dcac6bfe2ca"", ""output_ref"": ""claim_1c3a7f43144585da"", ""parent_claim_id"": ""A00308_6"", ""reason_code"": null, ""stage"": ""CLAIM_SPLIT"", ""started_at"": ""2026-08-26T01:40:42.733786+00:00"", ""status"": ""PASS""}, {""attempt"": 1, ""child_claim_id"": ""claim_1c3a7f43144585da"", ""code_version"": ""admission-recovery-v3"", ""data_version"": ""claim-schema-v1"", ""finished_at"": ""2026-08-26T01:40:42.733786+00:00"", ""input_hash"": ""44a03518057397a801838418ccc83a01de38c385bb4f13af86483dcac6bfe2ca"", ""output_ref"": ""claim_1c3a7f43144585da"", ""parent_claim_id"": ""A00308_6"", ""reason_code"": ""중심 수치 2%의 지표와 대상 기간이 문장에 명시되지 않았고, 괄호의 1.3%는 비교 기준으로 보이지만 어떤 지표의 값인지 불명확함"", ""stage"": ""CLAIM_PARSE"", ""started_at"": ""2026-08-26T01:40:42.733786+00:00"", ""status"": ""HUMAN_REVIEW""}]"
A00353_15,1,claim_b1560507664759f9,claim_c117eea59b89f822,39.1%,"2022년에도 39.1%로, 40% 가까운 이들이 법인 명의로 수입차를 등록했다.",수입차 등록 비율,39.1,%,2022,연간,,수입차를 등록한 이들,"{""등록명의"": ""법인 명의""}","{""reference_unit"": ""%"", ""reference_value"": ""40"", ""type"": ""APPROXIMATE_EQUIVALENT""}",SHARE,null,,HOLD,MISSING_REQUIRED_SLOTS:comparison,MULTI_CLAIM_SPLIT,STRUCTURAL_HOLD,HUMAN_REVIEW,MISSING_REQUIRED_SLOTS:comparison,,N,,,,N,,0,0,null,[],[],"{""eligible_for_official_search"": true, ""entries"": [{""required"": true, ""slot"": ""indicator"", ""status"": ""SOURCE"", ""value"": ""수입차 등록 비율""}, {""required"": true, ""slot"": ""value"", ""status"": ""SOURCE"", ""value"": 39.1}, {""required"": true, ""slot"": ""unit"", ""status"": ""SOURCE"", ""value"": ""%""}, {""required"": true, ""slot"": ""time"", ""status"": ""SOURCE"", ""value"": ""2022""}, {""required"": false, ""slot"": ""frequency"", ""status"": ""SOURCE"", ""value"": ""연간""}, {""required"": false, ""slot"": ""region"", ""status"": ""NOT_APPLICABLE"", ""value"": null}, {""required"": false, ""slot"": ""population"", ""status"": ""SOURCE"", ""value"": ""수입차를 등록한 이들""}, {""required"": false, ""slot"": ""dimension"", ""status"": ""SOURCE"", ""value"": {""등록명의"": ""법인 명의""}}, {""required"": true, ""slot"": ""comparison"", ""status"": ""SOURCE"", ""value"": {""reference_unit"": ""%"", ""reference_value"": ""40"", ""type"": ""APPROXIMATE_EQUIVALENT""}}, {""required"": true, ""slot"": ""calculation"", ""status"": ""SOURCE"", ""value"": ""SHARE""}, {""required"": false, ""slot"": ""condition"", ""status"": ""NOT_APPLICABLE"", ""value"": null}, {""required"": false, ""slot"": ""source_hint"", ""status"": ""NOT_APPLICABLE"", ""value"": null}], ""reason_codes"": []}","[{""attempt"": 1, ""child_claim_id"": ""claim_c117eea59b89f822"", ""code_version"": ""admission-recovery-v3"", ""data_version"": ""claim-schema-v1"", ""finished_at"": ""2026-08-26T01:40:49.509780+00:00"", ""input_hash"": ""4a4492670f395f28cbd26847a72f905e18f1743af4f9a7cecbe53a8df9846384"", ""output_ref"": ""claim_c117eea59b89f822"", ""parent_claim_id"": ""A00353_15"", ""reason_code"": null, ""stage"": ""CLAIM_SPLIT"", ""started_at"": ""2026-08-26T01:40:49.509780+00:00"", ""status"": ""PASS""}, {""attempt"": 1, ""child_claim_id"": ""claim_c117eea59b89f822"", ""code_version"": ""admission-recovery-v3"", ""data_version"": ""claim-schema-v1"", ""finished_at"": ""2026-08-26T01:40:49.509780+00:00"", ""input_hash"": ""4a4492670f395f28cbd26847a72f905e18f1743af4f9a7cecbe53a8df9846384"", ""output_ref"": ""claim_c117eea59b89f822"", ""parent_claim_id"": ""A00353_15"", ""reason_code"": ""MISSING_REQUIRED_SLOTS:comparison"", ""stage"": ""CLAIM_PARSE"", ""started_at"": ""2026-08-26T01:40:49.509780+00:00"", ""status"": ""HUMAN_REVIEW""}]"
A00354_13,1,claim_de464853d689a99b,claim_89fe0912d791e78d,1.3명,"50년 후 먼 미래가 아니더라도, 불과 25년 후인 2050년에 생산연령인구 1.3명이 고령 인구 1명을 부양해야 한다.",생산연령인구의 고령 인구 부양 규모,1.3,명,2050,,대한민국,생산연령인구,"{""부양 대상"": ""고령 인구 1명""}",null,DIRECT_VALUE,null,,AUTO_OK,,MULTI_CLAIM_SPLIT,KOSIS_PIPELINE_ELIGIBLE,HOLD,NO_HARD_GUARD_CANDIDATE,,N,UNDETERMINED,HOLD,NO_HARD_GUARD_CANDIDATE,N,,0,0,"{""canonical_name"": ""생산연령인구의 고령 인구 부양 규모"", ""concept_id"": ""OBSERVED:b5c87f60a31f8786"", ""kosis_search_terms"": [""생산연령인구의 고령 인구 부양 규모""], ""matched_alias"": ""생산연령인구의 고령 인구 부양 규모"", ""standard_key"": ""observed_indicator_b5c87f60a31f8786"", ""status"": ""MATCHED""}",[],[],"{""eligible_for_official_search"": true, ""entries"": [{""required"": true, ""slot"": ""indicator"", ""status"": ""SOURCE"", ""value"": ""생산연령인구의 고령 인구 부양 규모""}, {""required"": true, ""slot"": ""value"", ""status"": ""SOURCE"", ""value"": 1.3}, {""required"": true, ""slot"": ""unit"", ""status"": ""SOURCE"", ""value"": ""명""}, {""required"": true, ""slot"": ""time"", ""status"": ""SOURCE"", ""value"": ""2050""}, {""required"": false, ""slot"": ""frequency"", ""status"": ""NORMALIZED"", ""value"": ""년""}, {""required"": false, ""slot"": ""region"", ""status"": ""SOURCE"", ""value"": ""대한민국""}, {""required"": false, ""slot"": ""population"", ""status"": ""SOURCE"", ""value"": ""생산연령인구""}, {""required"": false, ""slot"": ""dimension"", ""status"": ""SOURCE"", ""value"": {""부양 대상"": ""고령 인구 1명""}}, {""required"": false, ""slot"": ""comparison"", ""status"": ""NOT_APPLICABLE"", ""value"": null}, {""required"": true, ""slot"": ""calculation"", ""status"": ""SOURCE"", ""value"": ""DIRECT_VALUE""}, {""required"": false, ""slot"": ""condition"", ""status"": ""NOT_APPLICABLE"", ""value"": null}, {""required"": false, ""slot"": ""source_hint"", ""status"": ""NOT_APPLICABLE"", ""value"": null}], ""reason_codes"": []}","[{""attempt"": 1, ""child_claim_id"": ""claim_89fe0912d791e78d"", ""code_version"": ""admission-recovery-v3"", ""data_version"": ""claim-schema-v1"", ""finished_at"": ""2026-08-26T01:40:59.472119+00:00"", ""input_hash"": ""ec113255acbeeb0eced2beac1acab8ae10da36bbdcda39fb8aed12b7341c4cd6"", ""output_ref"": ""claim_89fe0912d791e78d"", ""parent_claim_id"": ""A00354_13"", ""reason_code"": null, ""stage"": ""CLAIM_SPLIT"", ""started_at"": ""2026-08-26T01:40:59.472119+00:00"", ""status"": ""PASS""}, {""attempt"": 1, ""child_claim_id"": ""claim_89fe0912d791e78d"", ""code_version"": ""admission-recovery-v3"", ""data_version"": ""claim-schema-v1"", ""finished_at"": ""2026-08-26T01:40:59.472119+00:00"", ""input_hash"": ""ec113255acbeeb0eced2beac1acab8ae10da36bbdcda39fb8aed12b7341c4cd6"", ""output_ref"": ""claim_89fe0912d791e78d"", ""parent_claim_id"": ""A00354_13"", ""reason_code"": null, ""stage"": ""CLAIM_PARSE"", ""started_at"": ""2026-08-26T01:40:59.472119+00:00"", ""status"": ""PASS""}]"
A00368_19,1,claim_75abc0998b9bf098,claim_f5afb29e46313759,12만명,"◇2년 연속 취업자 증가폭 10만명대 그칠 듯 정부도 대내·외 불확실성을 고려해, 올해 경제정책방향을 발표하면서 올해 취업자 수 증가폭을 12만명으로 내다봤다.",취업자 수 증가폭,120000.0,명,2025년,년,대한민국,취업자,null,"{""reference_period"": ""최근 2년"", ""reference_unit"": ""명"", ""reference_value"": ""100000"", ""type"": ""REFERENCE_CONTEXT""}",DIRECT_VALUE,null,정부 경제정책방향 전망,AUTO_OK,,MULTI_CLAIM_SPLIT,KOSIS_PIPELINE_ELIGIBLE,HOLD,AS_OF_UNAVAILABLE,,N,UNDETERMINED,HOLD,AS_OF_UNAVAILABLE,N,,1,1,"{""canonical_name"": ""취업자 수"", ""concept_id"": ""C000008"", ""kosis_search_terms"": [""경제활동인구조사 취업자"", ""산업별 취업자""], ""matched_alias"": ""취업자 수 증가 폭"", ""standard_key"": ""employment_count"", ""status"": ""MATCHED""}","[{""canonical_key"": ""ORG=101|TBL=DT_1DA7001S|ITM=T30|OBJ=B|MEMBER=계|PRD_SE=년|PRD_DE=2025"", ""dimension_codes"": {""B"": ""0""}, ""dimension_members"": {""B"": ""계""}, ""itm_id"": ""T30"", ""member_code"": ""계"", ""obj_id"": ""B"", ""org_id"": ""101"", ""prd_de"": ""2025"", ""prd_se"": ""년"", ""status"": ""CONFIRMED"", ""tbl_id"": ""DT_1DA7001S"", ""unit"": ""천명""}]","[{""content_hash"": ""567fc949b666ed562319e0547a45efd088f6ae743c25704f4361c02e722ebf4a"", ""evidence_key"": ""ORG=101|TBL=DT_1DA7001S|ITM=T30|OBJ=B|MEMBER=계|PRD_SE=년|PRD_DE=2025"", ""publication"": {""content_hash"": ""5e73d5e98b634e0b9dc4fabc29997465381df0a596a6498c5af339e7250bf93b"", ""coverage_end_period"": null, ""coverage_start_period"": null, ""evidence_scope"": ""PERIOD"", ""pub_date_text"": ""조사기준 월 익월"", ""pub_period"": ""월"", ""publication_method_url"": ""https://mods.go.kr/board.es?mid=a10301010000&bid=210&list_no=445948&act=view&mainXml=Y"", ""published_at"": ""2026-07-15"", ""reference_period"": ""2025"", ""retrieved_at"": ""2026-08-26T01:41:14.141029Z"", ""source_url"": ""https://mods.go.kr/board.es?mid=a10301010000&bid=210&list_no=445948&act=view&mainXml=Y"", ""status"": ""VERIFIED""}, ""retrieved_at"": ""2026-08-26T01:41:10.509806Z"", ""source"": ""API"", ""source_url"": ""https://kosis.kr/openapi/Param/statisticsParameterData.do?method=getList&orgId=101&tblId=DT_1DA7001S&itmId=T30&prdSe=Y&startPrdDe=2025&endPrdDe=2025&objL1=0"", ""value_last_changed_at"": ""2025-12-31""}]","{""eligible_for_official_search"": true, ""entries"": [{""required"": true, ""slot"": ""indicator"", ""status"": ""SOURCE"", ""value"": ""취업자 수 증가폭""}, {""required"": true, ""slot"": ""value"", ""status"": ""SOURCE"", ""value"": 120000.0}, {""required"": true, ""slot"": ""unit"", ""status"": ""SOURCE"", ""value"": ""명""}, {""required"": true, ""slot"": ""time"", ""status"": ""SOURCE"", ""value"": ""2025년""}, {""required"": false, ""slot"": ""frequency"", ""status"": ""SOURCE"", ""value"": ""년""}, {""required"": false, ""slot"": ""region"", ""status"": ""SOURCE"", ""value"": ""대한민국""}, {""required"": false, ""slot"": ""population"", ""status"": ""SOURCE"", ""value"": ""취업자""}, {""required"": false, ""slot"": ""dimension"", ""status"": ""NOT_APPLICABLE"", ""value"": null}, {""required"": false, ""slot"": ""comparison"", ""status"": ""SOURCE"", ""value"": {""reference_period"": ""최근 2년"", ""reference_unit"": ""명"", ""reference_value"": ""100000"", ""type"": ""REFERENCE_CONTEXT""}}, {""required"": true, ""slot"": ""calculation"", ""status"": ""SOURCE"", ""value"": ""DIRECT_VALUE""}, {""required"": false, ""slot"": ""condition"", ""status"": ""NOT_APPLICABLE"", ""value"": null}, {""required"": false, ""slot"": ""source_hint"", ""status"": ""SOURCE"", ""value"": ""정부 경제정책방향 전망""}], ""reason_codes"": []}","[{""attempt"": 1, ""child_claim_id"": ""claim_f5afb29e46313759"", ""code_version"": ""admission-recovery-v3"", ""data_version"": ""claim-schema-v1"", ""finished_at"": ""2026-08-26T01:41:14.143038+00:00"", ""input_hash"": ""c151b1ad11eb8e57328188e3792be258f067125e6b9f9f9e78ae7d67b8bbfe08"", ""output_ref"": ""claim_f5afb29e46313759"", ""parent_claim_id"": ""A00368_19"", ""reason_code"": null, ""stage"": ""CLAIM_SPLIT"", ""started_at"": ""2026-08-26T01:41:14.143038+00:00"", ""status"": ""PASS""}, {""attempt"": 1, ""child_claim_id"": ""claim_f5afb29e46313759"", ""code_version"": ""admission-recovery-v3"", ""data_version"": ""claim-schema-v1"", ""finished_at"": ""2026-08-26T01:41:14.143038+00:00"", ""input_hash"": ""c151b1ad11eb8e57328188e3792be258f067125e6b9f9f9e78ae7d67b8bbfe08"", ""output_ref"": ""claim_f5afb29e46313759"", ""parent_claim_id"": ""A00368_19"", ""reason_code"": null, ""stage"": ""CLAIM_PARSE"", ""started_at"": ""2026-08-26T01:41:14.143038+00:00"", ""status"": ""PASS""}]"
A00399_21,1,claim_d5f35a2e89a3e911,A00399_21,2.1%,"2017년 트럼프 1기가 시작했을 때 물가(2.1%)보다 훨씬 높고, 트럼프 1기 때 가장 높았던 물가(2018년 6~7월 2.9%)와 같은 수준이다.",물가상승률,2.1,%,2017,Y,,,null,"{""claimed_operands"": ""[{'raw': '2.9%', 'value': 2.9, 'unit': '%'}]""}",DIRECT_VALUE,null,,HOLD,GROUPING_AMBIGUOUS,MULTI_CLAIM_SPLIT,STRUCTURAL_HOLD,HUMAN_REVIEW,GROUPING_AMBIGUOUS,,N,,,,N,,0,0,null,[],[],"{""eligible_for_official_search"": true, ""entries"": [{""required"": true, ""slot"": ""indicator"", ""status"": ""SOURCE"", ""value"": ""물가상승률""}, {""required"": true, ""slot"": ""value"", ""status"": ""SOURCE"", ""value"": 2.1}, {""required"": true, ""slot"": ""unit"", ""status"": ""SOURCE"", ""value"": ""%""}, {""required"": true, ""slot"": ""time"", ""status"": ""SOURCE"", ""value"": ""2017""}, {""required"": false, ""slot"": ""frequency"", ""status"": ""SOURCE"", ""value"": ""Y""}, {""required"": false, ""slot"": ""region"", ""status"": ""NOT_APPLICABLE"", ""value"": null}, {""required"": false, ""slot"": ""population"", ""status"": ""NOT_APPLICABLE"", ""value"": null}, {""required"": false, ""slot"": ""dimension"", ""status"": ""NOT_APPLICABLE"", ""value"": null}, {""required"": false, ""slot"": ""comparison"", ""status"": ""SOURCE"", ""value"": {""claimed_operands"": ""[{'raw': '2.9%', 'value': 2.9, 'unit': '%'}]""}}, {""required"": true, ""slot"": ""calculation"", ""status"": ""SOURCE"", ""value"": ""DIRECT_VALUE""}, {""required"": false, ""slot"": ""condition"", ""status"": ""NOT_APPLICABLE"", ""value"": null}, {""required"": false, ""slot"": ""source_hint"", ""status"": ""NOT_APPLICABLE"", ""value"": null}], ""reason_codes"": []}","[{""attempt"": 1, ""child_claim_id"": ""A00399_21"", ""code_version"": ""admission-recovery-v3"", ""data_version"": ""claim-schema-v1"", ""finished_at"": ""2026-08-26T01:41:18.007621+00:00"", ""input_hash"": ""b725109fd4598d89c490c40118976415cdfc1f949560187b7ad1ae262c8cca5b"", ""output_ref"": ""A00399_21"", ""parent_claim_id"": ""A00399_21"", ""reason_code"": null, ""stage"": ""CLAIM_SPLIT"", ""started_at"": ""2026-08-26T01:41:18.007621+00:00"", ""status"": ""PASS""}, {""attempt"": 1, ""child_claim_id"": ""A00399_21"", ""code_version"": ""admission-recovery-v3"", ""data_version"": ""claim-schema-v1"", ""finished_at"": ""2026-08-26T01:41:18.007621+00:00"", ""input_hash"": ""b725109fd4598d89c490c40118976415cdfc1f949560187b7ad1ae262c8cca5b"", ""output_ref"": ""A00399_21"", ""parent_claim_id"": ""A00399_21"", ""reason_code"": ""GROUPING_AMBIGUOUS"", ""stage"": ""CLAIM_PARSE"", ""started_at"": ""2026-08-26T01:41:18.007621+00:00"", ""status"": ""HUMAN_REVIEW""}]"
A00463_15,1,claim_d81f609a74b27d3d,claim_fe3c0a762800a296,1.9%,"기조적인 물가 흐름을 나타내는 근원물가지수(식료품 및 에너지 제외 지수)는 전년 동월 대비 1.9% 오르며, 4개월째 1%대를 유지했다.",근원물가지수,1.9,%,2025년 2월,월,,,"{""제외항목"": ""식료품 및 에너지""}","{""reference_period"": ""전년 동월"", ""type"": ""YEAR_OVER_YEAR""}",GROWTH_RATE,"{""direction"": ""INCREASE""}",,AUTO_OK,,MULTI_CLAIM_SPLIT,KOSIS_PIPELINE_ELIGIBLE,HOLD,NO_HARD_GUARD_CANDIDATE,,N,UNDETERMINED,HOLD,NO_HARD_GUARD_CANDIDATE,N,,0,0,"{""canonical_name"": ""근원물가지수"", ""concept_id"": ""OBSERVED:5ece6e42a991fb56"", ""kosis_search_terms"": [""근원물가지수""], ""matched_alias"": ""근원물가지수"", ""standard_key"": ""observed_indicator_5ece6e42a991fb56"", ""status"": ""MATCHED""}",[],[],"{""eligible_for_official_search"": true, ""entries"": [{""required"": true, ""slot"": ""indicator"", ""status"": ""SOURCE"", ""value"": ""근원물가지수""}, {""required"": true, ""slot"": ""value"", ""status"": ""SOURCE"", ""value"": 1.9}, {""required"": true, ""slot"": ""unit"", ""status"": ""SOURCE"", ""value"": ""%""}, {""required"": true, ""slot"": ""time"", ""status"": ""CONTEXT"", ""value"": ""2025년 2월""}, {""required"": false, ""slot"": ""frequency"", ""status"": ""CONTEXT"", ""value"": ""월""}, {""required"": false, ""slot"": ""region"", ""status"": ""NOT_APPLICABLE"", ""value"": null}, {""required"": false, ""slot"": ""population"", ""status"": ""NOT_APPLICABLE"", ""value"": null}, {""required"": false, ""slot"": ""dimension"", ""status"": ""SOURCE"", ""value"": {""제외항목"": ""식료품 및 에너지""}}, {""required"": true, ""slot"": ""comparison"", ""status"": ""SOURCE"", ""value"": {""reference_period"": ""전년 동월"", ""type"": ""YEAR_OVER_YEAR""}}, {""required"": true, ""slot"": ""calculation"", ""status"": ""SOURCE"", ""value"": ""GROWTH_RATE""}, {""required"": true, ""slot"": ""condition"", ""status"": ""SOURCE"", ""value"": {""direction"": ""INCREASE""}}, {""required"": false, ""slot"": ""source_hint"", ""status"": ""NOT_APPLICABLE"", ""value"": null}], ""reason_codes"": []}","[{""attempt"": 1, ""child_claim_id"": ""claim_fe3c0a762800a296"", ""code_version"": ""admission-recovery-v3"", ""data_version"": ""claim-schema-v1"", ""finished_at"": ""2026-08-26T01:41:33.181738+00:00"", ""input_hash"": ""5b3afb56744d7a59756cb4ff3eb1bb583d6de6049e088a1640cfc8f484a98350"", ""output_ref"": ""claim_fe3c0a762800a296"", ""parent_claim_id"": ""A00463_15"", ""reason_code"": null, ""stage"": ""CLAIM_SPLIT"", ""started_at"": ""2026-08-26T01:41:33.181738+00:00"", ""status"": ""PASS""}, {""attempt"": 1, ""child_claim_id"": ""claim_fe3c0a762800a296"", ""code_version"": ""admission-recovery-v3"", ""data_version"": ""claim-schema-v1"", ""finished_at"": ""2026-08-26T01:41:33.181738+00:00"", ""input_hash"": ""5b3afb56744d7a59756cb4ff3eb1bb583d6de6049e088a1640cfc8f484a98350"", ""output_ref"": ""claim_fe3c0a762800a296"", ""parent_claim_id"": ""A00463_15"", ""reason_code"": null, ""stage"": ""CLAIM_PARSE"", ""started_at"": ""2026-08-26T01:41:33.181738+00:00"", ""status"": ""PASS""}]"
A00489_11,1,claim_1aa98594f46770a7,claim_93868d0fe52c1333,633억달러,"작년 12월 수출은 633억달러로 전달보다 11.1%, 전년 같은 달보다 6.6% 뛰었다.",수출,633.0,억달러,작년 12월,월간,,,null,"{""month_over_month_change"": ""11.1%"", ""reference_period"": ""전달 및 전년 같은 달"", ""year_over_year_change"": ""6.6%""}",DIRECT_VALUE,"{""direction"": ""INCREASE""}",,HOLD,중심 수치에 전월 대비와 전년 동월 대비라는 서로 독립적으로 검증 가능한 증감률이 함께 포함되어 있어 단일 주장으로 안전하게 확정할 수 없음,MULTI_CLAIM_SPLIT,STRUCTURAL_HOLD,HUMAN_REVIEW,중심 수치에 전월 대비와 전년 동월 대비라는 서로 독립적으로 검증 가능한 증감률이 함께 포함되어 있어 단일 주장으로 안전하게 확정할 수 없음,,N,,,,N,,0,0,null,[],[],"{""eligible_for_official_search"": true, ""entries"": [{""required"": true, ""slot"": ""indicator"", ""status"": ""SOURCE"", ""value"": ""수출""}, {""required"": true, ""slot"": ""value"", ""status"": ""SOURCE"", ""value"": 633.0}, {""required"": true, ""slot"": ""unit"", ""status"": ""SOURCE"", ""value"": ""억달러""}, {""required"": true, ""slot"": ""time"", ""status"": ""SOURCE"", ""value"": ""작년 12월""}, {""required"": false, ""slot"": ""frequency"", ""status"": ""SOURCE"", ""value"": ""월간""}, {""required"": false, ""slot"": ""region"", ""status"": ""NOT_APPLICABLE"", ""value"": null}, {""required"": false, ""slot"": ""population"", ""status"": ""NOT_APPLICABLE"", ""value"": null}, {""required"": false, ""slot"": ""dimension"", ""status"": ""NOT_APPLICABLE"", ""value"": null}, {""required"": false, ""slot"": ""comparison"", ""status"": ""SOURCE"", ""value"": {""month_over_month_change"": ""11.1%"", ""reference_period"": ""전달 및 전년 같은 달"", ""year_over_year_change"": ""6.6%""}}, {""required"": true, ""slot"": ""calculation"", ""status"": ""SOURCE"", ""value"": ""DIRECT_VALUE""}, {""required"": false, ""slot"": ""condition"", ""status"": ""SOURCE"", ""value"": {""direction"": ""INCREASE""}}, {""required"": false, ""slot"": ""source_hint"", ""status"": ""NOT_APPLICABLE"", ""value"": null}], ""reason_codes"": []}","[{""attempt"": 1, ""child_claim_id"": ""claim_93868d0fe52c1333"", ""code_version"": ""admission-recovery-v3"", ""data_version"": ""claim-schema-v1"", ""finished_at"": ""2026-08-26T01:41:42.215435+00:00"", ""input_hash"": ""a76506be5fe32af654243716bea2a5d7b1b37c5089a51ec97b07c1758f34bb27"", ""output_ref"": ""claim_93868d0fe52c1333"", ""parent_claim_id"": ""A00489_11"", ""reason_code"": null, ""stage"": ""CLAIM_SPLIT"", ""started_at"": ""2026-08-26T01:41:42.215435+00:00"", ""status"": ""PASS""}, {""attempt"": 1, ""child_claim_id"": ""claim_93868d0fe52c1333"", ""code_version"": ""admission-recovery-v3"", ""data_version"": ""claim-schema-v1"", ""finished_at"": ""2026-08-26T01:41:42.215435+00:00"", ""input_hash"": ""a76506be5fe32af654243716bea2a5d7b1b37c5089a51ec97b07c1758f34bb27"", ""output_ref"": ""claim_93868d0fe52c1333"", ""parent_claim_id"": ""A00489_11"", ""reason_code"": ""중심 수치에 전월 대비와 전년 동월 대비라는 서로 독립적으로 검증 가능한 증감률이 함께 포함되어 있어 단일 주장으로 안전하게 확정할 수 없음"", ""stage"": ""CLAIM_PARSE"", ""started_at"": ""2026-08-26T01:41:42.215435+00:00"", ""status"": ""HUMAN_REVIEW""}]"
A00579_17,1,claim_425d38a409b560bc,claim_a31925d406ed0862,9만1000명,"대표적으로 도·소매업 취업자는 전년 동월 대비 9만1000명 감소하는 데 그치며, 지난해 8월(-5만5000명) 이후 5개월 만에 최저 감소폭을 보였다.",취업자,91000.0,명,2025년 1월,월,,취업자,"{""산업"": ""도·소매업""}","{""benchmark_description"": ""지난해 8월 이후 5개월 만에 최저 감소폭"", ""benchmark_period"": ""2024-08"", ""benchmark_value"": ""-55000"", ""operand_source"": ""OFFICIAL_EVIDENCE"", ""reference_period"": ""2024-01"", ""type"": ""YEAR_OVER_YEAR""}",DIFFERENCE,"{""direction"": ""DECREASE""}",,AUTO_OK,,MULTI_CLAIM_SPLIT,KOSIS_PIPELINE_ELIGIBLE,HOLD,NO_HARD_GUARD_CANDIDATE,,N,UNDETERMINED,HOLD,NO_HARD_GUARD_CANDIDATE,N,,0,0,"{""canonical_name"": ""취업자 수"", ""concept_id"": ""C000008"", ""kosis_search_terms"": [""경제활동인구조사 취업자"", ""산업별 취업자""], ""matched_alias"": ""취업자"", ""standard_key"": ""employment_count"", ""status"": ""MATCHED""}",[],[],"{""eligible_for_official_search"": true, ""entries"": [{""required"": true, ""slot"": ""indicator"", ""status"": ""SOURCE"", ""value"": ""취업자""}, {""required"": true, ""slot"": ""value"", ""status"": ""SOURCE"", ""value"": 91000.0}, {""required"": true, ""slot"": ""unit"", ""status"": ""SOURCE"", ""value"": ""명""}, {""required"": true, ""slot"": ""time"", ""status"": ""CONTEXT"", ""value"": ""2025년 1월""}, {""required"": false, ""slot"": ""frequency"", ""status"": ""SOURCE"", ""value"": ""월""}, {""required"": false, ""slot"": ""region"", ""status"": ""NOT_APPLICABLE"", ""value"": null}, {""required"": false, ""slot"": ""population"", ""status"": ""CONTEXT"", ""value"": ""취업자""}, {""required"": false, ""slot"": ""dimension"", ""status"": ""SOURCE"", ""value"": {""산업"": ""도·소매업""}}, {""required"": true, ""slot"": ""comparison"", ""status"": ""CONTEXT"", ""value"": {""benchmark_description"": ""지난해 8월 이후 5개월 만에 최저 감소폭"", ""benchmark_period"": ""2024-08"", ""benchmark_value"": ""-55000"", ""operand_source"": ""OFFICIAL_EVIDENCE"", ""reference_period"": ""2024-01"", ""type"": ""YEAR_OVER_YEAR""}}, {""required"": true, ""slot"": ""calculation"", ""status"": ""SOURCE"", ""value"": ""DIFFERENCE""}, {""required"": true, ""slot"": ""condition"", ""status"": ""SOURCE"", ""value"": {""direction"": ""DECREASE""}}, {""required"": false, ""slot"": ""source_hint"", ""status"": ""NOT_APPLICABLE"", ""value"": null}], ""reason_codes"": []}","[{""attempt"": 1, ""child_claim_id"": ""claim_a31925d406ed0862"", ""code_version"": ""admission-recovery-v3"", ""data_version"": ""claim-schema-v1"", ""finished_at"": ""2026-08-26T01:42:43.395147+00:00"", ""input_hash"": ""d0036866d0d7ebf2129f4b21152c1505b98c35870cf933aca19ef328ebb3cdcd"", ""output_ref"": ""claim_a31925d406ed0862"", ""parent_claim_id"": ""A00579_17"", ""reason_code"": null, ""stage"": ""CLAIM_SPLIT"", ""started_at"": ""2026-08-26T01:42:43.395147+00:00"", ""status"": ""PASS""}, {""attempt"": 1, ""child_claim_id"": ""claim_a31925d406ed0862"", ""code_version"": ""admission-recovery-v3"", ""data_version"": ""claim-schema-v1"", ""finished_at"": ""2026-08-26T01:42:43.395147+00:00"", ""input_hash"": ""d0036866d0d7ebf2129f4b21152c1505b98c35870cf933aca19ef328ebb3cdcd"", ""output_ref"": ""claim_a31925d406ed0862"", ""parent_claim_id"": ""A00579_17"", ""reason_code"": null, ""stage"": ""CLAIM_PARSE"", ""started_at"": ""2026-08-26T01:42:43.395147+00:00"", ""status"": ""PASS""}]"
A00630_16,1,claim_696fd653e7921dfb,claim_18a8259b786da120,2400억원,정부는 관세 대응 수출 바우처를 포함해 올해 연간 수출 바우처 예산(2400억원)의 90%를 상반기에 집중 투입한다는 방침이다.,예산,2400.0,억원,2025,연간,,,"{""item"": ""수출 바우처"", ""program_scope"": ""관세 대응 수출 바우처 포함""}","{""allocation_period"": ""상반기"", ""allocation_share"": ""90%""}",DIRECT_VALUE,"{""policy_status"": ""방침""}",,AUTO_OK,"올해 연간 수출 바우처 예산의 명시된 총액 2400억원에 대한 단일 예산 규모 주장으로, 상반기 90% 집중 투입 조건을 함께 구조화함.",MULTI_CLAIM_SPLIT,KOSIS_PIPELINE_ELIGIBLE,HOLD,NO_HARD_GUARD_CANDIDATE,,Y,UNDETERMINED,HOLD,NO_HARD_GUARD_CANDIDATE,N,,0,0,"{""canonical_name"": ""예산"", ""concept_id"": ""OBSERVED:c4cc2c7d2a86dcc6"", ""kosis_search_terms"": [""예산""], ""matched_alias"": ""예산"", ""standard_key"": ""observed_indicator_c4cc2c7d2a86dcc6"", ""status"": ""MATCHED""}",[],[],"{""eligible_for_official_search"": true, ""entries"": [{""required"": true, ""slot"": ""indicator"", ""status"": ""SOURCE"", ""value"": ""예산""}, {""required"": true, ""slot"": ""value"", ""status"": ""SOURCE"", ""value"": 2400.0}, {""required"": true, ""slot"": ""unit"", ""status"": ""SOURCE"", ""value"": ""억원""}, {""required"": true, ""slot"": ""time"", ""status"": ""SOURCE"", ""value"": ""2025""}, {""required"": false, ""slot"": ""frequency"", ""status"": ""SOURCE"", ""value"": ""연간""}, {""required"": false, ""slot"": ""region"", ""status"": ""NOT_APPLICABLE"", ""value"": null}, {""required"": false, ""slot"": ""population"", ""status"": ""NOT_APPLICABLE"", ""value"": null}, {""required"": false, ""slot"": ""dimension"", ""status"": ""SOURCE"", ""value"": {""item"": ""수출 바우처"", ""program_scope"": ""관세 대응 수출 바우처 포함""}}, {""required"": false, ""slot"": ""comparison"", ""status"": ""SOURCE"", ""value"": {""allocation_period"": ""상반기"", ""allocation_share"": ""90%""}}, {""required"": true, ""slot"": ""calculation"", ""status"": ""SOURCE"", ""value"": ""DIRECT_VALUE""}, {""required"": false, ""slot"": ""condition"", ""status"": ""SOURCE"", ""value"": {""policy_status"": ""방침""}}, {""required"": false, ""slot"": ""source_hint"", ""status"": ""NOT_APPLICABLE"", ""value"": null}], ""reason_codes"": []}","[{""attempt"": 1, ""child_claim_id"": ""claim_18a8259b786da120"", ""code_version"": ""admission-recovery-v3"", ""data_version"": ""claim-schema-v1"", ""finished_at"": ""2026-08-26T03:28:37.462336+00:00"", ""input_hash"": ""66d88340b7d680e509a14a43aefbf793930de45d90ae595b969f7d3c6f6d904e"", ""output_ref"": ""claim_18a8259b786da120"", ""parent_claim_id"": ""A00630_16"", ""reason_code"": null, ""stage"": ""CLAIM_SPLIT"", ""started_at"": ""2026-08-26T03:28:37.462336+00:00"", ""status"": ""PASS""}, {""attempt"": 1, ""child_claim_id"": ""claim_18a8259b786da120"", ""code_version"": ""admission-recovery-v3"", ""data_version"": ""claim-schema-v1"", ""finished_at"": ""2026-08-26T03:28:37.462336+00:00"", ""input_hash"": ""66d88340b7d680e509a14a43aefbf793930de45d90ae595b969f7d3c6f6d904e"", ""output_ref"": ""claim_18a8259b786da120"", ""parent_claim_id"": ""A00630_16"", ""reason_code"": null, ""stage"": ""CLAIM_PARSE"", ""started_at"": ""2026-08-26T03:28:37.462336+00:00"", ""status"": ""PASS""}]"
A00635_5,1,claim_fcc8fa522e6bb94d,claim_2697916a3f575ea4,1명,"지난달 취업자 10명 중 1명은 병원, 복지 기관, 정부가 제공하는 복지성 일자리 등에서 일한다는 뜻이다.",복지성 일자리 취업자,1.0,명,2025년 1월,월,,취업자,"{""일자리 유형"": ""병원·복지 기관·정부 제공 복지성 일자리 등""}","{""denominator_unit"": ""명"", ""denominator_value"": ""10"", ""type"": ""PART_TO_WHOLE""}",PART_TO_WHOLE,null,,HOLD,CLAIM_CALCULATION_UNSUPPORTED,MULTI_CLAIM_SPLIT,CONTEXT_REQUIRED,HUMAN_REVIEW,CLAIM_CALCULATION_UNSUPPORTED,,N,,,,N,,0,0,null,[],[],"{""eligible_for_official_search"": true, ""entries"": [{""required"": true, ""slot"": ""indicator"", ""status"": ""CONTEXT"", ""value"": ""복지성 일자리 취업자""}, {""required"": true, ""slot"": ""value"", ""status"": ""SOURCE"", ""value"": 1.0}, {""required"": true, ""slot"": ""unit"", ""status"": ""SOURCE"", ""value"": ""명""}, {""required"": true, ""slot"": ""time"", ""status"": ""SOURCE"", ""value"": ""2025년 1월""}, {""required"": false, ""slot"": ""frequency"", ""status"": ""SOURCE"", ""value"": ""월""}, {""required"": false, ""slot"": ""region"", ""status"": ""NOT_APPLICABLE"", ""value"": null}, {""required"": false, ""slot"": ""population"", ""status"": ""SOURCE"", ""value"": ""취업자""}, {""required"": false, ""slot"": ""dimension"", ""status"": ""CONTEXT"", ""value"": {""일자리 유형"": ""병원·복지 기관·정부 제공 복지성 일자리 등""}}, {""required"": false, ""slot"": ""comparison"", ""status"": ""CONTEXT"", ""value"": {""denominator_unit"": ""명"", ""denominator_value"": ""10"", ""type"": ""PART_TO_WHOLE""}}, {""required"": true, ""slot"": ""calculation"", ""status"": ""SOURCE"", ""value"": ""PART_TO_WHOLE""}, {""required"": false, ""slot"": ""condition"", ""status"": ""NOT_APPLICABLE"", ""value"": null}, {""required"": false, ""slot"": ""source_hint"", ""status"": ""NOT_APPLICABLE"", ""value"": null}], ""reason_codes"": []}","[{""attempt"": 1, ""child_claim_id"": ""claim_2697916a3f575ea4"", ""code_version"": ""admission-recovery-v3"", ""data_version"": ""claim-schema-v1"", ""finished_at"": ""2026-08-26T01:43:05.468949+00:00"", ""input_hash"": ""d98087289d6e39bd266d34a0a61f2e2cfaa032a8b5fcce3e623ed1974a391d2c"", ""output_ref"": ""claim_2697916a3f575ea4"", ""parent_claim_id"": ""A00635_5"", ""reason_code"": null, ""stage"": ""CLAIM_SPLIT"", ""started_at"": ""2026-08-26T01:43:05.468949+00:00"", ""status"": ""PASS""}, {""attempt"": 1, ""child_claim_id"": ""claim_2697916a3f575ea4"", ""code_version"": ""admission-recovery-v3"", ""data_version"": ""claim-schema-v1"", ""finished_at"": ""2026-08-26T01:43:05.468949+00:00"", ""input_hash"": ""d98087289d6e39bd266d34a0a61f2e2cfaa032a8b5fcce3e623ed1974a391d2c"", ""output_ref"": ""claim_2697916a3f575ea4"", ""parent_claim_id"": ""A00635_5"", ""reason_code"": ""CLAIM_CALCULATION_UNSUPPORTED"", ""stage"": ""CLAIM_PARSE"", ""started_at"": ""2026-08-26T01:43:05.468949+00:00"", ""status"": ""HUMAN_REVIEW""}]"
A00646_15,1,claim_234778d65b063b6b,claim_6f94a245cc5e3158,2400억원,정부는 이를 포함해 연간 수출 바우처 예산(2400억원)의 90%를 상반기에 집중 투입하기로 했다.,상반기 수출 바우처 예산 투입 비중,90.0,%,2025년 상반기,반기,,,"{""연간 예산"": ""2400억원"", ""예산 항목"": ""수출 바우처""}",null,SHARE,"{""계획 상태"": ""투입하기로 함""}",정부 발표,HOLD,TARGET_VALUE_NOT_IN_SOURCE_SENTENCE,MULTI_CLAIM_SPLIT,CONTEXT_REQUIRED,HUMAN_REVIEW,TARGET_VALUE_NOT_IN_SOURCE_SENTENCE,,N,,,,N,,0,0,null,[],[],"{""eligible_for_official_search"": false, ""entries"": [{""required"": true, ""slot"": ""indicator"", ""status"": ""SOURCE"", ""value"": ""상반기 수출 바우처 예산 투입 비중""}, {""required"": true, ""slot"": ""value"", ""status"": ""SOURCE"", ""value"": 90.0}, {""required"": true, ""slot"": ""unit"", ""status"": ""SOURCE"", ""value"": ""%""}, {""required"": true, ""slot"": ""time"", ""status"": ""SOURCE"", ""value"": ""2025년 상반기""}, {""required"": false, ""slot"": ""frequency"", ""status"": ""SOURCE"", ""value"": ""반기""}, {""required"": false, ""slot"": ""region"", ""status"": ""NOT_APPLICABLE"", ""value"": null}, {""required"": false, ""slot"": ""population"", ""status"": ""NOT_APPLICABLE"", ""value"": null}, {""required"": false, ""slot"": ""dimension"", ""status"": ""SOURCE"", ""value"": {""연간 예산"": ""2400억원"", ""예산 항목"": ""수출 바우처""}}, {""required"": true, ""slot"": ""comparison"", ""status"": ""MISSING"", ""value"": null}, {""required"": true, ""slot"": ""calculation"", ""status"": ""SOURCE"", ""value"": ""SHARE""}, {""required"": false, ""slot"": ""condition"", ""status"": ""SOURCE"", ""value"": {""계획 상태"": ""투입하기로 함""}}, {""required"": false, ""slot"": ""source_hint"", ""status"": ""SOURCE"", ""value"": ""정부 발표""}], ""reason_codes"": [""MISSING_REQUIRED_SLOTS:comparison""]}","[{""attempt"": 1, ""child_claim_id"": ""claim_6f94a245cc5e3158"", ""code_version"": ""admission-recovery-v3"", ""data_version"": ""claim-schema-v1"", ""finished_at"": ""2026-08-26T01:45:12.933659+00:00"", ""input_hash"": ""3cb91b1a3d4a49639ecdbda80d26421f992a627a2885b85269471173e81d6bf2"", ""output_ref"": ""claim_6f94a245cc5e3158"", ""parent_claim_id"": ""A00646_15"", ""reason_code"": null, ""stage"": ""CLAIM_SPLIT"", ""started_at"": ""2026-08-26T01:45:12.933659+00:00"", ""status"": ""PASS""}, {""attempt"": 1, ""child_claim_id"": ""claim_6f94a245cc5e3158"", ""code_version"": ""admission-recovery-v3"", ""data_version"": ""claim-schema-v1"", ""finished_at"": ""2026-08-26T01:45:12.933659+00:00"", ""input_hash"": ""3cb91b1a3d4a49639ecdbda80d26421f992a627a2885b85269471173e81d6bf2"", ""output_ref"": ""claim_6f94a245cc5e3158"", ""parent_claim_id"": ""A00646_15"", ""reason_code"": ""TARGET_VALUE_NOT_IN_SOURCE_SENTENCE"", ""stage"": ""CLAIM_PARSE"", ""started_at"": ""2026-08-26T01:45:12.933659+00:00"", ""status"": ""HUMAN_REVIEW""}]"
A00722_6,1,claim_7617d2fac19710d2,claim_a8b8c935e53da438,0.1%,"작년 4분기 경제성장률은 전 분기 대비 0.1%로, 외환 위기 직격탄을 맞았던 1998년 이후 처음으로 3개 분기 연속 0%대 안팎의 성장을 했다.",경제성장률,0.1,%,2024년 4분기,분기,,,null,"{""reference_period"": ""전 분기"", ""type"": ""QUARTER_OVER_QUARTER""}",GROWTH_RATE,"{""direction"": ""INCREASE""}",,AUTO_OK,,MULTI_CLAIM_SPLIT,KOSIS_PIPELINE_ELIGIBLE,HOLD,NO_EVIDENCE_COORDINATE_CANDIDATE,,N,UNDETERMINED,HOLD,NO_EVIDENCE_COORDINATE_CANDIDATE,N,,0,0,"{""canonical_name"": ""경제성장률"", ""concept_id"": ""C000014"", ""kosis_search_terms"": [], ""matched_alias"": ""경제성장률"", ""standard_key"": ""economic_growth_rate"", ""status"": ""MATCHED""}",[],[],"{""eligible_for_official_search"": true, ""entries"": [{""required"": true, ""slot"": ""indicator"", ""status"": ""SOURCE"", ""value"": ""경제성장률""}, {""required"": true, ""slot"": ""value"", ""status"": ""SOURCE"", ""value"": 0.1}, {""required"": true, ""slot"": ""unit"", ""status"": ""SOURCE"", ""value"": ""%""}, {""required"": true, ""slot"": ""time"", ""status"": ""SOURCE"", ""value"": ""2024년 4분기""}, {""required"": false, ""slot"": ""frequency"", ""status"": ""SOURCE"", ""value"": ""분기""}, {""required"": false, ""slot"": ""region"", ""status"": ""NOT_APPLICABLE"", ""value"": null}, {""required"": false, ""slot"": ""population"", ""status"": ""NOT_APPLICABLE"", ""value"": null}, {""required"": false, ""slot"": ""dimension"", ""status"": ""NOT_APPLICABLE"", ""value"": null}, {""required"": true, ""slot"": ""comparison"", ""status"": ""SOURCE"", ""value"": {""reference_period"": ""전 분기"", ""type"": ""QUARTER_OVER_QUARTER""}}, {""required"": true, ""slot"": ""calculation"", ""status"": ""SOURCE"", ""value"": ""GROWTH_RATE""}, {""required"": true, ""slot"": ""condition"", ""status"": ""SOURCE"", ""value"": {""direction"": ""INCREASE""}}, {""required"": false, ""slot"": ""source_hint"", ""status"": ""NOT_APPLICABLE"", ""value"": null}], ""reason_codes"": []}","[{""attempt"": 1, ""child_claim_id"": ""claim_a8b8c935e53da438"", ""code_version"": ""admission-recovery-v3"", ""data_version"": ""claim-schema-v1"", ""finished_at"": ""2026-08-26T01:45:36.645131+00:00"", ""input_hash"": ""98ab4d01d57f775aea54beb19f064ad62fb9a440a062e9df52806be6203aef62"", ""output_ref"": ""claim_a8b8c935e53da438"", ""parent_claim_id"": ""A00722_6"", ""reason_code"": null, ""stage"": ""CLAIM_SPLIT"", ""started_at"": ""2026-08-26T01:45:36.645131+00:00"", ""status"": ""PASS""}, {""attempt"": 1, ""child_claim_id"": ""claim_a8b8c935e53da438"", ""code_version"": ""admission-recovery-v3"", ""data_version"": ""claim-schema-v1"", ""finished_at"": ""2026-08-26T01:45:36.645131+00:00"", ""input_hash"": ""98ab4d01d57f775aea54beb19f064ad62fb9a440a062e9df52806be6203aef62"", ""output_ref"": ""claim_a8b8c935e53da438"", ""parent_claim_id"": ""A00722_6"", ""reason_code"": null, ""stage"": ""CLAIM_PARSE"", ""started_at"": ""2026-08-26T01:45:36.645131+00:00"", ""status"": ""PASS""}]"
A00735_6,1,claim_5095c98de43d1375,claim_6899362d0f00e6c9,1.9%,"하지만 작년 8월 2.1%로 낮췄고, 수출 둔화세가 본격화한 작년 3분기(7~9월) 이후인 작년 11월에는 이를 1.9%로 내려잡았다.",,1.9,%,작년 11월,,,,null,"{""direction"": ""DECREASE"", ""reference_period"": ""작년 8월"", ""reference_value"": ""2.1""}",DIRECT_VALUE,"{""direction"": ""DECREASE""}",,HOLD,"목표 수치 1.9%와 기준 수치 2.1%는 명확하지만, 대명사 '이를'이 가리키는 구체적 지표가 문장에 명시되지 않음",MULTI_CLAIM_SPLIT,STRUCTURAL_HOLD,HUMAN_REVIEW,"목표 수치 1.9%와 기준 수치 2.1%는 명확하지만, 대명사 '이를'이 가리키는 구체적 지표가 문장에 명시되지 않음",,N,,,,N,,0,0,null,[],[],"{""eligible_for_official_search"": false, ""entries"": [{""required"": true, ""slot"": ""indicator"", ""status"": ""MISSING"", ""value"": null}, {""required"": true, ""slot"": ""value"", ""status"": ""SOURCE"", ""value"": 1.9}, {""required"": true, ""slot"": ""unit"", ""status"": ""SOURCE"", ""value"": ""%""}, {""required"": true, ""slot"": ""time"", ""status"": ""SOURCE"", ""value"": ""작년 11월""}, {""required"": false, ""slot"": ""frequency"", ""status"": ""NOT_APPLICABLE"", ""value"": null}, {""required"": false, ""slot"": ""region"", ""status"": ""NOT_APPLICABLE"", ""value"": null}, {""required"": false, ""slot"": ""population"", ""status"": ""NOT_APPLICABLE"", ""value"": null}, {""required"": false, ""slot"": ""dimension"", ""status"": ""NOT_APPLICABLE"", ""value"": null}, {""required"": false, ""slot"": ""comparison"", ""status"": ""SOURCE"", ""value"": {""direction"": ""DECREASE"", ""reference_period"": ""작년 8월"", ""reference_value"": ""2.1""}}, {""required"": true, ""slot"": ""calculation"", ""status"": ""SOURCE"", ""value"": ""DIRECT_VALUE""}, {""required"": false, ""slot"": ""condition"", ""status"": ""SOURCE"", ""value"": {""direction"": ""DECREASE""}}, {""required"": false, ""slot"": ""source_hint"", ""status"": ""NOT_APPLICABLE"", ""value"": null}], ""reason_codes"": [""MISSING_REQUIRED_SLOTS:indicator""]}","[{""attempt"": 1, ""child_claim_id"": ""claim_6899362d0f00e6c9"", ""code_version"": ""admission-recovery-v3"", ""data_version"": ""claim-schema-v1"", ""finished_at"": ""2026-08-26T01:45:47.053666+00:00"", ""input_hash"": ""3d457c35eb6a5c09efa1db191532b7072380e5cda5202312651446c1031c3b52"", ""output_ref"": ""claim_6899362d0f00e6c9"", ""parent_claim_id"": ""A00735_6"", ""reason_code"": null, ""stage"": ""CLAIM_SPLIT"", ""started_at"": ""2026-08-26T01:45:47.053666+00:00"", ""status"": ""PASS""}, {""attempt"": 1, ""child_claim_id"": ""claim_6899362d0f00e6c9"", ""code_version"": ""admission-recovery-v3"", ""data_version"": ""claim-schema-v1"", ""finished_at"": ""2026-08-26T01:45:47.053666+00:00"", ""input_hash"": ""3d457c35eb6a5c09efa1db191532b7072380e5cda5202312651446c1031c3b52"", ""output_ref"": ""claim_6899362d0f00e6c9"", ""parent_claim_id"": ""A00735_6"", ""reason_code"": ""목표 수치 1.9%와 기준 수치 2.1%는 명확하지만, 대명사 '이를'이 가리키는 구체적 지표가 문장에 명시되지 않음"", ""stage"": ""CLAIM_PARSE"", ""started_at"": ""2026-08-26T01:45:47.053666+00:00"", ""status"": ""HUMAN_REVIEW""}]"
A00749_14,1,claim_0d6482ba1fa9a6ab,claim_1aa874f2b5ac8624,73만명,"1990년 64만9000명대였던 출생아 수가 1991년 70만9000명대로 뛰어오른 데 이어, 올해 33세인 1992년생은 출생아 수가 73만명대로 2차 에코 붐 세대 중에서도 가장 많았기 때문이다.",출생아 수,730000.0,명,1992년,연간,,1992년생,"{""세대"": ""2차 에코 붐 세대""}","{""ranking_context"": ""2차 에코 붐 세대 중 가장 많음"", ""reference_period"": ""1990년, 1991년"", ""reference_value"": ""649000명대, 709000명대"", ""type"": ""REFERENCE_VALUES""}",DIRECT_VALUE,null,,AUTO_OK,"1992년생의 출생아 수라는 단일 수치가 명시되어 있고, 1990·1991년 수치는 역사적 비교값으로 함께 제시됨",MULTI_CLAIM_SPLIT,KOSIS_PIPELINE_ELIGIBLE,HOLD,NO_HARD_GUARD_CANDIDATE,,N,UNDETERMINED,HOLD,NO_HARD_GUARD_CANDIDATE,N,,0,0,"{""canonical_name"": ""출생아 수"", ""concept_id"": ""C000019"", ""kosis_search_terms"": [], ""matched_alias"": ""출생아 수"", ""standard_key"": ""birth_count"", ""status"": ""MATCHED""}",[],[],"{""eligible_for_official_search"": true, ""entries"": [{""required"": true, ""slot"": ""indicator"", ""status"": ""SOURCE"", ""value"": ""출생아 수""}, {""required"": true, ""slot"": ""value"", ""status"": ""SOURCE"", ""value"": 730000.0}, {""required"": true, ""slot"": ""unit"", ""status"": ""SOURCE"", ""value"": ""명""}, {""required"": true, ""slot"": ""time"", ""status"": ""SOURCE"", ""value"": ""1992년""}, {""required"": false, ""slot"": ""frequency"", ""status"": ""SOURCE"", ""value"": ""연간""}, {""required"": false, ""slot"": ""region"", ""status"": ""NOT_APPLICABLE"", ""value"": null}, {""required"": false, ""slot"": ""population"", ""status"": ""SOURCE"", ""value"": ""1992년생""}, {""required"": false, ""slot"": ""dimension"", ""status"": ""SOURCE"", ""value"": {""세대"": ""2차 에코 붐 세대""}}, {""required"": false, ""slot"": ""comparison"", ""status"": ""SOURCE"", ""value"": {""ranking_context"": ""2차 에코 붐 세대 중 가장 많음"", ""reference_period"": ""1990년, 1991년"", ""reference_value"": ""649000명대, 709000명대"", ""type"": ""REFERENCE_VALUES""}}, {""required"": true, ""slot"": ""calculation"", ""status"": ""SOURCE"", ""value"": ""DIRECT_VALUE""}, {""required"": false, ""slot"": ""condition"", ""status"": ""NOT_APPLICABLE"", ""value"": null}, {""required"": false, ""slot"": ""source_hint"", ""status"": ""NOT_APPLICABLE"", ""value"": null}], ""reason_codes"": []}","[{""attempt"": 1, ""child_claim_id"": ""claim_1aa874f2b5ac8624"", ""code_version"": ""admission-recovery-v3"", ""data_version"": ""claim-schema-v1"", ""finished_at"": ""2026-08-26T01:46:23.955549+00:00"", ""input_hash"": ""6e0f3faf158a2e2cb9910fb11880acf99dfb0da093a21817c5de0344c6032bf4"", ""output_ref"": ""claim_1aa874f2b5ac8624"", ""parent_claim_id"": ""A00749_14"", ""reason_code"": null, ""stage"": ""CLAIM_SPLIT"", ""started_at"": ""2026-08-26T01:46:23.955549+00:00"", ""status"": ""PASS""}, {""attempt"": 1, ""child_claim_id"": ""claim_1aa874f2b5ac8624"", ""code_version"": ""admission-recovery-v3"", ""data_version"": ""claim-schema-v1"", ""finished_at"": ""2026-08-26T01:46:23.955549+00:00"", ""input_hash"": ""6e0f3faf158a2e2cb9910fb11880acf99dfb0da093a21817c5de0344c6032bf4"", ""output_ref"": ""claim_1aa874f2b5ac8624"", ""parent_claim_id"": ""A00749_14"", ""reason_code"": null, ""stage"": ""CLAIM_PARSE"", ""started_at"": ""2026-08-26T01:46:23.955549+00:00"", ""status"": ""PASS""}]"
A00749_24,1,claim_a4c35c85011066cd,claim_51f06d1fd9510a12,69만1226명,"출생아 수는 1995년생(69만1226명)부터 60만명대로 내려앉고, 2001년생은 50만명대(55만9934명), 2002년생(49만6911명)부터는 40만명대로 줄어든다.",출생아 수,691226.0,명,1995년,,,,"{""출생연도"": ""1995년생""}",null,DIRECT_VALUE,null,,AUTO_OK,,MULTI_CLAIM_SPLIT,KOSIS_PIPELINE_ELIGIBLE,HOLD,NO_HARD_GUARD_CANDIDATE,,N,UNDETERMINED,HOLD,NO_HARD_GUARD_CANDIDATE,N,,0,0,"{""canonical_name"": ""출생아 수"", ""concept_id"": ""C000019"", ""kosis_search_terms"": [], ""matched_alias"": ""출생아 수"", ""standard_key"": ""birth_count"", ""status"": ""MATCHED""}",[],[],"{""eligible_for_official_search"": true, ""entries"": [{""required"": true, ""slot"": ""indicator"", ""status"": ""SOURCE"", ""value"": ""출생아 수""}, {""required"": true, ""slot"": ""value"", ""status"": ""SOURCE"", ""value"": 691226.0}, {""required"": true, ""slot"": ""unit"", ""status"": ""SOURCE"", ""value"": ""명""}, {""required"": true, ""slot"": ""time"", ""status"": ""SOURCE"", ""value"": ""1995년""}, {""required"": false, ""slot"": ""frequency"", ""status"": ""NORMALIZED"", ""value"": ""년""}, {""required"": false, ""slot"": ""region"", ""status"": ""NOT_APPLICABLE"", ""value"": null}, {""required"": false, ""slot"": ""population"", ""status"": ""NOT_APPLICABLE"", ""value"": null}, {""required"": false, ""slot"": ""dimension"", ""status"": ""SOURCE"", ""value"": {""출생연도"": ""1995년생""}}, {""required"": false, ""slot"": ""comparison"", ""status"": ""NOT_APPLICABLE"", ""value"": null}, {""required"": true, ""slot"": ""calculation"", ""status"": ""SOURCE"", ""value"": ""DIRECT_VALUE""}, {""required"": false, ""slot"": ""condition"", ""status"": ""NOT_APPLICABLE"", ""value"": null}, {""required"": false, ""slot"": ""source_hint"", ""status"": ""NOT_APPLICABLE"", ""value"": null}], ""reason_codes"": []}","[{""attempt"": 1, ""child_claim_id"": ""claim_51f06d1fd9510a12"", ""code_version"": ""admission-recovery-v3"", ""data_version"": ""claim-schema-v1"", ""finished_at"": ""2026-08-26T01:47:02.190519+00:00"", ""input_hash"": ""464dd1355bd9e9178c05ff6df36c80dd29c60ed2344e116b0764b9bcc9936fde"", ""output_ref"": ""claim_51f06d1fd9510a12"", ""parent_claim_id"": ""A00749_24"", ""reason_code"": null, ""stage"": ""CLAIM_SPLIT"", ""started_at"": ""2026-08-26T01:47:02.190519+00:00"", ""status"": ""PASS""}, {""attempt"": 1, ""child_claim_id"": ""claim_51f06d1fd9510a12"", ""code_version"": ""admission-recovery-v3"", ""data_version"": ""claim-schema-v1"", ""finished_at"": ""2026-08-26T01:47:02.190519+00:00"", ""input_hash"": ""464dd1355bd9e9178c05ff6df36c80dd29c60ed2344e116b0764b9bcc9936fde"", ""output_ref"": ""claim_51f06d1fd9510a12"", ""parent_claim_id"": ""A00749_24"", ""reason_code"": null, ""stage"": ""CLAIM_PARSE"", ""started_at"": ""2026-08-26T01:47:02.190519+00:00"", ""status"": ""PASS""}]"
A00749_24,2,claim_4ec273e3eb5dc413,claim_2f9cd8f9470671d9,55만9934명,"출생아 수는 1995년생(69만1226명)부터 60만명대로 내려앉고, 2001년생은 50만명대(55만9934명), 2002년생(49만6911명)부터는 40만명대로 줄어든다.",출생아 수,559934.0,명,2001년,연간,대한민국,출생아,"{""출생연도"": ""2001년""}","{""reference_period"": ""2002년생"", ""reference_value"": ""49만6911명"", ""stated_range"": ""50만명대""}",DIRECT_VALUE,null,,AUTO_OK,"2001년생 출생아 수의 정확한 수치 55만9934명이 명시되어 있고, 50만명대라는 범위가 함께 제시됨",MULTI_CLAIM_SPLIT,KOSIS_PIPELINE_ELIGIBLE,HOLD,NO_HARD_GUARD_CANDIDATE,,N,UNDETERMINED,HOLD,NO_HARD_GUARD_CANDIDATE,N,,0,0,"{""canonical_name"": ""출생아 수"", ""concept_id"": ""C000019"", ""kosis_search_terms"": [], ""matched_alias"": ""출생아 수"", ""standard_key"": ""birth_count"", ""status"": ""MATCHED""}",[],[],"{""eligible_for_official_search"": true, ""entries"": [{""required"": true, ""slot"": ""indicator"", ""status"": ""SOURCE"", ""value"": ""출생아 수""}, {""required"": true, ""slot"": ""value"", ""status"": ""SOURCE"", ""value"": 559934.0}, {""required"": true, ""slot"": ""unit"", ""status"": ""SOURCE"", ""value"": ""명""}, {""required"": true, ""slot"": ""time"", ""status"": ""SOURCE"", ""value"": ""2001년""}, {""required"": false, ""slot"": ""frequency"", ""status"": ""SOURCE"", ""value"": ""연간""}, {""required"": false, ""slot"": ""region"", ""status"": ""SOURCE"", ""value"": ""대한민국""}, {""required"": false, ""slot"": ""population"", ""status"": ""SOURCE"", ""value"": ""출생아""}, {""required"": false, ""slot"": ""dimension"", ""status"": ""SOURCE"", ""value"": {""출생연도"": ""2001년""}}, {""required"": false, ""slot"": ""comparison"", ""status"": ""SOURCE"", ""value"": {""reference_period"": ""2002년생"", ""reference_value"": ""49만6911명"", ""stated_range"": ""50만명대""}}, {""required"": true, ""slot"": ""calculation"", ""status"": ""SOURCE"", ""value"": ""DIRECT_VALUE""}, {""required"": false, ""slot"": ""condition"", ""status"": ""NOT_APPLICABLE"", ""value"": null}, {""required"": false, ""slot"": ""source_hint"", ""status"": ""NOT_APPLICABLE"", ""value"": null}], ""reason_codes"": []}","[{""attempt"": 1, ""child_claim_id"": ""claim_2f9cd8f9470671d9"", ""code_version"": ""admission-recovery-v3"", ""data_version"": ""claim-schema-v1"", ""finished_at"": ""2026-08-26T01:47:02.190519+00:00"", ""input_hash"": ""464dd1355bd9e9178c05ff6df36c80dd29c60ed2344e116b0764b9bcc9936fde"", ""output_ref"": ""claim_2f9cd8f9470671d9"", ""parent_claim_id"": ""A00749_24"", ""reason_code"": null, ""stage"": ""CLAIM_SPLIT"", ""started_at"": ""2026-08-26T01:47:02.190519+00:00"", ""status"": ""PASS""}, {""attempt"": 1, ""child_claim_id"": ""claim_2f9cd8f9470671d9"", ""code_version"": ""admission-recovery-v3"", ""data_version"": ""claim-schema-v1"", ""finished_at"": ""2026-08-26T01:47:02.190519+00:00"", ""input_hash"": ""464dd1355bd9e9178c05ff6df36c80dd29c60ed2344e116b0764b9bcc9936fde"", ""output_ref"": ""claim_2f9cd8f9470671d9"", ""parent_claim_id"": ""A00749_24"", ""reason_code"": null, ""stage"": ""CLAIM_PARSE"", ""started_at"": ""2026-08-26T01:47:02.190519+00:00"", ""status"": ""PASS""}]"
A00749_24,3,claim_0549fe7976730903,claim_84bae48b8f1d64fa,49만6911명,"출생아 수는 1995년생(69만1226명)부터 60만명대로 내려앉고, 2001년생은 50만명대(55만9934명), 2002년생(49만6911명)부터는 40만명대로 줄어든다.",출생아 수,496911.0,명,2002년,연간,대한민국,,"{""출생 코호트"": ""2002년생""}","{""band"": ""40만명대"", ""reference_period"": ""2001년생"", ""reference_value"": ""559934"", ""relation"": ""DECREASE""}",DIRECT_VALUE,null,기사 원문에 제시된 2002년생 출생아 수,AUTO_OK,"2002년생의 출생아 수라는 단일 명확한 수치(49만6911명)를 추출했으며, 2001년생 수치와 40만명대라는 비교 맥락을 함께 보존함.",MULTI_CLAIM_SPLIT,KOSIS_PIPELINE_ELIGIBLE,HOLD,NO_HARD_GUARD_CANDIDATE,,N,UNDETERMINED,HOLD,NO_HARD_GUARD_CANDIDATE,N,,0,0,"{""canonical_name"": ""출생아 수"", ""concept_id"": ""C000019"", ""kosis_search_terms"": [], ""matched_alias"": ""출생아 수"", ""standard_key"": ""birth_count"", ""status"": ""MATCHED""}",[],[],"{""eligible_for_official_search"": true, ""entries"": [{""required"": true, ""slot"": ""indicator"", ""status"": ""SOURCE"", ""value"": ""출생아 수""}, {""required"": true, ""slot"": ""value"", ""status"": ""SOURCE"", ""value"": 496911.0}, {""required"": true, ""slot"": ""unit"", ""status"": ""SOURCE"", ""value"": ""명""}, {""required"": true, ""slot"": ""time"", ""status"": ""SOURCE"", ""value"": ""2002년""}, {""required"": false, ""slot"": ""frequency"", ""status"": ""SOURCE"", ""value"": ""연간""}, {""required"": false, ""slot"": ""region"", ""status"": ""SOURCE"", ""value"": ""대한민국""}, {""required"": false, ""slot"": ""population"", ""status"": ""NOT_APPLICABLE"", ""value"": null}, {""required"": false, ""slot"": ""dimension"", ""status"": ""SOURCE"", ""value"": {""출생 코호트"": ""2002년생""}}, {""required"": false, ""slot"": ""comparison"", ""status"": ""SOURCE"", ""value"": {""band"": ""40만명대"", ""reference_period"": ""2001년생"", ""reference_value"": ""559934"", ""relation"": ""DECREASE""}}, {""required"": true, ""slot"": ""calculation"", ""status"": ""SOURCE"", ""value"": ""DIRECT_VALUE""}, {""required"": false, ""slot"": ""condition"", ""status"": ""NOT_APPLICABLE"", ""value"": null}, {""required"": false, ""slot"": ""source_hint"", ""status"": ""SOURCE"", ""value"": ""기사 원문에 제시된 2002년생 출생아 수""}], ""reason_codes"": []}","[{""attempt"": 1, ""child_claim_id"": ""claim_84bae48b8f1d64fa"", ""code_version"": ""admission-recovery-v3"", ""data_version"": ""claim-schema-v1"", ""finished_at"": ""2026-08-26T01:47:02.190519+00:00"", ""input_hash"": ""464dd1355bd9e9178c05ff6df36c80dd29c60ed2344e116b0764b9bcc9936fde"", ""output_ref"": ""claim_84bae48b8f1d64fa"", ""parent_claim_id"": ""A00749_24"", ""reason_code"": null, ""stage"": ""CLAIM_SPLIT"", ""started_at"": ""2026-08-26T01:47:02.190519+00:00"", ""status"": ""PASS""}, {""attempt"": 1, ""child_claim_id"": ""claim_84bae48b8f1d64fa"", ""code_version"": ""admission-recovery-v3"", ""data_version"": ""claim-schema-v1"", ""finished_at"": ""2026-08-26T01:47:02.190519+00:00"", ""input_hash"": ""464dd1355bd9e9178c05ff6df36c80dd29c60ed2344e116b0764b9bcc9936fde"", ""output_ref"": ""claim_84bae48b8f1d64fa"", ""parent_claim_id"": ""A00749_24"", ""reason_code"": null, ""stage"": ""CLAIM_PARSE"", ""started_at"": ""2026-08-26T01:47:02.190519+00:00"", ""status"": ""PASS""}]"
A00751_27,1,claim_ab7eebfc50678e82,claim_7119ecd951a1cbcc,4%,"실업률은 4% 수준이고, 작년 12월에는 일자리 25만개가 새로 만들어졌다.",실업률,4.0,%,,,,,null,null,DIRECT_VALUE,null,,HOLD,실업률 4%라는 단일 수치는 명확하지만 대상 인구와 기준 시점이 본문에 직접 제시되지 않아 충분한 슬롯을 확정할 수 없음,MULTI_CLAIM_SPLIT,STRUCTURAL_HOLD,HUMAN_REVIEW,실업률 4%라는 단일 수치는 명확하지만 대상 인구와 기준 시점이 본문에 직접 제시되지 않아 충분한 슬롯을 확정할 수 없음,,Y,,,,N,,0,0,null,[],[],"{""eligible_for_official_search"": false, ""entries"": [{""required"": true, ""slot"": ""indicator"", ""status"": ""SOURCE"", ""value"": ""실업률""}, {""required"": true, ""slot"": ""value"", ""status"": ""SOURCE"", ""value"": 4.0}, {""required"": true, ""slot"": ""unit"", ""status"": ""SOURCE"", ""value"": ""%""}, {""required"": true, ""slot"": ""time"", ""status"": ""MISSING"", ""value"": null}, {""required"": false, ""slot"": ""frequency"", ""status"": ""NOT_APPLICABLE"", ""value"": null}, {""required"": false, ""slot"": ""region"", ""status"": ""NOT_APPLICABLE"", ""value"": null}, {""required"": false, ""slot"": ""population"", ""status"": ""NOT_APPLICABLE"", ""value"": null}, {""required"": false, ""slot"": ""dimension"", ""status"": ""NOT_APPLICABLE"", ""value"": null}, {""required"": false, ""slot"": ""comparison"", ""status"": ""NOT_APPLICABLE"", ""value"": null}, {""required"": true, ""slot"": ""calculation"", ""status"": ""SOURCE"", ""value"": ""DIRECT_VALUE""}, {""required"": false, ""slot"": ""condition"", ""status"": ""NOT_APPLICABLE"", ""value"": null}, {""required"": false, ""slot"": ""source_hint"", ""status"": ""NOT_APPLICABLE"", ""value"": null}], ""reason_codes"": [""MISSING_REQUIRED_SLOTS:time""]}","[{""attempt"": 1, ""child_claim_id"": ""claim_7119ecd951a1cbcc"", ""code_version"": ""admission-recovery-v3"", ""data_version"": ""claim-schema-v1"", ""finished_at"": ""2026-08-26T03:29:11.895523+00:00"", ""input_hash"": ""7e1f32deee4760a4998aa5254c140a4056c96e8159913ccb8ad1194be9e67b9f"", ""output_ref"": ""claim_7119ecd951a1cbcc"", ""parent_claim_id"": ""A00751_27"", ""reason_code"": null, ""stage"": ""CLAIM_SPLIT"", ""started_at"": ""2026-08-26T03:29:11.895523+00:00"", ""status"": ""PASS""}, {""attempt"": 1, ""child_claim_id"": ""claim_7119ecd951a1cbcc"", ""code_version"": ""admission-recovery-v3"", ""data_version"": ""claim-schema-v1"", ""finished_at"": ""2026-08-26T03:29:11.895523+00:00"", ""input_hash"": ""7e1f32deee4760a4998aa5254c140a4056c96e8159913ccb8ad1194be9e67b9f"", ""output_ref"": ""claim_7119ecd951a1cbcc"", ""parent_claim_id"": ""A00751_27"", ""reason_code"": ""실업률 4%라는 단일 수치는 명확하지만 대상 인구와 기준 시점이 본문에 직접 제시되지 않아 충분한 슬롯을 확정할 수 없음"", ""stage"": ""CLAIM_PARSE"", ""started_at"": ""2026-08-26T03:29:11.895523+00:00"", ""status"": ""HUMAN_REVIEW""}]"
A00751_27,2,claim_e2ed9bf16de852a0,claim_0d135cb2f55e7669,25만개,"실업률은 4% 수준이고, 작년 12월에는 일자리 25만개가 새로 만들어졌다.",일자리,250000.0,개,2024년 12월,월,,,null,null,DIRECT_VALUE,null,,AUTO_OK,,MULTI_CLAIM_SPLIT,KOSIS_PIPELINE_ELIGIBLE,HOLD,NO_HARD_GUARD_CANDIDATE,,Y,UNDETERMINED,HOLD,NO_HARD_GUARD_CANDIDATE,N,,0,0,"{""canonical_name"": ""일자리"", ""concept_id"": ""OBSERVED:b5f09931e50d69ee"", ""kosis_search_terms"": [""일자리""], ""matched_alias"": ""일자리"", ""standard_key"": ""observed_indicator_b5f09931e50d69ee"", ""status"": ""MATCHED""}",[],[],"{""eligible_for_official_search"": true, ""entries"": [{""required"": true, ""slot"": ""indicator"", ""status"": ""SOURCE"", ""value"": ""일자리""}, {""required"": true, ""slot"": ""value"", ""status"": ""SOURCE"", ""value"": 250000.0}, {""required"": true, ""slot"": ""unit"", ""status"": ""SOURCE"", ""value"": ""개""}, {""required"": true, ""slot"": ""time"", ""status"": ""SOURCE"", ""value"": ""2024년 12월""}, {""required"": false, ""slot"": ""frequency"", ""status"": ""SOURCE"", ""value"": ""월""}, {""required"": false, ""slot"": ""region"", ""status"": ""NOT_APPLICABLE"", ""value"": null}, {""required"": false, ""slot"": ""population"", ""status"": ""NOT_APPLICABLE"", ""value"": null}, {""required"": false, ""slot"": ""dimension"", ""status"": ""NOT_APPLICABLE"", ""value"": null}, {""required"": false, ""slot"": ""comparison"", ""status"": ""NOT_APPLICABLE"", ""value"": null}, {""required"": true, ""slot"": ""calculation"", ""status"": ""SOURCE"", ""value"": ""DIRECT_VALUE""}, {""required"": false, ""slot"": ""condition"", ""status"": ""NOT_APPLICABLE"", ""value"": null}, {""required"": false, ""slot"": ""source_hint"", ""status"": ""NOT_APPLICABLE"", ""value"": null}], ""reason_codes"": []}","[{""attempt"": 1, ""child_claim_id"": ""claim_0d135cb2f55e7669"", ""code_version"": ""admission-recovery-v3"", ""data_version"": ""claim-schema-v1"", ""finished_at"": ""2026-08-26T03:29:11.896519+00:00"", ""input_hash"": ""7e1f32deee4760a4998aa5254c140a4056c96e8159913ccb8ad1194be9e67b9f"", ""output_ref"": ""claim_0d135cb2f55e7669"", ""parent_claim_id"": ""A00751_27"", ""reason_code"": null, ""stage"": ""CLAIM_SPLIT"", ""started_at"": ""2026-08-26T03:29:11.896519+00:00"", ""status"": ""PASS""}, {""attempt"": 1, ""child_claim_id"": ""claim_0d135cb2f55e7669"", ""code_version"": ""admission-recovery-v3"", ""data_version"": ""claim-schema-v1"", ""finished_at"": ""2026-08-26T03:29:11.896519+00:00"", ""input_hash"": ""7e1f32deee4760a4998aa5254c140a4056c96e8159913ccb8ad1194be9e67b9f"", ""output_ref"": ""claim_0d135cb2f55e7669"", ""parent_claim_id"": ""A00751_27"", ""reason_code"": null, ""stage"": ""CLAIM_PARSE"", ""started_at"": ""2026-08-26T03:29:11.896519+00:00"", ""status"": ""PASS""}]"
A00922_25,1,claim_0891b38fe687ca41,claim_fc6661162e03cec1,6만5000명,도·소매업 취업자는 6만5000명 감소하며 지난해 3월(-1만4000명)부터 1년째 감소세가 이어지고 있다.,취업자,65000.0,명,2025년 3월,월,,취업자,"{""industry"": ""도·소매업""}","{""reference_period"": ""2024-03"", ""reference_value"": ""-14000"", ""type"": ""REFERENCE_VALUE""}",DIRECT_VALUE,"{""direction"": ""DECREASE""}",article_published_at 2025-03-12 기준 '지난해 3월'은 2024년 3월,AUTO_OK,,MULTI_CLAIM_SPLIT,KOSIS_PIPELINE_ELIGIBLE,HOLD,NO_HARD_GUARD_CANDIDATE,,N,UNDETERMINED,HOLD,NO_HARD_GUARD_CANDIDATE,N,,0,0,"{""canonical_name"": ""취업자 수"", ""concept_id"": ""C000008"", ""kosis_search_terms"": [""경제활동인구조사 취업자"", ""산업별 취업자""], ""matched_alias"": ""취업자"", ""standard_key"": ""employment_count"", ""status"": ""MATCHED""}",[],[],"{""eligible_for_official_search"": true, ""entries"": [{""required"": true, ""slot"": ""indicator"", ""status"": ""SOURCE"", ""value"": ""취업자""}, {""required"": true, ""slot"": ""value"", ""status"": ""SOURCE"", ""value"": 65000.0}, {""required"": true, ""slot"": ""unit"", ""status"": ""SOURCE"", ""value"": ""명""}, {""required"": true, ""slot"": ""time"", ""status"": ""SOURCE"", ""value"": ""2025년 3월""}, {""required"": false, ""slot"": ""frequency"", ""status"": ""SOURCE"", ""value"": ""월""}, {""required"": false, ""slot"": ""region"", ""status"": ""NOT_APPLICABLE"", ""value"": null}, {""required"": false, ""slot"": ""population"", ""status"": ""SOURCE"", ""value"": ""취업자""}, {""required"": false, ""slot"": ""dimension"", ""status"": ""SOURCE"", ""value"": {""industry"": ""도·소매업""}}, {""required"": false, ""slot"": ""comparison"", ""status"": ""SOURCE"", ""value"": {""reference_period"": ""2024-03"", ""reference_value"": ""-14000"", ""type"": ""REFERENCE_VALUE""}}, {""required"": true, ""slot"": ""calculation"", ""status"": ""SOURCE"", ""value"": ""DIRECT_VALUE""}, {""required"": false, ""slot"": ""condition"", ""status"": ""SOURCE"", ""value"": {""direction"": ""DECREASE""}}, {""required"": false, ""slot"": ""source_hint"", ""status"": ""SOURCE"", ""value"": ""article_published_at 2025-03-12 기준 '지난해 3월'은 2024년 3월""}], ""reason_codes"": []}","[{""attempt"": 1, ""child_claim_id"": ""claim_fc6661162e03cec1"", ""code_version"": ""admission-recovery-v3"", ""data_version"": ""claim-schema-v1"", ""finished_at"": ""2026-08-26T01:48:14.522961+00:00"", ""input_hash"": ""96a5d7caee2ff2c4ffb17110994c5b8385b6106b2929c9eb4ec3d7dc6e7ade85"", ""output_ref"": ""claim_fc6661162e03cec1"", ""parent_claim_id"": ""A00922_25"", ""reason_code"": null, ""stage"": ""CLAIM_SPLIT"", ""started_at"": ""2026-08-26T01:48:14.522961+00:00"", ""status"": ""PASS""}, {""attempt"": 1, ""child_claim_id"": ""claim_fc6661162e03cec1"", ""code_version"": ""admission-recovery-v3"", ""data_version"": ""claim-schema-v1"", ""finished_at"": ""2026-08-26T01:48:14.522961+00:00"", ""input_hash"": ""96a5d7caee2ff2c4ffb17110994c5b8385b6106b2929c9eb4ec3d7dc6e7ade85"", ""output_ref"": ""claim_fc6661162e03cec1"", ""parent_claim_id"": ""A00922_25"", ""reason_code"": null, ""stage"": ""CLAIM_PARSE"", ""started_at"": ""2026-08-26T01:48:14.522961+00:00"", ""status"": ""PASS""}]"
A00953_14,1,claim_990e2230f27dbd12,A00953_14,21개,실제 본지가 소비자물가정보서비스에서 원재료와 제품값 상승률을 비교한 가공식품 21개 중에서는 지난해 원재료 가격이 떨어졌는데도 제품값이 오른 품목이 10개나 됐다.,소비자물가 상승률,21.0,개,2024,Y,,,null,"{""claimed_operands"": ""[{'raw': '10개', 'value': 10.0, 'unit': '개'}]""}",DIRECT_VALUE,"{""direction"": ""DECREASE""}",,HOLD,GROUPING_AMBIGUOUS,MULTI_CLAIM_SPLIT,STRUCTURAL_HOLD,HUMAN_REVIEW,GROUPING_AMBIGUOUS,,Y,,,,N,,0,0,null,[],[],"{""eligible_for_official_search"": true, ""entries"": [{""required"": true, ""slot"": ""indicator"", ""status"": ""SOURCE"", ""value"": ""소비자물가 상승률""}, {""required"": true, ""slot"": ""value"", ""status"": ""SOURCE"", ""value"": 21.0}, {""required"": true, ""slot"": ""unit"", ""status"": ""SOURCE"", ""value"": ""개""}, {""required"": true, ""slot"": ""time"", ""status"": ""SOURCE"", ""value"": ""2024""}, {""required"": false, ""slot"": ""frequency"", ""status"": ""SOURCE"", ""value"": ""Y""}, {""required"": false, ""slot"": ""region"", ""status"": ""NOT_APPLICABLE"", ""value"": null}, {""required"": false, ""slot"": ""population"", ""status"": ""NOT_APPLICABLE"", ""value"": null}, {""required"": false, ""slot"": ""dimension"", ""status"": ""NOT_APPLICABLE"", ""value"": null}, {""required"": false, ""slot"": ""comparison"", ""status"": ""SOURCE"", ""value"": {""claimed_operands"": ""[{'raw': '10개', 'value': 10.0, 'unit': '개'}]""}}, {""required"": true, ""slot"": ""calculation"", ""status"": ""SOURCE"", ""value"": ""DIRECT_VALUE""}, {""required"": false, ""slot"": ""condition"", ""status"": ""SOURCE"", ""value"": {""direction"": ""DECREASE""}}, {""required"": false, ""slot"": ""source_hint"", ""status"": ""NOT_APPLICABLE"", ""value"": null}], ""reason_codes"": []}","[{""attempt"": 1, ""child_claim_id"": ""A00953_14"", ""code_version"": ""admission-recovery-v3"", ""data_version"": ""claim-schema-v1"", ""finished_at"": ""2026-08-26T03:29:14.234987+00:00"", ""input_hash"": ""6f51365e5119fd560bd8a9afc2a434091a0ddfc2d801ab426ee2019496e33599"", ""output_ref"": ""A00953_14"", ""parent_claim_id"": ""A00953_14"", ""reason_code"": null, ""stage"": ""CLAIM_SPLIT"", ""started_at"": ""2026-08-26T03:29:14.234987+00:00"", ""status"": ""PASS""}, {""attempt"": 1, ""child_claim_id"": ""A00953_14"", ""code_version"": ""admission-recovery-v3"", ""data_version"": ""claim-schema-v1"", ""finished_at"": ""2026-08-26T03:29:14.234987+00:00"", ""input_hash"": ""6f51365e5119fd560bd8a9afc2a434091a0ddfc2d801ab426ee2019496e33599"", ""output_ref"": ""A00953_14"", ""parent_claim_id"": ""A00953_14"", ""reason_code"": ""GROUPING_AMBIGUOUS"", ""stage"": ""CLAIM_PARSE"", ""started_at"": ""2026-08-26T03:29:14.234987+00:00"", ""status"": ""HUMAN_REVIEW""}]"
A01193_11,1,claim_fa16759bc2782c6b,claim_3c9e3af9b280b4ae,11만8000명,"같은 방식으로 비교했을 때 2023년까지만 해도 외국인과 노인 일자리 참여자 증가 규모는 11만8000명으로, 전체 취업자 증가 폭(32만7000명)보다 적었다.",일자리 참여자 증가 규모,118000.0,명,2023년,,,외국인과 노인 일자리 참여자,"{""sex"": ""여성""}","{""reference_indicator"": ""전체 취업자 증가 폭"", ""reference_period"": ""2023년까지"", ""reference_unit"": ""명"", ""reference_value"": ""327000"", ""type"": ""LESS_THAN""}",DIRECT_VALUE,null,기사 원문,AUTO_OK,2023년까지 외국인과 노인 일자리 참여자 증가 규모 11만8000명이라는 중심 수치와 전체 취업자 증가 폭 32만7000명보다 적다는 비교가 하나의 사실 주장으로 명확히 제시됨,MULTI_CLAIM_SPLIT,KOSIS_PIPELINE_ELIGIBLE,HOLD,NO_HARD_GUARD_CANDIDATE,,N,UNDETERMINED,HOLD,NO_HARD_GUARD_CANDIDATE,N,,0,0,"{""canonical_name"": ""일자리 참여자 증가 규모"", ""concept_id"": ""OBSERVED:5302d7b63af660cf"", ""kosis_search_terms"": [""일자리 참여자 증가 규모""], ""matched_alias"": ""일자리 참여자 증가 규모"", ""standard_key"": ""observed_indicator_5302d7b63af660cf"", ""status"": ""MATCHED""}",[],[],"{""eligible_for_official_search"": true, ""entries"": [{""required"": true, ""slot"": ""indicator"", ""status"": ""SOURCE"", ""value"": ""일자리 참여자 증가 규모""}, {""required"": true, ""slot"": ""value"", ""status"": ""SOURCE"", ""value"": 118000.0}, {""required"": true, ""slot"": ""unit"", ""status"": ""SOURCE"", ""value"": ""명""}, {""required"": true, ""slot"": ""time"", ""status"": ""SOURCE"", ""value"": ""2023년""}, {""required"": false, ""slot"": ""frequency"", ""status"": ""NORMALIZED"", ""value"": ""년""}, {""required"": false, ""slot"": ""region"", ""status"": ""NOT_APPLICABLE"", ""value"": null}, {""required"": false, ""slot"": ""population"", ""status"": ""SOURCE"", ""value"": ""외국인과 노인 일자리 참여자""}, {""required"": false, ""slot"": ""dimension"", ""status"": ""SOURCE"", ""value"": {""sex"": ""여성""}}, {""required"": false, ""slot"": ""comparison"", ""status"": ""SOURCE"", ""value"": {""reference_indicator"": ""전체 취업자 증가 폭"", ""reference_period"": ""2023년까지"", ""reference_unit"": ""명"", ""reference_value"": ""327000"", ""type"": ""LESS_THAN""}}, {""required"": true, ""slot"": ""calculation"", ""status"": ""SOURCE"", ""value"": ""DIRECT_VALUE""}, {""required"": false, ""slot"": ""condition"", ""status"": ""NOT_APPLICABLE"", ""value"": null}, {""required"": false, ""slot"": ""source_hint"", ""status"": ""SOURCE"", ""value"": ""기사 원문""}], ""reason_codes"": []}","[{""attempt"": 1, ""child_claim_id"": ""claim_3c9e3af9b280b4ae"", ""code_version"": ""admission-recovery-v3"", ""data_version"": ""claim-schema-v1"", ""finished_at"": ""2026-08-26T01:49:29.604647+00:00"", ""input_hash"": ""799a9479f7523bf5374fd005080ccfe6435625de6e380cbcaf1639cd00310bb4"", ""output_ref"": ""claim_3c9e3af9b280b4ae"", ""parent_claim_id"": ""A01193_11"", ""reason_code"": null, ""stage"": ""CLAIM_SPLIT"", ""started_at"": ""2026-08-26T01:49:29.604647+00:00"", ""status"": ""PASS""}, {""attempt"": 1, ""child_claim_id"": ""claim_3c9e3af9b280b4ae"", ""code_version"": ""admission-recovery-v3"", ""data_version"": ""claim-schema-v1"", ""finished_at"": ""2026-08-26T01:49:29.604647+00:00"", ""input_hash"": ""799a9479f7523bf5374fd005080ccfe6435625de6e380cbcaf1639cd00310bb4"", ""output_ref"": ""claim_3c9e3af9b280b4ae"", ""parent_claim_id"": ""A01193_11"", ""reason_code"": null, ""stage"": ""CLAIM_PARSE"", ""started_at"": ""2026-08-26T01:49:29.604647+00:00"", ""status"": ""PASS""}]"
A01193_11,2,claim_4d7dc9ed0457a5f5,claim_d1249d7eefcdfd0d,32만7000명,"같은 방식으로 비교했을 때 2023년까지만 해도 외국인과 노인 일자리 참여자 증가 규모는 11만8000명으로, 전체 취업자 증가 폭(32만7000명)보다 적었다.",취업자 증가 폭,327000.0,명,2023년,,,전체 취업자,"{""item"": ""취업자""}","{""reference_item"": ""외국인과 노인 일자리 참여자"", ""reference_period"": ""2023년"", ""reference_value"": ""118000"", ""relation"": ""전체 취업자 증가 폭이 외국인과 노인 일자리 참여자 증가 규모보다 큼""}",DIRECT_VALUE,null,,AUTO_OK,,MULTI_CLAIM_SPLIT,KOSIS_PIPELINE_ELIGIBLE,HOLD,LOW_SEMANTIC_SCORE,,N,UNDETERMINED,HOLD,LOW_SEMANTIC_SCORE,N,,1,0,"{""canonical_name"": ""취업자 수"", ""concept_id"": ""C000008"", ""kosis_search_terms"": [""경제활동인구조사 취업자"", ""산업별 취업자""], ""matched_alias"": ""취업자 증가 폭"", ""standard_key"": ""employment_count"", ""status"": ""MATCHED""}","[{""canonical_key"": ""ORG=101|TBL=DT_1DA7001S|ITM=T30|OBJ=B|MEMBER=계|PRD_SE=월|분기|년|PRD_DE=2023"", ""dimension_codes"": {""B"": ""0""}, ""dimension_members"": {""B"": ""계""}, ""itm_id"": ""T30"", ""member_code"": ""계"", ""obj_id"": ""B"", ""org_id"": ""101"", ""prd_de"": ""2023"", ""prd_se"": ""월|분기|년"", ""status"": ""CONFIRMED"", ""tbl_id"": ""DT_1DA7001S"", ""unit"": ""천명""}]",[],"{""eligible_for_official_search"": true, ""entries"": [{""required"": true, ""slot"": ""indicator"", ""status"": ""SOURCE"", ""value"": ""취업자 증가 폭""}, {""required"": true, ""slot"": ""value"", ""status"": ""SOURCE"", ""value"": 327000.0}, {""required"": true, ""slot"": ""unit"", ""status"": ""SOURCE"", ""value"": ""명""}, {""required"": true, ""slot"": ""time"", ""status"": ""SOURCE"", ""value"": ""2023년""}, {""required"": false, ""slot"": ""frequency"", ""status"": ""NORMALIZED"", ""value"": ""년""}, {""required"": false, ""slot"": ""region"", ""status"": ""NOT_APPLICABLE"", ""value"": null}, {""required"": false, ""slot"": ""population"", ""status"": ""SOURCE"", ""value"": ""전체 취업자""}, {""required"": false, ""slot"": ""dimension"", ""status"": ""SOURCE"", ""value"": {""item"": ""취업자""}}, {""required"": false, ""slot"": ""comparison"", ""status"": ""SOURCE"", ""value"": {""reference_item"": ""외국인과 노인 일자리 참여자"", ""reference_period"": ""2023년"", ""reference_value"": ""118000"", ""relation"": ""전체 취업자 증가 폭이 외국인과 노인 일자리 참여자 증가 규모보다 큼""}}, {""required"": true, ""slot"": ""calculation"", ""status"": ""SOURCE"", ""value"": ""DIRECT_VALUE""}, {""required"": false, ""slot"": ""condition"", ""status"": ""NOT_APPLICABLE"", ""value"": null}, {""required"": false, ""slot"": ""source_hint"", ""status"": ""NOT_APPLICABLE"", ""value"": null}], ""reason_codes"": []}","[{""attempt"": 1, ""child_claim_id"": ""claim_d1249d7eefcdfd0d"", ""code_version"": ""admission-recovery-v3"", ""data_version"": ""claim-schema-v1"", ""finished_at"": ""2026-08-26T01:49:29.605646+00:00"", ""input_hash"": ""799a9479f7523bf5374fd005080ccfe6435625de6e380cbcaf1639cd00310bb4"", ""output_ref"": ""claim_d1249d7eefcdfd0d"", ""parent_claim_id"": ""A01193_11"", ""reason_code"": null, ""stage"": ""CLAIM_SPLIT"", ""started_at"": ""2026-08-26T01:49:29.605646+00:00"", ""status"": ""PASS""}, {""attempt"": 1, ""child_claim_id"": ""claim_d1249d7eefcdfd0d"", ""code_version"": ""admission-recovery-v3"", ""data_version"": ""claim-schema-v1"", ""finished_at"": ""2026-08-26T01:49:29.605646+00:00"", ""input_hash"": ""799a9479f7523bf5374fd005080ccfe6435625de6e380cbcaf1639cd00310bb4"", ""output_ref"": ""claim_d1249d7eefcdfd0d"", ""parent_claim_id"": ""A01193_11"", ""reason_code"": null, ""stage"": ""CLAIM_PARSE"", ""started_at"": ""2026-08-26T01:49:29.605646+00:00"", ""status"": ""PASS""}]"
A01193_7,1,claim_88b757f547926753,claim_f25b2a9402e9b7f2,8만7000명,"그 결과 작년 외국인 취업자는 8만7000명, 노인 일자리 참여자는 9만2000명 늘어난 것으로 파악됐다.",외국인 취업자 증가,87000.0,명,2024년,년,,외국인 취업자,null,null,DIRECT_VALUE,"{""direction"": ""INCREASE""}",,AUTO_OK,,MULTI_CLAIM_SPLIT,KOSIS_PIPELINE_ELIGIBLE,HOLD,NO_EVIDENCE_COORDINATE_CANDIDATE,,N,UNDETERMINED,HOLD,NO_EVIDENCE_COORDINATE_CANDIDATE,N,,0,0,"{""canonical_name"": ""외국인 취업자 증가"", ""concept_id"": ""OBSERVED:14d8d7c15c086e1a"", ""kosis_search_terms"": [""외국인 취업자 증가""], ""matched_alias"": ""외국인 취업자 증가"", ""standard_key"": ""observed_indicator_14d8d7c15c086e1a"", ""status"": ""MATCHED""}",[],[],"{""eligible_for_official_search"": true, ""entries"": [{""required"": true, ""slot"": ""indicator"", ""status"": ""SOURCE"", ""value"": ""외국인 취업자 증가""}, {""required"": true, ""slot"": ""value"", ""status"": ""SOURCE"", ""value"": 87000.0}, {""required"": true, ""slot"": ""unit"", ""status"": ""SOURCE"", ""value"": ""명""}, {""required"": true, ""slot"": ""time"", ""status"": ""SOURCE"", ""value"": ""2024년""}, {""required"": false, ""slot"": ""frequency"", ""status"": ""SOURCE"", ""value"": ""년""}, {""required"": false, ""slot"": ""region"", ""status"": ""NOT_APPLICABLE"", ""value"": null}, {""required"": false, ""slot"": ""population"", ""status"": ""SOURCE"", ""value"": ""외국인 취업자""}, {""required"": false, ""slot"": ""dimension"", ""status"": ""NOT_APPLICABLE"", ""value"": null}, {""required"": false, ""slot"": ""comparison"", ""status"": ""NOT_APPLICABLE"", ""value"": null}, {""required"": true, ""slot"": ""calculation"", ""status"": ""SOURCE"", ""value"": ""DIRECT_VALUE""}, {""required"": false, ""slot"": ""condition"", ""status"": ""SOURCE"", ""value"": {""direction"": ""INCREASE""}}, {""required"": false, ""slot"": ""source_hint"", ""status"": ""NOT_APPLICABLE"", ""value"": null}], ""reason_codes"": []}","[{""attempt"": 1, ""child_claim_id"": ""claim_f25b2a9402e9b7f2"", ""code_version"": ""admission-recovery-v3"", ""data_version"": ""claim-schema-v1"", ""finished_at"": ""2026-08-26T01:49:59.083405+00:00"", ""input_hash"": ""6360905a78eb1b549cacf8d04a43dfcbe0acd1409aec10a27a4ddc2b81ec7159"", ""output_ref"": ""claim_f25b2a9402e9b7f2"", ""parent_claim_id"": ""A01193_7"", ""reason_code"": null, ""stage"": ""CLAIM_SPLIT"", ""started_at"": ""2026-08-26T01:49:59.083405+00:00"", ""status"": ""PASS""}, {""attempt"": 1, ""child_claim_id"": ""claim_f25b2a9402e9b7f2"", ""code_version"": ""admission-recovery-v3"", ""data_version"": ""claim-schema-v1"", ""finished_at"": ""2026-08-26T01:49:59.083405+00:00"", ""input_hash"": ""6360905a78eb1b549cacf8d04a43dfcbe0acd1409aec10a27a4ddc2b81ec7159"", ""output_ref"": ""claim_f25b2a9402e9b7f2"", ""parent_claim_id"": ""A01193_7"", ""reason_code"": null, ""stage"": ""CLAIM_PARSE"", ""started_at"": ""2026-08-26T01:49:59.083405+00:00"", ""status"": ""PASS""}]"
A01193_7,2,claim_20ff519d54b08eff,claim_fb0e8bb8f95a5a67,9만2000명,"그 결과 작년 외국인 취업자는 8만7000명, 노인 일자리 참여자는 9만2000명 늘어난 것으로 파악됐다.",일자리 참여자 증가 규모,92000.0,명,2024년,년,,일자리 참여자,"{""sex"": ""여성"", ""대상"": ""노인"", ""항목"": ""노인 일자리""}",null,DIRECT_VALUE,"{""direction"": ""INCREASE""}",,AUTO_OK,제시된 중심 수치인 노인 일자리 참여자 증가 규모 9만2000명을 하나의 목표 주장으로 추출함. 외국인 취업자 수치는 별도 독립 수치이므로 제외함.,MULTI_CLAIM_SPLIT,KOSIS_PIPELINE_ELIGIBLE,HOLD,NO_HARD_GUARD_CANDIDATE,,N,UNDETERMINED,HOLD,NO_HARD_GUARD_CANDIDATE,N,,0,0,"{""canonical_name"": ""일자리 참여자 증가 규모"", ""concept_id"": ""OBSERVED:5302d7b63af660cf"", ""kosis_search_terms"": [""일자리 참여자 증가 규모""], ""matched_alias"": ""일자리 참여자 증가 규모"", ""standard_key"": ""observed_indicator_5302d7b63af660cf"", ""status"": ""MATCHED""}",[],[],"{""eligible_for_official_search"": true, ""entries"": [{""required"": true, ""slot"": ""indicator"", ""status"": ""SOURCE"", ""value"": ""일자리 참여자 증가 규모""}, {""required"": true, ""slot"": ""value"", ""status"": ""SOURCE"", ""value"": 92000.0}, {""required"": true, ""slot"": ""unit"", ""status"": ""SOURCE"", ""value"": ""명""}, {""required"": true, ""slot"": ""time"", ""status"": ""SOURCE"", ""value"": ""2024년""}, {""required"": false, ""slot"": ""frequency"", ""status"": ""SOURCE"", ""value"": ""년""}, {""required"": false, ""slot"": ""region"", ""status"": ""NOT_APPLICABLE"", ""value"": null}, {""required"": false, ""slot"": ""population"", ""status"": ""SOURCE"", ""value"": ""일자리 참여자""}, {""required"": false, ""slot"": ""dimension"", ""status"": ""SOURCE"", ""value"": {""sex"": ""여성"", ""대상"": ""노인"", ""항목"": ""노인 일자리""}}, {""required"": false, ""slot"": ""comparison"", ""status"": ""NOT_APPLICABLE"", ""value"": null}, {""required"": true, ""slot"": ""calculation"", ""status"": ""SOURCE"", ""value"": ""DIRECT_VALUE""}, {""required"": false, ""slot"": ""condition"", ""status"": ""SOURCE"", ""value"": {""direction"": ""INCREASE""}}, {""required"": false, ""slot"": ""source_hint"", ""status"": ""NOT_APPLICABLE"", ""value"": null}], ""reason_codes"": []}","[{""attempt"": 1, ""child_claim_id"": ""claim_fb0e8bb8f95a5a67"", ""code_version"": ""admission-recovery-v3"", ""data_version"": ""claim-schema-v1"", ""finished_at"": ""2026-08-26T01:49:59.083405+00:00"", ""input_hash"": ""6360905a78eb1b549cacf8d04a43dfcbe0acd1409aec10a27a4ddc2b81ec7159"", ""output_ref"": ""claim_fb0e8bb8f95a5a67"", ""parent_claim_id"": ""A01193_7"", ""reason_code"": null, ""stage"": ""CLAIM_SPLIT"", ""started_at"": ""2026-08-26T01:49:59.083405+00:00"", ""status"": ""PASS""}, {""attempt"": 1, ""child_claim_id"": ""claim_fb0e8bb8f95a5a67"", ""code_version"": ""admission-recovery-v3"", ""data_version"": ""claim-schema-v1"", ""finished_at"": ""2026-08-26T01:49:59.083405+00:00"", ""input_hash"": ""6360905a78eb1b549cacf8d04a43dfcbe0acd1409aec10a27a4ddc2b81ec7159"", ""output_ref"": ""claim_fb0e8bb8f95a5a67"", ""parent_claim_id"": ""A01193_7"", ""reason_code"": null, ""stage"": ""CLAIM_PARSE"", ""started_at"": ""2026-08-26T01:49:59.083405+00:00"", ""status"": ""PASS""}]"
A01194_4,1,claim_cae2c70cd4ab0543,claim_989c5c16ba827e7d,0.4%,"통계청에 따르면, 지난달 농·축산물 물가는 전년 동월 대비 0.4% 오르며 지난 2월(0.6%)에 이어 두 달째 0%대를 기록했다.",물가,0.4,%,2025년 3월,월,,,"{""item"": ""농·축산물""}","{""reference_period"": ""지난 2월"", ""reference_value"": ""0.6"", ""type"": ""YEAR_OVER_YEAR""}",GROWTH_RATE,"{""direction"": ""INCREASE""}",통계청,AUTO_OK,,MULTI_CLAIM_SPLIT,KOSIS_PIPELINE_ELIGIBLE,HOLD,NO_HARD_GUARD_CANDIDATE,,N,UNDETERMINED,HOLD,NO_HARD_GUARD_CANDIDATE,N,,0,0,"{""canonical_name"": ""물가"", ""concept_id"": ""OBSERVED:f4d16c8379abbc0f"", ""kosis_search_terms"": [""물가""], ""matched_alias"": ""물가"", ""standard_key"": ""observed_indicator_f4d16c8379abbc0f"", ""status"": ""MATCHED""}",[],[],"{""eligible_for_official_search"": true, ""entries"": [{""required"": true, ""slot"": ""indicator"", ""status"": ""SOURCE"", ""value"": ""물가""}, {""required"": true, ""slot"": ""value"", ""status"": ""SOURCE"", ""value"": 0.4}, {""required"": true, ""slot"": ""unit"", ""status"": ""SOURCE"", ""value"": ""%""}, {""required"": true, ""slot"": ""time"", ""status"": ""SOURCE"", ""value"": ""2025년 3월""}, {""required"": false, ""slot"": ""frequency"", ""status"": ""SOURCE"", ""value"": ""월""}, {""required"": false, ""slot"": ""region"", ""status"": ""NOT_APPLICABLE"", ""value"": null}, {""required"": false, ""slot"": ""population"", ""status"": ""NOT_APPLICABLE"", ""value"": null}, {""required"": false, ""slot"": ""dimension"", ""status"": ""SOURCE"", ""value"": {""item"": ""농·축산물""}}, {""required"": true, ""slot"": ""comparison"", ""status"": ""SOURCE"", ""value"": {""reference_period"": ""지난 2월"", ""reference_value"": ""0.6"", ""type"": ""YEAR_OVER_YEAR""}}, {""required"": true, ""slot"": ""calculation"", ""status"": ""SOURCE"", ""value"": ""GROWTH_RATE""}, {""required"": true, ""slot"": ""condition"", ""status"": ""SOURCE"", ""value"": {""direction"": ""INCREASE""}}, {""required"": false, ""slot"": ""source_hint"", ""status"": ""SOURCE"", ""value"": ""통계청""}], ""reason_codes"": []}","[{""attempt"": 1, ""child_claim_id"": ""claim_989c5c16ba827e7d"", ""code_version"": ""admission-recovery-v3"", ""data_version"": ""claim-schema-v1"", ""finished_at"": ""2026-08-26T01:50:45.339703+00:00"", ""input_hash"": ""e0596ba98d043e34b98a080fbab1d0871bc3802d0611c4e750fb58b12ec27ba3"", ""output_ref"": ""claim_989c5c16ba827e7d"", ""parent_claim_id"": ""A01194_4"", ""reason_code"": null, ""stage"": ""CLAIM_SPLIT"", ""started_at"": ""2026-08-26T01:50:45.339703+00:00"", ""status"": ""PASS""}, {""attempt"": 1, ""child_claim_id"": ""claim_989c5c16ba827e7d"", ""code_version"": ""admission-recovery-v3"", ""data_version"": ""claim-schema-v1"", ""finished_at"": ""2026-08-26T01:50:45.339703+00:00"", ""input_hash"": ""e0596ba98d043e34b98a080fbab1d0871bc3802d0611c4e750fb58b12ec27ba3"", ""output_ref"": ""claim_989c5c16ba827e7d"", ""parent_claim_id"": ""A01194_4"", ""reason_code"": null, ""stage"": ""CLAIM_PARSE"", ""started_at"": ""2026-08-26T01:50:45.339703+00:00"", ""status"": ""PASS""}]"
A01285_4,1,claim_d5a7ae422c416dbf,claim_8334ec755f430a47,2858만9000명,"9일 통계청이 발표한 ‘3월 고용동향’에 따르면, 지난 3월 취업자 수는 2858만9000명으로 전년 동월 대비 19만3000명 증가했다.",취업자 수,28589000.0,명,2025년 3월,월,대한민국,취업자,null,"{""change_value"": ""193000"", ""reference_period"": ""2024-03"", ""type"": ""YEAR_OVER_YEAR""}",DIRECT_VALUE,"{""direction"": ""INCREASE""}","통계청, 3월 고용동향",AUTO_OK,,MULTI_CLAIM_SPLIT,KOSIS_PIPELINE_ELIGIBLE,AUTO,WITHIN_TOLERANCE,,N,MATCH,AUTO,WITHIN_TOLERANCE,Y,28589000.0,1,1,"{""canonical_name"": ""취업자 수"", ""concept_id"": ""C000008"", ""kosis_search_terms"": [], ""matched_alias"": ""취업자 수"", ""standard_key"": ""employment_count"", ""status"": ""MATCHED""}","[{""canonical_key"": ""ORG=101|TBL=DT_1DA7001S|ITM=T30|OBJ=B|MEMBER=계|PRD_SE=월|PRD_DE=2025-03"", ""dimension_codes"": {""B"": ""0""}, ""dimension_members"": {""B"": ""계""}, ""itm_id"": ""T30"", ""member_code"": ""계"", ""obj_id"": ""B"", ""org_id"": ""101"", ""prd_de"": ""2025-03"", ""prd_se"": ""월"", ""status"": ""CONFIRMED"", ""tbl_id"": ""DT_1DA7001S"", ""unit"": ""천명""}]","[{""content_hash"": ""ba95b3860024c3ea552e621c4d0c3ec24a1ef96fd16434bca699a0d60ba0c0af"", ""evidence_key"": ""ORG=101|TBL=DT_1DA7001S|ITM=T30|OBJ=B|MEMBER=계|PRD_SE=월|PRD_DE=2025-03"", ""publication"": {""content_hash"": ""30ea0d881f8aa50792bba028287412230caa119945b6b9e8316dadee3dc185fd"", ""coverage_end_period"": null, ""coverage_start_period"": null, ""evidence_scope"": ""PERIOD"", ""pub_date_text"": ""조사기준 월 익월"", ""pub_period"": ""월"", ""publication_method_url"": ""https://www.kostat.go.kr/board.es?act=list&mid=a10301010000&keyField=T&bid=210&keyWord=2025%EB%85%84+3%EC%9B%94+%EA%B3%A0%EC%9A%A9%EB%8F%99%ED%96%A5"", ""published_at"": ""2025-04-09"", ""reference_period"": ""2025-03"", ""retrieved_at"": ""2026-08-26T01:51:11.004641Z"", ""source_url"": ""https://www.kostat.go.kr/board.es?mid=a10301010000&bid=210&act=view&list_no=435969&tag=&nPage=1&ref_bid="", ""status"": ""VERIFIED""}, ""retrieved_at"": ""2026-08-26T01:50:56.101595Z"", ""source"": ""API"", ""source_url"": ""https://kosis.kr/openapi/Param/statisticsParameterData.do?method=getList&orgId=101&tblId=DT_1DA7001S&itmId=T30&prdSe=M&startPrdDe=202503&endPrdDe=202503&objL1=0"", ""value_last_changed_at"": ""2025-03-27""}]","{""eligible_for_official_search"": true, ""entries"": [{""required"": true, ""slot"": ""indicator"", ""status"": ""SOURCE"", ""value"": ""취업자 수""}, {""required"": true, ""slot"": ""value"", ""status"": ""SOURCE"", ""value"": 28589000.0}, {""required"": true, ""slot"": ""unit"", ""status"": ""SOURCE"", ""value"": ""명""}, {""required"": true, ""slot"": ""time"", ""status"": ""SOURCE"", ""value"": ""2025년 3월""}, {""required"": false, ""slot"": ""frequency"", ""status"": ""SOURCE"", ""value"": ""월""}, {""required"": false, ""slot"": ""region"", ""status"": ""SOURCE"", ""value"": ""대한민국""}, {""required"": false, ""slot"": ""population"", ""status"": ""CONTEXT"", ""value"": ""취업자""}, {""required"": false, ""slot"": ""dimension"", ""status"": ""NOT_APPLICABLE"", ""value"": null}, {""required"": false, ""slot"": ""comparison"", ""status"": ""CONTEXT"", ""value"": {""change_value"": ""193000"", ""reference_period"": ""2024-03"", ""type"": ""YEAR_OVER_YEAR""}}, {""required"": true, ""slot"": ""calculation"", ""status"": ""CONTEXT"", ""value"": ""DIRECT_VALUE""}, {""required"": false, ""slot"": ""condition"", ""status"": ""SOURCE"", ""value"": {""direction"": ""INCREASE""}}, {""required"": false, ""slot"": ""source_hint"", ""status"": ""CONTEXT"", ""value"": ""통계청, 3월 고용동향""}], ""reason_codes"": []}","[{""attempt"": 1, ""child_claim_id"": ""claim_8334ec755f430a47"", ""code_version"": ""admission-recovery-v3"", ""data_version"": ""claim-schema-v1"", ""finished_at"": ""2026-08-26T01:51:11.005643+00:00"", ""input_hash"": ""e901166ac9371cbb315fd4ae832db0e68c7317317b60672684b5ff7201e0b0bf"", ""output_ref"": ""claim_8334ec755f430a47"", ""parent_claim_id"": ""A01285_4"", ""reason_code"": null, ""stage"": ""CLAIM_SPLIT"", ""started_at"": ""2026-08-26T01:51:11.005643+00:00"", ""status"": ""PASS""}, {""attempt"": 1, ""child_claim_id"": ""claim_8334ec755f430a47"", ""code_version"": ""admission-recovery-v3"", ""data_version"": ""claim-schema-v1"", ""finished_at"": ""2026-08-26T01:51:11.005643+00:00"", ""input_hash"": ""e901166ac9371cbb315fd4ae832db0e68c7317317b60672684b5ff7201e0b0bf"", ""output_ref"": ""claim_8334ec755f430a47"", ""parent_claim_id"": ""A01285_4"", ""reason_code"": null, ""stage"": ""CLAIM_PARSE"", ""started_at"": ""2026-08-26T01:51:11.005643+00:00"", ""status"": ""PASS""}]"
A01384_4,1,claim_19830a4588052a84,claim_a8db0b0e44ad2adb,20조원,앞서 이 총재는 지난 2월 “추경을 15~20조원 규모로 하는 게 바람직하다고 본다”며 “이 정도면 성장률을 0.2%포인트 올리는 효과가 있을 것”이라고 한 바 있다.,추가경정예산 규모,,조원,2025년 2월,월,한국,,null,null,,null,,HOLD,"추경 규모가 15~20조원의 범위로 제시되어 단일 값으로 확정할 수 없고, 성장률 0.2%포인트 상승 효과라는 별도의 수치 주장도 함께 포함되어 있어 하나의 명확한 수치 주장으로 구조화하기 어렵습니다.",MULTI_CLAIM_SPLIT,STRUCTURAL_HOLD,HUMAN_REVIEW,"추경 규모가 15~20조원의 범위로 제시되어 단일 값으로 확정할 수 없고, 성장률 0.2%포인트 상승 효과라는 별도의 수치 주장도 함께 포함되어 있어 하나의 명확한 수치 주장으로 구조화하기 어렵습니다.",,N,,,,N,,0,0,null,[],[],"{""eligible_for_official_search"": false, ""entries"": [{""required"": true, ""slot"": ""indicator"", ""status"": ""SOURCE"", ""value"": ""추가경정예산 규모""}, {""required"": true, ""slot"": ""value"", ""status"": ""MISSING"", ""value"": null}, {""required"": true, ""slot"": ""unit"", ""status"": ""SOURCE"", ""value"": ""조원""}, {""required"": true, ""slot"": ""time"", ""status"": ""SOURCE"", ""value"": ""2025년 2월""}, {""required"": false, ""slot"": ""frequency"", ""status"": ""SOURCE"", ""value"": ""월""}, {""required"": false, ""slot"": ""region"", ""status"": ""SOURCE"", ""value"": ""한국""}, {""required"": false, ""slot"": ""population"", ""status"": ""NOT_APPLICABLE"", ""value"": null}, {""required"": false, ""slot"": ""dimension"", ""status"": ""NOT_APPLICABLE"", ""value"": null}, {""required"": false, ""slot"": ""comparison"", ""status"": ""NOT_APPLICABLE"", ""value"": null}, {""required"": true, ""slot"": ""calculation"", ""status"": ""MISSING"", ""value"": null}, {""required"": false, ""slot"": ""condition"", ""status"": ""NOT_APPLICABLE"", ""value"": null}, {""required"": false, ""slot"": ""source_hint"", ""status"": ""NOT_APPLICABLE"", ""value"": null}], ""reason_codes"": [""MISSING_REQUIRED_SLOTS:value,calculation""]}","[{""attempt"": 1, ""child_claim_id"": ""claim_a8db0b0e44ad2adb"", ""code_version"": ""admission-recovery-v3"", ""data_version"": ""claim-schema-v1"", ""finished_at"": ""2026-08-26T01:51:23.738536+00:00"", ""input_hash"": ""508aebf68bb344a3f7e09f8147ddd835c90dccc13ed9e99b60555ac4f966733d"", ""output_ref"": ""claim_a8db0b0e44ad2adb"", ""parent_claim_id"": ""A01384_4"", ""reason_code"": null, ""stage"": ""CLAIM_SPLIT"", ""started_at"": ""2026-08-26T01:51:23.738536+00:00"", ""status"": ""PASS""}, {""attempt"": 1, ""child_claim_id"": ""claim_a8db0b0e44ad2adb"", ""code_version"": ""admission-recovery-v3"", ""data_version"": ""claim-schema-v1"", ""finished_at"": ""2026-08-26T01:51:23.738536+00:00"", ""input_hash"": ""508aebf68bb344a3f7e09f8147ddd835c90dccc13ed9e99b60555ac4f966733d"", ""output_ref"": ""claim_a8db0b0e44ad2adb"", ""parent_claim_id"": ""A01384_4"", ""reason_code"": ""추경 규모가 15~20조원의 범위로 제시되어 단일 값으로 확정할 수 없고, 성장률 0.2%포인트 상승 효과라는 별도의 수치 주장도 함께 포함되어 있어 하나의 명확한 수치 주장으로 구조화하기 어렵습니다."", ""stage"": ""CLAIM_PARSE"", ""started_at"": ""2026-08-26T01:51:23.738536+00:00"", ""status"": ""HUMAN_REVIEW""}]"
A01384_4,2,claim_ca6c5e4ceef712bf,claim_b18f08a7568ea1a1,0.2%포인트,앞서 이 총재는 지난 2월 “추경을 15~20조원 규모로 하는 게 바람직하다고 본다”며 “이 정도면 성장률을 0.2%포인트 올리는 효과가 있을 것”이라고 한 바 있다.,성장률,0.2,%포인트,2025년 2월,월,한국,,"{""정책"": ""추가경정예산(추경)"", ""추경 규모"": ""15~20조원""}",null,DIFFERENCE,"{""direction"": ""INCREASE""}",이창용 한국은행 총재 발언,HOLD,MISSING_REQUIRED_SLOTS:comparison,MULTI_CLAIM_SPLIT,STRUCTURAL_HOLD,HUMAN_REVIEW,MISSING_REQUIRED_SLOTS:comparison,,N,,,,N,,0,0,null,[],[],"{""eligible_for_official_search"": false, ""entries"": [{""required"": true, ""slot"": ""indicator"", ""status"": ""SOURCE"", ""value"": ""성장률""}, {""required"": true, ""slot"": ""value"", ""status"": ""SOURCE"", ""value"": 0.2}, {""required"": true, ""slot"": ""unit"", ""status"": ""SOURCE"", ""value"": ""%포인트""}, {""required"": true, ""slot"": ""time"", ""status"": ""SOURCE"", ""value"": ""2025년 2월""}, {""required"": false, ""slot"": ""frequency"", ""status"": ""SOURCE"", ""value"": ""월""}, {""required"": false, ""slot"": ""region"", ""status"": ""SOURCE"", ""value"": ""한국""}, {""required"": false, ""slot"": ""population"", ""status"": ""NOT_APPLICABLE"", ""value"": null}, {""required"": false, ""slot"": ""dimension"", ""status"": ""SOURCE"", ""value"": {""정책"": ""추가경정예산(추경)"", ""추경 규모"": ""15~20조원""}}, {""required"": true, ""slot"": ""comparison"", ""status"": ""MISSING"", ""value"": null}, {""required"": true, ""slot"": ""calculation"", ""status"": ""SOURCE"", ""value"": ""DIFFERENCE""}, {""required"": true, ""slot"": ""condition"", ""status"": ""SOURCE"", ""value"": {""direction"": ""INCREASE""}}, {""required"": false, ""slot"": ""source_hint"", ""status"": ""SOURCE"", ""value"": ""이창용 한국은행 총재 발언""}], ""reason_codes"": [""MISSING_REQUIRED_SLOTS:comparison""]}","[{""attempt"": 1, ""child_claim_id"": ""claim_b18f08a7568ea1a1"", ""code_version"": ""admission-recovery-v3"", ""data_version"": ""claim-schema-v1"", ""finished_at"": ""2026-08-26T01:51:23.739530+00:00"", ""input_hash"": ""508aebf68bb344a3f7e09f8147ddd835c90dccc13ed9e99b60555ac4f966733d"", ""output_ref"": ""claim_b18f08a7568ea1a1"", ""parent_claim_id"": ""A01384_4"", ""reason_code"": null, ""stage"": ""CLAIM_SPLIT"", ""started_at"": ""2026-08-26T01:51:23.739530+00:00"", ""status"": ""PASS""}, {""attempt"": 1, ""child_claim_id"": ""claim_b18f08a7568ea1a1"", ""code_version"": ""admission-recovery-v3"", ""data_version"": ""claim-schema-v1"", ""finished_at"": ""2026-08-26T01:51:23.739530+00:00"", ""input_hash"": ""508aebf68bb344a3f7e09f8147ddd835c90dccc13ed9e99b60555ac4f966733d"", ""output_ref"": ""claim_b18f08a7568ea1a1"", ""parent_claim_id"": ""A01384_4"", ""reason_code"": ""MISSING_REQUIRED_SLOTS:comparison"", ""stage"": ""CLAIM_PARSE"", ""started_at"": ""2026-08-26T01:51:23.739530+00:00"", ""status"": ""HUMAN_REVIEW""}]"
A01385_7,1,claim_0b82eca204ef02a6,claim_e2ccd789a58070ed,200만명,"농가 인구는 2003년 약 353만명에서 2013년 284만7000명으로 크게 감소했고, 지난해에는 간신히 200만명에 턱걸이할 정도로 가파르게 줄고 있다.",농가 인구,2000000.0,명,2024년,년,,농가 인구,null,"{""reference_period"": ""2003년;2013년"", ""reference_value"": ""3530000명;2847000명""}",DIRECT_VALUE,"{""direction"": ""DECREASE""}",article_published_at=2025-04-17,AUTO_OK,,MULTI_CLAIM_SPLIT,KOSIS_PIPELINE_ELIGIBLE,HOLD,NO_EVIDENCE_COORDINATE_CANDIDATE,,N,UNDETERMINED,HOLD,NO_EVIDENCE_COORDINATE_CANDIDATE,N,,0,0,"{""canonical_name"": ""농가 인구"", ""concept_id"": ""OBSERVED:9a07668438c2863d"", ""kosis_search_terms"": [""농가 인구""], ""matched_alias"": ""농가 인구"", ""standard_key"": ""observed_indicator_9a07668438c2863d"", ""status"": ""MATCHED""}",[],[],"{""eligible_for_official_search"": true, ""entries"": [{""required"": true, ""slot"": ""indicator"", ""status"": ""SOURCE"", ""value"": ""농가 인구""}, {""required"": true, ""slot"": ""value"", ""status"": ""SOURCE"", ""value"": 2000000.0}, {""required"": true, ""slot"": ""unit"", ""status"": ""SOURCE"", ""value"": ""명""}, {""required"": true, ""slot"": ""time"", ""status"": ""SOURCE"", ""value"": ""2024년""}, {""required"": false, ""slot"": ""frequency"", ""status"": ""SOURCE"", ""value"": ""년""}, {""required"": false, ""slot"": ""region"", ""status"": ""NOT_APPLICABLE"", ""value"": null}, {""required"": false, ""slot"": ""population"", ""status"": ""SOURCE"", ""value"": ""농가 인구""}, {""required"": false, ""slot"": ""dimension"", ""status"": ""NOT_APPLICABLE"", ""value"": null}, {""required"": false, ""slot"": ""comparison"", ""status"": ""SOURCE"", ""value"": {""reference_period"": ""2003년;2013년"", ""reference_value"": ""3530000명;2847000명""}}, {""required"": true, ""slot"": ""calculation"", ""status"": ""SOURCE"", ""value"": ""DIRECT_VALUE""}, {""required"": false, ""slot"": ""condition"", ""status"": ""SOURCE"", ""value"": {""direction"": ""DECREASE""}}, {""required"": false, ""slot"": ""source_hint"", ""status"": ""SOURCE"", ""value"": ""article_published_at=2025-04-17""}], ""reason_codes"": []}","[{""attempt"": 1, ""child_claim_id"": ""claim_e2ccd789a58070ed"", ""code_version"": ""admission-recovery-v3"", ""data_version"": ""claim-schema-v1"", ""finished_at"": ""2026-08-26T01:51:47.674680+00:00"", ""input_hash"": ""81c8624009db82e07b8d0a472e80e80b42e0b8792877f93672a0e9f49fd85d6d"", ""output_ref"": ""claim_e2ccd789a58070ed"", ""parent_claim_id"": ""A01385_7"", ""reason_code"": null, ""stage"": ""CLAIM_SPLIT"", ""started_at"": ""2026-08-26T01:51:47.674680+00:00"", ""status"": ""PASS""}, {""attempt"": 1, ""child_claim_id"": ""claim_e2ccd789a58070ed"", ""code_version"": ""admission-recovery-v3"", ""data_version"": ""claim-schema-v1"", ""finished_at"": ""2026-08-26T01:51:47.674680+00:00"", ""input_hash"": ""81c8624009db82e07b8d0a472e80e80b42e0b8792877f93672a0e9f49fd85d6d"", ""output_ref"": ""claim_e2ccd789a58070ed"", ""parent_claim_id"": ""A01385_7"", ""reason_code"": null, ""stage"": ""CLAIM_PARSE"", ""started_at"": ""2026-08-26T01:51:47.674680+00:00"", ""status"": ""PASS""}]"
A01555_14,1,claim_655e588fbfd64be9,claim_754c95e88166f70c,5.1%,"미 상무부 발표에 따르면 올해 1분기 연방정부 지출은 5.1% 감소했고, 이는 GDP에서 0.25%포인트를 깎아내렸다.",연방정부 지출,5.1,percent,2025년 1분기,분기,미국,연방정부,null,null,GROWTH_RATE,"{""direction"": ""DECREASE""}",미 상무부,HOLD,TARGET_VALUE_NOT_IN_SOURCE_SENTENCE,MULTI_CLAIM_SPLIT,CONTEXT_REQUIRED,HUMAN_REVIEW,TARGET_VALUE_NOT_IN_SOURCE_SENTENCE,,N,,,,N,,0,0,null,[],[],"{""eligible_for_official_search"": false, ""entries"": [{""required"": true, ""slot"": ""indicator"", ""status"": ""SOURCE"", ""value"": ""연방정부 지출""}, {""required"": true, ""slot"": ""value"", ""status"": ""SOURCE"", ""value"": 5.1}, {""required"": true, ""slot"": ""unit"", ""status"": ""SOURCE"", ""value"": ""percent""}, {""required"": true, ""slot"": ""time"", ""status"": ""SOURCE"", ""value"": ""2025년 1분기""}, {""required"": false, ""slot"": ""frequency"", ""status"": ""SOURCE"", ""value"": ""분기""}, {""required"": false, ""slot"": ""region"", ""status"": ""SOURCE"", ""value"": ""미국""}, {""required"": false, ""slot"": ""population"", ""status"": ""SOURCE"", ""value"": ""연방정부""}, {""required"": false, ""slot"": ""dimension"", ""status"": ""NOT_APPLICABLE"", ""value"": null}, {""required"": true, ""slot"": ""comparison"", ""status"": ""MISSING"", ""value"": null}, {""required"": true, ""slot"": ""calculation"", ""status"": ""SOURCE"", ""value"": ""GROWTH_RATE""}, {""required"": true, ""slot"": ""condition"", ""status"": ""SOURCE"", ""value"": {""direction"": ""DECREASE""}}, {""required"": false, ""slot"": ""source_hint"", ""status"": ""SOURCE"", ""value"": ""미 상무부""}], ""reason_codes"": [""MISSING_REQUIRED_SLOTS:comparison""]}","[{""attempt"": 1, ""child_claim_id"": ""claim_754c95e88166f70c"", ""code_version"": ""admission-recovery-v3"", ""data_version"": ""claim-schema-v1"", ""finished_at"": ""2026-08-26T01:52:01.322695+00:00"", ""input_hash"": ""2fd440824f2c924dedc6c04401ecb9b83c1b3b2878730b0e8844a1559aed83fc"", ""output_ref"": ""claim_754c95e88166f70c"", ""parent_claim_id"": ""A01555_14"", ""reason_code"": null, ""stage"": ""CLAIM_SPLIT"", ""started_at"": ""2026-08-26T01:52:01.322695+00:00"", ""status"": ""PASS""}, {""attempt"": 1, ""child_claim_id"": ""claim_754c95e88166f70c"", ""code_version"": ""admission-recovery-v3"", ""data_version"": ""claim-schema-v1"", ""finished_at"": ""2026-08-26T01:52:01.322695+00:00"", ""input_hash"": ""2fd440824f2c924dedc6c04401ecb9b83c1b3b2878730b0e8844a1559aed83fc"", ""output_ref"": ""claim_754c95e88166f70c"", ""parent_claim_id"": ""A01555_14"", ""reason_code"": ""TARGET_VALUE_NOT_IN_SOURCE_SENTENCE"", ""stage"": ""CLAIM_PARSE"", ""started_at"": ""2026-08-26T01:52:01.322695+00:00"", ""status"": ""HUMAN_REVIEW""}]"
A01555_14,2,claim_e005a2037795a10d,claim_727f337747fdeef7,0.25%포인트,"미 상무부 발표에 따르면 올해 1분기 연방정부 지출은 5.1% 감소했고, 이는 GDP에서 0.25%포인트를 깎아내렸다.",GDP 기여도,0.25,%포인트,올해 1분기,분기,미국,,"{""지출 주체"": ""연방정부""}","{""direction"": ""DECREASE"", ""rate"": ""5.1%"", ""type"": ""YEAR_OVER_YEAR""}",DIFFERENCE,"{""direction"": ""DECREASE""}",미 상무부,HOLD,"GDP에서 0.25%포인트를 깎아내렸다는 중심 수치와 연방정부 지출 5.1% 감소가 함께 제시됐지만, DIFFERENCE 계산에 필요한 current_value와 reference_value가 명시되지 않았고 5.1% 감소의 비교 기준도 불명확함",MULTI_CLAIM_SPLIT,STRUCTURAL_HOLD,HUMAN_REVIEW,"GDP에서 0.25%포인트를 깎아내렸다는 중심 수치와 연방정부 지출 5.1% 감소가 함께 제시됐지만, DIFFERENCE 계산에 필요한 current_value와 reference_value가 명시되지 않았고 5.1% 감소의 비교 기준도 불명확함",,N,,,,N,,0,0,null,[],[],"{""eligible_for_official_search"": true, ""entries"": [{""required"": true, ""slot"": ""indicator"", ""status"": ""SOURCE"", ""value"": ""GDP 기여도""}, {""required"": true, ""slot"": ""value"", ""status"": ""SOURCE"", ""value"": 0.25}, {""required"": true, ""slot"": ""unit"", ""status"": ""SOURCE"", ""value"": ""%포인트""}, {""required"": true, ""slot"": ""time"", ""status"": ""SOURCE"", ""value"": ""올해 1분기""}, {""required"": false, ""slot"": ""frequency"", ""status"": ""SOURCE"", ""value"": ""분기""}, {""required"": false, ""slot"": ""region"", ""status"": ""SOURCE"", ""value"": ""미국""}, {""required"": false, ""slot"": ""population"", ""status"": ""NOT_APPLICABLE"", ""value"": null}, {""required"": false, ""slot"": ""dimension"", ""status"": ""SOURCE"", ""value"": {""지출 주체"": ""연방정부""}}, {""required"": true, ""slot"": ""comparison"", ""status"": ""SOURCE"", ""value"": {""direction"": ""DECREASE"", ""rate"": ""5.1%"", ""type"": ""YEAR_OVER_YEAR""}}, {""required"": true, ""slot"": ""calculation"", ""status"": ""SOURCE"", ""value"": ""DIFFERENCE""}, {""required"": true, ""slot"": ""condition"", ""status"": ""SOURCE"", ""value"": {""direction"": ""DECREASE""}}, {""required"": false, ""slot"": ""source_hint"", ""status"": ""SOURCE"", ""value"": ""미 상무부""}], ""reason_codes"": []}","[{""attempt"": 1, ""child_claim_id"": ""claim_727f337747fdeef7"", ""code_version"": ""admission-recovery-v3"", ""data_version"": ""claim-schema-v1"", ""finished_at"": ""2026-08-26T01:52:01.322695+00:00"", ""input_hash"": ""2fd440824f2c924dedc6c04401ecb9b83c1b3b2878730b0e8844a1559aed83fc"", ""output_ref"": ""claim_727f337747fdeef7"", ""parent_claim_id"": ""A01555_14"", ""reason_code"": null, ""stage"": ""CLAIM_SPLIT"", ""started_at"": ""2026-08-26T01:52:01.322695+00:00"", ""status"": ""PASS""}, {""attempt"": 1, ""child_claim_id"": ""claim_727f337747fdeef7"", ""code_version"": ""admission-recovery-v3"", ""data_version"": ""claim-schema-v1"", ""finished_at"": ""2026-08-26T01:52:01.322695+00:00"", ""input_hash"": ""2fd440824f2c924dedc6c04401ecb9b83c1b3b2878730b0e8844a1559aed83fc"", ""output_ref"": ""claim_727f337747fdeef7"", ""parent_claim_id"": ""A01555_14"", ""reason_code"": ""GDP에서 0.25%포인트를 깎아내렸다는 중심 수치와 연방정부 지출 5.1% 감소가 함께 제시됐지만, DIFFERENCE 계산에 필요한 current_value와 reference_value가 명시되지 않았고 5.1% 감소의 비교 기준도 불명확함"", ""stage"": ""CLAIM_PARSE"", ""started_at"": ""2026-08-26T01:52:01.322695+00:00"", ""status"": ""HUMAN_REVIEW""}]"
A01584_3,1,claim_5c09a68c75dde0e2,claim_c7688eb008562485,116.38,"2일 통계청이 발표한 ‘4월 소비자물가 동향’에 따르면, 지난달 소비자물가 지수는 116.38로 전년 동월 대비 2.1% 올랐다.",소비자물가지수,116.38,지수,2025년 4월,월,,,null,"{""change_unit"": ""%"", ""change_value"": ""2.1"", ""reference_period"": ""2024-04"", ""type"": ""YEAR_OVER_YEAR""}",DIRECT_VALUE,"{""direction"": ""INCREASE""}",통계청,HOLD,TARGET_VALUE_NOT_IN_SOURCE_SENTENCE,MULTI_CLAIM_SPLIT,CONTEXT_REQUIRED,HUMAN_REVIEW,TARGET_VALUE_NOT_IN_SOURCE_SENTENCE,,N,,,,N,,0,0,null,[],[],"{""eligible_for_official_search"": true, ""entries"": [{""required"": true, ""slot"": ""indicator"", ""status"": ""SOURCE"", ""value"": ""소비자물가지수""}, {""required"": true, ""slot"": ""value"", ""status"": ""SOURCE"", ""value"": 116.38}, {""required"": true, ""slot"": ""unit"", ""status"": ""SOURCE"", ""value"": ""지수""}, {""required"": true, ""slot"": ""time"", ""status"": ""SOURCE"", ""value"": ""2025년 4월""}, {""required"": false, ""slot"": ""frequency"", ""status"": ""SOURCE"", ""value"": ""월""}, {""required"": false, ""slot"": ""region"", ""status"": ""NOT_APPLICABLE"", ""value"": null}, {""required"": false, ""slot"": ""population"", ""status"": ""NOT_APPLICABLE"", ""value"": null}, {""required"": false, ""slot"": ""dimension"", ""status"": ""NOT_APPLICABLE"", ""value"": null}, {""required"": false, ""slot"": ""comparison"", ""status"": ""SOURCE"", ""value"": {""change_unit"": ""%"", ""change_value"": ""2.1"", ""reference_period"": ""2024-04"", ""type"": ""YEAR_OVER_YEAR""}}, {""required"": true, ""slot"": ""calculation"", ""status"": ""SOURCE"", ""value"": ""DIRECT_VALUE""}, {""required"": false, ""slot"": ""condition"", ""status"": ""SOURCE"", ""value"": {""direction"": ""INCREASE""}}, {""required"": false, ""slot"": ""source_hint"", ""status"": ""SOURCE"", ""value"": ""통계청""}], ""reason_codes"": []}","[{""attempt"": 1, ""child_claim_id"": ""claim_c7688eb008562485"", ""code_version"": ""admission-recovery-v3"", ""data_version"": ""claim-schema-v1"", ""finished_at"": ""2026-08-26T01:52:10.176245+00:00"", ""input_hash"": ""d792e2cea37acaaeb52b3a00e2152e09c9b6b592b659457ae34f6b4f9b47e969"", ""output_ref"": ""claim_c7688eb008562485"", ""parent_claim_id"": ""A01584_3"", ""reason_code"": null, ""stage"": ""CLAIM_SPLIT"", ""started_at"": ""2026-08-26T01:52:10.176245+00:00"", ""status"": ""PASS""}, {""attempt"": 1, ""child_claim_id"": ""claim_c7688eb008562485"", ""code_version"": ""admission-recovery-v3"", ""data_version"": ""claim-schema-v1"", ""finished_at"": ""2026-08-26T01:52:10.176245+00:00"", ""input_hash"": ""d792e2cea37acaaeb52b3a00e2152e09c9b6b592b659457ae34f6b4f9b47e969"", ""output_ref"": ""claim_c7688eb008562485"", ""parent_claim_id"": ""A01584_3"", ""reason_code"": ""TARGET_VALUE_NOT_IN_SOURCE_SENTENCE"", ""stage"": ""CLAIM_PARSE"", ""started_at"": ""2026-08-26T01:52:10.176245+00:00"", ""status"": ""HUMAN_REVIEW""}]"
A01589_4,1,claim_3e2801049ee55e9d,claim_c7688eb008562485,116.38,"2일 통계청이 발표한 ‘4월 소비자물가 동향’에 따르면, 지난달 소비자물가 지수는 116.38로 전년 동월 대비 2.1% 올랐다.",소비자물가지수,116.38,지수,2025년 4월,월,,,null,"{""rate"": ""2.1%"", ""reference_period"": ""2024-04"", ""type"": ""YEAR_OVER_YEAR""}",DIRECT_VALUE,"{""direction"": ""INCREASE""}",통계청 ‘4월 소비자물가 동향’,HOLD,TARGET_VALUE_NOT_IN_SOURCE_SENTENCE,MULTI_CLAIM_SPLIT,CONTEXT_REQUIRED,HUMAN_REVIEW,TARGET_VALUE_NOT_IN_SOURCE_SENTENCE,,N,,,,N,,0,0,null,[],[],"{""eligible_for_official_search"": true, ""entries"": [{""required"": true, ""slot"": ""indicator"", ""status"": ""SOURCE"", ""value"": ""소비자물가지수""}, {""required"": true, ""slot"": ""value"", ""status"": ""SOURCE"", ""value"": 116.38}, {""required"": true, ""slot"": ""unit"", ""status"": ""SOURCE"", ""value"": ""지수""}, {""required"": true, ""slot"": ""time"", ""status"": ""SOURCE"", ""value"": ""2025년 4월""}, {""required"": false, ""slot"": ""frequency"", ""status"": ""SOURCE"", ""value"": ""월""}, {""required"": false, ""slot"": ""region"", ""status"": ""NOT_APPLICABLE"", ""value"": null}, {""required"": false, ""slot"": ""population"", ""status"": ""NOT_APPLICABLE"", ""value"": null}, {""required"": false, ""slot"": ""dimension"", ""status"": ""NOT_APPLICABLE"", ""value"": null}, {""required"": false, ""slot"": ""comparison"", ""status"": ""CONTEXT"", ""value"": {""rate"": ""2.1%"", ""reference_period"": ""2024-04"", ""type"": ""YEAR_OVER_YEAR""}}, {""required"": true, ""slot"": ""calculation"", ""status"": ""CONTEXT"", ""value"": ""DIRECT_VALUE""}, {""required"": false, ""slot"": ""condition"", ""status"": ""SOURCE"", ""value"": {""direction"": ""INCREASE""}}, {""required"": false, ""slot"": ""source_hint"", ""status"": ""CONTEXT"", ""value"": ""통계청 ‘4월 소비자물가 동향’""}], ""reason_codes"": []}","[{""attempt"": 1, ""child_claim_id"": ""claim_c7688eb008562485"", ""code_version"": ""admission-recovery-v3"", ""data_version"": ""claim-schema-v1"", ""finished_at"": ""2026-08-26T01:52:22.309271+00:00"", ""input_hash"": ""d792e2cea37acaaeb52b3a00e2152e09c9b6b592b659457ae34f6b4f9b47e969"", ""output_ref"": ""claim_c7688eb008562485"", ""parent_claim_id"": ""A01589_4"", ""reason_code"": null, ""stage"": ""CLAIM_SPLIT"", ""started_at"": ""2026-08-26T01:52:22.309271+00:00"", ""status"": ""PASS""}, {""attempt"": 1, ""child_claim_id"": ""claim_c7688eb008562485"", ""code_version"": ""admission-recovery-v3"", ""data_version"": ""claim-schema-v1"", ""finished_at"": ""2026-08-26T01:52:22.309271+00:00"", ""input_hash"": ""d792e2cea37acaaeb52b3a00e2152e09c9b6b592b659457ae34f6b4f9b47e969"", ""output_ref"": ""claim_c7688eb008562485"", ""parent_claim_id"": ""A01589_4"", ""reason_code"": ""TARGET_VALUE_NOT_IN_SOURCE_SENTENCE"", ""stage"": ""CLAIM_PARSE"", ""started_at"": ""2026-08-26T01:52:22.309271+00:00"", ""status"": ""HUMAN_REVIEW""}]"
A01641_17,1,claim_f6144e9032ae4a7a,claim_2617d0f5a5065df3,61조원,실제 근로소득세 수입은 2008년 15조6000억원에서 지난해 61조원으로 거의 4배로 늘었다.,실제 근로소득세 수입,61.0,조원,2024년,년,,,null,"{""reference_period"": ""2008년"", ""reference_unit"": ""조원"", ""reference_value"": ""15.6"", ""stated_multiple"": ""거의 4배"", ""type"": ""MULTIPLE""}",DIRECT_VALUE,"{""direction"": ""INCREASE""}",,AUTO_OK,"지난해의 실제 근로소득세 수입 61조원이라는 중심 수치가 명확하며, 2008년 수치와 증가 배수가 비교 정보로 함께 제시됨.",MULTI_CLAIM_SPLIT,KOSIS_PIPELINE_ELIGIBLE,HOLD,NO_HARD_GUARD_CANDIDATE,,N,UNDETERMINED,HOLD,NO_HARD_GUARD_CANDIDATE,N,,0,0,"{""canonical_name"": ""실제 근로소득세 수입"", ""concept_id"": ""OBSERVED:b478074f95337752"", ""kosis_search_terms"": [""실제 근로소득세 수입""], ""matched_alias"": ""실제 근로소득세 수입"", ""standard_key"": ""observed_indicator_b478074f95337752"", ""status"": ""MATCHED""}",[],[],"{""eligible_for_official_search"": true, ""entries"": [{""required"": true, ""slot"": ""indicator"", ""status"": ""SOURCE"", ""value"": ""실제 근로소득세 수입""}, {""required"": true, ""slot"": ""value"", ""status"": ""SOURCE"", ""value"": 61.0}, {""required"": true, ""slot"": ""unit"", ""status"": ""SOURCE"", ""value"": ""조원""}, {""required"": true, ""slot"": ""time"", ""status"": ""SOURCE"", ""value"": ""2024년""}, {""required"": false, ""slot"": ""frequency"", ""status"": ""SOURCE"", ""value"": ""년""}, {""required"": false, ""slot"": ""region"", ""status"": ""NOT_APPLICABLE"", ""value"": null}, {""required"": false, ""slot"": ""population"", ""status"": ""NOT_APPLICABLE"", ""value"": null}, {""required"": false, ""slot"": ""dimension"", ""status"": ""NOT_APPLICABLE"", ""value"": null}, {""required"": false, ""slot"": ""comparison"", ""status"": ""SOURCE"", ""value"": {""reference_period"": ""2008년"", ""reference_unit"": ""조원"", ""reference_value"": ""15.6"", ""stated_multiple"": ""거의 4배"", ""type"": ""MULTIPLE""}}, {""required"": true, ""slot"": ""calculation"", ""status"": ""SOURCE"", ""value"": ""DIRECT_VALUE""}, {""required"": false, ""slot"": ""condition"", ""status"": ""SOURCE"", ""value"": {""direction"": ""INCREASE""}}, {""required"": false, ""slot"": ""source_hint"", ""status"": ""NOT_APPLICABLE"", ""value"": null}], ""reason_codes"": []}","[{""attempt"": 1, ""child_claim_id"": ""claim_2617d0f5a5065df3"", ""code_version"": ""admission-recovery-v3"", ""data_version"": ""claim-schema-v1"", ""finished_at"": ""2026-08-26T01:52:39.335178+00:00"", ""input_hash"": ""a330fb46fd8b905f46973829d7c788a871f89885e6c52c121b94900824509cea"", ""output_ref"": ""claim_2617d0f5a5065df3"", ""parent_claim_id"": ""A01641_17"", ""reason_code"": null, ""stage"": ""CLAIM_SPLIT"", ""started_at"": ""2026-08-26T01:52:39.335178+00:00"", ""status"": ""PASS""}, {""attempt"": 1, ""child_claim_id"": ""claim_2617d0f5a5065df3"", ""code_version"": ""admission-recovery-v3"", ""data_version"": ""claim-schema-v1"", ""finished_at"": ""2026-08-26T01:52:39.335178+00:00"", ""input_hash"": ""a330fb46fd8b905f46973829d7c788a871f89885e6c52c121b94900824509cea"", ""output_ref"": ""claim_2617d0f5a5065df3"", ""parent_claim_id"": ""A01641_17"", ""reason_code"": null, ""stage"": ""CLAIM_PARSE"", ""started_at"": ""2026-08-26T01:52:39.335178+00:00"", ""status"": ""PASS""}]"
A01709_31,1,claim_3548667ef4067f27,claim_39a5e0380a9a65d8,1217조원,2023년 말 일반 정부 부채는 약 1217조원(GDP의 50.7%)이다.,일반 정부 부채,1217.0,조원,2023년 말,연간,,일반 정부,"{""GDP 대비 비율"": ""50.7%""}",null,DIRECT_VALUE,null,,AUTO_OK,,MULTI_CLAIM_SPLIT,KOSIS_PIPELINE_ELIGIBLE,HOLD,NO_HARD_GUARD_CANDIDATE,,N,UNDETERMINED,HOLD,NO_HARD_GUARD_CANDIDATE,N,,0,0,"{""canonical_name"": ""일반 정부 부채"", ""concept_id"": ""OBSERVED:7e33162ff18631b5"", ""kosis_search_terms"": [""일반 정부 부채""], ""matched_alias"": ""일반 정부 부채"", ""standard_key"": ""observed_indicator_7e33162ff18631b5"", ""status"": ""MATCHED""}",[],[],"{""eligible_for_official_search"": true, ""entries"": [{""required"": true, ""slot"": ""indicator"", ""status"": ""SOURCE"", ""value"": ""일반 정부 부채""}, {""required"": true, ""slot"": ""value"", ""status"": ""SOURCE"", ""value"": 1217.0}, {""required"": true, ""slot"": ""unit"", ""status"": ""SOURCE"", ""value"": ""조원""}, {""required"": true, ""slot"": ""time"", ""status"": ""SOURCE"", ""value"": ""2023년 말""}, {""required"": false, ""slot"": ""frequency"", ""status"": ""SOURCE"", ""value"": ""연간""}, {""required"": false, ""slot"": ""region"", ""status"": ""NOT_APPLICABLE"", ""value"": null}, {""required"": false, ""slot"": ""population"", ""status"": ""SOURCE"", ""value"": ""일반 정부""}, {""required"": false, ""slot"": ""dimension"", ""status"": ""SOURCE"", ""value"": {""GDP 대비 비율"": ""50.7%""}}, {""required"": false, ""slot"": ""comparison"", ""status"": ""NOT_APPLICABLE"", ""value"": null}, {""required"": true, ""slot"": ""calculation"", ""status"": ""SOURCE"", ""value"": ""DIRECT_VALUE""}, {""required"": false, ""slot"": ""condition"", ""status"": ""NOT_APPLICABLE"", ""value"": null}, {""required"": false, ""slot"": ""source_hint"", ""status"": ""NOT_APPLICABLE"", ""value"": null}], ""reason_codes"": []}","[{""attempt"": 1, ""child_claim_id"": ""claim_39a5e0380a9a65d8"", ""code_version"": ""admission-recovery-v3"", ""data_version"": ""claim-schema-v1"", ""finished_at"": ""2026-08-26T01:53:02.396577+00:00"", ""input_hash"": ""1a513e161ebf1f62aef5428b1b096a85d9f0acd78487cfd62b7f8b384bda45ed"", ""output_ref"": ""claim_39a5e0380a9a65d8"", ""parent_claim_id"": ""A01709_31"", ""reason_code"": null, ""stage"": ""CLAIM_SPLIT"", ""started_at"": ""2026-08-26T01:53:02.396577+00:00"", ""status"": ""PASS""}, {""attempt"": 1, ""child_claim_id"": ""claim_39a5e0380a9a65d8"", ""code_version"": ""admission-recovery-v3"", ""data_version"": ""claim-schema-v1"", ""finished_at"": ""2026-08-26T01:53:02.396577+00:00"", ""input_hash"": ""1a513e161ebf1f62aef5428b1b096a85d9f0acd78487cfd62b7f8b384bda45ed"", ""output_ref"": ""claim_39a5e0380a9a65d8"", ""parent_claim_id"": ""A01709_31"", ""reason_code"": null, ""stage"": ""CLAIM_PARSE"", ""started_at"": ""2026-08-26T01:53:02.396577+00:00"", ""status"": ""PASS""}]"
A01720_37,1,claim_4f01e6da4bafdd79,claim_7aef100e4edef048,0.3%,"중동 역시 작년엔 성장률(0.3%)이 보합세로, 재작년(5.5%) 대비 크게 꺾였다.",경제 성장률,0.3,%,2024년,년,중동,,null,"{""reference_period"": ""재작년"", ""reference_value"": ""5.5"", ""type"": ""YEAR_OVER_YEAR""}",GROWTH_RATE,"{""direction"": ""DECREASE""}",,AUTO_OK,,MULTI_CLAIM_SPLIT,KOSIS_PIPELINE_ELIGIBLE,HOLD,PUBLICATION_FETCH_FAILED,,N,UNDETERMINED,HOLD,PUBLICATION_FETCH_FAILED,N,,2,1,"{""canonical_name"": ""경제성장률"", ""concept_id"": ""C000014"", ""kosis_search_terms"": [], ""matched_alias"": ""경제성장률"", ""standard_key"": ""economic_growth_rate"", ""status"": ""MATCHED""}","[{""canonical_key"": ""ORG=101|TBL=DT_1YL20571|ITM=T10|OBJ=SGG|MEMBER=전국|PRD_SE=년|PRD_DE=2024"", ""dimension_codes"": {""SGG"": ""00""}, ""dimension_members"": {""SGG"": ""전국""}, ""itm_id"": ""T10"", ""member_code"": ""전국"", ""obj_id"": ""SGG"", ""org_id"": ""101"", ""prd_de"": ""2024"", ""prd_se"": ""년"", ""status"": ""CONFIRMED"", ""tbl_id"": ""DT_1YL20571"", ""unit"": ""%""}, {""canonical_key"": ""ORG=101|TBL=DT_1YL20571|ITM=T10|OBJ=SGG|MEMBER=전국|PRD_SE=년|PRD_DE=2023"", ""dimension_codes"": {""SGG"": ""00""}, ""dimension_members"": {""SGG"": ""전국""}, ""itm_id"": ""T10"", ""member_code"": ""전국"", ""obj_id"": ""SGG"", ""org_id"": ""101"", ""prd_de"": ""2023"", ""prd_se"": ""년"", ""status"": ""CONFIRMED"", ""tbl_id"": ""DT_1YL20571"", ""unit"": ""%""}]","[{""content_hash"": ""5e4f80a77af9bf3eb8e0c6adb73313234f6ec134fa3fa3328187c2efcc035244"", ""evidence_key"": ""ORG=101|TBL=DT_1YL20571|ITM=T10|OBJ=SGG|MEMBER=전국|PRD_SE=년|PRD_DE=2024"", ""publication"": {""content_hash"": ""0dcc3fdb670023214227ed46e3d44364bd044a323742db1bfb58d2ed6669eba8"", ""coverage_end_period"": null, ""coverage_start_period"": null, ""evidence_scope"": ""PERIOD"", ""pub_date_text"": null, ""pub_period"": null, ""publication_method_url"": null, ""published_at"": null, ""reference_period"": null, ""retrieved_at"": ""2026-08-26T01:53:17.459358Z"", ""source_url"": ""https://kosis.kr/openapi/statisticsExplData.do?method=getList&format=json&jsonVD=Y&orgId=101&tblId=DT_1YL20571&metaItm=All"", ""status"": ""FETCH_FAILED""}, ""retrieved_at"": ""2026-08-26T01:53:11.243599Z"", ""source"": ""API"", ""source_url"": ""https://kosis.kr/openapi/Param/statisticsParameterData.do?method=getList&orgId=101&tblId=DT_1YL20571&itmId=T10&prdSe=Y&startPrdDe=2024&endPrdDe=2024&objL1=00"", ""value_last_changed_at"": null}]","{""eligible_for_official_search"": true, ""entries"": [{""required"": true, ""slot"": ""indicator"", ""status"": ""SOURCE"", ""value"": ""경제 성장률""}, {""required"": true, ""slot"": ""value"", ""status"": ""SOURCE"", ""value"": 0.3}, {""required"": true, ""slot"": ""unit"", ""status"": ""SOURCE"", ""value"": ""%""}, {""required"": true, ""slot"": ""time"", ""status"": ""SOURCE"", ""value"": ""2024년""}, {""required"": false, ""slot"": ""frequency"", ""status"": ""SOURCE"", ""value"": ""년""}, {""required"": false, ""slot"": ""region"", ""status"": ""SOURCE"", ""value"": ""중동""}, {""required"": false, ""slot"": ""population"", ""status"": ""NOT_APPLICABLE"", ""value"": null}, {""required"": false, ""slot"": ""dimension"", ""status"": ""NOT_APPLICABLE"", ""value"": null}, {""required"": true, ""slot"": ""comparison"", ""status"": ""SOURCE"", ""value"": {""reference_period"": ""재작년"", ""reference_value"": ""5.5"", ""type"": ""YEAR_OVER_YEAR""}}, {""required"": true, ""slot"": ""calculation"", ""status"": ""SOURCE"", ""value"": ""GROWTH_RATE""}, {""required"": true, ""slot"": ""condition"", ""status"": ""SOURCE"", ""value"": {""direction"": ""DECREASE""}}, {""required"": false, ""slot"": ""source_hint"", ""status"": ""NOT_APPLICABLE"", ""value"": null}], ""reason_codes"": []}","[{""attempt"": 1, ""child_claim_id"": ""claim_7aef100e4edef048"", ""code_version"": ""admission-recovery-v3"", ""data_version"": ""claim-schema-v1"", ""finished_at"": ""2026-08-26T01:53:20.339216+00:00"", ""input_hash"": ""3e804a4df21b0af507f852c6a6c46ff2cb6f640e687ff05b949a56d3a3e0b231"", ""output_ref"": ""claim_7aef100e4edef048"", ""parent_claim_id"": ""A01720_37"", ""reason_code"": null, ""stage"": ""CLAIM_SPLIT"", ""started_at"": ""2026-08-26T01:53:20.339216+00:00"", ""status"": ""PASS""}, {""attempt"": 1, ""child_claim_id"": ""claim_7aef100e4edef048"", ""code_version"": ""admission-recovery-v3"", ""data_version"": ""claim-schema-v1"", ""finished_at"": ""2026-08-26T01:53:20.339216+00:00"", ""input_hash"": ""3e804a4df21b0af507f852c6a6c46ff2cb6f640e687ff05b949a56d3a3e0b231"", ""output_ref"": ""claim_7aef100e4edef048"", ""parent_claim_id"": ""A01720_37"", ""reason_code"": null, ""stage"": ""CLAIM_PARSE"", ""started_at"": ""2026-08-26T01:53:20.339216+00:00"", ""status"": ""PASS""}]"
A01737_11,1,claim_4784a1df9b05fd94,claim_80895f9c29289a44,7.1%,특히 사회 초년생인 20대 후반의 경우 실업률이 7.1%를 기록하며 전년 동월 대비 1.3%포인트나 증가했다.,실업률,7.1,%,,MONTHLY,,사회 초년생인 20대 후반,"{""age"": ""20대 후반""}","{""change_unit"": ""%포인트"", ""change_value"": ""1.3"", ""reference_period"": ""전년 동월"", ""type"": ""YEAR_OVER_YEAR""}",GROWTH_RATE,"{""direction"": ""INCREASE""}",,HOLD,"중심 수치와 전년 동월 대비 증감은 명시됐지만, 주장 대상 월이 문장에 직접 제시되지 않아 target time을 확정할 수 없음",MULTI_CLAIM_SPLIT,STRUCTURAL_HOLD,HUMAN_REVIEW,"중심 수치와 전년 동월 대비 증감은 명시됐지만, 주장 대상 월이 문장에 직접 제시되지 않아 target time을 확정할 수 없음",,N,,,,N,,0,0,null,[],[],"{""eligible_for_official_search"": false, ""entries"": [{""required"": true, ""slot"": ""indicator"", ""status"": ""SOURCE"", ""value"": ""실업률""}, {""required"": true, ""slot"": ""value"", ""status"": ""SOURCE"", ""value"": 7.1}, {""required"": true, ""slot"": ""unit"", ""status"": ""SOURCE"", ""value"": ""%""}, {""required"": true, ""slot"": ""time"", ""status"": ""MISSING"", ""value"": null}, {""required"": false, ""slot"": ""frequency"", ""status"": ""SOURCE"", ""value"": ""MONTHLY""}, {""required"": false, ""slot"": ""region"", ""status"": ""NOT_APPLICABLE"", ""value"": null}, {""required"": false, ""slot"": ""population"", ""status"": ""SOURCE"", ""value"": ""사회 초년생인 20대 후반""}, {""required"": false, ""slot"": ""dimension"", ""status"": ""SOURCE"", ""value"": {""age"": ""20대 후반""}}, {""required"": true, ""slot"": ""comparison"", ""status"": ""SOURCE"", ""value"": {""change_unit"": ""%포인트"", ""change_value"": ""1.3"", ""reference_period"": ""전년 동월"", ""type"": ""YEAR_OVER_YEAR""}}, {""required"": true, ""slot"": ""calculation"", ""status"": ""SOURCE"", ""value"": ""GROWTH_RATE""}, {""required"": true, ""slot"": ""condition"", ""status"": ""SOURCE"", ""value"": {""direction"": ""INCREASE""}}, {""required"": false, ""slot"": ""source_hint"", ""status"": ""NOT_APPLICABLE"", ""value"": null}], ""reason_codes"": [""MISSING_REQUIRED_SLOTS:time""]}","[{""attempt"": 1, ""child_claim_id"": ""claim_80895f9c29289a44"", ""code_version"": ""admission-recovery-v3"", ""data_version"": ""claim-schema-v1"", ""finished_at"": ""2026-08-26T01:53:30.360606+00:00"", ""input_hash"": ""53f6c5d02cccfa17842a1066a7d2a60284b3b4f41013e4b9a09131e8ddccd5a7"", ""output_ref"": ""claim_80895f9c29289a44"", ""parent_claim_id"": ""A01737_11"", ""reason_code"": null, ""stage"": ""CLAIM_SPLIT"", ""started_at"": ""2026-08-26T01:53:30.360606+00:00"", ""status"": ""PASS""}, {""attempt"": 1, ""child_claim_id"": ""claim_80895f9c29289a44"", ""code_version"": ""admission-recovery-v3"", ""data_version"": ""claim-schema-v1"", ""finished_at"": ""2026-08-26T01:53:30.360606+00:00"", ""input_hash"": ""53f6c5d02cccfa17842a1066a7d2a60284b3b4f41013e4b9a09131e8ddccd5a7"", ""output_ref"": ""claim_80895f9c29289a44"", ""parent_claim_id"": ""A01737_11"", ""reason_code"": ""중심 수치와 전년 동월 대비 증감은 명시됐지만, 주장 대상 월이 문장에 직접 제시되지 않아 target time을 확정할 수 없음"", ""stage"": ""CLAIM_PARSE"", ""started_at"": ""2026-08-26T01:53:30.360606+00:00"", ""status"": ""HUMAN_REVIEW""}]"
A01737_5,1,claim_535e5c9e6674fa0e,claim_2ad5bb5bd9905a6f,10만명,지난 1월(13만5000명)부터 4개월 연속으로 취업자 증가폭이 10만명대를 기록한 것이다.,취업자 증가폭,100000.0,명,지난 1월부터 4개월 연속,월,,취업자,null,"{""reference_period"": ""지난 1월"", ""reference_value"": ""135000""}",DIRECT_VALUE,"{""duration"": ""4개월 연속"", ""range_expression"": ""10만명대""}",,HOLD,"‘10만명대’는 정확한 단일 수치가 아닌 범위 표현이며, 4개월 연속이라는 기간에 걸친 주장이라 확정값으로 자동 구조화하기 어렵습니다.",MULTI_CLAIM_SPLIT,STRUCTURAL_HOLD,HUMAN_REVIEW,"‘10만명대’는 정확한 단일 수치가 아닌 범위 표현이며, 4개월 연속이라는 기간에 걸친 주장이라 확정값으로 자동 구조화하기 어렵습니다.",,N,,,,N,,0,0,null,[],[],"{""eligible_for_official_search"": true, ""entries"": [{""required"": true, ""slot"": ""indicator"", ""status"": ""SOURCE"", ""value"": ""취업자 증가폭""}, {""required"": true, ""slot"": ""value"", ""status"": ""SOURCE"", ""value"": 100000.0}, {""required"": true, ""slot"": ""unit"", ""status"": ""SOURCE"", ""value"": ""명""}, {""required"": true, ""slot"": ""time"", ""status"": ""SOURCE"", ""value"": ""지난 1월부터 4개월 연속""}, {""required"": false, ""slot"": ""frequency"", ""status"": ""SOURCE"", ""value"": ""월""}, {""required"": false, ""slot"": ""region"", ""status"": ""NOT_APPLICABLE"", ""value"": null}, {""required"": false, ""slot"": ""population"", ""status"": ""SOURCE"", ""value"": ""취업자""}, {""required"": false, ""slot"": ""dimension"", ""status"": ""NOT_APPLICABLE"", ""value"": null}, {""required"": false, ""slot"": ""comparison"", ""status"": ""SOURCE"", ""value"": {""reference_period"": ""지난 1월"", ""reference_value"": ""135000""}}, {""required"": true, ""slot"": ""calculation"", ""status"": ""SOURCE"", ""value"": ""DIRECT_VALUE""}, {""required"": false, ""slot"": ""condition"", ""status"": ""SOURCE"", ""value"": {""duration"": ""4개월 연속"", ""range_expression"": ""10만명대""}}, {""required"": false, ""slot"": ""source_hint"", ""status"": ""NOT_APPLICABLE"", ""value"": null}], ""reason_codes"": []}","[{""attempt"": 1, ""child_claim_id"": ""claim_2ad5bb5bd9905a6f"", ""code_version"": ""admission-recovery-v3"", ""data_version"": ""claim-schema-v1"", ""finished_at"": ""2026-08-26T01:53:40.519866+00:00"", ""input_hash"": ""45bbbda34eddeba5bef9cb8e9784fa0d6f2e618f4f4958c303028dfea206c627"", ""output_ref"": ""claim_2ad5bb5bd9905a6f"", ""parent_claim_id"": ""A01737_5"", ""reason_code"": null, ""stage"": ""CLAIM_SPLIT"", ""started_at"": ""2026-08-26T01:53:40.519866+00:00"", ""status"": ""PASS""}, {""attempt"": 1, ""child_claim_id"": ""claim_2ad5bb5bd9905a6f"", ""code_version"": ""admission-recovery-v3"", ""data_version"": ""claim-schema-v1"", ""finished_at"": ""2026-08-26T01:53:40.519866+00:00"", ""input_hash"": ""45bbbda34eddeba5bef9cb8e9784fa0d6f2e618f4f4958c303028dfea206c627"", ""output_ref"": ""claim_2ad5bb5bd9905a6f"", ""parent_claim_id"": ""A01737_5"", ""reason_code"": ""‘10만명대’는 정확한 단일 수치가 아닌 범위 표현이며, 4개월 연속이라는 기간에 걸친 주장이라 확정값으로 자동 구조화하기 어렵습니다."", ""stage"": ""CLAIM_PARSE"", ""started_at"": ""2026-08-26T01:53:40.519866+00:00"", ""status"": ""HUMAN_REVIEW""}]"
A01752_4,1,claim_93612f4fd03ddb56,claim_a2dea7f14b093c76,2888만7000명,"통계청이 14일 발표한 ‘4월 고용 동향’에 따르면, 지난달 취업자는 2888만7000명으로 작년 4월보다 19만4000명 늘었다.",취업자,28887000.0,명,2025년 4월,월,전국,취업자,null,"{""reference_period"": ""2024-04"", ""reference_value"": ""28693000"", ""type"": ""YEAR_OVER_YEAR""}",DIRECT_VALUE,"{""direction"": ""INCREASE""}",통계청 ‘4월 고용 동향’,AUTO_OK,,MULTI_CLAIM_SPLIT,KOSIS_PIPELINE_ELIGIBLE,AUTO,WITHIN_TOLERANCE,,N,MATCH,AUTO,WITHIN_TOLERANCE,Y,28887000.0,1,1,"{""canonical_name"": ""취업자 수"", ""concept_id"": ""C000008"", ""kosis_search_terms"": [""경제활동인구조사 취업자"", ""산업별 취업자""], ""matched_alias"": ""취업자"", ""standard_key"": ""employment_count"", ""status"": ""MATCHED""}","[{""canonical_key"": ""ORG=101|TBL=DT_1DA7001S|ITM=T30|OBJ=B|MEMBER=계|PRD_SE=월|PRD_DE=2025-04"", ""dimension_codes"": {""B"": ""0""}, ""dimension_members"": {""B"": ""계""}, ""itm_id"": ""T30"", ""member_code"": ""계"", ""obj_id"": ""B"", ""org_id"": ""101"", ""prd_de"": ""2025-04"", ""prd_se"": ""월"", ""status"": ""CONFIRMED"", ""tbl_id"": ""DT_1DA7001S"", ""unit"": ""천명""}]","[{""content_hash"": ""49d3c5a9dbb62f72bb36e41527a493f58e5e0986134e8ae19ef12ea167869fe0"", ""evidence_key"": ""ORG=101|TBL=DT_1DA7001S|ITM=T30|OBJ=B|MEMBER=계|PRD_SE=월|PRD_DE=2025-04"", ""publication"": {""content_hash"": ""d27d758ca395d7144f03c067ee6d52c84f9ff15dff41d6456456bad385fd9328"", ""coverage_end_period"": null, ""coverage_start_period"": null, ""evidence_scope"": ""PERIOD"", ""pub_date_text"": ""조사기준 월 익월"", ""pub_period"": ""월"", ""publication_method_url"": ""https://www.kostat.go.kr/board.es?act=list&mid=a10301010000&keyField=T&bid=210&keyWord=2025%EB%85%84+4%EC%9B%94+%EA%B3%A0%EC%9A%A9%EB%8F%99%ED%96%A5"", ""published_at"": ""2025-05-14"", ""reference_period"": ""2025-04"", ""retrieved_at"": ""2026-08-26T01:54:01.416341Z"", ""source_url"": ""https://www.kostat.go.kr/board.es?mid=a10301010000&bid=210&act=view&list_no=436594&tag=&nPage=1&ref_bid="", ""status"": ""VERIFIED""}, ""retrieved_at"": ""2026-08-26T01:53:55.580758Z"", ""source"": ""API"", ""source_url"": ""https://kosis.kr/openapi/Param/statisticsParameterData.do?method=getList&orgId=101&tblId=DT_1DA7001S&itmId=T30&prdSe=M&startPrdDe=202504&endPrdDe=202504&objL1=0"", ""value_last_changed_at"": ""2025-04-30""}]","{""eligible_for_official_search"": true, ""entries"": [{""required"": true, ""slot"": ""indicator"", ""status"": ""SOURCE"", ""value"": ""취업자""}, {""required"": true, ""slot"": ""value"", ""status"": ""CONTEXT"", ""value"": 28887000.0}, {""required"": true, ""slot"": ""unit"", ""status"": ""SOURCE"", ""value"": ""명""}, {""required"": true, ""slot"": ""time"", ""status"": ""SOURCE"", ""value"": ""2025년 4월""}, {""required"": false, ""slot"": ""frequency"", ""status"": ""SOURCE"", ""value"": ""월""}, {""required"": false, ""slot"": ""region"", ""status"": ""CONTEXT"", ""value"": ""전국""}, {""required"": false, ""slot"": ""population"", ""status"": ""CONTEXT"", ""value"": ""취업자""}, {""required"": false, ""slot"": ""dimension"", ""status"": ""NOT_APPLICABLE"", ""value"": null}, {""required"": false, ""slot"": ""comparison"", ""status"": ""CONTEXT"", ""value"": {""reference_period"": ""2024-04"", ""reference_value"": ""28693000"", ""type"": ""YEAR_OVER_YEAR""}}, {""required"": true, ""slot"": ""calculation"", ""status"": ""CONTEXT"", ""value"": ""DIRECT_VALUE""}, {""required"": false, ""slot"": ""condition"", ""status"": ""CONTEXT"", ""value"": {""direction"": ""INCREASE""}}, {""required"": false, ""slot"": ""source_hint"", ""status"": ""CONTEXT"", ""value"": ""통계청 ‘4월 고용 동향’""}], ""reason_codes"": []}","[{""attempt"": 1, ""child_claim_id"": ""claim_a2dea7f14b093c76"", ""code_version"": ""admission-recovery-v3"", ""data_version"": ""claim-schema-v1"", ""finished_at"": ""2026-08-26T01:54:01.417345+00:00"", ""input_hash"": ""329049d674f951ef537caa6d9bea4e886914eadb3a408253587c98fc2b7c34bf"", ""output_ref"": ""claim_a2dea7f14b093c76"", ""parent_claim_id"": ""A01752_4"", ""reason_code"": null, ""stage"": ""CLAIM_SPLIT"", ""started_at"": ""2026-08-26T01:54:01.417345+00:00"", ""status"": ""PASS""}, {""attempt"": 1, ""child_claim_id"": ""claim_a2dea7f14b093c76"", ""code_version"": ""admission-recovery-v3"", ""data_version"": ""claim-schema-v1"", ""finished_at"": ""2026-08-26T01:54:01.417345+00:00"", ""input_hash"": ""329049d674f951ef537caa6d9bea4e886914eadb3a408253587c98fc2b7c34bf"", ""output_ref"": ""claim_a2dea7f14b093c76"", ""parent_claim_id"": ""A01752_4"", ""reason_code"": null, ""stage"": ""CLAIM_PARSE"", ""started_at"": ""2026-08-26T01:54:01.417345+00:00"", ""status"": ""PASS""}]"
A01927_11,1,claim_fb5fd135415c3b5c,claim_6e36d010210a5789,6만5000명,분기별로 출생아 수가 6만5000명을 넘은 것은 지난 2022년 1분기(6만8339명) 이후 3년 만이다.,출생아 수,65000.0,명,2025년 1분기,분기,,,null,"{""reference_period"": ""2022년 1분기"", ""reference_value"": ""68339""}",THRESHOLD,"{""direction"": ""INCREASE"", ""operator"": ""GT"", ""threshold_unit"": ""명"", ""threshold_value"": ""65000""}",,AUTO_OK,,MULTI_CLAIM_SPLIT,KOSIS_PIPELINE_ELIGIBLE,HOLD,AS_OF_UNAVAILABLE,,N,UNDETERMINED,HOLD,AS_OF_UNAVAILABLE,N,,1,1,"{""canonical_name"": ""출생아 수"", ""concept_id"": ""C000019"", ""kosis_search_terms"": [], ""matched_alias"": ""출생아 수"", ""standard_key"": ""birth_count"", ""status"": ""MATCHED""}","[{""canonical_key"": ""ORG=101|TBL=DT_1B8000G|ITM=T1|OBJ=B|MEMBER=전국|PRD_SE=분기|PRD_DE=2025-Q1|DIMS=B:전국,A:출생아수(명)"", ""dimension_codes"": {""A"": ""10"", ""B"": ""00""}, ""dimension_members"": {""A"": ""출생아수(명)"", ""B"": ""전국""}, ""itm_id"": ""T1"", ""member_code"": ""전국"", ""obj_id"": ""B"", ""org_id"": ""101"", ""prd_de"": ""2025-Q1"", ""prd_se"": ""분기"", ""status"": ""CONFIRMED"", ""tbl_id"": ""DT_1B8000G"", ""unit"": ""명""}]","[{""content_hash"": ""a7d9f2d337ec4a18953d0a2151302f65ca65ae439940c46e1497b3b2058c1629"", ""evidence_key"": ""ORG=101|TBL=DT_1B8000G|ITM=T1|OBJ=B|MEMBER=전국|PRD_SE=분기|PRD_DE=2025-Q1|DIMS=B:전국,A:출생아수(명)"", ""publication"": {""content_hash"": ""882ea1046b8fe06af80e5ccfa2f0e019e4174b51a050363f55714b66573aaacc"", ""coverage_end_period"": null, ""coverage_start_period"": null, ""evidence_scope"": ""PERIOD"", ""pub_date_text"": ""조사기준 년 익년"", ""pub_period"": ""월"", ""publication_method_url"": ""언론(보도자료), 전산망(인터넷), 간행물2024년 5월 인구동향https://mods.go.kr/board.es?mid=a10301020300&amp;bid=204"", ""published_at"": null, ""reference_period"": null, ""retrieved_at"": ""2026-08-26T01:54:34.952850Z"", ""source_url"": ""https://kosis.kr/openapi/statisticsExplData.do?method=getList&format=json&jsonVD=Y&orgId=101&tblId=DT_1B8000G&metaItm=All"", ""status"": ""UNRESOLVED""}, ""retrieved_at"": ""2026-08-26T01:54:31.390213Z"", ""source"": ""API"", ""source_url"": ""https://kosis.kr/openapi/Param/statisticsParameterData.do?method=getList&orgId=101&tblId=DT_1B8000G&itmId=T1&prdSe=Q&startPrdDe=202501&endPrdDe=202501&objL1=00&objL2=10"", ""value_last_changed_at"": null}]","{""eligible_for_official_search"": true, ""entries"": [{""required"": true, ""slot"": ""indicator"", ""status"": ""SOURCE"", ""value"": ""출생아 수""}, {""required"": true, ""slot"": ""value"", ""status"": ""SOURCE"", ""value"": 65000.0}, {""required"": true, ""slot"": ""unit"", ""status"": ""SOURCE"", ""value"": ""명""}, {""required"": true, ""slot"": ""time"", ""status"": ""SOURCE"", ""value"": ""2025년 1분기""}, {""required"": false, ""slot"": ""frequency"", ""status"": ""SOURCE"", ""value"": ""분기""}, {""required"": false, ""slot"": ""region"", ""status"": ""NOT_APPLICABLE"", ""value"": null}, {""required"": false, ""slot"": ""population"", ""status"": ""NOT_APPLICABLE"", ""value"": null}, {""required"": false, ""slot"": ""dimension"", ""status"": ""NOT_APPLICABLE"", ""value"": null}, {""required"": false, ""slot"": ""comparison"", ""status"": ""SOURCE"", ""value"": {""reference_period"": ""2022년 1분기"", ""reference_value"": ""68339""}}, {""required"": true, ""slot"": ""calculation"", ""status"": ""SOURCE"", ""value"": ""THRESHOLD""}, {""required"": true, ""slot"": ""condition"", ""status"": ""SOURCE"", ""value"": {""direction"": ""INCREASE"", ""operator"": ""GT"", ""threshold_unit"": ""명"", ""threshold_value"": ""65000""}}, {""required"": false, ""slot"": ""source_hint"", ""status"": ""NOT_APPLICABLE"", ""value"": null}], ""reason_codes"": []}","[{""attempt"": 1, ""child_claim_id"": ""claim_6e36d010210a5789"", ""code_version"": ""admission-recovery-v3"", ""data_version"": ""claim-schema-v1"", ""finished_at"": ""2026-08-26T01:54:34.953850+00:00"", ""input_hash"": ""4fcbe83303ba505c08e4bc376eb443f6e2d66f7d85fbe18d800c36dad1887b7d"", ""output_ref"": ""claim_6e36d010210a5789"", ""parent_claim_id"": ""A01927_11"", ""reason_code"": null, ""stage"": ""CLAIM_SPLIT"", ""started_at"": ""2026-08-26T01:54:34.953850+00:00"", ""status"": ""PASS""}, {""attempt"": 1, ""child_claim_id"": ""claim_6e36d010210a5789"", ""code_version"": ""admission-recovery-v3"", ""data_version"": ""claim-schema-v1"", ""finished_at"": ""2026-08-26T01:54:34.953850+00:00"", ""input_hash"": ""4fcbe83303ba505c08e4bc376eb443f6e2d66f7d85fbe18d800c36dad1887b7d"", ""output_ref"": ""claim_6e36d010210a5789"", ""parent_claim_id"": ""A01927_11"", ""reason_code"": null, ""stage"": ""CLAIM_PARSE"", ""started_at"": ""2026-08-26T01:54:34.953850+00:00"", ""status"": ""PASS""}]"
A01927_23,1,claim_12fae89412f5fe2b,claim_2e43042570127df6,56만명,2000년에 64만명이던 출생아 수는 2001년 56만명으로 줄더니 2002년부터 40만명대로 떨어졌다.,출생아 수,560000.0,명,2001,ANNUAL,,,null,"{""direction"": ""DECREASE"", ""reference_period"": ""2000"", ""reference_value"": ""640000"", ""type"": ""YEAR_OVER_YEAR""}",DIRECT_VALUE,"{""direction"": ""DECREASE""}",,AUTO_OK,,MULTI_CLAIM_SPLIT,KOSIS_PIPELINE_ELIGIBLE,HOLD,AS_OF_UNAVAILABLE,,N,UNDETERMINED,HOLD,AS_OF_UNAVAILABLE,N,,1,1,"{""canonical_name"": ""출생아 수"", ""concept_id"": ""C000019"", ""kosis_search_terms"": [], ""matched_alias"": ""출생아 수"", ""standard_key"": ""birth_count"", ""status"": ""MATCHED""}","[{""canonical_key"": ""ORG=101|TBL=DT_1B8000G|ITM=T1|OBJ=B|MEMBER=전국|PRD_SE=년|PRD_DE=2001|DIMS=B:전국,A:출생아수(명)"", ""dimension_codes"": {""A"": ""10"", ""B"": ""00""}, ""dimension_members"": {""A"": ""출생아수(명)"", ""B"": ""전국""}, ""itm_id"": ""T1"", ""member_code"": ""전국"", ""obj_id"": ""B"", ""org_id"": ""101"", ""prd_de"": ""2001"", ""prd_se"": ""년"", ""status"": ""CONFIRMED"", ""tbl_id"": ""DT_1B8000G"", ""unit"": ""명""}]","[{""content_hash"": ""b92840be2822a1685a5f7baabb50a2d7caf29e7c8f120570045a6a0f0a23782d"", ""evidence_key"": ""ORG=101|TBL=DT_1B8000G|ITM=T1|OBJ=B|MEMBER=전국|PRD_SE=년|PRD_DE=2001|DIMS=B:전국,A:출생아수(명)"", ""publication"": {""content_hash"": ""882ea1046b8fe06af80e5ccfa2f0e019e4174b51a050363f55714b66573aaacc"", ""coverage_end_period"": null, ""coverage_start_period"": null, ""evidence_scope"": ""PERIOD"", ""pub_date_text"": ""조사기준 년 익년"", ""pub_period"": ""월"", ""publication_method_url"": ""언론(보도자료), 전산망(인터넷), 간행물2024년 5월 인구동향https://mods.go.kr/board.es?mid=a10301020300&amp;bid=204"", ""published_at"": null, ""reference_period"": null, ""retrieved_at"": ""2026-08-26T01:54:46.385817Z"", ""source_url"": ""https://kosis.kr/openapi/statisticsExplData.do?method=getList&format=json&jsonVD=Y&orgId=101&tblId=DT_1B8000G&metaItm=All"", ""status"": ""UNRESOLVED""}, ""retrieved_at"": ""2026-08-26T01:54:42.694637Z"", ""source"": ""API"", ""source_url"": ""https://kosis.kr/openapi/Param/statisticsParameterData.do?method=getList&orgId=101&tblId=DT_1B8000G&itmId=T1&prdSe=Y&startPrdDe=2001&endPrdDe=2001&objL1=00&objL2=10"", ""value_last_changed_at"": null}]","{""eligible_for_official_search"": true, ""entries"": [{""required"": true, ""slot"": ""indicator"", ""status"": ""SOURCE"", ""value"": ""출생아 수""}, {""required"": true, ""slot"": ""value"", ""status"": ""SOURCE"", ""value"": 560000.0}, {""required"": true, ""slot"": ""unit"", ""status"": ""SOURCE"", ""value"": ""명""}, {""required"": true, ""slot"": ""time"", ""status"": ""SOURCE"", ""value"": ""2001""}, {""required"": false, ""slot"": ""frequency"", ""status"": ""SOURCE"", ""value"": ""ANNUAL""}, {""required"": false, ""slot"": ""region"", ""status"": ""NOT_APPLICABLE"", ""value"": null}, {""required"": false, ""slot"": ""population"", ""status"": ""NOT_APPLICABLE"", ""value"": null}, {""required"": false, ""slot"": ""dimension"", ""status"": ""NOT_APPLICABLE"", ""value"": null}, {""required"": false, ""slot"": ""comparison"", ""status"": ""SOURCE"", ""value"": {""direction"": ""DECREASE"", ""reference_period"": ""2000"", ""reference_value"": ""640000"", ""type"": ""YEAR_OVER_YEAR""}}, {""required"": true, ""slot"": ""calculation"", ""status"": ""SOURCE"", ""value"": ""DIRECT_VALUE""}, {""required"": false, ""slot"": ""condition"", ""status"": ""SOURCE"", ""value"": {""direction"": ""DECREASE""}}, {""required"": false, ""slot"": ""source_hint"", ""status"": ""NOT_APPLICABLE"", ""value"": null}], ""reason_codes"": []}","[{""attempt"": 1, ""child_claim_id"": ""claim_2e43042570127df6"", ""code_version"": ""admission-recovery-v3"", ""data_version"": ""claim-schema-v1"", ""finished_at"": ""2026-08-26T01:54:53.314156+00:00"", ""input_hash"": ""205cb79c7a825154bebf50e3cbe6bef29b3da3addb48398ff5a0e42015f24383"", ""output_ref"": ""claim_2e43042570127df6"", ""parent_claim_id"": ""A01927_23"", ""reason_code"": null, ""stage"": ""CLAIM_SPLIT"", ""started_at"": ""2026-08-26T01:54:53.314156+00:00"", ""status"": ""PASS""}, {""attempt"": 1, ""child_claim_id"": ""claim_2e43042570127df6"", ""code_version"": ""admission-recovery-v3"", ""data_version"": ""claim-schema-v1"", ""finished_at"": ""2026-08-26T01:54:53.314156+00:00"", ""input_hash"": ""205cb79c7a825154bebf50e3cbe6bef29b3da3addb48398ff5a0e42015f24383"", ""output_ref"": ""claim_2e43042570127df6"", ""parent_claim_id"": ""A01927_23"", ""reason_code"": null, ""stage"": ""CLAIM_PARSE"", ""started_at"": ""2026-08-26T01:54:53.314156+00:00"", ""status"": ""PASS""}]"
A01927_23,2,claim_1014ae0c2e198bd3,claim_8a92ee6b7acec653,40만명,2000년에 64만명이던 출생아 수는 2001년 56만명으로 줄더니 2002년부터 40만명대로 떨어졌다.,출생아 수,400000.0,명,2002년부터,연간,,,null,"{""reference_period"": ""2001년"", ""reference_value"": ""560000"", ""type"": ""DECREASE""}",DIRECT_VALUE,null,기사 원문,AUTO_OK,,MULTI_CLAIM_SPLIT,KOSIS_PIPELINE_ELIGIBLE,HOLD,FETCH_FAILED,,N,UNDETERMINED,HOLD,FETCH_FAILED,N,,1,1,"{""canonical_name"": ""출생아 수"", ""concept_id"": ""C000019"", ""kosis_search_terms"": [], ""matched_alias"": ""출생아 수"", ""standard_key"": ""birth_count"", ""status"": ""MATCHED""}","[{""canonical_key"": ""ORG=101|TBL=DT_1B8000G|ITM=T1|OBJ=B|MEMBER=전국|PRD_SE=년|PRD_DE=2002부터|DIMS=B:전국,A:출생아수(명)"", ""dimension_codes"": {""A"": ""10"", ""B"": ""00""}, ""dimension_members"": {""A"": ""출생아수(명)"", ""B"": ""전국""}, ""itm_id"": ""T1"", ""member_code"": ""전국"", ""obj_id"": ""B"", ""org_id"": ""101"", ""prd_de"": ""2002부터"", ""prd_se"": ""년"", ""status"": ""CONFIRMED"", ""tbl_id"": ""DT_1B8000G"", ""unit"": ""명""}]","[{""content_hash"": """", ""evidence_key"": ""ORG=101|TBL=DT_1B8000G|ITM=T1|OBJ=B|MEMBER=전국|PRD_SE=년|PRD_DE=2002부터|DIMS=B:전국,A:출생아수(명)"", ""publication"": null, ""retrieved_at"": ""2026-08-26T01:54:53.314156Z"", ""source"": ""NONE"", ""source_url"": ""https://kosis.kr/openapi/Param/statisticsParameterData.do?method=getList&orgId=101&tblId=DT_1B8000G&itmId=T1&prdSe=Y&startPrdDe=2002%EB%B6%80%ED%84%B0&endPrdDe=2002%EB%B6%80%ED%84%B0&objL1=00&objL2=10"", ""value_last_changed_at"": null}]","{""eligible_for_official_search"": true, ""entries"": [{""required"": true, ""slot"": ""indicator"", ""status"": ""SOURCE"", ""value"": ""출생아 수""}, {""required"": true, ""slot"": ""value"", ""status"": ""SOURCE"", ""value"": 400000.0}, {""required"": true, ""slot"": ""unit"", ""status"": ""SOURCE"", ""value"": ""명""}, {""required"": true, ""slot"": ""time"", ""status"": ""SOURCE"", ""value"": ""2002년부터""}, {""required"": false, ""slot"": ""frequency"", ""status"": ""SOURCE"", ""value"": ""연간""}, {""required"": false, ""slot"": ""region"", ""status"": ""NOT_APPLICABLE"", ""value"": null}, {""required"": false, ""slot"": ""population"", ""status"": ""NOT_APPLICABLE"", ""value"": null}, {""required"": false, ""slot"": ""dimension"", ""status"": ""NOT_APPLICABLE"", ""value"": null}, {""required"": false, ""slot"": ""comparison"", ""status"": ""SOURCE"", ""value"": {""reference_period"": ""2001년"", ""reference_value"": ""560000"", ""type"": ""DECREASE""}}, {""required"": true, ""slot"": ""calculation"", ""status"": ""SOURCE"", ""value"": ""DIRECT_VALUE""}, {""required"": false, ""slot"": ""condition"", ""status"": ""NOT_APPLICABLE"", ""value"": null}, {""required"": false, ""slot"": ""source_hint"", ""status"": ""SOURCE"", ""value"": ""기사 원문""}], ""reason_codes"": []}","[{""attempt"": 1, ""child_claim_id"": ""claim_8a92ee6b7acec653"", ""code_version"": ""admission-recovery-v3"", ""data_version"": ""claim-schema-v1"", ""finished_at"": ""2026-08-26T01:54:53.315160+00:00"", ""input_hash"": ""205cb79c7a825154bebf50e3cbe6bef29b3da3addb48398ff5a0e42015f24383"", ""output_ref"": ""claim_8a92ee6b7acec653"", ""parent_claim_id"": ""A01927_23"", ""reason_code"": null, ""stage"": ""CLAIM_SPLIT"", ""started_at"": ""2026-08-26T01:54:53.315160+00:00"", ""status"": ""PASS""}, {""attempt"": 1, ""child_claim_id"": ""claim_8a92ee6b7acec653"", ""code_version"": ""admission-recovery-v3"", ""data_version"": ""claim-schema-v1"", ""finished_at"": ""2026-08-26T01:54:53.315160+00:00"", ""input_hash"": ""205cb79c7a825154bebf50e3cbe6bef29b3da3addb48398ff5a0e42015f24383"", ""output_ref"": ""claim_8a92ee6b7acec653"", ""parent_claim_id"": ""A01927_23"", ""reason_code"": null, ""stage"": ""CLAIM_PARSE"", ""started_at"": ""2026-08-26T01:54:53.315160+00:00"", ""status"": ""PASS""}]"
A01935_13,1,claim_f92fc8467da2f9d7,claim_bb1148c4984f9655,0.8%포인트,"올해 내수의 성장률 기여도는 0.8%포인트, 순수출 성장률 기여도는 0%포인트 정도로 봤다.",내수 성장률 기여도,0.8,%포인트,올해,,,,null,null,DIRECT_VALUE,null,,HOLD,문장에 내수와 순수출이라는 서로 독립적으로 검증 가능한 두 수치가 함께 제시되어 단일 Claim으로 안전하게 확정할 수 없음,MULTI_CLAIM_SPLIT,STRUCTURAL_HOLD,HUMAN_REVIEW,문장에 내수와 순수출이라는 서로 독립적으로 검증 가능한 두 수치가 함께 제시되어 단일 Claim으로 안전하게 확정할 수 없음,,N,,,,N,,0,0,null,[],[],"{""eligible_for_official_search"": true, ""entries"": [{""required"": true, ""slot"": ""indicator"", ""status"": ""SOURCE"", ""value"": ""내수 성장률 기여도""}, {""required"": true, ""slot"": ""value"", ""status"": ""SOURCE"", ""value"": 0.8}, {""required"": true, ""slot"": ""unit"", ""status"": ""SOURCE"", ""value"": ""%포인트""}, {""required"": true, ""slot"": ""time"", ""status"": ""SOURCE"", ""value"": ""올해""}, {""required"": false, ""slot"": ""frequency"", ""status"": ""NOT_APPLICABLE"", ""value"": null}, {""required"": false, ""slot"": ""region"", ""status"": ""NOT_APPLICABLE"", ""value"": null}, {""required"": false, ""slot"": ""population"", ""status"": ""NOT_APPLICABLE"", ""value"": null}, {""required"": false, ""slot"": ""dimension"", ""status"": ""NOT_APPLICABLE"", ""value"": null}, {""required"": false, ""slot"": ""comparison"", ""status"": ""NOT_APPLICABLE"", ""value"": null}, {""required"": true, ""slot"": ""calculation"", ""status"": ""SOURCE"", ""value"": ""DIRECT_VALUE""}, {""required"": false, ""slot"": ""condition"", ""status"": ""NOT_APPLICABLE"", ""value"": null}, {""required"": false, ""slot"": ""source_hint"", ""status"": ""NOT_APPLICABLE"", ""value"": null}], ""reason_codes"": []}","[{""attempt"": 1, ""child_claim_id"": ""claim_bb1148c4984f9655"", ""code_version"": ""admission-recovery-v3"", ""data_version"": ""claim-schema-v1"", ""finished_at"": ""2026-08-26T01:55:20.714865+00:00"", ""input_hash"": ""62fe1754cc9985f14f3b6cb042230227120543815a2867a9d53a8366e1eadfad"", ""output_ref"": ""claim_bb1148c4984f9655"", ""parent_claim_id"": ""A01935_13"", ""reason_code"": null, ""stage"": ""CLAIM_SPLIT"", ""started_at"": ""2026-08-26T01:55:20.714865+00:00"", ""status"": ""PASS""}, {""attempt"": 1, ""child_claim_id"": ""claim_bb1148c4984f9655"", ""code_version"": ""admission-recovery-v3"", ""data_version"": ""claim-schema-v1"", ""finished_at"": ""2026-08-26T01:55:20.714865+00:00"", ""input_hash"": ""62fe1754cc9985f14f3b6cb042230227120543815a2867a9d53a8366e1eadfad"", ""output_ref"": ""claim_bb1148c4984f9655"", ""parent_claim_id"": ""A01935_13"", ""reason_code"": ""문장에 내수와 순수출이라는 서로 독립적으로 검증 가능한 두 수치가 함께 제시되어 단일 Claim으로 안전하게 확정할 수 없음"", ""stage"": ""CLAIM_PARSE"", ""started_at"": ""2026-08-26T01:55:20.714865+00:00"", ""status"": ""HUMAN_REVIEW""}]"
A01935_13,2,claim_876392cfe0983300,claim_8c11f8bc2e1155d0,0%포인트,"올해 내수의 성장률 기여도는 0.8%포인트, 순수출 성장률 기여도는 0%포인트 정도로 봤다.",성장률 기여도,0.0,%포인트,2025년,년,,,"{""item"": ""순수출""}","{""reference_item"": ""내수"", ""reference_unit"": ""%포인트"", ""reference_value"": ""0.8""}",DIRECT_VALUE,null,,AUTO_OK,,MULTI_CLAIM_SPLIT,KOSIS_PIPELINE_ELIGIBLE,HOLD,NO_EVIDENCE_COORDINATE_CANDIDATE,,N,UNDETERMINED,HOLD,NO_EVIDENCE_COORDINATE_CANDIDATE,N,,0,0,"{""canonical_name"": ""성장률 기여도"", ""concept_id"": ""OBSERVED:23d779d2c30642b3"", ""kosis_search_terms"": [""성장률 기여도""], ""matched_alias"": ""성장률 기여도"", ""standard_key"": ""observed_indicator_23d779d2c30642b3"", ""status"": ""MATCHED""}",[],[],"{""eligible_for_official_search"": true, ""entries"": [{""required"": true, ""slot"": ""indicator"", ""status"": ""SOURCE"", ""value"": ""성장률 기여도""}, {""required"": true, ""slot"": ""value"", ""status"": ""SOURCE"", ""value"": 0.0}, {""required"": true, ""slot"": ""unit"", ""status"": ""SOURCE"", ""value"": ""%포인트""}, {""required"": true, ""slot"": ""time"", ""status"": ""SOURCE"", ""value"": ""2025년""}, {""required"": false, ""slot"": ""frequency"", ""status"": ""SOURCE"", ""value"": ""년""}, {""required"": false, ""slot"": ""region"", ""status"": ""NOT_APPLICABLE"", ""value"": null}, {""required"": false, ""slot"": ""population"", ""status"": ""NOT_APPLICABLE"", ""value"": null}, {""required"": false, ""slot"": ""dimension"", ""status"": ""SOURCE"", ""value"": {""item"": ""순수출""}}, {""required"": false, ""slot"": ""comparison"", ""status"": ""SOURCE"", ""value"": {""reference_item"": ""내수"", ""reference_unit"": ""%포인트"", ""reference_value"": ""0.8""}}, {""required"": true, ""slot"": ""calculation"", ""status"": ""SOURCE"", ""value"": ""DIRECT_VALUE""}, {""required"": false, ""slot"": ""condition"", ""status"": ""NOT_APPLICABLE"", ""value"": null}, {""required"": false, ""slot"": ""source_hint"", ""status"": ""NOT_APPLICABLE"", ""value"": null}], ""reason_codes"": []}","[{""attempt"": 1, ""child_claim_id"": ""claim_8c11f8bc2e1155d0"", ""code_version"": ""admission-recovery-v3"", ""data_version"": ""claim-schema-v1"", ""finished_at"": ""2026-08-26T01:55:20.715864+00:00"", ""input_hash"": ""62fe1754cc9985f14f3b6cb042230227120543815a2867a9d53a8366e1eadfad"", ""output_ref"": ""claim_8c11f8bc2e1155d0"", ""parent_claim_id"": ""A01935_13"", ""reason_code"": null, ""stage"": ""CLAIM_SPLIT"", ""started_at"": ""2026-08-26T01:55:20.715864+00:00"", ""status"": ""PASS""}, {""attempt"": 1, ""child_claim_id"": ""claim_8c11f8bc2e1155d0"", ""code_version"": ""admission-recovery-v3"", ""data_version"": ""claim-schema-v1"", ""finished_at"": ""2026-08-26T01:55:20.715864+00:00"", ""input_hash"": ""62fe1754cc9985f14f3b6cb042230227120543815a2867a9d53a8366e1eadfad"", ""output_ref"": ""claim_8c11f8bc2e1155d0"", ""parent_claim_id"": ""A01935_13"", ""reason_code"": null, ""stage"": ""CLAIM_PARSE"", ""started_at"": ""2026-08-26T01:55:20.715864+00:00"", ""status"": ""PASS""}]"
A01953_25,1,claim_cecd602327217d8d,claim_05babacc724d791f,13억500만달러,앞서 2023년 종근당은 노바티스와 총 13억500만달러(약 1조7302억원) 규모의 기술 수출 계약을 맺었다.,기술 수출 계약 규모,1305000000.0,달러,2023년,,,,"{""계약 당사자"": ""종근당·노바티스"", ""계약 유형"": ""기술 수출""}",null,DIRECT_VALUE,null,약 1조7302억원으로 병기된 환산 금액,AUTO_OK,,MULTI_CLAIM_SPLIT,KOSIS_PIPELINE_ELIGIBLE,HOLD,NO_HARD_GUARD_CANDIDATE,,N,UNDETERMINED,HOLD,NO_HARD_GUARD_CANDIDATE,N,,0,0,"{""canonical_name"": ""기술 수출 계약 규모"", ""concept_id"": ""OBSERVED:c46f7cb0317ef006"", ""kosis_search_terms"": [""기술 수출 계약 규모""], ""matched_alias"": ""기술 수출 계약 규모"", ""standard_key"": ""observed_indicator_c46f7cb0317ef006"", ""status"": ""MATCHED""}",[],[],"{""eligible_for_official_search"": true, ""entries"": [{""required"": true, ""slot"": ""indicator"", ""status"": ""SOURCE"", ""value"": ""기술 수출 계약 규모""}, {""required"": true, ""slot"": ""value"", ""status"": ""SOURCE"", ""value"": 1305000000.0}, {""required"": true, ""slot"": ""unit"", ""status"": ""SOURCE"", ""value"": ""달러""}, {""required"": true, ""slot"": ""time"", ""status"": ""SOURCE"", ""value"": ""2023년""}, {""required"": false, ""slot"": ""frequency"", ""status"": ""NORMALIZED"", ""value"": ""년""}, {""required"": false, ""slot"": ""region"", ""status"": ""NOT_APPLICABLE"", ""value"": null}, {""required"": false, ""slot"": ""population"", ""status"": ""NOT_APPLICABLE"", ""value"": null}, {""required"": false, ""slot"": ""dimension"", ""status"": ""SOURCE"", ""value"": {""계약 당사자"": ""종근당·노바티스"", ""계약 유형"": ""기술 수출""}}, {""required"": false, ""slot"": ""comparison"", ""status"": ""NOT_APPLICABLE"", ""value"": null}, {""required"": true, ""slot"": ""calculation"", ""status"": ""SOURCE"", ""value"": ""DIRECT_VALUE""}, {""required"": false, ""slot"": ""condition"", ""status"": ""NOT_APPLICABLE"", ""value"": null}, {""required"": false, ""slot"": ""source_hint"", ""status"": ""SOURCE"", ""value"": ""약 1조7302억원으로 병기된 환산 금액""}], ""reason_codes"": []}","[{""attempt"": 1, ""child_claim_id"": ""claim_05babacc724d791f"", ""code_version"": ""admission-recovery-v3"", ""data_version"": ""claim-schema-v1"", ""finished_at"": ""2026-08-26T01:55:36.151168+00:00"", ""input_hash"": ""05d4b68528d658c4e4f945853f7b7c9079fc6df51e4986db3fa4e8742bcb2634"", ""output_ref"": ""claim_05babacc724d791f"", ""parent_claim_id"": ""A01953_25"", ""reason_code"": null, ""stage"": ""CLAIM_SPLIT"", ""started_at"": ""2026-08-26T01:55:36.151168+00:00"", ""status"": ""PASS""}, {""attempt"": 1, ""child_claim_id"": ""claim_05babacc724d791f"", ""code_version"": ""admission-recovery-v3"", ""data_version"": ""claim-schema-v1"", ""finished_at"": ""2026-08-26T01:55:36.151168+00:00"", ""input_hash"": ""05d4b68528d658c4e4f945853f7b7c9079fc6df51e4986db3fa4e8742bcb2634"", ""output_ref"": ""claim_05babacc724d791f"", ""parent_claim_id"": ""A01953_25"", ""reason_code"": null, ""stage"": ""CLAIM_PARSE"", ""started_at"": ""2026-08-26T01:55:36.151168+00:00"", ""status"": ""PASS""}]"
A02010_4,1,claim_51a6496f4aa68666,claim_0690047a53f191d0,116.27,4일 통계청에 따르면 5월 소비자 물가 지수는 116.27(2020년을 100으로 본 상대적 지수)로 전년 동월 대비 1.9% 올랐다.,소비자물가지수,116.27,지수(2020년=100),2025년 5월,월,,,"{""base_period"": ""2020=100""}","{""rate"": ""1.9"", ""rate_unit"": ""PERCENT"", ""reference_period"": ""2024-05"", ""type"": ""YEAR_OVER_YEAR""}",DIRECT_VALUE,"{""direction"": ""INCREASE""}",통계청,HOLD,TARGET_VALUE_NOT_IN_SOURCE_SENTENCE,MULTI_CLAIM_SPLIT,CONTEXT_REQUIRED,HUMAN_REVIEW,TARGET_VALUE_NOT_IN_SOURCE_SENTENCE,,N,,,,N,,0,0,null,[],[],"{""eligible_for_official_search"": true, ""entries"": [{""required"": true, ""slot"": ""indicator"", ""status"": ""SOURCE"", ""value"": ""소비자물가지수""}, {""required"": true, ""slot"": ""value"", ""status"": ""SOURCE"", ""value"": 116.27}, {""required"": true, ""slot"": ""unit"", ""status"": ""SOURCE"", ""value"": ""지수(2020년=100)""}, {""required"": true, ""slot"": ""time"", ""status"": ""SOURCE"", ""value"": ""2025년 5월""}, {""required"": false, ""slot"": ""frequency"", ""status"": ""SOURCE"", ""value"": ""월""}, {""required"": false, ""slot"": ""region"", ""status"": ""NOT_APPLICABLE"", ""value"": null}, {""required"": false, ""slot"": ""population"", ""status"": ""NOT_APPLICABLE"", ""value"": null}, {""required"": false, ""slot"": ""dimension"", ""status"": ""SOURCE"", ""value"": {""base_period"": ""2020=100""}}, {""required"": false, ""slot"": ""comparison"", ""status"": ""SOURCE"", ""value"": {""rate"": ""1.9"", ""rate_unit"": ""PERCENT"", ""reference_period"": ""2024-05"", ""type"": ""YEAR_OVER_YEAR""}}, {""required"": true, ""slot"": ""calculation"", ""status"": ""SOURCE"", ""value"": ""DIRECT_VALUE""}, {""required"": false, ""slot"": ""condition"", ""status"": ""SOURCE"", ""value"": {""direction"": ""INCREASE""}}, {""required"": false, ""slot"": ""source_hint"", ""status"": ""SOURCE"", ""value"": ""통계청""}], ""reason_codes"": []}","[{""attempt"": 1, ""child_claim_id"": ""claim_0690047a53f191d0"", ""code_version"": ""admission-recovery-v3"", ""data_version"": ""claim-schema-v1"", ""finished_at"": ""2026-08-26T01:55:45.168351+00:00"", ""input_hash"": ""c4b15a74443039e1bc64f1ea19f9fa091c4b1e4c3a5662f83829121621a08d06"", ""output_ref"": ""claim_0690047a53f191d0"", ""parent_claim_id"": ""A02010_4"", ""reason_code"": null, ""stage"": ""CLAIM_SPLIT"", ""started_at"": ""2026-08-26T01:55:45.168351+00:00"", ""status"": ""PASS""}, {""attempt"": 1, ""child_claim_id"": ""claim_0690047a53f191d0"", ""code_version"": ""admission-recovery-v3"", ""data_version"": ""claim-schema-v1"", ""finished_at"": ""2026-08-26T01:55:45.168351+00:00"", ""input_hash"": ""c4b15a74443039e1bc64f1ea19f9fa091c4b1e4c3a5662f83829121621a08d06"", ""output_ref"": ""claim_0690047a53f191d0"", ""parent_claim_id"": ""A02010_4"", ""reason_code"": ""TARGET_VALUE_NOT_IN_SOURCE_SENTENCE"", ""stage"": ""CLAIM_PARSE"", ""started_at"": ""2026-08-26T01:55:45.168351+00:00"", ""status"": ""HUMAN_REVIEW""}]"
A02028_21,1,claim_45833028dbca3e22,A02028_21,3e+09달러,2022년 폴란드와 30억달러 규모 FA-50 48대 수출 계약은 또 다른 변곡점이었다.,수출액,3000000000.0,달러,2022,Y,,,null,"{""claimed_operands"": ""[{'raw': '48대', 'value': 48.0, 'unit': '대'}]""}",DIRECT_VALUE,null,,HOLD,GROUPING_AMBIGUOUS,MULTI_CLAIM_SPLIT,STRUCTURAL_HOLD,HUMAN_REVIEW,GROUPING_AMBIGUOUS,,N,,,,N,,0,0,null,[],[],"{""eligible_for_official_search"": true, ""entries"": [{""required"": true, ""slot"": ""indicator"", ""status"": ""SOURCE"", ""value"": ""수출액""}, {""required"": true, ""slot"": ""value"", ""status"": ""SOURCE"", ""value"": 3000000000.0}, {""required"": true, ""slot"": ""unit"", ""status"": ""SOURCE"", ""value"": ""달러""}, {""required"": true, ""slot"": ""time"", ""status"": ""SOURCE"", ""value"": ""2022""}, {""required"": false, ""slot"": ""frequency"", ""status"": ""SOURCE"", ""value"": ""Y""}, {""required"": false, ""slot"": ""region"", ""status"": ""NOT_APPLICABLE"", ""value"": null}, {""required"": false, ""slot"": ""population"", ""status"": ""NOT_APPLICABLE"", ""value"": null}, {""required"": false, ""slot"": ""dimension"", ""status"": ""NOT_APPLICABLE"", ""value"": null}, {""required"": false, ""slot"": ""comparison"", ""status"": ""SOURCE"", ""value"": {""claimed_operands"": ""[{'raw': '48대', 'value': 48.0, 'unit': '대'}]""}}, {""required"": true, ""slot"": ""calculation"", ""status"": ""SOURCE"", ""value"": ""DIRECT_VALUE""}, {""required"": false, ""slot"": ""condition"", ""status"": ""NOT_APPLICABLE"", ""value"": null}, {""required"": false, ""slot"": ""source_hint"", ""status"": ""NOT_APPLICABLE"", ""value"": null}], ""reason_codes"": []}","[{""attempt"": 1, ""child_claim_id"": ""A02028_21"", ""code_version"": ""admission-recovery-v3"", ""data_version"": ""claim-schema-v1"", ""finished_at"": ""2026-08-26T01:55:52.108620+00:00"", ""input_hash"": ""57a8b97dd84a78a2e62dd265d0f891ff8382a4dffcc244897bc18eee99a13502"", ""output_ref"": ""A02028_21"", ""parent_claim_id"": ""A02028_21"", ""reason_code"": null, ""stage"": ""CLAIM_SPLIT"", ""started_at"": ""2026-08-26T01:55:52.108620+00:00"", ""status"": ""PASS""}, {""attempt"": 1, ""child_claim_id"": ""A02028_21"", ""code_version"": ""admission-recovery-v3"", ""data_version"": ""claim-schema-v1"", ""finished_at"": ""2026-08-26T01:55:52.108620+00:00"", ""input_hash"": ""57a8b97dd84a78a2e62dd265d0f891ff8382a4dffcc244897bc18eee99a13502"", ""output_ref"": ""A02028_21"", ""parent_claim_id"": ""A02028_21"", ""reason_code"": ""GROUPING_AMBIGUOUS"", ""stage"": ""CLAIM_PARSE"", ""started_at"": ""2026-08-26T01:55:52.108620+00:00"", ""status"": ""HUMAN_REVIEW""}]"
A02065_4,1,claim_5f82e5797d63537f,claim_1414ea7876152e4f,7.8%,"원·달러 환율(3개월 이동평균)은 작년 동기 대비 7.8% 올라, 소비자물가를 0.3%p 올렸다.",원·달러 환율,7.8,%,,,,,"{""moving_average"": ""3개월 이동평균""}","{""reference_period"": ""작년 동기"", ""type"": ""YEAR_OVER_YEAR""}",GROWTH_RATE,"{""direction"": ""INCREASE""}",,HOLD,MISSING_REQUIRED_SLOTS:time,MULTI_CLAIM_SPLIT,STRUCTURAL_HOLD,HUMAN_REVIEW,MISSING_REQUIRED_SLOTS:time,,N,,,,N,,0,0,null,[],[],"{""eligible_for_official_search"": false, ""entries"": [{""required"": true, ""slot"": ""indicator"", ""status"": ""SOURCE"", ""value"": ""원·달러 환율""}, {""required"": true, ""slot"": ""value"", ""status"": ""SOURCE"", ""value"": 7.8}, {""required"": true, ""slot"": ""unit"", ""status"": ""SOURCE"", ""value"": ""%""}, {""required"": true, ""slot"": ""time"", ""status"": ""MISSING"", ""value"": null}, {""required"": false, ""slot"": ""frequency"", ""status"": ""NOT_APPLICABLE"", ""value"": null}, {""required"": false, ""slot"": ""region"", ""status"": ""NOT_APPLICABLE"", ""value"": null}, {""required"": false, ""slot"": ""population"", ""status"": ""NOT_APPLICABLE"", ""value"": null}, {""required"": false, ""slot"": ""dimension"", ""status"": ""CONTEXT"", ""value"": {""moving_average"": ""3개월 이동평균""}}, {""required"": true, ""slot"": ""comparison"", ""status"": ""SOURCE"", ""value"": {""reference_period"": ""작년 동기"", ""type"": ""YEAR_OVER_YEAR""}}, {""required"": true, ""slot"": ""calculation"", ""status"": ""SOURCE"", ""value"": ""GROWTH_RATE""}, {""required"": true, ""slot"": ""condition"", ""status"": ""SOURCE"", ""value"": {""direction"": ""INCREASE""}}, {""required"": false, ""slot"": ""source_hint"", ""status"": ""NOT_APPLICABLE"", ""value"": null}], ""reason_codes"": [""MISSING_REQUIRED_SLOTS:time""]}","[{""attempt"": 1, ""child_claim_id"": ""claim_1414ea7876152e4f"", ""code_version"": ""admission-recovery-v3"", ""data_version"": ""claim-schema-v1"", ""finished_at"": ""2026-08-26T01:56:20.073981+00:00"", ""input_hash"": ""72db2fcb59bbf91f9d77f34aaf9df929098535c73b78b0b48d63b9470da130c8"", ""output_ref"": ""claim_1414ea7876152e4f"", ""parent_claim_id"": ""A02065_4"", ""reason_code"": null, ""stage"": ""CLAIM_SPLIT"", ""started_at"": ""2026-08-26T01:56:20.073981+00:00"", ""status"": ""PASS""}, {""attempt"": 1, ""child_claim_id"": ""claim_1414ea7876152e4f"", ""code_version"": ""admission-recovery-v3"", ""data_version"": ""claim-schema-v1"", ""finished_at"": ""2026-08-26T01:56:20.073981+00:00"", ""input_hash"": ""72db2fcb59bbf91f9d77f34aaf9df929098535c73b78b0b48d63b9470da130c8"", ""output_ref"": ""claim_1414ea7876152e4f"", ""parent_claim_id"": ""A02065_4"", ""reason_code"": ""MISSING_REQUIRED_SLOTS:time"", ""stage"": ""CLAIM_PARSE"", ""started_at"": ""2026-08-26T01:56:20.073981+00:00"", ""status"": ""HUMAN_REVIEW""}]"
A02065_4,2,claim_e6dc0e8f203a746e,claim_c7a340daf83cd473,0.3%p,"원·달러 환율(3개월 이동평균)은 작년 동기 대비 7.8% 올라, 소비자물가를 0.3%p 올렸다.",소비자물가 상승폭,0.3,%p,,,,,"{""item"": ""원·달러 환율(3개월 이동평균)의 영향""}",null,DIRECT_VALUE,null,,HOLD,MISSING_REQUIRED_SLOTS:time,MULTI_CLAIM_SPLIT,STRUCTURAL_HOLD,HUMAN_REVIEW,MISSING_REQUIRED_SLOTS:time,,N,,,,N,,0,0,null,[],[],"{""eligible_for_official_search"": false, ""entries"": [{""required"": true, ""slot"": ""indicator"", ""status"": ""CONTEXT"", ""value"": ""소비자물가 상승폭""}, {""required"": true, ""slot"": ""value"", ""status"": ""SOURCE"", ""value"": 0.3}, {""required"": true, ""slot"": ""unit"", ""status"": ""SOURCE"", ""value"": ""%p""}, {""required"": true, ""slot"": ""time"", ""status"": ""MISSING"", ""value"": null}, {""required"": false, ""slot"": ""frequency"", ""status"": ""NOT_APPLICABLE"", ""value"": null}, {""required"": false, ""slot"": ""region"", ""status"": ""NOT_APPLICABLE"", ""value"": null}, {""required"": false, ""slot"": ""population"", ""status"": ""NOT_APPLICABLE"", ""value"": null}, {""required"": false, ""slot"": ""dimension"", ""status"": ""CONTEXT"", ""value"": {""item"": ""원·달러 환율(3개월 이동평균)의 영향""}}, {""required"": false, ""slot"": ""comparison"", ""status"": ""NOT_APPLICABLE"", ""value"": null}, {""required"": true, ""slot"": ""calculation"", ""status"": ""SOURCE"", ""value"": ""DIRECT_VALUE""}, {""required"": false, ""slot"": ""condition"", ""status"": ""NOT_APPLICABLE"", ""value"": null}, {""required"": false, ""slot"": ""source_hint"", ""status"": ""NOT_APPLICABLE"", ""value"": null}], ""reason_codes"": [""MISSING_REQUIRED_SLOTS:time""]}","[{""attempt"": 1, ""child_claim_id"": ""claim_c7a340daf83cd473"", ""code_version"": ""admission-recovery-v3"", ""data_version"": ""claim-schema-v1"", ""finished_at"": ""2026-08-26T01:56:20.073981+00:00"", ""input_hash"": ""72db2fcb59bbf91f9d77f34aaf9df929098535c73b78b0b48d63b9470da130c8"", ""output_ref"": ""claim_c7a340daf83cd473"", ""parent_claim_id"": ""A02065_4"", ""reason_code"": null, ""stage"": ""CLAIM_SPLIT"", ""started_at"": ""2026-08-26T01:56:20.073981+00:00"", ""status"": ""PASS""}, {""attempt"": 1, ""child_claim_id"": ""claim_c7a340daf83cd473"", ""code_version"": ""admission-recovery-v3"", ""data_version"": ""claim-schema-v1"", ""finished_at"": ""2026-08-26T01:56:20.073981+00:00"", ""input_hash"": ""72db2fcb59bbf91f9d77f34aaf9df929098535c73b78b0b48d63b9470da130c8"", ""output_ref"": ""claim_c7a340daf83cd473"", ""parent_claim_id"": ""A02065_4"", ""reason_code"": ""MISSING_REQUIRED_SLOTS:time"", ""stage"": ""CLAIM_PARSE"", ""started_at"": ""2026-08-26T01:56:20.073981+00:00"", ""status"": ""HUMAN_REVIEW""}]"
A02096_18,1,claim_5be8d71af5c168a2,claim_bce3529d3652ea7e,239만명,"일도, 구직 활동도 하지 않은 채 그냥 시간을 보냈다는 ‘쉬었음’ 인구는 지난달 239만명으로 전년 동월 대비 5만6000명 증가했다.",쉬었음 인구,2390000.0,명,2025년 5월,월,,"일도, 구직 활동도 하지 않은 사람 및 구직 활동도 하지 않은 사람 중 그냥 시간을 보낸 인구",null,"{""change_unit"": ""명"", ""change_value"": ""56000"", ""direction"": ""INCREASE"", ""reference_period"": ""전년 동월"", ""type"": ""YEAR_OVER_YEAR""}",DIRECT_VALUE,null,,AUTO_OK,,MULTI_CLAIM_SPLIT,KOSIS_PIPELINE_ELIGIBLE,HOLD,AS_OF_UNAVAILABLE,,N,UNDETERMINED,HOLD,AS_OF_UNAVAILABLE,N,,1,1,"{""canonical_name"": ""쉬었음 인구"", ""concept_id"": ""C000042"", ""kosis_search_terms"": [""비경제활동인구 활동상태별 쉬었음"", ""쉬었음 인구""], ""matched_alias"": ""쉬었음 인구"", ""standard_key"": ""inactive_population_resting"", ""status"": ""MATCHED""}","[{""canonical_key"": ""ORG=101|TBL=DT_1DA7147S|ITM=T50|OBJ=G|MEMBER=계|PRD_SE=월|PRD_DE=2025-05|DIMS=G:계,M:쉬었음"", ""dimension_codes"": {""G"": ""00"", ""M"": ""905""}, ""dimension_members"": {""G"": ""계"", ""M"": ""쉬었음""}, ""itm_id"": ""T50"", ""member_code"": ""계"", ""obj_id"": ""G"", ""org_id"": ""101"", ""prd_de"": ""2025-05"", ""prd_se"": ""월"", ""status"": ""CONFIRMED"", ""tbl_id"": ""DT_1DA7147S"", ""unit"": ""천명""}]","[{""content_hash"": ""65df2d86ad297b876c5fd92d5d53839f525976d00366c9bda4579da2762dfbb9"", ""evidence_key"": ""ORG=101|TBL=DT_1DA7147S|ITM=T50|OBJ=G|MEMBER=계|PRD_SE=월|PRD_DE=2025-05|DIMS=G:계,M:쉬었음"", ""publication"": {""content_hash"": ""d96fb1a4504adadf7e8098eba4c1035f52b8848a6c98805dcf4ae8ec4bdcb941"", ""coverage_end_period"": null, ""coverage_start_period"": null, ""evidence_scope"": ""PERIOD"", ""pub_date_text"": ""조사기준 월 익월"", ""pub_period"": ""월"", ""publication_method_url"": ""https://www.kostat.go.kr/board.es?act=list&mid=a10301010000&keyField=T&bid=210&keyWord=2025%EB%85%84+5%EC%9B%94+%EA%B3%A0%EC%9A%A9%EB%8F%99%ED%96%A5"", ""published_at"": ""2025-06-11"", ""reference_period"": ""2025-05"", ""retrieved_at"": ""2026-08-26T01:56:57.786483Z"", ""source_url"": ""https://www.kostat.go.kr/board.es?mid=a10301010000&bid=210&act=view&list_no=437043&tag=&nPage=1&ref_bid="", ""status"": ""VERIFIED""}, ""retrieved_at"": ""2026-08-26T01:56:51.362765Z"", ""source"": ""API"", ""source_url"": ""https://kosis.kr/openapi/Param/statisticsParameterData.do?method=getList&orgId=101&tblId=DT_1DA7147S&itmId=T50&prdSe=M&startPrdDe=202505&endPrdDe=202505&objL1=00&objL2=905"", ""value_last_changed_at"": ""2025-07-21""}]","{""eligible_for_official_search"": true, ""entries"": [{""required"": true, ""slot"": ""indicator"", ""status"": ""SOURCE"", ""value"": ""쉬었음 인구""}, {""required"": true, ""slot"": ""value"", ""status"": ""SOURCE"", ""value"": 2390000.0}, {""required"": true, ""slot"": ""unit"", ""status"": ""SOURCE"", ""value"": ""명""}, {""required"": true, ""slot"": ""time"", ""status"": ""SOURCE"", ""value"": ""2025년 5월""}, {""required"": false, ""slot"": ""frequency"", ""status"": ""SOURCE"", ""value"": ""월""}, {""required"": false, ""slot"": ""region"", ""status"": ""NOT_APPLICABLE"", ""value"": null}, {""required"": false, ""slot"": ""population"", ""status"": ""SOURCE"", ""value"": ""일도, 구직 활동도 하지 않은 사람 및 구직 활동도 하지 않은 사람 중 그냥 시간을 보낸 인구""}, {""required"": false, ""slot"": ""dimension"", ""status"": ""NOT_APPLICABLE"", ""value"": null}, {""required"": false, ""slot"": ""comparison"", ""status"": ""SOURCE"", ""value"": {""change_unit"": ""명"", ""change_value"": ""56000"", ""direction"": ""INCREASE"", ""reference_period"": ""전년 동월"", ""type"": ""YEAR_OVER_YEAR""}}, {""required"": true, ""slot"": ""calculation"", ""status"": ""SOURCE"", ""value"": ""DIRECT_VALUE""}, {""required"": false, ""slot"": ""condition"", ""status"": ""NOT_APPLICABLE"", ""value"": null}, {""required"": false, ""slot"": ""source_hint"", ""status"": ""NOT_APPLICABLE"", ""value"": null}], ""reason_codes"": []}","[{""attempt"": 1, ""child_claim_id"": ""claim_bce3529d3652ea7e"", ""code_version"": ""admission-recovery-v3"", ""data_version"": ""claim-schema-v1"", ""finished_at"": ""2026-08-26T01:56:57.787484+00:00"", ""input_hash"": ""d5744b9b1bdf1330c317e6b9fe9759cb3e4ec2eb5d784ae2574da8d7944d8a45"", ""output_ref"": ""claim_bce3529d3652ea7e"", ""parent_claim_id"": ""A02096_18"", ""reason_code"": null, ""stage"": ""CLAIM_SPLIT"", ""started_at"": ""2026-08-26T01:56:57.787484+00:00"", ""status"": ""PASS""}, {""attempt"": 1, ""child_claim_id"": ""claim_bce3529d3652ea7e"", ""code_version"": ""admission-recovery-v3"", ""data_version"": ""claim-schema-v1"", ""finished_at"": ""2026-08-26T01:56:57.787484+00:00"", ""input_hash"": ""d5744b9b1bdf1330c317e6b9fe9759cb3e4ec2eb5d784ae2574da8d7944d8a45"", ""output_ref"": ""claim_bce3529d3652ea7e"", ""parent_claim_id"": ""A02096_18"", ""reason_code"": null, ""stage"": ""CLAIM_PARSE"", ""started_at"": ""2026-08-26T01:56:57.787484+00:00"", ""status"": ""PASS""}]"
A02096_19,1,claim_1ecdb544aa72ae01,claim_eea0c167608334ec,37만8000명,20대 쉬었음 인구는 37만8000명으로 전년 동월 대비 1만2000명 늘었다.,쉬었음 인구,37.8,만명,,MONTHLY,대한민국,20대 인구,null,"{""change_unit"": ""만명"", ""change_value"": ""1.2"", ""reference_period"": ""전년 동월"", ""type"": ""YEAR_OVER_YEAR""}",DIRECT_VALUE,"{""direction"": ""INCREASE""}",,HOLD,MISSING_REQUIRED_SLOTS:time,MULTI_CLAIM_SPLIT,STRUCTURAL_HOLD,HUMAN_REVIEW,MISSING_REQUIRED_SLOTS:time,,N,,,,N,,0,0,null,[],[],"{""eligible_for_official_search"": false, ""entries"": [{""required"": true, ""slot"": ""indicator"", ""status"": ""SOURCE"", ""value"": ""쉬었음 인구""}, {""required"": true, ""slot"": ""value"", ""status"": ""SOURCE"", ""value"": 37.8}, {""required"": true, ""slot"": ""unit"", ""status"": ""SOURCE"", ""value"": ""만명""}, {""required"": true, ""slot"": ""time"", ""status"": ""MISSING"", ""value"": null}, {""required"": false, ""slot"": ""frequency"", ""status"": ""SOURCE"", ""value"": ""MONTHLY""}, {""required"": false, ""slot"": ""region"", ""status"": ""SOURCE"", ""value"": ""대한민국""}, {""required"": false, ""slot"": ""population"", ""status"": ""SOURCE"", ""value"": ""20대 인구""}, {""required"": false, ""slot"": ""dimension"", ""status"": ""NOT_APPLICABLE"", ""value"": null}, {""required"": false, ""slot"": ""comparison"", ""status"": ""SOURCE"", ""value"": {""change_unit"": ""만명"", ""change_value"": ""1.2"", ""reference_period"": ""전년 동월"", ""type"": ""YEAR_OVER_YEAR""}}, {""required"": true, ""slot"": ""calculation"", ""status"": ""SOURCE"", ""value"": ""DIRECT_VALUE""}, {""required"": false, ""slot"": ""condition"", ""status"": ""SOURCE"", ""value"": {""direction"": ""INCREASE""}}, {""required"": false, ""slot"": ""source_hint"", ""status"": ""NOT_APPLICABLE"", ""value"": null}], ""reason_codes"": [""MISSING_REQUIRED_SLOTS:time""]}","[{""attempt"": 1, ""child_claim_id"": ""claim_eea0c167608334ec"", ""code_version"": ""admission-recovery-v3"", ""data_version"": ""claim-schema-v1"", ""finished_at"": ""2026-08-26T01:57:03.138145+00:00"", ""input_hash"": ""e7ba24eac18876623a2b6ae415cd2c01dc1b745c0ddc11d37e9038722384f6d1"", ""output_ref"": ""claim_eea0c167608334ec"", ""parent_claim_id"": ""A02096_19"", ""reason_code"": null, ""stage"": ""CLAIM_SPLIT"", ""started_at"": ""2026-08-26T01:57:03.138145+00:00"", ""status"": ""PASS""}, {""attempt"": 1, ""child_claim_id"": ""claim_eea0c167608334ec"", ""code_version"": ""admission-recovery-v3"", ""data_version"": ""claim-schema-v1"", ""finished_at"": ""2026-08-26T01:57:03.138145+00:00"", ""input_hash"": ""e7ba24eac18876623a2b6ae415cd2c01dc1b745c0ddc11d37e9038722384f6d1"", ""output_ref"": ""claim_eea0c167608334ec"", ""parent_claim_id"": ""A02096_19"", ""reason_code"": ""MISSING_REQUIRED_SLOTS:time"", ""stage"": ""CLAIM_PARSE"", ""started_at"": ""2026-08-26T01:57:03.138145+00:00"", ""status"": ""HUMAN_REVIEW""}]"
A02096_3,1,claim_c67035994b1740c0,claim_5e3957373df19a5a,2916만명,"11일 통계청의 ‘2025년 5월 고용동향’에 따르면, 지난달 취업자는 2916만명으로 전년 동월 대비 24만5000명 증가했다.",취업자,2916.0,만명,2025년 5월,월,대한민국,취업자,null,"{""change_unit"": ""만명"", ""change_value"": ""24.5"", ""reference_period"": ""전년 동월"", ""type"": ""YEAR_OVER_YEAR""}",DIRECT_VALUE,"{""direction"": ""INCREASE""}","통계청, 2025년 5월 고용동향",AUTO_OK,취업자 수준의 단일 수치와 전년 동월 대비 증감이 함께 제시된 명확한 고용 통계 주장,MULTI_CLAIM_SPLIT,KOSIS_PIPELINE_ELIGIBLE,HOLD,NO_HARD_GUARD_CANDIDATE,,N,UNDETERMINED,HOLD,NO_HARD_GUARD_CANDIDATE,N,,0,0,"{""canonical_name"": ""취업자 수"", ""concept_id"": ""C000008"", ""kosis_search_terms"": [""경제활동인구조사 취업자"", ""산업별 취업자""], ""matched_alias"": ""취업자"", ""standard_key"": ""employment_count"", ""status"": ""MATCHED""}",[],[],"{""eligible_for_official_search"": true, ""entries"": [{""required"": true, ""slot"": ""indicator"", ""status"": ""SOURCE"", ""value"": ""취업자""}, {""required"": true, ""slot"": ""value"", ""status"": ""SOURCE"", ""value"": 2916.0}, {""required"": true, ""slot"": ""unit"", ""status"": ""SOURCE"", ""value"": ""만명""}, {""required"": true, ""slot"": ""time"", ""status"": ""SOURCE"", ""value"": ""2025년 5월""}, {""required"": false, ""slot"": ""frequency"", ""status"": ""SOURCE"", ""value"": ""월""}, {""required"": false, ""slot"": ""region"", ""status"": ""SOURCE"", ""value"": ""대한민국""}, {""required"": false, ""slot"": ""population"", ""status"": ""SOURCE"", ""value"": ""취업자""}, {""required"": false, ""slot"": ""dimension"", ""status"": ""NOT_APPLICABLE"", ""value"": null}, {""required"": false, ""slot"": ""comparison"", ""status"": ""SOURCE"", ""value"": {""change_unit"": ""만명"", ""change_value"": ""24.5"", ""reference_period"": ""전년 동월"", ""type"": ""YEAR_OVER_YEAR""}}, {""required"": true, ""slot"": ""calculation"", ""status"": ""SOURCE"", ""value"": ""DIRECT_VALUE""}, {""required"": false, ""slot"": ""condition"", ""status"": ""SOURCE"", ""value"": {""direction"": ""INCREASE""}}, {""required"": false, ""slot"": ""source_hint"", ""status"": ""SOURCE"", ""value"": ""통계청, 2025년 5월 고용동향""}], ""reason_codes"": []}","[{""attempt"": 1, ""child_claim_id"": ""claim_5e3957373df19a5a"", ""code_version"": ""admission-recovery-v3"", ""data_version"": ""claim-schema-v1"", ""finished_at"": ""2026-08-26T01:57:12.054621+00:00"", ""input_hash"": ""6f3f886b055569fdc82f81c716e88cbfe5deb82475acb75bf9589115bfdbdb3b"", ""output_ref"": ""claim_5e3957373df19a5a"", ""parent_claim_id"": ""A02096_3"", ""reason_code"": null, ""stage"": ""CLAIM_SPLIT"", ""started_at"": ""2026-08-26T01:57:12.054621+00:00"", ""status"": ""PASS""}, {""attempt"": 1, ""child_claim_id"": ""claim_5e3957373df19a5a"", ""code_version"": ""admission-recovery-v3"", ""data_version"": ""claim-schema-v1"", ""finished_at"": ""2026-08-26T01:57:12.054621+00:00"", ""input_hash"": ""6f3f886b055569fdc82f81c716e88cbfe5deb82475acb75bf9589115bfdbdb3b"", ""output_ref"": ""claim_5e3957373df19a5a"", ""parent_claim_id"": ""A02096_3"", ""reason_code"": null, ""stage"": ""CLAIM_PARSE"", ""started_at"": ""2026-08-26T01:57:12.054621+00:00"", ""status"": ""PASS""}]"
A02099_4,1,claim_3a279cee0bf7df85,claim_e923948d2d966fb0,28억1000만달러,"이 기간 실제 일한 날을 뜻하는 조업일수를 고려한 일평균 수출액은 28억1000만달러로, 작년 같은 기간 조업일수를 고려한 일평균 수출액(24억5000만달러)보다 15.% 늘었다.",수출액,2810000000.0,달러,이 기간,일평균,,,"{""조업일수_고려"": ""예""}","{""reference_period"": ""작년 같은 기간"", ""reference_unit"": ""달러"", ""reference_value"": ""2450000000"", ""type"": ""YEAR_OVER_YEAR""}",DIRECT_VALUE,"{""direction"": ""INCREASE""}",,HOLD,RELATIVE_TIME_UNRESOLVED,MULTI_CLAIM_SPLIT,CONTEXT_REQUIRED,HUMAN_REVIEW,RELATIVE_TIME_UNRESOLVED,,N,,,,N,,0,0,null,[],[],"{""eligible_for_official_search"": true, ""entries"": [{""required"": true, ""slot"": ""indicator"", ""status"": ""CONTEXT"", ""value"": ""수출액""}, {""required"": true, ""slot"": ""value"", ""status"": ""SOURCE"", ""value"": 2810000000.0}, {""required"": true, ""slot"": ""unit"", ""status"": ""CONTEXT"", ""value"": ""달러""}, {""required"": true, ""slot"": ""time"", ""status"": ""SOURCE"", ""value"": ""이 기간""}, {""required"": false, ""slot"": ""frequency"", ""status"": ""CONTEXT"", ""value"": ""일평균""}, {""required"": false, ""slot"": ""region"", ""status"": ""NOT_APPLICABLE"", ""value"": null}, {""required"": false, ""slot"": ""population"", ""status"": ""NOT_APPLICABLE"", ""value"": null}, {""required"": false, ""slot"": ""dimension"", ""status"": ""CONTEXT"", ""value"": {""조업일수_고려"": ""예""}}, {""required"": false, ""slot"": ""comparison"", ""status"": ""CONTEXT"", ""value"": {""reference_period"": ""작년 같은 기간"", ""reference_unit"": ""달러"", ""reference_value"": ""2450000000"", ""type"": ""YEAR_OVER_YEAR""}}, {""required"": true, ""slot"": ""calculation"", ""status"": ""CONTEXT"", ""value"": ""DIRECT_VALUE""}, {""required"": false, ""slot"": ""condition"", ""status"": ""SOURCE"", ""value"": {""direction"": ""INCREASE""}}, {""required"": false, ""slot"": ""source_hint"", ""status"": ""NOT_APPLICABLE"", ""value"": null}], ""reason_codes"": []}","[{""attempt"": 1, ""child_claim_id"": ""claim_e923948d2d966fb0"", ""code_version"": ""admission-recovery-v3"", ""data_version"": ""claim-schema-v1"", ""finished_at"": ""2026-08-26T01:57:30.944931+00:00"", ""input_hash"": ""33d02037bd24e3ca93767260b20357da1ed5da35ba999c635c83e036d6a625dc"", ""output_ref"": ""claim_e923948d2d966fb0"", ""parent_claim_id"": ""A02099_4"", ""reason_code"": null, ""stage"": ""CLAIM_SPLIT"", ""started_at"": ""2026-08-26T01:57:30.944931+00:00"", ""status"": ""PASS""}, {""attempt"": 1, ""child_claim_id"": ""claim_e923948d2d966fb0"", ""code_version"": ""admission-recovery-v3"", ""data_version"": ""claim-schema-v1"", ""finished_at"": ""2026-08-26T01:57:30.944931+00:00"", ""input_hash"": ""33d02037bd24e3ca93767260b20357da1ed5da35ba999c635c83e036d6a625dc"", ""output_ref"": ""claim_e923948d2d966fb0"", ""parent_claim_id"": ""A02099_4"", ""reason_code"": ""RELATIVE_TIME_UNRESOLVED"", ""stage"": ""CLAIM_PARSE"", ""started_at"": ""2026-08-26T01:57:30.944931+00:00"", ""status"": ""HUMAN_REVIEW""}]"
A02111_13,1,claim_1c587cb4401c7eed,A02111_13,36.8%,고용률도 2011년 36.8%에서 지난달 48.3%로 불었다.,고용률,36.8,%,2011,Y,,,null,"{""claimed_operands"": ""[{'raw': '48.3%', 'value': 48.3, 'unit': '%'}]""}",DIRECT_VALUE,null,,HOLD,CONTEXT_TARGET_UNRESOLVED,NO_RECOVERY,CONTEXT_REQUIRED,HUMAN_REVIEW,CONTEXT_TARGET_UNRESOLVED,,N,,,,N,,0,0,null,[],[],"{""eligible_for_official_search"": true, ""entries"": [{""required"": true, ""slot"": ""indicator"", ""status"": ""SOURCE"", ""value"": ""고용률""}, {""required"": true, ""slot"": ""value"", ""status"": ""SOURCE"", ""value"": 36.8}, {""required"": true, ""slot"": ""unit"", ""status"": ""SOURCE"", ""value"": ""%""}, {""required"": true, ""slot"": ""time"", ""status"": ""SOURCE"", ""value"": ""2011""}, {""required"": false, ""slot"": ""frequency"", ""status"": ""SOURCE"", ""value"": ""Y""}, {""required"": false, ""slot"": ""region"", ""status"": ""NOT_APPLICABLE"", ""value"": null}, {""required"": false, ""slot"": ""population"", ""status"": ""NOT_APPLICABLE"", ""value"": null}, {""required"": false, ""slot"": ""dimension"", ""status"": ""NOT_APPLICABLE"", ""value"": null}, {""required"": false, ""slot"": ""comparison"", ""status"": ""SOURCE"", ""value"": {""claimed_operands"": ""[{'raw': '48.3%', 'value': 48.3, 'unit': '%'}]""}}, {""required"": true, ""slot"": ""calculation"", ""status"": ""SOURCE"", ""value"": ""DIRECT_VALUE""}, {""required"": false, ""slot"": ""condition"", ""status"": ""NOT_APPLICABLE"", ""value"": null}, {""required"": false, ""slot"": ""source_hint"", ""status"": ""NOT_APPLICABLE"", ""value"": null}], ""reason_codes"": []}","[{""attempt"": 1, ""child_claim_id"": ""A02111_13"", ""code_version"": ""admission-recovery-v3"", ""data_version"": ""claim-schema-v1"", ""finished_at"": ""2026-08-26T01:57:31.024463+00:00"", ""input_hash"": ""521bfe719694ef7b88c2812d931c21a1718a5821e90e033745f4e4ff65e314f1"", ""output_ref"": ""A02111_13"", ""parent_claim_id"": ""A02111_13"", ""reason_code"": ""SINGLE_CLAIM_OR_STORED_RESULT"", ""stage"": ""CLAIM_SPLIT"", ""started_at"": ""2026-08-26T01:57:31.024463+00:00"", ""status"": ""SKIPPED""}, {""attempt"": 1, ""child_claim_id"": ""A02111_13"", ""code_version"": ""admission-recovery-v3"", ""data_version"": ""claim-schema-v1"", ""finished_at"": ""2026-08-26T01:57:31.024463+00:00"", ""input_hash"": ""521bfe719694ef7b88c2812d931c21a1718a5821e90e033745f4e4ff65e314f1"", ""output_ref"": ""A02111_13"", ""parent_claim_id"": ""A02111_13"", ""reason_code"": ""CONTEXT_TARGET_UNRESOLVED"", ""stage"": ""CLAIM_PARSE"", ""started_at"": ""2026-08-26T01:57:31.024463+00:00"", ""status"": ""HUMAN_REVIEW""}]"
A02111_4,1,claim_cbf0fa2709dcf6dd,claim_920b94d0a0bd3213,2916만명,"11일 통계청이 발표한 ‘5월 고용동향’에 따르면, 지난달 취업자는 2916만명으로 전년 동월 대비 24만5000명 늘었다.",취업자,29160000.0,명,2025년 5월,월,,취업자,null,"{""change_value"": ""245000"", ""direction"": ""INCREASE"", ""reference_period"": ""2024-05"", ""type"": ""YEAR_OVER_YEAR""}",DIRECT_VALUE,null,"통계청, 5월 고용동향",AUTO_OK,,MULTI_CLAIM_SPLIT,KOSIS_PIPELINE_ELIGIBLE,AUTO,WITHIN_TOLERANCE,,N,MATCH,AUTO,WITHIN_TOLERANCE,Y,29159800.0,1,1,"{""canonical_name"": ""취업자 수"", ""concept_id"": ""C000008"", ""kosis_search_terms"": [""경제활동인구조사 취업자"", ""산업별 취업자""], ""matched_alias"": ""취업자"", ""standard_key"": ""employment_count"", ""status"": ""MATCHED""}","[{""canonical_key"": ""ORG=101|TBL=DT_1DA7001S|ITM=T30|OBJ=B|MEMBER=계|PRD_SE=월|PRD_DE=2025-05"", ""dimension_codes"": {""B"": ""0""}, ""dimension_members"": {""B"": ""계""}, ""itm_id"": ""T30"", ""member_code"": ""계"", ""obj_id"": ""B"", ""org_id"": ""101"", ""prd_de"": ""2025-05"", ""prd_se"": ""월"", ""status"": ""CONFIRMED"", ""tbl_id"": ""DT_1DA7001S"", ""unit"": ""천명""}]","[{""content_hash"": ""b41e3f732780e0269f600b3ec4ff165677bf72e5b96e49c987c8bce81e536636"", ""evidence_key"": ""ORG=101|TBL=DT_1DA7001S|ITM=T30|OBJ=B|MEMBER=계|PRD_SE=월|PRD_DE=2025-05"", ""publication"": {""content_hash"": ""734dda76b57942f68057ead607ae15dcf4e20e0b0e20434870dcb2798cc2a40e"", ""coverage_end_period"": null, ""coverage_start_period"": null, ""evidence_scope"": ""PERIOD"", ""pub_date_text"": ""조사기준 월 익월"", ""pub_period"": ""월"", ""publication_method_url"": ""https://www.kostat.go.kr/board.es?act=list&mid=a10301010000&keyField=T&bid=210&keyWord=2025%EB%85%84+5%EC%9B%94+%EA%B3%A0%EC%9A%A9%EB%8F%99%ED%96%A5"", ""published_at"": ""2025-06-11"", ""reference_period"": ""2025-05"", ""retrieved_at"": ""2026-08-26T01:57:47.073075Z"", ""source_url"": ""https://www.kostat.go.kr/board.es?mid=a10301010000&bid=210&act=view&list_no=437043&tag=&nPage=1&ref_bid="", ""status"": ""VERIFIED""}, ""retrieved_at"": ""2026-08-26T01:57:40.418444Z"", ""source"": ""API"", ""source_url"": ""https://kosis.kr/openapi/Param/statisticsParameterData.do?method=getList&orgId=101&tblId=DT_1DA7001S&itmId=T30&prdSe=M&startPrdDe=202505&endPrdDe=202505&objL1=0"", ""value_last_changed_at"": ""2025-05-29""}]","{""eligible_for_official_search"": true, ""entries"": [{""required"": true, ""slot"": ""indicator"", ""status"": ""SOURCE"", ""value"": ""취업자""}, {""required"": true, ""slot"": ""value"", ""status"": ""SOURCE"", ""value"": 29160000.0}, {""required"": true, ""slot"": ""unit"", ""status"": ""SOURCE"", ""value"": ""명""}, {""required"": true, ""slot"": ""time"", ""status"": ""SOURCE"", ""value"": ""2025년 5월""}, {""required"": false, ""slot"": ""frequency"", ""status"": ""SOURCE"", ""value"": ""월""}, {""required"": false, ""slot"": ""region"", ""status"": ""NOT_APPLICABLE"", ""value"": null}, {""required"": false, ""slot"": ""population"", ""status"": ""SOURCE"", ""value"": ""취업자""}, {""required"": false, ""slot"": ""dimension"", ""status"": ""NOT_APPLICABLE"", ""value"": null}, {""required"": false, ""slot"": ""comparison"", ""status"": ""SOURCE"", ""value"": {""change_value"": ""245000"", ""direction"": ""INCREASE"", ""reference_period"": ""2024-05"", ""type"": ""YEAR_OVER_YEAR""}}, {""required"": true, ""slot"": ""calculation"", ""status"": ""SOURCE"", ""value"": ""DIRECT_VALUE""}, {""required"": false, ""slot"": ""condition"", ""status"": ""NOT_APPLICABLE"", ""value"": null}, {""required"": false, ""slot"": ""source_hint"", ""status"": ""SOURCE"", ""value"": ""통계청, 5월 고용동향""}], ""reason_codes"": []}","[{""attempt"": 1, ""child_claim_id"": ""claim_920b94d0a0bd3213"", ""code_version"": ""admission-recovery-v3"", ""data_version"": ""claim-schema-v1"", ""finished_at"": ""2026-08-26T01:57:47.075074+00:00"", ""input_hash"": ""c5e7c71c89d2be78754f257c39522ba3e4c36859afe41195231a378821706ca1"", ""output_ref"": ""claim_920b94d0a0bd3213"", ""parent_claim_id"": ""A02111_4"", ""reason_code"": null, ""stage"": ""CLAIM_SPLIT"", ""started_at"": ""2026-08-26T01:57:47.075074+00:00"", ""status"": ""PASS""}, {""attempt"": 1, ""child_claim_id"": ""claim_920b94d0a0bd3213"", ""code_version"": ""admission-recovery-v3"", ""data_version"": ""claim-schema-v1"", ""finished_at"": ""2026-08-26T01:57:47.075074+00:00"", ""input_hash"": ""c5e7c71c89d2be78754f257c39522ba3e4c36859afe41195231a378821706ca1"", ""output_ref"": ""claim_920b94d0a0bd3213"", ""parent_claim_id"": ""A02111_4"", ""reason_code"": null, ""stage"": ""CLAIM_PARSE"", ""started_at"": ""2026-08-26T01:57:47.075074+00:00"", ""status"": ""PASS""}]"
A02181_14,1,claim_4bd0595b56c90f89,claim_7cd7fd35f64558c9,1.6%포인트,"15년 전인 2010년 4월 기준 두 집단 사이의 실업률 차이가 8.7%포인트에 달했지만, 올해 4월에는 그 차이가 1.6%포인트로 크게 줄었다는 것이다.",두 집단 사이의 실업률 차이,1.6,%포인트,2025년 4월,월,,두 집단,null,"{""current_value"": ""1.6"", ""operand_unit"": ""%포인트"", ""reference_period"": ""2010년 4월"", ""reference_value"": ""8.7""}",DIFFERENCE,"{""direction"": ""DECREASE""}",,HOLD,MISSING_REQUIRED_SLOTS:comparison,MULTI_CLAIM_SPLIT,STRUCTURAL_HOLD,HUMAN_REVIEW,MISSING_REQUIRED_SLOTS:comparison,,N,,,,N,,0,0,null,[],[],"{""eligible_for_official_search"": true, ""entries"": [{""required"": true, ""slot"": ""indicator"", ""status"": ""SOURCE"", ""value"": ""두 집단 사이의 실업률 차이""}, {""required"": true, ""slot"": ""value"", ""status"": ""SOURCE"", ""value"": 1.6}, {""required"": true, ""slot"": ""unit"", ""status"": ""SOURCE"", ""value"": ""%포인트""}, {""required"": true, ""slot"": ""time"", ""status"": ""SOURCE"", ""value"": ""2025년 4월""}, {""required"": false, ""slot"": ""frequency"", ""status"": ""SOURCE"", ""value"": ""월""}, {""required"": false, ""slot"": ""region"", ""status"": ""NOT_APPLICABLE"", ""value"": null}, {""required"": false, ""slot"": ""population"", ""status"": ""SOURCE"", ""value"": ""두 집단""}, {""required"": false, ""slot"": ""dimension"", ""status"": ""NOT_APPLICABLE"", ""value"": null}, {""required"": true, ""slot"": ""comparison"", ""status"": ""SOURCE"", ""value"": {""current_value"": ""1.6"", ""operand_unit"": ""%포인트"", ""reference_period"": ""2010년 4월"", ""reference_value"": ""8.7""}}, {""required"": true, ""slot"": ""calculation"", ""status"": ""SOURCE"", ""value"": ""DIFFERENCE""}, {""required"": true, ""slot"": ""condition"", ""status"": ""SOURCE"", ""value"": {""direction"": ""DECREASE""}}, {""required"": false, ""slot"": ""source_hint"", ""status"": ""NOT_APPLICABLE"", ""value"": null}], ""reason_codes"": []}","[{""attempt"": 1, ""child_claim_id"": ""claim_7cd7fd35f64558c9"", ""code_version"": ""admission-recovery-v3"", ""data_version"": ""claim-schema-v1"", ""finished_at"": ""2026-08-26T01:57:56.027899+00:00"", ""input_hash"": ""eb1a602f368ae2a19eb2d7922433f5848aa784eebd204e688208a62953f7c7e8"", ""output_ref"": ""claim_7cd7fd35f64558c9"", ""parent_claim_id"": ""A02181_14"", ""reason_code"": null, ""stage"": ""CLAIM_SPLIT"", ""started_at"": ""2026-08-26T01:57:56.027899+00:00"", ""status"": ""PASS""}, {""attempt"": 1, ""child_claim_id"": ""claim_7cd7fd35f64558c9"", ""code_version"": ""admission-recovery-v3"", ""data_version"": ""claim-schema-v1"", ""finished_at"": ""2026-08-26T01:57:56.027899+00:00"", ""input_hash"": ""eb1a602f368ae2a19eb2d7922433f5848aa784eebd204e688208a62953f7c7e8"", ""output_ref"": ""claim_7cd7fd35f64558c9"", ""parent_claim_id"": ""A02181_14"", ""reason_code"": ""MISSING_REQUIRED_SLOTS:comparison"", ""stage"": ""CLAIM_PARSE"", ""started_at"": ""2026-08-26T01:57:56.027899+00:00"", ""status"": ""HUMAN_REVIEW""}]"
A02184_12,1,claim_a8ea1441d888bb96,claim_86bafe9ab3ba567b,4.8%,작년까지만 해도 전문대 졸업자 실업률(4.8%)이 고졸 실업률(5.1%)보다 낮았다.,실업률,4.8,%,작년까지,,,,"{""학력"": ""전문대 졸업자""}","{""current_value"": ""4.8"", ""reference_population"": ""고졸"", ""reference_value"": ""5.1"", ""type"": ""LOWER_THAN""}",DIRECT_VALUE,null,,AUTO_OK,전문대 졸업자 실업률 4.8%라는 단일 중심 수치와 고졸 실업률 5.1%라는 직접 비교값이 명확히 제시됨,MULTI_CLAIM_SPLIT,KOSIS_PIPELINE_ELIGIBLE,HOLD,FETCH_FAILED,,N,UNDETERMINED,HOLD,FETCH_FAILED,N,,1,1,"{""canonical_name"": ""실업률"", ""concept_id"": ""C000007"", ""kosis_search_terms"": [], ""matched_alias"": ""실업률"", ""standard_key"": ""unemployment_rate"", ""status"": ""MATCHED""}","[{""canonical_key"": ""ORG=101|TBL=DT_1DA7003S|ITM=T80|OBJ=H|MEMBER=전문대졸|PRD_SE=월|분기|년|PRD_DE=작까지"", ""dimension_codes"": {""H"": ""41""}, ""dimension_members"": {""H"": ""전문대졸""}, ""itm_id"": ""T80"", ""member_code"": ""전문대졸"", ""obj_id"": ""H"", ""org_id"": ""101"", ""prd_de"": ""작까지"", ""prd_se"": ""월|분기|년"", ""status"": ""CONFIRMED"", ""tbl_id"": ""DT_1DA7003S"", ""unit"": ""%""}]","[{""content_hash"": """", ""evidence_key"": ""ORG=101|TBL=DT_1DA7003S|ITM=T80|OBJ=H|MEMBER=전문대졸|PRD_SE=월|분기|년|PRD_DE=작까지"", ""publication"": null, ""retrieved_at"": ""2026-08-26T01:58:32.616724Z"", ""source"": ""NONE"", ""source_url"": ""https://kosis.kr/openapi/Param/statisticsParameterData.do?method=getList&orgId=101&tblId=DT_1DA7003S&itmId=T80&prdSe=%EC%9B%94%7C%EB%B6%84%EA%B8%B0%7C%EB%85%84&startPrdDe=%EC%9E%91%EA%B9%8C%EC%A7%80&endPrdDe=%EC%9E%91%EA%B9%8C%EC%A7%80&objL1=41"", ""value_last_changed_at"": null}]","{""eligible_for_official_search"": true, ""entries"": [{""required"": true, ""slot"": ""indicator"", ""status"": ""SOURCE"", ""value"": ""실업률""}, {""required"": true, ""slot"": ""value"", ""status"": ""SOURCE"", ""value"": 4.8}, {""required"": true, ""slot"": ""unit"", ""status"": ""SOURCE"", ""value"": ""%""}, {""required"": true, ""slot"": ""time"", ""status"": ""SOURCE"", ""value"": ""작년까지""}, {""required"": false, ""slot"": ""frequency"", ""status"": ""NOT_APPLICABLE"", ""value"": null}, {""required"": false, ""slot"": ""region"", ""status"": ""NOT_APPLICABLE"", ""value"": null}, {""required"": false, ""slot"": ""population"", ""status"": ""NOT_APPLICABLE"", ""value"": null}, {""required"": false, ""slot"": ""dimension"", ""status"": ""SOURCE"", ""value"": {""학력"": ""전문대 졸업자""}}, {""required"": false, ""slot"": ""comparison"", ""status"": ""SOURCE"", ""value"": {""current_value"": ""4.8"", ""reference_population"": ""고졸"", ""reference_value"": ""5.1"", ""type"": ""LOWER_THAN""}}, {""required"": true, ""slot"": ""calculation"", ""status"": ""SOURCE"", ""value"": ""DIRECT_VALUE""}, {""required"": false, ""slot"": ""condition"", ""status"": ""NOT_APPLICABLE"", ""value"": null}, {""required"": false, ""slot"": ""source_hint"", ""status"": ""NOT_APPLICABLE"", ""value"": null}], ""reason_codes"": []}","[{""attempt"": 1, ""child_claim_id"": ""claim_86bafe9ab3ba567b"", ""code_version"": ""admission-recovery-v3"", ""data_version"": ""claim-schema-v1"", ""finished_at"": ""2026-08-26T01:58:55.551309+00:00"", ""input_hash"": ""1fab150ae67242d8e1ebfcc2c851d74db8c569009c82ec52367ae03a62d77a49"", ""output_ref"": ""claim_86bafe9ab3ba567b"", ""parent_claim_id"": ""A02184_12"", ""reason_code"": null, ""stage"": ""CLAIM_SPLIT"", ""started_at"": ""2026-08-26T01:58:55.551309+00:00"", ""status"": ""PASS""}, {""attempt"": 1, ""child_claim_id"": ""claim_86bafe9ab3ba567b"", ""code_version"": ""admission-recovery-v3"", ""data_version"": ""claim-schema-v1"", ""finished_at"": ""2026-08-26T01:58:55.551309+00:00"", ""input_hash"": ""1fab150ae67242d8e1ebfcc2c851d74db8c569009c82ec52367ae03a62d77a49"", ""output_ref"": ""claim_86bafe9ab3ba567b"", ""parent_claim_id"": ""A02184_12"", ""reason_code"": null, ""stage"": ""CLAIM_PARSE"", ""started_at"": ""2026-08-26T01:58:55.551309+00:00"", ""status"": ""PASS""}]"
A02184_12,2,claim_e4383ee9b65c6c52,claim_8dcb3d88daf3d44e,5.1%,작년까지만 해도 전문대 졸업자 실업률(4.8%)이 고졸 실업률(5.1%)보다 낮았다.,실업률,5.1,%,2024년,년,,고졸자,"{""학력"": ""고졸""}","{""reference_indicator"": ""실업률"", ""reference_period"": ""작년"", ""reference_population"": ""전문대 졸업자"", ""reference_unit"": ""%"", ""reference_value"": ""4.8"", ""type"": ""GREATER_THAN""}",DIRECT_VALUE,null,,AUTO_OK,"중심 수치인 고졸자 실업률 5.1%가 명확하고, 같은 기간 전문대 졸업자 실업률 4.8%와의 비교가 함께 제시된 단일 사실 주장",MULTI_CLAIM_SPLIT,KOSIS_PIPELINE_ELIGIBLE,HOLD,AMBIGUOUS_MARGIN,,N,UNDETERMINED,HOLD,AMBIGUOUS_MARGIN,N,,1,0,"{""canonical_name"": ""실업률"", ""concept_id"": ""C000007"", ""kosis_search_terms"": [], ""matched_alias"": ""실업률"", ""standard_key"": ""unemployment_rate"", ""status"": ""MATCHED""}","[{""canonical_key"": ""ORG=101|TBL=DT_1DA7003S|ITM=T80|OBJ=H|MEMBER=계|PRD_SE=년|PRD_DE=2024"", ""dimension_codes"": {""H"": ""00""}, ""dimension_members"": {""H"": ""계""}, ""itm_id"": ""T80"", ""member_code"": ""계"", ""obj_id"": ""H"", ""org_id"": ""101"", ""prd_de"": ""2024"", ""prd_se"": ""년"", ""status"": ""CONFIRMED"", ""tbl_id"": ""DT_1DA7003S"", ""unit"": ""%""}]",[],"{""eligible_for_official_search"": true, ""entries"": [{""required"": true, ""slot"": ""indicator"", ""status"": ""SOURCE"", ""value"": ""실업률""}, {""required"": true, ""slot"": ""value"", ""status"": ""SOURCE"", ""value"": 5.1}, {""required"": true, ""slot"": ""unit"", ""status"": ""SOURCE"", ""value"": ""%""}, {""required"": true, ""slot"": ""time"", ""status"": ""SOURCE"", ""value"": ""2024년""}, {""required"": false, ""slot"": ""frequency"", ""status"": ""SOURCE"", ""value"": ""년""}, {""required"": false, ""slot"": ""region"", ""status"": ""NOT_APPLICABLE"", ""value"": null}, {""required"": false, ""slot"": ""population"", ""status"": ""SOURCE"", ""value"": ""고졸자""}, {""required"": false, ""slot"": ""dimension"", ""status"": ""SOURCE"", ""value"": {""학력"": ""고졸""}}, {""required"": false, ""slot"": ""comparison"", ""status"": ""SOURCE"", ""value"": {""reference_indicator"": ""실업률"", ""reference_period"": ""작년"", ""reference_population"": ""전문대 졸업자"", ""reference_unit"": ""%"", ""reference_value"": ""4.8"", ""type"": ""GREATER_THAN""}}, {""required"": true, ""slot"": ""calculation"", ""status"": ""SOURCE"", ""value"": ""DIRECT_VALUE""}, {""required"": false, ""slot"": ""condition"", ""status"": ""NOT_APPLICABLE"", ""value"": null}, {""required"": false, ""slot"": ""source_hint"", ""status"": ""NOT_APPLICABLE"", ""value"": null}], ""reason_codes"": []}","[{""attempt"": 1, ""child_claim_id"": ""claim_8dcb3d88daf3d44e"", ""code_version"": ""admission-recovery-v3"", ""data_version"": ""claim-schema-v1"", ""finished_at"": ""2026-08-26T01:58:55.551309+00:00"", ""input_hash"": ""1fab150ae67242d8e1ebfcc2c851d74db8c569009c82ec52367ae03a62d77a49"", ""output_ref"": ""claim_8dcb3d88daf3d44e"", ""parent_claim_id"": ""A02184_12"", ""reason_code"": null, ""stage"": ""CLAIM_SPLIT"", ""started_at"": ""2026-08-26T01:58:55.551309+00:00"", ""status"": ""PASS""}, {""attempt"": 1, ""child_claim_id"": ""claim_8dcb3d88daf3d44e"", ""code_version"": ""admission-recovery-v3"", ""data_version"": ""claim-schema-v1"", ""finished_at"": ""2026-08-26T01:58:55.551309+00:00"", ""input_hash"": ""1fab150ae67242d8e1ebfcc2c851d74db8c569009c82ec52367ae03a62d77a49"", ""output_ref"": ""claim_8dcb3d88daf3d44e"", ""parent_claim_id"": ""A02184_12"", ""reason_code"": null, ""stage"": ""CLAIM_PARSE"", ""started_at"": ""2026-08-26T01:58:55.551309+00:00"", ""status"": ""PASS""}]"
A02184_8,1,claim_e8ddfd4375ff8253,claim_17ac32734835b4ff,6.2%,"지난 2003년부터 2022년까지 20년간 20대 후반의 실업률은 고졸이 대졸보다 높았는데, 지난 2023년부터 대졸 실업률(6.2%)이 고졸(5.2%)을 넘는 역전 현상이 발생했다.",실업률,6.2,%,2023년부터,연간,,20대 후반,"{""학력"": ""대졸""}","{""reference_population"": ""고졸"", ""reference_unit"": ""%"", ""reference_value"": ""5.2"", ""relation"": ""GREATER_THAN""}",DIRECT_VALUE,null,,AUTO_OK,,MULTI_CLAIM_SPLIT,KOSIS_PIPELINE_ELIGIBLE,HOLD,FETCH_FAILED,,N,UNDETERMINED,HOLD,FETCH_FAILED,N,,1,1,"{""canonical_name"": ""실업률"", ""concept_id"": ""C000007"", ""kosis_search_terms"": [], ""matched_alias"": ""실업률"", ""standard_key"": ""unemployment_rate"", ""status"": ""MATCHED""}","[{""canonical_key"": ""ORG=383|TBL=DT_38304_2013_N006|ITM=T7|OBJ=GENDER|MEMBER=전체|PRD_SE=년|PRD_DE=2023부터"", ""dimension_codes"": {""GENDER"": ""00""}, ""dimension_members"": {""GENDER"": ""전체""}, ""itm_id"": ""T7"", ""member_code"": ""전체"", ""obj_id"": ""GENDER"", ""org_id"": ""383"", ""prd_de"": ""2023부터"", ""prd_se"": ""년"", ""status"": ""CONFIRMED"", ""tbl_id"": ""DT_38304_2013_N006"", ""unit"": ""%""}]","[{""content_hash"": """", ""evidence_key"": ""ORG=383|TBL=DT_38304_2013_N006|ITM=T7|OBJ=GENDER|MEMBER=전체|PRD_SE=년|PRD_DE=2023부터"", ""publication"": null, ""retrieved_at"": ""2026-08-26T01:59:16.144005Z"", ""source"": ""NONE"", ""source_url"": ""https://kosis.kr/openapi/Param/statisticsParameterData.do?method=getList&orgId=383&tblId=DT_38304_2013_N006&itmId=T7&prdSe=Y&startPrdDe=2023%EB%B6%80%ED%84%B0&endPrdDe=2023%EB%B6%80%ED%84%B0&objL1=00"", ""value_last_changed_at"": null}]","{""eligible_for_official_search"": true, ""entries"": [{""required"": true, ""slot"": ""indicator"", ""status"": ""SOURCE"", ""value"": ""실업률""}, {""required"": true, ""slot"": ""value"", ""status"": ""SOURCE"", ""value"": 6.2}, {""required"": true, ""slot"": ""unit"", ""status"": ""SOURCE"", ""value"": ""%""}, {""required"": true, ""slot"": ""time"", ""status"": ""CONTEXT"", ""value"": ""2023년부터""}, {""required"": false, ""slot"": ""frequency"", ""status"": ""CONTEXT"", ""value"": ""연간""}, {""required"": false, ""slot"": ""region"", ""status"": ""NOT_APPLICABLE"", ""value"": null}, {""required"": false, ""slot"": ""population"", ""status"": ""SOURCE"", ""value"": ""20대 후반""}, {""required"": false, ""slot"": ""dimension"", ""status"": ""SOURCE"", ""value"": {""학력"": ""대졸""}}, {""required"": false, ""slot"": ""comparison"", ""status"": ""CONTEXT"", ""value"": {""reference_population"": ""고졸"", ""reference_unit"": ""%"", ""reference_value"": ""5.2"", ""relation"": ""GREATER_THAN""}}, {""required"": true, ""slot"": ""calculation"", ""status"": ""CONTEXT"", ""value"": ""DIRECT_VALUE""}, {""required"": false, ""slot"": ""condition"", ""status"": ""NOT_APPLICABLE"", ""value"": null}, {""required"": false, ""slot"": ""source_hint"", ""status"": ""NOT_APPLICABLE"", ""value"": null}], ""reason_codes"": []}","[{""attempt"": 1, ""child_claim_id"": ""claim_17ac32734835b4ff"", ""code_version"": ""admission-recovery-v3"", ""data_version"": ""claim-schema-v1"", ""finished_at"": ""2026-08-26T01:59:16.145006+00:00"", ""input_hash"": ""efb38ecaf7fe32768c42d42cfcb87663d0044f2274ea9ed4f0da89810da40fe5"", ""output_ref"": ""claim_17ac32734835b4ff"", ""parent_claim_id"": ""A02184_8"", ""reason_code"": null, ""stage"": ""CLAIM_SPLIT"", ""started_at"": ""2026-08-26T01:59:16.145006+00:00"", ""status"": ""PASS""}, {""attempt"": 1, ""child_claim_id"": ""claim_17ac32734835b4ff"", ""code_version"": ""admission-recovery-v3"", ""data_version"": ""claim-schema-v1"", ""finished_at"": ""2026-08-26T01:59:16.145006+00:00"", ""input_hash"": ""efb38ecaf7fe32768c42d42cfcb87663d0044f2274ea9ed4f0da89810da40fe5"", ""output_ref"": ""claim_17ac32734835b4ff"", ""parent_claim_id"": ""A02184_8"", ""reason_code"": null, ""stage"": ""CLAIM_PARSE"", ""started_at"": ""2026-08-26T01:59:16.145006+00:00"", ""status"": ""PASS""}]"
A02350_6,1,claim_a98a3f38be1a6de2,claim_1a828370ce663974,10개,15대 품목 중 10개 품목은 2분기보다 수출 여건이 악화될 것으로 조사됐다.,수출 여건 악화 품목 수,10.0,개 품목,,,,15대 품목,"{""total_items"": ""15개""}","{""comparison"": ""수출 여건 악화"", ""reference_period"": ""2분기""}",PART_TO_WHOLE,"{""direction"": ""DECREASE""}",,HOLD,TARGET_VALUE_NOT_IN_SOURCE_SENTENCE,MULTI_CLAIM_SPLIT,CONTEXT_REQUIRED,HUMAN_REVIEW,TARGET_VALUE_NOT_IN_SOURCE_SENTENCE,,N,,,,N,,0,0,null,[],[],"{""eligible_for_official_search"": false, ""entries"": [{""required"": true, ""slot"": ""indicator"", ""status"": ""SOURCE"", ""value"": ""수출 여건 악화 품목 수""}, {""required"": true, ""slot"": ""value"", ""status"": ""SOURCE"", ""value"": 10.0}, {""required"": true, ""slot"": ""unit"", ""status"": ""SOURCE"", ""value"": ""개 품목""}, {""required"": true, ""slot"": ""time"", ""status"": ""MISSING"", ""value"": null}, {""required"": false, ""slot"": ""frequency"", ""status"": ""NOT_APPLICABLE"", ""value"": null}, {""required"": false, ""slot"": ""region"", ""status"": ""NOT_APPLICABLE"", ""value"": null}, {""required"": false, ""slot"": ""population"", ""status"": ""SOURCE"", ""value"": ""15대 품목""}, {""required"": false, ""slot"": ""dimension"", ""status"": ""CONTEXT"", ""value"": {""total_items"": ""15개""}}, {""required"": false, ""slot"": ""comparison"", ""status"": ""CONTEXT"", ""value"": {""comparison"": ""수출 여건 악화"", ""reference_period"": ""2분기""}}, {""required"": true, ""slot"": ""calculation"", ""status"": ""CONTEXT"", ""value"": ""PART_TO_WHOLE""}, {""required"": false, ""slot"": ""condition"", ""status"": ""SOURCE"", ""value"": {""direction"": ""DECREASE""}}, {""required"": false, ""slot"": ""source_hint"", ""status"": ""NOT_APPLICABLE"", ""value"": null}], ""reason_codes"": [""MISSING_REQUIRED_SLOTS:time""]}","[{""attempt"": 1, ""child_claim_id"": ""claim_1a828370ce663974"", ""code_version"": ""admission-recovery-v3"", ""data_version"": ""claim-schema-v1"", ""finished_at"": ""2026-08-26T01:59:28.711047+00:00"", ""input_hash"": ""a2ede7b3cfea651ed02b04f592043664c40b16a2a3ef5aa6f66b397dab412a5a"", ""output_ref"": ""claim_1a828370ce663974"", ""parent_claim_id"": ""A02350_6"", ""reason_code"": null, ""stage"": ""CLAIM_SPLIT"", ""started_at"": ""2026-08-26T01:59:28.711047+00:00"", ""status"": ""PASS""}, {""attempt"": 1, ""child_claim_id"": ""claim_1a828370ce663974"", ""code_version"": ""admission-recovery-v3"", ""data_version"": ""claim-schema-v1"", ""finished_at"": ""2026-08-26T01:59:28.711047+00:00"", ""input_hash"": ""a2ede7b3cfea651ed02b04f592043664c40b16a2a3ef5aa6f66b397dab412a5a"", ""output_ref"": ""claim_1a828370ce663974"", ""parent_claim_id"": ""A02350_6"", ""reason_code"": ""TARGET_VALUE_NOT_IN_SOURCE_SENTENCE"", ""stage"": ""CLAIM_PARSE"", ""started_at"": ""2026-08-26T01:59:28.711047+00:00"", ""status"": ""HUMAN_REVIEW""}]"
A02366_7,1,claim_7851493c515d1961,claim_cbe32415c35669c6,10개,15대 수출 품목 중 10개가 2분기보다 수출 여건이 악화할 것으로 조사됐다.,수출 여건 악화 품목 수,10.0,개,2025년 3분기,분기,,15대 수출 품목,null,"{""reference_period"": ""2025년 2분기"", ""type"": ""PERIOD_OVER_PERIOD""}",PART_TO_WHOLE,"{""direction"": ""DECREASE""}",조사,HOLD,CLAIM_CALCULATION_UNSUPPORTED,MULTI_CLAIM_SPLIT,CONTEXT_REQUIRED,HUMAN_REVIEW,CLAIM_CALCULATION_UNSUPPORTED,,Y,,,,N,,0,0,null,[],[],"{""eligible_for_official_search"": true, ""entries"": [{""required"": true, ""slot"": ""indicator"", ""status"": ""SOURCE"", ""value"": ""수출 여건 악화 품목 수""}, {""required"": true, ""slot"": ""value"", ""status"": ""SOURCE"", ""value"": 10.0}, {""required"": true, ""slot"": ""unit"", ""status"": ""SOURCE"", ""value"": ""개""}, {""required"": true, ""slot"": ""time"", ""status"": ""CONTEXT"", ""value"": ""2025년 3분기""}, {""required"": false, ""slot"": ""frequency"", ""status"": ""CONTEXT"", ""value"": ""분기""}, {""required"": false, ""slot"": ""region"", ""status"": ""NOT_APPLICABLE"", ""value"": null}, {""required"": false, ""slot"": ""population"", ""status"": ""SOURCE"", ""value"": ""15대 수출 품목""}, {""required"": false, ""slot"": ""dimension"", ""status"": ""NOT_APPLICABLE"", ""value"": null}, {""required"": false, ""slot"": ""comparison"", ""status"": ""CONTEXT"", ""value"": {""reference_period"": ""2025년 2분기"", ""type"": ""PERIOD_OVER_PERIOD""}}, {""required"": true, ""slot"": ""calculation"", ""status"": ""CONTEXT"", ""value"": ""PART_TO_WHOLE""}, {""required"": false, ""slot"": ""condition"", ""status"": ""CONTEXT"", ""value"": {""direction"": ""DECREASE""}}, {""required"": false, ""slot"": ""source_hint"", ""status"": ""CONTEXT"", ""value"": ""조사""}], ""reason_codes"": []}","[{""attempt"": 1, ""child_claim_id"": ""claim_cbe32415c35669c6"", ""code_version"": ""admission-recovery-v3"", ""data_version"": ""claim-schema-v1"", ""finished_at"": ""2026-08-26T03:29:22.644938+00:00"", ""input_hash"": ""169812b5d968e9ab62bc4f013c0a5c7f39f95039c21ed0a6f20830fd3f1dfdd3"", ""output_ref"": ""claim_cbe32415c35669c6"", ""parent_claim_id"": ""A02366_7"", ""reason_code"": null, ""stage"": ""CLAIM_SPLIT"", ""started_at"": ""2026-08-26T03:29:22.644938+00:00"", ""status"": ""PASS""}, {""attempt"": 1, ""child_claim_id"": ""claim_cbe32415c35669c6"", ""code_version"": ""admission-recovery-v3"", ""data_version"": ""claim-schema-v1"", ""finished_at"": ""2026-08-26T03:29:22.644938+00:00"", ""input_hash"": ""169812b5d968e9ab62bc4f013c0a5c7f39f95039c21ed0a6f20830fd3f1dfdd3"", ""output_ref"": ""claim_cbe32415c35669c6"", ""parent_claim_id"": ""A02366_7"", ""reason_code"": ""CLAIM_CALCULATION_UNSUPPORTED"", ""stage"": ""CLAIM_PARSE"", ""started_at"": ""2026-08-26T03:29:22.644938+00:00"", ""status"": ""HUMAN_REVIEW""}]"
A02375_3,1,claim_a9e9a18c31e048f0,claim_702acab8e660d451,116.31(2020년=100),"2일 통계청이 발표한 ‘6월 소비자 물가 동향’에 따르면, 지난달 소비자물가 지수는 116.31(2020년=100)로 작년 동월 대비 2.2% 올랐다.",소비자물가지수,116.31,지수(2020년=100),2025년 6월,월,대한민국,,"{""기준연도"": ""2020=100""}","{""rate"": ""2.2%"", ""reference_period"": ""2024-06"", ""type"": ""YEAR_OVER_YEAR""}",DIRECT_VALUE,"{""direction"": ""INCREASE""}","통계청, 6월 소비자 물가 동향",HOLD,TARGET_VALUE_NOT_IN_SOURCE_SENTENCE,MULTI_CLAIM_SPLIT,CONTEXT_REQUIRED,HUMAN_REVIEW,TARGET_VALUE_NOT_IN_SOURCE_SENTENCE,,N,,,,N,,0,0,null,[],[],"{""eligible_for_official_search"": true, ""entries"": [{""required"": true, ""slot"": ""indicator"", ""status"": ""SOURCE"", ""value"": ""소비자물가지수""}, {""required"": true, ""slot"": ""value"", ""status"": ""SOURCE"", ""value"": 116.31}, {""required"": true, ""slot"": ""unit"", ""status"": ""SOURCE"", ""value"": ""지수(2020년=100)""}, {""required"": true, ""slot"": ""time"", ""status"": ""SOURCE"", ""value"": ""2025년 6월""}, {""required"": false, ""slot"": ""frequency"", ""status"": ""SOURCE"", ""value"": ""월""}, {""required"": false, ""slot"": ""region"", ""status"": ""SOURCE"", ""value"": ""대한민국""}, {""required"": false, ""slot"": ""population"", ""status"": ""NOT_APPLICABLE"", ""value"": null}, {""required"": false, ""slot"": ""dimension"", ""status"": ""CONTEXT"", ""value"": {""기준연도"": ""2020=100""}}, {""required"": false, ""slot"": ""comparison"", ""status"": ""CONTEXT"", ""value"": {""rate"": ""2.2%"", ""reference_period"": ""2024-06"", ""type"": ""YEAR_OVER_YEAR""}}, {""required"": true, ""slot"": ""calculation"", ""status"": ""CONTEXT"", ""value"": ""DIRECT_VALUE""}, {""required"": false, ""slot"": ""condition"", ""status"": ""SOURCE"", ""value"": {""direction"": ""INCREASE""}}, {""required"": false, ""slot"": ""source_hint"", ""status"": ""CONTEXT"", ""value"": ""통계청, 6월 소비자 물가 동향""}], ""reason_codes"": []}","[{""attempt"": 1, ""child_claim_id"": ""claim_702acab8e660d451"", ""code_version"": ""admission-recovery-v3"", ""data_version"": ""claim-schema-v1"", ""finished_at"": ""2026-08-26T02:00:06.916580+00:00"", ""input_hash"": ""ad0ef7b820d9d275eca70f25a7287629c65449c25e8d5ee0d45be3db27431532"", ""output_ref"": ""claim_702acab8e660d451"", ""parent_claim_id"": ""A02375_3"", ""reason_code"": null, ""stage"": ""CLAIM_SPLIT"", ""started_at"": ""2026-08-26T02:00:06.916580+00:00"", ""status"": ""PASS""}, {""attempt"": 1, ""child_claim_id"": ""claim_702acab8e660d451"", ""code_version"": ""admission-recovery-v3"", ""data_version"": ""claim-schema-v1"", ""finished_at"": ""2026-08-26T02:00:06.916580+00:00"", ""input_hash"": ""ad0ef7b820d9d275eca70f25a7287629c65449c25e8d5ee0d45be3db27431532"", ""output_ref"": ""claim_702acab8e660d451"", ""parent_claim_id"": ""A02375_3"", ""reason_code"": ""TARGET_VALUE_NOT_IN_SOURCE_SENTENCE"", ""stage"": ""CLAIM_PARSE"", ""started_at"": ""2026-08-26T02:00:06.916580+00:00"", ""status"": ""HUMAN_REVIEW""}]"
A02385_19,1,claim_3435ff4255fbe8da,claim_125cab3fadaf7307,6.9%,◇대통령 ”라면 2000원” 발언에도 치솟은 물가 또 다른 불황형 소비 품목인 라면도 지난달 6.9% 올랐다.,라면 가격,6.9,%,지난달,,,,"{""product"": ""라면""}",null,GROWTH_RATE,"{""direction"": ""INCREASE""}",,HOLD,"증가율 6.9%와 대상 품목은 명확하지만, 비교 기준(전년 동월·전월 등)이 문장에 명시되지 않아 성장률의 comparison.type을 확정할 수 없음",MULTI_CLAIM_SPLIT,STRUCTURAL_HOLD,HUMAN_REVIEW,"증가율 6.9%와 대상 품목은 명확하지만, 비교 기준(전년 동월·전월 등)이 문장에 명시되지 않아 성장률의 comparison.type을 확정할 수 없음",,N,,,,N,,0,0,null,[],[],"{""eligible_for_official_search"": false, ""entries"": [{""required"": true, ""slot"": ""indicator"", ""status"": ""SOURCE"", ""value"": ""라면 가격""}, {""required"": true, ""slot"": ""value"", ""status"": ""SOURCE"", ""value"": 6.9}, {""required"": true, ""slot"": ""unit"", ""status"": ""SOURCE"", ""value"": ""%""}, {""required"": true, ""slot"": ""time"", ""status"": ""SOURCE"", ""value"": ""지난달""}, {""required"": false, ""slot"": ""frequency"", ""status"": ""NOT_APPLICABLE"", ""value"": null}, {""required"": false, ""slot"": ""region"", ""status"": ""NOT_APPLICABLE"", ""value"": null}, {""required"": false, ""slot"": ""population"", ""status"": ""NOT_APPLICABLE"", ""value"": null}, {""required"": false, ""slot"": ""dimension"", ""status"": ""SOURCE"", ""value"": {""product"": ""라면""}}, {""required"": true, ""slot"": ""comparison"", ""status"": ""MISSING"", ""value"": null}, {""required"": true, ""slot"": ""calculation"", ""status"": ""SOURCE"", ""value"": ""GROWTH_RATE""}, {""required"": true, ""slot"": ""condition"", ""status"": ""SOURCE"", ""value"": {""direction"": ""INCREASE""}}, {""required"": false, ""slot"": ""source_hint"", ""status"": ""NOT_APPLICABLE"", ""value"": null}], ""reason_codes"": [""MISSING_REQUIRED_SLOTS:comparison""]}","[{""attempt"": 1, ""child_claim_id"": ""claim_125cab3fadaf7307"", ""code_version"": ""admission-recovery-v3"", ""data_version"": ""claim-schema-v1"", ""finished_at"": ""2026-08-26T02:00:16.055365+00:00"", ""input_hash"": ""f1fd5ae831389bdb1816b60dc05c980c2f97f3a79d43284fe5da0ef2c85a6e73"", ""output_ref"": ""claim_125cab3fadaf7307"", ""parent_claim_id"": ""A02385_19"", ""reason_code"": null, ""stage"": ""CLAIM_SPLIT"", ""started_at"": ""2026-08-26T02:00:16.055365+00:00"", ""status"": ""PASS""}, {""attempt"": 1, ""child_claim_id"": ""claim_125cab3fadaf7307"", ""code_version"": ""admission-recovery-v3"", ""data_version"": ""claim-schema-v1"", ""finished_at"": ""2026-08-26T02:00:16.055365+00:00"", ""input_hash"": ""f1fd5ae831389bdb1816b60dc05c980c2f97f3a79d43284fe5da0ef2c85a6e73"", ""output_ref"": ""claim_125cab3fadaf7307"", ""parent_claim_id"": ""A02385_19"", ""reason_code"": ""증가율 6.9%와 대상 품목은 명확하지만, 비교 기준(전년 동월·전월 등)이 문장에 명시되지 않아 성장률의 comparison.type을 확정할 수 없음"", ""stage"": ""CLAIM_PARSE"", ""started_at"": ""2026-08-26T02:00:16.055365+00:00"", ""status"": ""HUMAN_REVIEW""}]"
A02385_25,1,claim_accf2f7d9058e976,claim_038c05811fc04e09,20.4%,"통계청이 집계하는 가공식품 품목 73개 가운데 라면과 초콜릿(20.4%), 고추장(14.2%), 김치(14.2%), 빵(6.4%) 등 62개 가격이 올라 지난달 가공식품 물가는 4.6%나 뛰었다.",가공식품 가격,20.4,%,2025년 6월,월,대한민국,,"{""product"": ""라면과 초콜릿""}",null,DIRECT_VALUE,null,통계청,AUTO_OK,,MULTI_CLAIM_SPLIT,KOSIS_PIPELINE_ELIGIBLE,HOLD,NO_HARD_GUARD_CANDIDATE,,N,UNDETERMINED,HOLD,NO_HARD_GUARD_CANDIDATE,N,,0,0,"{""canonical_name"": ""가공식품 가격"", ""concept_id"": ""OBSERVED:c1ef568f975eb3c5"", ""kosis_search_terms"": [""가공식품 가격""], ""matched_alias"": ""가공식품 가격"", ""standard_key"": ""observed_indicator_c1ef568f975eb3c5"", ""status"": ""MATCHED""}",[],[],"{""eligible_for_official_search"": true, ""entries"": [{""required"": true, ""slot"": ""indicator"", ""status"": ""CONTEXT"", ""value"": ""가공식품 가격""}, {""required"": true, ""slot"": ""value"", ""status"": ""SOURCE"", ""value"": 20.4}, {""required"": true, ""slot"": ""unit"", ""status"": ""SOURCE"", ""value"": ""%""}, {""required"": true, ""slot"": ""time"", ""status"": ""CONTEXT"", ""value"": ""2025년 6월""}, {""required"": false, ""slot"": ""frequency"", ""status"": ""CONTEXT"", ""value"": ""월""}, {""required"": false, ""slot"": ""region"", ""status"": ""CONTEXT"", ""value"": ""대한민국""}, {""required"": false, ""slot"": ""population"", ""status"": ""NOT_APPLICABLE"", ""value"": null}, {""required"": false, ""slot"": ""dimension"", ""status"": ""CONTEXT"", ""value"": {""product"": ""라면과 초콜릿""}}, {""required"": false, ""slot"": ""comparison"", ""status"": ""NOT_APPLICABLE"", ""value"": null}, {""required"": true, ""slot"": ""calculation"", ""status"": ""CONTEXT"", ""value"": ""DIRECT_VALUE""}, {""required"": false, ""slot"": ""condition"", ""status"": ""NOT_APPLICABLE"", ""value"": null}, {""required"": false, ""slot"": ""source_hint"", ""status"": ""SOURCE"", ""value"": ""통계청""}], ""reason_codes"": []}","[{""attempt"": 1, ""child_claim_id"": ""claim_038c05811fc04e09"", ""code_version"": ""admission-recovery-v3"", ""data_version"": ""claim-schema-v1"", ""finished_at"": ""2026-08-26T02:01:15.553112+00:00"", ""input_hash"": ""c33c4650d3a6784db206556b187dc9d06bdb55affb8182edc6ba4a7d50562d4a"", ""output_ref"": ""claim_038c05811fc04e09"", ""parent_claim_id"": ""A02385_25"", ""reason_code"": null, ""stage"": ""CLAIM_SPLIT"", ""started_at"": ""2026-08-26T02:01:15.553112+00:00"", ""status"": ""PASS""}, {""attempt"": 1, ""child_claim_id"": ""claim_038c05811fc04e09"", ""code_version"": ""admission-recovery-v3"", ""data_version"": ""claim-schema-v1"", ""finished_at"": ""2026-08-26T02:01:15.553112+00:00"", ""input_hash"": ""c33c4650d3a6784db206556b187dc9d06bdb55affb8182edc6ba4a7d50562d4a"", ""output_ref"": ""claim_038c05811fc04e09"", ""parent_claim_id"": ""A02385_25"", ""reason_code"": null, ""stage"": ""CLAIM_PARSE"", ""started_at"": ""2026-08-26T02:01:15.553112+00:00"", ""status"": ""PASS""}]"
A02385_25,2,claim_1bac61eceba97acf,claim_afab39901c4dfaca,14.2%,"통계청이 집계하는 가공식품 품목 73개 가운데 라면과 초콜릿(20.4%), 고추장(14.2%), 김치(14.2%), 빵(6.4%) 등 62개 가격이 올라 지난달 가공식품 물가는 4.6%나 뛰었다.",가격,14.2,%,지난달,,대한민국,통계청이 집계하는 가공식품 품목,"{""item"": ""고추장""}",null,GROWTH_RATE,"{""direction"": ""INCREASE""}",통계청,HOLD,"목표 수치 14.2%는 고추장 가격 상승률로 보이지만, 기사 문장에 상승 비교 기준(전월·전년 등)이 명시되지 않았고 여러 품목별 상승률과 전체 가공식품 물가 상승률이 함께 제시되어 독립 검증 단위가 모호함.",MULTI_CLAIM_SPLIT,STRUCTURAL_HOLD,HUMAN_REVIEW,"목표 수치 14.2%는 고추장 가격 상승률로 보이지만, 기사 문장에 상승 비교 기준(전월·전년 등)이 명시되지 않았고 여러 품목별 상승률과 전체 가공식품 물가 상승률이 함께 제시되어 독립 검증 단위가 모호함.",,N,,,,N,,0,0,null,[],[],"{""eligible_for_official_search"": false, ""entries"": [{""required"": true, ""slot"": ""indicator"", ""status"": ""SOURCE"", ""value"": ""가격""}, {""required"": true, ""slot"": ""value"", ""status"": ""SOURCE"", ""value"": 14.2}, {""required"": true, ""slot"": ""unit"", ""status"": ""SOURCE"", ""value"": ""%""}, {""required"": true, ""slot"": ""time"", ""status"": ""SOURCE"", ""value"": ""지난달""}, {""required"": false, ""slot"": ""frequency"", ""status"": ""NOT_APPLICABLE"", ""value"": null}, {""required"": false, ""slot"": ""region"", ""status"": ""SOURCE"", ""value"": ""대한민국""}, {""required"": false, ""slot"": ""population"", ""status"": ""SOURCE"", ""value"": ""통계청이 집계하는 가공식품 품목""}, {""required"": false, ""slot"": ""dimension"", ""status"": ""SOURCE"", ""value"": {""item"": ""고추장""}}, {""required"": true, ""slot"": ""comparison"", ""status"": ""MISSING"", ""value"": null}, {""required"": true, ""slot"": ""calculation"", ""status"": ""SOURCE"", ""value"": ""GROWTH_RATE""}, {""required"": true, ""slot"": ""condition"", ""status"": ""SOURCE"", ""value"": {""direction"": ""INCREASE""}}, {""required"": false, ""slot"": ""source_hint"", ""status"": ""SOURCE"", ""value"": ""통계청""}], ""reason_codes"": [""MISSING_REQUIRED_SLOTS:comparison""]}","[{""attempt"": 1, ""child_claim_id"": ""claim_afab39901c4dfaca"", ""code_version"": ""admission-recovery-v3"", ""data_version"": ""claim-schema-v1"", ""finished_at"": ""2026-08-26T02:01:15.554105+00:00"", ""input_hash"": ""c33c4650d3a6784db206556b187dc9d06bdb55affb8182edc6ba4a7d50562d4a"", ""output_ref"": ""claim_afab39901c4dfaca"", ""parent_claim_id"": ""A02385_25"", ""reason_code"": null, ""stage"": ""CLAIM_SPLIT"", ""started_at"": ""2026-08-26T02:01:15.554105+00:00"", ""status"": ""PASS""}, {""attempt"": 1, ""child_claim_id"": ""claim_afab39901c4dfaca"", ""code_version"": ""admission-recovery-v3"", ""data_version"": ""claim-schema-v1"", ""finished_at"": ""2026-08-26T02:01:15.554105+00:00"", ""input_hash"": ""c33c4650d3a6784db206556b187dc9d06bdb55affb8182edc6ba4a7d50562d4a"", ""output_ref"": ""claim_afab39901c4dfaca"", ""parent_claim_id"": ""A02385_25"", ""reason_code"": ""목표 수치 14.2%는 고추장 가격 상승률로 보이지만, 기사 문장에 상승 비교 기준(전월·전년 등)이 명시되지 않았고 여러 품목별 상승률과 전체 가공식품 물가 상승률이 함께 제시되어 독립 검증 단위가 모호함."", ""stage"": ""CLAIM_PARSE"", ""started_at"": ""2026-08-26T02:01:15.554105+00:00"", ""status"": ""HUMAN_REVIEW""}]"
A02385_25,3,claim_3124ebc0448cce54,claim_afab39901c4dfaca,14.2%,"통계청이 집계하는 가공식품 품목 73개 가운데 라면과 초콜릿(20.4%), 고추장(14.2%), 김치(14.2%), 빵(6.4%) 등 62개 가격이 올라 지난달 가공식품 물가는 4.6%나 뛰었다.",가공식품 품목 가격,14.2,%,지난달,월간,,통계청이 집계하는 가공식품 품목,"{""item"": ""고추장; 김치""}",null,GROWTH_RATE,null,통계청 집계,HOLD,"목표 수치 14.2%가 고추장과 김치라는 두 독립 품목에 동시에 제시되어 단일 품목 주장으로 확정할 수 없고, 증감 비교 기준도 문장에 명시되지 않음",MULTI_CLAIM_SPLIT,STRUCTURAL_HOLD,HUMAN_REVIEW,"목표 수치 14.2%가 고추장과 김치라는 두 독립 품목에 동시에 제시되어 단일 품목 주장으로 확정할 수 없고, 증감 비교 기준도 문장에 명시되지 않음",,N,,,,N,,0,0,null,[],[],"{""eligible_for_official_search"": false, ""entries"": [{""required"": true, ""slot"": ""indicator"", ""status"": ""SOURCE"", ""value"": ""가공식품 품목 가격""}, {""required"": true, ""slot"": ""value"", ""status"": ""SOURCE"", ""value"": 14.2}, {""required"": true, ""slot"": ""unit"", ""status"": ""SOURCE"", ""value"": ""%""}, {""required"": true, ""slot"": ""time"", ""status"": ""SOURCE"", ""value"": ""지난달""}, {""required"": false, ""slot"": ""frequency"", ""status"": ""SOURCE"", ""value"": ""월간""}, {""required"": false, ""slot"": ""region"", ""status"": ""NOT_APPLICABLE"", ""value"": null}, {""required"": false, ""slot"": ""population"", ""status"": ""SOURCE"", ""value"": ""통계청이 집계하는 가공식품 품목""}, {""required"": false, ""slot"": ""dimension"", ""status"": ""SOURCE"", ""value"": {""item"": ""고추장; 김치""}}, {""required"": true, ""slot"": ""comparison"", ""status"": ""MISSING"", ""value"": null}, {""required"": true, ""slot"": ""calculation"", ""status"": ""SOURCE"", ""value"": ""GROWTH_RATE""}, {""required"": true, ""slot"": ""condition"", ""status"": ""MISSING"", ""value"": null}, {""required"": false, ""slot"": ""source_hint"", ""status"": ""SOURCE"", ""value"": ""통계청 집계""}], ""reason_codes"": [""MISSING_REQUIRED_SLOTS:comparison,condition""]}","[{""attempt"": 1, ""child_claim_id"": ""claim_afab39901c4dfaca"", ""code_version"": ""admission-recovery-v3"", ""data_version"": ""claim-schema-v1"", ""finished_at"": ""2026-08-26T02:01:15.554105+00:00"", ""input_hash"": ""c33c4650d3a6784db206556b187dc9d06bdb55affb8182edc6ba4a7d50562d4a"", ""output_ref"": ""claim_afab39901c4dfaca"", ""parent_claim_id"": ""A02385_25"", ""reason_code"": null, ""stage"": ""CLAIM_SPLIT"", ""started_at"": ""2026-08-26T02:01:15.554105+00:00"", ""status"": ""PASS""}, {""attempt"": 1, ""child_claim_id"": ""claim_afab39901c4dfaca"", ""code_version"": ""admission-recovery-v3"", ""data_version"": ""claim-schema-v1"", ""finished_at"": ""2026-08-26T02:01:15.554105+00:00"", ""input_hash"": ""c33c4650d3a6784db206556b187dc9d06bdb55affb8182edc6ba4a7d50562d4a"", ""output_ref"": ""claim_afab39901c4dfaca"", ""parent_claim_id"": ""A02385_25"", ""reason_code"": ""목표 수치 14.2%가 고추장과 김치라는 두 독립 품목에 동시에 제시되어 단일 품목 주장으로 확정할 수 없고, 증감 비교 기준도 문장에 명시되지 않음"", ""stage"": ""CLAIM_PARSE"", ""started_at"": ""2026-08-26T02:01:15.554105+00:00"", ""status"": ""HUMAN_REVIEW""}]"
A02385_25,4,claim_fea6ce29b2dad792,claim_2597ab6ee7e8ea8a,6.4%,"통계청이 집계하는 가공식품 품목 73개 가운데 라면과 초콜릿(20.4%), 고추장(14.2%), 김치(14.2%), 빵(6.4%) 등 62개 가격이 올라 지난달 가공식품 물가는 4.6%나 뛰었다.",가공식품 중 빵 가격 변동률,6.4,%,지난달,,대한민국,,"{""product"": ""빵""}",null,,null,통계청,HOLD,"중심 수치인 빵 6.4%와 전체 가공식품 물가 4.6%, 다른 품목별 수치가 한 문장에 함께 제시되어 있고, 6.4%의 비교 기준과 증감 방향이 직접 명확하지 않음",MULTI_CLAIM_SPLIT,STRUCTURAL_HOLD,HUMAN_REVIEW,"중심 수치인 빵 6.4%와 전체 가공식품 물가 4.6%, 다른 품목별 수치가 한 문장에 함께 제시되어 있고, 6.4%의 비교 기준과 증감 방향이 직접 명확하지 않음",,N,,,,N,,0,0,null,[],[],"{""eligible_for_official_search"": false, ""entries"": [{""required"": true, ""slot"": ""indicator"", ""status"": ""SOURCE"", ""value"": ""가공식품 중 빵 가격 변동률""}, {""required"": true, ""slot"": ""value"", ""status"": ""SOURCE"", ""value"": 6.4}, {""required"": true, ""slot"": ""unit"", ""status"": ""SOURCE"", ""value"": ""%""}, {""required"": true, ""slot"": ""time"", ""status"": ""SOURCE"", ""value"": ""지난달""}, {""required"": false, ""slot"": ""frequency"", ""status"": ""NOT_APPLICABLE"", ""value"": null}, {""required"": false, ""slot"": ""region"", ""status"": ""SOURCE"", ""value"": ""대한민국""}, {""required"": false, ""slot"": ""population"", ""status"": ""NOT_APPLICABLE"", ""value"": null}, {""required"": false, ""slot"": ""dimension"", ""status"": ""SOURCE"", ""value"": {""product"": ""빵""}}, {""required"": false, ""slot"": ""comparison"", ""status"": ""NOT_APPLICABLE"", ""value"": null}, {""required"": true, ""slot"": ""calculation"", ""status"": ""MISSING"", ""value"": null}, {""required"": false, ""slot"": ""condition"", ""status"": ""NOT_APPLICABLE"", ""value"": null}, {""required"": false, ""slot"": ""source_hint"", ""status"": ""SOURCE"", ""value"": ""통계청""}], ""reason_codes"": [""MISSING_REQUIRED_SLOTS:calculation""]}","[{""attempt"": 1, ""child_claim_id"": ""claim_2597ab6ee7e8ea8a"", ""code_version"": ""admission-recovery-v3"", ""data_version"": ""claim-schema-v1"", ""finished_at"": ""2026-08-26T02:01:15.554105+00:00"", ""input_hash"": ""c33c4650d3a6784db206556b187dc9d06bdb55affb8182edc6ba4a7d50562d4a"", ""output_ref"": ""claim_2597ab6ee7e8ea8a"", ""parent_claim_id"": ""A02385_25"", ""reason_code"": null, ""stage"": ""CLAIM_SPLIT"", ""started_at"": ""2026-08-26T02:01:15.554105+00:00"", ""status"": ""PASS""}, {""attempt"": 1, ""child_claim_id"": ""claim_2597ab6ee7e8ea8a"", ""code_version"": ""admission-recovery-v3"", ""data_version"": ""claim-schema-v1"", ""finished_at"": ""2026-08-26T02:01:15.554105+00:00"", ""input_hash"": ""c33c4650d3a6784db206556b187dc9d06bdb55affb8182edc6ba4a7d50562d4a"", ""output_ref"": ""claim_2597ab6ee7e8ea8a"", ""parent_claim_id"": ""A02385_25"", ""reason_code"": ""중심 수치인 빵 6.4%와 전체 가공식품 물가 4.6%, 다른 품목별 수치가 한 문장에 함께 제시되어 있고, 6.4%의 비교 기준과 증감 방향이 직접 명확하지 않음"", ""stage"": ""CLAIM_PARSE"", ""started_at"": ""2026-08-26T02:01:15.554105+00:00"", ""status"": ""HUMAN_REVIEW""}]"
A02385_25,5,claim_06b0d681a388327e,claim_dce09bdd40438fe0,4.6%,"통계청이 집계하는 가공식품 품목 73개 가운데 라면과 초콜릿(20.4%), 고추장(14.2%), 김치(14.2%), 빵(6.4%) 등 62개 가격이 올라 지난달 가공식품 물가는 4.6%나 뛰었다.",가공식품 물가,4.6,%,지난달,월간,대한민국,,null,null,,null,통계청,HOLD,"4.6% 상승의 비교 기준(전년 동월, 전월 등)이 본문에 명시되지 않아 성장률 유형을 확정할 수 없음",MULTI_CLAIM_SPLIT,CONTEXT_REQUIRED,HUMAN_REVIEW,"4.6% 상승의 비교 기준(전년 동월, 전월 등)이 본문에 명시되지 않아 성장률 유형을 확정할 수 없음",,N,,,,N,,0,0,null,[],[],"{""eligible_for_official_search"": false, ""entries"": [{""required"": true, ""slot"": ""indicator"", ""status"": ""SOURCE"", ""value"": ""가공식품 물가""}, {""required"": true, ""slot"": ""value"", ""status"": ""SOURCE"", ""value"": 4.6}, {""required"": true, ""slot"": ""unit"", ""status"": ""SOURCE"", ""value"": ""%""}, {""required"": true, ""slot"": ""time"", ""status"": ""SOURCE"", ""value"": ""지난달""}, {""required"": false, ""slot"": ""frequency"", ""status"": ""CONTEXT"", ""value"": ""월간""}, {""required"": false, ""slot"": ""region"", ""status"": ""SOURCE"", ""value"": ""대한민국""}, {""required"": false, ""slot"": ""population"", ""status"": ""NOT_APPLICABLE"", ""value"": null}, {""required"": false, ""slot"": ""dimension"", ""status"": ""NOT_APPLICABLE"", ""value"": null}, {""required"": false, ""slot"": ""comparison"", ""status"": ""NOT_APPLICABLE"", ""value"": null}, {""required"": true, ""slot"": ""calculation"", ""status"": ""MISSING"", ""value"": null}, {""required"": false, ""slot"": ""condition"", ""status"": ""NOT_APPLICABLE"", ""value"": null}, {""required"": false, ""slot"": ""source_hint"", ""status"": ""SOURCE"", ""value"": ""통계청""}], ""reason_codes"": [""MISSING_REQUIRED_SLOTS:calculation""]}","[{""attempt"": 1, ""child_claim_id"": ""claim_dce09bdd40438fe0"", ""code_version"": ""admission-recovery-v3"", ""data_version"": ""claim-schema-v1"", ""finished_at"": ""2026-08-26T02:01:15.554105+00:00"", ""input_hash"": ""c33c4650d3a6784db206556b187dc9d06bdb55affb8182edc6ba4a7d50562d4a"", ""output_ref"": ""claim_dce09bdd40438fe0"", ""parent_claim_id"": ""A02385_25"", ""reason_code"": null, ""stage"": ""CLAIM_SPLIT"", ""started_at"": ""2026-08-26T02:01:15.554105+00:00"", ""status"": ""PASS""}, {""attempt"": 1, ""child_claim_id"": ""claim_dce09bdd40438fe0"", ""code_version"": ""admission-recovery-v3"", ""data_version"": ""claim-schema-v1"", ""finished_at"": ""2026-08-26T02:01:15.554105+00:00"", ""input_hash"": ""c33c4650d3a6784db206556b187dc9d06bdb55affb8182edc6ba4a7d50562d4a"", ""output_ref"": ""claim_dce09bdd40438fe0"", ""parent_claim_id"": ""A02385_25"", ""reason_code"": ""4.6% 상승의 비교 기준(전년 동월, 전월 등)이 본문에 명시되지 않아 성장률 유형을 확정할 수 없음"", ""stage"": ""CLAIM_PARSE"", ""started_at"": ""2026-08-26T02:01:15.554105+00:00"", ""status"": ""HUMAN_REVIEW""}]"
A02421_1,1,claim_8cae8d34eacd941c,claim_74d928b87b3d88dc,6550만달러,농림축산식품부는 6일 올해 상반기 아이스크림 수출액이 6550만달러(894억원)를 기록했다고 밝혔다.,수출액,6550.0,만달러,2025년 상반기,반기,대한민국,,"{""품목"": ""아이스크림""}",null,DIRECT_VALUE,null,농림축산식품부,AUTO_OK,,MULTI_CLAIM_SPLIT,KOSIS_PIPELINE_ELIGIBLE,HOLD,NO_HARD_GUARD_CANDIDATE,,N,UNDETERMINED,HOLD,NO_HARD_GUARD_CANDIDATE,N,,0,0,"{""canonical_name"": ""수출액"", ""concept_id"": ""C000003"", ""kosis_search_terms"": [""수출입총괄"", ""국가별 수출액 수입액"", ""수출금액""], ""matched_alias"": ""수출액"", ""standard_key"": ""export_value"", ""status"": ""MATCHED""}",[],[],"{""eligible_for_official_search"": true, ""entries"": [{""required"": true, ""slot"": ""indicator"", ""status"": ""SOURCE"", ""value"": ""수출액""}, {""required"": true, ""slot"": ""value"", ""status"": ""SOURCE"", ""value"": 6550.0}, {""required"": true, ""slot"": ""unit"", ""status"": ""SOURCE"", ""value"": ""만달러""}, {""required"": true, ""slot"": ""time"", ""status"": ""SOURCE"", ""value"": ""2025년 상반기""}, {""required"": false, ""slot"": ""frequency"", ""status"": ""SOURCE"", ""value"": ""반기""}, {""required"": false, ""slot"": ""region"", ""status"": ""SOURCE"", ""value"": ""대한민국""}, {""required"": false, ""slot"": ""population"", ""status"": ""NOT_APPLICABLE"", ""value"": null}, {""required"": false, ""slot"": ""dimension"", ""status"": ""SOURCE"", ""value"": {""품목"": ""아이스크림""}}, {""required"": false, ""slot"": ""comparison"", ""status"": ""NOT_APPLICABLE"", ""value"": null}, {""required"": true, ""slot"": ""calculation"", ""status"": ""SOURCE"", ""value"": ""DIRECT_VALUE""}, {""required"": false, ""slot"": ""condition"", ""status"": ""NOT_APPLICABLE"", ""value"": null}, {""required"": false, ""slot"": ""source_hint"", ""status"": ""SOURCE"", ""value"": ""농림축산식품부""}], ""reason_codes"": []}","[{""attempt"": 1, ""child_claim_id"": ""claim_74d928b87b3d88dc"", ""code_version"": ""admission-recovery-v3"", ""data_version"": ""claim-schema-v1"", ""finished_at"": ""2026-08-26T02:02:07.868523+00:00"", ""input_hash"": ""6fb952f9863d6475c50cc45f10f5ef39bc5daa890ddc27b38c6df848d54edc1c"", ""output_ref"": ""claim_74d928b87b3d88dc"", ""parent_claim_id"": ""A02421_1"", ""reason_code"": null, ""stage"": ""CLAIM_SPLIT"", ""started_at"": ""2026-08-26T02:02:07.868523+00:00"", ""status"": ""PASS""}, {""attempt"": 1, ""child_claim_id"": ""claim_74d928b87b3d88dc"", ""code_version"": ""admission-recovery-v3"", ""data_version"": ""claim-schema-v1"", ""finished_at"": ""2026-08-26T02:02:07.868523+00:00"", ""input_hash"": ""6fb952f9863d6475c50cc45f10f5ef39bc5daa890ddc27b38c6df848d54edc1c"", ""output_ref"": ""claim_74d928b87b3d88dc"", ""parent_claim_id"": ""A02421_1"", ""reason_code"": null, ""stage"": ""CLAIM_PARSE"", ""started_at"": ""2026-08-26T02:02:07.868523+00:00"", ""status"": ""PASS""}]"
A02421_4,1,claim_052eec638c4dabea,claim_05c9911a91660aa9,9150만달러,작년 연간 아이스크림 수출액은 9150만달러로 1억달러에 근접했다.,아이스크림 수출액,91500000.0,USD,2024년,년,,,"{""product"": ""아이스크림""}","{""reference_value"": ""100000000"", ""relation"": ""NEAR""}",DIRECT_VALUE,null,,AUTO_OK,,MULTI_CLAIM_SPLIT,KOSIS_PIPELINE_ELIGIBLE,HOLD,NO_EVIDENCE_COORDINATE_CANDIDATE,,N,UNDETERMINED,HOLD,NO_EVIDENCE_COORDINATE_CANDIDATE,N,,0,0,"{""canonical_name"": ""아이스크림 수출액"", ""concept_id"": ""OBSERVED:90e333392adfe664"", ""kosis_search_terms"": [""아이스크림 수출액""], ""matched_alias"": ""아이스크림 수출액"", ""standard_key"": ""observed_indicator_90e333392adfe664"", ""status"": ""MATCHED""}",[],[],"{""eligible_for_official_search"": true, ""entries"": [{""required"": true, ""slot"": ""indicator"", ""status"": ""SOURCE"", ""value"": ""아이스크림 수출액""}, {""required"": true, ""slot"": ""value"", ""status"": ""SOURCE"", ""value"": 91500000.0}, {""required"": true, ""slot"": ""unit"", ""status"": ""SOURCE"", ""value"": ""USD""}, {""required"": true, ""slot"": ""time"", ""status"": ""SOURCE"", ""value"": ""2024년""}, {""required"": false, ""slot"": ""frequency"", ""status"": ""SOURCE"", ""value"": ""년""}, {""required"": false, ""slot"": ""region"", ""status"": ""NOT_APPLICABLE"", ""value"": null}, {""required"": false, ""slot"": ""population"", ""status"": ""NOT_APPLICABLE"", ""value"": null}, {""required"": false, ""slot"": ""dimension"", ""status"": ""SOURCE"", ""value"": {""product"": ""아이스크림""}}, {""required"": false, ""slot"": ""comparison"", ""status"": ""SOURCE"", ""value"": {""reference_value"": ""100000000"", ""relation"": ""NEAR""}}, {""required"": true, ""slot"": ""calculation"", ""status"": ""SOURCE"", ""value"": ""DIRECT_VALUE""}, {""required"": false, ""slot"": ""condition"", ""status"": ""NOT_APPLICABLE"", ""value"": null}, {""required"": false, ""slot"": ""source_hint"", ""status"": ""NOT_APPLICABLE"", ""value"": null}], ""reason_codes"": []}","[{""attempt"": 1, ""child_claim_id"": ""claim_05c9911a91660aa9"", ""code_version"": ""admission-recovery-v3"", ""data_version"": ""claim-schema-v1"", ""finished_at"": ""2026-08-26T02:02:17.207136+00:00"", ""input_hash"": ""dcb68991a0e68a17734d18787d03f6516b1cf5ac8eff30d7b039327d70e24793"", ""output_ref"": ""claim_05c9911a91660aa9"", ""parent_claim_id"": ""A02421_4"", ""reason_code"": null, ""stage"": ""CLAIM_SPLIT"", ""started_at"": ""2026-08-26T02:02:17.207136+00:00"", ""status"": ""PASS""}, {""attempt"": 1, ""child_claim_id"": ""claim_05c9911a91660aa9"", ""code_version"": ""admission-recovery-v3"", ""data_version"": ""claim-schema-v1"", ""finished_at"": ""2026-08-26T02:02:17.207136+00:00"", ""input_hash"": ""dcb68991a0e68a17734d18787d03f6516b1cf5ac8eff30d7b039327d70e24793"", ""output_ref"": ""claim_05c9911a91660aa9"", ""parent_claim_id"": ""A02421_4"", ""reason_code"": null, ""stage"": ""CLAIM_PARSE"", ""started_at"": ""2026-08-26T02:02:17.207136+00:00"", ""status"": ""PASS""}]"
A02558_21,1,claim_2d1e921e3ec4a6fc,claim_7e1423463acdf322,39만6000명,지난달 비경제활동인구 중 활동 상태를 ‘쉬었음’이라고 응답한 20대는 39만6000명으로 전년 동월 대비 2000명 늘었다.,비경제활동인구 중 활동 상태가 ‘쉬었음’인 인구,396000.0,명,2025년 6월,월,,비경제활동인구,"{""연령"": ""20대"", ""활동 상태"": ""쉬었음""}","{""change_unit"": ""명"", ""change_value"": ""2000"", ""reference_period"": ""전년 동월"", ""type"": ""YEAR_OVER_YEAR""}",DIRECT_VALUE,"{""direction"": ""INCREASE""}",,AUTO_OK,20대 비경제활동인구 중 ‘쉬었음’ 응답자의 지난달 규모와 전년 동월 대비 증가폭이 하나의 명확한 수치 주장으로 제시됨,MULTI_CLAIM_SPLIT,KOSIS_PIPELINE_ELIGIBLE,HOLD,NO_HARD_GUARD_CANDIDATE,,N,UNDETERMINED,HOLD,NO_HARD_GUARD_CANDIDATE,N,,0,0,"{""canonical_name"": ""비경제활동인구 중 활동 상태가 ‘쉬었음’인 인구"", ""concept_id"": ""OBSERVED:e5b933607f1d8076"", ""kosis_search_terms"": [""비경제활동인구 중 활동 상태가 ‘쉬었음’인 인구""], ""matched_alias"": ""비경제활동인구 중 활동 상태가 ‘쉬었음’인 인구"", ""standard_key"": ""observed_indicator_e5b933607f1d8076"", ""status"": ""MATCHED""}",[],[],"{""eligible_for_official_search"": true, ""entries"": [{""required"": true, ""slot"": ""indicator"", ""status"": ""SOURCE"", ""value"": ""비경제활동인구 중 활동 상태가 ‘쉬었음’인 인구""}, {""required"": true, ""slot"": ""value"", ""status"": ""SOURCE"", ""value"": 396000.0}, {""required"": true, ""slot"": ""unit"", ""status"": ""SOURCE"", ""value"": ""명""}, {""required"": true, ""slot"": ""time"", ""status"": ""SOURCE"", ""value"": ""2025년 6월""}, {""required"": false, ""slot"": ""frequency"", ""status"": ""SOURCE"", ""value"": ""월""}, {""required"": false, ""slot"": ""region"", ""status"": ""NOT_APPLICABLE"", ""value"": null}, {""required"": false, ""slot"": ""population"", ""status"": ""SOURCE"", ""value"": ""비경제활동인구""}, {""required"": false, ""slot"": ""dimension"", ""status"": ""SOURCE"", ""value"": {""연령"": ""20대"", ""활동 상태"": ""쉬었음""}}, {""required"": false, ""slot"": ""comparison"", ""status"": ""SOURCE"", ""value"": {""change_unit"": ""명"", ""change_value"": ""2000"", ""reference_period"": ""전년 동월"", ""type"": ""YEAR_OVER_YEAR""}}, {""required"": true, ""slot"": ""calculation"", ""status"": ""SOURCE"", ""value"": ""DIRECT_VALUE""}, {""required"": false, ""slot"": ""condition"", ""status"": ""SOURCE"", ""value"": {""direction"": ""INCREASE""}}, {""required"": false, ""slot"": ""source_hint"", ""status"": ""NOT_APPLICABLE"", ""value"": null}], ""reason_codes"": []}","[{""attempt"": 1, ""child_claim_id"": ""claim_7e1423463acdf322"", ""code_version"": ""admission-recovery-v3"", ""data_version"": ""claim-schema-v1"", ""finished_at"": ""2026-08-26T02:02:26.518617+00:00"", ""input_hash"": ""177ee743c2180b6f9166a529d01a4eedc2e0610389f47a2e0e9145fe723020db"", ""output_ref"": ""claim_7e1423463acdf322"", ""parent_claim_id"": ""A02558_21"", ""reason_code"": null, ""stage"": ""CLAIM_SPLIT"", ""started_at"": ""2026-08-26T02:02:26.518617+00:00"", ""status"": ""PASS""}, {""attempt"": 1, ""child_claim_id"": ""claim_7e1423463acdf322"", ""code_version"": ""admission-recovery-v3"", ""data_version"": ""claim-schema-v1"", ""finished_at"": ""2026-08-26T02:02:26.518617+00:00"", ""input_hash"": ""177ee743c2180b6f9166a529d01a4eedc2e0610389f47a2e0e9145fe723020db"", ""output_ref"": ""claim_7e1423463acdf322"", ""parent_claim_id"": ""A02558_21"", ""reason_code"": null, ""stage"": ""CLAIM_PARSE"", ""started_at"": ""2026-08-26T02:02:26.518617+00:00"", ""status"": ""PASS""}]"
A02564_5,1,claim_ce084f39d9613e94,claim_8095a00986781de9,62조5000억원,"법인세 수입은 지난 2022년 103조5700억원에서 2023년 80조4200억원으로 줄었고, 2024년에는 62조5000억원까지 감소했다.",법인세 수입,625000.0,억원,2024,연간,,,null,"{""reference_period_1"": ""2022"", ""reference_period_2"": ""2023"", ""reference_value_1"": ""1035700"", ""reference_value_2"": ""804200"", ""trend"": ""DECREASE""}",DIRECT_VALUE,null,,AUTO_OK,,MULTI_CLAIM_SPLIT,KOSIS_PIPELINE_ELIGIBLE,HOLD,NO_HARD_GUARD_CANDIDATE,,N,UNDETERMINED,HOLD,NO_HARD_GUARD_CANDIDATE,N,,0,0,"{""canonical_name"": ""법인세 수입"", ""concept_id"": ""OBSERVED:63676042804c9830"", ""kosis_search_terms"": [""법인세 수입""], ""matched_alias"": ""법인세 수입"", ""standard_key"": ""observed_indicator_63676042804c9830"", ""status"": ""MATCHED""}",[],[],"{""eligible_for_official_search"": true, ""entries"": [{""required"": true, ""slot"": ""indicator"", ""status"": ""SOURCE"", ""value"": ""법인세 수입""}, {""required"": true, ""slot"": ""value"", ""status"": ""SOURCE"", ""value"": 625000.0}, {""required"": true, ""slot"": ""unit"", ""status"": ""SOURCE"", ""value"": ""억원""}, {""required"": true, ""slot"": ""time"", ""status"": ""SOURCE"", ""value"": ""2024""}, {""required"": false, ""slot"": ""frequency"", ""status"": ""SOURCE"", ""value"": ""연간""}, {""required"": false, ""slot"": ""region"", ""status"": ""NOT_APPLICABLE"", ""value"": null}, {""required"": false, ""slot"": ""population"", ""status"": ""NOT_APPLICABLE"", ""value"": null}, {""required"": false, ""slot"": ""dimension"", ""status"": ""NOT_APPLICABLE"", ""value"": null}, {""required"": false, ""slot"": ""comparison"", ""status"": ""SOURCE"", ""value"": {""reference_period_1"": ""2022"", ""reference_period_2"": ""2023"", ""reference_value_1"": ""1035700"", ""reference_value_2"": ""804200"", ""trend"": ""DECREASE""}}, {""required"": true, ""slot"": ""calculation"", ""status"": ""SOURCE"", ""value"": ""DIRECT_VALUE""}, {""required"": false, ""slot"": ""condition"", ""status"": ""NOT_APPLICABLE"", ""value"": null}, {""required"": false, ""slot"": ""source_hint"", ""status"": ""NOT_APPLICABLE"", ""value"": null}], ""reason_codes"": []}","[{""attempt"": 1, ""child_claim_id"": ""claim_8095a00986781de9"", ""code_version"": ""admission-recovery-v3"", ""data_version"": ""claim-schema-v1"", ""finished_at"": ""2026-08-26T02:02:51.235692+00:00"", ""input_hash"": ""ec952c889e99f700fb185e1fcf0693b11a76bc0dd4fd429184b917c879253745"", ""output_ref"": ""claim_8095a00986781de9"", ""parent_claim_id"": ""A02564_5"", ""reason_code"": null, ""stage"": ""CLAIM_SPLIT"", ""started_at"": ""2026-08-26T02:02:51.235692+00:00"", ""status"": ""PASS""}, {""attempt"": 1, ""child_claim_id"": ""claim_8095a00986781de9"", ""code_version"": ""admission-recovery-v3"", ""data_version"": ""claim-schema-v1"", ""finished_at"": ""2026-08-26T02:02:51.235692+00:00"", ""input_hash"": ""ec952c889e99f700fb185e1fcf0693b11a76bc0dd4fd429184b917c879253745"", ""output_ref"": ""claim_8095a00986781de9"", ""parent_claim_id"": ""A02564_5"", ""reason_code"": null, ""stage"": ""CLAIM_PARSE"", ""started_at"": ""2026-08-26T02:02:51.235692+00:00"", ""status"": ""PASS""}]"
A02569_31,1,claim_51d22b2304b36c5e,claim_53de5e61b4cf6f54,39만6000명,특히 20대 쉬었음 인구는 39만6000명으로 전년 동월 대비 2000명 늘었다.,쉬었음 인구,396000.0,명,,월,전국,20대,null,"{""change_unit"": ""명"", ""change_value"": ""2000"", ""reference_period"": ""전년 동월"", ""type"": ""YEAR_OVER_YEAR""}",DIRECT_VALUE,"{""direction"": ""INCREASE""}",,HOLD,목표값은 명확하지만 기사 본문에 기준 시점(해당 월)이 명시되지 않아 target time을 확정할 수 없음,MULTI_CLAIM_SPLIT,CONTEXT_REQUIRED,HUMAN_REVIEW,목표값은 명확하지만 기사 본문에 기준 시점(해당 월)이 명시되지 않아 target time을 확정할 수 없음,,N,,,,N,,0,0,null,[],[],"{""eligible_for_official_search"": false, ""entries"": [{""required"": true, ""slot"": ""indicator"", ""status"": ""SOURCE"", ""value"": ""쉬었음 인구""}, {""required"": true, ""slot"": ""value"", ""status"": ""SOURCE"", ""value"": 396000.0}, {""required"": true, ""slot"": ""unit"", ""status"": ""SOURCE"", ""value"": ""명""}, {""required"": true, ""slot"": ""time"", ""status"": ""MISSING"", ""value"": null}, {""required"": false, ""slot"": ""frequency"", ""status"": ""SOURCE"", ""value"": ""월""}, {""required"": false, ""slot"": ""region"", ""status"": ""CONTEXT"", ""value"": ""전국""}, {""required"": false, ""slot"": ""population"", ""status"": ""CONTEXT"", ""value"": ""20대""}, {""required"": false, ""slot"": ""dimension"", ""status"": ""NOT_APPLICABLE"", ""value"": null}, {""required"": false, ""slot"": ""comparison"", ""status"": ""CONTEXT"", ""value"": {""change_unit"": ""명"", ""change_value"": ""2000"", ""reference_period"": ""전년 동월"", ""type"": ""YEAR_OVER_YEAR""}}, {""required"": true, ""slot"": ""calculation"", ""status"": ""SOURCE"", ""value"": ""DIRECT_VALUE""}, {""required"": false, ""slot"": ""condition"", ""status"": ""SOURCE"", ""value"": {""direction"": ""INCREASE""}}, {""required"": false, ""slot"": ""source_hint"", ""status"": ""NOT_APPLICABLE"", ""value"": null}], ""reason_codes"": [""MISSING_REQUIRED_SLOTS:time""]}","[{""attempt"": 1, ""child_claim_id"": ""claim_53de5e61b4cf6f54"", ""code_version"": ""admission-recovery-v3"", ""data_version"": ""claim-schema-v1"", ""finished_at"": ""2026-08-26T02:03:03.226332+00:00"", ""input_hash"": ""bf990599f3ee9cb1c0192006017c88d14f750c855506e1f9fa2f925b5fe9ce13"", ""output_ref"": ""claim_53de5e61b4cf6f54"", ""parent_claim_id"": ""A02569_31"", ""reason_code"": null, ""stage"": ""CLAIM_SPLIT"", ""started_at"": ""2026-08-26T02:03:03.226332+00:00"", ""status"": ""PASS""}, {""attempt"": 1, ""child_claim_id"": ""claim_53de5e61b4cf6f54"", ""code_version"": ""admission-recovery-v3"", ""data_version"": ""claim-schema-v1"", ""finished_at"": ""2026-08-26T02:03:03.226332+00:00"", ""input_hash"": ""bf990599f3ee9cb1c0192006017c88d14f750c855506e1f9fa2f925b5fe9ce13"", ""output_ref"": ""claim_53de5e61b4cf6f54"", ""parent_claim_id"": ""A02569_31"", ""reason_code"": ""목표값은 명확하지만 기사 본문에 기준 시점(해당 월)이 명시되지 않아 target time을 확정할 수 없음"", ""stage"": ""CLAIM_PARSE"", ""started_at"": ""2026-08-26T02:03:03.226332+00:00"", ""status"": ""HUMAN_REVIEW""}]"
A02569_4,1,claim_8af7f5fba0e18a13,claim_5589eab0f1f66e09,2909만1000명,16일 통계청은 ‘2025년 6월 고용 동향’에서 지난달 취업자가 2909만1000명으로 전년 동월 대비 18만3000명 늘었다고 밝혔다.,취업자,29091000.0,명,2025년 6월,월,대한민국,,null,"{""change_value"": ""183000"", ""reference_period"": ""2024-06"", ""type"": ""YEAR_OVER_YEAR""}",DIRECT_VALUE,"{""direction"": ""INCREASE""}","통계청, 2025년 6월 고용 동향",AUTO_OK,,MULTI_CLAIM_SPLIT,KOSIS_PIPELINE_ELIGIBLE,AUTO,WITHIN_TOLERANCE,,N,MATCH,AUTO,WITHIN_TOLERANCE,Y,29090600.0,1,1,"{""canonical_name"": ""취업자 수"", ""concept_id"": ""C000008"", ""kosis_search_terms"": [""경제활동인구조사 취업자"", ""산업별 취업자""], ""matched_alias"": ""취업자"", ""standard_key"": ""employment_count"", ""status"": ""MATCHED""}","[{""canonical_key"": ""ORG=101|TBL=DT_1DA7001S|ITM=T30|OBJ=B|MEMBER=계|PRD_SE=월|PRD_DE=2025-06"", ""dimension_codes"": {""B"": ""0""}, ""dimension_members"": {""B"": ""계""}, ""itm_id"": ""T30"", ""member_code"": ""계"", ""obj_id"": ""B"", ""org_id"": ""101"", ""prd_de"": ""2025-06"", ""prd_se"": ""월"", ""status"": ""CONFIRMED"", ""tbl_id"": ""DT_1DA7001S"", ""unit"": ""천명""}]","[{""content_hash"": ""4af335248121e570991dced3562bc9a84f89371447e37e5d5151f4fa23042335"", ""evidence_key"": ""ORG=101|TBL=DT_1DA7001S|ITM=T30|OBJ=B|MEMBER=계|PRD_SE=월|PRD_DE=2025-06"", ""publication"": {""content_hash"": ""0d05af2e497643add4fc26f3ac9fe5ad36aef33b2ac8fb8c4fc1624a8a9c0d78"", ""coverage_end_period"": null, ""coverage_start_period"": null, ""evidence_scope"": ""PERIOD"", ""pub_date_text"": ""조사기준 월 익월"", ""pub_period"": ""월"", ""publication_method_url"": ""https://www.kostat.go.kr/board.es?act=list&mid=a10301010000&keyField=T&bid=210&keyWord=2025%EB%85%84+6%EC%9B%94+%EA%B3%A0%EC%9A%A9%EB%8F%99%ED%96%A5"", ""published_at"": ""2025-07-16"", ""reference_period"": ""2025-06"", ""retrieved_at"": ""2026-08-26T02:03:16.779080Z"", ""source_url"": ""https://www.kostat.go.kr/board.es?mid=a10301010000&bid=210&act=view&list_no=437607&tag=&nPage=1&ref_bid="", ""status"": ""VERIFIED""}, ""retrieved_at"": ""2026-08-26T02:03:11.311706Z"", ""source"": ""API"", ""source_url"": ""https://kosis.kr/openapi/Param/statisticsParameterData.do?method=getList&orgId=101&tblId=DT_1DA7001S&itmId=T30&prdSe=M&startPrdDe=202506&endPrdDe=202506&objL1=0"", ""value_last_changed_at"": ""2025-07-03""}]","{""eligible_for_official_search"": true, ""entries"": [{""required"": true, ""slot"": ""indicator"", ""status"": ""SOURCE"", ""value"": ""취업자""}, {""required"": true, ""slot"": ""value"", ""status"": ""SOURCE"", ""value"": 29091000.0}, {""required"": true, ""slot"": ""unit"", ""status"": ""SOURCE"", ""value"": ""명""}, {""required"": true, ""slot"": ""time"", ""status"": ""SOURCE"", ""value"": ""2025년 6월""}, {""required"": false, ""slot"": ""frequency"", ""status"": ""SOURCE"", ""value"": ""월""}, {""required"": false, ""slot"": ""region"", ""status"": ""SOURCE"", ""value"": ""대한민국""}, {""required"": false, ""slot"": ""population"", ""status"": ""NOT_APPLICABLE"", ""value"": null}, {""required"": false, ""slot"": ""dimension"", ""status"": ""NOT_APPLICABLE"", ""value"": null}, {""required"": false, ""slot"": ""comparison"", ""status"": ""SOURCE"", ""value"": {""change_value"": ""183000"", ""reference_period"": ""2024-06"", ""type"": ""YEAR_OVER_YEAR""}}, {""required"": true, ""slot"": ""calculation"", ""status"": ""SOURCE"", ""value"": ""DIRECT_VALUE""}, {""required"": false, ""slot"": ""condition"", ""status"": ""SOURCE"", ""value"": {""direction"": ""INCREASE""}}, {""required"": false, ""slot"": ""source_hint"", ""status"": ""SOURCE"", ""value"": ""통계청, 2025년 6월 고용 동향""}], ""reason_codes"": []}","[{""attempt"": 1, ""child_claim_id"": ""claim_5589eab0f1f66e09"", ""code_version"": ""admission-recovery-v3"", ""data_version"": ""claim-schema-v1"", ""finished_at"": ""2026-08-26T02:03:16.780078+00:00"", ""input_hash"": ""db907f259a6a9095e39a0adf3e2d733908767aabd22b8a64ba8b7dcbb6787cae"", ""output_ref"": ""claim_5589eab0f1f66e09"", ""parent_claim_id"": ""A02569_4"", ""reason_code"": null, ""stage"": ""CLAIM_SPLIT"", ""started_at"": ""2026-08-26T02:03:16.780078+00:00"", ""status"": ""PASS""}, {""attempt"": 1, ""child_claim_id"": ""claim_5589eab0f1f66e09"", ""code_version"": ""admission-recovery-v3"", ""data_version"": ""claim-schema-v1"", ""finished_at"": ""2026-08-26T02:03:16.780078+00:00"", ""input_hash"": ""db907f259a6a9095e39a0adf3e2d733908767aabd22b8a64ba8b7dcbb6787cae"", ""output_ref"": ""claim_5589eab0f1f66e09"", ""parent_claim_id"": ""A02569_4"", ""reason_code"": null, ""stage"": ""CLAIM_PARSE"", ""started_at"": ""2026-08-26T02:03:16.780078+00:00"", ""status"": ""PASS""}]"
A02605_13,1,claim_2b0732cff624ac31,claim_0fa91954d6f6d125,9.2%,◇ 달걀 9.2%↑… 축산·수산물 가격 강세 9월 농축수산물 물가는 전년 동월 대비 1.9% 올랐다.,가격,9.2,%,2025-09,MONTHLY,,,"{""product"": ""달걀""}",null,GROWTH_RATE,"{""direction"": ""INCREASE""}",,HOLD,문장에 달걀의 9.2% 상승과 농축수산물 전체의 전년 동월 대비 1.9% 상승이라는 서로 독립적으로 검증 가능한 두 수치가 함께 있어 단일 Claim으로 확정할 수 없음,MULTI_CLAIM_SPLIT,STRUCTURAL_HOLD,HUMAN_REVIEW,문장에 달걀의 9.2% 상승과 농축수산물 전체의 전년 동월 대비 1.9% 상승이라는 서로 독립적으로 검증 가능한 두 수치가 함께 있어 단일 Claim으로 확정할 수 없음,,N,,,,N,,0,0,null,[],[],"{""eligible_for_official_search"": false, ""entries"": [{""required"": true, ""slot"": ""indicator"", ""status"": ""SOURCE"", ""value"": ""가격""}, {""required"": true, ""slot"": ""value"", ""status"": ""SOURCE"", ""value"": 9.2}, {""required"": true, ""slot"": ""unit"", ""status"": ""SOURCE"", ""value"": ""%""}, {""required"": true, ""slot"": ""time"", ""status"": ""SOURCE"", ""value"": ""2025-09""}, {""required"": false, ""slot"": ""frequency"", ""status"": ""SOURCE"", ""value"": ""MONTHLY""}, {""required"": false, ""slot"": ""region"", ""status"": ""NOT_APPLICABLE"", ""value"": null}, {""required"": false, ""slot"": ""population"", ""status"": ""NOT_APPLICABLE"", ""value"": null}, {""required"": false, ""slot"": ""dimension"", ""status"": ""SOURCE"", ""value"": {""product"": ""달걀""}}, {""required"": true, ""slot"": ""comparison"", ""status"": ""MISSING"", ""value"": null}, {""required"": true, ""slot"": ""calculation"", ""status"": ""SOURCE"", ""value"": ""GROWTH_RATE""}, {""required"": true, ""slot"": ""condition"", ""status"": ""SOURCE"", ""value"": {""direction"": ""INCREASE""}}, {""required"": false, ""slot"": ""source_hint"", ""status"": ""NOT_APPLICABLE"", ""value"": null}], ""reason_codes"": [""MISSING_REQUIRED_SLOTS:comparison""]}","[{""attempt"": 1, ""child_claim_id"": ""claim_0fa91954d6f6d125"", ""code_version"": ""admission-recovery-v3"", ""data_version"": ""claim-schema-v1"", ""finished_at"": ""2026-08-26T02:03:31.539332+00:00"", ""input_hash"": ""8a4f5ff01f17e820396cf0cf16e55ed076eb1c59a9dd60c8498712fb154bbe10"", ""output_ref"": ""claim_0fa91954d6f6d125"", ""parent_claim_id"": ""A02605_13"", ""reason_code"": null, ""stage"": ""CLAIM_SPLIT"", ""started_at"": ""2026-08-26T02:03:31.539332+00:00"", ""status"": ""PASS""}, {""attempt"": 1, ""child_claim_id"": ""claim_0fa91954d6f6d125"", ""code_version"": ""admission-recovery-v3"", ""data_version"": ""claim-schema-v1"", ""finished_at"": ""2026-08-26T02:03:31.539332+00:00"", ""input_hash"": ""8a4f5ff01f17e820396cf0cf16e55ed076eb1c59a9dd60c8498712fb154bbe10"", ""output_ref"": ""claim_0fa91954d6f6d125"", ""parent_claim_id"": ""A02605_13"", ""reason_code"": ""문장에 달걀의 9.2% 상승과 농축수산물 전체의 전년 동월 대비 1.9% 상승이라는 서로 독립적으로 검증 가능한 두 수치가 함께 있어 단일 Claim으로 확정할 수 없음"", ""stage"": ""CLAIM_PARSE"", ""started_at"": ""2026-08-26T02:03:31.539332+00:00"", ""status"": ""HUMAN_REVIEW""}]"
A02605_13,2,claim_c6f659515668b76d,claim_edf4837696036d22,1.9%,◇ 달걀 9.2%↑… 축산·수산물 가격 강세 9월 농축수산물 물가는 전년 동월 대비 1.9% 올랐다.,농축수산물 물가,1.9,%,2025년 9월,월,대한민국,,"{""품목"": ""농축수산물""}","{""reference_period"": ""2024-09"", ""type"": ""YEAR_OVER_YEAR""}",GROWTH_RATE,"{""direction"": ""INCREASE""}",기사 문장에 명시된 전년 동월 대비 수치,AUTO_OK,,MULTI_CLAIM_SPLIT,KOSIS_PIPELINE_ELIGIBLE,HOLD,NO_HARD_GUARD_CANDIDATE,,N,UNDETERMINED,HOLD,NO_HARD_GUARD_CANDIDATE,N,,0,0,"{""canonical_name"": ""농축수산물 물가"", ""concept_id"": ""OBSERVED:f77e6cdc792b3f67"", ""kosis_search_terms"": [""농축수산물 물가""], ""matched_alias"": ""농축수산물 물가"", ""standard_key"": ""observed_indicator_f77e6cdc792b3f67"", ""status"": ""MATCHED""}",[],[],"{""eligible_for_official_search"": true, ""entries"": [{""required"": true, ""slot"": ""indicator"", ""status"": ""SOURCE"", ""value"": ""농축수산물 물가""}, {""required"": true, ""slot"": ""value"", ""status"": ""SOURCE"", ""value"": 1.9}, {""required"": true, ""slot"": ""unit"", ""status"": ""SOURCE"", ""value"": ""%""}, {""required"": true, ""slot"": ""time"", ""status"": ""SOURCE"", ""value"": ""2025년 9월""}, {""required"": false, ""slot"": ""frequency"", ""status"": ""SOURCE"", ""value"": ""월""}, {""required"": false, ""slot"": ""region"", ""status"": ""SOURCE"", ""value"": ""대한민국""}, {""required"": false, ""slot"": ""population"", ""status"": ""NOT_APPLICABLE"", ""value"": null}, {""required"": false, ""slot"": ""dimension"", ""status"": ""SOURCE"", ""value"": {""품목"": ""농축수산물""}}, {""required"": true, ""slot"": ""comparison"", ""status"": ""SOURCE"", ""value"": {""reference_period"": ""2024-09"", ""type"": ""YEAR_OVER_YEAR""}}, {""required"": true, ""slot"": ""calculation"", ""status"": ""SOURCE"", ""value"": ""GROWTH_RATE""}, {""required"": true, ""slot"": ""condition"", ""status"": ""SOURCE"", ""value"": {""direction"": ""INCREASE""}}, {""required"": false, ""slot"": ""source_hint"", ""status"": ""SOURCE"", ""value"": ""기사 문장에 명시된 전년 동월 대비 수치""}], ""reason_codes"": []}","[{""attempt"": 1, ""child_claim_id"": ""claim_edf4837696036d22"", ""code_version"": ""admission-recovery-v3"", ""data_version"": ""claim-schema-v1"", ""finished_at"": ""2026-08-26T02:03:31.539332+00:00"", ""input_hash"": ""8a4f5ff01f17e820396cf0cf16e55ed076eb1c59a9dd60c8498712fb154bbe10"", ""output_ref"": ""claim_edf4837696036d22"", ""parent_claim_id"": ""A02605_13"", ""reason_code"": null, ""stage"": ""CLAIM_SPLIT"", ""started_at"": ""2026-08-26T02:03:31.539332+00:00"", ""status"": ""PASS""}, {""attempt"": 1, ""child_claim_id"": ""claim_edf4837696036d22"", ""code_version"": ""admission-recovery-v3"", ""data_version"": ""claim-schema-v1"", ""finished_at"": ""2026-08-26T02:03:31.539332+00:00"", ""input_hash"": ""8a4f5ff01f17e820396cf0cf16e55ed076eb1c59a9dd60c8498712fb154bbe10"", ""output_ref"": ""claim_edf4837696036d22"", ""parent_claim_id"": ""A02605_13"", ""reason_code"": null, ""stage"": ""CLAIM_PARSE"", ""started_at"": ""2026-08-26T02:03:31.539332+00:00"", ""status"": ""PASS""}]"
A02638_7,1,claim_afe4998fc4e1a479,claim_9e040b4f7080376e,60.7%,지난달 20대 고용률은 60.7%로 전체 고용률(63.7%)보다 3%포인트 낮았다.,고용률,60.7,%,2025년 9월,월,,20대,null,"{""current_value"": ""60.7"", ""operand_unit"": ""percentage_points"", ""reference_period"": ""지난달"", ""reference_population"": ""전체"", ""reference_value"": ""63.7"", ""type"": ""DIFFERENCE""}",DIRECT_VALUE,"{""direction"": ""DECREASE""}",,AUTO_OK,,MULTI_CLAIM_SPLIT,KOSIS_PIPELINE_ELIGIBLE,HOLD,AMBIGUOUS_MARGIN,,N,UNDETERMINED,HOLD,AMBIGUOUS_MARGIN,N,,1,0,"{""canonical_name"": ""고용률"", ""concept_id"": ""C000009"", ""kosis_search_terms"": [], ""matched_alias"": ""고용률"", ""standard_key"": ""employment_rate"", ""status"": ""MATCHED""}","[{""canonical_key"": ""ORG=101|TBL=DT_1DA7001S|ITM=T90|OBJ=B|MEMBER=계|PRD_SE=월|PRD_DE=2025-09"", ""dimension_codes"": {""B"": ""0""}, ""dimension_members"": {""B"": ""계""}, ""itm_id"": ""T90"", ""member_code"": ""계"", ""obj_id"": ""B"", ""org_id"": ""101"", ""prd_de"": ""2025-09"", ""prd_se"": ""월"", ""status"": ""CONFIRMED"", ""tbl_id"": ""DT_1DA7001S"", ""unit"": ""%""}]",[],"{""eligible_for_official_search"": true, ""entries"": [{""required"": true, ""slot"": ""indicator"", ""status"": ""SOURCE"", ""value"": ""고용률""}, {""required"": true, ""slot"": ""value"", ""status"": ""SOURCE"", ""value"": 60.7}, {""required"": true, ""slot"": ""unit"", ""status"": ""SOURCE"", ""value"": ""%""}, {""required"": true, ""slot"": ""time"", ""status"": ""SOURCE"", ""value"": ""2025년 9월""}, {""required"": false, ""slot"": ""frequency"", ""status"": ""SOURCE"", ""value"": ""월""}, {""required"": false, ""slot"": ""region"", ""status"": ""NOT_APPLICABLE"", ""value"": null}, {""required"": false, ""slot"": ""population"", ""status"": ""SOURCE"", ""value"": ""20대""}, {""required"": false, ""slot"": ""dimension"", ""status"": ""NOT_APPLICABLE"", ""value"": null}, {""required"": false, ""slot"": ""comparison"", ""status"": ""CONTEXT"", ""value"": {""current_value"": ""60.7"", ""operand_unit"": ""percentage_points"", ""reference_period"": ""지난달"", ""reference_population"": ""전체"", ""reference_value"": ""63.7"", ""type"": ""DIFFERENCE""}}, {""required"": true, ""slot"": ""calculation"", ""status"": ""CONTEXT"", ""value"": ""DIRECT_VALUE""}, {""required"": false, ""slot"": ""condition"", ""status"": ""SOURCE"", ""value"": {""direction"": ""DECREASE""}}, {""required"": false, ""slot"": ""source_hint"", ""status"": ""NOT_APPLICABLE"", ""value"": null}], ""reason_codes"": []}","[{""attempt"": 1, ""child_claim_id"": ""claim_9e040b4f7080376e"", ""code_version"": ""admission-recovery-v3"", ""data_version"": ""claim-schema-v1"", ""finished_at"": ""2026-08-26T02:04:16.668049+00:00"", ""input_hash"": ""6d6e4929a3481c572b41e3145d8b05343b1d4b116eedc2fc7d33de2fe7a6ce10"", ""output_ref"": ""claim_9e040b4f7080376e"", ""parent_claim_id"": ""A02638_7"", ""reason_code"": null, ""stage"": ""CLAIM_SPLIT"", ""started_at"": ""2026-08-26T02:04:16.668049+00:00"", ""status"": ""PASS""}, {""attempt"": 1, ""child_claim_id"": ""claim_9e040b4f7080376e"", ""code_version"": ""admission-recovery-v3"", ""data_version"": ""claim-schema-v1"", ""finished_at"": ""2026-08-26T02:04:16.668049+00:00"", ""input_hash"": ""6d6e4929a3481c572b41e3145d8b05343b1d4b116eedc2fc7d33de2fe7a6ce10"", ""output_ref"": ""claim_9e040b4f7080376e"", ""parent_claim_id"": ""A02638_7"", ""reason_code"": null, ""stage"": ""CLAIM_PARSE"", ""started_at"": ""2026-08-26T02:04:16.668049+00:00"", ""status"": ""PASS""}]"
A02638_9,1,claim_344f9ec5f011218f,claim_88b29e71d432ae65,-0.2%포인트,20대 고용률은 지난해 9월(-0.2%포인트) 이후 13개월 연속 오르지 못하고 있다.,고용률,-0.2,퍼센트포인트,2024년 9월,월,,20대,null,"{""reference_period"": ""2024-09"", ""subsequent_duration"": ""13개월""}",DIRECT_VALUE,"{""duration_unit"": ""개월"", ""duration_value"": ""13"", ""status"": ""NO_INCREASE""}",,AUTO_OK,,MULTI_CLAIM_SPLIT,KOSIS_PIPELINE_ELIGIBLE,HOLD,NO_HARD_GUARD_CANDIDATE,,N,UNDETERMINED,HOLD,NO_HARD_GUARD_CANDIDATE,N,,0,0,"{""canonical_name"": ""고용률"", ""concept_id"": ""C000009"", ""kosis_search_terms"": [], ""matched_alias"": ""고용률"", ""standard_key"": ""employment_rate"", ""status"": ""MATCHED""}",[],[],"{""eligible_for_official_search"": true, ""entries"": [{""required"": true, ""slot"": ""indicator"", ""status"": ""SOURCE"", ""value"": ""고용률""}, {""required"": true, ""slot"": ""value"", ""status"": ""SOURCE"", ""value"": -0.2}, {""required"": true, ""slot"": ""unit"", ""status"": ""SOURCE"", ""value"": ""퍼센트포인트""}, {""required"": true, ""slot"": ""time"", ""status"": ""SOURCE"", ""value"": ""2024년 9월""}, {""required"": false, ""slot"": ""frequency"", ""status"": ""SOURCE"", ""value"": ""월""}, {""required"": false, ""slot"": ""region"", ""status"": ""NOT_APPLICABLE"", ""value"": null}, {""required"": false, ""slot"": ""population"", ""status"": ""SOURCE"", ""value"": ""20대""}, {""required"": false, ""slot"": ""dimension"", ""status"": ""NOT_APPLICABLE"", ""value"": null}, {""required"": false, ""slot"": ""comparison"", ""status"": ""SOURCE"", ""value"": {""reference_period"": ""2024-09"", ""subsequent_duration"": ""13개월""}}, {""required"": true, ""slot"": ""calculation"", ""status"": ""SOURCE"", ""value"": ""DIRECT_VALUE""}, {""required"": false, ""slot"": ""condition"", ""status"": ""SOURCE"", ""value"": {""duration_unit"": ""개월"", ""duration_value"": ""13"", ""status"": ""NO_INCREASE""}}, {""required"": false, ""slot"": ""source_hint"", ""status"": ""NOT_APPLICABLE"", ""value"": null}], ""reason_codes"": []}","[{""attempt"": 1, ""child_claim_id"": ""claim_88b29e71d432ae65"", ""code_version"": ""admission-recovery-v3"", ""data_version"": ""claim-schema-v1"", ""finished_at"": ""2026-08-26T02:04:32.030501+00:00"", ""input_hash"": ""69d11086967183858053c86eb8ece39b59fc25e74651c5d30bc1d124ce6629b7"", ""output_ref"": ""claim_88b29e71d432ae65"", ""parent_claim_id"": ""A02638_9"", ""reason_code"": null, ""stage"": ""CLAIM_SPLIT"", ""started_at"": ""2026-08-26T02:04:32.030501+00:00"", ""status"": ""PASS""}, {""attempt"": 1, ""child_claim_id"": ""claim_88b29e71d432ae65"", ""code_version"": ""admission-recovery-v3"", ""data_version"": ""claim-schema-v1"", ""finished_at"": ""2026-08-26T02:04:32.030501+00:00"", ""input_hash"": ""69d11086967183858053c86eb8ece39b59fc25e74651c5d30bc1d124ce6629b7"", ""output_ref"": ""claim_88b29e71d432ae65"", ""parent_claim_id"": ""A02638_9"", ""reason_code"": null, ""stage"": ""CLAIM_PARSE"", ""started_at"": ""2026-08-26T02:04:32.030501+00:00"", ""status"": ""PASS""}]"
A02647_3,1,claim_7555330ed60c895a,claim_3151ac2781ccb109,856만8000명,"국가데이터처가 22일 발표한 '2025년 8월 경제활동인구조사 근로형태별 부가조사'에 따르면, 지난 8월 기준 비정규직 근로자는 856만8000명으로 전년 동월 대비 11만 명 증가했다.",근로자 수,8568000.0,명,2025년 8월,월,대한민국,근로자,"{""근로형태"": ""비정규직""}","{""change_unit"": ""명"", ""change_value"": ""110000"", ""reference_period"": ""2024-08"", ""type"": ""YEAR_OVER_YEAR""}",DIRECT_VALUE,"{""direction"": ""INCREASE""}","국가데이터처, 2025년 8월 경제활동인구조사 근로형태별 부가조사",AUTO_OK,2025년 8월 비정규직 근로자 수라는 중심 수치와 전년 동월 대비 증가액이 하나의 명확한 사실 주장으로 제시됨,MULTI_CLAIM_SPLIT,KOSIS_PIPELINE_ELIGIBLE,HOLD,NO_EVIDENCE_COORDINATE_CANDIDATE,,N,UNDETERMINED,HOLD,NO_EVIDENCE_COORDINATE_CANDIDATE,N,,0,0,"{""canonical_name"": ""근로자 수"", ""concept_id"": ""OBSERVED:27f24d475cfcb9d8"", ""kosis_search_terms"": [""근로자 수""], ""matched_alias"": ""근로자 수"", ""standard_key"": ""observed_indicator_27f24d475cfcb9d8"", ""status"": ""MATCHED""}",[],[],"{""eligible_for_official_search"": true, ""entries"": [{""required"": true, ""slot"": ""indicator"", ""status"": ""SOURCE"", ""value"": ""근로자 수""}, {""required"": true, ""slot"": ""value"", ""status"": ""SOURCE"", ""value"": 8568000.0}, {""required"": true, ""slot"": ""unit"", ""status"": ""SOURCE"", ""value"": ""명""}, {""required"": true, ""slot"": ""time"", ""status"": ""SOURCE"", ""value"": ""2025년 8월""}, {""required"": false, ""slot"": ""frequency"", ""status"": ""SOURCE"", ""value"": ""월""}, {""required"": false, ""slot"": ""region"", ""status"": ""SOURCE"", ""value"": ""대한민국""}, {""required"": false, ""slot"": ""population"", ""status"": ""SOURCE"", ""value"": ""근로자""}, {""required"": false, ""slot"": ""dimension"", ""status"": ""SOURCE"", ""value"": {""근로형태"": ""비정규직""}}, {""required"": false, ""slot"": ""comparison"", ""status"": ""SOURCE"", ""value"": {""change_unit"": ""명"", ""change_value"": ""110000"", ""reference_period"": ""2024-08"", ""type"": ""YEAR_OVER_YEAR""}}, {""required"": true, ""slot"": ""calculation"", ""status"": ""SOURCE"", ""value"": ""DIRECT_VALUE""}, {""required"": false, ""slot"": ""condition"", ""status"": ""SOURCE"", ""value"": {""direction"": ""INCREASE""}}, {""required"": false, ""slot"": ""source_hint"", ""status"": ""SOURCE"", ""value"": ""국가데이터처, 2025년 8월 경제활동인구조사 근로형태별 부가조사""}], ""reason_codes"": []}","[{""attempt"": 1, ""child_claim_id"": ""claim_3151ac2781ccb109"", ""code_version"": ""admission-recovery-v3"", ""data_version"": ""claim-schema-v1"", ""finished_at"": ""2026-08-26T02:05:16.064050+00:00"", ""input_hash"": ""f16fc4bc3d60e03b2436b35a50a5b22c2936af67f585a596c17939dee0a159f9"", ""output_ref"": ""claim_3151ac2781ccb109"", ""parent_claim_id"": ""A02647_3"", ""reason_code"": null, ""stage"": ""CLAIM_SPLIT"", ""started_at"": ""2026-08-26T02:05:16.064050+00:00"", ""status"": ""PASS""}, {""attempt"": 1, ""child_claim_id"": ""claim_3151ac2781ccb109"", ""code_version"": ""admission-recovery-v3"", ""data_version"": ""claim-schema-v1"", ""finished_at"": ""2026-08-26T02:05:16.064050+00:00"", ""input_hash"": ""f16fc4bc3d60e03b2436b35a50a5b22c2936af67f585a596c17939dee0a159f9"", ""output_ref"": ""claim_3151ac2781ccb109"", ""parent_claim_id"": ""A02647_3"", ""reason_code"": null, ""stage"": ""CLAIM_PARSE"", ""started_at"": ""2026-08-26T02:05:16.064050+00:00"", ""status"": ""PASS""}]"
A02647_8,1,claim_dfffd1ef43518eee,claim_ea3d6a30aac87f34,365만명,성별로는 남자 비정규직이 365만 명으로 전년동월대비 3만 5000명 증가했다.,비정규직,3650000.0,명,,월간,,남자,"{""성별"": ""남자""}","{""change_unit"": ""명"", ""change_value"": ""35000"", ""direction"": ""INCREASE"", ""reference_period"": ""전년동월"", ""type"": ""YEAR_OVER_YEAR""}",DIRECT_VALUE,null,기사 발행일 2025-10-22,HOLD,MISSING_REQUIRED_SLOTS:time,MULTI_CLAIM_SPLIT,STRUCTURAL_HOLD,HUMAN_REVIEW,MISSING_REQUIRED_SLOTS:time,,N,,,,N,,0,0,null,[],[],"{""eligible_for_official_search"": false, ""entries"": [{""required"": true, ""slot"": ""indicator"", ""status"": ""CONTEXT"", ""value"": ""비정규직""}, {""required"": true, ""slot"": ""value"", ""status"": ""SOURCE"", ""value"": 3650000.0}, {""required"": true, ""slot"": ""unit"", ""status"": ""SOURCE"", ""value"": ""명""}, {""required"": true, ""slot"": ""time"", ""status"": ""MISSING"", ""value"": null}, {""required"": false, ""slot"": ""frequency"", ""status"": ""CONTEXT"", ""value"": ""월간""}, {""required"": false, ""slot"": ""region"", ""status"": ""NOT_APPLICABLE"", ""value"": null}, {""required"": false, ""slot"": ""population"", ""status"": ""CONTEXT"", ""value"": ""남자""}, {""required"": false, ""slot"": ""dimension"", ""status"": ""SOURCE"", ""value"": {""성별"": ""남자""}}, {""required"": false, ""slot"": ""comparison"", ""status"": ""CONTEXT"", ""value"": {""change_unit"": ""명"", ""change_value"": ""35000"", ""direction"": ""INCREASE"", ""reference_period"": ""전년동월"", ""type"": ""YEAR_OVER_YEAR""}}, {""required"": true, ""slot"": ""calculation"", ""status"": ""SOURCE"", ""value"": ""DIRECT_VALUE""}, {""required"": false, ""slot"": ""condition"", ""status"": ""NOT_APPLICABLE"", ""value"": null}, {""required"": false, ""slot"": ""source_hint"", ""status"": ""CONTEXT"", ""value"": ""기사 발행일 2025-10-22""}], ""reason_codes"": [""MISSING_REQUIRED_SLOTS:time""]}","[{""attempt"": 1, ""child_claim_id"": ""claim_ea3d6a30aac87f34"", ""code_version"": ""admission-recovery-v3"", ""data_version"": ""claim-schema-v1"", ""finished_at"": ""2026-08-26T02:05:31.143621+00:00"", ""input_hash"": ""b9c4c5e826b12676036eec4025904ef43a16b5a554ca0dc283896222f6693959"", ""output_ref"": ""claim_ea3d6a30aac87f34"", ""parent_claim_id"": ""A02647_8"", ""reason_code"": null, ""stage"": ""CLAIM_SPLIT"", ""started_at"": ""2026-08-26T02:05:31.143621+00:00"", ""status"": ""PASS""}, {""attempt"": 1, ""child_claim_id"": ""claim_ea3d6a30aac87f34"", ""code_version"": ""admission-recovery-v3"", ""data_version"": ""claim-schema-v1"", ""finished_at"": ""2026-08-26T02:05:31.143621+00:00"", ""input_hash"": ""b9c4c5e826b12676036eec4025904ef43a16b5a554ca0dc283896222f6693959"", ""output_ref"": ""claim_ea3d6a30aac87f34"", ""parent_claim_id"": ""A02647_8"", ""reason_code"": ""MISSING_REQUIRED_SLOTS:time"", ""stage"": ""CLAIM_PARSE"", ""started_at"": ""2026-08-26T02:05:31.143621+00:00"", ""status"": ""HUMAN_REVIEW""}]"
A02656_1,1,claim_8e7202ff446c16a9,claim_3bea9d178e787da1,1000명,"만1000명, 16만6000명, 31만2000명… 지난해 같은 기간 대비 늘어난 올해 7~9월 월별 취업자 수다.",월별 취업자 수,1000.0,명,2025년 7월,월,,,null,"{""operand_source"": ""OFFICIAL_EVIDENCE"", ""reference_period"": ""지난해 같은 기간"", ""type"": ""YEAR_OVER_YEAR""}",DIFFERENCE,"{""direction"": ""INCREASE""}",,AUTO_OK,,MULTI_CLAIM_SPLIT,KOSIS_PIPELINE_ELIGIBLE,HOLD,NO_HARD_GUARD_CANDIDATE,,N,UNDETERMINED,HOLD,NO_HARD_GUARD_CANDIDATE,N,,0,0,"{""canonical_name"": ""월별 취업자 수"", ""concept_id"": ""OBSERVED:049b7356ad95ce81"", ""kosis_search_terms"": [""월별 취업자 수""], ""matched_alias"": ""월별 취업자 수"", ""standard_key"": ""observed_indicator_049b7356ad95ce81"", ""status"": ""MATCHED""}",[],[],"{""eligible_for_official_search"": true, ""entries"": [{""required"": true, ""slot"": ""indicator"", ""status"": ""SOURCE"", ""value"": ""월별 취업자 수""}, {""required"": true, ""slot"": ""value"", ""status"": ""SOURCE"", ""value"": 1000.0}, {""required"": true, ""slot"": ""unit"", ""status"": ""SOURCE"", ""value"": ""명""}, {""required"": true, ""slot"": ""time"", ""status"": ""SOURCE"", ""value"": ""2025년 7월""}, {""required"": false, ""slot"": ""frequency"", ""status"": ""SOURCE"", ""value"": ""월""}, {""required"": false, ""slot"": ""region"", ""status"": ""NOT_APPLICABLE"", ""value"": null}, {""required"": false, ""slot"": ""population"", ""status"": ""NOT_APPLICABLE"", ""value"": null}, {""required"": false, ""slot"": ""dimension"", ""status"": ""NOT_APPLICABLE"", ""value"": null}, {""required"": true, ""slot"": ""comparison"", ""status"": ""SOURCE"", ""value"": {""operand_source"": ""OFFICIAL_EVIDENCE"", ""reference_period"": ""지난해 같은 기간"", ""type"": ""YEAR_OVER_YEAR""}}, {""required"": true, ""slot"": ""calculation"", ""status"": ""SOURCE"", ""value"": ""DIFFERENCE""}, {""required"": true, ""slot"": ""condition"", ""status"": ""SOURCE"", ""value"": {""direction"": ""INCREASE""}}, {""required"": false, ""slot"": ""source_hint"", ""status"": ""NOT_APPLICABLE"", ""value"": null}], ""reason_codes"": []}","[{""attempt"": 1, ""child_claim_id"": ""claim_3bea9d178e787da1"", ""code_version"": ""admission-recovery-v3"", ""data_version"": ""claim-schema-v1"", ""finished_at"": ""2026-08-26T02:07:01.991979+00:00"", ""input_hash"": ""a3bdc7afe889187766eaa9ca8483855da0d963a2610b960ea6c86755de602e45"", ""output_ref"": ""claim_3bea9d178e787da1"", ""parent_claim_id"": ""A02656_1"", ""reason_code"": null, ""stage"": ""CLAIM_SPLIT"", ""started_at"": ""2026-08-26T02:07:01.991979+00:00"", ""status"": ""PASS""}, {""attempt"": 1, ""child_claim_id"": ""claim_3bea9d178e787da1"", ""code_version"": ""admission-recovery-v3"", ""data_version"": ""claim-schema-v1"", ""finished_at"": ""2026-08-26T02:07:01.991979+00:00"", ""input_hash"": ""a3bdc7afe889187766eaa9ca8483855da0d963a2610b960ea6c86755de602e45"", ""output_ref"": ""claim_3bea9d178e787da1"", ""parent_claim_id"": ""A02656_1"", ""reason_code"": null, ""stage"": ""CLAIM_PARSE"", ""started_at"": ""2026-08-26T02:07:01.991979+00:00"", ""status"": ""PASS""}]"
A02656_1,2,claim_6c19d00162786e70,claim_eb73bfd02cedecb1,16만6000명,"만1000명, 16만6000명, 31만2000명… 지난해 같은 기간 대비 늘어난 올해 7~9월 월별 취업자 수다.",취업자 수,166000.0,명,2025년 8월,월,,취업자,"{""month_in_period"": ""8월""}","{""operand_source"": ""OFFICIAL_EVIDENCE"", ""reference_period"": ""2024-08"", ""type"": ""YEAR_OVER_YEAR""}",DIFFERENCE,"{""direction"": ""INCREASE""}",,AUTO_OK,,MULTI_CLAIM_SPLIT,KOSIS_PIPELINE_ELIGIBLE,HOLD,NO_HARD_GUARD_CANDIDATE,,N,UNDETERMINED,HOLD,NO_HARD_GUARD_CANDIDATE,N,,0,0,"{""canonical_name"": ""취업자 수"", ""concept_id"": ""C000008"", ""kosis_search_terms"": [], ""matched_alias"": ""취업자 수"", ""standard_key"": ""employment_count"", ""status"": ""MATCHED""}",[],[],"{""eligible_for_official_search"": true, ""entries"": [{""required"": true, ""slot"": ""indicator"", ""status"": ""SOURCE"", ""value"": ""취업자 수""}, {""required"": true, ""slot"": ""value"", ""status"": ""SOURCE"", ""value"": 166000.0}, {""required"": true, ""slot"": ""unit"", ""status"": ""SOURCE"", ""value"": ""명""}, {""required"": true, ""slot"": ""time"", ""status"": ""SOURCE"", ""value"": ""2025년 8월""}, {""required"": false, ""slot"": ""frequency"", ""status"": ""SOURCE"", ""value"": ""월""}, {""required"": false, ""slot"": ""region"", ""status"": ""NOT_APPLICABLE"", ""value"": null}, {""required"": false, ""slot"": ""population"", ""status"": ""SOURCE"", ""value"": ""취업자""}, {""required"": false, ""slot"": ""dimension"", ""status"": ""SOURCE"", ""value"": {""month_in_period"": ""8월""}}, {""required"": true, ""slot"": ""comparison"", ""status"": ""SOURCE"", ""value"": {""operand_source"": ""OFFICIAL_EVIDENCE"", ""reference_period"": ""2024-08"", ""type"": ""YEAR_OVER_YEAR""}}, {""required"": true, ""slot"": ""calculation"", ""status"": ""SOURCE"", ""value"": ""DIFFERENCE""}, {""required"": true, ""slot"": ""condition"", ""status"": ""SOURCE"", ""value"": {""direction"": ""INCREASE""}}, {""required"": false, ""slot"": ""source_hint"", ""status"": ""NOT_APPLICABLE"", ""value"": null}], ""reason_codes"": []}","[{""attempt"": 1, ""child_claim_id"": ""claim_eb73bfd02cedecb1"", ""code_version"": ""admission-recovery-v3"", ""data_version"": ""claim-schema-v1"", ""finished_at"": ""2026-08-26T02:07:01.991979+00:00"", ""input_hash"": ""a3bdc7afe889187766eaa9ca8483855da0d963a2610b960ea6c86755de602e45"", ""output_ref"": ""claim_eb73bfd02cedecb1"", ""parent_claim_id"": ""A02656_1"", ""reason_code"": null, ""stage"": ""CLAIM_SPLIT"", ""started_at"": ""2026-08-26T02:07:01.991979+00:00"", ""status"": ""PASS""}, {""attempt"": 1, ""child_claim_id"": ""claim_eb73bfd02cedecb1"", ""code_version"": ""admission-recovery-v3"", ""data_version"": ""claim-schema-v1"", ""finished_at"": ""2026-08-26T02:07:01.991979+00:00"", ""input_hash"": ""a3bdc7afe889187766eaa9ca8483855da0d963a2610b960ea6c86755de602e45"", ""output_ref"": ""claim_eb73bfd02cedecb1"", ""parent_claim_id"": ""A02656_1"", ""reason_code"": null, ""stage"": ""CLAIM_PARSE"", ""started_at"": ""2026-08-26T02:07:01.991979+00:00"", ""status"": ""PASS""}]"
A02656_1,3,claim_3c5ead72888df203,claim_dce9c30d9e392f18,31만2000명,"만1000명, 16만6000명, 31만2000명… 지난해 같은 기간 대비 늘어난 올해 7~9월 월별 취업자 수다.",취업자 수,312000.0,명,2025년 9월,월,,취업자,null,"{""operand_source"": ""OFFICIAL_EVIDENCE"", ""reference_period"": ""2024-09"", ""type"": ""YEAR_OVER_YEAR""}",DIFFERENCE,"{""direction"": ""INCREASE""}",,AUTO_OK,,MULTI_CLAIM_SPLIT,KOSIS_PIPELINE_ELIGIBLE,HOLD,AS_OF_UNAVAILABLE,,N,UNDETERMINED,HOLD,AS_OF_UNAVAILABLE,N,,2,1,"{""canonical_name"": ""취업자 수"", ""concept_id"": ""C000008"", ""kosis_search_terms"": [], ""matched_alias"": ""취업자 수"", ""standard_key"": ""employment_count"", ""status"": ""MATCHED""}","[{""canonical_key"": ""ORG=101|TBL=DT_1DA7001S|ITM=T30|OBJ=B|MEMBER=계|PRD_SE=월|PRD_DE=2025-09"", ""dimension_codes"": {""B"": ""0""}, ""dimension_members"": {""B"": ""계""}, ""itm_id"": ""T30"", ""member_code"": ""계"", ""obj_id"": ""B"", ""org_id"": ""101"", ""prd_de"": ""2025-09"", ""prd_se"": ""월"", ""status"": ""CONFIRMED"", ""tbl_id"": ""DT_1DA7001S"", ""unit"": ""천명""}, {""canonical_key"": ""ORG=101|TBL=DT_1DA7001S|ITM=T30|OBJ=B|MEMBER=계|PRD_SE=월|PRD_DE=2024-09"", ""dimension_codes"": {""B"": ""0""}, ""dimension_members"": {""B"": ""계""}, ""itm_id"": ""T30"", ""member_code"": ""계"", ""obj_id"": ""B"", ""org_id"": ""101"", ""prd_de"": ""2024-09"", ""prd_se"": ""월"", ""status"": ""CONFIRMED"", ""tbl_id"": ""DT_1DA7001S"", ""unit"": ""천명""}]","[{""content_hash"": ""24c53e0edceb39d99e467726c3742e7e27bfa3556e630a3c79a05e324016a57e"", ""evidence_key"": ""ORG=101|TBL=DT_1DA7001S|ITM=T30|OBJ=B|MEMBER=계|PRD_SE=월|PRD_DE=2025-09"", ""publication"": {""content_hash"": ""f78731dcd05f2fd1b1828abf8df84146edb219be908115f20060354ccc706b4b"", ""coverage_end_period"": null, ""coverage_start_period"": null, ""evidence_scope"": ""PERIOD"", ""pub_date_text"": ""조사기준 월 익월"", ""pub_period"": ""월"", ""publication_method_url"": ""https://www.kostat.go.kr/board.es?act=list&mid=a10301010000&keyField=T&bid=210&keyWord=2025%EB%85%84+9%EC%9B%94+%EA%B3%A0%EC%9A%A9%EB%8F%99%ED%96%A5"", ""published_at"": ""2025-10-17"", ""reference_period"": ""2025-09"", ""retrieved_at"": ""2026-08-26T02:04:16.666046Z"", ""source_url"": ""https://www.kostat.go.kr/board.es?mid=a10301010000&bid=210&act=view&list_no=438842&tag=&nPage=1&ref_bid="", ""status"": ""VERIFIED""}, ""retrieved_at"": ""2026-08-26T02:06:44.375210Z"", ""source"": ""API"", ""source_url"": ""https://kosis.kr/openapi/Param/statisticsParameterData.do?method=getList&orgId=101&tblId=DT_1DA7001S&itmId=T30&prdSe=M&startPrdDe=202509&endPrdDe=202509&objL1=0"", ""value_last_changed_at"": ""2025-10-29""}]","{""eligible_for_official_search"": true, ""entries"": [{""required"": true, ""slot"": ""indicator"", ""status"": ""SOURCE"", ""value"": ""취업자 수""}, {""required"": true, ""slot"": ""value"", ""status"": ""SOURCE"", ""value"": 312000.0}, {""required"": true, ""slot"": ""unit"", ""status"": ""SOURCE"", ""value"": ""명""}, {""required"": true, ""slot"": ""time"", ""status"": ""SOURCE"", ""value"": ""2025년 9월""}, {""required"": false, ""slot"": ""frequency"", ""status"": ""SOURCE"", ""value"": ""월""}, {""required"": false, ""slot"": ""region"", ""status"": ""NOT_APPLICABLE"", ""value"": null}, {""required"": false, ""slot"": ""population"", ""status"": ""SOURCE"", ""value"": ""취업자""}, {""required"": false, ""slot"": ""dimension"", ""status"": ""NOT_APPLICABLE"", ""value"": null}, {""required"": true, ""slot"": ""comparison"", ""status"": ""SOURCE"", ""value"": {""operand_source"": ""OFFICIAL_EVIDENCE"", ""reference_period"": ""2024-09"", ""type"": ""YEAR_OVER_YEAR""}}, {""required"": true, ""slot"": ""calculation"", ""status"": ""SOURCE"", ""value"": ""DIFFERENCE""}, {""required"": true, ""slot"": ""condition"", ""status"": ""SOURCE"", ""value"": {""direction"": ""INCREASE""}}, {""required"": false, ""slot"": ""source_hint"", ""status"": ""NOT_APPLICABLE"", ""value"": null}], ""reason_codes"": []}","[{""attempt"": 1, ""child_claim_id"": ""claim_dce9c30d9e392f18"", ""code_version"": ""admission-recovery-v3"", ""data_version"": ""claim-schema-v1"", ""finished_at"": ""2026-08-26T02:07:01.991979+00:00"", ""input_hash"": ""a3bdc7afe889187766eaa9ca8483855da0d963a2610b960ea6c86755de602e45"", ""output_ref"": ""claim_dce9c30d9e392f18"", ""parent_claim_id"": ""A02656_1"", ""reason_code"": null, ""stage"": ""CLAIM_SPLIT"", ""started_at"": ""2026-08-26T02:07:01.991979+00:00"", ""status"": ""PASS""}, {""attempt"": 1, ""child_claim_id"": ""claim_dce9c30d9e392f18"", ""code_version"": ""admission-recovery-v3"", ""data_version"": ""claim-schema-v1"", ""finished_at"": ""2026-08-26T02:07:01.991979+00:00"", ""input_hash"": ""a3bdc7afe889187766eaa9ca8483855da0d963a2610b960ea6c86755de602e45"", ""output_ref"": ""claim_dce9c30d9e392f18"", ""parent_claim_id"": ""A02656_1"", ""reason_code"": null, ""stage"": ""CLAIM_PARSE"", ""started_at"": ""2026-08-26T02:07:01.991979+00:00"", ""status"": ""PASS""}]"
A02661_3,1,claim_5f58fe9138cdce63,claim_c01aacd154d67734,168만8000명,"국가데이터처가 28일 발표한 '2025년 상반기 지역별 고용조사'에 따르면, 상반기 비거주복지시설운영업 취업자는 지난해 상반기보다 168만8000명으로 13만5000명 증가해 산업소분류 가운데 가장 큰 폭으로 늘었다.",취업자,1688000.0,명,2025년 상반기,반기,대한민국,비거주복지시설운영업 취업자,"{""industry"": ""비거주복지시설운영업""}","{""change_unit"": ""명"", ""change_value"": ""135000"", ""reference_period"": ""2024년 상반기"", ""type"": ""YEAR_OVER_YEAR""}",DIRECT_VALUE,"{""direction"": ""INCREASE"", ""ranking_statement"": ""산업소분류 가운데 가장 큰 폭으로 증가""}","국가데이터처, 2025년 상반기 지역별 고용조사",AUTO_OK,,MULTI_CLAIM_SPLIT,KOSIS_PIPELINE_ELIGIBLE,HOLD,NO_HARD_GUARD_CANDIDATE,,N,UNDETERMINED,HOLD,NO_HARD_GUARD_CANDIDATE,N,,0,0,"{""canonical_name"": ""취업자 수"", ""concept_id"": ""C000008"", ""kosis_search_terms"": [""경제활동인구조사 취업자"", ""산업별 취업자""], ""matched_alias"": ""취업자"", ""standard_key"": ""employment_count"", ""status"": ""MATCHED""}",[],[],"{""eligible_for_official_search"": true, ""entries"": [{""required"": true, ""slot"": ""indicator"", ""status"": ""SOURCE"", ""value"": ""취업자""}, {""required"": true, ""slot"": ""value"", ""status"": ""SOURCE"", ""value"": 1688000.0}, {""required"": true, ""slot"": ""unit"", ""status"": ""SOURCE"", ""value"": ""명""}, {""required"": true, ""slot"": ""time"", ""status"": ""SOURCE"", ""value"": ""2025년 상반기""}, {""required"": false, ""slot"": ""frequency"", ""status"": ""SOURCE"", ""value"": ""반기""}, {""required"": false, ""slot"": ""region"", ""status"": ""SOURCE"", ""value"": ""대한민국""}, {""required"": false, ""slot"": ""population"", ""status"": ""SOURCE"", ""value"": ""비거주복지시설운영업 취업자""}, {""required"": false, ""slot"": ""dimension"", ""status"": ""SOURCE"", ""value"": {""industry"": ""비거주복지시설운영업""}}, {""required"": false, ""slot"": ""comparison"", ""status"": ""SOURCE"", ""value"": {""change_unit"": ""명"", ""change_value"": ""135000"", ""reference_period"": ""2024년 상반기"", ""type"": ""YEAR_OVER_YEAR""}}, {""required"": true, ""slot"": ""calculation"", ""status"": ""SOURCE"", ""value"": ""DIRECT_VALUE""}, {""required"": false, ""slot"": ""condition"", ""status"": ""SOURCE"", ""value"": {""direction"": ""INCREASE"", ""ranking_statement"": ""산업소분류 가운데 가장 큰 폭으로 증가""}}, {""required"": false, ""slot"": ""source_hint"", ""status"": ""SOURCE"", ""value"": ""국가데이터처, 2025년 상반기 지역별 고용조사""}], ""reason_codes"": []}","[{""attempt"": 1, ""child_claim_id"": ""claim_c01aacd154d67734"", ""code_version"": ""admission-recovery-v3"", ""data_version"": ""claim-schema-v1"", ""finished_at"": ""2026-08-26T02:07:58.711710+00:00"", ""input_hash"": ""0c8eebe0655a527489ccb780d6af9bcf7f628b868ad3bcc84ae14a12a69c4839"", ""output_ref"": ""claim_c01aacd154d67734"", ""parent_claim_id"": ""A02661_3"", ""reason_code"": null, ""stage"": ""CLAIM_SPLIT"", ""started_at"": ""2026-08-26T02:07:58.711710+00:00"", ""status"": ""PASS""}, {""attempt"": 1, ""child_claim_id"": ""claim_c01aacd154d67734"", ""code_version"": ""admission-recovery-v3"", ""data_version"": ""claim-schema-v1"", ""finished_at"": ""2026-08-26T02:07:58.711710+00:00"", ""input_hash"": ""0c8eebe0655a527489ccb780d6af9bcf7f628b868ad3bcc84ae14a12a69c4839"", ""output_ref"": ""claim_c01aacd154d67734"", ""parent_claim_id"": ""A02661_3"", ""reason_code"": null, ""stage"": ""CLAIM_PARSE"", ""started_at"": ""2026-08-26T02:07:58.711710+00:00"", ""status"": ""PASS""}]"
A02681_3,1,claim_16ca1f40e351972d,claim_cd8c5836ffd27341,117.42(2020년=100),"국가데이터처가 4일 발표한 '10월 소비자물가동향'에 따르면, 지난달 소비자물가지수는 117.42(2020년=100)로 전년 동월 대비 0.3% 올랐다.",소비자물가지수,117.42,지수(2020년=100),2025년 10월,월,대한민국,,null,"{""rate"": ""0.3"", ""reference_period"": ""2024-10"", ""type"": ""YEAR_OVER_YEAR"", ""unit"": ""%""}",DIRECT_VALUE,"{""direction"": ""INCREASE""}","국가데이터처, 10월 소비자물가동향",HOLD,TARGET_VALUE_NOT_IN_SOURCE_SENTENCE,MULTI_CLAIM_SPLIT,CONTEXT_REQUIRED,HUMAN_REVIEW,TARGET_VALUE_NOT_IN_SOURCE_SENTENCE,,N,,,,N,,0,0,null,[],[],"{""eligible_for_official_search"": true, ""entries"": [{""required"": true, ""slot"": ""indicator"", ""status"": ""SOURCE"", ""value"": ""소비자물가지수""}, {""required"": true, ""slot"": ""value"", ""status"": ""SOURCE"", ""value"": 117.42}, {""required"": true, ""slot"": ""unit"", ""status"": ""SOURCE"", ""value"": ""지수(2020년=100)""}, {""required"": true, ""slot"": ""time"", ""status"": ""SOURCE"", ""value"": ""2025년 10월""}, {""required"": false, ""slot"": ""frequency"", ""status"": ""SOURCE"", ""value"": ""월""}, {""required"": false, ""slot"": ""region"", ""status"": ""SOURCE"", ""value"": ""대한민국""}, {""required"": false, ""slot"": ""population"", ""status"": ""NOT_APPLICABLE"", ""value"": null}, {""required"": false, ""slot"": ""dimension"", ""status"": ""NOT_APPLICABLE"", ""value"": null}, {""required"": false, ""slot"": ""comparison"", ""status"": ""SOURCE"", ""value"": {""rate"": ""0.3"", ""reference_period"": ""2024-10"", ""type"": ""YEAR_OVER_YEAR"", ""unit"": ""%""}}, {""required"": true, ""slot"": ""calculation"", ""status"": ""SOURCE"", ""value"": ""DIRECT_VALUE""}, {""required"": false, ""slot"": ""condition"", ""status"": ""SOURCE"", ""value"": {""direction"": ""INCREASE""}}, {""required"": false, ""slot"": ""source_hint"", ""status"": ""SOURCE"", ""value"": ""국가데이터처, 10월 소비자물가동향""}], ""reason_codes"": []}","[{""attempt"": 1, ""child_claim_id"": ""claim_cd8c5836ffd27341"", ""code_version"": ""admission-recovery-v3"", ""data_version"": ""claim-schema-v1"", ""finished_at"": ""2026-08-26T02:08:07.915443+00:00"", ""input_hash"": ""067b786c3f780eff119ecc79c1d5d6278b351d5d23d4edb2af27751c02ffafab"", ""output_ref"": ""claim_cd8c5836ffd27341"", ""parent_claim_id"": ""A02681_3"", ""reason_code"": null, ""stage"": ""CLAIM_SPLIT"", ""started_at"": ""2026-08-26T02:08:07.915443+00:00"", ""status"": ""PASS""}, {""attempt"": 1, ""child_claim_id"": ""claim_cd8c5836ffd27341"", ""code_version"": ""admission-recovery-v3"", ""data_version"": ""claim-schema-v1"", ""finished_at"": ""2026-08-26T02:08:07.915443+00:00"", ""input_hash"": ""067b786c3f780eff119ecc79c1d5d6278b351d5d23d4edb2af27751c02ffafab"", ""output_ref"": ""claim_cd8c5836ffd27341"", ""parent_claim_id"": ""A02681_3"", ""reason_code"": ""TARGET_VALUE_NOT_IN_SOURCE_SENTENCE"", ""stage"": ""CLAIM_PARSE"", ""started_at"": ""2026-08-26T02:08:07.915443+00:00"", ""status"": ""HUMAN_REVIEW""}]"
A02682_6,1,claim_27c0ce7c302f1a13,claim_dfb149c3ca8e7a2d,3.5%,가공식품 물가는 전년 같은 달 대비 3.5% 오르면서 전체 물가를 0.30%포인트 끌어올렸다.,,,,,,,,null,null,,null,,HOLD,문장에 전년 동월 대비 가공식품 물가 상승률 3.5%와 전체 물가를 끌어올린 기여도 0.30%포인트라는 서로 독립적으로 검증 가능한 수치가 함께 있어 단일 타깃으로 안전하게 구조화할 수 없음,MULTI_CLAIM_SPLIT,STRUCTURAL_HOLD,HUMAN_REVIEW,문장에 전년 동월 대비 가공식품 물가 상승률 3.5%와 전체 물가를 끌어올린 기여도 0.30%포인트라는 서로 독립적으로 검증 가능한 수치가 함께 있어 단일 타깃으로 안전하게 구조화할 수 없음,,Y,,,,N,,0,0,null,[],[],"{""eligible_for_official_search"": false, ""entries"": [{""required"": true, ""slot"": ""indicator"", ""status"": ""MISSING"", ""value"": null}, {""required"": true, ""slot"": ""value"", ""status"": ""MISSING"", ""value"": null}, {""required"": true, ""slot"": ""unit"", ""status"": ""MISSING"", ""value"": null}, {""required"": true, ""slot"": ""time"", ""status"": ""MISSING"", ""value"": null}, {""required"": false, ""slot"": ""frequency"", ""status"": ""NOT_APPLICABLE"", ""value"": null}, {""required"": false, ""slot"": ""region"", ""status"": ""NOT_APPLICABLE"", ""value"": null}, {""required"": false, ""slot"": ""population"", ""status"": ""NOT_APPLICABLE"", ""value"": null}, {""required"": false, ""slot"": ""dimension"", ""status"": ""NOT_APPLICABLE"", ""value"": null}, {""required"": false, ""slot"": ""comparison"", ""status"": ""NOT_APPLICABLE"", ""value"": null}, {""required"": true, ""slot"": ""calculation"", ""status"": ""MISSING"", ""value"": null}, {""required"": false, ""slot"": ""condition"", ""status"": ""NOT_APPLICABLE"", ""value"": null}, {""required"": false, ""slot"": ""source_hint"", ""status"": ""NOT_APPLICABLE"", ""value"": null}], ""reason_codes"": [""MISSING_REQUIRED_SLOTS:indicator,value,unit,time,calculation""]}","[{""attempt"": 1, ""child_claim_id"": ""claim_dfb149c3ca8e7a2d"", ""code_version"": ""admission-recovery-v3"", ""data_version"": ""claim-schema-v1"", ""finished_at"": ""2026-08-26T03:29:41.732791+00:00"", ""input_hash"": ""a99e8b1b78aeb1c5fae5ea479da880d42af7152cd6519f5407a6b8a803e2fd2b"", ""output_ref"": ""claim_dfb149c3ca8e7a2d"", ""parent_claim_id"": ""A02682_6"", ""reason_code"": null, ""stage"": ""CLAIM_SPLIT"", ""started_at"": ""2026-08-26T03:29:41.732791+00:00"", ""status"": ""PASS""}, {""attempt"": 1, ""child_claim_id"": ""claim_dfb149c3ca8e7a2d"", ""code_version"": ""admission-recovery-v3"", ""data_version"": ""claim-schema-v1"", ""finished_at"": ""2026-08-26T03:29:41.732791+00:00"", ""input_hash"": ""a99e8b1b78aeb1c5fae5ea479da880d42af7152cd6519f5407a6b8a803e2fd2b"", ""output_ref"": ""claim_dfb149c3ca8e7a2d"", ""parent_claim_id"": ""A02682_6"", ""reason_code"": ""문장에 전년 동월 대비 가공식품 물가 상승률 3.5%와 전체 물가를 끌어올린 기여도 0.30%포인트라는 서로 독립적으로 검증 가능한 수치가 함께 있어 단일 타깃으로 안전하게 구조화할 수 없음"", ""stage"": ""CLAIM_PARSE"", ""started_at"": ""2026-08-26T03:29:41.732791+00:00"", ""status"": ""HUMAN_REVIEW""}]"
A02682_6,2,claim_2577c2711f54fe7c,claim_8e93ff5b7d796bb5,0.30%포인트,가공식품 물가는 전년 같은 달 대비 3.5% 오르면서 전체 물가를 0.30%포인트 끌어올렸다.,전체 물가 상승 기여도,0.3,%포인트,,,,,"{""item"": ""가공식품""}",null,DIRECT_VALUE,"{""direction"": ""INCREASE""}",,HOLD,"목표 수치인 전체 물가에 대한 가공식품의 상승 기여도는 추출되지만, 대상 시점이 본문에 명시되지 않았습니다.",MULTI_CLAIM_SPLIT,STRUCTURAL_HOLD,HUMAN_REVIEW,"목표 수치인 전체 물가에 대한 가공식품의 상승 기여도는 추출되지만, 대상 시점이 본문에 명시되지 않았습니다.",,Y,,,,N,,0,0,null,[],[],"{""eligible_for_official_search"": false, ""entries"": [{""required"": true, ""slot"": ""indicator"", ""status"": ""CONTEXT"", ""value"": ""전체 물가 상승 기여도""}, {""required"": true, ""slot"": ""value"", ""status"": ""SOURCE"", ""value"": 0.3}, {""required"": true, ""slot"": ""unit"", ""status"": ""SOURCE"", ""value"": ""%포인트""}, {""required"": true, ""slot"": ""time"", ""status"": ""MISSING"", ""value"": null}, {""required"": false, ""slot"": ""frequency"", ""status"": ""NOT_APPLICABLE"", ""value"": null}, {""required"": false, ""slot"": ""region"", ""status"": ""NOT_APPLICABLE"", ""value"": null}, {""required"": false, ""slot"": ""population"", ""status"": ""NOT_APPLICABLE"", ""value"": null}, {""required"": false, ""slot"": ""dimension"", ""status"": ""CONTEXT"", ""value"": {""item"": ""가공식품""}}, {""required"": false, ""slot"": ""comparison"", ""status"": ""NOT_APPLICABLE"", ""value"": null}, {""required"": true, ""slot"": ""calculation"", ""status"": ""SOURCE"", ""value"": ""DIRECT_VALUE""}, {""required"": false, ""slot"": ""condition"", ""status"": ""SOURCE"", ""value"": {""direction"": ""INCREASE""}}, {""required"": false, ""slot"": ""source_hint"", ""status"": ""NOT_APPLICABLE"", ""value"": null}], ""reason_codes"": [""MISSING_REQUIRED_SLOTS:time""]}","[{""attempt"": 1, ""child_claim_id"": ""claim_8e93ff5b7d796bb5"", ""code_version"": ""admission-recovery-v3"", ""data_version"": ""claim-schema-v1"", ""finished_at"": ""2026-08-26T03:29:41.733795+00:00"", ""input_hash"": ""a99e8b1b78aeb1c5fae5ea479da880d42af7152cd6519f5407a6b8a803e2fd2b"", ""output_ref"": ""claim_8e93ff5b7d796bb5"", ""parent_claim_id"": ""A02682_6"", ""reason_code"": null, ""stage"": ""CLAIM_SPLIT"", ""started_at"": ""2026-08-26T03:29:41.733795+00:00"", ""status"": ""PASS""}, {""attempt"": 1, ""child_claim_id"": ""claim_8e93ff5b7d796bb5"", ""code_version"": ""admission-recovery-v3"", ""data_version"": ""claim-schema-v1"", ""finished_at"": ""2026-08-26T03:29:41.733795+00:00"", ""input_hash"": ""a99e8b1b78aeb1c5fae5ea479da880d42af7152cd6519f5407a6b8a803e2fd2b"", ""output_ref"": ""claim_8e93ff5b7d796bb5"", ""parent_claim_id"": ""A02682_6"", ""reason_code"": ""목표 수치인 전체 물가에 대한 가공식품의 상승 기여도는 추출되지만, 대상 시점이 본문에 명시되지 않았습니다."", ""stage"": ""CLAIM_PARSE"", ""started_at"": ""2026-08-26T03:29:41.733795+00:00"", ""status"": ""HUMAN_REVIEW""}]"
A02682_9,1,claim_16c9c5b669aa1ee1,claim_569daa144ea226ec,5.3%,"축산물과 수산물 물가는 지난해 같은달 대비 5.3%, 5.9% 올랐다.",물가,5.3,%,지난해 같은달 대비 현재월,월간,,,"{""item"": ""축산물""}","{""reference_period"": ""지난해 같은달"", ""type"": ""YEAR_OVER_YEAR""}",GROWTH_RATE,"{""direction"": ""INCREASE""}",,HOLD,문장에 축산물 5.3%와 수산물 5.9%라는 독립적으로 검증 가능한 두 증감 수치가 함께 있어 단일 Claim으로 확정할 수 없음,MULTI_CLAIM_SPLIT,STRUCTURAL_HOLD,HUMAN_REVIEW,문장에 축산물 5.3%와 수산물 5.9%라는 독립적으로 검증 가능한 두 증감 수치가 함께 있어 단일 Claim으로 확정할 수 없음,,N,,,,N,,0,0,null,[],[],"{""eligible_for_official_search"": true, ""entries"": [{""required"": true, ""slot"": ""indicator"", ""status"": ""SOURCE"", ""value"": ""물가""}, {""required"": true, ""slot"": ""value"", ""status"": ""SOURCE"", ""value"": 5.3}, {""required"": true, ""slot"": ""unit"", ""status"": ""SOURCE"", ""value"": ""%""}, {""required"": true, ""slot"": ""time"", ""status"": ""SOURCE"", ""value"": ""지난해 같은달 대비 현재월""}, {""required"": false, ""slot"": ""frequency"", ""status"": ""SOURCE"", ""value"": ""월간""}, {""required"": false, ""slot"": ""region"", ""status"": ""NOT_APPLICABLE"", ""value"": null}, {""required"": false, ""slot"": ""population"", ""status"": ""NOT_APPLICABLE"", ""value"": null}, {""required"": false, ""slot"": ""dimension"", ""status"": ""SOURCE"", ""value"": {""item"": ""축산물""}}, {""required"": true, ""slot"": ""comparison"", ""status"": ""SOURCE"", ""value"": {""reference_period"": ""지난해 같은달"", ""type"": ""YEAR_OVER_YEAR""}}, {""required"": true, ""slot"": ""calculation"", ""status"": ""SOURCE"", ""value"": ""GROWTH_RATE""}, {""required"": true, ""slot"": ""condition"", ""status"": ""SOURCE"", ""value"": {""direction"": ""INCREASE""}}, {""required"": false, ""slot"": ""source_hint"", ""status"": ""NOT_APPLICABLE"", ""value"": null}], ""reason_codes"": []}","[{""attempt"": 1, ""child_claim_id"": ""claim_569daa144ea226ec"", ""code_version"": ""admission-recovery-v3"", ""data_version"": ""claim-schema-v1"", ""finished_at"": ""2026-08-26T02:09:43.402859+00:00"", ""input_hash"": ""6a37a5044c64c297ca9abbdb5a409b085b340253719e25d9079bd3dd2ed2b1f5"", ""output_ref"": ""claim_569daa144ea226ec"", ""parent_claim_id"": ""A02682_9"", ""reason_code"": null, ""stage"": ""CLAIM_SPLIT"", ""started_at"": ""2026-08-26T02:09:43.402859+00:00"", ""status"": ""PASS""}, {""attempt"": 1, ""child_claim_id"": ""claim_569daa144ea226ec"", ""code_version"": ""admission-recovery-v3"", ""data_version"": ""claim-schema-v1"", ""finished_at"": ""2026-08-26T02:09:43.402859+00:00"", ""input_hash"": ""6a37a5044c64c297ca9abbdb5a409b085b340253719e25d9079bd3dd2ed2b1f5"", ""output_ref"": ""claim_569daa144ea226ec"", ""parent_claim_id"": ""A02682_9"", ""reason_code"": ""문장에 축산물 5.3%와 수산물 5.9%라는 독립적으로 검증 가능한 두 증감 수치가 함께 있어 단일 Claim으로 확정할 수 없음"", ""stage"": ""CLAIM_PARSE"", ""started_at"": ""2026-08-26T02:09:43.402859+00:00"", ""status"": ""HUMAN_REVIEW""}]"
A02682_9,2,claim_a66cfa10dc420e98,claim_f398fc58c2c7a721,5.9%,"축산물과 수산물 물가는 지난해 같은달 대비 5.3%, 5.9% 올랐다.",물가,5.9,%,2025년 10월,월,,,"{""item"": ""수산물""}","{""reference_period"": ""2024-10"", ""type"": ""YEAR_OVER_YEAR""}",GROWTH_RATE,"{""direction"": ""INCREASE""}",기사 게재일 2025-11-04 기준 해당 월 물가,AUTO_OK,,MULTI_CLAIM_SPLIT,KOSIS_PIPELINE_ELIGIBLE,HOLD,NO_EVIDENCE_COORDINATE_CANDIDATE,,N,UNDETERMINED,HOLD,NO_EVIDENCE_COORDINATE_CANDIDATE,N,,0,0,"{""canonical_name"": ""물가"", ""concept_id"": ""OBSERVED:f4d16c8379abbc0f"", ""kosis_search_terms"": [""물가""], ""matched_alias"": ""물가"", ""standard_key"": ""observed_indicator_f4d16c8379abbc0f"", ""status"": ""MATCHED""}",[],[],"{""eligible_for_official_search"": true, ""entries"": [{""required"": true, ""slot"": ""indicator"", ""status"": ""SOURCE"", ""value"": ""물가""}, {""required"": true, ""slot"": ""value"", ""status"": ""SOURCE"", ""value"": 5.9}, {""required"": true, ""slot"": ""unit"", ""status"": ""SOURCE"", ""value"": ""%""}, {""required"": true, ""slot"": ""time"", ""status"": ""SOURCE"", ""value"": ""2025년 10월""}, {""required"": false, ""slot"": ""frequency"", ""status"": ""SOURCE"", ""value"": ""월""}, {""required"": false, ""slot"": ""region"", ""status"": ""NOT_APPLICABLE"", ""value"": null}, {""required"": false, ""slot"": ""population"", ""status"": ""NOT_APPLICABLE"", ""value"": null}, {""required"": false, ""slot"": ""dimension"", ""status"": ""SOURCE"", ""value"": {""item"": ""수산물""}}, {""required"": true, ""slot"": ""comparison"", ""status"": ""SOURCE"", ""value"": {""reference_period"": ""2024-10"", ""type"": ""YEAR_OVER_YEAR""}}, {""required"": true, ""slot"": ""calculation"", ""status"": ""SOURCE"", ""value"": ""GROWTH_RATE""}, {""required"": true, ""slot"": ""condition"", ""status"": ""SOURCE"", ""value"": {""direction"": ""INCREASE""}}, {""required"": false, ""slot"": ""source_hint"", ""status"": ""SOURCE"", ""value"": ""기사 게재일 2025-11-04 기준 해당 월 물가""}], ""reason_codes"": []}","[{""attempt"": 1, ""child_claim_id"": ""claim_f398fc58c2c7a721"", ""code_version"": ""admission-recovery-v3"", ""data_version"": ""claim-schema-v1"", ""finished_at"": ""2026-08-26T02:09:43.402859+00:00"", ""input_hash"": ""6a37a5044c64c297ca9abbdb5a409b085b340253719e25d9079bd3dd2ed2b1f5"", ""output_ref"": ""claim_f398fc58c2c7a721"", ""parent_claim_id"": ""A02682_9"", ""reason_code"": null, ""stage"": ""CLAIM_SPLIT"", ""started_at"": ""2026-08-26T02:09:43.402859+00:00"", ""status"": ""PASS""}, {""attempt"": 1, ""child_claim_id"": ""claim_f398fc58c2c7a721"", ""code_version"": ""admission-recovery-v3"", ""data_version"": ""claim-schema-v1"", ""finished_at"": ""2026-08-26T02:09:43.402859+00:00"", ""input_hash"": ""6a37a5044c64c297ca9abbdb5a409b085b340253719e25d9079bd3dd2ed2b1f5"", ""output_ref"": ""claim_f398fc58c2c7a721"", ""parent_claim_id"": ""A02682_9"", ""reason_code"": null, ""stage"": ""CLAIM_PARSE"", ""started_at"": ""2026-08-26T02:09:43.402859+00:00"", ""status"": ""PASS""}]"
A02701_3,1,claim_68783c5d74281af2,claim_94c91fd0faa4a4d7,23만7000명,"9일 국가데이터처의 경제활동인구 마이크로데이터에 따르면, 1964년생 상용근로자는 2023년 기준(59세) 29만1000명이었으나 지난해(60세)에는 23만7000명으로 5만4000명 감소했다.",상용근로자 수,237000.0,명,2024,연간,,1964년생 상용근로자,"{""age"": ""60세""}","{""reference_period"": ""2023"", ""reference_value"": ""291000"", ""type"": ""YEAR_OVER_YEAR""}",DIRECT_VALUE,null,국가데이터처 경제활동인구 마이크로데이터,AUTO_OK,,MULTI_CLAIM_SPLIT,KOSIS_PIPELINE_ELIGIBLE,HOLD,NO_HARD_GUARD_CANDIDATE,,N,UNDETERMINED,HOLD,NO_HARD_GUARD_CANDIDATE,N,,0,0,"{""canonical_name"": ""상용근로자 수"", ""concept_id"": ""OBSERVED:736d4ce564b6d52f"", ""kosis_search_terms"": [""상용근로자 수""], ""matched_alias"": ""상용근로자 수"", ""standard_key"": ""observed_indicator_736d4ce564b6d52f"", ""status"": ""MATCHED""}",[],[],"{""eligible_for_official_search"": true, ""entries"": [{""required"": true, ""slot"": ""indicator"", ""status"": ""SOURCE"", ""value"": ""상용근로자 수""}, {""required"": true, ""slot"": ""value"", ""status"": ""SOURCE"", ""value"": 237000.0}, {""required"": true, ""slot"": ""unit"", ""status"": ""SOURCE"", ""value"": ""명""}, {""required"": true, ""slot"": ""time"", ""status"": ""CONTEXT"", ""value"": ""2024""}, {""required"": false, ""slot"": ""frequency"", ""status"": ""CONTEXT"", ""value"": ""연간""}, {""required"": false, ""slot"": ""region"", ""status"": ""NOT_APPLICABLE"", ""value"": null}, {""required"": false, ""slot"": ""population"", ""status"": ""SOURCE"", ""value"": ""1964년생 상용근로자""}, {""required"": false, ""slot"": ""dimension"", ""status"": ""CONTEXT"", ""value"": {""age"": ""60세""}}, {""required"": false, ""slot"": ""comparison"", ""status"": ""CONTEXT"", ""value"": {""reference_period"": ""2023"", ""reference_value"": ""291000"", ""type"": ""YEAR_OVER_YEAR""}}, {""required"": true, ""slot"": ""calculation"", ""status"": ""CONTEXT"", ""value"": ""DIRECT_VALUE""}, {""required"": false, ""slot"": ""condition"", ""status"": ""NOT_APPLICABLE"", ""value"": null}, {""required"": false, ""slot"": ""source_hint"", ""status"": ""SOURCE"", ""value"": ""국가데이터처 경제활동인구 마이크로데이터""}], ""reason_codes"": []}","[{""attempt"": 1, ""child_claim_id"": ""claim_94c91fd0faa4a4d7"", ""code_version"": ""admission-recovery-v3"", ""data_version"": ""claim-schema-v1"", ""finished_at"": ""2026-08-26T02:10:28.630865+00:00"", ""input_hash"": ""9a1514ad889c4e057f24b707f1990b449c0e94da7ec8a5c52cad3415e7b36b4c"", ""output_ref"": ""claim_94c91fd0faa4a4d7"", ""parent_claim_id"": ""A02701_3"", ""reason_code"": null, ""stage"": ""CLAIM_SPLIT"", ""started_at"": ""2026-08-26T02:10:28.630865+00:00"", ""status"": ""PASS""}, {""attempt"": 1, ""child_claim_id"": ""claim_94c91fd0faa4a4d7"", ""code_version"": ""admission-recovery-v3"", ""data_version"": ""claim-schema-v1"", ""finished_at"": ""2026-08-26T02:10:28.630865+00:00"", ""input_hash"": ""9a1514ad889c4e057f24b707f1990b449c0e94da7ec8a5c52cad3415e7b36b4c"", ""output_ref"": ""claim_94c91fd0faa4a4d7"", ""parent_claim_id"": ""A02701_3"", ""reason_code"": null, ""stage"": ""CLAIM_PARSE"", ""started_at"": ""2026-08-26T02:10:28.630865+00:00"", ""status"": ""PASS""}]"
A02704_4,1,claim_b8f33b32705e794d,claim_756f277a80014db8,40.0%,"국가데이터처가 10일 발표한 ’2025년 3분기 기업특성별 무역통계’에 따르면, 3분기 수출액 상위 10개 기업의 무역집중도는 40.0%로 지난해 3분기(37.4%)보다 2.6%포인트 상승했다.",무역집중도,40.0,%,2025년 3분기,분기,대한민국,수출액 상위 10개 기업,"{""기업순위"": ""수출액 상위 10개"", ""무역"": ""수출""}","{""change_value"": ""2.6"", ""operand_unit"": ""%포인트"", ""reference_period"": ""2024년 3분기"", ""reference_value"": ""37.4"", ""type"": ""YEAR_OVER_YEAR""}",GROWTH_RATE,"{""direction"": ""INCREASE""}","국가데이터처, 2025년 3분기 기업특성별 무역통계",AUTO_OK,,MULTI_CLAIM_SPLIT,KOSIS_PIPELINE_ELIGIBLE,HOLD,NO_HARD_GUARD_CANDIDATE,,N,UNDETERMINED,HOLD,NO_HARD_GUARD_CANDIDATE,N,,0,0,"{""canonical_name"": ""무역집중도"", ""concept_id"": ""OBSERVED:cd97b48925657e32"", ""kosis_search_terms"": [""무역집중도""], ""matched_alias"": ""무역집중도"", ""standard_key"": ""observed_indicator_cd97b48925657e32"", ""status"": ""MATCHED""}",[],[],"{""eligible_for_official_search"": true, ""entries"": [{""required"": true, ""slot"": ""indicator"", ""status"": ""SOURCE"", ""value"": ""무역집중도""}, {""required"": true, ""slot"": ""value"", ""status"": ""SOURCE"", ""value"": 40.0}, {""required"": true, ""slot"": ""unit"", ""status"": ""SOURCE"", ""value"": ""%""}, {""required"": true, ""slot"": ""time"", ""status"": ""SOURCE"", ""value"": ""2025년 3분기""}, {""required"": false, ""slot"": ""frequency"", ""status"": ""SOURCE"", ""value"": ""분기""}, {""required"": false, ""slot"": ""region"", ""status"": ""SOURCE"", ""value"": ""대한민국""}, {""required"": false, ""slot"": ""population"", ""status"": ""SOURCE"", ""value"": ""수출액 상위 10개 기업""}, {""required"": false, ""slot"": ""dimension"", ""status"": ""SOURCE"", ""value"": {""기업순위"": ""수출액 상위 10개"", ""무역"": ""수출""}}, {""required"": true, ""slot"": ""comparison"", ""status"": ""SOURCE"", ""value"": {""change_value"": ""2.6"", ""operand_unit"": ""%포인트"", ""reference_period"": ""2024년 3분기"", ""reference_value"": ""37.4"", ""type"": ""YEAR_OVER_YEAR""}}, {""required"": true, ""slot"": ""calculation"", ""status"": ""SOURCE"", ""value"": ""GROWTH_RATE""}, {""required"": true, ""slot"": ""condition"", ""status"": ""SOURCE"", ""value"": {""direction"": ""INCREASE""}}, {""required"": false, ""slot"": ""source_hint"", ""status"": ""SOURCE"", ""value"": ""국가데이터처, 2025년 3분기 기업특성별 무역통계""}], ""reason_codes"": []}","[{""attempt"": 1, ""child_claim_id"": ""claim_756f277a80014db8"", ""code_version"": ""admission-recovery-v3"", ""data_version"": ""claim-schema-v1"", ""finished_at"": ""2026-08-26T02:10:50.941198+00:00"", ""input_hash"": ""de7786d490f53e1f56cdea95e4201effa1d89423c7df548e51912444cfa36cba"", ""output_ref"": ""claim_756f277a80014db8"", ""parent_claim_id"": ""A02704_4"", ""reason_code"": null, ""stage"": ""CLAIM_SPLIT"", ""started_at"": ""2026-08-26T02:10:50.941198+00:00"", ""status"": ""PASS""}, {""attempt"": 1, ""child_claim_id"": ""claim_756f277a80014db8"", ""code_version"": ""admission-recovery-v3"", ""data_version"": ""claim-schema-v1"", ""finished_at"": ""2026-08-26T02:10:50.941198+00:00"", ""input_hash"": ""de7786d490f53e1f56cdea95e4201effa1d89423c7df548e51912444cfa36cba"", ""output_ref"": ""claim_756f277a80014db8"", ""parent_claim_id"": ""A02704_4"", ""reason_code"": null, ""stage"": ""CLAIM_PARSE"", ""started_at"": ""2026-08-26T02:10:50.941198+00:00"", ""status"": ""PASS""}]"
A00041_5,1,claim_12eb47cdfcbdbd6f,claim_b02dc8c186e9d718,3.9%,"175개 품목의 평균 물가 상승폭은 3.9%로, 지난해 연간 소비자물가지수 상승폭(2.3%)을 뛰어넘었다.",평균 물가 상승폭,3.9,%,,연간,,175개 품목,null,"{""reference_indicator"": ""연간 소비자물가지수 상승폭"", ""reference_period"": ""지난해"", ""reference_unit"": ""%"", ""reference_value"": ""2.3"", ""type"": ""YEAR_OVER_YEAR""}",GROWTH_RATE,"{""direction"": ""INCREASE""}",,HOLD,MISSING_REQUIRED_SLOTS:time,MULTI_CLAIM_SPLIT,STRUCTURAL_HOLD,HUMAN_REVIEW,MISSING_REQUIRED_SLOTS:time,,N,,,,N,,0,0,null,[],[],"{""eligible_for_official_search"": false, ""entries"": [{""required"": true, ""slot"": ""indicator"", ""status"": ""SOURCE"", ""value"": ""평균 물가 상승폭""}, {""required"": true, ""slot"": ""value"", ""status"": ""SOURCE"", ""value"": 3.9}, {""required"": true, ""slot"": ""unit"", ""status"": ""SOURCE"", ""value"": ""%""}, {""required"": true, ""slot"": ""time"", ""status"": ""MISSING"", ""value"": null}, {""required"": false, ""slot"": ""frequency"", ""status"": ""SOURCE"", ""value"": ""연간""}, {""required"": false, ""slot"": ""region"", ""status"": ""NOT_APPLICABLE"", ""value"": null}, {""required"": false, ""slot"": ""population"", ""status"": ""SOURCE"", ""value"": ""175개 품목""}, {""required"": false, ""slot"": ""dimension"", ""status"": ""NOT_APPLICABLE"", ""value"": null}, {""required"": true, ""slot"": ""comparison"", ""status"": ""CONTEXT"", ""value"": {""reference_indicator"": ""연간 소비자물가지수 상승폭"", ""reference_period"": ""지난해"", ""reference_unit"": ""%"", ""reference_value"": ""2.3"", ""type"": ""YEAR_OVER_YEAR""}}, {""required"": true, ""slot"": ""calculation"", ""status"": ""SOURCE"", ""value"": ""GROWTH_RATE""}, {""required"": true, ""slot"": ""condition"", ""status"": ""SOURCE"", ""value"": {""direction"": ""INCREASE""}}, {""required"": false, ""slot"": ""source_hint"", ""status"": ""NOT_APPLICABLE"", ""value"": null}], ""reason_codes"": [""MISSING_REQUIRED_SLOTS:time""]}","[{""attempt"": 1, ""child_claim_id"": ""claim_b02dc8c186e9d718"", ""code_version"": ""admission-recovery-v3"", ""data_version"": ""claim-schema-v1"", ""finished_at"": ""2026-08-26T02:10:59.557491+00:00"", ""input_hash"": ""059a907a200336b733229a329915c26f4b43ab94022a34c8792b40c8ade44eb5"", ""output_ref"": ""claim_b02dc8c186e9d718"", ""parent_claim_id"": ""A00041_5"", ""reason_code"": null, ""stage"": ""CLAIM_SPLIT"", ""started_at"": ""2026-08-26T02:10:59.557491+00:00"", ""status"": ""PASS""}, {""attempt"": 1, ""child_claim_id"": ""claim_b02dc8c186e9d718"", ""code_version"": ""admission-recovery-v3"", ""data_version"": ""claim-schema-v1"", ""finished_at"": ""2026-08-26T02:10:59.557491+00:00"", ""input_hash"": ""059a907a200336b733229a329915c26f4b43ab94022a34c8792b40c8ade44eb5"", ""output_ref"": ""claim_b02dc8c186e9d718"", ""parent_claim_id"": ""A00041_5"", ""reason_code"": ""MISSING_REQUIRED_SLOTS:time"", ""stage"": ""CLAIM_PARSE"", ""started_at"": ""2026-08-26T02:10:59.557491+00:00"", ""status"": ""HUMAN_REVIEW""}]"
A00070_11,1,claim_155c3f8814001494,claim_a9f29200a840b948,1168억3800만달러,"대중 수출은 지난 2010년(1168억3800만달러)부터 1000억달러선을 넘어섰고, 2021년에는 1629억1300만달러까지 늘어났지만 이후 감소세가 눈에 띄었다.",수출액,116838000000.0,USD,2010,annual,,,"{""trade_partner"": ""중국""}","{""reference_period"": ""2010년부터"", ""reference_value"": ""100000000000""}",DIRECT_VALUE,null,,AUTO_OK,,MULTI_CLAIM_SPLIT,KOSIS_PIPELINE_ELIGIBLE,HOLD,NO_EVIDENCE_COORDINATE_CANDIDATE,,N,UNDETERMINED,HOLD,NO_EVIDENCE_COORDINATE_CANDIDATE,N,,0,0,"{""canonical_name"": ""수출액"", ""concept_id"": ""C000003"", ""kosis_search_terms"": [""수출입총괄"", ""국가별 수출액 수입액"", ""수출금액""], ""matched_alias"": ""수출액"", ""standard_key"": ""export_value"", ""status"": ""MATCHED""}",[],[],"{""eligible_for_official_search"": true, ""entries"": [{""required"": true, ""slot"": ""indicator"", ""status"": ""SOURCE"", ""value"": ""수출액""}, {""required"": true, ""slot"": ""value"", ""status"": ""SOURCE"", ""value"": 116838000000.0}, {""required"": true, ""slot"": ""unit"", ""status"": ""SOURCE"", ""value"": ""USD""}, {""required"": true, ""slot"": ""time"", ""status"": ""SOURCE"", ""value"": ""2010""}, {""required"": false, ""slot"": ""frequency"", ""status"": ""SOURCE"", ""value"": ""annual""}, {""required"": false, ""slot"": ""region"", ""status"": ""NOT_APPLICABLE"", ""value"": null}, {""required"": false, ""slot"": ""population"", ""status"": ""NOT_APPLICABLE"", ""value"": null}, {""required"": false, ""slot"": ""dimension"", ""status"": ""SOURCE"", ""value"": {""trade_partner"": ""중국""}}, {""required"": false, ""slot"": ""comparison"", ""status"": ""SOURCE"", ""value"": {""reference_period"": ""2010년부터"", ""reference_value"": ""100000000000""}}, {""required"": true, ""slot"": ""calculation"", ""status"": ""SOURCE"", ""value"": ""DIRECT_VALUE""}, {""required"": false, ""slot"": ""condition"", ""status"": ""NOT_APPLICABLE"", ""value"": null}, {""required"": false, ""slot"": ""source_hint"", ""status"": ""NOT_APPLICABLE"", ""value"": null}], ""reason_codes"": []}","[{""attempt"": 1, ""child_claim_id"": ""claim_a9f29200a840b948"", ""code_version"": ""admission-recovery-v3"", ""data_version"": ""claim-schema-v1"", ""finished_at"": ""2026-08-26T02:12:34.530280+00:00"", ""input_hash"": ""6a4946867755ab1311fe19c1e10084e3b4d1e7e73f426727be05cf275b41de7a"", ""output_ref"": ""claim_a9f29200a840b948"", ""parent_claim_id"": ""A00070_11"", ""reason_code"": null, ""stage"": ""CLAIM_SPLIT"", ""started_at"": ""2026-08-26T02:12:34.530280+00:00"", ""status"": ""PASS""}, {""attempt"": 1, ""child_claim_id"": ""claim_a9f29200a840b948"", ""code_version"": ""admission-recovery-v3"", ""data_version"": ""claim-schema-v1"", ""finished_at"": ""2026-08-26T02:12:34.530280+00:00"", ""input_hash"": ""6a4946867755ab1311fe19c1e10084e3b4d1e7e73f426727be05cf275b41de7a"", ""output_ref"": ""claim_a9f29200a840b948"", ""parent_claim_id"": ""A00070_11"", ""reason_code"": null, ""stage"": ""CLAIM_PARSE"", ""started_at"": ""2026-08-26T02:12:34.530280+00:00"", ""status"": ""PASS""}]"
A00070_11,2,claim_a27e0beb2a34ddf3,claim_d1b8123832d0589f,1629억1300만달러,"대중 수출은 지난 2010년(1168억3800만달러)부터 1000억달러선을 넘어섰고, 2021년에는 1629억1300만달러까지 늘어났지만 이후 감소세가 눈에 띄었다.",수출액,162913000000.0,달러,2021년,연간,대중,,null,"{""reference_period"": ""2010년"", ""reference_unit"": ""달러"", ""reference_value"": ""116838000000"", ""relation"": ""증가""}",DIRECT_VALUE,null,,AUTO_OK,,MULTI_CLAIM_SPLIT,KOSIS_PIPELINE_ELIGIBLE,HOLD,NO_EVIDENCE_COORDINATE_CANDIDATE,,N,UNDETERMINED,HOLD,NO_EVIDENCE_COORDINATE_CANDIDATE,N,,0,0,"{""canonical_name"": ""수출액"", ""concept_id"": ""C000003"", ""kosis_search_terms"": [""수출입총괄"", ""국가별 수출액 수입액"", ""수출금액""], ""matched_alias"": ""수출액"", ""standard_key"": ""export_value"", ""status"": ""MATCHED""}",[],[],"{""eligible_for_official_search"": true, ""entries"": [{""required"": true, ""slot"": ""indicator"", ""status"": ""SOURCE"", ""value"": ""수출액""}, {""required"": true, ""slot"": ""value"", ""status"": ""SOURCE"", ""value"": 162913000000.0}, {""required"": true, ""slot"": ""unit"", ""status"": ""SOURCE"", ""value"": ""달러""}, {""required"": true, ""slot"": ""time"", ""status"": ""SOURCE"", ""value"": ""2021년""}, {""required"": false, ""slot"": ""frequency"", ""status"": ""SOURCE"", ""value"": ""연간""}, {""required"": false, ""slot"": ""region"", ""status"": ""SOURCE"", ""value"": ""대중""}, {""required"": false, ""slot"": ""population"", ""status"": ""NOT_APPLICABLE"", ""value"": null}, {""required"": false, ""slot"": ""dimension"", ""status"": ""NOT_APPLICABLE"", ""value"": null}, {""required"": false, ""slot"": ""comparison"", ""status"": ""SOURCE"", ""value"": {""reference_period"": ""2010년"", ""reference_unit"": ""달러"", ""reference_value"": ""116838000000"", ""relation"": ""증가""}}, {""required"": true, ""slot"": ""calculation"", ""status"": ""SOURCE"", ""value"": ""DIRECT_VALUE""}, {""required"": false, ""slot"": ""condition"", ""status"": ""NOT_APPLICABLE"", ""value"": null}, {""required"": false, ""slot"": ""source_hint"", ""status"": ""NOT_APPLICABLE"", ""value"": null}], ""reason_codes"": []}","[{""attempt"": 1, ""child_claim_id"": ""claim_d1b8123832d0589f"", ""code_version"": ""admission-recovery-v3"", ""data_version"": ""claim-schema-v1"", ""finished_at"": ""2026-08-26T02:12:34.530280+00:00"", ""input_hash"": ""6a4946867755ab1311fe19c1e10084e3b4d1e7e73f426727be05cf275b41de7a"", ""output_ref"": ""claim_d1b8123832d0589f"", ""parent_claim_id"": ""A00070_11"", ""reason_code"": null, ""stage"": ""CLAIM_SPLIT"", ""started_at"": ""2026-08-26T02:12:34.530280+00:00"", ""status"": ""PASS""}, {""attempt"": 1, ""child_claim_id"": ""claim_d1b8123832d0589f"", ""code_version"": ""admission-recovery-v3"", ""data_version"": ""claim-schema-v1"", ""finished_at"": ""2026-08-26T02:12:34.530280+00:00"", ""input_hash"": ""6a4946867755ab1311fe19c1e10084e3b4d1e7e73f426727be05cf275b41de7a"", ""output_ref"": ""claim_d1b8123832d0589f"", ""parent_claim_id"": ""A00070_11"", ""reason_code"": null, ""stage"": ""CLAIM_PARSE"", ""started_at"": ""2026-08-26T02:12:34.530280+00:00"", ""status"": ""PASS""}]"
A00308_3,1,claim_c15918a1987e652a,claim_1a97c4c94a780c50,0.1%,"성장률이 3개 분기 연속으로 0.1% 이하를 기록한 것은 외환 위기 직격탄을 맞은 1997년 4분기(-0.6%), 1998년 1분기(-6.7%), 2분기(-0.8%) 이후 26년 만에 처음이다.",성장률,0.1,%,기사 발표 시점 기준 최근 3개 분기,분기,,,null,"{""elapsed_years"": ""26"", ""reference_period"": ""1997년 4분기~1998년 2분기"", ""type"": ""FIRST_SINCE""}",THRESHOLD,"{""operator"": ""LTE"", ""threshold_unit"": ""%"", ""threshold_value"": ""0.1""}",기사 본문,HOLD,RELATIVE_TIME_UNRESOLVED,MULTI_CLAIM_SPLIT,CONTEXT_REQUIRED,HUMAN_REVIEW,RELATIVE_TIME_UNRESOLVED,,N,,,,N,,0,0,null,[],[],"{""eligible_for_official_search"": true, ""entries"": [{""required"": true, ""slot"": ""indicator"", ""status"": ""SOURCE"", ""value"": ""성장률""}, {""required"": true, ""slot"": ""value"", ""status"": ""SOURCE"", ""value"": 0.1}, {""required"": true, ""slot"": ""unit"", ""status"": ""SOURCE"", ""value"": ""%""}, {""required"": true, ""slot"": ""time"", ""status"": ""SOURCE"", ""value"": ""기사 발표 시점 기준 최근 3개 분기""}, {""required"": false, ""slot"": ""frequency"", ""status"": ""SOURCE"", ""value"": ""분기""}, {""required"": false, ""slot"": ""region"", ""status"": ""NOT_APPLICABLE"", ""value"": null}, {""required"": false, ""slot"": ""population"", ""status"": ""NOT_APPLICABLE"", ""value"": null}, {""required"": false, ""slot"": ""dimension"", ""status"": ""NOT_APPLICABLE"", ""value"": null}, {""required"": false, ""slot"": ""comparison"", ""status"": ""SOURCE"", ""value"": {""elapsed_years"": ""26"", ""reference_period"": ""1997년 4분기~1998년 2분기"", ""type"": ""FIRST_SINCE""}}, {""required"": true, ""slot"": ""calculation"", ""status"": ""SOURCE"", ""value"": ""THRESHOLD""}, {""required"": true, ""slot"": ""condition"", ""status"": ""SOURCE"", ""value"": {""operator"": ""LTE"", ""threshold_unit"": ""%"", ""threshold_value"": ""0.1""}}, {""required"": false, ""slot"": ""source_hint"", ""status"": ""SOURCE"", ""value"": ""기사 본문""}], ""reason_codes"": []}","[{""attempt"": 1, ""child_claim_id"": ""claim_1a97c4c94a780c50"", ""code_version"": ""admission-recovery-v3"", ""data_version"": ""claim-schema-v1"", ""finished_at"": ""2026-08-26T02:12:49.934344+00:00"", ""input_hash"": ""f432102e7a60f93093cf61464f340b0cdf03c1115df91509a29ee4654452e60d"", ""output_ref"": ""claim_1a97c4c94a780c50"", ""parent_claim_id"": ""A00308_3"", ""reason_code"": null, ""stage"": ""CLAIM_SPLIT"", ""started_at"": ""2026-08-26T02:12:49.934344+00:00"", ""status"": ""PASS""}, {""attempt"": 1, ""child_claim_id"": ""claim_1a97c4c94a780c50"", ""code_version"": ""admission-recovery-v3"", ""data_version"": ""claim-schema-v1"", ""finished_at"": ""2026-08-26T02:12:49.934344+00:00"", ""input_hash"": ""f432102e7a60f93093cf61464f340b0cdf03c1115df91509a29ee4654452e60d"", ""output_ref"": ""claim_1a97c4c94a780c50"", ""parent_claim_id"": ""A00308_3"", ""reason_code"": ""RELATIVE_TIME_UNRESOLVED"", ""stage"": ""CLAIM_PARSE"", ""started_at"": ""2026-08-26T02:12:49.934344+00:00"", ""status"": ""HUMAN_REVIEW""}]"
A00353_6,1,claim_70d7100e09bca27c,claim_bfa0e51105123802,23.7%,전체 수입차 판매에서 1억원 이상 수입차가 차지하는 비중도 2023년 28.9%에서 작년에는 23.7%로 5.2%포인트 떨어졌다.,전체 수입차 판매 중 1억원 이상 수입차 판매 비중,23.7,%,2024년,년,,전체 수입차 판매,"{""차량 가격"": ""1억원 이상""}","{""change_unit"": ""%포인트"", ""change_value"": ""5.2"", ""reference_period"": ""2023년"", ""reference_value"": ""28.9"", ""type"": ""YEAR_OVER_YEAR""}",SHARE,"{""direction"": ""DECREASE""}",,HOLD,MISSING_REQUIRED_SLOTS:comparison,MULTI_CLAIM_SPLIT,STRUCTURAL_HOLD,HUMAN_REVIEW,MISSING_REQUIRED_SLOTS:comparison,,N,,,,N,,0,0,null,[],[],"{""eligible_for_official_search"": true, ""entries"": [{""required"": true, ""slot"": ""indicator"", ""status"": ""SOURCE"", ""value"": ""전체 수입차 판매 중 1억원 이상 수입차 판매 비중""}, {""required"": true, ""slot"": ""value"", ""status"": ""SOURCE"", ""value"": 23.7}, {""required"": true, ""slot"": ""unit"", ""status"": ""SOURCE"", ""value"": ""%""}, {""required"": true, ""slot"": ""time"", ""status"": ""SOURCE"", ""value"": ""2024년""}, {""required"": false, ""slot"": ""frequency"", ""status"": ""SOURCE"", ""value"": ""년""}, {""required"": false, ""slot"": ""region"", ""status"": ""NOT_APPLICABLE"", ""value"": null}, {""required"": false, ""slot"": ""population"", ""status"": ""SOURCE"", ""value"": ""전체 수입차 판매""}, {""required"": false, ""slot"": ""dimension"", ""status"": ""SOURCE"", ""value"": {""차량 가격"": ""1억원 이상""}}, {""required"": true, ""slot"": ""comparison"", ""status"": ""SOURCE"", ""value"": {""change_unit"": ""%포인트"", ""change_value"": ""5.2"", ""reference_period"": ""2023년"", ""reference_value"": ""28.9"", ""type"": ""YEAR_OVER_YEAR""}}, {""required"": true, ""slot"": ""calculation"", ""status"": ""SOURCE"", ""value"": ""SHARE""}, {""required"": false, ""slot"": ""condition"", ""status"": ""SOURCE"", ""value"": {""direction"": ""DECREASE""}}, {""required"": false, ""slot"": ""source_hint"", ""status"": ""NOT_APPLICABLE"", ""value"": null}], ""reason_codes"": []}","[{""attempt"": 1, ""child_claim_id"": ""claim_bfa0e51105123802"", ""code_version"": ""admission-recovery-v3"", ""data_version"": ""claim-schema-v1"", ""finished_at"": ""2026-08-26T02:12:56.003686+00:00"", ""input_hash"": ""57171837f75d2d0de5f188fa0c2091c0652f22b1c900819ad9af56f04b639e24"", ""output_ref"": ""claim_bfa0e51105123802"", ""parent_claim_id"": ""A00353_6"", ""reason_code"": null, ""stage"": ""CLAIM_SPLIT"", ""started_at"": ""2026-08-26T02:12:56.003686+00:00"", ""status"": ""PASS""}, {""attempt"": 1, ""child_claim_id"": ""claim_bfa0e51105123802"", ""code_version"": ""admission-recovery-v3"", ""data_version"": ""claim-schema-v1"", ""finished_at"": ""2026-08-26T02:12:56.003686+00:00"", ""input_hash"": ""57171837f75d2d0de5f188fa0c2091c0652f22b1c900819ad9af56f04b639e24"", ""output_ref"": ""claim_bfa0e51105123802"", ""parent_claim_id"": ""A00353_6"", ""reason_code"": ""MISSING_REQUIRED_SLOTS:comparison"", ""stage"": ""CLAIM_PARSE"", ""started_at"": ""2026-08-26T02:12:56.003686+00:00"", ""status"": ""HUMAN_REVIEW""}]"
A00622_3,1,claim_0ed26196df5bbc8f,claim_a7b2fd6156d10614,8.6%,작년 수입액은 직전 최대치였던 2018년(13억3200만달러)보다도 8.6% 많다.,수입액,8.6,%,2024년,년,,,null,"{""operand_unit"": ""USD"", ""reference_period"": ""2018"", ""reference_value"": ""1332000000"", ""type"": ""BENCHMARK_COMPARISON""}",GROWTH_RATE,"{""direction"": ""INCREASE""}",기사 원문에 제시된 2018년 직전 최대치 대비 증가율,HOLD,CLAIM_COMPARISON_UNSUPPORTED,MULTI_CLAIM_SPLIT,CONTEXT_REQUIRED,HUMAN_REVIEW,CLAIM_COMPARISON_UNSUPPORTED,,N,,,,N,,0,0,null,[],[],"{""eligible_for_official_search"": true, ""entries"": [{""required"": true, ""slot"": ""indicator"", ""status"": ""SOURCE"", ""value"": ""수입액""}, {""required"": true, ""slot"": ""value"", ""status"": ""SOURCE"", ""value"": 8.6}, {""required"": true, ""slot"": ""unit"", ""status"": ""SOURCE"", ""value"": ""%""}, {""required"": true, ""slot"": ""time"", ""status"": ""CONTEXT"", ""value"": ""2024년""}, {""required"": false, ""slot"": ""frequency"", ""status"": ""CONTEXT"", ""value"": ""년""}, {""required"": false, ""slot"": ""region"", ""status"": ""NOT_APPLICABLE"", ""value"": null}, {""required"": false, ""slot"": ""population"", ""status"": ""NOT_APPLICABLE"", ""value"": null}, {""required"": false, ""slot"": ""dimension"", ""status"": ""NOT_APPLICABLE"", ""value"": null}, {""required"": true, ""slot"": ""comparison"", ""status"": ""CONTEXT"", ""value"": {""operand_unit"": ""USD"", ""reference_period"": ""2018"", ""reference_value"": ""1332000000"", ""type"": ""BENCHMARK_COMPARISON""}}, {""required"": true, ""slot"": ""calculation"", ""status"": ""SOURCE"", ""value"": ""GROWTH_RATE""}, {""required"": true, ""slot"": ""condition"", ""status"": ""SOURCE"", ""value"": {""direction"": ""INCREASE""}}, {""required"": false, ""slot"": ""source_hint"", ""status"": ""CONTEXT"", ""value"": ""기사 원문에 제시된 2018년 직전 최대치 대비 증가율""}], ""reason_codes"": []}","[{""attempt"": 1, ""child_claim_id"": ""claim_a7b2fd6156d10614"", ""code_version"": ""admission-recovery-v3"", ""data_version"": ""claim-schema-v1"", ""finished_at"": ""2026-08-26T02:13:17.679861+00:00"", ""input_hash"": ""866c5b188654c1038c79529da5fabb7827790440cb0d70cb4de280157d4f4d19"", ""output_ref"": ""claim_a7b2fd6156d10614"", ""parent_claim_id"": ""A00622_3"", ""reason_code"": null, ""stage"": ""CLAIM_SPLIT"", ""started_at"": ""2026-08-26T02:13:17.679861+00:00"", ""status"": ""PASS""}, {""attempt"": 1, ""child_claim_id"": ""claim_a7b2fd6156d10614"", ""code_version"": ""admission-recovery-v3"", ""data_version"": ""claim-schema-v1"", ""finished_at"": ""2026-08-26T02:13:17.679861+00:00"", ""input_hash"": ""866c5b188654c1038c79529da5fabb7827790440cb0d70cb4de280157d4f4d19"", ""output_ref"": ""claim_a7b2fd6156d10614"", ""parent_claim_id"": ""A00622_3"", ""reason_code"": ""CLAIM_COMPARISON_UNSUPPORTED"", ""stage"": ""CLAIM_PARSE"", ""started_at"": ""2026-08-26T02:13:17.679861+00:00"", ""status"": ""HUMAN_REVIEW""}]"
A00708_7,1,claim_082ce24adf741f95,claim_4fbbaeda57b9d06e,5000만원,가령 24% 세율이 적용되는 과표 구간은 ‘5000만원 초과 8800만원 이하’인데 작년 소비자물가 지수(114)가 2020년(100)보다 14% 오른 것을 감안해 ‘5700만원 초과 1억원 이하’로 높이자는 것이다.,소비자물가지수,14.0,%,2020년 대비 작년,연간,한국,,"{""tax_base_bracket_current"": ""5000만원 초과 8800만원 이하"", ""tax_base_bracket_proposed"": ""5700만원 초과 1억원 이하"", ""tax_rate"": ""24%""}","{""current_value"": ""114"", ""reference_period"": ""2020년"", ""reference_value"": ""100"", ""type"": ""YEAR_OVER_YEAR""}",GROWTH_RATE,"{""direction"": ""INCREASE""}","기사 문장에 제시된 소비자물가지수(작년 114, 2020년 100)",HOLD,TARGET_VALUE_NOT_IN_SOURCE_SENTENCE,MULTI_CLAIM_SPLIT,CONTEXT_REQUIRED,HUMAN_REVIEW,TARGET_VALUE_NOT_IN_SOURCE_SENTENCE,,N,,,,N,,0,0,null,[],[],"{""eligible_for_official_search"": true, ""entries"": [{""required"": true, ""slot"": ""indicator"", ""status"": ""SOURCE"", ""value"": ""소비자물가지수""}, {""required"": true, ""slot"": ""value"", ""status"": ""SOURCE"", ""value"": 14.0}, {""required"": true, ""slot"": ""unit"", ""status"": ""SOURCE"", ""value"": ""%""}, {""required"": true, ""slot"": ""time"", ""status"": ""SOURCE"", ""value"": ""2020년 대비 작년""}, {""required"": false, ""slot"": ""frequency"", ""status"": ""SOURCE"", ""value"": ""연간""}, {""required"": false, ""slot"": ""region"", ""status"": ""SOURCE"", ""value"": ""한국""}, {""required"": false, ""slot"": ""population"", ""status"": ""NOT_APPLICABLE"", ""value"": null}, {""required"": false, ""slot"": ""dimension"", ""status"": ""SOURCE"", ""value"": {""tax_base_bracket_current"": ""5000만원 초과 8800만원 이하"", ""tax_base_bracket_proposed"": ""5700만원 초과 1억원 이하"", ""tax_rate"": ""24%""}}, {""required"": true, ""slot"": ""comparison"", ""status"": ""SOURCE"", ""value"": {""current_value"": ""114"", ""reference_period"": ""2020년"", ""reference_value"": ""100"", ""type"": ""YEAR_OVER_YEAR""}}, {""required"": true, ""slot"": ""calculation"", ""status"": ""SOURCE"", ""value"": ""GROWTH_RATE""}, {""required"": true, ""slot"": ""condition"", ""status"": ""SOURCE"", ""value"": {""direction"": ""INCREASE""}}, {""required"": false, ""slot"": ""source_hint"", ""status"": ""SOURCE"", ""value"": ""기사 문장에 제시된 소비자물가지수(작년 114, 2020년 100)""}], ""reason_codes"": []}","[{""attempt"": 1, ""child_claim_id"": ""claim_4fbbaeda57b9d06e"", ""code_version"": ""admission-recovery-v3"", ""data_version"": ""claim-schema-v1"", ""finished_at"": ""2026-08-26T02:13:31.727140+00:00"", ""input_hash"": ""afa7e686ecfe045b951d457de4e8a99728904eb37fee384bd6dc0c954be40339"", ""output_ref"": ""claim_4fbbaeda57b9d06e"", ""parent_claim_id"": ""A00708_7"", ""reason_code"": null, ""stage"": ""CLAIM_SPLIT"", ""started_at"": ""2026-08-26T02:13:31.727140+00:00"", ""status"": ""PASS""}, {""attempt"": 1, ""child_claim_id"": ""claim_4fbbaeda57b9d06e"", ""code_version"": ""admission-recovery-v3"", ""data_version"": ""claim-schema-v1"", ""finished_at"": ""2026-08-26T02:13:31.727140+00:00"", ""input_hash"": ""afa7e686ecfe045b951d457de4e8a99728904eb37fee384bd6dc0c954be40339"", ""output_ref"": ""claim_4fbbaeda57b9d06e"", ""parent_claim_id"": ""A00708_7"", ""reason_code"": ""TARGET_VALUE_NOT_IN_SOURCE_SENTENCE"", ""stage"": ""CLAIM_PARSE"", ""started_at"": ""2026-08-26T02:13:31.727140+00:00"", ""status"": ""HUMAN_REVIEW""}]"
A00840_16,1,claim_ef84bbc1bf485bb7,claim_e7bfbc87d1b3f69d,2.9%,"지난달 가공식품 물가는 전년 동월 대비 2.9% 올랐는데, 지난해 1월(3.2%) 이후 13개월 만에 최대 상승폭이다.",가공식품 물가,2.9,%,2025년 2월,월,,,null,"{""duration_since_reference"": ""13개월 만"", ""record_description"": ""최대 상승폭"", ""reference_period"": ""지난해 1월"", ""reference_value"": ""3.2"", ""type"": ""YEAR_OVER_YEAR""}",GROWTH_RATE,"{""direction"": ""INCREASE""}",,AUTO_OK,,MULTI_CLAIM_SPLIT,KOSIS_PIPELINE_ELIGIBLE,HOLD,LOW_SEMANTIC_SCORE,,N,UNDETERMINED,HOLD,LOW_SEMANTIC_SCORE,N,,1,0,"{""canonical_name"": ""물가상승률"", ""concept_id"": ""C000026"", ""kosis_search_terms"": [""소비자물가지수 품목별"", ""소비자물가지수""], ""matched_alias"": ""가공식품 물가"", ""standard_key"": ""inflation_rate"", ""status"": ""MATCHED""}","[{""canonical_key"": ""ORG=101|TBL=DT_1J22005|ITM=T|OBJ=C|MEMBER=전국|PRD_SE=월|PRD_DE=2025-02|DIMS=C:전국,P:식품"", ""dimension_codes"": {""C"": ""T10"", ""P"": ""111""}, ""dimension_members"": {""C"": ""전국"", ""P"": ""식품""}, ""itm_id"": ""T"", ""member_code"": ""전국"", ""obj_id"": ""C"", ""org_id"": ""101"", ""prd_de"": ""2025-02"", ""prd_se"": ""월"", ""status"": ""CONFIRMED"", ""tbl_id"": ""DT_1J22005"", ""unit"": ""2020=100""}]",[],"{""eligible_for_official_search"": true, ""entries"": [{""required"": true, ""slot"": ""indicator"", ""status"": ""SOURCE"", ""value"": ""가공식품 물가""}, {""required"": true, ""slot"": ""value"", ""status"": ""SOURCE"", ""value"": 2.9}, {""required"": true, ""slot"": ""unit"", ""status"": ""SOURCE"", ""value"": ""%""}, {""required"": true, ""slot"": ""time"", ""status"": ""SOURCE"", ""value"": ""2025년 2월""}, {""required"": false, ""slot"": ""frequency"", ""status"": ""SOURCE"", ""value"": ""월""}, {""required"": false, ""slot"": ""region"", ""status"": ""NOT_APPLICABLE"", ""value"": null}, {""required"": false, ""slot"": ""population"", ""status"": ""NOT_APPLICABLE"", ""value"": null}, {""required"": false, ""slot"": ""dimension"", ""status"": ""NOT_APPLICABLE"", ""value"": null}, {""required"": true, ""slot"": ""comparison"", ""status"": ""SOURCE"", ""value"": {""duration_since_reference"": ""13개월 만"", ""record_description"": ""최대 상승폭"", ""reference_period"": ""지난해 1월"", ""reference_value"": ""3.2"", ""type"": ""YEAR_OVER_YEAR""}}, {""required"": true, ""slot"": ""calculation"", ""status"": ""SOURCE"", ""value"": ""GROWTH_RATE""}, {""required"": true, ""slot"": ""condition"", ""status"": ""SOURCE"", ""value"": {""direction"": ""INCREASE""}}, {""required"": false, ""slot"": ""source_hint"", ""status"": ""NOT_APPLICABLE"", ""value"": null}], ""reason_codes"": []}","[{""attempt"": 1, ""child_claim_id"": ""claim_e7bfbc87d1b3f69d"", ""code_version"": ""admission-recovery-v3"", ""data_version"": ""claim-schema-v1"", ""finished_at"": ""2026-08-26T02:14:28.891444+00:00"", ""input_hash"": ""3fbbd9f3221f56c37ce89caff2ad6a9e1bc7d64c0960387f4fbcf3d2b9664b50"", ""output_ref"": ""claim_e7bfbc87d1b3f69d"", ""parent_claim_id"": ""A00840_16"", ""reason_code"": null, ""stage"": ""CLAIM_SPLIT"", ""started_at"": ""2026-08-26T02:14:28.891444+00:00"", ""status"": ""PASS""}, {""attempt"": 1, ""child_claim_id"": ""claim_e7bfbc87d1b3f69d"", ""code_version"": ""admission-recovery-v3"", ""data_version"": ""claim-schema-v1"", ""finished_at"": ""2026-08-26T02:14:28.891444+00:00"", ""input_hash"": ""3fbbd9f3221f56c37ce89caff2ad6a9e1bc7d64c0960387f4fbcf3d2b9664b50"", ""output_ref"": ""claim_e7bfbc87d1b3f69d"", ""parent_claim_id"": ""A00840_16"", ""reason_code"": null, ""stage"": ""CLAIM_PARSE"", ""started_at"": ""2026-08-26T02:14:28.891444+00:00"", ""status"": ""PASS""}]"
A00849_11,1,claim_d16538d7381cefb2,A00849_11,,"작년 1억원 이상 수입차에서 가장 인기 있는 모델 5개 중 SUV가 3개, 세단은 1개였다.",수입액,100000000.0,원,2024,Y,,,null,"{""claimed_operands"": ""[{'raw': '5개', 'value': 5.0, 'unit': '개'}, {'raw': '3개', 'value': 3.0, 'unit': '개'}, {'raw': '1개', 'value': 1.0, 'unit': '개'}]""}",THRESHOLD,"{""operator"": ""GTE""}",,AUTO_OK,,NO_RECOVERY,KOSIS_PIPELINE_ELIGIBLE,HOLD,KOSIS_CATALOG_UNAVAILABLE,f8161c5643c5,Y,,,,N,,0,0,null,[],[],null,[]
A00922_27,1,claim_0182f2a8521e4a75,claim_2c52e902e73bce9c,2817만9000명,"다만, 지난달 15세 이상 전체 취업자는 2817만9000명으로 전년 같은 달보다 13만6000명 늘었다.",취업자,28179000.0,명,2025년 2월,월,,15세 이상 전체,null,"{""change_value"": ""136000"", ""reference_period"": ""전년 같은 달"", ""type"": ""YEAR_OVER_YEAR""}",DIRECT_VALUE,"{""direction"": ""INCREASE""}",,AUTO_OK,,MULTI_CLAIM_SPLIT,KOSIS_PIPELINE_ELIGIBLE,AUTO,WITHIN_TOLERANCE,,N,MATCH,AUTO,WITHIN_TOLERANCE,Y,28178900.0,1,1,"{""canonical_name"": ""취업자 수"", ""concept_id"": ""C000008"", ""kosis_search_terms"": [""경제활동인구조사 취업자"", ""산업별 취업자""], ""matched_alias"": ""전체 취업자"", ""standard_key"": ""employment_count"", ""status"": ""MATCHED""}","[{""canonical_key"": ""ORG=101|TBL=DT_1DA7001S|ITM=T30|OBJ=B|MEMBER=계|PRD_SE=월|PRD_DE=2025-02"", ""dimension_codes"": {""B"": ""0""}, ""dimension_members"": {""B"": ""계""}, ""itm_id"": ""T30"", ""member_code"": ""계"", ""obj_id"": ""B"", ""org_id"": ""101"", ""prd_de"": ""2025-02"", ""prd_se"": ""월"", ""status"": ""CONFIRMED"", ""tbl_id"": ""DT_1DA7001S"", ""unit"": ""천명""}]","[{""content_hash"": ""bc77fbb8858ea3a188bca7f89add192247d3969f63fceedfb11c8000dd206090"", ""evidence_key"": ""ORG=101|TBL=DT_1DA7001S|ITM=T30|OBJ=B|MEMBER=계|PRD_SE=월|PRD_DE=2025-02"", ""publication"": {""content_hash"": ""101982f697efea6b7cedcaff9bfb6ca31b8d900900563e953aee36959ace9d4f"", ""coverage_end_period"": null, ""coverage_start_period"": null, ""evidence_scope"": ""PERIOD"", ""pub_date_text"": ""조사기준 월 익월"", ""pub_period"": ""월"", ""publication_method_url"": ""https://www.kostat.go.kr/board.es?act=list&mid=a10301010000&keyField=T&bid=210&keyWord=2025%EB%85%84+2%EC%9B%94+%EA%B3%A0%EC%9A%A9%EB%8F%99%ED%96%A5"", ""published_at"": ""2025-03-12"", ""reference_period"": ""2025-02"", ""retrieved_at"": ""2026-08-26T02:15:30.057024Z"", ""source_url"": ""https://www.kostat.go.kr/board.es?mid=a10301010000&bid=210&act=view&list_no=435468&tag=&nPage=1&ref_bid="", ""status"": ""VERIFIED""}, ""retrieved_at"": ""2026-08-26T02:15:11.173569Z"", ""source"": ""API"", ""source_url"": ""https://kosis.kr/openapi/Param/statisticsParameterData.do?method=getList&orgId=101&tblId=DT_1DA7001S&itmId=T30&prdSe=M&startPrdDe=202502&endPrdDe=202502&objL1=0"", ""value_last_changed_at"": ""2025-02-27""}]","{""eligible_for_official_search"": true, ""entries"": [{""required"": true, ""slot"": ""indicator"", ""status"": ""SOURCE"", ""value"": ""취업자""}, {""required"": true, ""slot"": ""value"", ""status"": ""SOURCE"", ""value"": 28179000.0}, {""required"": true, ""slot"": ""unit"", ""status"": ""SOURCE"", ""value"": ""명""}, {""required"": true, ""slot"": ""time"", ""status"": ""SOURCE"", ""value"": ""2025년 2월""}, {""required"": false, ""slot"": ""frequency"", ""status"": ""SOURCE"", ""value"": ""월""}, {""required"": false, ""slot"": ""region"", ""status"": ""NOT_APPLICABLE"", ""value"": null}, {""required"": false, ""slot"": ""population"", ""status"": ""SOURCE"", ""value"": ""15세 이상 전체""}, {""required"": false, ""slot"": ""dimension"", ""status"": ""NOT_APPLICABLE"", ""value"": null}, {""required"": false, ""slot"": ""comparison"", ""status"": ""SOURCE"", ""value"": {""change_value"": ""136000"", ""reference_period"": ""전년 같은 달"", ""type"": ""YEAR_OVER_YEAR""}}, {""required"": true, ""slot"": ""calculation"", ""status"": ""SOURCE"", ""value"": ""DIRECT_VALUE""}, {""required"": false, ""slot"": ""condition"", ""status"": ""SOURCE"", ""value"": {""direction"": ""INCREASE""}}, {""required"": false, ""slot"": ""source_hint"", ""status"": ""NOT_APPLICABLE"", ""value"": null}], ""reason_codes"": []}","[{""attempt"": 1, ""child_claim_id"": ""claim_2c52e902e73bce9c"", ""code_version"": ""admission-recovery-v3"", ""data_version"": ""claim-schema-v1"", ""finished_at"": ""2026-08-26T02:15:30.059021+00:00"", ""input_hash"": ""b39651d650674135bb8b3711e0454f1bbd411c14b67e03f4655a7b40dc768015"", ""output_ref"": ""claim_2c52e902e73bce9c"", ""parent_claim_id"": ""A00922_27"", ""reason_code"": null, ""stage"": ""CLAIM_SPLIT"", ""started_at"": ""2026-08-26T02:15:30.059021+00:00"", ""status"": ""PASS""}, {""attempt"": 1, ""child_claim_id"": ""claim_2c52e902e73bce9c"", ""code_version"": ""admission-recovery-v3"", ""data_version"": ""claim-schema-v1"", ""finished_at"": ""2026-08-26T02:15:30.059021+00:00"", ""input_hash"": ""b39651d650674135bb8b3711e0454f1bbd411c14b67e03f4655a7b40dc768015"", ""output_ref"": ""claim_2c52e902e73bce9c"", ""parent_claim_id"": ""A00922_27"", ""reason_code"": null, ""stage"": ""CLAIM_PARSE"", ""started_at"": ""2026-08-26T02:15:30.059021+00:00"", ""status"": ""PASS""}]"
A01103_18,1,claim_813cd81dead363f4,claim_0cc311fbeac2fe4c,5299만원,"◇수입차 최대 수준 보조금 2025년형 ID.4의 가격은 ID.4 Pro Lite가 5299만원, ID.4 Pro가 5999만원으로 9만원 인상에 그쳤다.",가격,5299.0,만원,2025,,,,"{""연식"": ""2025년형"", ""차종"": ""ID.4"", ""트림"": ""Pro Lite""}",null,DIRECT_VALUE,null,기사 원문,AUTO_OK,2025년형 ID.4 Pro Lite의 가격 5299만원이라는 단일 명시 수치를 추출함,MULTI_CLAIM_SPLIT,KOSIS_PIPELINE_ELIGIBLE,HOLD,NO_HARD_GUARD_CANDIDATE,,N,UNDETERMINED,HOLD,NO_HARD_GUARD_CANDIDATE,N,,0,0,"{""canonical_name"": ""가격"", ""concept_id"": ""OBSERVED:38c1b40757a204e5"", ""kosis_search_terms"": [""가격""], ""matched_alias"": ""가격"", ""standard_key"": ""observed_indicator_38c1b40757a204e5"", ""status"": ""MATCHED""}",[],[],"{""eligible_for_official_search"": true, ""entries"": [{""required"": true, ""slot"": ""indicator"", ""status"": ""SOURCE"", ""value"": ""가격""}, {""required"": true, ""slot"": ""value"", ""status"": ""SOURCE"", ""value"": 5299.0}, {""required"": true, ""slot"": ""unit"", ""status"": ""SOURCE"", ""value"": ""만원""}, {""required"": true, ""slot"": ""time"", ""status"": ""SOURCE"", ""value"": ""2025""}, {""required"": false, ""slot"": ""frequency"", ""status"": ""NORMALIZED"", ""value"": ""년""}, {""required"": false, ""slot"": ""region"", ""status"": ""NOT_APPLICABLE"", ""value"": null}, {""required"": false, ""slot"": ""population"", ""status"": ""NOT_APPLICABLE"", ""value"": null}, {""required"": false, ""slot"": ""dimension"", ""status"": ""SOURCE"", ""value"": {""연식"": ""2025년형"", ""차종"": ""ID.4"", ""트림"": ""Pro Lite""}}, {""required"": false, ""slot"": ""comparison"", ""status"": ""NOT_APPLICABLE"", ""value"": null}, {""required"": true, ""slot"": ""calculation"", ""status"": ""SOURCE"", ""value"": ""DIRECT_VALUE""}, {""required"": false, ""slot"": ""condition"", ""status"": ""NOT_APPLICABLE"", ""value"": null}, {""required"": false, ""slot"": ""source_hint"", ""status"": ""SOURCE"", ""value"": ""기사 원문""}], ""reason_codes"": []}","[{""attempt"": 1, ""child_claim_id"": ""claim_0cc311fbeac2fe4c"", ""code_version"": ""admission-recovery-v3"", ""data_version"": ""claim-schema-v1"", ""finished_at"": ""2026-08-26T02:16:18.136274+00:00"", ""input_hash"": ""2d5d71e393b84c4f56e78d3b0af6b73b608a623d5859e57649d7ad3cb221668f"", ""output_ref"": ""claim_0cc311fbeac2fe4c"", ""parent_claim_id"": ""A01103_18"", ""reason_code"": null, ""stage"": ""CLAIM_SPLIT"", ""started_at"": ""2026-08-26T02:16:18.136274+00:00"", ""status"": ""PASS""}, {""attempt"": 1, ""child_claim_id"": ""claim_0cc311fbeac2fe4c"", ""code_version"": ""admission-recovery-v3"", ""data_version"": ""claim-schema-v1"", ""finished_at"": ""2026-08-26T02:16:18.136274+00:00"", ""input_hash"": ""2d5d71e393b84c4f56e78d3b0af6b73b608a623d5859e57649d7ad3cb221668f"", ""output_ref"": ""claim_0cc311fbeac2fe4c"", ""parent_claim_id"": ""A01103_18"", ""reason_code"": null, ""stage"": ""CLAIM_PARSE"", ""started_at"": ""2026-08-26T02:16:18.136274+00:00"", ""status"": ""PASS""}]"
A01103_18,2,claim_fd0b6a6685277a86,claim_b7ca0f60fb485bcf,5999만원,"◇수입차 최대 수준 보조금 2025년형 ID.4의 가격은 ID.4 Pro Lite가 5299만원, ID.4 Pro가 5999만원으로 9만원 인상에 그쳤다.",차량 가격,5999.0,만원,2025,,,,"{""차종"": ""ID.4"", ""트림"": ""ID.4 Pro""}","{""change_value"": ""9만원"", ""direction"": ""INCREASE""}",DIRECT_VALUE,null,기사 원문,AUTO_OK,"2025년형 ID.4 Pro의 가격 5999만원이라는 단일 중심 수치가 명확하며, 함께 제시된 9만원 인상 정보를 비교 항목으로 보존함",MULTI_CLAIM_SPLIT,KOSIS_PIPELINE_ELIGIBLE,HOLD,NO_HARD_GUARD_CANDIDATE,,N,UNDETERMINED,HOLD,NO_HARD_GUARD_CANDIDATE,N,,0,0,"{""canonical_name"": ""차량 가격"", ""concept_id"": ""OBSERVED:4a5473961b85808d"", ""kosis_search_terms"": [""차량 가격""], ""matched_alias"": ""차량 가격"", ""standard_key"": ""observed_indicator_4a5473961b85808d"", ""status"": ""MATCHED""}",[],[],"{""eligible_for_official_search"": true, ""entries"": [{""required"": true, ""slot"": ""indicator"", ""status"": ""SOURCE"", ""value"": ""차량 가격""}, {""required"": true, ""slot"": ""value"", ""status"": ""SOURCE"", ""value"": 5999.0}, {""required"": true, ""slot"": ""unit"", ""status"": ""SOURCE"", ""value"": ""만원""}, {""required"": true, ""slot"": ""time"", ""status"": ""SOURCE"", ""value"": ""2025""}, {""required"": false, ""slot"": ""frequency"", ""status"": ""NORMALIZED"", ""value"": ""년""}, {""required"": false, ""slot"": ""region"", ""status"": ""NOT_APPLICABLE"", ""value"": null}, {""required"": false, ""slot"": ""population"", ""status"": ""NOT_APPLICABLE"", ""value"": null}, {""required"": false, ""slot"": ""dimension"", ""status"": ""SOURCE"", ""value"": {""차종"": ""ID.4"", ""트림"": ""ID.4 Pro""}}, {""required"": false, ""slot"": ""comparison"", ""status"": ""SOURCE"", ""value"": {""change_value"": ""9만원"", ""direction"": ""INCREASE""}}, {""required"": true, ""slot"": ""calculation"", ""status"": ""SOURCE"", ""value"": ""DIRECT_VALUE""}, {""required"": false, ""slot"": ""condition"", ""status"": ""NOT_APPLICABLE"", ""value"": null}, {""required"": false, ""slot"": ""source_hint"", ""status"": ""SOURCE"", ""value"": ""기사 원문""}], ""reason_codes"": []}","[{""attempt"": 1, ""child_claim_id"": ""claim_b7ca0f60fb485bcf"", ""code_version"": ""admission-recovery-v3"", ""data_version"": ""claim-schema-v1"", ""finished_at"": ""2026-08-26T02:16:18.137276+00:00"", ""input_hash"": ""2d5d71e393b84c4f56e78d3b0af6b73b608a623d5859e57649d7ad3cb221668f"", ""output_ref"": ""claim_b7ca0f60fb485bcf"", ""parent_claim_id"": ""A01103_18"", ""reason_code"": null, ""stage"": ""CLAIM_SPLIT"", ""started_at"": ""2026-08-26T02:16:18.137276+00:00"", ""status"": ""PASS""}, {""attempt"": 1, ""child_claim_id"": ""claim_b7ca0f60fb485bcf"", ""code_version"": ""admission-recovery-v3"", ""data_version"": ""claim-schema-v1"", ""finished_at"": ""2026-08-26T02:16:18.137276+00:00"", ""input_hash"": ""2d5d71e393b84c4f56e78d3b0af6b73b608a623d5859e57649d7ad3cb221668f"", ""output_ref"": ""claim_b7ca0f60fb485bcf"", ""parent_claim_id"": ""A01103_18"", ""reason_code"": null, ""stage"": ""CLAIM_PARSE"", ""started_at"": ""2026-08-26T02:16:18.137276+00:00"", ""status"": ""PASS""}]"
A01190_9,1,claim_4caf4e7e701f609f,claim_2c4ff69691162239,3.6%,"지난달 가공식품 물가는 전년 동월 대비 3.6% 올랐는데, 지난해 1월(3.2%) 이후 14개월 만에 최대 증가폭이다.",물가,3.6,%,2025년 3월,월,,,"{""item"": ""가공식품""}","{""reference_period"": ""지난해 1월"", ""reference_value"": ""3.2"", ""type"": ""YEAR_OVER_YEAR""}",GROWTH_RATE,"{""direction"": ""INCREASE""}",,AUTO_OK,,MULTI_CLAIM_SPLIT,KOSIS_PIPELINE_ELIGIBLE,HOLD,AMBIGUOUS_MARGIN,,N,UNDETERMINED,HOLD,AMBIGUOUS_MARGIN,N,,1,0,"{""canonical_name"": ""물가상승률"", ""concept_id"": ""C000026"", ""kosis_search_terms"": [""소비자물가지수 품목별"", ""소비자물가지수""], ""matched_alias"": ""가공식품 물가"", ""standard_key"": ""inflation_rate"", ""status"": ""MATCHED""}","[{""canonical_key"": ""ORG=101|TBL=DT_1J22002|ITM=T|OBJ=C|MEMBER=전국|PRD_SE=월|PRD_DE=2025-03|DIMS=C:전국,J:가공식품"", ""dimension_codes"": {""C"": ""T10"", ""J"": ""2121""}, ""dimension_members"": {""C"": ""전국"", ""J"": ""가공식품""}, ""itm_id"": ""T"", ""member_code"": ""전국"", ""obj_id"": ""C"", ""org_id"": ""101"", ""prd_de"": ""2025-03"", ""prd_se"": ""월"", ""status"": ""CONFIRMED"", ""tbl_id"": ""DT_1J22002"", ""unit"": ""2020=100""}]",[],"{""eligible_for_official_search"": true, ""entries"": [{""required"": true, ""slot"": ""indicator"", ""status"": ""SOURCE"", ""value"": ""물가""}, {""required"": true, ""slot"": ""value"", ""status"": ""SOURCE"", ""value"": 3.6}, {""required"": true, ""slot"": ""unit"", ""status"": ""SOURCE"", ""value"": ""%""}, {""required"": true, ""slot"": ""time"", ""status"": ""SOURCE"", ""value"": ""2025년 3월""}, {""required"": false, ""slot"": ""frequency"", ""status"": ""SOURCE"", ""value"": ""월""}, {""required"": false, ""slot"": ""region"", ""status"": ""NOT_APPLICABLE"", ""value"": null}, {""required"": false, ""slot"": ""population"", ""status"": ""NOT_APPLICABLE"", ""value"": null}, {""required"": false, ""slot"": ""dimension"", ""status"": ""SOURCE"", ""value"": {""item"": ""가공식품""}}, {""required"": true, ""slot"": ""comparison"", ""status"": ""SOURCE"", ""value"": {""reference_period"": ""지난해 1월"", ""reference_value"": ""3.2"", ""type"": ""YEAR_OVER_YEAR""}}, {""required"": true, ""slot"": ""calculation"", ""status"": ""SOURCE"", ""value"": ""GROWTH_RATE""}, {""required"": true, ""slot"": ""condition"", ""status"": ""SOURCE"", ""value"": {""direction"": ""INCREASE""}}, {""required"": false, ""slot"": ""source_hint"", ""status"": ""NOT_APPLICABLE"", ""value"": null}], ""reason_codes"": []}","[{""attempt"": 1, ""child_claim_id"": ""claim_2c4ff69691162239"", ""code_version"": ""admission-recovery-v3"", ""data_version"": ""claim-schema-v1"", ""finished_at"": ""2026-08-26T02:16:40.132065+00:00"", ""input_hash"": ""a043d0779c749ef1524a833fc42ea877e926c1c29d441f849066358ece6d577a"", ""output_ref"": ""claim_2c4ff69691162239"", ""parent_claim_id"": ""A01190_9"", ""reason_code"": null, ""stage"": ""CLAIM_SPLIT"", ""started_at"": ""2026-08-26T02:16:40.132065+00:00"", ""status"": ""PASS""}, {""attempt"": 1, ""child_claim_id"": ""claim_2c4ff69691162239"", ""code_version"": ""admission-recovery-v3"", ""data_version"": ""claim-schema-v1"", ""finished_at"": ""2026-08-26T02:16:40.132065+00:00"", ""input_hash"": ""a043d0779c749ef1524a833fc42ea877e926c1c29d441f849066358ece6d577a"", ""output_ref"": ""claim_2c4ff69691162239"", ""parent_claim_id"": ""A01190_9"", ""reason_code"": null, ""stage"": ""CLAIM_PARSE"", ""started_at"": ""2026-08-26T02:16:40.132065+00:00"", ""status"": ""PASS""}]"
A01489_17,1,claim_f964e8b487419854,claim_7418dcffff676dde,0.9%포인트,김상봉 한성대 경제학과 교수는 “상호 관세 적용 시 연간 성장률이 최대 0.9%포인트까지 내려갈 수 있다”며 “올해 우리 경제 성장률이 1%를 하회할 가능성이 크다”고 했다.,경제 성장률,0.9,%포인트,2025,연간,한국,한국 경제,null,null,DIRECT_VALUE,"{""direction"": ""DECREASE"", ""limit"": ""최대"", ""scenario"": ""상호 관세 적용 시""}",김상봉 한성대 경제학과 교수,AUTO_OK,상호 관세 적용 시 한국의 연간 경제 성장률이 최대 0.9%포인트 하락할 수 있다는 하나의 명확한 수치 주장이다.,MULTI_CLAIM_SPLIT,KOSIS_PIPELINE_ELIGIBLE,HOLD,NO_EVIDENCE_COORDINATE_CANDIDATE,,Y,UNDETERMINED,HOLD,NO_EVIDENCE_COORDINATE_CANDIDATE,N,,0,0,"{""canonical_name"": ""경제성장률"", ""concept_id"": ""C000014"", ""kosis_search_terms"": [], ""matched_alias"": ""경제성장률"", ""standard_key"": ""economic_growth_rate"", ""status"": ""MATCHED""}",[],[],"{""eligible_for_official_search"": true, ""entries"": [{""required"": true, ""slot"": ""indicator"", ""status"": ""CONTEXT"", ""value"": ""경제 성장률""}, {""required"": true, ""slot"": ""value"", ""status"": ""SOURCE"", ""value"": 0.9}, {""required"": true, ""slot"": ""unit"", ""status"": ""SOURCE"", ""value"": ""%포인트""}, {""required"": true, ""slot"": ""time"", ""status"": ""CONTEXT"", ""value"": ""2025""}, {""required"": false, ""slot"": ""frequency"", ""status"": ""SOURCE"", ""value"": ""연간""}, {""required"": false, ""slot"": ""region"", ""status"": ""SOURCE"", ""value"": ""한국""}, {""required"": false, ""slot"": ""population"", ""status"": ""CONTEXT"", ""value"": ""한국 경제""}, {""required"": false, ""slot"": ""dimension"", ""status"": ""NOT_APPLICABLE"", ""value"": null}, {""required"": false, ""slot"": ""comparison"", ""status"": ""NOT_APPLICABLE"", ""value"": null}, {""required"": true, ""slot"": ""calculation"", ""status"": ""CONTEXT"", ""value"": ""DIRECT_VALUE""}, {""required"": false, ""slot"": ""condition"", ""status"": ""CONTEXT"", ""value"": {""direction"": ""DECREASE"", ""limit"": ""최대"", ""scenario"": ""상호 관세 적용 시""}}, {""required"": false, ""slot"": ""source_hint"", ""status"": ""SOURCE"", ""value"": ""김상봉 한성대 경제학과 교수""}], ""reason_codes"": []}","[{""attempt"": 1, ""child_claim_id"": ""claim_7418dcffff676dde"", ""code_version"": ""admission-recovery-v3"", ""data_version"": ""claim-schema-v1"", ""finished_at"": ""2026-08-26T03:30:53.325794+00:00"", ""input_hash"": ""cf7e1ec2d7d879aa987b31fc75aef865decf506813445edbe03739e678ca8e10"", ""output_ref"": ""claim_7418dcffff676dde"", ""parent_claim_id"": ""A01489_17"", ""reason_code"": null, ""stage"": ""CLAIM_SPLIT"", ""started_at"": ""2026-08-26T03:30:53.325794+00:00"", ""status"": ""PASS""}, {""attempt"": 1, ""child_claim_id"": ""claim_7418dcffff676dde"", ""code_version"": ""admission-recovery-v3"", ""data_version"": ""claim-schema-v1"", ""finished_at"": ""2026-08-26T03:30:53.325794+00:00"", ""input_hash"": ""cf7e1ec2d7d879aa987b31fc75aef865decf506813445edbe03739e678ca8e10"", ""output_ref"": ""claim_7418dcffff676dde"", ""parent_claim_id"": ""A01489_17"", ""reason_code"": null, ""stage"": ""CLAIM_PARSE"", ""started_at"": ""2026-08-26T03:30:53.325794+00:00"", ""status"": ""PASS""}]"
A01489_17,2,claim_244686b731b78640,claim_427c05c12bdeeabc,1%,김상봉 한성대 경제학과 교수는 “상호 관세 적용 시 연간 성장률이 최대 0.9%포인트까지 내려갈 수 있다”며 “올해 우리 경제 성장률이 1%를 하회할 가능성이 크다”고 했다.,경제 성장률,,%,2025년,년,한국,,null,null,THRESHOLD,"{""operator"": ""LT"", ""threshold_unit"": ""%"", ""threshold_value"": ""1""}",김상봉 한성대 경제학과 교수 발언,HOLD,MISSING_REQUIRED_SLOTS:value,MULTI_CLAIM_SPLIT,STRUCTURAL_HOLD,HUMAN_REVIEW,MISSING_REQUIRED_SLOTS:value,,Y,,,,N,,0,0,null,[],[],"{""eligible_for_official_search"": false, ""entries"": [{""required"": true, ""slot"": ""indicator"", ""status"": ""SOURCE"", ""value"": ""경제 성장률""}, {""required"": true, ""slot"": ""value"", ""status"": ""MISSING"", ""value"": null}, {""required"": true, ""slot"": ""unit"", ""status"": ""SOURCE"", ""value"": ""%""}, {""required"": true, ""slot"": ""time"", ""status"": ""SOURCE"", ""value"": ""2025년""}, {""required"": false, ""slot"": ""frequency"", ""status"": ""SOURCE"", ""value"": ""년""}, {""required"": false, ""slot"": ""region"", ""status"": ""SOURCE"", ""value"": ""한국""}, {""required"": false, ""slot"": ""population"", ""status"": ""NOT_APPLICABLE"", ""value"": null}, {""required"": false, ""slot"": ""dimension"", ""status"": ""NOT_APPLICABLE"", ""value"": null}, {""required"": false, ""slot"": ""comparison"", ""status"": ""NOT_APPLICABLE"", ""value"": null}, {""required"": true, ""slot"": ""calculation"", ""status"": ""SOURCE"", ""value"": ""THRESHOLD""}, {""required"": true, ""slot"": ""condition"", ""status"": ""SOURCE"", ""value"": {""operator"": ""LT"", ""threshold_unit"": ""%"", ""threshold_value"": ""1""}}, {""required"": false, ""slot"": ""source_hint"", ""status"": ""SOURCE"", ""value"": ""김상봉 한성대 경제학과 교수 발언""}], ""reason_codes"": [""MISSING_REQUIRED_SLOTS:value""]}","[{""attempt"": 1, ""child_claim_id"": ""claim_427c05c12bdeeabc"", ""code_version"": ""admission-recovery-v3"", ""data_version"": ""claim-schema-v1"", ""finished_at"": ""2026-08-26T03:30:53.325794+00:00"", ""input_hash"": ""cf7e1ec2d7d879aa987b31fc75aef865decf506813445edbe03739e678ca8e10"", ""output_ref"": ""claim_427c05c12bdeeabc"", ""parent_claim_id"": ""A01489_17"", ""reason_code"": null, ""stage"": ""CLAIM_SPLIT"", ""started_at"": ""2026-08-26T03:30:53.325794+00:00"", ""status"": ""PASS""}, {""attempt"": 1, ""child_claim_id"": ""claim_427c05c12bdeeabc"", ""code_version"": ""admission-recovery-v3"", ""data_version"": ""claim-schema-v1"", ""finished_at"": ""2026-08-26T03:30:53.325794+00:00"", ""input_hash"": ""cf7e1ec2d7d879aa987b31fc75aef865decf506813445edbe03739e678ca8e10"", ""output_ref"": ""claim_427c05c12bdeeabc"", ""parent_claim_id"": ""A01489_17"", ""reason_code"": ""MISSING_REQUIRED_SLOTS:value"", ""stage"": ""CLAIM_PARSE"", ""started_at"": ""2026-08-26T03:30:53.325794+00:00"", ""status"": ""HUMAN_REVIEW""}]"
A01565_13,1,claim_c91a83f4d40b12ab,claim_ce81c542b080d1ce,11조6000억원,올해 두나무를 포함해 자산총액이 11조6000억원(최근 명목 GDP 확정치의 0.5%) 이상인 기업집단 46곳이 상호출자제한기업집단으로 지정됐다.,상호출자제한기업집단 지정 기준 자산총액,11.6,조원,2025년,년,대한민국,기업집단,"{""designated_group_count"": ""46곳"", ""included_entity"": ""두나무""}","{""reference_indicator"": ""최근 명목 GDP 확정치"", ""reference_period"": ""최근 확정치"", ""reference_share"": ""0.5%""}",THRESHOLD,"{""operator"": ""GTE"", ""threshold_unit"": ""조원"", ""threshold_value"": ""11.6""}",공정거래위원회 기업집단 지정 발표,AUTO_OK,,MULTI_CLAIM_SPLIT,KOSIS_PIPELINE_ELIGIBLE,HOLD,NO_HARD_GUARD_CANDIDATE,,N,UNDETERMINED,HOLD,NO_HARD_GUARD_CANDIDATE,N,,0,0,"{""canonical_name"": ""상호출자제한기업집단 지정 기준 자산총액"", ""concept_id"": ""OBSERVED:50536b51178b2a34"", ""kosis_search_terms"": [""상호출자제한기업집단 지정 기준 자산총액""], ""matched_alias"": ""상호출자제한기업집단 지정 기준 자산총액"", ""standard_key"": ""observed_indicator_50536b51178b2a34"", ""status"": ""MATCHED""}",[],[],"{""eligible_for_official_search"": true, ""entries"": [{""required"": true, ""slot"": ""indicator"", ""status"": ""SOURCE"", ""value"": ""상호출자제한기업집단 지정 기준 자산총액""}, {""required"": true, ""slot"": ""value"", ""status"": ""SOURCE"", ""value"": 11.6}, {""required"": true, ""slot"": ""unit"", ""status"": ""SOURCE"", ""value"": ""조원""}, {""required"": true, ""slot"": ""time"", ""status"": ""SOURCE"", ""value"": ""2025년""}, {""required"": false, ""slot"": ""frequency"", ""status"": ""SOURCE"", ""value"": ""년""}, {""required"": false, ""slot"": ""region"", ""status"": ""SOURCE"", ""value"": ""대한민국""}, {""required"": false, ""slot"": ""population"", ""status"": ""SOURCE"", ""value"": ""기업집단""}, {""required"": false, ""slot"": ""dimension"", ""status"": ""SOURCE"", ""value"": {""designated_group_count"": ""46곳"", ""included_entity"": ""두나무""}}, {""required"": false, ""slot"": ""comparison"", ""status"": ""SOURCE"", ""value"": {""reference_indicator"": ""최근 명목 GDP 확정치"", ""reference_period"": ""최근 확정치"", ""reference_share"": ""0.5%""}}, {""required"": true, ""slot"": ""calculation"", ""status"": ""SOURCE"", ""value"": ""THRESHOLD""}, {""required"": true, ""slot"": ""condition"", ""status"": ""SOURCE"", ""value"": {""operator"": ""GTE"", ""threshold_unit"": ""조원"", ""threshold_value"": ""11.6""}}, {""required"": false, ""slot"": ""source_hint"", ""status"": ""SOURCE"", ""value"": ""공정거래위원회 기업집단 지정 발표""}], ""reason_codes"": []}","[{""attempt"": 1, ""child_claim_id"": ""claim_ce81c542b080d1ce"", ""code_version"": ""admission-recovery-v3"", ""data_version"": ""claim-schema-v1"", ""finished_at"": ""2026-08-26T02:17:14.494780+00:00"", ""input_hash"": ""0f933384331d804f8e0b1ebfa9789e70166b87b30b96e4076493f34e5a1586b4"", ""output_ref"": ""claim_ce81c542b080d1ce"", ""parent_claim_id"": ""A01565_13"", ""reason_code"": null, ""stage"": ""CLAIM_SPLIT"", ""started_at"": ""2026-08-26T02:17:14.494780+00:00"", ""status"": ""PASS""}, {""attempt"": 1, ""child_claim_id"": ""claim_ce81c542b080d1ce"", ""code_version"": ""admission-recovery-v3"", ""data_version"": ""claim-schema-v1"", ""finished_at"": ""2026-08-26T02:17:14.494780+00:00"", ""input_hash"": ""0f933384331d804f8e0b1ebfa9789e70166b87b30b96e4076493f34e5a1586b4"", ""output_ref"": ""claim_ce81c542b080d1ce"", ""parent_claim_id"": ""A01565_13"", ""reason_code"": null, ""stage"": ""CLAIM_PARSE"", ""started_at"": ""2026-08-26T02:17:14.494780+00:00"", ""status"": ""PASS""}]"
A01565_13,2,claim_5f13c1222537880e,claim_f55aaa969abbed54,46곳,올해 두나무를 포함해 자산총액이 11조6000억원(최근 명목 GDP 확정치의 0.5%) 이상인 기업집단 46곳이 상호출자제한기업집단으로 지정됐다.,상호출자제한기업집단 지정 기업집단 수,46.0,곳,2025년,년,대한민국,기업집단,"{""지정기준"": ""자산총액 11조6000억원 이상"", ""포함기업"": ""두나무""}",null,DIRECT_VALUE,null,,AUTO_OK,,MULTI_CLAIM_SPLIT,KOSIS_PIPELINE_ELIGIBLE,HOLD,NO_HARD_GUARD_CANDIDATE,,N,UNDETERMINED,HOLD,NO_HARD_GUARD_CANDIDATE,N,,0,0,"{""canonical_name"": ""상호출자제한기업집단 지정 기업집단 수"", ""concept_id"": ""OBSERVED:46d802c885424b41"", ""kosis_search_terms"": [""상호출자제한기업집단 지정 기업집단 수""], ""matched_alias"": ""상호출자제한기업집단 지정 기업집단 수"", ""standard_key"": ""observed_indicator_46d802c885424b41"", ""status"": ""MATCHED""}",[],[],"{""eligible_for_official_search"": true, ""entries"": [{""required"": true, ""slot"": ""indicator"", ""status"": ""SOURCE"", ""value"": ""상호출자제한기업집단 지정 기업집단 수""}, {""required"": true, ""slot"": ""value"", ""status"": ""SOURCE"", ""value"": 46.0}, {""required"": true, ""slot"": ""unit"", ""status"": ""SOURCE"", ""value"": ""곳""}, {""required"": true, ""slot"": ""time"", ""status"": ""SOURCE"", ""value"": ""2025년""}, {""required"": false, ""slot"": ""frequency"", ""status"": ""SOURCE"", ""value"": ""년""}, {""required"": false, ""slot"": ""region"", ""status"": ""SOURCE"", ""value"": ""대한민국""}, {""required"": false, ""slot"": ""population"", ""status"": ""SOURCE"", ""value"": ""기업집단""}, {""required"": false, ""slot"": ""dimension"", ""status"": ""SOURCE"", ""value"": {""지정기준"": ""자산총액 11조6000억원 이상"", ""포함기업"": ""두나무""}}, {""required"": false, ""slot"": ""comparison"", ""status"": ""NOT_APPLICABLE"", ""value"": null}, {""required"": true, ""slot"": ""calculation"", ""status"": ""SOURCE"", ""value"": ""DIRECT_VALUE""}, {""required"": false, ""slot"": ""condition"", ""status"": ""NOT_APPLICABLE"", ""value"": null}, {""required"": false, ""slot"": ""source_hint"", ""status"": ""NOT_APPLICABLE"", ""value"": null}], ""reason_codes"": []}","[{""attempt"": 1, ""child_claim_id"": ""claim_f55aaa969abbed54"", ""code_version"": ""admission-recovery-v3"", ""data_version"": ""claim-schema-v1"", ""finished_at"": ""2026-08-26T02:17:14.494780+00:00"", ""input_hash"": ""0f933384331d804f8e0b1ebfa9789e70166b87b30b96e4076493f34e5a1586b4"", ""output_ref"": ""claim_f55aaa969abbed54"", ""parent_claim_id"": ""A01565_13"", ""reason_code"": null, ""stage"": ""CLAIM_SPLIT"", ""started_at"": ""2026-08-26T02:17:14.494780+00:00"", ""status"": ""PASS""}, {""attempt"": 1, ""child_claim_id"": ""claim_f55aaa969abbed54"", ""code_version"": ""admission-recovery-v3"", ""data_version"": ""claim-schema-v1"", ""finished_at"": ""2026-08-26T02:17:14.494780+00:00"", ""input_hash"": ""0f933384331d804f8e0b1ebfa9789e70166b87b30b96e4076493f34e5a1586b4"", ""output_ref"": ""claim_f55aaa969abbed54"", ""parent_claim_id"": ""A01565_13"", ""reason_code"": null, ""stage"": ""CLAIM_PARSE"", ""started_at"": ""2026-08-26T02:17:14.494780+00:00"", ""status"": ""PASS""}]"
A01737_12,1,claim_a89607f9f689f43b,claim_d06f6b157e95b812,7%,"코로나 시기였던 지난 2021년 7월(7.2%) 이후 45개월만의 최대치로, 20대 후반 실업률이 7%대에 올라선 것 자체가 2022년 4월(7%) 이후 3년 만이다.",실업률,7.0,%,2025년 4월,월,대한민국,20대 후반,null,"{""elapsed_months"": ""45"", ""reference_period"": ""2021-07"", ""reference_period_2"": ""2022-04"", ""reference_value"": ""7.2"", ""reference_value_2"": ""7"", ""type"": ""HISTORICAL_MAX""}",DIRECT_VALUE,null,기사 본문,AUTO_OK,,MULTI_CLAIM_SPLIT,KOSIS_PIPELINE_ELIGIBLE,HOLD,AMBIGUOUS_MARGIN,,N,UNDETERMINED,HOLD,AMBIGUOUS_MARGIN,N,,1,0,"{""canonical_name"": ""실업률"", ""concept_id"": ""C000007"", ""kosis_search_terms"": [], ""matched_alias"": ""실업률"", ""standard_key"": ""unemployment_rate"", ""status"": ""MATCHED""}","[{""canonical_key"": ""ORG=101|TBL=DT_1DA7001S|ITM=T80|OBJ=B|MEMBER=계|PRD_SE=월|PRD_DE=2025-04"", ""dimension_codes"": {""B"": ""0""}, ""dimension_members"": {""B"": ""계""}, ""itm_id"": ""T80"", ""member_code"": ""계"", ""obj_id"": ""B"", ""org_id"": ""101"", ""prd_de"": ""2025-04"", ""prd_se"": ""월"", ""status"": ""CONFIRMED"", ""tbl_id"": ""DT_1DA7001S"", ""unit"": ""%""}]",[],"{""eligible_for_official_search"": true, ""entries"": [{""required"": true, ""slot"": ""indicator"", ""status"": ""SOURCE"", ""value"": ""실업률""}, {""required"": true, ""slot"": ""value"", ""status"": ""SOURCE"", ""value"": 7.0}, {""required"": true, ""slot"": ""unit"", ""status"": ""SOURCE"", ""value"": ""%""}, {""required"": true, ""slot"": ""time"", ""status"": ""SOURCE"", ""value"": ""2025년 4월""}, {""required"": false, ""slot"": ""frequency"", ""status"": ""SOURCE"", ""value"": ""월""}, {""required"": false, ""slot"": ""region"", ""status"": ""SOURCE"", ""value"": ""대한민국""}, {""required"": false, ""slot"": ""population"", ""status"": ""SOURCE"", ""value"": ""20대 후반""}, {""required"": false, ""slot"": ""dimension"", ""status"": ""NOT_APPLICABLE"", ""value"": null}, {""required"": false, ""slot"": ""comparison"", ""status"": ""SOURCE"", ""value"": {""elapsed_months"": ""45"", ""reference_period"": ""2021-07"", ""reference_period_2"": ""2022-04"", ""reference_value"": ""7.2"", ""reference_value_2"": ""7"", ""type"": ""HISTORICAL_MAX""}}, {""required"": true, ""slot"": ""calculation"", ""status"": ""SOURCE"", ""value"": ""DIRECT_VALUE""}, {""required"": false, ""slot"": ""condition"", ""status"": ""NOT_APPLICABLE"", ""value"": null}, {""required"": false, ""slot"": ""source_hint"", ""status"": ""SOURCE"", ""value"": ""기사 본문""}], ""reason_codes"": []}","[{""attempt"": 1, ""child_claim_id"": ""claim_d06f6b157e95b812"", ""code_version"": ""admission-recovery-v3"", ""data_version"": ""claim-schema-v1"", ""finished_at"": ""2026-08-26T02:18:28.245652+00:00"", ""input_hash"": ""8e20ba047610ac524b0a0058719b56b8931665ad88aaa9ccbbac4f6b2e0cf46e"", ""output_ref"": ""claim_d06f6b157e95b812"", ""parent_claim_id"": ""A01737_12"", ""reason_code"": null, ""stage"": ""CLAIM_SPLIT"", ""started_at"": ""2026-08-26T02:18:28.245652+00:00"", ""status"": ""PASS""}, {""attempt"": 1, ""child_claim_id"": ""claim_d06f6b157e95b812"", ""code_version"": ""admission-recovery-v3"", ""data_version"": ""claim-schema-v1"", ""finished_at"": ""2026-08-26T02:18:28.245652+00:00"", ""input_hash"": ""8e20ba047610ac524b0a0058719b56b8931665ad88aaa9ccbbac4f6b2e0cf46e"", ""output_ref"": ""claim_d06f6b157e95b812"", ""parent_claim_id"": ""A01737_12"", ""reason_code"": null, ""stage"": ""CLAIM_PARSE"", ""started_at"": ""2026-08-26T02:18:28.245652+00:00"", ""status"": ""PASS""}]"
A01737_4,1,claim_c588485a27a5026c,claim_ac87b9d2a82c0da1,2888만7000명,"14일 통계청이 발표한 ‘2025년 4월 고용동향’에 따르면, 지난달 15세 이상 취업자는 2888만7000명으로 전년 동월 대비 19만4000명 늘었다.",취업자,28887000.0,명,2025년 4월,월,대한민국,15세 이상,"{""연령"": ""15세 이상""}","{""change_unit"": ""명"", ""change_value"": ""194000"", ""reference_period"": ""2024년 4월"", ""type"": ""YEAR_OVER_YEAR""}",DIRECT_VALUE,"{""direction"": ""INCREASE""}","통계청, 2025년 4월 고용동향",AUTO_OK,2025년 4월 15세 이상 취업자 수와 전년 동월 대비 증감이 명확히 제시된 단일 수치 주장,MULTI_CLAIM_SPLIT,KOSIS_PIPELINE_ELIGIBLE,HOLD,AMBIGUOUS_MARGIN,,N,UNDETERMINED,HOLD,AMBIGUOUS_MARGIN,N,,1,0,"{""canonical_name"": ""취업자 수"", ""concept_id"": ""C000008"", ""kosis_search_terms"": [""경제활동인구조사 취업자"", ""산업별 취업자""], ""matched_alias"": ""15세 이상 취업자"", ""standard_key"": ""employment_count"", ""status"": ""MATCHED""}","[{""canonical_key"": ""ORG=101|TBL=DT_1DA7001S|ITM=T30|OBJ=B|MEMBER=계|PRD_SE=월|PRD_DE=2025-04"", ""dimension_codes"": {""B"": ""0""}, ""dimension_members"": {""B"": ""계""}, ""itm_id"": ""T30"", ""member_code"": ""계"", ""obj_id"": ""B"", ""org_id"": ""101"", ""prd_de"": ""2025-04"", ""prd_se"": ""월"", ""status"": ""CONFIRMED"", ""tbl_id"": ""DT_1DA7001S"", ""unit"": ""천명""}]",[],"{""eligible_for_official_search"": true, ""entries"": [{""required"": true, ""slot"": ""indicator"", ""status"": ""SOURCE"", ""value"": ""취업자""}, {""required"": true, ""slot"": ""value"", ""status"": ""SOURCE"", ""value"": 28887000.0}, {""required"": true, ""slot"": ""unit"", ""status"": ""SOURCE"", ""value"": ""명""}, {""required"": true, ""slot"": ""time"", ""status"": ""SOURCE"", ""value"": ""2025년 4월""}, {""required"": false, ""slot"": ""frequency"", ""status"": ""SOURCE"", ""value"": ""월""}, {""required"": false, ""slot"": ""region"", ""status"": ""SOURCE"", ""value"": ""대한민국""}, {""required"": false, ""slot"": ""population"", ""status"": ""SOURCE"", ""value"": ""15세 이상""}, {""required"": false, ""slot"": ""dimension"", ""status"": ""SOURCE"", ""value"": {""연령"": ""15세 이상""}}, {""required"": false, ""slot"": ""comparison"", ""status"": ""SOURCE"", ""value"": {""change_unit"": ""명"", ""change_value"": ""194000"", ""reference_period"": ""2024년 4월"", ""type"": ""YEAR_OVER_YEAR""}}, {""required"": true, ""slot"": ""calculation"", ""status"": ""SOURCE"", ""value"": ""DIRECT_VALUE""}, {""required"": false, ""slot"": ""condition"", ""status"": ""SOURCE"", ""value"": {""direction"": ""INCREASE""}}, {""required"": false, ""slot"": ""source_hint"", ""status"": ""SOURCE"", ""value"": ""통계청, 2025년 4월 고용동향""}], ""reason_codes"": []}","[{""attempt"": 1, ""child_claim_id"": ""claim_ac87b9d2a82c0da1"", ""code_version"": ""admission-recovery-v3"", ""data_version"": ""claim-schema-v1"", ""finished_at"": ""2026-08-26T02:19:26.370267+00:00"", ""input_hash"": ""49c999e3ee61bf8ab124a2e295b304c3af8448009957ee8fbb31d5fa0ac1ceca"", ""output_ref"": ""claim_ac87b9d2a82c0da1"", ""parent_claim_id"": ""A01737_4"", ""reason_code"": null, ""stage"": ""CLAIM_SPLIT"", ""started_at"": ""2026-08-26T02:19:26.370267+00:00"", ""status"": ""PASS""}, {""attempt"": 1, ""child_claim_id"": ""claim_ac87b9d2a82c0da1"", ""code_version"": ""admission-recovery-v3"", ""data_version"": ""claim-schema-v1"", ""finished_at"": ""2026-08-26T02:19:26.370267+00:00"", ""input_hash"": ""49c999e3ee61bf8ab124a2e295b304c3af8448009957ee8fbb31d5fa0ac1ceca"", ""output_ref"": ""claim_ac87b9d2a82c0da1"", ""parent_claim_id"": ""A01737_4"", ""reason_code"": null, ""stage"": ""CLAIM_PARSE"", ""started_at"": ""2026-08-26T02:19:26.370267+00:00"", ""status"": ""PASS""}]"
A01924_10,1,claim_f58fdfa21e8042e8,claim_400ebb8b8f545c76,2만1041명,"3월 출생아 수만 놓고 봐도 2만1041명으로 전년 동월 대비 6.8% 늘었는데, 3월 기준으로 지난 1993년 3월(8.9%) 이후 32년 만에 최대 상승폭이다.",출생아 수,21041.0,명,2025년 3월,월,,출생아,null,"{""current_value"": ""6.8"", ""historical_comparison"": ""32년 만에 최대 상승폭"", ""historical_reference_period"": ""1993-03"", ""historical_reference_value"": ""8.9"", ""reference_period"": ""2024-03"", ""type"": ""YEAR_OVER_YEAR""}",DIRECT_VALUE,"{""direction"": ""INCREASE""}",기사 원문,AUTO_OK,,MULTI_CLAIM_SPLIT,KOSIS_PIPELINE_ELIGIBLE,HOLD,AS_OF_UNAVAILABLE,,N,UNDETERMINED,HOLD,AS_OF_UNAVAILABLE,N,,1,1,"{""canonical_name"": ""출생아 수"", ""concept_id"": ""C000019"", ""kosis_search_terms"": [], ""matched_alias"": ""출생아 수"", ""standard_key"": ""birth_count"", ""status"": ""MATCHED""}","[{""canonical_key"": ""ORG=101|TBL=DT_1B8000G|ITM=T1|OBJ=B|MEMBER=전국|PRD_SE=월|PRD_DE=2025-03|DIMS=B:전국,A:출생아수(명)"", ""dimension_codes"": {""A"": ""10"", ""B"": ""00""}, ""dimension_members"": {""A"": ""출생아수(명)"", ""B"": ""전국""}, ""itm_id"": ""T1"", ""member_code"": ""전국"", ""obj_id"": ""B"", ""org_id"": ""101"", ""prd_de"": ""2025-03"", ""prd_se"": ""월"", ""status"": ""CONFIRMED"", ""tbl_id"": ""DT_1B8000G"", ""unit"": ""명""}]","[{""content_hash"": ""4d5c22d67d602042a8fa91fb2a98278accebd23d5c88a3d5669f2577506bc6ac"", ""evidence_key"": ""ORG=101|TBL=DT_1B8000G|ITM=T1|OBJ=B|MEMBER=전국|PRD_SE=월|PRD_DE=2025-03|DIMS=B:전국,A:출생아수(명)"", ""publication"": {""content_hash"": ""882ea1046b8fe06af80e5ccfa2f0e019e4174b51a050363f55714b66573aaacc"", ""coverage_end_period"": null, ""coverage_start_period"": null, ""evidence_scope"": ""PERIOD"", ""pub_date_text"": ""조사기준 년 익년"", ""pub_period"": ""월"", ""publication_method_url"": ""언론(보도자료), 전산망(인터넷), 간행물2024년 5월 인구동향https://mods.go.kr/board.es?mid=a10301020300&amp;bid=204"", ""published_at"": null, ""reference_period"": null, ""retrieved_at"": ""2026-08-26T02:19:58.938962Z"", ""source_url"": ""https://kosis.kr/openapi/statisticsExplData.do?method=getList&format=json&jsonVD=Y&orgId=101&tblId=DT_1B8000G&metaItm=All"", ""status"": ""UNRESOLVED""}, ""retrieved_at"": ""2026-08-26T02:19:55.103458Z"", ""source"": ""API"", ""source_url"": ""https://kosis.kr/openapi/Param/statisticsParameterData.do?method=getList&orgId=101&tblId=DT_1B8000G&itmId=T1&prdSe=M&startPrdDe=202503&endPrdDe=202503&objL1=00&objL2=10"", ""value_last_changed_at"": null}]","{""eligible_for_official_search"": true, ""entries"": [{""required"": true, ""slot"": ""indicator"", ""status"": ""SOURCE"", ""value"": ""출생아 수""}, {""required"": true, ""slot"": ""value"", ""status"": ""SOURCE"", ""value"": 21041.0}, {""required"": true, ""slot"": ""unit"", ""status"": ""SOURCE"", ""value"": ""명""}, {""required"": true, ""slot"": ""time"", ""status"": ""SOURCE"", ""value"": ""2025년 3월""}, {""required"": false, ""slot"": ""frequency"", ""status"": ""SOURCE"", ""value"": ""월""}, {""required"": false, ""slot"": ""region"", ""status"": ""NOT_APPLICABLE"", ""value"": null}, {""required"": false, ""slot"": ""population"", ""status"": ""SOURCE"", ""value"": ""출생아""}, {""required"": false, ""slot"": ""dimension"", ""status"": ""NOT_APPLICABLE"", ""value"": null}, {""required"": false, ""slot"": ""comparison"", ""status"": ""SOURCE"", ""value"": {""current_value"": ""6.8"", ""historical_comparison"": ""32년 만에 최대 상승폭"", ""historical_reference_period"": ""1993-03"", ""historical_reference_value"": ""8.9"", ""reference_period"": ""2024-03"", ""type"": ""YEAR_OVER_YEAR""}}, {""required"": true, ""slot"": ""calculation"", ""status"": ""SOURCE"", ""value"": ""DIRECT_VALUE""}, {""required"": false, ""slot"": ""condition"", ""status"": ""SOURCE"", ""value"": {""direction"": ""INCREASE""}}, {""required"": false, ""slot"": ""source_hint"", ""status"": ""SOURCE"", ""value"": ""기사 원문""}], ""reason_codes"": []}","[{""attempt"": 1, ""child_claim_id"": ""claim_400ebb8b8f545c76"", ""code_version"": ""admission-recovery-v3"", ""data_version"": ""claim-schema-v1"", ""finished_at"": ""2026-08-26T02:19:58.938962+00:00"", ""input_hash"": ""2dc216e2759a4ddb6fab87fd85b1a11bc51ead50fcd948ebcdbfe4642e1969fb"", ""output_ref"": ""claim_400ebb8b8f545c76"", ""parent_claim_id"": ""A01924_10"", ""reason_code"": null, ""stage"": ""CLAIM_SPLIT"", ""started_at"": ""2026-08-26T02:19:58.938962+00:00"", ""status"": ""PASS""}, {""attempt"": 1, ""child_claim_id"": ""claim_400ebb8b8f545c76"", ""code_version"": ""admission-recovery-v3"", ""data_version"": ""claim-schema-v1"", ""finished_at"": ""2026-08-26T02:19:58.938962+00:00"", ""input_hash"": ""2dc216e2759a4ddb6fab87fd85b1a11bc51ead50fcd948ebcdbfe4642e1969fb"", ""output_ref"": ""claim_400ebb8b8f545c76"", ""parent_claim_id"": ""A01924_10"", ""reason_code"": null, ""stage"": ""CLAIM_PARSE"", ""started_at"": ""2026-08-26T02:19:58.938962+00:00"", ""status"": ""PASS""}]"
A01924_9,1,claim_a91758e1b4b33569,claim_8f0445efe878985f,6만5000명,분기별 출생아 수가 6만5000명을 넘어선 것 자체도 지난 2022년 1분기(6만8339명) 이후 3년 만이다.,출생아 수,,명,2025년 1분기,분기,,출생아,null,"{""reference_period"": ""2022년 1분기"", ""reference_value"": ""68339""}",THRESHOLD,"{""operator"": ""GT"", ""threshold_unit"": ""명"", ""threshold_value"": ""65000""}","기사 발행일 2025-05-28, 문장의 '이후 3년 만'에 따라 대상 시점을 2025년 1분기로 해석",HOLD,MISSING_REQUIRED_SLOTS:value,MULTI_CLAIM_SPLIT,STRUCTURAL_HOLD,HUMAN_REVIEW,MISSING_REQUIRED_SLOTS:value,,N,,,,N,,0,0,null,[],[],"{""eligible_for_official_search"": false, ""entries"": [{""required"": true, ""slot"": ""indicator"", ""status"": ""SOURCE"", ""value"": ""출생아 수""}, {""required"": true, ""slot"": ""value"", ""status"": ""MISSING"", ""value"": null}, {""required"": true, ""slot"": ""unit"", ""status"": ""SOURCE"", ""value"": ""명""}, {""required"": true, ""slot"": ""time"", ""status"": ""SOURCE"", ""value"": ""2025년 1분기""}, {""required"": false, ""slot"": ""frequency"", ""status"": ""SOURCE"", ""value"": ""분기""}, {""required"": false, ""slot"": ""region"", ""status"": ""NOT_APPLICABLE"", ""value"": null}, {""required"": false, ""slot"": ""population"", ""status"": ""SOURCE"", ""value"": ""출생아""}, {""required"": false, ""slot"": ""dimension"", ""status"": ""NOT_APPLICABLE"", ""value"": null}, {""required"": false, ""slot"": ""comparison"", ""status"": ""SOURCE"", ""value"": {""reference_period"": ""2022년 1분기"", ""reference_value"": ""68339""}}, {""required"": true, ""slot"": ""calculation"", ""status"": ""SOURCE"", ""value"": ""THRESHOLD""}, {""required"": true, ""slot"": ""condition"", ""status"": ""SOURCE"", ""value"": {""operator"": ""GT"", ""threshold_unit"": ""명"", ""threshold_value"": ""65000""}}, {""required"": false, ""slot"": ""source_hint"", ""status"": ""SOURCE"", ""value"": ""기사 발행일 2025-05-28, 문장의 '이후 3년 만'에 따라 대상 시점을 2025년 1분기로 해석""}], ""reason_codes"": [""MISSING_REQUIRED_SLOTS:value""]}","[{""attempt"": 1, ""child_claim_id"": ""claim_8f0445efe878985f"", ""code_version"": ""admission-recovery-v3"", ""data_version"": ""claim-schema-v1"", ""finished_at"": ""2026-08-26T02:20:09.596520+00:00"", ""input_hash"": ""4785e10da04da2de8a9433994e9f15d3906ea36a5c5915a2262c2199c0552539"", ""output_ref"": ""claim_8f0445efe878985f"", ""parent_claim_id"": ""A01924_9"", ""reason_code"": null, ""stage"": ""CLAIM_SPLIT"", ""started_at"": ""2026-08-26T02:20:09.596520+00:00"", ""status"": ""PASS""}, {""attempt"": 1, ""child_claim_id"": ""claim_8f0445efe878985f"", ""code_version"": ""admission-recovery-v3"", ""data_version"": ""claim-schema-v1"", ""finished_at"": ""2026-08-26T02:20:09.596520+00:00"", ""input_hash"": ""4785e10da04da2de8a9433994e9f15d3906ea36a5c5915a2262c2199c0552539"", ""output_ref"": ""claim_8f0445efe878985f"", ""parent_claim_id"": ""A01924_9"", ""reason_code"": ""MISSING_REQUIRED_SLOTS:value"", ""stage"": ""CLAIM_PARSE"", ""started_at"": ""2026-08-26T02:20:09.596520+00:00"", ""status"": ""HUMAN_REVIEW""}]"
A02096_11,1,claim_aec9634f2c214306,claim_51187645801dea7d,37만명,"지난달 연령대 별 취업자 수는 60세 이상과 30대에서 취업자가 각각 37만명, 13만2000명 늘어났다.",취업자 수,370000.0,명,2025년 5월,월,,,"{""age"": ""60세 이상""}",null,DIRECT_VALUE,"{""direction"": ""INCREASE""}",,AUTO_OK,중심 수치인 60세 이상 취업자 증가분 37만명을 단일 대상으로 구조화함,MULTI_CLAIM_SPLIT,KOSIS_PIPELINE_ELIGIBLE,HOLD,AS_OF_UNAVAILABLE,,N,UNDETERMINED,HOLD,AS_OF_UNAVAILABLE,N,,1,1,"{""canonical_name"": ""취업자 수"", ""concept_id"": ""C000008"", ""kosis_search_terms"": [], ""matched_alias"": ""취업자 수"", ""standard_key"": ""employment_count"", ""status"": ""MATCHED""}","[{""canonical_key"": ""ORG=101|TBL=DT_1DA7002S|ITM=T30|OBJ=G|MEMBER=60세이상|PRD_SE=월|PRD_DE=2025-05"", ""dimension_codes"": {""G"": ""60""}, ""dimension_members"": {""G"": ""60세이상""}, ""itm_id"": ""T30"", ""member_code"": ""60세이상"", ""obj_id"": ""G"", ""org_id"": ""101"", ""prd_de"": ""2025-05"", ""prd_se"": ""월"", ""status"": ""CONFIRMED"", ""tbl_id"": ""DT_1DA7002S"", ""unit"": ""천명""}]","[{""content_hash"": ""cdff139d96b0b1821519f932d400069fbb55ab124036dd2297c46f0dd015bbc9"", ""evidence_key"": ""ORG=101|TBL=DT_1DA7002S|ITM=T30|OBJ=G|MEMBER=60세이상|PRD_SE=월|PRD_DE=2025-05"", ""publication"": {""content_hash"": ""f97306aeee662d72a3eb855d27134b519ec11a85f98badbb6b59fe501b360045"", ""coverage_end_period"": null, ""coverage_start_period"": null, ""evidence_scope"": ""PERIOD"", ""pub_date_text"": ""조사기준 월 익월"", ""pub_period"": ""월"", ""publication_method_url"": ""https://www.kostat.go.kr/board.es?act=list&mid=a10301010000&keyField=T&bid=210&keyWord=2025%EB%85%84+5%EC%9B%94+%EA%B3%A0%EC%9A%A9%EB%8F%99%ED%96%A5"", ""published_at"": ""2025-06-11"", ""reference_period"": ""2025-05"", ""retrieved_at"": ""2026-08-26T02:20:42.474993Z"", ""source_url"": ""https://www.kostat.go.kr/board.es?mid=a10301010000&bid=210&act=view&list_no=437043&tag=&nPage=1&ref_bid="", ""status"": ""VERIFIED""}, ""retrieved_at"": ""2026-08-26T02:20:42.812028Z"", ""source"": ""API"", ""source_url"": ""https://kosis.kr/openapi/Param/statisticsParameterData.do?method=getList&orgId=101&tblId=DT_1DA7002S&itmId=T30&prdSe=M&startPrdDe=202505&endPrdDe=202505&objL1=60"", ""value_last_changed_at"": ""2025-07-21""}]","{""eligible_for_official_search"": true, ""entries"": [{""required"": true, ""slot"": ""indicator"", ""status"": ""SOURCE"", ""value"": ""취업자 수""}, {""required"": true, ""slot"": ""value"", ""status"": ""SOURCE"", ""value"": 370000.0}, {""required"": true, ""slot"": ""unit"", ""status"": ""SOURCE"", ""value"": ""명""}, {""required"": true, ""slot"": ""time"", ""status"": ""SOURCE"", ""value"": ""2025년 5월""}, {""required"": false, ""slot"": ""frequency"", ""status"": ""SOURCE"", ""value"": ""월""}, {""required"": false, ""slot"": ""region"", ""status"": ""NOT_APPLICABLE"", ""value"": null}, {""required"": false, ""slot"": ""population"", ""status"": ""NOT_APPLICABLE"", ""value"": null}, {""required"": false, ""slot"": ""dimension"", ""status"": ""SOURCE"", ""value"": {""age"": ""60세 이상""}}, {""required"": false, ""slot"": ""comparison"", ""status"": ""NOT_APPLICABLE"", ""value"": null}, {""required"": true, ""slot"": ""calculation"", ""status"": ""SOURCE"", ""value"": ""DIRECT_VALUE""}, {""required"": false, ""slot"": ""condition"", ""status"": ""SOURCE"", ""value"": {""direction"": ""INCREASE""}}, {""required"": false, ""slot"": ""source_hint"", ""status"": ""NOT_APPLICABLE"", ""value"": null}], ""reason_codes"": []}","[{""attempt"": 1, ""child_claim_id"": ""claim_51187645801dea7d"", ""code_version"": ""admission-recovery-v3"", ""data_version"": ""claim-schema-v1"", ""finished_at"": ""2026-08-26T02:21:36.710619+00:00"", ""input_hash"": ""4e7cf2c0b5d094ed36674723e86da5a1c1a4a35e58df54547b6dd2d7fdbc06e6"", ""output_ref"": ""claim_51187645801dea7d"", ""parent_claim_id"": ""A02096_11"", ""reason_code"": null, ""stage"": ""CLAIM_SPLIT"", ""started_at"": ""2026-08-26T02:21:36.710619+00:00"", ""status"": ""PASS""}, {""attempt"": 1, ""child_claim_id"": ""claim_51187645801dea7d"", ""code_version"": ""admission-recovery-v3"", ""data_version"": ""claim-schema-v1"", ""finished_at"": ""2026-08-26T02:21:36.710619+00:00"", ""input_hash"": ""4e7cf2c0b5d094ed36674723e86da5a1c1a4a35e58df54547b6dd2d7fdbc06e6"", ""output_ref"": ""claim_51187645801dea7d"", ""parent_claim_id"": ""A02096_11"", ""reason_code"": null, ""stage"": ""CLAIM_PARSE"", ""started_at"": ""2026-08-26T02:21:36.710619+00:00"", ""status"": ""PASS""}]"
A02096_11,2,claim_d90a0ef74550d916,claim_60c76d3e7237ece9,13만2000명,"지난달 연령대 별 취업자 수는 60세 이상과 30대에서 취업자가 각각 37만명, 13만2000명 늘어났다.",취업자 수 증가,132000.0,명,2025년 5월,월,,취업자,"{""연령대"": ""30대""}",null,DIRECT_VALUE,"{""direction"": ""INCREASE""}",,AUTO_OK,30대 취업자 수가 지난달 13만2000명 증가했다는 단일 대상 수치로 구조화,MULTI_CLAIM_SPLIT,KOSIS_PIPELINE_ELIGIBLE,HOLD,AS_OF_UNAVAILABLE,,N,UNDETERMINED,HOLD,AS_OF_UNAVAILABLE,N,,1,1,"{""canonical_name"": ""취업자 수"", ""concept_id"": ""C000008"", ""kosis_search_terms"": [""경제활동인구조사 취업자"", ""산업별 취업자""], ""matched_alias"": ""취업자 수 증가 폭"", ""standard_key"": ""employment_count"", ""status"": ""MATCHED""}","[{""canonical_key"": ""ORG=101|TBL=DT_1DA7002S|ITM=T30|OBJ=G|MEMBER=30 - 39세|PRD_SE=월|PRD_DE=2025-05"", ""dimension_codes"": {""G"": ""30""}, ""dimension_members"": {""G"": ""30 - 39세""}, ""itm_id"": ""T30"", ""member_code"": ""30 - 39세"", ""obj_id"": ""G"", ""org_id"": ""101"", ""prd_de"": ""2025-05"", ""prd_se"": ""월"", ""status"": ""CONFIRMED"", ""tbl_id"": ""DT_1DA7002S"", ""unit"": ""천명""}]","[{""content_hash"": ""16f1928769c7b5d96600ffac32f60f2453635700fc8d08147ad1a5f233b2a8f7"", ""evidence_key"": ""ORG=101|TBL=DT_1DA7002S|ITM=T30|OBJ=G|MEMBER=30 - 39세|PRD_SE=월|PRD_DE=2025-05"", ""publication"": {""content_hash"": ""f97306aeee662d72a3eb855d27134b519ec11a85f98badbb6b59fe501b360045"", ""coverage_end_period"": null, ""coverage_start_period"": null, ""evidence_scope"": ""PERIOD"", ""pub_date_text"": ""조사기준 월 익월"", ""pub_period"": ""월"", ""publication_method_url"": ""https://www.kostat.go.kr/board.es?act=list&mid=a10301010000&keyField=T&bid=210&keyWord=2025%EB%85%84+5%EC%9B%94+%EA%B3%A0%EC%9A%A9%EB%8F%99%ED%96%A5"", ""published_at"": ""2025-06-11"", ""reference_period"": ""2025-05"", ""retrieved_at"": ""2026-08-26T02:20:42.474993Z"", ""source_url"": ""https://www.kostat.go.kr/board.es?mid=a10301010000&bid=210&act=view&list_no=437043&tag=&nPage=1&ref_bid="", ""status"": ""VERIFIED""}, ""retrieved_at"": ""2026-08-26T02:21:36.709615Z"", ""source"": ""API"", ""source_url"": ""https://kosis.kr/openapi/Param/statisticsParameterData.do?method=getList&orgId=101&tblId=DT_1DA7002S&itmId=T30&prdSe=M&startPrdDe=202505&endPrdDe=202505&objL1=30"", ""value_last_changed_at"": ""2025-07-21""}]","{""eligible_for_official_search"": true, ""entries"": [{""required"": true, ""slot"": ""indicator"", ""status"": ""SOURCE"", ""value"": ""취업자 수 증가""}, {""required"": true, ""slot"": ""value"", ""status"": ""SOURCE"", ""value"": 132000.0}, {""required"": true, ""slot"": ""unit"", ""status"": ""SOURCE"", ""value"": ""명""}, {""required"": true, ""slot"": ""time"", ""status"": ""SOURCE"", ""value"": ""2025년 5월""}, {""required"": false, ""slot"": ""frequency"", ""status"": ""SOURCE"", ""value"": ""월""}, {""required"": false, ""slot"": ""region"", ""status"": ""NOT_APPLICABLE"", ""value"": null}, {""required"": false, ""slot"": ""population"", ""status"": ""SOURCE"", ""value"": ""취업자""}, {""required"": false, ""slot"": ""dimension"", ""status"": ""SOURCE"", ""value"": {""연령대"": ""30대""}}, {""required"": false, ""slot"": ""comparison"", ""status"": ""NOT_APPLICABLE"", ""value"": null}, {""required"": true, ""slot"": ""calculation"", ""status"": ""SOURCE"", ""value"": ""DIRECT_VALUE""}, {""required"": false, ""slot"": ""condition"", ""status"": ""SOURCE"", ""value"": {""direction"": ""INCREASE""}}, {""required"": false, ""slot"": ""source_hint"", ""status"": ""NOT_APPLICABLE"", ""value"": null}], ""reason_codes"": []}","[{""attempt"": 1, ""child_claim_id"": ""claim_60c76d3e7237ece9"", ""code_version"": ""admission-recovery-v3"", ""data_version"": ""claim-schema-v1"", ""finished_at"": ""2026-08-26T02:21:36.710619+00:00"", ""input_hash"": ""4e7cf2c0b5d094ed36674723e86da5a1c1a4a35e58df54547b6dd2d7fdbc06e6"", ""output_ref"": ""claim_60c76d3e7237ece9"", ""parent_claim_id"": ""A02096_11"", ""reason_code"": null, ""stage"": ""CLAIM_SPLIT"", ""started_at"": ""2026-08-26T02:21:36.710619+00:00"", ""status"": ""PASS""}, {""attempt"": 1, ""child_claim_id"": ""claim_60c76d3e7237ece9"", ""code_version"": ""admission-recovery-v3"", ""data_version"": ""claim-schema-v1"", ""finished_at"": ""2026-08-26T02:21:36.710619+00:00"", ""input_hash"": ""4e7cf2c0b5d094ed36674723e86da5a1c1a4a35e58df54547b6dd2d7fdbc06e6"", ""output_ref"": ""claim_60c76d3e7237ece9"", ""parent_claim_id"": ""A02096_11"", ""reason_code"": null, ""stage"": ""CLAIM_PARSE"", ""started_at"": ""2026-08-26T02:21:36.710619+00:00"", ""status"": ""PASS""}]"
A02111_6,1,claim_1af97c42f8e79dcb,claim_0b480e92fd76dad9,704만9000명,4월만 해도 690만6000명이었던 60세 이상 취업자는 지난달 704만9000명으로 처음으로 700만명을 넘었다.,취업자,7049000.0,명,2025년 5월,월,,취업자,"{""age"": ""60세 이상""}","{""reference_period"": ""2025-04"", ""reference_value"": ""6906000"", ""type"": ""MONTH_OVER_MONTH""}",DIRECT_VALUE,"{""direction"": ""INCREASE"", ""operator"": ""GT"", ""threshold_unit"": ""명"", ""threshold_value"": ""7000000""}",article_published_at=2025-06-12; ‘지난달’ resolved to 2025-05,AUTO_OK,,MULTI_CLAIM_SPLIT,KOSIS_PIPELINE_ELIGIBLE,HOLD,AS_OF_UNAVAILABLE,,N,UNDETERMINED,HOLD,AS_OF_UNAVAILABLE,N,,1,1,"{""canonical_name"": ""취업자 수"", ""concept_id"": ""C000008"", ""kosis_search_terms"": [""경제활동인구조사 취업자"", ""산업별 취업자""], ""matched_alias"": ""취업자"", ""standard_key"": ""employment_count"", ""status"": ""MATCHED""}","[{""canonical_key"": ""ORG=101|TBL=DT_1DA7002S|ITM=T30|OBJ=G|MEMBER=60세이상|PRD_SE=월|PRD_DE=2025-05"", ""dimension_codes"": {""G"": ""60""}, ""dimension_members"": {""G"": ""60세이상""}, ""itm_id"": ""T30"", ""member_code"": ""60세이상"", ""obj_id"": ""G"", ""org_id"": ""101"", ""prd_de"": ""2025-05"", ""prd_se"": ""월"", ""status"": ""CONFIRMED"", ""tbl_id"": ""DT_1DA7002S"", ""unit"": ""천명""}]","[{""content_hash"": ""cdff139d96b0b1821519f932d400069fbb55ab124036dd2297c46f0dd015bbc9"", ""evidence_key"": ""ORG=101|TBL=DT_1DA7002S|ITM=T30|OBJ=G|MEMBER=60세이상|PRD_SE=월|PRD_DE=2025-05"", ""publication"": {""content_hash"": ""a94351c2c48a3feb0a8bb896c52eb332f86ebb52de78c62529bc965990d9eb69"", ""coverage_end_period"": null, ""coverage_start_period"": null, ""evidence_scope"": ""PERIOD"", ""pub_date_text"": ""조사기준 월 익월"", ""pub_period"": ""월"", ""publication_method_url"": ""https://www.kostat.go.kr/board.es?act=list&mid=a10301010000&keyField=T&bid=210&keyWord=2025%EB%85%84+5%EC%9B%94+%EA%B3%A0%EC%9A%A9%EB%8F%99%ED%96%A5"", ""published_at"": ""2025-06-11"", ""reference_period"": ""2025-05"", ""retrieved_at"": ""2026-08-26T02:22:45.637644Z"", ""source_url"": ""https://www.kostat.go.kr/board.es?mid=a10301010000&bid=210&act=view&list_no=437043&tag=&nPage=1&ref_bid="", ""status"": ""VERIFIED""}, ""retrieved_at"": ""2026-08-26T02:22:45.939144Z"", ""source"": ""API"", ""source_url"": ""https://kosis.kr/openapi/Param/statisticsParameterData.do?method=getList&orgId=101&tblId=DT_1DA7002S&itmId=T30&prdSe=M&startPrdDe=202505&endPrdDe=202505&objL1=60"", ""value_last_changed_at"": ""2025-07-21""}]","{""eligible_for_official_search"": true, ""entries"": [{""required"": true, ""slot"": ""indicator"", ""status"": ""SOURCE"", ""value"": ""취업자""}, {""required"": true, ""slot"": ""value"", ""status"": ""SOURCE"", ""value"": 7049000.0}, {""required"": true, ""slot"": ""unit"", ""status"": ""SOURCE"", ""value"": ""명""}, {""required"": true, ""slot"": ""time"", ""status"": ""SOURCE"", ""value"": ""2025년 5월""}, {""required"": false, ""slot"": ""frequency"", ""status"": ""SOURCE"", ""value"": ""월""}, {""required"": false, ""slot"": ""region"", ""status"": ""NOT_APPLICABLE"", ""value"": null}, {""required"": false, ""slot"": ""population"", ""status"": ""SOURCE"", ""value"": ""취업자""}, {""required"": false, ""slot"": ""dimension"", ""status"": ""SOURCE"", ""value"": {""age"": ""60세 이상""}}, {""required"": false, ""slot"": ""comparison"", ""status"": ""SOURCE"", ""value"": {""reference_period"": ""2025-04"", ""reference_value"": ""6906000"", ""type"": ""MONTH_OVER_MONTH""}}, {""required"": true, ""slot"": ""calculation"", ""status"": ""SOURCE"", ""value"": ""DIRECT_VALUE""}, {""required"": false, ""slot"": ""condition"", ""status"": ""SOURCE"", ""value"": {""direction"": ""INCREASE"", ""operator"": ""GT"", ""threshold_unit"": ""명"", ""threshold_value"": ""7000000""}}, {""required"": false, ""slot"": ""source_hint"", ""status"": ""SOURCE"", ""value"": ""article_published_at=2025-06-12; ‘지난달’ resolved to 2025-05""}], ""reason_codes"": []}","[{""attempt"": 1, ""child_claim_id"": ""claim_0b480e92fd76dad9"", ""code_version"": ""admission-recovery-v3"", ""data_version"": ""claim-schema-v1"", ""finished_at"": ""2026-08-26T02:22:45.939144+00:00"", ""input_hash"": ""73c0f076f219d3f09623c72a6433e946127d5cb4652f43a37ac08ed49d6d6911"", ""output_ref"": ""claim_0b480e92fd76dad9"", ""parent_claim_id"": ""A02111_6"", ""reason_code"": null, ""stage"": ""CLAIM_SPLIT"", ""started_at"": ""2026-08-26T02:22:45.939144+00:00"", ""status"": ""PASS""}, {""attempt"": 1, ""child_claim_id"": ""claim_0b480e92fd76dad9"", ""code_version"": ""admission-recovery-v3"", ""data_version"": ""claim-schema-v1"", ""finished_at"": ""2026-08-26T02:22:45.939144+00:00"", ""input_hash"": ""73c0f076f219d3f09623c72a6433e946127d5cb4652f43a37ac08ed49d6d6911"", ""output_ref"": ""claim_0b480e92fd76dad9"", ""parent_claim_id"": ""A02111_6"", ""reason_code"": null, ""stage"": ""CLAIM_PARSE"", ""started_at"": ""2026-08-26T02:22:45.939144+00:00"", ""status"": ""PASS""}]"
A02184_11,1,claim_c6b69bfc2bdf2b78,A02184_11,,올해 1분기 고졸 실업률은 5.5%로 4년제 대학 이상 졸업자(6.9%)는 물론이고 전문대 졸업자(6.3%)보다도 낮았다.,실업률,5.5,%,2025-Q1,Q,,,null,"{""claimed_operands"": ""[{'raw': '6.9%', 'value': 6.9, 'unit': '%'}, {'raw': '6.3%', 'value': 6.3, 'unit': '%'}]""}",THRESHOLD,"{""operator"": ""GTE""}",,AUTO_OK,,NO_RECOVERY,KOSIS_PIPELINE_ELIGIBLE,HUMAN_REVIEW,CLAIM_PARSE_UNAVAILABLE,6c9e97d530d6,Y,,,,N,,0,0,null,[],[],null,[]
A02184_15,1,claim_5bf21e8b888c9fcd,claim_27a679f4967c600c,4.2%,"지난 1분기 기준 30대 고졸 실업률은 4.2%인 반면, 대졸 이상은 2.4%에 그쳤다.",실업률,4.2,%,지난 1분기,분기,,30대,"{""학력"": ""고졸""}","{""compared_dimension"": ""대졸 이상"", ""compared_unit"": ""%"", ""compared_value"": ""2.4"", ""type"": ""DIRECT_COMPARISON""}",DIRECT_VALUE,null,,HOLD,"중심 수치와 비교 수치가 함께 제시되지만, 두 학력 집단의 독립적인 실업률을 하나의 단일 목표 수치로 구조화해야 하므로 비교 수치의 표준 슬롯 처리가 불충분함",MULTI_CLAIM_SPLIT,STRUCTURAL_HOLD,HUMAN_REVIEW,"중심 수치와 비교 수치가 함께 제시되지만, 두 학력 집단의 독립적인 실업률을 하나의 단일 목표 수치로 구조화해야 하므로 비교 수치의 표준 슬롯 처리가 불충분함",,N,,,,N,,0,0,null,[],[],"{""eligible_for_official_search"": true, ""entries"": [{""required"": true, ""slot"": ""indicator"", ""status"": ""SOURCE"", ""value"": ""실업률""}, {""required"": true, ""slot"": ""value"", ""status"": ""SOURCE"", ""value"": 4.2}, {""required"": true, ""slot"": ""unit"", ""status"": ""SOURCE"", ""value"": ""%""}, {""required"": true, ""slot"": ""time"", ""status"": ""SOURCE"", ""value"": ""지난 1분기""}, {""required"": false, ""slot"": ""frequency"", ""status"": ""SOURCE"", ""value"": ""분기""}, {""required"": false, ""slot"": ""region"", ""status"": ""NOT_APPLICABLE"", ""value"": null}, {""required"": false, ""slot"": ""population"", ""status"": ""SOURCE"", ""value"": ""30대""}, {""required"": false, ""slot"": ""dimension"", ""status"": ""SOURCE"", ""value"": {""학력"": ""고졸""}}, {""required"": false, ""slot"": ""comparison"", ""status"": ""SOURCE"", ""value"": {""compared_dimension"": ""대졸 이상"", ""compared_unit"": ""%"", ""compared_value"": ""2.4"", ""type"": ""DIRECT_COMPARISON""}}, {""required"": true, ""slot"": ""calculation"", ""status"": ""SOURCE"", ""value"": ""DIRECT_VALUE""}, {""required"": false, ""slot"": ""condition"", ""status"": ""NOT_APPLICABLE"", ""value"": null}, {""required"": false, ""slot"": ""source_hint"", ""status"": ""NOT_APPLICABLE"", ""value"": null}], ""reason_codes"": []}","[{""attempt"": 1, ""child_claim_id"": ""claim_27a679f4967c600c"", ""code_version"": ""admission-recovery-v3"", ""data_version"": ""claim-schema-v1"", ""finished_at"": ""2026-08-26T02:24:06.355301+00:00"", ""input_hash"": ""ad5de3d64606d19ec1202960472f6f23a86df182e6d390f567448542c6795609"", ""output_ref"": ""claim_27a679f4967c600c"", ""parent_claim_id"": ""A02184_15"", ""reason_code"": null, ""stage"": ""CLAIM_SPLIT"", ""started_at"": ""2026-08-26T02:24:06.355301+00:00"", ""status"": ""PASS""}, {""attempt"": 1, ""child_claim_id"": ""claim_27a679f4967c600c"", ""code_version"": ""admission-recovery-v3"", ""data_version"": ""claim-schema-v1"", ""finished_at"": ""2026-08-26T02:24:06.355301+00:00"", ""input_hash"": ""ad5de3d64606d19ec1202960472f6f23a86df182e6d390f567448542c6795609"", ""output_ref"": ""claim_27a679f4967c600c"", ""parent_claim_id"": ""A02184_15"", ""reason_code"": ""중심 수치와 비교 수치가 함께 제시되지만, 두 학력 집단의 독립적인 실업률을 하나의 단일 목표 수치로 구조화해야 하므로 비교 수치의 표준 슬롯 처리가 불충분함"", ""stage"": ""CLAIM_PARSE"", ""started_at"": ""2026-08-26T02:24:06.355301+00:00"", ""status"": ""HUMAN_REVIEW""}]"
A02184_15,2,claim_10ced07077608569,claim_f91124a4a8198647,2.4%,"지난 1분기 기준 30대 고졸 실업률은 4.2%인 반면, 대졸 이상은 2.4%에 그쳤다.",실업률,2.4,%,2025년 1분기,분기,,30대,"{""학력"": ""대졸 이상""}","{""reference_dimension"": ""고졸"", ""reference_period"": ""지난 1분기"", ""reference_unit"": ""%"", ""reference_value"": ""4.2"", ""type"": ""OTHER_GROUP""}",DIRECT_VALUE,null,,AUTO_OK,,MULTI_CLAIM_SPLIT,KOSIS_PIPELINE_ELIGIBLE,AUTO,OUTSIDE_TOLERANCE,,N,MISMATCH,AUTO,OUTSIDE_TOLERANCE,Y,3.4,1,1,"{""canonical_name"": ""실업률"", ""concept_id"": ""C000007"", ""kosis_search_terms"": [], ""matched_alias"": ""실업률"", ""standard_key"": ""unemployment_rate"", ""status"": ""MATCHED""}","[{""canonical_key"": ""ORG=101|TBL=DT_1DA7003S|ITM=T80|OBJ=H|MEMBER=계|PRD_SE=분기|PRD_DE=2025-Q1"", ""dimension_codes"": {""H"": ""00""}, ""dimension_members"": {""H"": ""계""}, ""itm_id"": ""T80"", ""member_code"": ""계"", ""obj_id"": ""H"", ""org_id"": ""101"", ""prd_de"": ""2025-Q1"", ""prd_se"": ""분기"", ""status"": ""CONFIRMED"", ""tbl_id"": ""DT_1DA7003S"", ""unit"": ""%""}]","[{""content_hash"": ""5ae1b46417c8db8497819f063fdd3f36521e47177aba1ea52f95b66497cd4d48"", ""evidence_key"": ""ORG=101|TBL=DT_1DA7003S|ITM=T80|OBJ=H|MEMBER=계|PRD_SE=분기|PRD_DE=2025-Q1"", ""publication"": {""content_hash"": ""968d578d675303c78d130cc5c8d8a3c253de1ca71f5a1cf8a105ba64dabddc13"", ""coverage_end_period"": null, ""coverage_start_period"": null, ""evidence_scope"": ""PERIOD"", ""pub_date_text"": ""조사기준 월 익월"", ""pub_period"": ""월"", ""publication_method_url"": ""https://www.kostat.go.kr/board.es?act=list&mid=a10301010000&keyField=T&bid=210&keyWord=2025%EB%85%84+3%EC%9B%94+%EA%B3%A0%EC%9A%A9%EB%8F%99%ED%96%A5"", ""published_at"": ""2025-04-09"", ""reference_period"": ""2025-Q1"", ""retrieved_at"": ""2026-08-26T02:23:53.240668Z"", ""source_url"": ""https://www.kostat.go.kr/board.es?mid=a10301010000&bid=210&act=view&list_no=435969&tag=&nPage=1&ref_bid="", ""status"": ""VERIFIED""}, ""retrieved_at"": ""2026-08-26T02:24:06.354298Z"", ""source"": ""API"", ""source_url"": ""https://kosis.kr/openapi/Param/statisticsParameterData.do?method=getList&orgId=101&tblId=DT_1DA7003S&itmId=T80&prdSe=Q&startPrdDe=202501&endPrdDe=202501&objL1=00"", ""value_last_changed_at"": ""2025-03-27""}]","{""eligible_for_official_search"": true, ""entries"": [{""required"": true, ""slot"": ""indicator"", ""status"": ""SOURCE"", ""value"": ""실업률""}, {""required"": true, ""slot"": ""value"", ""status"": ""SOURCE"", ""value"": 2.4}, {""required"": true, ""slot"": ""unit"", ""status"": ""SOURCE"", ""value"": ""%""}, {""required"": true, ""slot"": ""time"", ""status"": ""SOURCE"", ""value"": ""2025년 1분기""}, {""required"": false, ""slot"": ""frequency"", ""status"": ""SOURCE"", ""value"": ""분기""}, {""required"": false, ""slot"": ""region"", ""status"": ""NOT_APPLICABLE"", ""value"": null}, {""required"": false, ""slot"": ""population"", ""status"": ""SOURCE"", ""value"": ""30대""}, {""required"": false, ""slot"": ""dimension"", ""status"": ""SOURCE"", ""value"": {""학력"": ""대졸 이상""}}, {""required"": false, ""slot"": ""comparison"", ""status"": ""SOURCE"", ""value"": {""reference_dimension"": ""고졸"", ""reference_period"": ""지난 1분기"", ""reference_unit"": ""%"", ""reference_value"": ""4.2"", ""type"": ""OTHER_GROUP""}}, {""required"": true, ""slot"": ""calculation"", ""status"": ""SOURCE"", ""value"": ""DIRECT_VALUE""}, {""required"": false, ""slot"": ""condition"", ""status"": ""NOT_APPLICABLE"", ""value"": null}, {""required"": false, ""slot"": ""source_hint"", ""status"": ""NOT_APPLICABLE"", ""value"": null}], ""reason_codes"": []}","[{""attempt"": 1, ""child_claim_id"": ""claim_f91124a4a8198647"", ""code_version"": ""admission-recovery-v3"", ""data_version"": ""claim-schema-v1"", ""finished_at"": ""2026-08-26T02:24:06.355301+00:00"", ""input_hash"": ""ad5de3d64606d19ec1202960472f6f23a86df182e6d390f567448542c6795609"", ""output_ref"": ""claim_f91124a4a8198647"", ""parent_claim_id"": ""A02184_15"", ""reason_code"": null, ""stage"": ""CLAIM_SPLIT"", ""started_at"": ""2026-08-26T02:24:06.355301+00:00"", ""status"": ""PASS""}, {""attempt"": 1, ""child_claim_id"": ""claim_f91124a4a8198647"", ""code_version"": ""admission-recovery-v3"", ""data_version"": ""claim-schema-v1"", ""finished_at"": ""2026-08-26T02:24:06.355301+00:00"", ""input_hash"": ""ad5de3d64606d19ec1202960472f6f23a86df182e6d390f567448542c6795609"", ""output_ref"": ""claim_f91124a4a8198647"", ""parent_claim_id"": ""A02184_15"", ""reason_code"": null, ""stage"": ""CLAIM_PARSE"", ""started_at"": ""2026-08-26T02:24:06.355301+00:00"", ""status"": ""PASS""}]"
A02184_9,1,claim_7e26ca8b021dc775,claim_ac024e3d51a1b24d,5.8%,작년에도 대졸 실업률(5.8%)이 고졸(5.1%)을 웃돌았고 올 들어서도 이런 상황이 이어지고 있다.,실업률,5.8,%,2024년,년,한국,,"{""학력"": ""대졸""}","{""reference_item"": ""고졸"", ""reference_unit"": ""%"", ""reference_value"": ""5.1"", ""type"": ""GREATER_THAN""}",DIRECT_VALUE,null,기사 게재일: 2025-06-17,AUTO_OK,작년 대졸 실업률이라는 단일 수치와 고졸 실업률을 비교하는 명확한 수치 주장,MULTI_CLAIM_SPLIT,KOSIS_PIPELINE_ELIGIBLE,HOLD,FETCH_FAILED,,N,UNDETERMINED,HOLD,FETCH_FAILED,N,,1,1,"{""canonical_name"": ""실업률"", ""concept_id"": ""C000007"", ""kosis_search_terms"": [], ""matched_alias"": ""실업률"", ""standard_key"": ""unemployment_rate"", ""status"": ""MATCHED""}","[{""canonical_key"": ""ORG=383|TBL=DT_38304_2013_N006|ITM=T7|OBJ=GENDER|MEMBER=전체|PRD_SE=년|PRD_DE=2024"", ""dimension_codes"": {""GENDER"": ""00""}, ""dimension_members"": {""GENDER"": ""전체""}, ""itm_id"": ""T7"", ""member_code"": ""전체"", ""obj_id"": ""GENDER"", ""org_id"": ""383"", ""prd_de"": ""2024"", ""prd_se"": ""년"", ""status"": ""CONFIRMED"", ""tbl_id"": ""DT_38304_2013_N006"", ""unit"": ""%""}]","[{""content_hash"": """", ""evidence_key"": ""ORG=383|TBL=DT_38304_2013_N006|ITM=T7|OBJ=GENDER|MEMBER=전체|PRD_SE=년|PRD_DE=2024"", ""publication"": null, ""retrieved_at"": ""2026-08-26T02:24:19.795399Z"", ""source"": ""NONE"", ""source_url"": ""https://kosis.kr/openapi/Param/statisticsParameterData.do?method=getList&orgId=383&tblId=DT_38304_2013_N006&itmId=T7&prdSe=Y&startPrdDe=2024&endPrdDe=2024&objL1=00"", ""value_last_changed_at"": null}]","{""eligible_for_official_search"": true, ""entries"": [{""required"": true, ""slot"": ""indicator"", ""status"": ""SOURCE"", ""value"": ""실업률""}, {""required"": true, ""slot"": ""value"", ""status"": ""SOURCE"", ""value"": 5.8}, {""required"": true, ""slot"": ""unit"", ""status"": ""SOURCE"", ""value"": ""%""}, {""required"": true, ""slot"": ""time"", ""status"": ""SOURCE"", ""value"": ""2024년""}, {""required"": false, ""slot"": ""frequency"", ""status"": ""SOURCE"", ""value"": ""년""}, {""required"": false, ""slot"": ""region"", ""status"": ""SOURCE"", ""value"": ""한국""}, {""required"": false, ""slot"": ""population"", ""status"": ""NOT_APPLICABLE"", ""value"": null}, {""required"": false, ""slot"": ""dimension"", ""status"": ""SOURCE"", ""value"": {""학력"": ""대졸""}}, {""required"": false, ""slot"": ""comparison"", ""status"": ""SOURCE"", ""value"": {""reference_item"": ""고졸"", ""reference_unit"": ""%"", ""reference_value"": ""5.1"", ""type"": ""GREATER_THAN""}}, {""required"": true, ""slot"": ""calculation"", ""status"": ""SOURCE"", ""value"": ""DIRECT_VALUE""}, {""required"": false, ""slot"": ""condition"", ""status"": ""NOT_APPLICABLE"", ""value"": null}, {""required"": false, ""slot"": ""source_hint"", ""status"": ""SOURCE"", ""value"": ""기사 게재일: 2025-06-17""}], ""reason_codes"": []}","[{""attempt"": 1, ""child_claim_id"": ""claim_ac024e3d51a1b24d"", ""code_version"": ""admission-recovery-v3"", ""data_version"": ""claim-schema-v1"", ""finished_at"": ""2026-08-26T02:24:19.795399+00:00"", ""input_hash"": ""0e928713e3ba1ee2526a4f049bdb105f697934cbe6005cf3657c7fab116d5ee7"", ""output_ref"": ""claim_ac024e3d51a1b24d"", ""parent_claim_id"": ""A02184_9"", ""reason_code"": null, ""stage"": ""CLAIM_SPLIT"", ""started_at"": ""2026-08-26T02:24:19.795399+00:00"", ""status"": ""PASS""}, {""attempt"": 1, ""child_claim_id"": ""claim_ac024e3d51a1b24d"", ""code_version"": ""admission-recovery-v3"", ""data_version"": ""claim-schema-v1"", ""finished_at"": ""2026-08-26T02:24:19.795399+00:00"", ""input_hash"": ""0e928713e3ba1ee2526a4f049bdb105f697934cbe6005cf3657c7fab116d5ee7"", ""output_ref"": ""claim_ac024e3d51a1b24d"", ""parent_claim_id"": ""A02184_9"", ""reason_code"": null, ""stage"": ""CLAIM_PARSE"", ""started_at"": ""2026-08-26T02:24:19.795399+00:00"", ""status"": ""PASS""}]"
A02203_8,1,claim_2b2075bebeb1d97b,claim_fb429e05e1de065b,0.34%포인트,가공식품의 생활 물가 상승률 기여도는 작년 하반기 0.15%포인트에서 올해 0.34%포인트로 두 배 이상 확대됐다.,생활 물가 상승률 기여도,0.34,%포인트,2025년,년,,,"{""product"": ""가공식품""}","{""reference_period"": ""작년 하반기"", ""reference_value"": ""0.15"", ""type"": ""YEAR_OVER_YEAR""}",GROWTH_RATE,"{""direction"": ""INCREASE""}",,HOLD,CLAIM_UNIT_INCOMPATIBLE,MULTI_CLAIM_SPLIT,CONTEXT_REQUIRED,HUMAN_REVIEW,CLAIM_UNIT_INCOMPATIBLE,,N,,,,N,,0,0,null,[],[],"{""eligible_for_official_search"": true, ""entries"": [{""required"": true, ""slot"": ""indicator"", ""status"": ""SOURCE"", ""value"": ""생활 물가 상승률 기여도""}, {""required"": true, ""slot"": ""value"", ""status"": ""SOURCE"", ""value"": 0.34}, {""required"": true, ""slot"": ""unit"", ""status"": ""SOURCE"", ""value"": ""%포인트""}, {""required"": true, ""slot"": ""time"", ""status"": ""SOURCE"", ""value"": ""2025년""}, {""required"": false, ""slot"": ""frequency"", ""status"": ""SOURCE"", ""value"": ""년""}, {""required"": false, ""slot"": ""region"", ""status"": ""NOT_APPLICABLE"", ""value"": null}, {""required"": false, ""slot"": ""population"", ""status"": ""NOT_APPLICABLE"", ""value"": null}, {""required"": false, ""slot"": ""dimension"", ""status"": ""SOURCE"", ""value"": {""product"": ""가공식품""}}, {""required"": true, ""slot"": ""comparison"", ""status"": ""CONTEXT"", ""value"": {""reference_period"": ""작년 하반기"", ""reference_value"": ""0.15"", ""type"": ""YEAR_OVER_YEAR""}}, {""required"": true, ""slot"": ""calculation"", ""status"": ""SOURCE"", ""value"": ""GROWTH_RATE""}, {""required"": true, ""slot"": ""condition"", ""status"": ""SOURCE"", ""value"": {""direction"": ""INCREASE""}}, {""required"": false, ""slot"": ""source_hint"", ""status"": ""NOT_APPLICABLE"", ""value"": null}], ""reason_codes"": []}","[{""attempt"": 1, ""child_claim_id"": ""claim_fb429e05e1de065b"", ""code_version"": ""admission-recovery-v3"", ""data_version"": ""claim-schema-v1"", ""finished_at"": ""2026-08-26T02:24:28.578339+00:00"", ""input_hash"": ""e1204b79da1d0d6f1c8e09d0aeead98d57b62ecb23e58981c9cbcb43398960ea"", ""output_ref"": ""claim_fb429e05e1de065b"", ""parent_claim_id"": ""A02203_8"", ""reason_code"": null, ""stage"": ""CLAIM_SPLIT"", ""started_at"": ""2026-08-26T02:24:28.578339+00:00"", ""status"": ""PASS""}, {""attempt"": 1, ""child_claim_id"": ""claim_fb429e05e1de065b"", ""code_version"": ""admission-recovery-v3"", ""data_version"": ""claim-schema-v1"", ""finished_at"": ""2026-08-26T02:24:28.578339+00:00"", ""input_hash"": ""e1204b79da1d0d6f1c8e09d0aeead98d57b62ecb23e58981c9cbcb43398960ea"", ""output_ref"": ""claim_fb429e05e1de065b"", ""parent_claim_id"": ""A02203_8"", ""reason_code"": ""CLAIM_UNIT_INCOMPATIBLE"", ""stage"": ""CLAIM_PARSE"", ""started_at"": ""2026-08-26T02:24:28.578339+00:00"", ""status"": ""HUMAN_REVIEW""}]"
A02388_5,1,claim_38e68b454935159e,claim_814c0236ce55e386,24.0%,5000만 달러 이상의 수출 실적을 보인 가공식품 중 지난해 대비 수출 증가율이 가장 큰 상위 품목은 라면(24.0%)이었다.,수출 증가율,24.0,%,2025,ANNUAL,,5000만 달러 이상의 수출 실적을 보인 가공식품,"{""품목"": ""라면""}","{""reference_period"": ""지난해"", ""type"": ""YEAR_OVER_YEAR""}",GROWTH_RATE,"{""direction"": ""INCREASE"", ""operator"": ""GTE"", ""order"": ""DESC"", ""population_scope"": ""5000만 달러 이상의 수출 실적을 보인 가공식품"", ""rank_value"": ""1"", ""threshold_unit"": ""USD"", ""threshold_value"": ""50000000""}",,AUTO_OK,,MULTI_CLAIM_SPLIT,KOSIS_PIPELINE_ELIGIBLE,HOLD,NO_HARD_GUARD_CANDIDATE,,N,UNDETERMINED,HOLD,NO_HARD_GUARD_CANDIDATE,N,,0,0,"{""canonical_name"": ""수출 증가율"", ""concept_id"": ""OBSERVED:9bcb873d586e2625"", ""kosis_search_terms"": [""수출 증가율""], ""matched_alias"": ""수출 증가율"", ""standard_key"": ""observed_indicator_9bcb873d586e2625"", ""status"": ""MATCHED""}",[],[],"{""eligible_for_official_search"": true, ""entries"": [{""required"": true, ""slot"": ""indicator"", ""status"": ""SOURCE"", ""value"": ""수출 증가율""}, {""required"": true, ""slot"": ""value"", ""status"": ""SOURCE"", ""value"": 24.0}, {""required"": true, ""slot"": ""unit"", ""status"": ""SOURCE"", ""value"": ""%""}, {""required"": true, ""slot"": ""time"", ""status"": ""SOURCE"", ""value"": ""2025""}, {""required"": false, ""slot"": ""frequency"", ""status"": ""SOURCE"", ""value"": ""ANNUAL""}, {""required"": false, ""slot"": ""region"", ""status"": ""NOT_APPLICABLE"", ""value"": null}, {""required"": false, ""slot"": ""population"", ""status"": ""SOURCE"", ""value"": ""5000만 달러 이상의 수출 실적을 보인 가공식품""}, {""required"": false, ""slot"": ""dimension"", ""status"": ""SOURCE"", ""value"": {""품목"": ""라면""}}, {""required"": true, ""slot"": ""comparison"", ""status"": ""SOURCE"", ""value"": {""reference_period"": ""지난해"", ""type"": ""YEAR_OVER_YEAR""}}, {""required"": true, ""slot"": ""calculation"", ""status"": ""SOURCE"", ""value"": ""GROWTH_RATE""}, {""required"": true, ""slot"": ""condition"", ""status"": ""SOURCE"", ""value"": {""direction"": ""INCREASE"", ""operator"": ""GTE"", ""order"": ""DESC"", ""population_scope"": ""5000만 달러 이상의 수출 실적을 보인 가공식품"", ""rank_value"": ""1"", ""threshold_unit"": ""USD"", ""threshold_value"": ""50000000""}}, {""required"": false, ""slot"": ""source_hint"", ""status"": ""NOT_APPLICABLE"", ""value"": null}], ""reason_codes"": []}","[{""attempt"": 1, ""child_claim_id"": ""claim_814c0236ce55e386"", ""code_version"": ""admission-recovery-v3"", ""data_version"": ""claim-schema-v1"", ""finished_at"": ""2026-08-26T02:24:51.937106+00:00"", ""input_hash"": ""085545e1db51368ffbf9361f55fff8b1f1c4327c181ea5f7afe3d03690f14f77"", ""output_ref"": ""claim_814c0236ce55e386"", ""parent_claim_id"": ""A02388_5"", ""reason_code"": null, ""stage"": ""CLAIM_SPLIT"", ""started_at"": ""2026-08-26T02:24:51.937106+00:00"", ""status"": ""PASS""}, {""attempt"": 1, ""child_claim_id"": ""claim_814c0236ce55e386"", ""code_version"": ""admission-recovery-v3"", ""data_version"": ""claim-schema-v1"", ""finished_at"": ""2026-08-26T02:24:51.937106+00:00"", ""input_hash"": ""085545e1db51368ffbf9361f55fff8b1f1c4327c181ea5f7afe3d03690f14f77"", ""output_ref"": ""claim_814c0236ce55e386"", ""parent_claim_id"": ""A02388_5"", ""reason_code"": null, ""stage"": ""CLAIM_PARSE"", ""started_at"": ""2026-08-26T02:24:51.937106+00:00"", ""status"": ""PASS""}]"
A02558_5,1,claim_a4678613610d47a5,claim_dd7f9320985819d8,2909만1000명,"16일 통계청이 발표한 ‘2025년 6월 고용동향’에 따르면, 지난달 15세 이상 취업자는 2909만1000명으로 전년 동월 대비 18만3000명 늘었다.",취업자,29091000.0,명,2025년 6월,월,대한민국,15세 이상,null,"{""change_value"": ""183000"", ""reference_period"": ""2024-06"", ""type"": ""YEAR_OVER_YEAR""}",DIRECT_VALUE,"{""direction"": ""INCREASE""}",통계청,AUTO_OK,,MULTI_CLAIM_SPLIT,KOSIS_PIPELINE_ELIGIBLE,AUTO,WITHIN_TOLERANCE,,N,MATCH,AUTO,WITHIN_TOLERANCE,Y,29090600.0,1,1,"{""canonical_name"": ""취업자 수"", ""concept_id"": ""C000008"", ""kosis_search_terms"": [""경제활동인구조사 취업자"", ""산업별 취업자""], ""matched_alias"": ""15세 이상 취업자"", ""standard_key"": ""employment_count"", ""status"": ""MATCHED""}","[{""canonical_key"": ""ORG=101|TBL=DT_1DA7001S|ITM=T30|OBJ=B|MEMBER=계|PRD_SE=월|PRD_DE=2025-06"", ""dimension_codes"": {""B"": ""0""}, ""dimension_members"": {""B"": ""계""}, ""itm_id"": ""T30"", ""member_code"": ""계"", ""obj_id"": ""B"", ""org_id"": ""101"", ""prd_de"": ""2025-06"", ""prd_se"": ""월"", ""status"": ""CONFIRMED"", ""tbl_id"": ""DT_1DA7001S"", ""unit"": ""천명""}]","[{""content_hash"": ""4af335248121e570991dced3562bc9a84f89371447e37e5d5151f4fa23042335"", ""evidence_key"": ""ORG=101|TBL=DT_1DA7001S|ITM=T30|OBJ=B|MEMBER=계|PRD_SE=월|PRD_DE=2025-06"", ""publication"": {""content_hash"": ""af554153b5d476760a238f63665985183a7aafcb7f82463a4dbb29e4cb36a922"", ""coverage_end_period"": null, ""coverage_start_period"": null, ""evidence_scope"": ""PERIOD"", ""pub_date_text"": ""조사기준 월 익월"", ""pub_period"": ""월"", ""publication_method_url"": ""https://www.kostat.go.kr/board.es?act=list&mid=a10301010000&keyField=T&bid=210&keyWord=2025%EB%85%84+6%EC%9B%94+%EA%B3%A0%EC%9A%A9%EB%8F%99%ED%96%A5"", ""published_at"": ""2025-07-16"", ""reference_period"": ""2025-06"", ""retrieved_at"": ""2026-08-26T02:25:09.092630Z"", ""source_url"": ""https://www.kostat.go.kr/board.es?mid=a10301010000&bid=210&act=view&list_no=437607&tag=&nPage=1&ref_bid="", ""status"": ""VERIFIED""}, ""retrieved_at"": ""2026-08-26T02:25:03.052330Z"", ""source"": ""API"", ""source_url"": ""https://kosis.kr/openapi/Param/statisticsParameterData.do?method=getList&orgId=101&tblId=DT_1DA7001S&itmId=T30&prdSe=M&startPrdDe=202506&endPrdDe=202506&objL1=0"", ""value_last_changed_at"": ""2025-07-03""}]","{""eligible_for_official_search"": true, ""entries"": [{""required"": true, ""slot"": ""indicator"", ""status"": ""SOURCE"", ""value"": ""취업자""}, {""required"": true, ""slot"": ""value"", ""status"": ""SOURCE"", ""value"": 29091000.0}, {""required"": true, ""slot"": ""unit"", ""status"": ""SOURCE"", ""value"": ""명""}, {""required"": true, ""slot"": ""time"", ""status"": ""SOURCE"", ""value"": ""2025년 6월""}, {""required"": false, ""slot"": ""frequency"", ""status"": ""SOURCE"", ""value"": ""월""}, {""required"": false, ""slot"": ""region"", ""status"": ""SOURCE"", ""value"": ""대한민국""}, {""required"": false, ""slot"": ""population"", ""status"": ""SOURCE"", ""value"": ""15세 이상""}, {""required"": false, ""slot"": ""dimension"", ""status"": ""NOT_APPLICABLE"", ""value"": null}, {""required"": false, ""slot"": ""comparison"", ""status"": ""SOURCE"", ""value"": {""change_value"": ""183000"", ""reference_period"": ""2024-06"", ""type"": ""YEAR_OVER_YEAR""}}, {""required"": true, ""slot"": ""calculation"", ""status"": ""CONTEXT"", ""value"": ""DIRECT_VALUE""}, {""required"": false, ""slot"": ""condition"", ""status"": ""SOURCE"", ""value"": {""direction"": ""INCREASE""}}, {""required"": false, ""slot"": ""source_hint"", ""status"": ""CONTEXT"", ""value"": ""통계청""}], ""reason_codes"": []}","[{""attempt"": 1, ""child_claim_id"": ""claim_dd7f9320985819d8"", ""code_version"": ""admission-recovery-v3"", ""data_version"": ""claim-schema-v1"", ""finished_at"": ""2026-08-26T02:25:09.093631+00:00"", ""input_hash"": ""8a53ed105cc540988ce10f365f00df51060497e0694faae929321ee9376d400c"", ""output_ref"": ""claim_dd7f9320985819d8"", ""parent_claim_id"": ""A02558_5"", ""reason_code"": null, ""stage"": ""CLAIM_SPLIT"", ""started_at"": ""2026-08-26T02:25:09.093631+00:00"", ""status"": ""PASS""}, {""attempt"": 1, ""child_claim_id"": ""claim_dd7f9320985819d8"", ""code_version"": ""admission-recovery-v3"", ""data_version"": ""claim-schema-v1"", ""finished_at"": ""2026-08-26T02:25:09.093631+00:00"", ""input_hash"": ""8a53ed105cc540988ce10f365f00df51060497e0694faae929321ee9376d400c"", ""output_ref"": ""claim_dd7f9320985819d8"", ""parent_claim_id"": ""A02558_5"", ""reason_code"": null, ""stage"": ""CLAIM_PARSE"", ""started_at"": ""2026-08-26T02:25:09.093631+00:00"", ""status"": ""PASS""}]"
A02633_4,1,claim_3e98d7f3646f6d9b,claim_57a534979d0230db,2915만4000명,17일 국가데이터처가 발표한 ‘9월 고용동향’에 따르면 지난달 15세 이상 취업자는 2915만4000명으로 전년 동월 대비 31만2000명 증가했다.,취업자,29154000.0,명,2025년 9월,월,대한민국,15세 이상,"{""age"": ""15세 이상""}","{""change_value"": ""312000"", ""current_value"": ""29154000"", ""direction"": ""INCREASE"", ""operand_unit"": ""명"", ""reference_period"": ""2024-09"", ""reference_value"": ""28842000"", ""type"": ""YEAR_OVER_YEAR""}",DIRECT_VALUE,"{""direction"": ""INCREASE""}","국가데이터처, 9월 고용동향",AUTO_OK,"2025년 9월 15세 이상 취업자 수라는 중심 수치가 명확하고, 전년 동월 대비 증가 규모도 직접 비교 정보로 구조화할 수 있음",MULTI_CLAIM_SPLIT,KOSIS_PIPELINE_ELIGIBLE,HOLD,AMBIGUOUS_MARGIN,,N,UNDETERMINED,HOLD,AMBIGUOUS_MARGIN,N,,1,0,"{""canonical_name"": ""취업자 수"", ""concept_id"": ""C000008"", ""kosis_search_terms"": [""경제활동인구조사 취업자"", ""산업별 취업자""], ""matched_alias"": ""15세 이상 취업자"", ""standard_key"": ""employment_count"", ""status"": ""MATCHED""}","[{""canonical_key"": ""ORG=101|TBL=DT_1DA7001S|ITM=T30|OBJ=B|MEMBER=계|PRD_SE=월|PRD_DE=2025-09"", ""dimension_codes"": {""B"": ""0""}, ""dimension_members"": {""B"": ""계""}, ""itm_id"": ""T30"", ""member_code"": ""계"", ""obj_id"": ""B"", ""org_id"": ""101"", ""prd_de"": ""2025-09"", ""prd_se"": ""월"", ""status"": ""CONFIRMED"", ""tbl_id"": ""DT_1DA7001S"", ""unit"": ""천명""}]",[],"{""eligible_for_official_search"": true, ""entries"": [{""required"": true, ""slot"": ""indicator"", ""status"": ""SOURCE"", ""value"": ""취업자""}, {""required"": true, ""slot"": ""value"", ""status"": ""SOURCE"", ""value"": 29154000.0}, {""required"": true, ""slot"": ""unit"", ""status"": ""SOURCE"", ""value"": ""명""}, {""required"": true, ""slot"": ""time"", ""status"": ""SOURCE"", ""value"": ""2025년 9월""}, {""required"": false, ""slot"": ""frequency"", ""status"": ""SOURCE"", ""value"": ""월""}, {""required"": false, ""slot"": ""region"", ""status"": ""SOURCE"", ""value"": ""대한민국""}, {""required"": false, ""slot"": ""population"", ""status"": ""SOURCE"", ""value"": ""15세 이상""}, {""required"": false, ""slot"": ""dimension"", ""status"": ""SOURCE"", ""value"": {""age"": ""15세 이상""}}, {""required"": false, ""slot"": ""comparison"", ""status"": ""SOURCE"", ""value"": {""change_value"": ""312000"", ""current_value"": ""29154000"", ""direction"": ""INCREASE"", ""operand_unit"": ""명"", ""reference_period"": ""2024-09"", ""reference_value"": ""28842000"", ""type"": ""YEAR_OVER_YEAR""}}, {""required"": true, ""slot"": ""calculation"", ""status"": ""SOURCE"", ""value"": ""DIRECT_VALUE""}, {""required"": false, ""slot"": ""condition"", ""status"": ""SOURCE"", ""value"": {""direction"": ""INCREASE""}}, {""required"": false, ""slot"": ""source_hint"", ""status"": ""SOURCE"", ""value"": ""국가데이터처, 9월 고용동향""}], ""reason_codes"": []}","[{""attempt"": 1, ""child_claim_id"": ""claim_57a534979d0230db"", ""code_version"": ""admission-recovery-v3"", ""data_version"": ""claim-schema-v1"", ""finished_at"": ""2026-08-26T02:26:01.115586+00:00"", ""input_hash"": ""675601aa906d906bfa198b2c39fe09889bfb110f07dc00a8d1c8dd9af4774dc6"", ""output_ref"": ""claim_57a534979d0230db"", ""parent_claim_id"": ""A02633_4"", ""reason_code"": null, ""stage"": ""CLAIM_SPLIT"", ""started_at"": ""2026-08-26T02:26:01.115586+00:00"", ""status"": ""PASS""}, {""attempt"": 1, ""child_claim_id"": ""claim_57a534979d0230db"", ""code_version"": ""admission-recovery-v3"", ""data_version"": ""claim-schema-v1"", ""finished_at"": ""2026-08-26T02:26:01.115586+00:00"", ""input_hash"": ""675601aa906d906bfa198b2c39fe09889bfb110f07dc00a8d1c8dd9af4774dc6"", ""output_ref"": ""claim_57a534979d0230db"", ""parent_claim_id"": ""A02633_4"", ""reason_code"": null, ""stage"": ""CLAIM_PARSE"", ""started_at"": ""2026-08-26T02:26:01.115586+00:00"", ""status"": ""PASS""}]"
A02647_11,1,claim_ef7373759319caae,claim_5b07965c5d5da2c5,304만4000명,특히 60세 이상 비정규직 근로자는 304만4000명으로 전년 동월 대비 23만3000명 증가했다.,비정규직 근로자 수,3044000.0,명,,MONTHLY,,근로자,"{""age"": ""60세 이상"", ""employment_type"": ""비정규직""}","{""change_value"": ""233000"", ""reference_period"": ""전년 동월"", ""type"": ""YEAR_OVER_YEAR""}",DIRECT_VALUE,"{""direction"": ""INCREASE""}",,HOLD,MISSING_REQUIRED_SLOTS:time,MULTI_CLAIM_SPLIT,STRUCTURAL_HOLD,HUMAN_REVIEW,MISSING_REQUIRED_SLOTS:time,,N,,,,N,,0,0,null,[],[],"{""eligible_for_official_search"": false, ""entries"": [{""required"": true, ""slot"": ""indicator"", ""status"": ""SOURCE"", ""value"": ""비정규직 근로자 수""}, {""required"": true, ""slot"": ""value"", ""status"": ""SOURCE"", ""value"": 3044000.0}, {""required"": true, ""slot"": ""unit"", ""status"": ""SOURCE"", ""value"": ""명""}, {""required"": true, ""slot"": ""time"", ""status"": ""MISSING"", ""value"": null}, {""required"": false, ""slot"": ""frequency"", ""status"": ""SOURCE"", ""value"": ""MONTHLY""}, {""required"": false, ""slot"": ""region"", ""status"": ""NOT_APPLICABLE"", ""value"": null}, {""required"": false, ""slot"": ""population"", ""status"": ""SOURCE"", ""value"": ""근로자""}, {""required"": false, ""slot"": ""dimension"", ""status"": ""SOURCE"", ""value"": {""age"": ""60세 이상"", ""employment_type"": ""비정규직""}}, {""required"": false, ""slot"": ""comparison"", ""status"": ""CONTEXT"", ""value"": {""change_value"": ""233000"", ""reference_period"": ""전년 동월"", ""type"": ""YEAR_OVER_YEAR""}}, {""required"": true, ""slot"": ""calculation"", ""status"": ""SOURCE"", ""value"": ""DIRECT_VALUE""}, {""required"": false, ""slot"": ""condition"", ""status"": ""SOURCE"", ""value"": {""direction"": ""INCREASE""}}, {""required"": false, ""slot"": ""source_hint"", ""status"": ""NOT_APPLICABLE"", ""value"": null}], ""reason_codes"": [""MISSING_REQUIRED_SLOTS:time""]}","[{""attempt"": 1, ""child_claim_id"": ""claim_5b07965c5d5da2c5"", ""code_version"": ""admission-recovery-v3"", ""data_version"": ""claim-schema-v1"", ""finished_at"": ""2026-08-26T02:26:18.062415+00:00"", ""input_hash"": ""93ef6a413d4ec5edb4b5447ebdc785ea2526655d895c804e9dde639c49f607aa"", ""output_ref"": ""claim_5b07965c5d5da2c5"", ""parent_claim_id"": ""A02647_11"", ""reason_code"": null, ""stage"": ""CLAIM_SPLIT"", ""started_at"": ""2026-08-26T02:26:18.062415+00:00"", ""status"": ""PASS""}, {""attempt"": 1, ""child_claim_id"": ""claim_5b07965c5d5da2c5"", ""code_version"": ""admission-recovery-v3"", ""data_version"": ""claim-schema-v1"", ""finished_at"": ""2026-08-26T02:26:18.062415+00:00"", ""input_hash"": ""93ef6a413d4ec5edb4b5447ebdc785ea2526655d895c804e9dde639c49f607aa"", ""output_ref"": ""claim_5b07965c5d5da2c5"", ""parent_claim_id"": ""A02647_11"", ""reason_code"": ""MISSING_REQUIRED_SLOTS:time"", ""stage"": ""CLAIM_PARSE"", ""started_at"": ""2026-08-26T02:26:18.062415+00:00"", ""status"": ""HUMAN_REVIEW""}]"
A00185_3,1,claim_6b36a4392062740e,claim_72bc5d19e53bd33f,26만3288대,"15일 한국수입자동차협회(KAIDA)에 따르면, 작년 수입 승용차 판매량은 26만3288대로 2023년 대비 2.9％ 줄었다.",수입 승용차 판매량,263288.0,대,2024,연간,한국,,"{""item"": ""수입 승용차""}","{""change_unit"": ""%"", ""change_value"": ""2.9"", ""reference_period"": ""2023"", ""type"": ""YEAR_OVER_YEAR""}",DIRECT_VALUE,"{""direction"": ""DECREASE""}",한국수입자동차협회(KAIDA),AUTO_OK,,MULTI_CLAIM_SPLIT,KOSIS_PIPELINE_ELIGIBLE,HOLD,NO_EVIDENCE_COORDINATE_CANDIDATE,,N,UNDETERMINED,HOLD,NO_EVIDENCE_COORDINATE_CANDIDATE,N,,0,0,"{""canonical_name"": ""수입 승용차 판매량"", ""concept_id"": ""OBSERVED:0ac3cc54df5eb8a2"", ""kosis_search_terms"": [""수입 승용차 판매량""], ""matched_alias"": ""수입 승용차 판매량"", ""standard_key"": ""observed_indicator_0ac3cc54df5eb8a2"", ""status"": ""MATCHED""}",[],[],"{""eligible_for_official_search"": true, ""entries"": [{""required"": true, ""slot"": ""indicator"", ""status"": ""SOURCE"", ""value"": ""수입 승용차 판매량""}, {""required"": true, ""slot"": ""value"", ""status"": ""SOURCE"", ""value"": 263288.0}, {""required"": true, ""slot"": ""unit"", ""status"": ""SOURCE"", ""value"": ""대""}, {""required"": true, ""slot"": ""time"", ""status"": ""SOURCE"", ""value"": ""2024""}, {""required"": false, ""slot"": ""frequency"", ""status"": ""SOURCE"", ""value"": ""연간""}, {""required"": false, ""slot"": ""region"", ""status"": ""SOURCE"", ""value"": ""한국""}, {""required"": false, ""slot"": ""population"", ""status"": ""NOT_APPLICABLE"", ""value"": null}, {""required"": false, ""slot"": ""dimension"", ""status"": ""SOURCE"", ""value"": {""item"": ""수입 승용차""}}, {""required"": false, ""slot"": ""comparison"", ""status"": ""SOURCE"", ""value"": {""change_unit"": ""%"", ""change_value"": ""2.9"", ""reference_period"": ""2023"", ""type"": ""YEAR_OVER_YEAR""}}, {""required"": true, ""slot"": ""calculation"", ""status"": ""SOURCE"", ""value"": ""DIRECT_VALUE""}, {""required"": false, ""slot"": ""condition"", ""status"": ""SOURCE"", ""value"": {""direction"": ""DECREASE""}}, {""required"": false, ""slot"": ""source_hint"", ""status"": ""SOURCE"", ""value"": ""한국수입자동차협회(KAIDA)""}], ""reason_codes"": []}","[{""attempt"": 1, ""child_claim_id"": ""claim_72bc5d19e53bd33f"", ""code_version"": ""admission-recovery-v3"", ""data_version"": ""claim-schema-v1"", ""finished_at"": ""2026-08-26T02:26:42.008765+00:00"", ""input_hash"": ""5bdb28e79b9209f938d42fc28a1817477bfcdf8513eafe72734018530432e815"", ""output_ref"": ""claim_72bc5d19e53bd33f"", ""parent_claim_id"": ""A00185_3"", ""reason_code"": null, ""stage"": ""CLAIM_SPLIT"", ""started_at"": ""2026-08-26T02:26:42.008765+00:00"", ""status"": ""PASS""}, {""attempt"": 1, ""child_claim_id"": ""claim_72bc5d19e53bd33f"", ""code_version"": ""admission-recovery-v3"", ""data_version"": ""claim-schema-v1"", ""finished_at"": ""2026-08-26T02:26:42.008765+00:00"", ""input_hash"": ""5bdb28e79b9209f938d42fc28a1817477bfcdf8513eafe72734018530432e815"", ""output_ref"": ""claim_72bc5d19e53bd33f"", ""parent_claim_id"": ""A00185_3"", ""reason_code"": null, ""stage"": ""CLAIM_PARSE"", ""started_at"": ""2026-08-26T02:26:42.008765+00:00"", ""status"": ""PASS""}]"
A00202_23,1,claim_7c98d65c16d08668,claim_137349e074940ffc,3.8%,"지난달 실업률은 3.8%로 2022년 1월(4.1%) 이후 가장 높았고, 청년 실업률은 5.9%로 6%에 육박했다.",실업률,3.8,%,2024년 12월,월,,,null,"{""reference_period"": ""2022년 1월"", ""reference_value"": ""4.1"", ""type"": ""HIGHEST_SINCE""}",DIRECT_VALUE,null,,AUTO_OK,,MULTI_CLAIM_SPLIT,KOSIS_PIPELINE_ELIGIBLE,AUTO,WITHIN_TOLERANCE,,N,MATCH,AUTO,WITHIN_TOLERANCE,Y,3.8,1,1,"{""canonical_name"": ""실업률"", ""concept_id"": ""C000007"", ""kosis_search_terms"": [], ""matched_alias"": ""실업률"", ""standard_key"": ""unemployment_rate"", ""status"": ""MATCHED""}","[{""canonical_key"": ""ORG=101|TBL=DT_1DA7001S|ITM=T80|OBJ=B|MEMBER=계|PRD_SE=월|PRD_DE=2024-12"", ""dimension_codes"": {""B"": ""0""}, ""dimension_members"": {""B"": ""계""}, ""itm_id"": ""T80"", ""member_code"": ""계"", ""obj_id"": ""B"", ""org_id"": ""101"", ""prd_de"": ""2024-12"", ""prd_se"": ""월"", ""status"": ""CONFIRMED"", ""tbl_id"": ""DT_1DA7001S"", ""unit"": ""%""}]","[{""content_hash"": ""0c3d654f1db7e1532f0bbc30a5284469c949648883b0917215a4e98a9595e913"", ""evidence_key"": ""ORG=101|TBL=DT_1DA7001S|ITM=T80|OBJ=B|MEMBER=계|PRD_SE=월|PRD_DE=2024-12"", ""publication"": {""content_hash"": ""88d333fa9f7ef6a26ccd6a24b91f43523e63ca54641901c029788becf6c6817a"", ""coverage_end_period"": null, ""coverage_start_period"": null, ""evidence_scope"": ""PERIOD"", ""pub_date_text"": ""조사기준 월 익월"", ""pub_period"": ""월"", ""publication_method_url"": ""https://www.kostat.go.kr/board.es?act=list&mid=a10301010000&keyField=T&bid=210&keyWord=2024%EB%85%84+12%EC%9B%94+%EB%B0%8F+%EC%97%B0%EA%B0%84+%EA%B3%A0%EC%9A%A9%EB%8F%99%ED%96%A5"", ""published_at"": ""2025-01-15"", ""reference_period"": ""2024-12"", ""retrieved_at"": ""2026-08-26T02:27:04.421419Z"", ""source_url"": ""https://www.kostat.go.kr/board.es?mid=a10301010000&bid=210&act=view&list_no=434801&tag=&nPage=1&ref_bid="", ""status"": ""VERIFIED""}, ""retrieved_at"": ""2026-08-26T02:26:57.100537Z"", ""source"": ""API"", ""source_url"": ""https://kosis.kr/openapi/Param/statisticsParameterData.do?method=getList&orgId=101&tblId=DT_1DA7001S&itmId=T80&prdSe=M&startPrdDe=202412&endPrdDe=202412&objL1=0"", ""value_last_changed_at"": ""2025-01-02""}]","{""eligible_for_official_search"": true, ""entries"": [{""required"": true, ""slot"": ""indicator"", ""status"": ""SOURCE"", ""value"": ""실업률""}, {""required"": true, ""slot"": ""value"", ""status"": ""SOURCE"", ""value"": 3.8}, {""required"": true, ""slot"": ""unit"", ""status"": ""SOURCE"", ""value"": ""%""}, {""required"": true, ""slot"": ""time"", ""status"": ""CONTEXT"", ""value"": ""2024년 12월""}, {""required"": false, ""slot"": ""frequency"", ""status"": ""CONTEXT"", ""value"": ""월""}, {""required"": false, ""slot"": ""region"", ""status"": ""NOT_APPLICABLE"", ""value"": null}, {""required"": false, ""slot"": ""population"", ""status"": ""NOT_APPLICABLE"", ""value"": null}, {""required"": false, ""slot"": ""dimension"", ""status"": ""NOT_APPLICABLE"", ""value"": null}, {""required"": false, ""slot"": ""comparison"", ""status"": ""SOURCE"", ""value"": {""reference_period"": ""2022년 1월"", ""reference_value"": ""4.1"", ""type"": ""HIGHEST_SINCE""}}, {""required"": true, ""slot"": ""calculation"", ""status"": ""SOURCE"", ""value"": ""DIRECT_VALUE""}, {""required"": false, ""slot"": ""condition"", ""status"": ""NOT_APPLICABLE"", ""value"": null}, {""required"": false, ""slot"": ""source_hint"", ""status"": ""NOT_APPLICABLE"", ""value"": null}], ""reason_codes"": []}","[{""attempt"": 1, ""child_claim_id"": ""claim_137349e074940ffc"", ""code_version"": ""admission-recovery-v3"", ""data_version"": ""claim-schema-v1"", ""finished_at"": ""2026-08-26T02:27:33.156363+00:00"", ""input_hash"": ""e1e0a719e2ab3c3a2b0546500dd588a76d912d8cbdbad445fd9074afbb47343a"", ""output_ref"": ""claim_137349e074940ffc"", ""parent_claim_id"": ""A00202_23"", ""reason_code"": null, ""stage"": ""CLAIM_SPLIT"", ""started_at"": ""2026-08-26T02:27:33.156363+00:00"", ""status"": ""PASS""}, {""attempt"": 1, ""child_claim_id"": ""claim_137349e074940ffc"", ""code_version"": ""admission-recovery-v3"", ""data_version"": ""claim-schema-v1"", ""finished_at"": ""2026-08-26T02:27:33.156363+00:00"", ""input_hash"": ""e1e0a719e2ab3c3a2b0546500dd588a76d912d8cbdbad445fd9074afbb47343a"", ""output_ref"": ""claim_137349e074940ffc"", ""parent_claim_id"": ""A00202_23"", ""reason_code"": null, ""stage"": ""CLAIM_PARSE"", ""started_at"": ""2026-08-26T02:27:33.156363+00:00"", ""status"": ""PASS""}]"
A00202_23,2,claim_8aa30da67bf9f7e7,claim_3c71ab735b2e9ee3,5.9%,"지난달 실업률은 3.8%로 2022년 1월(4.1%) 이후 가장 높았고, 청년 실업률은 5.9%로 6%에 육박했다.",실업률,5.9,%,2024년 12월,월,,청년,null,null,DIRECT_VALUE,"{""operator"": ""LT"", ""threshold_unit"": ""%"", ""threshold_value"": ""6""}",,AUTO_OK,청년 실업률이라는 단일 수치가 명확하며 6% 미만이라는 조건을 직접 추론할 수 있음,MULTI_CLAIM_SPLIT,KOSIS_PIPELINE_ELIGIBLE,HOLD,AMBIGUOUS_MARGIN,,N,UNDETERMINED,HOLD,AMBIGUOUS_MARGIN,N,,1,0,"{""canonical_name"": ""실업률"", ""concept_id"": ""C000007"", ""kosis_search_terms"": [], ""matched_alias"": ""실업률"", ""standard_key"": ""unemployment_rate"", ""status"": ""MATCHED""}","[{""canonical_key"": ""ORG=101|TBL=DT_1DA7001S|ITM=T80|OBJ=B|MEMBER=계|PRD_SE=월|PRD_DE=2024-12"", ""dimension_codes"": {""B"": ""0""}, ""dimension_members"": {""B"": ""계""}, ""itm_id"": ""T80"", ""member_code"": ""계"", ""obj_id"": ""B"", ""org_id"": ""101"", ""prd_de"": ""2024-12"", ""prd_se"": ""월"", ""status"": ""CONFIRMED"", ""tbl_id"": ""DT_1DA7001S"", ""unit"": ""%""}]",[],"{""eligible_for_official_search"": true, ""entries"": [{""required"": true, ""slot"": ""indicator"", ""status"": ""SOURCE"", ""value"": ""실업률""}, {""required"": true, ""slot"": ""value"", ""status"": ""SOURCE"", ""value"": 5.9}, {""required"": true, ""slot"": ""unit"", ""status"": ""SOURCE"", ""value"": ""%""}, {""required"": true, ""slot"": ""time"", ""status"": ""SOURCE"", ""value"": ""2024년 12월""}, {""required"": false, ""slot"": ""frequency"", ""status"": ""SOURCE"", ""value"": ""월""}, {""required"": false, ""slot"": ""region"", ""status"": ""NOT_APPLICABLE"", ""value"": null}, {""required"": false, ""slot"": ""population"", ""status"": ""SOURCE"", ""value"": ""청년""}, {""required"": false, ""slot"": ""dimension"", ""status"": ""NOT_APPLICABLE"", ""value"": null}, {""required"": false, ""slot"": ""comparison"", ""status"": ""NOT_APPLICABLE"", ""value"": null}, {""required"": true, ""slot"": ""calculation"", ""status"": ""SOURCE"", ""value"": ""DIRECT_VALUE""}, {""required"": false, ""slot"": ""condition"", ""status"": ""SOURCE"", ""value"": {""operator"": ""LT"", ""threshold_unit"": ""%"", ""threshold_value"": ""6""}}, {""required"": false, ""slot"": ""source_hint"", ""status"": ""NOT_APPLICABLE"", ""value"": null}], ""reason_codes"": []}","[{""attempt"": 1, ""child_claim_id"": ""claim_3c71ab735b2e9ee3"", ""code_version"": ""admission-recovery-v3"", ""data_version"": ""claim-schema-v1"", ""finished_at"": ""2026-08-26T02:27:33.156363+00:00"", ""input_hash"": ""e1e0a719e2ab3c3a2b0546500dd588a76d912d8cbdbad445fd9074afbb47343a"", ""output_ref"": ""claim_3c71ab735b2e9ee3"", ""parent_claim_id"": ""A00202_23"", ""reason_code"": null, ""stage"": ""CLAIM_SPLIT"", ""started_at"": ""2026-08-26T02:27:33.156363+00:00"", ""status"": ""PASS""}, {""attempt"": 1, ""child_claim_id"": ""claim_3c71ab735b2e9ee3"", ""code_version"": ""admission-recovery-v3"", ""data_version"": ""claim-schema-v1"", ""finished_at"": ""2026-08-26T02:27:33.156363+00:00"", ""input_hash"": ""e1e0a719e2ab3c3a2b0546500dd588a76d912d8cbdbad445fd9074afbb47343a"", ""output_ref"": ""claim_3c71ab735b2e9ee3"", ""parent_claim_id"": ""A00202_23"", ""reason_code"": null, ""stage"": ""CLAIM_PARSE"", ""started_at"": ""2026-08-26T02:27:33.156363+00:00"", ""status"": ""PASS""}]"
A00308_1,1,claim_bc12aa8d7b003d87,claim_82522bb53547951f,-0.2%,-0.2%(2024년 2분기)→0.1%(3분기)→0.1%(4분기) 한국 경제성장률이 3개 분기 연속으로 0% 안팎을 기록했다.,한국 경제성장률,-0.2,%,2024년 2분기,QUARTERLY,한국,,null,null,GROWTH_RATE,null,,HOLD,"문장에 2024년 2분기, 3분기, 4분기의 서로 독립적으로 검증 가능한 성장률이 여러 개 제시되어 단일 목표 수치로 자동 확정할 수 없음",MULTI_CLAIM_SPLIT,STRUCTURAL_HOLD,HUMAN_REVIEW,"문장에 2024년 2분기, 3분기, 4분기의 서로 독립적으로 검증 가능한 성장률이 여러 개 제시되어 단일 목표 수치로 자동 확정할 수 없음",,N,,,,N,,0,0,null,[],[],"{""eligible_for_official_search"": false, ""entries"": [{""required"": true, ""slot"": ""indicator"", ""status"": ""SOURCE"", ""value"": ""한국 경제성장률""}, {""required"": true, ""slot"": ""value"", ""status"": ""SOURCE"", ""value"": -0.2}, {""required"": true, ""slot"": ""unit"", ""status"": ""SOURCE"", ""value"": ""%""}, {""required"": true, ""slot"": ""time"", ""status"": ""SOURCE"", ""value"": ""2024년 2분기""}, {""required"": false, ""slot"": ""frequency"", ""status"": ""SOURCE"", ""value"": ""QUARTERLY""}, {""required"": false, ""slot"": ""region"", ""status"": ""SOURCE"", ""value"": ""한국""}, {""required"": false, ""slot"": ""population"", ""status"": ""NOT_APPLICABLE"", ""value"": null}, {""required"": false, ""slot"": ""dimension"", ""status"": ""NOT_APPLICABLE"", ""value"": null}, {""required"": true, ""slot"": ""comparison"", ""status"": ""MISSING"", ""value"": null}, {""required"": true, ""slot"": ""calculation"", ""status"": ""SOURCE"", ""value"": ""GROWTH_RATE""}, {""required"": true, ""slot"": ""condition"", ""status"": ""MISSING"", ""value"": null}, {""required"": false, ""slot"": ""source_hint"", ""status"": ""NOT_APPLICABLE"", ""value"": null}], ""reason_codes"": [""MISSING_REQUIRED_SLOTS:comparison,condition""]}","[{""attempt"": 1, ""child_claim_id"": ""claim_82522bb53547951f"", ""code_version"": ""admission-recovery-v3"", ""data_version"": ""claim-schema-v1"", ""finished_at"": ""2026-08-26T02:27:44.615307+00:00"", ""input_hash"": ""6aac41cc7f5832c1b5857ad22668755b97dd8008c8e05840f3c3a5c236661e89"", ""output_ref"": ""claim_82522bb53547951f"", ""parent_claim_id"": ""A00308_1"", ""reason_code"": null, ""stage"": ""CLAIM_SPLIT"", ""started_at"": ""2026-08-26T02:27:44.615307+00:00"", ""status"": ""PASS""}, {""attempt"": 1, ""child_claim_id"": ""claim_82522bb53547951f"", ""code_version"": ""admission-recovery-v3"", ""data_version"": ""claim-schema-v1"", ""finished_at"": ""2026-08-26T02:27:44.615307+00:00"", ""input_hash"": ""6aac41cc7f5832c1b5857ad22668755b97dd8008c8e05840f3c3a5c236661e89"", ""output_ref"": ""claim_82522bb53547951f"", ""parent_claim_id"": ""A00308_1"", ""reason_code"": ""문장에 2024년 2분기, 3분기, 4분기의 서로 독립적으로 검증 가능한 성장률이 여러 개 제시되어 단일 목표 수치로 자동 확정할 수 없음"", ""stage"": ""CLAIM_PARSE"", ""started_at"": ""2026-08-26T02:27:44.615307+00:00"", ""status"": ""HUMAN_REVIEW""}]"
A00308_33,1,claim_ebeb8db644a856f1,claim_8787c9e7074e32eb,5%,"1990년대까지 두 자릿수 성장률을 보였던 한국의 경제성장률은 2000년대 들어선 5%대, 2010년대엔 3%대, 2020년대 이후엔 2%대로 떨어지면서 피크 코리아 주장이 강해지고 있다.",경제성장률,5.0,%,2000년대,연간,한국,,null,"{""later_period_1"": ""2010년대 3%대"", ""later_period_2"": ""2020년대 이후 2%대"", ""reference_period"": ""1990년대"", ""reference_value"": ""두 자릿수"", ""trend"": ""하락""}",DIRECT_VALUE,null,기사 원문,AUTO_OK,,MULTI_CLAIM_SPLIT,KOSIS_PIPELINE_ELIGIBLE,HOLD,NO_EVIDENCE_COORDINATE_CANDIDATE,,N,UNDETERMINED,HOLD,NO_EVIDENCE_COORDINATE_CANDIDATE,N,,0,0,"{""canonical_name"": ""경제성장률"", ""concept_id"": ""C000014"", ""kosis_search_terms"": [], ""matched_alias"": ""경제성장률"", ""standard_key"": ""economic_growth_rate"", ""status"": ""MATCHED""}",[],[],"{""eligible_for_official_search"": true, ""entries"": [{""required"": true, ""slot"": ""indicator"", ""status"": ""SOURCE"", ""value"": ""경제성장률""}, {""required"": true, ""slot"": ""value"", ""status"": ""SOURCE"", ""value"": 5.0}, {""required"": true, ""slot"": ""unit"", ""status"": ""SOURCE"", ""value"": ""%""}, {""required"": true, ""slot"": ""time"", ""status"": ""SOURCE"", ""value"": ""2000년대""}, {""required"": false, ""slot"": ""frequency"", ""status"": ""SOURCE"", ""value"": ""연간""}, {""required"": false, ""slot"": ""region"", ""status"": ""SOURCE"", ""value"": ""한국""}, {""required"": false, ""slot"": ""population"", ""status"": ""NOT_APPLICABLE"", ""value"": null}, {""required"": false, ""slot"": ""dimension"", ""status"": ""NOT_APPLICABLE"", ""value"": null}, {""required"": false, ""slot"": ""comparison"", ""status"": ""SOURCE"", ""value"": {""later_period_1"": ""2010년대 3%대"", ""later_period_2"": ""2020년대 이후 2%대"", ""reference_period"": ""1990년대"", ""reference_value"": ""두 자릿수"", ""trend"": ""하락""}}, {""required"": true, ""slot"": ""calculation"", ""status"": ""SOURCE"", ""value"": ""DIRECT_VALUE""}, {""required"": false, ""slot"": ""condition"", ""status"": ""NOT_APPLICABLE"", ""value"": null}, {""required"": false, ""slot"": ""source_hint"", ""status"": ""SOURCE"", ""value"": ""기사 원문""}], ""reason_codes"": []}","[{""attempt"": 1, ""child_claim_id"": ""claim_8787c9e7074e32eb"", ""code_version"": ""admission-recovery-v3"", ""data_version"": ""claim-schema-v1"", ""finished_at"": ""2026-08-26T02:28:30.468217+00:00"", ""input_hash"": ""4672a0bc884932d50f8afe244fde2eac67054d400d93410d658268377572981e"", ""output_ref"": ""claim_8787c9e7074e32eb"", ""parent_claim_id"": ""A00308_33"", ""reason_code"": null, ""stage"": ""CLAIM_SPLIT"", ""started_at"": ""2026-08-26T02:28:30.468217+00:00"", ""status"": ""PASS""}, {""attempt"": 1, ""child_claim_id"": ""claim_8787c9e7074e32eb"", ""code_version"": ""admission-recovery-v3"", ""data_version"": ""claim-schema-v1"", ""finished_at"": ""2026-08-26T02:28:30.468217+00:00"", ""input_hash"": ""4672a0bc884932d50f8afe244fde2eac67054d400d93410d658268377572981e"", ""output_ref"": ""claim_8787c9e7074e32eb"", ""parent_claim_id"": ""A00308_33"", ""reason_code"": null, ""stage"": ""CLAIM_PARSE"", ""started_at"": ""2026-08-26T02:28:30.468217+00:00"", ""status"": ""PASS""}]"
A00308_33,2,claim_7a9ee01ab58a69fb,claim_e8df7f2f093f8157,3%,"1990년대까지 두 자릿수 성장률을 보였던 한국의 경제성장률은 2000년대 들어선 5%대, 2010년대엔 3%대, 2020년대 이후엔 2%대로 떨어지면서 피크 코리아 주장이 강해지고 있다.",경제성장률,3.0,%대,2010년대,연간,한국,,null,"{""reference_period"": ""1990년대까지"", ""reference_period_2"": ""2000년대"", ""reference_period_3"": ""2020년대 이후"", ""reference_value"": ""두 자릿수"", ""reference_value_2"": ""5%대"", ""reference_value_3"": ""2%대""}",DIRECT_VALUE,null,기사 본문,HOLD,TARGET_VALUE_NOT_IN_SOURCE_SENTENCE,MULTI_CLAIM_SPLIT,CONTEXT_REQUIRED,HUMAN_REVIEW,TARGET_VALUE_NOT_IN_SOURCE_SENTENCE,,N,,,,N,,0,0,null,[],[],"{""eligible_for_official_search"": true, ""entries"": [{""required"": true, ""slot"": ""indicator"", ""status"": ""SOURCE"", ""value"": ""경제성장률""}, {""required"": true, ""slot"": ""value"", ""status"": ""SOURCE"", ""value"": 3.0}, {""required"": true, ""slot"": ""unit"", ""status"": ""SOURCE"", ""value"": ""%대""}, {""required"": true, ""slot"": ""time"", ""status"": ""SOURCE"", ""value"": ""2010년대""}, {""required"": false, ""slot"": ""frequency"", ""status"": ""SOURCE"", ""value"": ""연간""}, {""required"": false, ""slot"": ""region"", ""status"": ""SOURCE"", ""value"": ""한국""}, {""required"": false, ""slot"": ""population"", ""status"": ""NOT_APPLICABLE"", ""value"": null}, {""required"": false, ""slot"": ""dimension"", ""status"": ""NOT_APPLICABLE"", ""value"": null}, {""required"": false, ""slot"": ""comparison"", ""status"": ""SOURCE"", ""value"": {""reference_period"": ""1990년대까지"", ""reference_period_2"": ""2000년대"", ""reference_period_3"": ""2020년대 이후"", ""reference_value"": ""두 자릿수"", ""reference_value_2"": ""5%대"", ""reference_value_3"": ""2%대""}}, {""required"": true, ""slot"": ""calculation"", ""status"": ""SOURCE"", ""value"": ""DIRECT_VALUE""}, {""required"": false, ""slot"": ""condition"", ""status"": ""NOT_APPLICABLE"", ""value"": null}, {""required"": false, ""slot"": ""source_hint"", ""status"": ""SOURCE"", ""value"": ""기사 본문""}], ""reason_codes"": []}","[{""attempt"": 1, ""child_claim_id"": ""claim_e8df7f2f093f8157"", ""code_version"": ""admission-recovery-v3"", ""data_version"": ""claim-schema-v1"", ""finished_at"": ""2026-08-26T02:28:30.468217+00:00"", ""input_hash"": ""4672a0bc884932d50f8afe244fde2eac67054d400d93410d658268377572981e"", ""output_ref"": ""claim_e8df7f2f093f8157"", ""parent_claim_id"": ""A00308_33"", ""reason_code"": null, ""stage"": ""CLAIM_SPLIT"", ""started_at"": ""2026-08-26T02:28:30.468217+00:00"", ""status"": ""PASS""}, {""attempt"": 1, ""child_claim_id"": ""claim_e8df7f2f093f8157"", ""code_version"": ""admission-recovery-v3"", ""data_version"": ""claim-schema-v1"", ""finished_at"": ""2026-08-26T02:28:30.468217+00:00"", ""input_hash"": ""4672a0bc884932d50f8afe244fde2eac67054d400d93410d658268377572981e"", ""output_ref"": ""claim_e8df7f2f093f8157"", ""parent_claim_id"": ""A00308_33"", ""reason_code"": ""TARGET_VALUE_NOT_IN_SOURCE_SENTENCE"", ""stage"": ""CLAIM_PARSE"", ""started_at"": ""2026-08-26T02:28:30.468217+00:00"", ""status"": ""HUMAN_REVIEW""}]"
A00308_33,3,claim_b771764a1b4cbdfa,claim_371452fd49932398,2%,"1990년대까지 두 자릿수 성장률을 보였던 한국의 경제성장률은 2000년대 들어선 5%대, 2010년대엔 3%대, 2020년대 이후엔 2%대로 떨어지면서 피크 코리아 주장이 강해지고 있다.",한국 경제성장률,2.0,%,2020년대 이후,연간,한국,,null,"{""historical_benchmark"": ""1990년대까지 두 자릿수, 2000년대 5%대"", ""reference_period"": ""2010년대"", ""reference_value"": ""3%대""}",DIRECT_VALUE,"{""direction"": ""DECREASE""}",,AUTO_OK,,MULTI_CLAIM_SPLIT,KOSIS_PIPELINE_ELIGIBLE,HOLD,NO_EVIDENCE_COORDINATE_CANDIDATE,,N,UNDETERMINED,HOLD,NO_EVIDENCE_COORDINATE_CANDIDATE,N,,0,0,"{""canonical_name"": ""한국 경제성장률"", ""concept_id"": ""OBSERVED:0c49299d08c71331"", ""kosis_search_terms"": [""한국 경제성장률""], ""matched_alias"": ""한국 경제성장률"", ""standard_key"": ""observed_indicator_0c49299d08c71331"", ""status"": ""MATCHED""}",[],[],"{""eligible_for_official_search"": true, ""entries"": [{""required"": true, ""slot"": ""indicator"", ""status"": ""SOURCE"", ""value"": ""한국 경제성장률""}, {""required"": true, ""slot"": ""value"", ""status"": ""SOURCE"", ""value"": 2.0}, {""required"": true, ""slot"": ""unit"", ""status"": ""SOURCE"", ""value"": ""%""}, {""required"": true, ""slot"": ""time"", ""status"": ""SOURCE"", ""value"": ""2020년대 이후""}, {""required"": false, ""slot"": ""frequency"", ""status"": ""SOURCE"", ""value"": ""연간""}, {""required"": false, ""slot"": ""region"", ""status"": ""SOURCE"", ""value"": ""한국""}, {""required"": false, ""slot"": ""population"", ""status"": ""NOT_APPLICABLE"", ""value"": null}, {""required"": false, ""slot"": ""dimension"", ""status"": ""NOT_APPLICABLE"", ""value"": null}, {""required"": false, ""slot"": ""comparison"", ""status"": ""SOURCE"", ""value"": {""historical_benchmark"": ""1990년대까지 두 자릿수, 2000년대 5%대"", ""reference_period"": ""2010년대"", ""reference_value"": ""3%대""}}, {""required"": true, ""slot"": ""calculation"", ""status"": ""SOURCE"", ""value"": ""DIRECT_VALUE""}, {""required"": false, ""slot"": ""condition"", ""status"": ""SOURCE"", ""value"": {""direction"": ""DECREASE""}}, {""required"": false, ""slot"": ""source_hint"", ""status"": ""NOT_APPLICABLE"", ""value"": null}], ""reason_codes"": []}","[{""attempt"": 1, ""child_claim_id"": ""claim_371452fd49932398"", ""code_version"": ""admission-recovery-v3"", ""data_version"": ""claim-schema-v1"", ""finished_at"": ""2026-08-26T02:28:30.468217+00:00"", ""input_hash"": ""4672a0bc884932d50f8afe244fde2eac67054d400d93410d658268377572981e"", ""output_ref"": ""claim_371452fd49932398"", ""parent_claim_id"": ""A00308_33"", ""reason_code"": null, ""stage"": ""CLAIM_SPLIT"", ""started_at"": ""2026-08-26T02:28:30.468217+00:00"", ""status"": ""PASS""}, {""attempt"": 1, ""child_claim_id"": ""claim_371452fd49932398"", ""code_version"": ""admission-recovery-v3"", ""data_version"": ""claim-schema-v1"", ""finished_at"": ""2026-08-26T02:28:30.468217+00:00"", ""input_hash"": ""4672a0bc884932d50f8afe244fde2eac67054d400d93410d658268377572981e"", ""output_ref"": ""claim_371452fd49932398"", ""parent_claim_id"": ""A00308_33"", ""reason_code"": null, ""stage"": ""CLAIM_PARSE"", ""started_at"": ""2026-08-26T02:28:30.468217+00:00"", ""status"": ""PASS""}]"
A00312_11,1,claim_bca90962953a18c9,A00312_11,,"실제로 지난해 ‘14대 대미 수출 품목’을 보면 반도체(107억달러), 자동차부품(82억달러), 석유화학·철강(각 43억달러) 등 중간재가 상당수를 차지한다.",수출액,14.0,대,2024,Y,,,"{""raw"": ""{\""품목\"": [\""반도체\"", \""자동차\""], \""교역상대국\"": [\""미국\""]}""}","{""claimed_operands"": ""[{'raw': '107억달러', 'value': 10700000000.0, 'unit': '달러'}, {'raw': '82억달러', 'value': 8200000000.0, 'unit': '달러'}, {'raw': '43억달러', 'value': 4300000000.0, 'unit': '달러'}]""}",DIRECT_VALUE,null,,AUTO_OK,,NO_RECOVERY,KOSIS_PIPELINE_ELIGIBLE,HOLD,KOSIS_CATALOG_UNAVAILABLE,02c3ce642b98,Y,,,,N,,0,0,null,[],[],null,[]
A00312_4,1,claim_306a2c6f47fe05d6,claim_ac0dc3a5ac2f3b18,653억9900만달러,"하지만 23일 한국무역협회의 ‘대미 가공단계별 수출’ 분석 자료에 따르면, 지난해 대미 수출액 1277억8600만달러 가운데 절반이 넘는 653억9900만달러(51.2%)가 중간재인 것으로 나타났다.",대미 중간재 수출액,65399000000.0,달러,2024년,년,미국,한국의 대미 수출,"{""가공단계"": ""중간재""}","{""current_value"": ""65399000000"", ""reference_period"": ""지난해"", ""reference_value"": ""127786000000"", ""share"": ""51.2"", ""type"": ""PART_TO_WHOLE""}",PART_TO_WHOLE,null,한국무역협회 ‘대미 가공단계별 수출’ 분석 자료,HOLD,CLAIM_CALCULATION_UNSUPPORTED,MULTI_CLAIM_SPLIT,CONTEXT_REQUIRED,HUMAN_REVIEW,CLAIM_CALCULATION_UNSUPPORTED,,N,,,,N,,0,0,null,[],[],"{""eligible_for_official_search"": true, ""entries"": [{""required"": true, ""slot"": ""indicator"", ""status"": ""SOURCE"", ""value"": ""대미 중간재 수출액""}, {""required"": true, ""slot"": ""value"", ""status"": ""SOURCE"", ""value"": 65399000000.0}, {""required"": true, ""slot"": ""unit"", ""status"": ""SOURCE"", ""value"": ""달러""}, {""required"": true, ""slot"": ""time"", ""status"": ""SOURCE"", ""value"": ""2024년""}, {""required"": false, ""slot"": ""frequency"", ""status"": ""SOURCE"", ""value"": ""년""}, {""required"": false, ""slot"": ""region"", ""status"": ""SOURCE"", ""value"": ""미국""}, {""required"": false, ""slot"": ""population"", ""status"": ""SOURCE"", ""value"": ""한국의 대미 수출""}, {""required"": false, ""slot"": ""dimension"", ""status"": ""CONTEXT"", ""value"": {""가공단계"": ""중간재""}}, {""required"": false, ""slot"": ""comparison"", ""status"": ""CONTEXT"", ""value"": {""current_value"": ""65399000000"", ""reference_period"": ""지난해"", ""reference_value"": ""127786000000"", ""share"": ""51.2"", ""type"": ""PART_TO_WHOLE""}}, {""required"": true, ""slot"": ""calculation"", ""status"": ""CONTEXT"", ""value"": ""PART_TO_WHOLE""}, {""required"": false, ""slot"": ""condition"", ""status"": ""NOT_APPLICABLE"", ""value"": null}, {""required"": false, ""slot"": ""source_hint"", ""status"": ""SOURCE"", ""value"": ""한국무역협회 ‘대미 가공단계별 수출’ 분석 자료""}], ""reason_codes"": []}","[{""attempt"": 1, ""child_claim_id"": ""claim_ac0dc3a5ac2f3b18"", ""code_version"": ""admission-recovery-v3"", ""data_version"": ""claim-schema-v1"", ""finished_at"": ""2026-08-26T02:29:55.997223+00:00"", ""input_hash"": ""b79dc2970bbe9506040c2f60ee95c243a3ef353c7c6247fca83ae41799018eae"", ""output_ref"": ""claim_ac0dc3a5ac2f3b18"", ""parent_claim_id"": ""A00312_4"", ""reason_code"": null, ""stage"": ""CLAIM_SPLIT"", ""started_at"": ""2026-08-26T02:29:55.997223+00:00"", ""status"": ""PASS""}, {""attempt"": 1, ""child_claim_id"": ""claim_ac0dc3a5ac2f3b18"", ""code_version"": ""admission-recovery-v3"", ""data_version"": ""claim-schema-v1"", ""finished_at"": ""2026-08-26T02:29:55.997223+00:00"", ""input_hash"": ""b79dc2970bbe9506040c2f60ee95c243a3ef353c7c6247fca83ae41799018eae"", ""output_ref"": ""claim_ac0dc3a5ac2f3b18"", ""parent_claim_id"": ""A00312_4"", ""reason_code"": ""CLAIM_CALCULATION_UNSUPPORTED"", ""stage"": ""CLAIM_PARSE"", ""started_at"": ""2026-08-26T02:29:55.997223+00:00"", ""status"": ""HUMAN_REVIEW""}]"
A00354_11,1,claim_3177fb06f0656043,claim_a9fdda941f19da78,104.2명,한국의 노년 부양비는 2024년 27.4명에서 2072년 104.2명으로 3.8배 증가한다.,노년 부양비,104.2,명,2072년,,한국,,null,"{""multiple_value"": ""3.8"", ""reference_period"": ""2024년"", ""reference_unit"": ""명"", ""reference_value"": ""27.4"", ""type"": ""MULTIPLE""}",MULTIPLE,"{""direction"": ""INCREASE""}",,HOLD,MISSING_REQUIRED_SLOTS:comparison,MULTI_CLAIM_SPLIT,STRUCTURAL_HOLD,HUMAN_REVIEW,MISSING_REQUIRED_SLOTS:comparison,,N,,,,N,,0,0,null,[],[],"{""eligible_for_official_search"": true, ""entries"": [{""required"": true, ""slot"": ""indicator"", ""status"": ""SOURCE"", ""value"": ""노년 부양비""}, {""required"": true, ""slot"": ""value"", ""status"": ""SOURCE"", ""value"": 104.2}, {""required"": true, ""slot"": ""unit"", ""status"": ""SOURCE"", ""value"": ""명""}, {""required"": true, ""slot"": ""time"", ""status"": ""SOURCE"", ""value"": ""2072년""}, {""required"": false, ""slot"": ""frequency"", ""status"": ""NORMALIZED"", ""value"": ""년""}, {""required"": false, ""slot"": ""region"", ""status"": ""SOURCE"", ""value"": ""한국""}, {""required"": false, ""slot"": ""population"", ""status"": ""NOT_APPLICABLE"", ""value"": null}, {""required"": false, ""slot"": ""dimension"", ""status"": ""NOT_APPLICABLE"", ""value"": null}, {""required"": true, ""slot"": ""comparison"", ""status"": ""SOURCE"", ""value"": {""multiple_value"": ""3.8"", ""reference_period"": ""2024년"", ""reference_unit"": ""명"", ""reference_value"": ""27.4"", ""type"": ""MULTIPLE""}}, {""required"": true, ""slot"": ""calculation"", ""status"": ""SOURCE"", ""value"": ""MULTIPLE""}, {""required"": false, ""slot"": ""condition"", ""status"": ""SOURCE"", ""value"": {""direction"": ""INCREASE""}}, {""required"": false, ""slot"": ""source_hint"", ""status"": ""NOT_APPLICABLE"", ""value"": null}], ""reason_codes"": []}","[{""attempt"": 1, ""child_claim_id"": ""claim_a9fdda941f19da78"", ""code_version"": ""admission-recovery-v3"", ""data_version"": ""claim-schema-v1"", ""finished_at"": ""2026-08-26T02:30:02.252769+00:00"", ""input_hash"": ""0f476e287aec8c12f584b5b1b3efd343ed7382c928f45310ad678ad5509ceccb"", ""output_ref"": ""claim_a9fdda941f19da78"", ""parent_claim_id"": ""A00354_11"", ""reason_code"": null, ""stage"": ""CLAIM_SPLIT"", ""started_at"": ""2026-08-26T02:30:02.252769+00:00"", ""status"": ""PASS""}, {""attempt"": 1, ""child_claim_id"": ""claim_a9fdda941f19da78"", ""code_version"": ""admission-recovery-v3"", ""data_version"": ""claim-schema-v1"", ""finished_at"": ""2026-08-26T02:30:02.252769+00:00"", ""input_hash"": ""0f476e287aec8c12f584b5b1b3efd343ed7382c928f45310ad678ad5509ceccb"", ""output_ref"": ""claim_a9fdda941f19da78"", ""parent_claim_id"": ""A00354_11"", ""reason_code"": ""MISSING_REQUIRED_SLOTS:comparison"", ""stage"": ""CLAIM_PARSE"", ""started_at"": ""2026-08-26T02:30:02.252769+00:00"", ""status"": ""HUMAN_REVIEW""}]"
A00365_2,1,claim_ed030b7903aeff70,claim_3484bd1d51bc0b43,9140만달러,29일 농림축산식품부와 한국농수산식품유통공사(aT)에 따르면 지난해 떡류 수출액은 9140만달러(약 1313억원)로 1억달러에 근접했다.,수출액,91400000.0,달러,2024년,년,,,"{""품목"": ""떡류""}","{""operand_unit"": ""달러"", ""reference_value"": ""100000000"", ""relation"": ""NEAR""}",DIRECT_VALUE,null,농림축산식품부 및 한국농수산식품유통공사(aT),AUTO_OK,,MULTI_CLAIM_SPLIT,KOSIS_PIPELINE_ELIGIBLE,HOLD,NO_HARD_GUARD_CANDIDATE,,N,UNDETERMINED,HOLD,NO_HARD_GUARD_CANDIDATE,N,,0,0,"{""canonical_name"": ""수출액"", ""concept_id"": ""C000003"", ""kosis_search_terms"": [""수출입총괄"", ""국가별 수출액 수입액"", ""수출금액""], ""matched_alias"": ""수출액"", ""standard_key"": ""export_value"", ""status"": ""MATCHED""}",[],[],"{""eligible_for_official_search"": true, ""entries"": [{""required"": true, ""slot"": ""indicator"", ""status"": ""SOURCE"", ""value"": ""수출액""}, {""required"": true, ""slot"": ""value"", ""status"": ""SOURCE"", ""value"": 91400000.0}, {""required"": true, ""slot"": ""unit"", ""status"": ""SOURCE"", ""value"": ""달러""}, {""required"": true, ""slot"": ""time"", ""status"": ""SOURCE"", ""value"": ""2024년""}, {""required"": false, ""slot"": ""frequency"", ""status"": ""SOURCE"", ""value"": ""년""}, {""required"": false, ""slot"": ""region"", ""status"": ""NOT_APPLICABLE"", ""value"": null}, {""required"": false, ""slot"": ""population"", ""status"": ""NOT_APPLICABLE"", ""value"": null}, {""required"": false, ""slot"": ""dimension"", ""status"": ""SOURCE"", ""value"": {""품목"": ""떡류""}}, {""required"": false, ""slot"": ""comparison"", ""status"": ""SOURCE"", ""value"": {""operand_unit"": ""달러"", ""reference_value"": ""100000000"", ""relation"": ""NEAR""}}, {""required"": true, ""slot"": ""calculation"", ""status"": ""SOURCE"", ""value"": ""DIRECT_VALUE""}, {""required"": false, ""slot"": ""condition"", ""status"": ""NOT_APPLICABLE"", ""value"": null}, {""required"": false, ""slot"": ""source_hint"", ""status"": ""SOURCE"", ""value"": ""농림축산식품부 및 한국농수산식품유통공사(aT)""}], ""reason_codes"": []}","[{""attempt"": 1, ""child_claim_id"": ""claim_3484bd1d51bc0b43"", ""code_version"": ""admission-recovery-v3"", ""data_version"": ""claim-schema-v1"", ""finished_at"": ""2026-08-26T02:30:37.251258+00:00"", ""input_hash"": ""0288e86d33b30582734c8c6c42ae73d00ed568df732f30ff5ba586fbed7f463d"", ""output_ref"": ""claim_3484bd1d51bc0b43"", ""parent_claim_id"": ""A00365_2"", ""reason_code"": null, ""stage"": ""CLAIM_SPLIT"", ""started_at"": ""2026-08-26T02:30:37.251258+00:00"", ""status"": ""PASS""}, {""attempt"": 1, ""child_claim_id"": ""claim_3484bd1d51bc0b43"", ""code_version"": ""admission-recovery-v3"", ""data_version"": ""claim-schema-v1"", ""finished_at"": ""2026-08-26T02:30:37.251258+00:00"", ""input_hash"": ""0288e86d33b30582734c8c6c42ae73d00ed568df732f30ff5ba586fbed7f463d"", ""output_ref"": ""claim_3484bd1d51bc0b43"", ""parent_claim_id"": ""A00365_2"", ""reason_code"": null, ""stage"": ""CLAIM_PARSE"", ""started_at"": ""2026-08-26T02:30:37.251258+00:00"", ""status"": ""PASS""}]"
A00368_5,1,claim_b50c19825fa9649a,claim_dfaa01677ecc363f,45%,청년 고용률이 45% 아래로 떨어진 건 코로나가 한창 기승하던 2021년 5월(44.4%) 이후 43개월 만이다.,고용률,,%,2024년 12월,월,,청년,null,"{""reference_period"": ""2021-05"", ""reference_value"": ""44.4""}",THRESHOLD,"{""operator"": ""LT"", ""threshold_unit"": ""%"", ""threshold_value"": ""45""}",,HOLD,MISSING_REQUIRED_SLOTS:value,MULTI_CLAIM_SPLIT,STRUCTURAL_HOLD,HUMAN_REVIEW,MISSING_REQUIRED_SLOTS:value,,N,,,,N,,0,0,null,[],[],"{""eligible_for_official_search"": false, ""entries"": [{""required"": true, ""slot"": ""indicator"", ""status"": ""SOURCE"", ""value"": ""고용률""}, {""required"": true, ""slot"": ""value"", ""status"": ""MISSING"", ""value"": null}, {""required"": true, ""slot"": ""unit"", ""status"": ""SOURCE"", ""value"": ""%""}, {""required"": true, ""slot"": ""time"", ""status"": ""SOURCE"", ""value"": ""2024년 12월""}, {""required"": false, ""slot"": ""frequency"", ""status"": ""SOURCE"", ""value"": ""월""}, {""required"": false, ""slot"": ""region"", ""status"": ""NOT_APPLICABLE"", ""value"": null}, {""required"": false, ""slot"": ""population"", ""status"": ""SOURCE"", ""value"": ""청년""}, {""required"": false, ""slot"": ""dimension"", ""status"": ""NOT_APPLICABLE"", ""value"": null}, {""required"": false, ""slot"": ""comparison"", ""status"": ""SOURCE"", ""value"": {""reference_period"": ""2021-05"", ""reference_value"": ""44.4""}}, {""required"": true, ""slot"": ""calculation"", ""status"": ""SOURCE"", ""value"": ""THRESHOLD""}, {""required"": true, ""slot"": ""condition"", ""status"": ""SOURCE"", ""value"": {""operator"": ""LT"", ""threshold_unit"": ""%"", ""threshold_value"": ""45""}}, {""required"": false, ""slot"": ""source_hint"", ""status"": ""NOT_APPLICABLE"", ""value"": null}], ""reason_codes"": [""MISSING_REQUIRED_SLOTS:value""]}","[{""attempt"": 1, ""child_claim_id"": ""claim_dfaa01677ecc363f"", ""code_version"": ""admission-recovery-v3"", ""data_version"": ""claim-schema-v1"", ""finished_at"": ""2026-08-26T02:30:47.077210+00:00"", ""input_hash"": ""a36b923ff4b4d93b7f03016c6d85de2a627e31ab994e7e93d6fac317f743c96b"", ""output_ref"": ""claim_dfaa01677ecc363f"", ""parent_claim_id"": ""A00368_5"", ""reason_code"": null, ""stage"": ""CLAIM_SPLIT"", ""started_at"": ""2026-08-26T02:30:47.077210+00:00"", ""status"": ""PASS""}, {""attempt"": 1, ""child_claim_id"": ""claim_dfaa01677ecc363f"", ""code_version"": ""admission-recovery-v3"", ""data_version"": ""claim-schema-v1"", ""finished_at"": ""2026-08-26T02:30:47.077210+00:00"", ""input_hash"": ""a36b923ff4b4d93b7f03016c6d85de2a627e31ab994e7e93d6fac317f743c96b"", ""output_ref"": ""claim_dfaa01677ecc363f"", ""parent_claim_id"": ""A00368_5"", ""reason_code"": ""MISSING_REQUIRED_SLOTS:value"", ""stage"": ""CLAIM_PARSE"", ""started_at"": ""2026-08-26T02:30:47.077210+00:00"", ""status"": ""HUMAN_REVIEW""}]"
A00368_9,1,claim_0e29ba800703910e,claim_3aff6fbd9177d5e0,0%포인트,"박 전 대통령의 탄핵 소추가 이뤄지기 직전인 2016년 11월의 경우 전년 동월 대비 청년 고용률이 보합(0%포인트 변동)을 보이며, 2013년 9월(0.1%포인트)부터 2016년 10월(0.6%포인트)까지 38개월간 이어지던 증가세가 꺾였다.",청년 고용률,0.0,%포인트,2016-11,월,대한민국,청년,null,"{""direction"": ""NO_CHANGE"", ""reference_period"": ""2015-11"", ""type"": ""YEAR_OVER_YEAR""}",GROWTH_RATE,"{""direction"": ""INCREASE""}",,HUMAN_REVIEW,"중심 수치는 전년 동월 대비 0%포인트 변동이지만, 문장 후반에 2013년 9월부터 2016년 10월까지의 증가세와 각 시점의 별도 수치가 함께 제시되어 있어 단일 독립 주장으로 완전히 분리하기 어렵고, 0%포인트 보합을 GROWTH_RATE로 표현할 때 증감 방향 조건도 불명확함.",MULTI_CLAIM_SPLIT,STRUCTURAL_HOLD,HUMAN_REVIEW,"중심 수치는 전년 동월 대비 0%포인트 변동이지만, 문장 후반에 2013년 9월부터 2016년 10월까지의 증가세와 각 시점의 별도 수치가 함께 제시되어 있어 단일 독립 주장으로 완전히 분리하기 어렵고, 0%포인트 보합을 GROWTH_RATE로 표현할 때 증감 방향 조건도 불명확함.",,N,,,,N,,0,0,null,[],[],"{""eligible_for_official_search"": true, ""entries"": [{""required"": true, ""slot"": ""indicator"", ""status"": ""SOURCE"", ""value"": ""청년 고용률""}, {""required"": true, ""slot"": ""value"", ""status"": ""SOURCE"", ""value"": 0.0}, {""required"": true, ""slot"": ""unit"", ""status"": ""SOURCE"", ""value"": ""%포인트""}, {""required"": true, ""slot"": ""time"", ""status"": ""SOURCE"", ""value"": ""2016-11""}, {""required"": false, ""slot"": ""frequency"", ""status"": ""SOURCE"", ""value"": ""월""}, {""required"": false, ""slot"": ""region"", ""status"": ""SOURCE"", ""value"": ""대한민국""}, {""required"": false, ""slot"": ""population"", ""status"": ""SOURCE"", ""value"": ""청년""}, {""required"": false, ""slot"": ""dimension"", ""status"": ""NOT_APPLICABLE"", ""value"": null}, {""required"": true, ""slot"": ""comparison"", ""status"": ""SOURCE"", ""value"": {""direction"": ""NO_CHANGE"", ""reference_period"": ""2015-11"", ""type"": ""YEAR_OVER_YEAR""}}, {""required"": true, ""slot"": ""calculation"", ""status"": ""SOURCE"", ""value"": ""GROWTH_RATE""}, {""required"": true, ""slot"": ""condition"", ""status"": ""SOURCE"", ""value"": {""direction"": ""INCREASE""}}, {""required"": false, ""slot"": ""source_hint"", ""status"": ""NOT_APPLICABLE"", ""value"": null}], ""reason_codes"": []}","[{""attempt"": 1, ""child_claim_id"": ""claim_3aff6fbd9177d5e0"", ""code_version"": ""admission-recovery-v3"", ""data_version"": ""claim-schema-v1"", ""finished_at"": ""2026-08-26T02:30:57.032800+00:00"", ""input_hash"": ""adabed3e722d72c7200783015b7b957a981328bb444356c2c50c4a929123e3c2"", ""output_ref"": ""claim_3aff6fbd9177d5e0"", ""parent_claim_id"": ""A00368_9"", ""reason_code"": null, ""stage"": ""CLAIM_SPLIT"", ""started_at"": ""2026-08-26T02:30:57.032800+00:00"", ""status"": ""PASS""}, {""attempt"": 1, ""child_claim_id"": ""claim_3aff6fbd9177d5e0"", ""code_version"": ""admission-recovery-v3"", ""data_version"": ""claim-schema-v1"", ""finished_at"": ""2026-08-26T02:30:57.032800+00:00"", ""input_hash"": ""adabed3e722d72c7200783015b7b957a981328bb444356c2c50c4a929123e3c2"", ""output_ref"": ""claim_3aff6fbd9177d5e0"", ""parent_claim_id"": ""A00368_9"", ""reason_code"": ""중심 수치는 전년 동월 대비 0%포인트 변동이지만, 문장 후반에 2013년 9월부터 2016년 10월까지의 증가세와 각 시점의 별도 수치가 함께 제시되어 있어 단일 독립 주장으로 완전히 분리하기 어렵고, 0%포인트 보합을 GROWTH_RATE로 표현할 때 증감 방향 조건도 불명확함."", ""stage"": ""CLAIM_PARSE"", ""started_at"": ""2026-08-26T02:30:57.032800+00:00"", ""status"": ""HUMAN_REVIEW""}]"
A00382_5,1,claim_1ba74e0ac15dc55c,claim_22361451201894d8,2%,"한국은 2023년(1.4%) 1%대 성장률에 이어, 작년에는 간신히 2%에 턱걸이했다.",성장률,2.0,%,2024,연간,한국,,null,"{""reference_period"": ""2023"", ""reference_value"": ""1.4"", ""type"": ""YEAR_OVER_YEAR""}",GROWTH_RATE,"{""direction"": ""INCREASE""}",기사 발행일 2025-01-30 기준 ‘작년’은 2024년,AUTO_OK,"2024년 한국의 성장률 2%라는 중심 수치가 명확하고, 2023년 1.4%는 비교 기준으로 직접 제시됨",MULTI_CLAIM_SPLIT,KOSIS_PIPELINE_ELIGIBLE,HOLD,NO_EVIDENCE_COORDINATE_CANDIDATE,,N,UNDETERMINED,HOLD,NO_EVIDENCE_COORDINATE_CANDIDATE,N,,0,0,"{""canonical_name"": ""성장률"", ""concept_id"": ""OBSERVED:b783978e3d116c9c"", ""kosis_search_terms"": [""성장률""], ""matched_alias"": ""성장률"", ""standard_key"": ""observed_indicator_b783978e3d116c9c"", ""status"": ""MATCHED""}",[],[],"{""eligible_for_official_search"": true, ""entries"": [{""required"": true, ""slot"": ""indicator"", ""status"": ""SOURCE"", ""value"": ""성장률""}, {""required"": true, ""slot"": ""value"", ""status"": ""SOURCE"", ""value"": 2.0}, {""required"": true, ""slot"": ""unit"", ""status"": ""SOURCE"", ""value"": ""%""}, {""required"": true, ""slot"": ""time"", ""status"": ""SOURCE"", ""value"": ""2024""}, {""required"": false, ""slot"": ""frequency"", ""status"": ""SOURCE"", ""value"": ""연간""}, {""required"": false, ""slot"": ""region"", ""status"": ""SOURCE"", ""value"": ""한국""}, {""required"": false, ""slot"": ""population"", ""status"": ""NOT_APPLICABLE"", ""value"": null}, {""required"": false, ""slot"": ""dimension"", ""status"": ""NOT_APPLICABLE"", ""value"": null}, {""required"": true, ""slot"": ""comparison"", ""status"": ""SOURCE"", ""value"": {""reference_period"": ""2023"", ""reference_value"": ""1.4"", ""type"": ""YEAR_OVER_YEAR""}}, {""required"": true, ""slot"": ""calculation"", ""status"": ""SOURCE"", ""value"": ""GROWTH_RATE""}, {""required"": true, ""slot"": ""condition"", ""status"": ""SOURCE"", ""value"": {""direction"": ""INCREASE""}}, {""required"": false, ""slot"": ""source_hint"", ""status"": ""SOURCE"", ""value"": ""기사 발행일 2025-01-30 기준 ‘작년’은 2024년""}], ""reason_codes"": []}","[{""attempt"": 1, ""child_claim_id"": ""claim_22361451201894d8"", ""code_version"": ""admission-recovery-v3"", ""data_version"": ""claim-schema-v1"", ""finished_at"": ""2026-08-26T02:31:29.508074+00:00"", ""input_hash"": ""afa40e4948edb6da3b82df9941fac3c88bac158181ec7193b1ba7bad16502475"", ""output_ref"": ""claim_22361451201894d8"", ""parent_claim_id"": ""A00382_5"", ""reason_code"": null, ""stage"": ""CLAIM_SPLIT"", ""started_at"": ""2026-08-26T02:31:29.508074+00:00"", ""status"": ""PASS""}, {""attempt"": 1, ""child_claim_id"": ""claim_22361451201894d8"", ""code_version"": ""admission-recovery-v3"", ""data_version"": ""claim-schema-v1"", ""finished_at"": ""2026-08-26T02:31:29.508074+00:00"", ""input_hash"": ""afa40e4948edb6da3b82df9941fac3c88bac158181ec7193b1ba7bad16502475"", ""output_ref"": ""claim_22361451201894d8"", ""parent_claim_id"": ""A00382_5"", ""reason_code"": null, ""stage"": ""CLAIM_PARSE"", ""started_at"": ""2026-08-26T02:31:29.508074+00:00"", ""status"": ""PASS""}]"
A00433_3,1,claim_863eebfa6f331bc6,A00433_3,,"2일 한국수입자동차협회(KAIDA)에 따르면, 지난해 국내에서 판매된 수입 SUV는 12만7754대로 집계돼 세단(12만6881대)보다 많았다.",수입액,127754.0,대,2024,Y,전국,,"{""raw"": ""{\""품목\"": [\""자동차\""]}""}","{""claimed_operands"": ""[{'raw': '12만6881대', 'value': 126881.0, 'unit': '대'}]""}",DIRECT_VALUE,null,,AUTO_OK,,NO_RECOVERY,KOSIS_PIPELINE_ELIGIBLE,HOLD,KOSIS_CATALOG_UNAVAILABLE,10014e417050,Y,,,,N,,0,0,null,[],[],null,[]
A00509_10,1,claim_244329659d7b2f05,claim_77498fc3ae531d7c,1.3%,지난해 우리나라의 1분기부터 4분기까지 분기별 경제성장률을 보면 1.3%→-0.2%→0.1%→0.1%’로 최근 3분기 연속(連續) 0%대의 낙제(落第) 수준이다.,경제성장률,1.3,%,2024년 1분기,분기,대한민국,,"{""분기"": ""1분기""}","{""type"": ""QUARTER_OVER_QUARTER""}",GROWTH_RATE,"{""direction"": ""INCREASE""}",기사 원문,AUTO_OK,,MULTI_CLAIM_SPLIT,KOSIS_PIPELINE_ELIGIBLE,HOLD,NO_HARD_GUARD_CANDIDATE,,N,UNDETERMINED,HOLD,NO_HARD_GUARD_CANDIDATE,N,,0,0,"{""canonical_name"": ""경제성장률"", ""concept_id"": ""C000014"", ""kosis_search_terms"": [], ""matched_alias"": ""경제성장률"", ""standard_key"": ""economic_growth_rate"", ""status"": ""MATCHED""}",[],[],"{""eligible_for_official_search"": true, ""entries"": [{""required"": true, ""slot"": ""indicator"", ""status"": ""SOURCE"", ""value"": ""경제성장률""}, {""required"": true, ""slot"": ""value"", ""status"": ""SOURCE"", ""value"": 1.3}, {""required"": true, ""slot"": ""unit"", ""status"": ""SOURCE"", ""value"": ""%""}, {""required"": true, ""slot"": ""time"", ""status"": ""CONTEXT"", ""value"": ""2024년 1분기""}, {""required"": false, ""slot"": ""frequency"", ""status"": ""SOURCE"", ""value"": ""분기""}, {""required"": false, ""slot"": ""region"", ""status"": ""SOURCE"", ""value"": ""대한민국""}, {""required"": false, ""slot"": ""population"", ""status"": ""NOT_APPLICABLE"", ""value"": null}, {""required"": false, ""slot"": ""dimension"", ""status"": ""CONTEXT"", ""value"": {""분기"": ""1분기""}}, {""required"": true, ""slot"": ""comparison"", ""status"": ""CONTEXT"", ""value"": {""type"": ""QUARTER_OVER_QUARTER""}}, {""required"": true, ""slot"": ""calculation"", ""status"": ""SOURCE"", ""value"": ""GROWTH_RATE""}, {""required"": true, ""slot"": ""condition"", ""status"": ""SOURCE"", ""value"": {""direction"": ""INCREASE""}}, {""required"": false, ""slot"": ""source_hint"", ""status"": ""CONTEXT"", ""value"": ""기사 원문""}], ""reason_codes"": []}","[{""attempt"": 1, ""child_claim_id"": ""claim_77498fc3ae531d7c"", ""code_version"": ""admission-recovery-v3"", ""data_version"": ""claim-schema-v1"", ""finished_at"": ""2026-08-26T02:32:15.005606+00:00"", ""input_hash"": ""b7a4e2abfa5b7a120808e57c1ceb65efa22edcac79fb4f0ec2d6adbe786606bb"", ""output_ref"": ""claim_77498fc3ae531d7c"", ""parent_claim_id"": ""A00509_10"", ""reason_code"": null, ""stage"": ""CLAIM_SPLIT"", ""started_at"": ""2026-08-26T02:32:15.005606+00:00"", ""status"": ""PASS""}, {""attempt"": 1, ""child_claim_id"": ""claim_77498fc3ae531d7c"", ""code_version"": ""admission-recovery-v3"", ""data_version"": ""claim-schema-v1"", ""finished_at"": ""2026-08-26T02:32:15.005606+00:00"", ""input_hash"": ""b7a4e2abfa5b7a120808e57c1ceb65efa22edcac79fb4f0ec2d6adbe786606bb"", ""output_ref"": ""claim_77498fc3ae531d7c"", ""parent_claim_id"": ""A00509_10"", ""reason_code"": null, ""stage"": ""CLAIM_PARSE"", ""started_at"": ""2026-08-26T02:32:15.005606+00:00"", ""status"": ""PASS""}]"
A00514_8,1,claim_2ca7d994ac25a0f7,claim_bcfe4c355bf627d8,6.3%,당시 대규모 추경을 편성해 2008년 4분기 –4.6%까지 추락한 한국 경제성장률을 2010년 6.3%로 ‘V자 반등’을 이뤄내는데 크게 역할을 했다는 평가를 받는다.,한국 경제성장률,6.3,%,2010년,연간,한국,,null,"{""reference_period"": ""2008년 4분기"", ""reference_value"": ""-4.6""}",DIRECT_VALUE,null,,AUTO_OK,,MULTI_CLAIM_SPLIT,KOSIS_PIPELINE_ELIGIBLE,HOLD,NO_EVIDENCE_COORDINATE_CANDIDATE,,N,UNDETERMINED,HOLD,NO_EVIDENCE_COORDINATE_CANDIDATE,N,,0,0,"{""canonical_name"": ""한국 경제성장률"", ""concept_id"": ""OBSERVED:0c49299d08c71331"", ""kosis_search_terms"": [""한국 경제성장률""], ""matched_alias"": ""한국 경제성장률"", ""standard_key"": ""observed_indicator_0c49299d08c71331"", ""status"": ""MATCHED""}",[],[],"{""eligible_for_official_search"": true, ""entries"": [{""required"": true, ""slot"": ""indicator"", ""status"": ""SOURCE"", ""value"": ""한국 경제성장률""}, {""required"": true, ""slot"": ""value"", ""status"": ""SOURCE"", ""value"": 6.3}, {""required"": true, ""slot"": ""unit"", ""status"": ""SOURCE"", ""value"": ""%""}, {""required"": true, ""slot"": ""time"", ""status"": ""SOURCE"", ""value"": ""2010년""}, {""required"": false, ""slot"": ""frequency"", ""status"": ""SOURCE"", ""value"": ""연간""}, {""required"": false, ""slot"": ""region"", ""status"": ""SOURCE"", ""value"": ""한국""}, {""required"": false, ""slot"": ""population"", ""status"": ""NOT_APPLICABLE"", ""value"": null}, {""required"": false, ""slot"": ""dimension"", ""status"": ""NOT_APPLICABLE"", ""value"": null}, {""required"": false, ""slot"": ""comparison"", ""status"": ""SOURCE"", ""value"": {""reference_period"": ""2008년 4분기"", ""reference_value"": ""-4.6""}}, {""required"": true, ""slot"": ""calculation"", ""status"": ""SOURCE"", ""value"": ""DIRECT_VALUE""}, {""required"": false, ""slot"": ""condition"", ""status"": ""NOT_APPLICABLE"", ""value"": null}, {""required"": false, ""slot"": ""source_hint"", ""status"": ""NOT_APPLICABLE"", ""value"": null}], ""reason_codes"": []}","[{""attempt"": 1, ""child_claim_id"": ""claim_bcfe4c355bf627d8"", ""code_version"": ""admission-recovery-v3"", ""data_version"": ""claim-schema-v1"", ""finished_at"": ""2026-08-26T02:32:37.445132+00:00"", ""input_hash"": ""838085999e865a06592e46ee57a9dcd73b4fdfb123cdc1f1c34752d4ff685193"", ""output_ref"": ""claim_bcfe4c355bf627d8"", ""parent_claim_id"": ""A00514_8"", ""reason_code"": null, ""stage"": ""CLAIM_SPLIT"", ""started_at"": ""2026-08-26T02:32:37.445132+00:00"", ""status"": ""PASS""}, {""attempt"": 1, ""child_claim_id"": ""claim_bcfe4c355bf627d8"", ""code_version"": ""admission-recovery-v3"", ""data_version"": ""claim-schema-v1"", ""finished_at"": ""2026-08-26T02:32:37.445132+00:00"", ""input_hash"": ""838085999e865a06592e46ee57a9dcd73b4fdfb123cdc1f1c34752d4ff685193"", ""output_ref"": ""claim_bcfe4c355bf627d8"", ""parent_claim_id"": ""A00514_8"", ""reason_code"": null, ""stage"": ""CLAIM_PARSE"", ""started_at"": ""2026-08-26T02:32:37.445132+00:00"", ""status"": ""PASS""}]"
A00526_14,1,claim_cdacc78d98fd1e6b,claim_288d3aa3d128557f,15억364만달러,지난해 의약품 대미 수출액은 15억364만달러(약 2조2000억원)다.,수출액,1503640000.0,달러,2024년,년,,,"{""무역상대국"": ""미국"", ""품목"": ""의약품""}",null,DIRECT_VALUE,null,,AUTO_OK,,MULTI_CLAIM_SPLIT,KOSIS_PIPELINE_ELIGIBLE,HOLD,NO_HARD_GUARD_CANDIDATE,,N,UNDETERMINED,HOLD,NO_HARD_GUARD_CANDIDATE,N,,0,0,"{""canonical_name"": ""수출액"", ""concept_id"": ""C000003"", ""kosis_search_terms"": [""수출입총괄"", ""국가별 수출액 수입액"", ""수출금액""], ""matched_alias"": ""수출액"", ""standard_key"": ""export_value"", ""status"": ""MATCHED""}",[],[],"{""eligible_for_official_search"": true, ""entries"": [{""required"": true, ""slot"": ""indicator"", ""status"": ""SOURCE"", ""value"": ""수출액""}, {""required"": true, ""slot"": ""value"", ""status"": ""SOURCE"", ""value"": 1503640000.0}, {""required"": true, ""slot"": ""unit"", ""status"": ""SOURCE"", ""value"": ""달러""}, {""required"": true, ""slot"": ""time"", ""status"": ""SOURCE"", ""value"": ""2024년""}, {""required"": false, ""slot"": ""frequency"", ""status"": ""SOURCE"", ""value"": ""년""}, {""required"": false, ""slot"": ""region"", ""status"": ""NOT_APPLICABLE"", ""value"": null}, {""required"": false, ""slot"": ""population"", ""status"": ""NOT_APPLICABLE"", ""value"": null}, {""required"": false, ""slot"": ""dimension"", ""status"": ""SOURCE"", ""value"": {""무역상대국"": ""미국"", ""품목"": ""의약품""}}, {""required"": false, ""slot"": ""comparison"", ""status"": ""NOT_APPLICABLE"", ""value"": null}, {""required"": true, ""slot"": ""calculation"", ""status"": ""SOURCE"", ""value"": ""DIRECT_VALUE""}, {""required"": false, ""slot"": ""condition"", ""status"": ""NOT_APPLICABLE"", ""value"": null}, {""required"": false, ""slot"": ""source_hint"", ""status"": ""NOT_APPLICABLE"", ""value"": null}], ""reason_codes"": []}","[{""attempt"": 1, ""child_claim_id"": ""claim_288d3aa3d128557f"", ""code_version"": ""admission-recovery-v3"", ""data_version"": ""claim-schema-v1"", ""finished_at"": ""2026-08-26T02:33:34.612225+00:00"", ""input_hash"": ""47779f7afc40029f523bf980edab5058744d778a2fa928e5ac27bb32629a75ea"", ""output_ref"": ""claim_288d3aa3d128557f"", ""parent_claim_id"": ""A00526_14"", ""reason_code"": null, ""stage"": ""CLAIM_SPLIT"", ""started_at"": ""2026-08-26T02:33:34.612225+00:00"", ""status"": ""PASS""}, {""attempt"": 1, ""child_claim_id"": ""claim_288d3aa3d128557f"", ""code_version"": ""admission-recovery-v3"", ""data_version"": ""claim-schema-v1"", ""finished_at"": ""2026-08-26T02:33:34.612225+00:00"", ""input_hash"": ""47779f7afc40029f523bf980edab5058744d778a2fa928e5ac27bb32629a75ea"", ""output_ref"": ""claim_288d3aa3d128557f"", ""parent_claim_id"": ""A00526_14"", ""reason_code"": null, ""stage"": ""CLAIM_PARSE"", ""started_at"": ""2026-08-26T02:33:34.612225+00:00"", ""status"": ""PASS""}]"
A00579_13,1,claim_dccdcb63bdcf78d5,A00579_13,,"지난달 15~29세 청년층 취업자 수는 전년 동월 대비 21만8000명 줄었는데, 고용률 기준으로도 44.8%에 그치며 전년 동월 대비 1.5%포인트 감소했다.",취업자 수,1.5,%p,2025-01,M,,청년,"{""raw"": ""{\""연령\"": \""15~29세\""}""}","{""claimed_operands"": ""[{'raw': '21만8000명', 'value': 218000.0, 'unit': '명'}, {'raw': '44.8%', 'value': 44.8, 'unit': '%'}]""}",DIRECT_VALUE,"{""direction"": ""DECREASE""}",,AUTO_OK,,NO_RECOVERY,KOSIS_PIPELINE_ELIGIBLE,HOLD,KOSIS_CATALOG_UNAVAILABLE,9de8d52eaf65,Y,,,,N,,0,0,null,[],[],null,[]
A00588_15,1,claim_8641db1ff6d681d4,claim_e0a26d3d58307279,5만2000명,"작년 12월 취업자가 코로나가 한창이던 2021년 2월 47만3000명 줄어든 이후 3년 10개월 만에 5만2000명이 줄어든 것에선 회복됐지만, 속을 들여다보면 청년과 건설업 일자리 등을 중심으로 ‘고용 쇼크’ 수준의 충격이 이어지고 있다.",취업자,52000.0,명,작년 12월,monthly,,,null,"{""comparison_basis"": ""이후 3년 10개월 만"", ""current_value"": ""52000"", ""direction"": ""DECREASE"", ""reference_period"": ""2021년 2월"", ""reference_value"": ""473000"", ""type"": ""ABSOLUTE_CHANGE""}",DIFFERENCE,null,,HUMAN_REVIEW,"문장에 현재 감소 수치와 과거 기준 수치가 함께 제시되지만, '5만2000명이 줄어든'은 기준 수준 대비 감소폭이고 47만3000명은 별도의 과거 감소폭으로 해석될 수 있어 두 수치의 산술적 차이를 단일 값으로 확정하기 어렵습니다.",MULTI_CLAIM_SPLIT,STRUCTURAL_HOLD,HUMAN_REVIEW,"문장에 현재 감소 수치와 과거 기준 수치가 함께 제시되지만, '5만2000명이 줄어든'은 기준 수준 대비 감소폭이고 47만3000명은 별도의 과거 감소폭으로 해석될 수 있어 두 수치의 산술적 차이를 단일 값으로 확정하기 어렵습니다.",,N,,,,N,,0,0,null,[],[],"{""eligible_for_official_search"": false, ""entries"": [{""required"": true, ""slot"": ""indicator"", ""status"": ""SOURCE"", ""value"": ""취업자""}, {""required"": true, ""slot"": ""value"", ""status"": ""SOURCE"", ""value"": 52000.0}, {""required"": true, ""slot"": ""unit"", ""status"": ""SOURCE"", ""value"": ""명""}, {""required"": true, ""slot"": ""time"", ""status"": ""SOURCE"", ""value"": ""작년 12월""}, {""required"": false, ""slot"": ""frequency"", ""status"": ""SOURCE"", ""value"": ""monthly""}, {""required"": false, ""slot"": ""region"", ""status"": ""NOT_APPLICABLE"", ""value"": null}, {""required"": false, ""slot"": ""population"", ""status"": ""NOT_APPLICABLE"", ""value"": null}, {""required"": false, ""slot"": ""dimension"", ""status"": ""NOT_APPLICABLE"", ""value"": null}, {""required"": true, ""slot"": ""comparison"", ""status"": ""SOURCE"", ""value"": {""comparison_basis"": ""이후 3년 10개월 만"", ""current_value"": ""52000"", ""direction"": ""DECREASE"", ""reference_period"": ""2021년 2월"", ""reference_value"": ""473000"", ""type"": ""ABSOLUTE_CHANGE""}}, {""required"": true, ""slot"": ""calculation"", ""status"": ""SOURCE"", ""value"": ""DIFFERENCE""}, {""required"": true, ""slot"": ""condition"", ""status"": ""MISSING"", ""value"": null}, {""required"": false, ""slot"": ""source_hint"", ""status"": ""NOT_APPLICABLE"", ""value"": null}], ""reason_codes"": [""MISSING_REQUIRED_SLOTS:condition""]}","[{""attempt"": 1, ""child_claim_id"": ""claim_e0a26d3d58307279"", ""code_version"": ""admission-recovery-v3"", ""data_version"": ""claim-schema-v1"", ""finished_at"": ""2026-08-26T02:33:57.906673+00:00"", ""input_hash"": ""ce0ba78087494dc1d1fb4732990e4f84dd2550e1b32057cfd16e2387bc196098"", ""output_ref"": ""claim_e0a26d3d58307279"", ""parent_claim_id"": ""A00588_15"", ""reason_code"": null, ""stage"": ""CLAIM_SPLIT"", ""started_at"": ""2026-08-26T02:33:57.906673+00:00"", ""status"": ""PASS""}, {""attempt"": 1, ""child_claim_id"": ""claim_e0a26d3d58307279"", ""code_version"": ""admission-recovery-v3"", ""data_version"": ""claim-schema-v1"", ""finished_at"": ""2026-08-26T02:33:57.906673+00:00"", ""input_hash"": ""ce0ba78087494dc1d1fb4732990e4f84dd2550e1b32057cfd16e2387bc196098"", ""output_ref"": ""claim_e0a26d3d58307279"", ""parent_claim_id"": ""A00588_15"", ""reason_code"": ""문장에 현재 감소 수치와 과거 기준 수치가 함께 제시되지만, '5만2000명이 줄어든'은 기준 수준 대비 감소폭이고 47만3000명은 별도의 과거 감소폭으로 해석될 수 있어 두 수치의 산술적 차이를 단일 값으로 확정하기 어렵습니다."", ""stage"": ""CLAIM_PARSE"", ""started_at"": ""2026-08-26T02:33:57.906673+00:00"", ""status"": ""HUMAN_REVIEW""}]"
A00588_16,1,claim_ab257b776914f0af,claim_f7789dcf0b17574e,21만8000명,"청년(15~29세)층 취업자는 전년 동월 대비 21만8000명 줄었고, 청년 고용률(44.8%)도 1.5%포인트 감소했다.",청년층 취업자,218000.0,명,2025년 1월,월,대한민국,청년(15~29세),"{""age"": ""15~29세"", ""연령"": ""15~29세""}","{""operand_source"": ""OFFICIAL_EVIDENCE"", ""reference_period"": ""전년 동월"", ""type"": ""YEAR_OVER_YEAR""}",DIFFERENCE,"{""direction"": ""DECREASE""}",통계청 경제활동인구조사,AUTO_OK,"중심 수치인 청년층 취업자의 전년 동월 대비 감소 폭 21만8000명을 하나의 명확한 수치 주장으로 추출했으며, 함께 제시된 고용률 수치는 별도 주장이라 제외함.",MULTI_CLAIM_SPLIT,KOSIS_PIPELINE_ELIGIBLE,HOLD,NO_EVIDENCE_COORDINATE_CANDIDATE,,N,UNDETERMINED,HOLD,NO_EVIDENCE_COORDINATE_CANDIDATE,N,,0,0,"{""canonical_name"": ""청년층 취업자"", ""concept_id"": ""OBSERVED:90873841de678ae6"", ""kosis_search_terms"": [""청년층 취업자""], ""matched_alias"": ""청년층 취업자"", ""standard_key"": ""observed_indicator_90873841de678ae6"", ""status"": ""MATCHED""}",[],[],"{""eligible_for_official_search"": true, ""entries"": [{""required"": true, ""slot"": ""indicator"", ""status"": ""SOURCE"", ""value"": ""청년층 취업자""}, {""required"": true, ""slot"": ""value"", ""status"": ""SOURCE"", ""value"": 218000.0}, {""required"": true, ""slot"": ""unit"", ""status"": ""SOURCE"", ""value"": ""명""}, {""required"": true, ""slot"": ""time"", ""status"": ""SOURCE"", ""value"": ""2025년 1월""}, {""required"": false, ""slot"": ""frequency"", ""status"": ""SOURCE"", ""value"": ""월""}, {""required"": false, ""slot"": ""region"", ""status"": ""SOURCE"", ""value"": ""대한민국""}, {""required"": false, ""slot"": ""population"", ""status"": ""SOURCE"", ""value"": ""청년(15~29세)""}, {""required"": false, ""slot"": ""dimension"", ""status"": ""SOURCE"", ""value"": {""age"": ""15~29세"", ""연령"": ""15~29세""}}, {""required"": true, ""slot"": ""comparison"", ""status"": ""SOURCE"", ""value"": {""operand_source"": ""OFFICIAL_EVIDENCE"", ""reference_period"": ""전년 동월"", ""type"": ""YEAR_OVER_YEAR""}}, {""required"": true, ""slot"": ""calculation"", ""status"": ""SOURCE"", ""value"": ""DIFFERENCE""}, {""required"": true, ""slot"": ""condition"", ""status"": ""SOURCE"", ""value"": {""direction"": ""DECREASE""}}, {""required"": false, ""slot"": ""source_hint"", ""status"": ""SOURCE"", ""value"": ""통계청 경제활동인구조사""}], ""reason_codes"": []}","[{""attempt"": 1, ""child_claim_id"": ""claim_f7789dcf0b17574e"", ""code_version"": ""admission-recovery-v3"", ""data_version"": ""claim-schema-v1"", ""finished_at"": ""2026-08-26T02:35:43.132945+00:00"", ""input_hash"": ""bd99536b7dd218bb2426b7e05b3fef0a6b57437b5084b4b7c2eeb9605d5baa39"", ""output_ref"": ""claim_f7789dcf0b17574e"", ""parent_claim_id"": ""A00588_16"", ""reason_code"": null, ""stage"": ""CLAIM_SPLIT"", ""started_at"": ""2026-08-26T02:35:43.132945+00:00"", ""status"": ""PASS""}, {""attempt"": 1, ""child_claim_id"": ""claim_f7789dcf0b17574e"", ""code_version"": ""admission-recovery-v3"", ""data_version"": ""claim-schema-v1"", ""finished_at"": ""2026-08-26T02:35:43.132945+00:00"", ""input_hash"": ""bd99536b7dd218bb2426b7e05b3fef0a6b57437b5084b4b7c2eeb9605d5baa39"", ""output_ref"": ""claim_f7789dcf0b17574e"", ""parent_claim_id"": ""A00588_16"", ""reason_code"": null, ""stage"": ""CLAIM_PARSE"", ""started_at"": ""2026-08-26T02:35:43.132945+00:00"", ""status"": ""PASS""}]"
A00588_16,2,claim_cb17ef48bf559cf2,claim_bda51dfc0f4c325d,44.8%,"청년(15~29세)층 취업자는 전년 동월 대비 21만8000명 줄었고, 청년 고용률(44.8%)도 1.5%포인트 감소했다.",고용률,44.8,%,전년 동월 대비 대상 월,월,,청년층,"{""age"": ""15~29세""}","{""change_value"": ""1.5"", ""operand_unit"": ""%포인트"", ""reference_period"": ""전년 동월"", ""type"": ""PERIOD_CHANGE""}",DIRECT_VALUE,"{""direction"": ""DECREASE""}",기사 게재일 2025-02-15 기준,AUTO_OK,,MULTI_CLAIM_SPLIT,KOSIS_PIPELINE_ELIGIBLE,HOLD,FETCH_FAILED,,N,UNDETERMINED,HOLD,FETCH_FAILED,N,,1,1,"{""canonical_name"": ""고용률"", ""concept_id"": ""C000009"", ""kosis_search_terms"": [], ""matched_alias"": ""고용률"", ""standard_key"": ""employment_rate"", ""status"": ""MATCHED""}","[{""canonical_key"": ""ORG=101|TBL=DT_1DA7002S|ITM=T90|OBJ=G|MEMBER=15 - 29세|PRD_SE=월|PRD_DE=전 동월 대비 대상 월"", ""dimension_codes"": {""G"": ""75""}, ""dimension_members"": {""G"": ""15 - 29세""}, ""itm_id"": ""T90"", ""member_code"": ""15 - 29세"", ""obj_id"": ""G"", ""org_id"": ""101"", ""prd_de"": ""전 동월 대비 대상 월"", ""prd_se"": ""월"", ""status"": ""CONFIRMED"", ""tbl_id"": ""DT_1DA7002S"", ""unit"": ""%""}]","[{""content_hash"": """", ""evidence_key"": ""ORG=101|TBL=DT_1DA7002S|ITM=T90|OBJ=G|MEMBER=15 - 29세|PRD_SE=월|PRD_DE=전 동월 대비 대상 월"", ""publication"": null, ""retrieved_at"": ""2026-08-26T02:35:43.131948Z"", ""source"": ""NONE"", ""source_url"": ""https://kosis.kr/openapi/Param/statisticsParameterData.do?method=getList&orgId=101&tblId=DT_1DA7002S&itmId=T90&prdSe=M&startPrdDe=%EC%A0%84+%EB%8F%99%EC%9B%94+%EB%8C%80%EB%B9%84+%EB%8C%80%EC%83%81+%EC%9B%94&endPrdDe=%EC%A0%84+%EB%8F%99%EC%9B%94+%EB%8C%80%EB%B9%84+%EB%8C%80%EC%83%81+%EC%9B%94&objL1=75"", ""value_last_changed_at"": null}]","{""eligible_for_official_search"": true, ""entries"": [{""required"": true, ""slot"": ""indicator"", ""status"": ""SOURCE"", ""value"": ""고용률""}, {""required"": true, ""slot"": ""value"", ""status"": ""SOURCE"", ""value"": 44.8}, {""required"": true, ""slot"": ""unit"", ""status"": ""SOURCE"", ""value"": ""%""}, {""required"": true, ""slot"": ""time"", ""status"": ""SOURCE"", ""value"": ""전년 동월 대비 대상 월""}, {""required"": false, ""slot"": ""frequency"", ""status"": ""SOURCE"", ""value"": ""월""}, {""required"": false, ""slot"": ""region"", ""status"": ""NOT_APPLICABLE"", ""value"": null}, {""required"": false, ""slot"": ""population"", ""status"": ""SOURCE"", ""value"": ""청년층""}, {""required"": false, ""slot"": ""dimension"", ""status"": ""SOURCE"", ""value"": {""age"": ""15~29세""}}, {""required"": false, ""slot"": ""comparison"", ""status"": ""SOURCE"", ""value"": {""change_value"": ""1.5"", ""operand_unit"": ""%포인트"", ""reference_period"": ""전년 동월"", ""type"": ""PERIOD_CHANGE""}}, {""required"": true, ""slot"": ""calculation"", ""status"": ""SOURCE"", ""value"": ""DIRECT_VALUE""}, {""required"": false, ""slot"": ""condition"", ""status"": ""SOURCE"", ""value"": {""direction"": ""DECREASE""}}, {""required"": false, ""slot"": ""source_hint"", ""status"": ""SOURCE"", ""value"": ""기사 게재일 2025-02-15 기준""}], ""reason_codes"": []}","[{""attempt"": 1, ""child_claim_id"": ""claim_bda51dfc0f4c325d"", ""code_version"": ""admission-recovery-v3"", ""data_version"": ""claim-schema-v1"", ""finished_at"": ""2026-08-26T02:35:43.132945+00:00"", ""input_hash"": ""bd99536b7dd218bb2426b7e05b3fef0a6b57437b5084b4b7c2eeb9605d5baa39"", ""output_ref"": ""claim_bda51dfc0f4c325d"", ""parent_claim_id"": ""A00588_16"", ""reason_code"": null, ""stage"": ""CLAIM_SPLIT"", ""started_at"": ""2026-08-26T02:35:43.132945+00:00"", ""status"": ""PASS""}, {""attempt"": 1, ""child_claim_id"": ""claim_bda51dfc0f4c325d"", ""code_version"": ""admission-recovery-v3"", ""data_version"": ""claim-schema-v1"", ""finished_at"": ""2026-08-26T02:35:43.132945+00:00"", ""input_hash"": ""bd99536b7dd218bb2426b7e05b3fef0a6b57437b5084b4b7c2eeb9605d5baa39"", ""output_ref"": ""claim_bda51dfc0f4c325d"", ""parent_claim_id"": ""A00588_16"", ""reason_code"": null, ""stage"": ""CLAIM_PARSE"", ""started_at"": ""2026-08-26T02:35:43.132945+00:00"", ""status"": ""PASS""}]"
A00588_18,1,claim_15931e21627d8188,claim_1d6b40ff01da626d,16만9000명,"또 40~50대 종사자가 많은 건설업 취업자 수는 16만9000명 줄었는데, 통계청이 2013년 관련 통계를 집계한 이후 감소 폭이 가장 컸다.",건설업 취업자 수,169000.0,명,,,대한민국,취업자,"{""age"": ""40~50대 종사자가 많음"", ""industry"": ""건설업""}","{""reference_period"": ""2013년 관련 통계 집계 이후"", ""type"": ""RECORD_LOW""}",DIFFERENCE,"{""direction"": ""DECREASE"", ""record"": ""감소 폭 가장 큼""}",통계청,HOLD,RECORD_COMPARISON_REQUIRES_SEPARATE_CLAIM,MULTI_CLAIM_SPLIT,CONTEXT_REQUIRED,HUMAN_REVIEW,RECORD_COMPARISON_REQUIRES_SEPARATE_CLAIM,,N,,,,N,,0,0,null,[],[],"{""eligible_for_official_search"": false, ""entries"": [{""required"": true, ""slot"": ""indicator"", ""status"": ""SOURCE"", ""value"": ""건설업 취업자 수""}, {""required"": true, ""slot"": ""value"", ""status"": ""SOURCE"", ""value"": 169000.0}, {""required"": true, ""slot"": ""unit"", ""status"": ""SOURCE"", ""value"": ""명""}, {""required"": true, ""slot"": ""time"", ""status"": ""MISSING"", ""value"": null}, {""required"": false, ""slot"": ""frequency"", ""status"": ""NOT_APPLICABLE"", ""value"": null}, {""required"": false, ""slot"": ""region"", ""status"": ""SOURCE"", ""value"": ""대한민국""}, {""required"": false, ""slot"": ""population"", ""status"": ""SOURCE"", ""value"": ""취업자""}, {""required"": false, ""slot"": ""dimension"", ""status"": ""SOURCE"", ""value"": {""age"": ""40~50대 종사자가 많음"", ""industry"": ""건설업""}}, {""required"": true, ""slot"": ""comparison"", ""status"": ""SOURCE"", ""value"": {""reference_period"": ""2013년 관련 통계 집계 이후"", ""type"": ""RECORD_LOW""}}, {""required"": true, ""slot"": ""calculation"", ""status"": ""SOURCE"", ""value"": ""DIFFERENCE""}, {""required"": true, ""slot"": ""condition"", ""status"": ""SOURCE"", ""value"": {""direction"": ""DECREASE"", ""record"": ""감소 폭 가장 큼""}}, {""required"": false, ""slot"": ""source_hint"", ""status"": ""SOURCE"", ""value"": ""통계청""}], ""reason_codes"": [""MISSING_REQUIRED_SLOTS:time""]}","[{""attempt"": 1, ""child_claim_id"": ""claim_1d6b40ff01da626d"", ""code_version"": ""admission-recovery-v3"", ""data_version"": ""claim-schema-v1"", ""finished_at"": ""2026-08-26T02:35:52.457281+00:00"", ""input_hash"": ""7a8ee8d3c07cd5e3eb131147fedbed314ab9086cbd827385040904c4d1e0ce3b"", ""output_ref"": ""claim_1d6b40ff01da626d"", ""parent_claim_id"": ""A00588_18"", ""reason_code"": null, ""stage"": ""CLAIM_SPLIT"", ""started_at"": ""2026-08-26T02:35:52.457281+00:00"", ""status"": ""PASS""}, {""attempt"": 1, ""child_claim_id"": ""claim_1d6b40ff01da626d"", ""code_version"": ""admission-recovery-v3"", ""data_version"": ""claim-schema-v1"", ""finished_at"": ""2026-08-26T02:35:52.457281+00:00"", ""input_hash"": ""7a8ee8d3c07cd5e3eb131147fedbed314ab9086cbd827385040904c4d1e0ce3b"", ""output_ref"": ""claim_1d6b40ff01da626d"", ""parent_claim_id"": ""A00588_18"", ""reason_code"": ""RECORD_COMPARISON_REQUIRES_SEPARATE_CLAIM"", ""stage"": ""CLAIM_PARSE"", ""started_at"": ""2026-08-26T02:35:52.457281+00:00"", ""status"": ""HUMAN_REVIEW""}]"
A00692_3,1,claim_b667efa0aa57cc9a,claim_30874d23df711c4b,80억8700만달러,"대미 수출액은 2021년 69억1200만달러에서 2022년 80억3000만달러, 2023년 80억8700만달러로 늘어왔다.",대미 수출액,8087000000.0,달러,2023,연간,미국,,null,"{""reference_period"": ""2022"", ""reference_value"": ""8030000000"", ""type"": ""YEAR_OVER_YEAR""}",DIRECT_VALUE,"{""direction"": ""INCREASE""}",,AUTO_OK,,MULTI_CLAIM_SPLIT,KOSIS_PIPELINE_ELIGIBLE,HOLD,NO_HARD_GUARD_CANDIDATE,,N,UNDETERMINED,HOLD,NO_HARD_GUARD_CANDIDATE,N,,0,0,"{""canonical_name"": ""대미 수출액"", ""concept_id"": ""OBSERVED:43132288ebaffe27"", ""kosis_search_terms"": [""대미 수출액""], ""matched_alias"": ""대미 수출액"", ""standard_key"": ""observed_indicator_43132288ebaffe27"", ""status"": ""MATCHED""}",[],[],"{""eligible_for_official_search"": true, ""entries"": [{""required"": true, ""slot"": ""indicator"", ""status"": ""SOURCE"", ""value"": ""대미 수출액""}, {""required"": true, ""slot"": ""value"", ""status"": ""SOURCE"", ""value"": 8087000000.0}, {""required"": true, ""slot"": ""unit"", ""status"": ""SOURCE"", ""value"": ""달러""}, {""required"": true, ""slot"": ""time"", ""status"": ""SOURCE"", ""value"": ""2023""}, {""required"": false, ""slot"": ""frequency"", ""status"": ""SOURCE"", ""value"": ""연간""}, {""required"": false, ""slot"": ""region"", ""status"": ""SOURCE"", ""value"": ""미국""}, {""required"": false, ""slot"": ""population"", ""status"": ""NOT_APPLICABLE"", ""value"": null}, {""required"": false, ""slot"": ""dimension"", ""status"": ""NOT_APPLICABLE"", ""value"": null}, {""required"": false, ""slot"": ""comparison"", ""status"": ""SOURCE"", ""value"": {""reference_period"": ""2022"", ""reference_value"": ""8030000000"", ""type"": ""YEAR_OVER_YEAR""}}, {""required"": true, ""slot"": ""calculation"", ""status"": ""SOURCE"", ""value"": ""DIRECT_VALUE""}, {""required"": false, ""slot"": ""condition"", ""status"": ""SOURCE"", ""value"": {""direction"": ""INCREASE""}}, {""required"": false, ""slot"": ""source_hint"", ""status"": ""NOT_APPLICABLE"", ""value"": null}], ""reason_codes"": []}","[{""attempt"": 1, ""child_claim_id"": ""claim_30874d23df711c4b"", ""code_version"": ""admission-recovery-v3"", ""data_version"": ""claim-schema-v1"", ""finished_at"": ""2026-08-26T02:36:01.021906+00:00"", ""input_hash"": ""2574e023fcd0bf4c52df1750c63f6e15532e7f07ca35f3dc60e0ee572d4a30ad"", ""output_ref"": ""claim_30874d23df711c4b"", ""parent_claim_id"": ""A00692_3"", ""reason_code"": null, ""stage"": ""CLAIM_SPLIT"", ""started_at"": ""2026-08-26T02:36:01.021906+00:00"", ""status"": ""PASS""}, {""attempt"": 1, ""child_claim_id"": ""claim_30874d23df711c4b"", ""code_version"": ""admission-recovery-v3"", ""data_version"": ""claim-schema-v1"", ""finished_at"": ""2026-08-26T02:36:01.021906+00:00"", ""input_hash"": ""2574e023fcd0bf4c52df1750c63f6e15532e7f07ca35f3dc60e0ee572d4a30ad"", ""output_ref"": ""claim_30874d23df711c4b"", ""parent_claim_id"": ""A00692_3"", ""reason_code"": null, ""stage"": ""CLAIM_PARSE"", ""started_at"": ""2026-08-26T02:36:01.021906+00:00"", ""status"": ""PASS""}]"
A00692_4,1,claim_297f5d4a6be813a9,claim_35ae468fd3fd8221,225억4700만달러,"작년 전체 자동차 부품 수출액은 총 225억4700만달러(약 32조4300억원)로, 이 중 대미 수출 비중(36.5％)이 가장 컸다.",자동차 부품 수출액,22547000000.0,달러,2024년,년,전체,,"{""item"": ""자동차 부품"", ""partner_share"": ""36.5%"", ""trade_partner"": ""미국""}","{""equivalent_value"": ""약 32조4300억원"", ""reference_period"": ""전년"", ""share_rank"": ""대미 수출 비중이 가장 큼""}",DIRECT_VALUE,null,,AUTO_OK,"전체 자동차 부품의 작년 연간 수출액이라는 중심 수치가 명확하며, 대미 수출 비중과 환산 금액은 같은 사실을 보완하는 정보로 포함함.",MULTI_CLAIM_SPLIT,KOSIS_PIPELINE_ELIGIBLE,HOLD,NO_HARD_GUARD_CANDIDATE,,N,UNDETERMINED,HOLD,NO_HARD_GUARD_CANDIDATE,N,,0,0,"{""canonical_name"": ""자동차 부품 수출액"", ""concept_id"": ""OBSERVED:81334afb08c58d29"", ""kosis_search_terms"": [""자동차 부품 수출액""], ""matched_alias"": ""자동차 부품 수출액"", ""standard_key"": ""observed_indicator_81334afb08c58d29"", ""status"": ""MATCHED""}",[],[],"{""eligible_for_official_search"": true, ""entries"": [{""required"": true, ""slot"": ""indicator"", ""status"": ""SOURCE"", ""value"": ""자동차 부품 수출액""}, {""required"": true, ""slot"": ""value"", ""status"": ""SOURCE"", ""value"": 22547000000.0}, {""required"": true, ""slot"": ""unit"", ""status"": ""SOURCE"", ""value"": ""달러""}, {""required"": true, ""slot"": ""time"", ""status"": ""SOURCE"", ""value"": ""2024년""}, {""required"": false, ""slot"": ""frequency"", ""status"": ""SOURCE"", ""value"": ""년""}, {""required"": false, ""slot"": ""region"", ""status"": ""SOURCE"", ""value"": ""전체""}, {""required"": false, ""slot"": ""population"", ""status"": ""NOT_APPLICABLE"", ""value"": null}, {""required"": false, ""slot"": ""dimension"", ""status"": ""SOURCE"", ""value"": {""item"": ""자동차 부품"", ""partner_share"": ""36.5%"", ""trade_partner"": ""미국""}}, {""required"": false, ""slot"": ""comparison"", ""status"": ""SOURCE"", ""value"": {""equivalent_value"": ""약 32조4300억원"", ""reference_period"": ""전년"", ""share_rank"": ""대미 수출 비중이 가장 큼""}}, {""required"": true, ""slot"": ""calculation"", ""status"": ""SOURCE"", ""value"": ""DIRECT_VALUE""}, {""required"": false, ""slot"": ""condition"", ""status"": ""NOT_APPLICABLE"", ""value"": null}, {""required"": false, ""slot"": ""source_hint"", ""status"": ""NOT_APPLICABLE"", ""value"": null}], ""reason_codes"": []}","[{""attempt"": 1, ""child_claim_id"": ""claim_35ae468fd3fd8221"", ""code_version"": ""admission-recovery-v3"", ""data_version"": ""claim-schema-v1"", ""finished_at"": ""2026-08-26T02:36:45.353509+00:00"", ""input_hash"": ""977a1b6bb94f709a6657ab74e654c3c7b4e1561da9c058bd5522ab7741356610"", ""output_ref"": ""claim_35ae468fd3fd8221"", ""parent_claim_id"": ""A00692_4"", ""reason_code"": null, ""stage"": ""CLAIM_SPLIT"", ""started_at"": ""2026-08-26T02:36:45.353509+00:00"", ""status"": ""PASS""}, {""attempt"": 1, ""child_claim_id"": ""claim_35ae468fd3fd8221"", ""code_version"": ""admission-recovery-v3"", ""data_version"": ""claim-schema-v1"", ""finished_at"": ""2026-08-26T02:36:45.353509+00:00"", ""input_hash"": ""977a1b6bb94f709a6657ab74e654c3c7b4e1561da9c058bd5522ab7741356610"", ""output_ref"": ""claim_35ae468fd3fd8221"", ""parent_claim_id"": ""A00692_4"", ""reason_code"": null, ""stage"": ""CLAIM_PARSE"", ""started_at"": ""2026-08-26T02:36:45.353509+00:00"", ""status"": ""PASS""}]"
A00692_4,2,claim_ecefdae761aa55cb,claim_eccee54d9983f389,36.5％,"작년 전체 자동차 부품 수출액은 총 225억4700만달러(약 32조4300억원)로, 이 중 대미 수출 비중(36.5％)이 가장 컸다.",자동차 부품 대미 수출 비중,36.5,%,2024,연간,미국,전체 자동차 부품 수출,"{""무역 상대국"": ""미국""}","{""reference_period"": ""2024"", ""scope"": ""자동차 부품 수출 대상국"", ""type"": ""RANK""}",SHARE,null,기사 원문,HOLD,TARGET_VALUE_NOT_IN_SOURCE_SENTENCE,MULTI_CLAIM_SPLIT,CONTEXT_REQUIRED,HUMAN_REVIEW,TARGET_VALUE_NOT_IN_SOURCE_SENTENCE,,N,,,,N,,0,0,null,[],[],"{""eligible_for_official_search"": true, ""entries"": [{""required"": true, ""slot"": ""indicator"", ""status"": ""SOURCE"", ""value"": ""자동차 부품 대미 수출 비중""}, {""required"": true, ""slot"": ""value"", ""status"": ""SOURCE"", ""value"": 36.5}, {""required"": true, ""slot"": ""unit"", ""status"": ""SOURCE"", ""value"": ""%""}, {""required"": true, ""slot"": ""time"", ""status"": ""SOURCE"", ""value"": ""2024""}, {""required"": false, ""slot"": ""frequency"", ""status"": ""SOURCE"", ""value"": ""연간""}, {""required"": false, ""slot"": ""region"", ""status"": ""SOURCE"", ""value"": ""미국""}, {""required"": false, ""slot"": ""population"", ""status"": ""SOURCE"", ""value"": ""전체 자동차 부품 수출""}, {""required"": false, ""slot"": ""dimension"", ""status"": ""SOURCE"", ""value"": {""무역 상대국"": ""미국""}}, {""required"": true, ""slot"": ""comparison"", ""status"": ""SOURCE"", ""value"": {""reference_period"": ""2024"", ""scope"": ""자동차 부품 수출 대상국"", ""type"": ""RANK""}}, {""required"": true, ""slot"": ""calculation"", ""status"": ""SOURCE"", ""value"": ""SHARE""}, {""required"": false, ""slot"": ""condition"", ""status"": ""NOT_APPLICABLE"", ""value"": null}, {""required"": false, ""slot"": ""source_hint"", ""status"": ""SOURCE"", ""value"": ""기사 원문""}], ""reason_codes"": []}","[{""attempt"": 1, ""child_claim_id"": ""claim_eccee54d9983f389"", ""code_version"": ""admission-recovery-v3"", ""data_version"": ""claim-schema-v1"", ""finished_at"": ""2026-08-26T02:36:45.353509+00:00"", ""input_hash"": ""977a1b6bb94f709a6657ab74e654c3c7b4e1561da9c058bd5522ab7741356610"", ""output_ref"": ""claim_eccee54d9983f389"", ""parent_claim_id"": ""A00692_4"", ""reason_code"": null, ""stage"": ""CLAIM_SPLIT"", ""started_at"": ""2026-08-26T02:36:45.353509+00:00"", ""status"": ""PASS""}, {""attempt"": 1, ""child_claim_id"": ""claim_eccee54d9983f389"", ""code_version"": ""admission-recovery-v3"", ""data_version"": ""claim-schema-v1"", ""finished_at"": ""2026-08-26T02:36:45.353509+00:00"", ""input_hash"": ""977a1b6bb94f709a6657ab74e654c3c7b4e1561da9c058bd5522ab7741356610"", ""output_ref"": ""claim_eccee54d9983f389"", ""parent_claim_id"": ""A00692_4"", ""reason_code"": ""TARGET_VALUE_NOT_IN_SOURCE_SENTENCE"", ""stage"": ""CLAIM_PARSE"", ""started_at"": ""2026-08-26T02:36:45.353509+00:00"", ""status"": ""HUMAN_REVIEW""}]"
A00723_14,1,claim_2e73dcbf5b0f952d,claim_a1a9c2951a529a67,192만1000명,"여기에 지난달 건설업 취업자 수가 192만1000명을 기록해, 코로나 팬데믹 당시였던 2021년 이후 3년 만에 200만명 아래로 떨어졌다.",취업자 수,1921000.0,명,2025년 1월,월,,취업자,"{""산업"": ""건설업""}","{""elapsed_period"": ""3년 만에"", ""reference_period"": ""2021년 이후"", ""reference_value"": ""2000000""}",THRESHOLD,"{""direction"": ""DECREASE"", ""operator"": ""LT"", ""threshold_unit"": ""명"", ""threshold_value"": ""2000000""}",,AUTO_OK,,MULTI_CLAIM_SPLIT,KOSIS_PIPELINE_ELIGIBLE,AUTO,OUTSIDE_TOLERANCE,,N,MISMATCH,AUTO,OUTSIDE_TOLERANCE,Y,1000.0,1,1,"{""canonical_name"": ""취업자 수"", ""concept_id"": ""C000008"", ""kosis_search_terms"": [], ""matched_alias"": ""취업자 수"", ""standard_key"": ""employment_count"", ""status"": ""MATCHED""}","[{""canonical_key"": ""ORG=101|TBL=DT_1DA7E06S_NEW|ITM=T30|OBJ=I|MEMBER=계|PRD_SE=월|PRD_DE=2025-01"", ""dimension_codes"": {""I"": ""00""}, ""dimension_members"": {""I"": ""계""}, ""itm_id"": ""T30"", ""member_code"": ""계"", ""obj_id"": ""I"", ""org_id"": ""101"", ""prd_de"": ""2025-01"", ""prd_se"": ""월"", ""status"": ""CONFIRMED"", ""tbl_id"": ""DT_1DA7E06S_NEW"", ""unit"": ""천명""}]","[{""content_hash"": ""fc22f925f4c0fd916797fcc47646b9e7a054990d7bef825eafbc485ba26cb5ef"", ""evidence_key"": ""ORG=101|TBL=DT_1DA7E06S_NEW|ITM=T30|OBJ=I|MEMBER=계|PRD_SE=월|PRD_DE=2025-01"", ""publication"": {""content_hash"": ""84678dadfc5279e0d572bcfe56ad32ecba7fb8c9b81afe0e62a38ca50ca5beb8"", ""coverage_end_period"": null, ""coverage_start_period"": null, ""evidence_scope"": ""PERIOD"", ""pub_date_text"": ""조사기준 월 익월"", ""pub_period"": ""월"", ""publication_method_url"": ""https://www.kostat.go.kr/board.es?act=list&mid=a10301010000&keyField=T&bid=210&keyWord=2025%EB%85%84+1%EC%9B%94+%EA%B3%A0%EC%9A%A9%EB%8F%99%ED%96%A5"", ""published_at"": ""2025-02-14"", ""reference_period"": ""2025-01"", ""retrieved_at"": ""2026-08-26T02:37:38.487329Z"", ""source_url"": ""https://www.kostat.go.kr/board.es?mid=a10301010000&bid=210&act=view&list_no=435083&tag=&nPage=1&ref_bid="", ""status"": ""VERIFIED""}, ""retrieved_at"": ""2026-08-26T02:37:32.672271Z"", ""source"": ""API"", ""source_url"": ""https://kosis.kr/openapi/Param/statisticsParameterData.do?method=getList&orgId=101&tblId=DT_1DA7E06S_NEW&itmId=T30&prdSe=M&startPrdDe=202501&endPrdDe=202501&objL1=00"", ""value_last_changed_at"": ""2025-02-05""}]","{""eligible_for_official_search"": true, ""entries"": [{""required"": true, ""slot"": ""indicator"", ""status"": ""SOURCE"", ""value"": ""취업자 수""}, {""required"": true, ""slot"": ""value"", ""status"": ""SOURCE"", ""value"": 1921000.0}, {""required"": true, ""slot"": ""unit"", ""status"": ""SOURCE"", ""value"": ""명""}, {""required"": true, ""slot"": ""time"", ""status"": ""SOURCE"", ""value"": ""2025년 1월""}, {""required"": false, ""slot"": ""frequency"", ""status"": ""SOURCE"", ""value"": ""월""}, {""required"": false, ""slot"": ""region"", ""status"": ""NOT_APPLICABLE"", ""value"": null}, {""required"": false, ""slot"": ""population"", ""status"": ""SOURCE"", ""value"": ""취업자""}, {""required"": false, ""slot"": ""dimension"", ""status"": ""SOURCE"", ""value"": {""산업"": ""건설업""}}, {""required"": false, ""slot"": ""comparison"", ""status"": ""SOURCE"", ""value"": {""elapsed_period"": ""3년 만에"", ""reference_period"": ""2021년 이후"", ""reference_value"": ""2000000""}}, {""required"": true, ""slot"": ""calculation"", ""status"": ""SOURCE"", ""value"": ""THRESHOLD""}, {""required"": true, ""slot"": ""condition"", ""status"": ""SOURCE"", ""value"": {""direction"": ""DECREASE"", ""operator"": ""LT"", ""threshold_unit"": ""명"", ""threshold_value"": ""2000000""}}, {""required"": false, ""slot"": ""source_hint"", ""status"": ""NOT_APPLICABLE"", ""value"": null}], ""reason_codes"": []}","[{""attempt"": 1, ""child_claim_id"": ""claim_a1a9c2951a529a67"", ""code_version"": ""admission-recovery-v3"", ""data_version"": ""claim-schema-v1"", ""finished_at"": ""2026-08-26T02:37:38.489333+00:00"", ""input_hash"": ""70e9790afdf6f55b0e7a1c4272cba6af315ee314bbf94dc6604aa269caa65187"", ""output_ref"": ""claim_a1a9c2951a529a67"", ""parent_claim_id"": ""A00723_14"", ""reason_code"": null, ""stage"": ""CLAIM_SPLIT"", ""started_at"": ""2026-08-26T02:37:38.489333+00:00"", ""status"": ""PASS""}, {""attempt"": 1, ""child_claim_id"": ""claim_a1a9c2951a529a67"", ""code_version"": ""admission-recovery-v3"", ""data_version"": ""claim-schema-v1"", ""finished_at"": ""2026-08-26T02:37:38.489333+00:00"", ""input_hash"": ""70e9790afdf6f55b0e7a1c4272cba6af315ee314bbf94dc6604aa269caa65187"", ""output_ref"": ""claim_a1a9c2951a529a67"", ""parent_claim_id"": ""A00723_14"", ""reason_code"": null, ""stage"": ""CLAIM_PARSE"", ""started_at"": ""2026-08-26T02:37:38.489333+00:00"", ""status"": ""PASS""}]"
A00782_8,1,claim_c2d064bd30f9a76d,claim_aa7f3ffda65e0ac5,5905대,"관세 부과 가능성이 커지는 가운데 지난 1월 투싼 1.6 HEV 모델은 국내 생산 8338대 가운데 71%에 달하는 5905대가 수출됐고, 싼타페도 1.6 HEV 생산량 중 35%가 수출됐다.",수출 대수,5905.0,대,2025년 1월,월,국내,투싼 1.6 HEV 모델,"{""item"": ""투싼"", ""model"": ""1.6 HEV"", ""production_scope"": ""국내 생산""}","{""equivalent_share"": ""71%"", ""reference_value"": ""8338""}",DIRECT_VALUE,null,본문에 따르면 국내 생산 8338대 중 5905대가 수출됨,AUTO_OK,,MULTI_CLAIM_SPLIT,KOSIS_PIPELINE_ELIGIBLE,HOLD,NO_HARD_GUARD_CANDIDATE,,N,UNDETERMINED,HOLD,NO_HARD_GUARD_CANDIDATE,N,,0,0,"{""canonical_name"": ""수출 대수"", ""concept_id"": ""OBSERVED:a553d93b1cb7403b"", ""kosis_search_terms"": [""수출 대수""], ""matched_alias"": ""수출 대수"", ""standard_key"": ""observed_indicator_a553d93b1cb7403b"", ""status"": ""MATCHED""}",[],[],"{""eligible_for_official_search"": true, ""entries"": [{""required"": true, ""slot"": ""indicator"", ""status"": ""SOURCE"", ""value"": ""수출 대수""}, {""required"": true, ""slot"": ""value"", ""status"": ""SOURCE"", ""value"": 5905.0}, {""required"": true, ""slot"": ""unit"", ""status"": ""SOURCE"", ""value"": ""대""}, {""required"": true, ""slot"": ""time"", ""status"": ""SOURCE"", ""value"": ""2025년 1월""}, {""required"": false, ""slot"": ""frequency"", ""status"": ""SOURCE"", ""value"": ""월""}, {""required"": false, ""slot"": ""region"", ""status"": ""SOURCE"", ""value"": ""국내""}, {""required"": false, ""slot"": ""population"", ""status"": ""CONTEXT"", ""value"": ""투싼 1.6 HEV 모델""}, {""required"": false, ""slot"": ""dimension"", ""status"": ""CONTEXT"", ""value"": {""item"": ""투싼"", ""model"": ""1.6 HEV"", ""production_scope"": ""국내 생산""}}, {""required"": false, ""slot"": ""comparison"", ""status"": ""CONTEXT"", ""value"": {""equivalent_share"": ""71%"", ""reference_value"": ""8338""}}, {""required"": true, ""slot"": ""calculation"", ""status"": ""CONTEXT"", ""value"": ""DIRECT_VALUE""}, {""required"": false, ""slot"": ""condition"", ""status"": ""NOT_APPLICABLE"", ""value"": null}, {""required"": false, ""slot"": ""source_hint"", ""status"": ""CONTEXT"", ""value"": ""본문에 따르면 국내 생산 8338대 중 5905대가 수출됨""}], ""reason_codes"": []}","[{""attempt"": 1, ""child_claim_id"": ""claim_aa7f3ffda65e0ac5"", ""code_version"": ""admission-recovery-v3"", ""data_version"": ""claim-schema-v1"", ""finished_at"": ""2026-08-26T02:38:16.283692+00:00"", ""input_hash"": ""5c9099f2bc71543a1256f913d762bf504537e7347a64e3a60ce83a68e810bf08"", ""output_ref"": ""claim_aa7f3ffda65e0ac5"", ""parent_claim_id"": ""A00782_8"", ""reason_code"": null, ""stage"": ""CLAIM_SPLIT"", ""started_at"": ""2026-08-26T02:38:16.283692+00:00"", ""status"": ""PASS""}, {""attempt"": 1, ""child_claim_id"": ""claim_aa7f3ffda65e0ac5"", ""code_version"": ""admission-recovery-v3"", ""data_version"": ""claim-schema-v1"", ""finished_at"": ""2026-08-26T02:38:16.283692+00:00"", ""input_hash"": ""5c9099f2bc71543a1256f913d762bf504537e7347a64e3a60ce83a68e810bf08"", ""output_ref"": ""claim_aa7f3ffda65e0ac5"", ""parent_claim_id"": ""A00782_8"", ""reason_code"": null, ""stage"": ""CLAIM_PARSE"", ""started_at"": ""2026-08-26T02:38:16.283692+00:00"", ""status"": ""PASS""}]"
A00782_8,2,claim_7def5eee007790ed,claim_13b22d228fb2d7ae,35%,"관세 부과 가능성이 커지는 가운데 지난 1월 투싼 1.6 HEV 모델은 국내 생산 8338대 가운데 71%에 달하는 5905대가 수출됐고, 싼타페도 1.6 HEV 생산량 중 35%가 수출됐다.",수출 비중,35.0,%,2025년 1월,월,국내,싼타페 1.6 HEV 생산량,"{""동력원"": ""1.6 HEV"", ""차종"": ""싼타페""}",null,SHARE,null,,HOLD,MISSING_REQUIRED_SLOTS:comparison,MULTI_CLAIM_SPLIT,STRUCTURAL_HOLD,HUMAN_REVIEW,MISSING_REQUIRED_SLOTS:comparison,,N,,,,N,,0,0,null,[],[],"{""eligible_for_official_search"": false, ""entries"": [{""required"": true, ""slot"": ""indicator"", ""status"": ""SOURCE"", ""value"": ""수출 비중""}, {""required"": true, ""slot"": ""value"", ""status"": ""SOURCE"", ""value"": 35.0}, {""required"": true, ""slot"": ""unit"", ""status"": ""SOURCE"", ""value"": ""%""}, {""required"": true, ""slot"": ""time"", ""status"": ""SOURCE"", ""value"": ""2025년 1월""}, {""required"": false, ""slot"": ""frequency"", ""status"": ""SOURCE"", ""value"": ""월""}, {""required"": false, ""slot"": ""region"", ""status"": ""SOURCE"", ""value"": ""국내""}, {""required"": false, ""slot"": ""population"", ""status"": ""SOURCE"", ""value"": ""싼타페 1.6 HEV 생산량""}, {""required"": false, ""slot"": ""dimension"", ""status"": ""SOURCE"", ""value"": {""동력원"": ""1.6 HEV"", ""차종"": ""싼타페""}}, {""required"": true, ""slot"": ""comparison"", ""status"": ""MISSING"", ""value"": null}, {""required"": true, ""slot"": ""calculation"", ""status"": ""SOURCE"", ""value"": ""SHARE""}, {""required"": false, ""slot"": ""condition"", ""status"": ""NOT_APPLICABLE"", ""value"": null}, {""required"": false, ""slot"": ""source_hint"", ""status"": ""NOT_APPLICABLE"", ""value"": null}], ""reason_codes"": [""MISSING_REQUIRED_SLOTS:comparison""]}","[{""attempt"": 1, ""child_claim_id"": ""claim_13b22d228fb2d7ae"", ""code_version"": ""admission-recovery-v3"", ""data_version"": ""claim-schema-v1"", ""finished_at"": ""2026-08-26T02:38:16.283692+00:00"", ""input_hash"": ""5c9099f2bc71543a1256f913d762bf504537e7347a64e3a60ce83a68e810bf08"", ""output_ref"": ""claim_13b22d228fb2d7ae"", ""parent_claim_id"": ""A00782_8"", ""reason_code"": null, ""stage"": ""CLAIM_SPLIT"", ""started_at"": ""2026-08-26T02:38:16.283692+00:00"", ""status"": ""PASS""}, {""attempt"": 1, ""child_claim_id"": ""claim_13b22d228fb2d7ae"", ""code_version"": ""admission-recovery-v3"", ""data_version"": ""claim-schema-v1"", ""finished_at"": ""2026-08-26T02:38:16.283692+00:00"", ""input_hash"": ""5c9099f2bc71543a1256f913d762bf504537e7347a64e3a60ce83a68e810bf08"", ""output_ref"": ""claim_13b22d228fb2d7ae"", ""parent_claim_id"": ""A00782_8"", ""reason_code"": ""MISSING_REQUIRED_SLOTS:comparison"", ""stage"": ""CLAIM_PARSE"", ""started_at"": ""2026-08-26T02:38:16.283692+00:00"", ""status"": ""HUMAN_REVIEW""}]"
A00838_3,1,claim_9e3fa367e9e40c46,A00838_3,,"고용노동부가 사업체 5만여 곳을 대상으로 조사한 결과에 따르면 지난해 우리나라 근로자 월평균 명목임금은 407만9000원이고, 물가 수준을 고려한 실질임금은 월평균 357만3000원이다.",물가상승률,4079000.0,원,2024,Y,전국,,null,"{""claimed_operands"": ""[{'raw': '357만3000원', 'value': 3573000.0, 'unit': '원'}]""}",DIRECT_VALUE,null,고용노동부,AUTO_OK,,NO_RECOVERY,KOSIS_PIPELINE_ELIGIBLE,HOLD,KOSIS_CATALOG_UNAVAILABLE,24b267c1f0b3,Y,,,,N,,0,0,null,[],[],null,[]
A00922_18,1,claim_a9ec3f04db83dfaf,claim_7eb1db14d2ef93b0,190만9000명,지난달 건설업 취업자는 190만9000명으로 전년 같은 달보다 16만7000명 줄었다.,취업자,1909000.0,명,2025년 2월,월,,취업자,"{""산업"": ""건설업""}","{""current_value"": ""1909000"", ""direction"": ""DECREASE"", ""operand_unit"": ""명"", ""reference_period"": ""전년 같은 달"", ""reference_value"": ""2076000"", ""type"": ""YEAR_OVER_YEAR""}",DIRECT_VALUE,"{""direction"": ""DECREASE""}",,AUTO_OK,,MULTI_CLAIM_SPLIT,KOSIS_PIPELINE_ELIGIBLE,AUTO,OUTSIDE_TOLERANCE,,N,MISMATCH,AUTO,OUTSIDE_TOLERANCE,Y,28178900.0,1,1,"{""canonical_name"": ""취업자 수"", ""concept_id"": ""C000008"", ""kosis_search_terms"": [""경제활동인구조사 취업자"", ""산업별 취업자""], ""matched_alias"": ""건설업 취업자"", ""standard_key"": ""employment_count"", ""status"": ""MATCHED""}","[{""canonical_key"": ""ORG=101|TBL=DT_1DA7E06S_NEW|ITM=T30|OBJ=I|MEMBER=계|PRD_SE=월|PRD_DE=2025-02"", ""dimension_codes"": {""I"": ""00""}, ""dimension_members"": {""I"": ""계""}, ""itm_id"": ""T30"", ""member_code"": ""계"", ""obj_id"": ""I"", ""org_id"": ""101"", ""prd_de"": ""2025-02"", ""prd_se"": ""월"", ""status"": ""CONFIRMED"", ""tbl_id"": ""DT_1DA7E06S_NEW"", ""unit"": ""천명""}]","[{""content_hash"": ""8086932b1967b24b597b93ee57a8a487bb894dc1f77ca8815878c7be60201e9c"", ""evidence_key"": ""ORG=101|TBL=DT_1DA7E06S_NEW|ITM=T30|OBJ=I|MEMBER=계|PRD_SE=월|PRD_DE=2025-02"", ""publication"": {""content_hash"": ""67d75f8e82f880adf1fe49bfec24aff2da5b8a9fe08ebebff6e9bd78bf515a2a"", ""coverage_end_period"": null, ""coverage_start_period"": null, ""evidence_scope"": ""PERIOD"", ""pub_date_text"": ""조사기준 월 익월"", ""pub_period"": ""월"", ""publication_method_url"": ""https://www.kostat.go.kr/board.es?act=list&mid=a10301010000&keyField=T&bid=210&keyWord=2025%EB%85%84+2%EC%9B%94+%EA%B3%A0%EC%9A%A9%EB%8F%99%ED%96%A5"", ""published_at"": ""2025-03-12"", ""reference_period"": ""2025-02"", ""retrieved_at"": ""2026-08-26T02:39:15.368731Z"", ""source_url"": ""https://www.kostat.go.kr/board.es?mid=a10301010000&bid=210&act=view&list_no=435468&tag=&nPage=1&ref_bid="", ""status"": ""VERIFIED""}, ""retrieved_at"": ""2026-08-26T02:39:10.008644Z"", ""source"": ""API"", ""source_url"": ""https://kosis.kr/openapi/Param/statisticsParameterData.do?method=getList&orgId=101&tblId=DT_1DA7E06S_NEW&itmId=T30&prdSe=M&startPrdDe=202502&endPrdDe=202502&objL1=00"", ""value_last_changed_at"": ""2025-02-27""}]","{""eligible_for_official_search"": true, ""entries"": [{""required"": true, ""slot"": ""indicator"", ""status"": ""SOURCE"", ""value"": ""취업자""}, {""required"": true, ""slot"": ""value"", ""status"": ""SOURCE"", ""value"": 1909000.0}, {""required"": true, ""slot"": ""unit"", ""status"": ""SOURCE"", ""value"": ""명""}, {""required"": true, ""slot"": ""time"", ""status"": ""SOURCE"", ""value"": ""2025년 2월""}, {""required"": false, ""slot"": ""frequency"", ""status"": ""SOURCE"", ""value"": ""월""}, {""required"": false, ""slot"": ""region"", ""status"": ""NOT_APPLICABLE"", ""value"": null}, {""required"": false, ""slot"": ""population"", ""status"": ""SOURCE"", ""value"": ""취업자""}, {""required"": false, ""slot"": ""dimension"", ""status"": ""SOURCE"", ""value"": {""산업"": ""건설업""}}, {""required"": false, ""slot"": ""comparison"", ""status"": ""SOURCE"", ""value"": {""current_value"": ""1909000"", ""direction"": ""DECREASE"", ""operand_unit"": ""명"", ""reference_period"": ""전년 같은 달"", ""reference_value"": ""2076000"", ""type"": ""YEAR_OVER_YEAR""}}, {""required"": true, ""slot"": ""calculation"", ""status"": ""SOURCE"", ""value"": ""DIRECT_VALUE""}, {""required"": false, ""slot"": ""condition"", ""status"": ""SOURCE"", ""value"": {""direction"": ""DECREASE""}}, {""required"": false, ""slot"": ""source_hint"", ""status"": ""NOT_APPLICABLE"", ""value"": null}], ""reason_codes"": []}","[{""attempt"": 1, ""child_claim_id"": ""claim_7eb1db14d2ef93b0"", ""code_version"": ""admission-recovery-v3"", ""data_version"": ""claim-schema-v1"", ""finished_at"": ""2026-08-26T02:39:15.370730+00:00"", ""input_hash"": ""32fd932f4b5af18b558d96cf2905cf91518066e1abc7b4e2f7c1067ead7f992f"", ""output_ref"": ""claim_7eb1db14d2ef93b0"", ""parent_claim_id"": ""A00922_18"", ""reason_code"": null, ""stage"": ""CLAIM_SPLIT"", ""started_at"": ""2026-08-26T02:39:15.370730+00:00"", ""status"": ""PASS""}, {""attempt"": 1, ""child_claim_id"": ""claim_7eb1db14d2ef93b0"", ""code_version"": ""admission-recovery-v3"", ""data_version"": ""claim-schema-v1"", ""finished_at"": ""2026-08-26T02:39:15.370730+00:00"", ""input_hash"": ""32fd932f4b5af18b558d96cf2905cf91518066e1abc7b4e2f7c1067ead7f992f"", ""output_ref"": ""claim_7eb1db14d2ef93b0"", ""parent_claim_id"": ""A00922_18"", ""reason_code"": null, ""stage"": ""CLAIM_PARSE"", ""started_at"": ""2026-08-26T02:39:15.370730+00:00"", ""status"": ""PASS""}]"
A00922_19,1,claim_2e95b79efb1adf6c,claim_fb510f67f873455c,-16만9000명,"1월 감소 폭(-16만9000명)보다는 약간 줄었지만, 건설업 취업자 감소세는 지난해 5월(-1만4000명) 이후 10개월 연속 이어지고 있다.",건설업 취업자 증감,-169000.0,명,2025년 1월,월,대한민국,취업자,"{""산업"": ""건설업""}","{""reference_period"": ""2024-05"", ""reference_value"": ""-14000""}",DIRECT_VALUE,"{""direction"": ""DECREASE"", ""duration_months"": ""10""}",기사 본문,AUTO_OK,"1월 건설업 취업자 감소 폭의 단일 중심 수치가 명시되어 있고, 지난해 5월 수치는 역사적 비교값으로 직접 제시됨",MULTI_CLAIM_SPLIT,KOSIS_PIPELINE_ELIGIBLE,HOLD,NO_EVIDENCE_COORDINATE_CANDIDATE,,N,UNDETERMINED,HOLD,NO_EVIDENCE_COORDINATE_CANDIDATE,N,,0,0,"{""canonical_name"": ""건설업 취업자 증감"", ""concept_id"": ""OBSERVED:9da2c4b86ced1a60"", ""kosis_search_terms"": [""건설업 취업자 증감""], ""matched_alias"": ""건설업 취업자 증감"", ""standard_key"": ""observed_indicator_9da2c4b86ced1a60"", ""status"": ""MATCHED""}",[],[],"{""eligible_for_official_search"": true, ""entries"": [{""required"": true, ""slot"": ""indicator"", ""status"": ""SOURCE"", ""value"": ""건설업 취업자 증감""}, {""required"": true, ""slot"": ""value"", ""status"": ""SOURCE"", ""value"": -169000.0}, {""required"": true, ""slot"": ""unit"", ""status"": ""SOURCE"", ""value"": ""명""}, {""required"": true, ""slot"": ""time"", ""status"": ""SOURCE"", ""value"": ""2025년 1월""}, {""required"": false, ""slot"": ""frequency"", ""status"": ""SOURCE"", ""value"": ""월""}, {""required"": false, ""slot"": ""region"", ""status"": ""SOURCE"", ""value"": ""대한민국""}, {""required"": false, ""slot"": ""population"", ""status"": ""SOURCE"", ""value"": ""취업자""}, {""required"": false, ""slot"": ""dimension"", ""status"": ""SOURCE"", ""value"": {""산업"": ""건설업""}}, {""required"": false, ""slot"": ""comparison"", ""status"": ""SOURCE"", ""value"": {""reference_period"": ""2024-05"", ""reference_value"": ""-14000""}}, {""required"": true, ""slot"": ""calculation"", ""status"": ""SOURCE"", ""value"": ""DIRECT_VALUE""}, {""required"": false, ""slot"": ""condition"", ""status"": ""SOURCE"", ""value"": {""direction"": ""DECREASE"", ""duration_months"": ""10""}}, {""required"": false, ""slot"": ""source_hint"", ""status"": ""SOURCE"", ""value"": ""기사 본문""}], ""reason_codes"": []}","[{""attempt"": 1, ""child_claim_id"": ""claim_fb510f67f873455c"", ""code_version"": ""admission-recovery-v3"", ""data_version"": ""claim-schema-v1"", ""finished_at"": ""2026-08-26T02:39:39.422606+00:00"", ""input_hash"": ""bdd073547ba242a1e506a190016384c9ce36f83cc8bc69ee4d9f874caaf41993"", ""output_ref"": ""claim_fb510f67f873455c"", ""parent_claim_id"": ""A00922_19"", ""reason_code"": null, ""stage"": ""CLAIM_SPLIT"", ""started_at"": ""2026-08-26T02:39:39.422606+00:00"", ""status"": ""PASS""}, {""attempt"": 1, ""child_claim_id"": ""claim_fb510f67f873455c"", ""code_version"": ""admission-recovery-v3"", ""data_version"": ""claim-schema-v1"", ""finished_at"": ""2026-08-26T02:39:39.422606+00:00"", ""input_hash"": ""bdd073547ba242a1e506a190016384c9ce36f83cc8bc69ee4d9f874caaf41993"", ""output_ref"": ""claim_fb510f67f873455c"", ""parent_claim_id"": ""A00922_19"", ""reason_code"": null, ""stage"": ""CLAIM_PARSE"", ""started_at"": ""2026-08-26T02:39:39.422606+00:00"", ""status"": ""PASS""}]"
A00922_24,1,claim_0c0cca95acd7a481,claim_e604dff2107e7e1e,7만4000명,제조업 취업자도 전년 같은 달 대비 7만4000명 줄며 지난해 7월(-1만1000명) 이후 8개월 연속 감소세다.,제조업 취업자,74000.0,명,2025년 2월,월,,취업자,"{""industry"": ""제조업""}","{""consecutive_decline_months"": ""8"", ""direction"": ""DECREASE"", ""operand_source"": ""OFFICIAL_EVIDENCE"", ""prior_decline_period"": ""2024-07"", ""prior_decline_unit"": ""명"", ""prior_decline_value"": ""11000"", ""reference_period"": ""2024-02"", ""type"": ""YEAR_OVER_YEAR""}",DIFFERENCE,"{""direction"": ""DECREASE""}",,AUTO_OK,,MULTI_CLAIM_SPLIT,KOSIS_PIPELINE_ELIGIBLE,AUTO,OUTSIDE_TOLERANCE,,N,MISMATCH,AUTO,OUTSIDE_TOLERANCE,Y,-136300.0000000029,2,2,"{""canonical_name"": ""취업자 수"", ""concept_id"": ""C000008"", ""kosis_search_terms"": [""경제활동인구조사 취업자"", ""산업별 취업자""], ""matched_alias"": ""제조업 취업자"", ""standard_key"": ""employment_count"", ""status"": ""MATCHED""}","[{""canonical_key"": ""ORG=101|TBL=DT_1DA7E06S_NEW|ITM=T30|OBJ=I|MEMBER=계|PRD_SE=월|PRD_DE=2025-02"", ""dimension_codes"": {""I"": ""00""}, ""dimension_members"": {""I"": ""계""}, ""itm_id"": ""T30"", ""member_code"": ""계"", ""obj_id"": ""I"", ""org_id"": ""101"", ""prd_de"": ""2025-02"", ""prd_se"": ""월"", ""status"": ""CONFIRMED"", ""tbl_id"": ""DT_1DA7E06S_NEW"", ""unit"": ""천명""}, {""canonical_key"": ""ORG=101|TBL=DT_1DA7E06S_NEW|ITM=T30|OBJ=I|MEMBER=계|PRD_SE=월|PRD_DE=2024-02"", ""dimension_codes"": {""I"": ""00""}, ""dimension_members"": {""I"": ""계""}, ""itm_id"": ""T30"", ""member_code"": ""계"", ""obj_id"": ""I"", ""org_id"": ""101"", ""prd_de"": ""2024-02"", ""prd_se"": ""월"", ""status"": ""CONFIRMED"", ""tbl_id"": ""DT_1DA7E06S_NEW"", ""unit"": ""천명""}]","[{""content_hash"": ""3ce58ef0feee3fe13eab9969fc50a7620de698a513dc8ea59730b9aab7fd920e"", ""evidence_key"": ""ORG=101|TBL=DT_1DA7E06S_NEW|ITM=T30|OBJ=I|MEMBER=계|PRD_SE=월|PRD_DE=2025-02"", ""publication"": {""content_hash"": ""67d75f8e82f880adf1fe49bfec24aff2da5b8a9fe08ebebff6e9bd78bf515a2a"", ""coverage_end_period"": null, ""coverage_start_period"": null, ""evidence_scope"": ""PERIOD"", ""pub_date_text"": ""조사기준 월 익월"", ""pub_period"": ""월"", ""publication_method_url"": ""https://www.kostat.go.kr/board.es?act=list&mid=a10301010000&keyField=T&bid=210&keyWord=2025%EB%85%84+2%EC%9B%94+%EA%B3%A0%EC%9A%A9%EB%8F%99%ED%96%A5"", ""published_at"": ""2025-03-12"", ""reference_period"": ""2025-02"", ""retrieved_at"": ""2026-08-26T02:39:15.368731Z"", ""source_url"": ""https://www.kostat.go.kr/board.es?mid=a10301010000&bid=210&act=view&list_no=435468&tag=&nPage=1&ref_bid="", ""status"": ""VERIFIED""}, ""retrieved_at"": ""2026-08-26T02:40:11.820762Z"", ""source"": ""API"", ""source_url"": ""https://kosis.kr/openapi/Param/statisticsParameterData.do?method=getList&orgId=101&tblId=DT_1DA7E06S_NEW&itmId=T30&prdSe=M&startPrdDe=202502&endPrdDe=202502&objL1=00"", ""value_last_changed_at"": ""2025-02-27""}, {""content_hash"": ""3ce58ef0feee3fe13eab9969fc50a7620de698a513dc8ea59730b9aab7fd920e"", ""evidence_key"": ""ORG=101|TBL=DT_1DA7E06S_NEW|ITM=T30|OBJ=I|MEMBER=계|PRD_SE=월|PRD_DE=2024-02"", ""publication"": {""content_hash"": ""56b5db31e65bc39081a165ecc21e5aeb758a58097380228f95c61a35e6146b3a"", ""coverage_end_period"": null, ""coverage_start_period"": null, ""evidence_scope"": ""PERIOD"", ""pub_date_text"": ""조사기준 월 익월"", ""pub_period"": ""월"", ""publication_method_url"": ""https://www.kostat.go.kr/board.es?act=list&mid=a10301010000&keyField=T&bid=210&keyWord=2024%EB%85%84+2%EC%9B%94+%EA%B3%A0%EC%9A%A9%EB%8F%99%ED%96%A5"", ""published_at"": ""2024-03-13"", ""reference_period"": ""2024-02"", ""retrieved_at"": ""2026-08-26T02:40:18.151794Z"", ""source_url"": ""https://www.kostat.go.kr/board.es?mid=a10301010000&bid=210&act=view&list_no=429884&tag=&nPage=1&ref_bid="", ""status"": ""VERIFIED""}, ""retrieved_at"": ""2026-08-26T02:40:11.820762Z"", ""source"": ""API"", ""source_url"": ""https://kosis.kr/openapi/Param/statisticsParameterData.do?method=getList&orgId=101&tblId=DT_1DA7E06S_NEW&itmId=T30&prdSe=M&startPrdDe=202402&endPrdDe=202402&objL1=00"", ""value_last_changed_at"": ""2025-01-17""}]","{""eligible_for_official_search"": true, ""entries"": [{""required"": true, ""slot"": ""indicator"", ""status"": ""SOURCE"", ""value"": ""제조업 취업자""}, {""required"": true, ""slot"": ""value"", ""status"": ""SOURCE"", ""value"": 74000.0}, {""required"": true, ""slot"": ""unit"", ""status"": ""SOURCE"", ""value"": ""명""}, {""required"": true, ""slot"": ""time"", ""status"": ""SOURCE"", ""value"": ""2025년 2월""}, {""required"": false, ""slot"": ""frequency"", ""status"": ""SOURCE"", ""value"": ""월""}, {""required"": false, ""slot"": ""region"", ""status"": ""NOT_APPLICABLE"", ""value"": null}, {""required"": false, ""slot"": ""population"", ""status"": ""SOURCE"", ""value"": ""취업자""}, {""required"": false, ""slot"": ""dimension"", ""status"": ""SOURCE"", ""value"": {""industry"": ""제조업""}}, {""required"": true, ""slot"": ""comparison"", ""status"": ""SOURCE"", ""value"": {""consecutive_decline_months"": ""8"", ""direction"": ""DECREASE"", ""operand_source"": ""OFFICIAL_EVIDENCE"", ""prior_decline_period"": ""2024-07"", ""prior_decline_unit"": ""명"", ""prior_decline_value"": ""11000"", ""reference_period"": ""2024-02"", ""type"": ""YEAR_OVER_YEAR""}}, {""required"": true, ""slot"": ""calculation"", ""status"": ""SOURCE"", ""value"": ""DIFFERENCE""}, {""required"": true, ""slot"": ""condition"", ""status"": ""SOURCE"", ""value"": {""direction"": ""DECREASE""}}, {""required"": false, ""slot"": ""source_hint"", ""status"": ""NOT_APPLICABLE"", ""value"": null}], ""reason_codes"": []}","[{""attempt"": 1, ""child_claim_id"": ""claim_e604dff2107e7e1e"", ""code_version"": ""admission-recovery-v3"", ""data_version"": ""claim-schema-v1"", ""finished_at"": ""2026-08-26T02:40:18.153796+00:00"", ""input_hash"": ""05037a76f2e6a5f62c038e3a0d19b6522c670f552f035cab47769d88452b1763"", ""output_ref"": ""claim_e604dff2107e7e1e"", ""parent_claim_id"": ""A00922_24"", ""reason_code"": null, ""stage"": ""CLAIM_SPLIT"", ""started_at"": ""2026-08-26T02:40:18.153796+00:00"", ""status"": ""PASS""}, {""attempt"": 1, ""child_claim_id"": ""claim_e604dff2107e7e1e"", ""code_version"": ""admission-recovery-v3"", ""data_version"": ""claim-schema-v1"", ""finished_at"": ""2026-08-26T02:40:18.153796+00:00"", ""input_hash"": ""05037a76f2e6a5f62c038e3a0d19b6522c670f552f035cab47769d88452b1763"", ""output_ref"": ""claim_e604dff2107e7e1e"", ""parent_claim_id"": ""A00922_24"", ""reason_code"": null, ""stage"": ""CLAIM_PARSE"", ""started_at"": ""2026-08-26T02:40:18.153796+00:00"", ""status"": ""PASS""}]"
A00922_8,1,claim_434bd64cde8b9c5b,claim_6871ecf68cf4c7f2,44.3%,지난달 청년층 고용률은 44.3%에 그치며 전년 같은 달 대비 1.7%포인트 감소했다.,고용률,44.3,%,2025년 2월,월,,청년층,null,"{""change_unit"": ""%포인트"", ""change_value"": ""1.7"", ""reference_period"": ""전년 같은 달"", ""type"": ""YEAR_OVER_YEAR""}",GROWTH_RATE,"{""direction"": ""DECREASE""}",,AUTO_OK,,MULTI_CLAIM_SPLIT,KOSIS_PIPELINE_ELIGIBLE,HOLD,AMBIGUOUS_MARGIN,,N,UNDETERMINED,HOLD,AMBIGUOUS_MARGIN,N,,1,0,"{""canonical_name"": ""고용률"", ""concept_id"": ""C000009"", ""kosis_search_terms"": [], ""matched_alias"": ""고용률"", ""standard_key"": ""employment_rate"", ""status"": ""MATCHED""}","[{""canonical_key"": ""ORG=101|TBL=DT_1DA7001S|ITM=T90|OBJ=B|MEMBER=계|PRD_SE=월|PRD_DE=2025-02"", ""dimension_codes"": {""B"": ""0""}, ""dimension_members"": {""B"": ""계""}, ""itm_id"": ""T90"", ""member_code"": ""계"", ""obj_id"": ""B"", ""org_id"": ""101"", ""prd_de"": ""2025-02"", ""prd_se"": ""월"", ""status"": ""CONFIRMED"", ""tbl_id"": ""DT_1DA7001S"", ""unit"": ""%""}]",[],"{""eligible_for_official_search"": true, ""entries"": [{""required"": true, ""slot"": ""indicator"", ""status"": ""SOURCE"", ""value"": ""고용률""}, {""required"": true, ""slot"": ""value"", ""status"": ""SOURCE"", ""value"": 44.3}, {""required"": true, ""slot"": ""unit"", ""status"": ""SOURCE"", ""value"": ""%""}, {""required"": true, ""slot"": ""time"", ""status"": ""SOURCE"", ""value"": ""2025년 2월""}, {""required"": false, ""slot"": ""frequency"", ""status"": ""SOURCE"", ""value"": ""월""}, {""required"": false, ""slot"": ""region"", ""status"": ""NOT_APPLICABLE"", ""value"": null}, {""required"": false, ""slot"": ""population"", ""status"": ""SOURCE"", ""value"": ""청년층""}, {""required"": false, ""slot"": ""dimension"", ""status"": ""NOT_APPLICABLE"", ""value"": null}, {""required"": true, ""slot"": ""comparison"", ""status"": ""SOURCE"", ""value"": {""change_unit"": ""%포인트"", ""change_value"": ""1.7"", ""reference_period"": ""전년 같은 달"", ""type"": ""YEAR_OVER_YEAR""}}, {""required"": true, ""slot"": ""calculation"", ""status"": ""SOURCE"", ""value"": ""GROWTH_RATE""}, {""required"": true, ""slot"": ""condition"", ""status"": ""SOURCE"", ""value"": {""direction"": ""DECREASE""}}, {""required"": false, ""slot"": ""source_hint"", ""status"": ""NOT_APPLICABLE"", ""value"": null}], ""reason_codes"": []}","[{""attempt"": 1, ""child_claim_id"": ""claim_6871ecf68cf4c7f2"", ""code_version"": ""admission-recovery-v3"", ""data_version"": ""claim-schema-v1"", ""finished_at"": ""2026-08-26T02:40:24.123029+00:00"", ""input_hash"": ""0578dbb42ee0973d87a4a09663a94c475c1e8b534f598d69a576567fdb00619f"", ""output_ref"": ""claim_6871ecf68cf4c7f2"", ""parent_claim_id"": ""A00922_8"", ""reason_code"": null, ""stage"": ""CLAIM_SPLIT"", ""started_at"": ""2026-08-26T02:40:24.123029+00:00"", ""status"": ""PASS""}, {""attempt"": 1, ""child_claim_id"": ""claim_6871ecf68cf4c7f2"", ""code_version"": ""admission-recovery-v3"", ""data_version"": ""claim-schema-v1"", ""finished_at"": ""2026-08-26T02:40:24.123029+00:00"", ""input_hash"": ""0578dbb42ee0973d87a4a09663a94c475c1e8b534f598d69a576567fdb00619f"", ""output_ref"": ""claim_6871ecf68cf4c7f2"", ""parent_claim_id"": ""A00922_8"", ""reason_code"": null, ""stage"": ""CLAIM_PARSE"", ""started_at"": ""2026-08-26T02:40:24.123029+00:00"", ""status"": ""PASS""}]"
A01111_14,1,claim_cd57273d71240241,claim_4c38bce068e469f3,81.1명,"통계청이 이날 처음으로 공개한 어머니 연령별 출산율 자료에 따르면, 지난 1월 30~34세 여성 1000명당 출생아 수를 뜻하는 30대 초반 출산율은 81.1명을 기록했다.",출산율,81.1,명/여성 1000명,2025년 1월,월,대한민국,여성,"{""age_group"": ""30~34세"", ""sex"": ""여성""}",null,DIRECT_VALUE,null,통계청,HOLD,TARGET_VALUE_NOT_IN_SOURCE_SENTENCE,MULTI_CLAIM_SPLIT,CONTEXT_REQUIRED,HUMAN_REVIEW,TARGET_VALUE_NOT_IN_SOURCE_SENTENCE,,N,,,,N,,0,0,null,[],[],"{""eligible_for_official_search"": true, ""entries"": [{""required"": true, ""slot"": ""indicator"", ""status"": ""SOURCE"", ""value"": ""출산율""}, {""required"": true, ""slot"": ""value"", ""status"": ""SOURCE"", ""value"": 81.1}, {""required"": true, ""slot"": ""unit"", ""status"": ""SOURCE"", ""value"": ""명/여성 1000명""}, {""required"": true, ""slot"": ""time"", ""status"": ""SOURCE"", ""value"": ""2025년 1월""}, {""required"": false, ""slot"": ""frequency"", ""status"": ""SOURCE"", ""value"": ""월""}, {""required"": false, ""slot"": ""region"", ""status"": ""SOURCE"", ""value"": ""대한민국""}, {""required"": false, ""slot"": ""population"", ""status"": ""SOURCE"", ""value"": ""여성""}, {""required"": false, ""slot"": ""dimension"", ""status"": ""SOURCE"", ""value"": {""age_group"": ""30~34세"", ""sex"": ""여성""}}, {""required"": false, ""slot"": ""comparison"", ""status"": ""NOT_APPLICABLE"", ""value"": null}, {""required"": true, ""slot"": ""calculation"", ""status"": ""SOURCE"", ""value"": ""DIRECT_VALUE""}, {""required"": false, ""slot"": ""condition"", ""status"": ""NOT_APPLICABLE"", ""value"": null}, {""required"": false, ""slot"": ""source_hint"", ""status"": ""SOURCE"", ""value"": ""통계청""}], ""reason_codes"": []}","[{""attempt"": 1, ""child_claim_id"": ""claim_4c38bce068e469f3"", ""code_version"": ""admission-recovery-v3"", ""data_version"": ""claim-schema-v1"", ""finished_at"": ""2026-08-26T02:40:30.320872+00:00"", ""input_hash"": ""2ebebcf3ee214d341936af9dde391fd7093083345eb757dfeb88c7090f81588a"", ""output_ref"": ""claim_4c38bce068e469f3"", ""parent_claim_id"": ""A01111_14"", ""reason_code"": null, ""stage"": ""CLAIM_SPLIT"", ""started_at"": ""2026-08-26T02:40:30.320872+00:00"", ""status"": ""PASS""}, {""attempt"": 1, ""child_claim_id"": ""claim_4c38bce068e469f3"", ""code_version"": ""admission-recovery-v3"", ""data_version"": ""claim-schema-v1"", ""finished_at"": ""2026-08-26T02:40:30.320872+00:00"", ""input_hash"": ""2ebebcf3ee214d341936af9dde391fd7093083345eb757dfeb88c7090f81588a"", ""output_ref"": ""claim_4c38bce068e469f3"", ""parent_claim_id"": ""A01111_14"", ""reason_code"": ""TARGET_VALUE_NOT_IN_SOURCE_SENTENCE"", ""stage"": ""CLAIM_PARSE"", ""started_at"": ""2026-08-26T02:40:30.320872+00:00"", ""status"": ""HUMAN_REVIEW""}]"
A01124_14,1,claim_c140a036c893f263,claim_45d592c73f4b1601,1000만명,전국 89개 인구 감소 지역 생활 인구는 작년 1월 2274만여 명에서 작년 8월 3361만여 명으로 1000만명 넘게 불었다.,생활 인구,1087.0,만 명,2024년 8월,월,전국,,"{""지역 범위"": ""89개 인구 감소 지역""}","{""current_value"": ""3361"", ""operand_unit"": ""만 명"", ""reference_period"": ""작년 1월"", ""reference_value"": ""2274""}",DIFFERENCE,"{""direction"": ""INCREASE"", ""operator"": ""GT"", ""threshold_unit"": ""만 명"", ""threshold_value"": ""1000""}",,HOLD,TARGET_VALUE_NOT_IN_SOURCE_SENTENCE,MULTI_CLAIM_SPLIT,CONTEXT_REQUIRED,HUMAN_REVIEW,TARGET_VALUE_NOT_IN_SOURCE_SENTENCE,,N,,,,N,,0,0,null,[],[],"{""eligible_for_official_search"": true, ""entries"": [{""required"": true, ""slot"": ""indicator"", ""status"": ""SOURCE"", ""value"": ""생활 인구""}, {""required"": true, ""slot"": ""value"", ""status"": ""SOURCE"", ""value"": 1087.0}, {""required"": true, ""slot"": ""unit"", ""status"": ""SOURCE"", ""value"": ""만 명""}, {""required"": true, ""slot"": ""time"", ""status"": ""SOURCE"", ""value"": ""2024년 8월""}, {""required"": false, ""slot"": ""frequency"", ""status"": ""SOURCE"", ""value"": ""월""}, {""required"": false, ""slot"": ""region"", ""status"": ""SOURCE"", ""value"": ""전국""}, {""required"": false, ""slot"": ""population"", ""status"": ""NOT_APPLICABLE"", ""value"": null}, {""required"": false, ""slot"": ""dimension"", ""status"": ""SOURCE"", ""value"": {""지역 범위"": ""89개 인구 감소 지역""}}, {""required"": true, ""slot"": ""comparison"", ""status"": ""SOURCE"", ""value"": {""current_value"": ""3361"", ""operand_unit"": ""만 명"", ""reference_period"": ""작년 1월"", ""reference_value"": ""2274""}}, {""required"": true, ""slot"": ""calculation"", ""status"": ""SOURCE"", ""value"": ""DIFFERENCE""}, {""required"": true, ""slot"": ""condition"", ""status"": ""SOURCE"", ""value"": {""direction"": ""INCREASE"", ""operator"": ""GT"", ""threshold_unit"": ""만 명"", ""threshold_value"": ""1000""}}, {""required"": false, ""slot"": ""source_hint"", ""status"": ""NOT_APPLICABLE"", ""value"": null}], ""reason_codes"": []}","[{""attempt"": 1, ""child_claim_id"": ""claim_45d592c73f4b1601"", ""code_version"": ""admission-recovery-v3"", ""data_version"": ""claim-schema-v1"", ""finished_at"": ""2026-08-26T02:40:40.548537+00:00"", ""input_hash"": ""34ec8c5d5de681f1e3cb38dc593d96dd86e5640d945b8e0cdf43d3b51532da54"", ""output_ref"": ""claim_45d592c73f4b1601"", ""parent_claim_id"": ""A01124_14"", ""reason_code"": null, ""stage"": ""CLAIM_SPLIT"", ""started_at"": ""2026-08-26T02:40:40.548537+00:00"", ""status"": ""PASS""}, {""attempt"": 1, ""child_claim_id"": ""claim_45d592c73f4b1601"", ""code_version"": ""admission-recovery-v3"", ""data_version"": ""claim-schema-v1"", ""finished_at"": ""2026-08-26T02:40:40.548537+00:00"", ""input_hash"": ""34ec8c5d5de681f1e3cb38dc593d96dd86e5640d945b8e0cdf43d3b51532da54"", ""output_ref"": ""claim_45d592c73f4b1601"", ""parent_claim_id"": ""A01124_14"", ""reason_code"": ""TARGET_VALUE_NOT_IN_SOURCE_SENTENCE"", ""stage"": ""CLAIM_PARSE"", ""started_at"": ""2026-08-26T02:40:40.548537+00:00"", ""status"": ""HUMAN_REVIEW""}]"
A01124_20,1,claim_df23c845fc5e7fa4,claim_35a6d244a2682969,11만1000원,◇관광객 1인당 소비액은 정체 다만 작년 8월 전국 인구 감소 지역의 관광객 등 체류 인구 1인당 카드 사용액은 11만1000원으로 두 달 전인 6월(11만5000원)보다 되레 소폭 줄었다.,체류 인구 1인당 카드 사용액,4000.0,원,2024년 8월,월,전국 인구 감소 지역,관광객 등 체류 인구,null,"{""current_value"": ""111000"", ""operand_unit"": ""원"", ""reference_period"": ""두 달 전인 6월"", ""reference_value"": ""115000"", ""type"": ""PERIOD_OVER_PERIOD""}",DIFFERENCE,"{""direction"": ""DECREASE""}",기사 본문,HOLD,TARGET_VALUE_NOT_IN_SOURCE_SENTENCE,MULTI_CLAIM_SPLIT,CONTEXT_REQUIRED,HUMAN_REVIEW,TARGET_VALUE_NOT_IN_SOURCE_SENTENCE,,Y,,,,N,,0,0,null,[],[],"{""eligible_for_official_search"": true, ""entries"": [{""required"": true, ""slot"": ""indicator"", ""status"": ""SOURCE"", ""value"": ""체류 인구 1인당 카드 사용액""}, {""required"": true, ""slot"": ""value"", ""status"": ""CONTEXT"", ""value"": 4000.0}, {""required"": true, ""slot"": ""unit"", ""status"": ""SOURCE"", ""value"": ""원""}, {""required"": true, ""slot"": ""time"", ""status"": ""SOURCE"", ""value"": ""2024년 8월""}, {""required"": false, ""slot"": ""frequency"", ""status"": ""SOURCE"", ""value"": ""월""}, {""required"": false, ""slot"": ""region"", ""status"": ""SOURCE"", ""value"": ""전국 인구 감소 지역""}, {""required"": false, ""slot"": ""population"", ""status"": ""SOURCE"", ""value"": ""관광객 등 체류 인구""}, {""required"": false, ""slot"": ""dimension"", ""status"": ""NOT_APPLICABLE"", ""value"": null}, {""required"": true, ""slot"": ""comparison"", ""status"": ""CONTEXT"", ""value"": {""current_value"": ""111000"", ""operand_unit"": ""원"", ""reference_period"": ""두 달 전인 6월"", ""reference_value"": ""115000"", ""type"": ""PERIOD_OVER_PERIOD""}}, {""required"": true, ""slot"": ""calculation"", ""status"": ""SOURCE"", ""value"": ""DIFFERENCE""}, {""required"": true, ""slot"": ""condition"", ""status"": ""CONTEXT"", ""value"": {""direction"": ""DECREASE""}}, {""required"": false, ""slot"": ""source_hint"", ""status"": ""CONTEXT"", ""value"": ""기사 본문""}], ""reason_codes"": []}","[{""attempt"": 1, ""child_claim_id"": ""claim_35a6d244a2682969"", ""code_version"": ""admission-recovery-v3"", ""data_version"": ""claim-schema-v1"", ""finished_at"": ""2026-08-26T03:32:15.870746+00:00"", ""input_hash"": ""e3e067768ede4a8cea222d523e20311975bf01562a359e5535e90c1faa31fda2"", ""output_ref"": ""claim_35a6d244a2682969"", ""parent_claim_id"": ""A01124_20"", ""reason_code"": null, ""stage"": ""CLAIM_SPLIT"", ""started_at"": ""2026-08-26T03:32:15.870746+00:00"", ""status"": ""PASS""}, {""attempt"": 1, ""child_claim_id"": ""claim_35a6d244a2682969"", ""code_version"": ""admission-recovery-v3"", ""data_version"": ""claim-schema-v1"", ""finished_at"": ""2026-08-26T03:32:15.870746+00:00"", ""input_hash"": ""e3e067768ede4a8cea222d523e20311975bf01562a359e5535e90c1faa31fda2"", ""output_ref"": ""claim_35a6d244a2682969"", ""parent_claim_id"": ""A01124_20"", ""reason_code"": ""TARGET_VALUE_NOT_IN_SOURCE_SENTENCE"", ""stage"": ""CLAIM_PARSE"", ""started_at"": ""2026-08-26T03:32:15.870746+00:00"", ""status"": ""HUMAN_REVIEW""}]"
A01124_4,1,claim_62ca8f77d15ed5b4,claim_1a1efb9dae338e13,562만4000명,"27일 통계청은 ‘2024년 3분기 생활 인구 산정 결과’에서 작년 8월 강원도 내 인구 감소 지역에 해당하는 12개 시·군·구의 체류 인구는 562만4000명으로, 지역에 거주하는 내·외국인 등록 인구(47만7000명)의 11.8배에 달했다고 밝혔다.",생활 인구,5624000.0,명,2024년 8월,월,강원도 내 인구 감소 지역 해당 12개 시·군·구,체류 인구,"{""등록인구_구성"": ""내·외국인"", ""지역수"": ""12개 시·군·구""}","{""multiple"": ""11.8"", ""reference_population"": ""지역 거주 내·외국인 등록 인구"", ""reference_unit"": ""명"", ""reference_value"": ""477000"", ""type"": ""MULTIPLE""}",MULTIPLE,null,통계청 ‘2024년 3분기 생활 인구 산정 결과’,HOLD,MISSING_REQUIRED_SLOTS:comparison,MULTI_CLAIM_SPLIT,STRUCTURAL_HOLD,HUMAN_REVIEW,MISSING_REQUIRED_SLOTS:comparison,,N,,,,N,,0,0,null,[],[],"{""eligible_for_official_search"": true, ""entries"": [{""required"": true, ""slot"": ""indicator"", ""status"": ""SOURCE"", ""value"": ""생활 인구""}, {""required"": true, ""slot"": ""value"", ""status"": ""SOURCE"", ""value"": 5624000.0}, {""required"": true, ""slot"": ""unit"", ""status"": ""SOURCE"", ""value"": ""명""}, {""required"": true, ""slot"": ""time"", ""status"": ""SOURCE"", ""value"": ""2024년 8월""}, {""required"": false, ""slot"": ""frequency"", ""status"": ""SOURCE"", ""value"": ""월""}, {""required"": false, ""slot"": ""region"", ""status"": ""SOURCE"", ""value"": ""강원도 내 인구 감소 지역 해당 12개 시·군·구""}, {""required"": false, ""slot"": ""population"", ""status"": ""SOURCE"", ""value"": ""체류 인구""}, {""required"": false, ""slot"": ""dimension"", ""status"": ""SOURCE"", ""value"": {""등록인구_구성"": ""내·외국인"", ""지역수"": ""12개 시·군·구""}}, {""required"": true, ""slot"": ""comparison"", ""status"": ""SOURCE"", ""value"": {""multiple"": ""11.8"", ""reference_population"": ""지역 거주 내·외국인 등록 인구"", ""reference_unit"": ""명"", ""reference_value"": ""477000"", ""type"": ""MULTIPLE""}}, {""required"": true, ""slot"": ""calculation"", ""status"": ""SOURCE"", ""value"": ""MULTIPLE""}, {""required"": false, ""slot"": ""condition"", ""status"": ""NOT_APPLICABLE"", ""value"": null}, {""required"": false, ""slot"": ""source_hint"", ""status"": ""SOURCE"", ""value"": ""통계청 ‘2024년 3분기 생활 인구 산정 결과’""}], ""reason_codes"": []}","[{""attempt"": 1, ""child_claim_id"": ""claim_1a1efb9dae338e13"", ""code_version"": ""admission-recovery-v3"", ""data_version"": ""claim-schema-v1"", ""finished_at"": ""2026-08-26T02:41:04.990324+00:00"", ""input_hash"": ""dc2edc02d9cac52935a2e91e1e9e2c04b1ed698f983f583e1d27ad0eaf5dc5c7"", ""output_ref"": ""claim_1a1efb9dae338e13"", ""parent_claim_id"": ""A01124_4"", ""reason_code"": null, ""stage"": ""CLAIM_SPLIT"", ""started_at"": ""2026-08-26T02:41:04.990324+00:00"", ""status"": ""PASS""}, {""attempt"": 1, ""child_claim_id"": ""claim_1a1efb9dae338e13"", ""code_version"": ""admission-recovery-v3"", ""data_version"": ""claim-schema-v1"", ""finished_at"": ""2026-08-26T02:41:04.990324+00:00"", ""input_hash"": ""dc2edc02d9cac52935a2e91e1e9e2c04b1ed698f983f583e1d27ad0eaf5dc5c7"", ""output_ref"": ""claim_1a1efb9dae338e13"", ""parent_claim_id"": ""A01124_4"", ""reason_code"": ""MISSING_REQUIRED_SLOTS:comparison"", ""stage"": ""CLAIM_PARSE"", ""started_at"": ""2026-08-26T02:41:04.990324+00:00"", ""status"": ""HUMAN_REVIEW""}]"
A01180_3,1,claim_2fd9321a443899ba,claim_c03c899bf349597c,6.836e+11달러,지난해 우리나라 수출 6836억달러(약 1007조원) 중 대미(對美) 수출은 1278억달러로 18.7%에 달했다.,수출액,683600000000.0,달러,2024,Y,전국,,null,null,DIRECT_VALUE,"{""trade_claim_role"": ""TOTAL_EXPORT""}",,AUTO_OK,,MULTI_CLAIM_SPLIT,KOSIS_PIPELINE_ELIGIBLE,AUTO,OUTSIDE_TOLERANCE,,N,MISMATCH,AUTO,OUTSIDE_TOLERANCE,N,683690000000.0,1,2,"{""canonical_name"": ""수출액"", ""concept_id"": ""C000003"", ""kosis_search_terms"": [""수출입총괄"", ""국가별 수출액 수입액"", ""수출금액""], ""matched_alias"": ""수출액"", ""standard_key"": ""export_value"", ""status"": ""MATCHED""}","[{""canonical_key"": ""ORG=134|TBL=DT_134001_001|ITM=T002|OBJ=13999000|MEMBER=데이터|PRD_SE=년|PRD_DE=2024"", ""dimension_codes"": {""13999000"": ""DATA""}, ""dimension_members"": {""13999000"": ""데이터""}, ""itm_id"": ""T002"", ""member_code"": ""데이터"", ""obj_id"": ""13999000"", ""org_id"": ""134"", ""prd_de"": ""2024"", ""prd_se"": ""년"", ""status"": ""CONFIRMED"", ""tbl_id"": ""DT_134001_001"", ""unit"": ""천불""}]","[{""content_hash"": ""1b92ca2c94ace25a0cc8823c1ae2497463f6ab837bb530ca1257f3043de0d5eb"", ""evidence_key"": ""ORG=134|TBL=DT_134001_001|ITM=T002|OBJ=13999000|MEMBER=데이터|PRD_SE=년|PRD_DE=2024"", ""publication"": {""content_hash"": ""e96e73d64a4f9debc86b215a256aa8ddb2bc12d40f329a51ee969ae985804f11"", ""coverage_end_period"": null, ""coverage_start_period"": null, ""evidence_scope"": ""PERIOD"", ""pub_date_text"": null, ""pub_period"": null, ""publication_method_url"": null, ""published_at"": null, ""reference_period"": null, ""retrieved_at"": ""2026-08-26T02:41:54.950556Z"", ""source_url"": ""https://kosis.kr/openapi/statisticsExplData.do?method=getList&format=json&jsonVD=Y&orgId=134&tblId=DT_134001_001&metaItm=All"", ""status"": ""UNRESOLVED""}, ""retrieved_at"": ""2026-08-26T02:41:53.919298Z"", ""source"": ""API"", ""source_url"": ""https://kosis.kr/openapi/Param/statisticsParameterData.do?method=getList&orgId=134&tblId=DT_134001_001&itmId=T002&prdSe=Y&startPrdDe=2024&endPrdDe=2024&objL1=DATA"", ""value_last_changed_at"": null}, {""content_hash"": ""d10b69f0ed34fe68b471c22deb6dee26616da3b76e10b79c9903862436ebf63b"", ""evidence_key"": ""OFFICIAL_TRADE_RELEASE:한국은행:2024"", ""publication"": {""content_hash"": ""d10b69f0ed34fe68b471c22deb6dee26616da3b76e10b79c9903862436ebf63b"", ""coverage_end_period"": null, ""coverage_start_period"": null, ""evidence_scope"": ""PERIOD"", ""pub_date_text"": null, ""pub_period"": null, ""publication_method_url"": null, ""published_at"": ""2025-02-06"", ""reference_period"": ""2024"", ""retrieved_at"": ""2026-08-26T02:41:58.588356Z"", ""source_url"": ""https://www.bok.or.kr/fileSrc/portal/83074cef62e649de9e3c3d993a68349b/2/5d5c1a4a4b094a858aea49205410d614.pdf"", ""status"": ""VERIFIED""}, ""retrieved_at"": ""2026-08-26T02:41:58.588356Z"", ""source"": ""OFFICIAL_DOCUMENT"", ""source_url"": ""https://www.bok.or.kr/fileSrc/portal/83074cef62e649de9e3c3d993a68349b/2/5d5c1a4a4b094a858aea49205410d614.pdf"", ""value_last_changed_at"": null}]","{""eligible_for_official_search"": true, ""entries"": [{""required"": true, ""slot"": ""indicator"", ""status"": ""SOURCE"", ""value"": ""수출액""}, {""required"": true, ""slot"": ""value"", ""status"": ""SOURCE"", ""value"": 683600000000.0}, {""required"": true, ""slot"": ""unit"", ""status"": ""SOURCE"", ""value"": ""달러""}, {""required"": true, ""slot"": ""time"", ""status"": ""SOURCE"", ""value"": ""2024""}, {""required"": false, ""slot"": ""frequency"", ""status"": ""SOURCE"", ""value"": ""Y""}, {""required"": false, ""slot"": ""region"", ""status"": ""SOURCE"", ""value"": ""전국""}, {""required"": false, ""slot"": ""population"", ""status"": ""NOT_APPLICABLE"", ""value"": null}, {""required"": false, ""slot"": ""dimension"", ""status"": ""NOT_APPLICABLE"", ""value"": null}, {""required"": false, ""slot"": ""comparison"", ""status"": ""NOT_APPLICABLE"", ""value"": null}, {""required"": true, ""slot"": ""calculation"", ""status"": ""SOURCE"", ""value"": ""DIRECT_VALUE""}, {""required"": false, ""slot"": ""condition"", ""status"": ""SOURCE"", ""value"": {""trade_claim_role"": ""TOTAL_EXPORT""}}, {""required"": false, ""slot"": ""source_hint"", ""status"": ""NOT_APPLICABLE"", ""value"": null}], ""reason_codes"": []}","[{""attempt"": 1, ""child_claim_id"": ""claim_c03c899bf349597c"", ""code_version"": ""admission-recovery-v3"", ""data_version"": ""claim-schema-v1"", ""finished_at"": ""2026-08-26T02:43:03.701796+00:00"", ""input_hash"": ""bf11fb66252531536a7b310175931532e65fa7d1621d260b58a77ba5c20b8a92"", ""output_ref"": ""claim_c03c899bf349597c"", ""parent_claim_id"": ""A01180_3"", ""reason_code"": null, ""stage"": ""CLAIM_SPLIT"", ""started_at"": ""2026-08-26T02:43:03.701796+00:00"", ""status"": ""PASS""}, {""attempt"": 1, ""child_claim_id"": ""claim_c03c899bf349597c"", ""code_version"": ""admission-recovery-v3"", ""data_version"": ""claim-schema-v1"", ""finished_at"": ""2026-08-26T02:43:03.701796+00:00"", ""input_hash"": ""bf11fb66252531536a7b310175931532e65fa7d1621d260b58a77ba5c20b8a92"", ""output_ref"": ""claim_c03c899bf349597c"", ""parent_claim_id"": ""A01180_3"", ""reason_code"": null, ""stage"": ""CLAIM_PARSE"", ""started_at"": ""2026-08-26T02:43:03.701796+00:00"", ""status"": ""PASS""}]"
A01180_3,2,claim_1538c404a6786c92,claim_95c250988eb4ef38,1.278e+11달러,지난해 우리나라 수출 6836억달러(약 1007조원) 중 대미(對美) 수출은 1278억달러로 18.7%에 달했다.,수출액,127800000000.0,달러,2024,Y,전국,,"{""raw"": ""{\""교역상대국\"": [\""미국\""]}""}",null,DIRECT_VALUE,"{""trade_claim_role"": ""COUNTRY_EXPORT""}",,AUTO_OK,,MULTI_CLAIM_SPLIT,KOSIS_PIPELINE_ELIGIBLE,AUTO,WITHIN_TOLERANCE,,N,MATCH,AUTO,WITHIN_TOLERANCE,N,127790000000.0,1,2,"{""canonical_name"": ""수출액"", ""concept_id"": ""C000003"", ""kosis_search_terms"": [""수출입총괄"", ""국가별 수출액 수입액"", ""수출금액""], ""matched_alias"": ""수출액"", ""standard_key"": ""export_value"", ""status"": ""MATCHED""}","[{""canonical_key"": ""ORG=360|TBL=DT_1R11006_FRM101|ITM=13103103829T1|OBJ=13101103829E|MEMBER=미국|PRD_SE=년|PRD_DE=2024"", ""dimension_codes"": {""13101103829E"": ""13102103829E.US""}, ""dimension_members"": {""13101103829E"": ""미국""}, ""itm_id"": ""13103103829T1"", ""member_code"": ""미국"", ""obj_id"": ""13101103829E"", ""org_id"": ""360"", ""prd_de"": ""2024"", ""prd_se"": ""년"", ""status"": ""CONFIRMED"", ""tbl_id"": ""DT_1R11006_FRM101"", ""unit"": ""천달러""}]","[{""content_hash"": ""65b8703be2154d551a565e847b16c0a28e0d63e028fed84c5e43488f307a7a03"", ""evidence_key"": ""ORG=360|TBL=DT_1R11006_FRM101|ITM=13103103829T1|OBJ=13101103829E|MEMBER=미국|PRD_SE=년|PRD_DE=2024"", ""publication"": {""content_hash"": ""765d65ec9258a199ce9a431cc79cb87d4fd0433ab020497dca5febf9aa449271"", ""coverage_end_period"": null, ""coverage_start_period"": null, ""evidence_scope"": ""PERIOD"", ""pub_date_text"": ""작성기준 월 익월"", ""pub_period"": ""월"", ""publication_method_url"": ""전산망(인터넷)미발간https://kosis.kr/statHtml/statHtml.do?sso=ok&amp;returnurl=https%3A%2F%2Fkosis.kr%3A443%2FstatHtml%2FstatHtml.do%3Flist_id%3D360_36002%26obj_var_id%3D%26seqNo%3D%26tblId%3DDT_1R11006_FRM101%26vw_cd%3DMT_OTITLE%26orgId%3D360%26path%3D%252FstatisticsList%252FstatisticsListIndex.do%26conn_path%3DMT_OTITLE%26itm_id%3D%26lang_mode%3Dko%26scrId%3D%26"", ""published_at"": null, ""reference_period"": null, ""retrieved_at"": ""2026-08-26T02:42:29.087410Z"", ""source_url"": ""https://kosis.kr/openapi/statisticsExplData.do?method=getList&format=json&jsonVD=Y&orgId=360&tblId=DT_1R11006_FRM101&metaItm=All"", ""status"": ""UNRESOLVED""}, ""retrieved_at"": ""2026-08-26T02:42:26.041798Z"", ""source"": ""API"", ""source_url"": ""https://kosis.kr/openapi/Param/statisticsParameterData.do?method=getList&orgId=360&tblId=DT_1R11006_FRM101&itmId=13103103829T1&prdSe=Y&startPrdDe=2024&endPrdDe=2024&objL1=13102103829E.US"", ""value_last_changed_at"": null}, {""content_hash"": ""d10b69f0ed34fe68b471c22deb6dee26616da3b76e10b79c9903862436ebf63b"", ""evidence_key"": ""OFFICIAL_TRADE_RELEASE:한국은행:2024"", ""publication"": {""content_hash"": ""d10b69f0ed34fe68b471c22deb6dee26616da3b76e10b79c9903862436ebf63b"", ""coverage_end_period"": null, ""coverage_start_period"": null, ""evidence_scope"": ""PERIOD"", ""pub_date_text"": null, ""pub_period"": null, ""publication_method_url"": null, ""published_at"": ""2025-02-06"", ""reference_period"": ""2024"", ""retrieved_at"": ""2026-08-26T02:42:31.851861Z"", ""source_url"": ""https://www.bok.or.kr/fileSrc/portal/83074cef62e649de9e3c3d993a68349b/2/5d5c1a4a4b094a858aea49205410d614.pdf"", ""status"": ""VERIFIED""}, ""retrieved_at"": ""2026-08-26T02:42:31.851861Z"", ""source"": ""OFFICIAL_DOCUMENT"", ""source_url"": ""https://www.bok.or.kr/fileSrc/portal/83074cef62e649de9e3c3d993a68349b/2/5d5c1a4a4b094a858aea49205410d614.pdf"", ""value_last_changed_at"": null}]","{""eligible_for_official_search"": true, ""entries"": [{""required"": true, ""slot"": ""indicator"", ""status"": ""SOURCE"", ""value"": ""수출액""}, {""required"": true, ""slot"": ""value"", ""status"": ""SOURCE"", ""value"": 127800000000.0}, {""required"": true, ""slot"": ""unit"", ""status"": ""SOURCE"", ""value"": ""달러""}, {""required"": true, ""slot"": ""time"", ""status"": ""SOURCE"", ""value"": ""2024""}, {""required"": false, ""slot"": ""frequency"", ""status"": ""SOURCE"", ""value"": ""Y""}, {""required"": false, ""slot"": ""region"", ""status"": ""SOURCE"", ""value"": ""전국""}, {""required"": false, ""slot"": ""population"", ""status"": ""NOT_APPLICABLE"", ""value"": null}, {""required"": false, ""slot"": ""dimension"", ""status"": ""SOURCE"", ""value"": {""raw"": ""{\""교역상대국\"": [\""미국\""]}""}}, {""required"": false, ""slot"": ""comparison"", ""status"": ""NOT_APPLICABLE"", ""value"": null}, {""required"": true, ""slot"": ""calculation"", ""status"": ""SOURCE"", ""value"": ""DIRECT_VALUE""}, {""required"": false, ""slot"": ""condition"", ""status"": ""SOURCE"", ""value"": {""trade_claim_role"": ""COUNTRY_EXPORT""}}, {""required"": false, ""slot"": ""source_hint"", ""status"": ""NOT_APPLICABLE"", ""value"": null}], ""reason_codes"": []}","[{""attempt"": 1, ""child_claim_id"": ""claim_95c250988eb4ef38"", ""code_version"": ""admission-recovery-v3"", ""data_version"": ""claim-schema-v1"", ""finished_at"": ""2026-08-26T02:43:03.701796+00:00"", ""input_hash"": ""bf11fb66252531536a7b310175931532e65fa7d1621d260b58a77ba5c20b8a92"", ""output_ref"": ""claim_95c250988eb4ef38"", ""parent_claim_id"": ""A01180_3"", ""reason_code"": null, ""stage"": ""CLAIM_SPLIT"", ""started_at"": ""2026-08-26T02:43:03.701796+00:00"", ""status"": ""PASS""}, {""attempt"": 1, ""child_claim_id"": ""claim_95c250988eb4ef38"", ""code_version"": ""admission-recovery-v3"", ""data_version"": ""claim-schema-v1"", ""finished_at"": ""2026-08-26T02:43:03.701796+00:00"", ""input_hash"": ""bf11fb66252531536a7b310175931532e65fa7d1621d260b58a77ba5c20b8a92"", ""output_ref"": ""claim_95c250988eb4ef38"", ""parent_claim_id"": ""A01180_3"", ""reason_code"": null, ""stage"": ""CLAIM_PARSE"", ""started_at"": ""2026-08-26T02:43:03.701796+00:00"", ""status"": ""PASS""}]"
A01180_3,3,claim_0343cabcbc0e045a,claim_4aaab47fc083ec5e,18.7%,지난해 우리나라 수출 6836억달러(약 1007조원) 중 대미(對美) 수출은 1278억달러로 18.7%에 달했다.,수출 비중,18.7,%,2024,Y,전국,,"{""raw"": ""{\""교역상대국\"": [\""미국\""]}""}","{""denominator"": ""우리나라 총수출액"", ""denominator_member"": ""전체"", ""numerator"": ""대미 수출액"", ""type"": ""SHARE_OF_TOTAL""}",SHARE,"{""trade_claim_role"": ""COUNTRY_SHARE""}",,AUTO_OK,,MULTI_CLAIM_SPLIT,KOSIS_PIPELINE_ELIGIBLE,AUTO,WITHIN_TOLERANCE,,N,MATCH,AUTO,WITHIN_TOLERANCE,N,18.691219704836985,0,1,"{""canonical_name"": ""수출 비중"", ""concept_id"": ""OBSERVED:cf703125b5a09c1e"", ""kosis_search_terms"": [""수출 비중""], ""matched_alias"": ""수출 비중"", ""standard_key"": ""observed_indicator_cf703125b5a09c1e"", ""status"": ""MATCHED""}",[],"[{""content_hash"": ""d10b69f0ed34fe68b471c22deb6dee26616da3b76e10b79c9903862436ebf63b"", ""evidence_key"": ""OFFICIAL_TRADE_RELEASE:한국은행:2024"", ""publication"": {""content_hash"": ""d10b69f0ed34fe68b471c22deb6dee26616da3b76e10b79c9903862436ebf63b"", ""coverage_end_period"": null, ""coverage_start_period"": null, ""evidence_scope"": ""PERIOD"", ""pub_date_text"": null, ""pub_period"": null, ""publication_method_url"": null, ""published_at"": ""2025-02-06"", ""reference_period"": ""2024"", ""retrieved_at"": ""2026-08-26T02:43:03.701796Z"", ""source_url"": ""https://www.bok.or.kr/fileSrc/portal/83074cef62e649de9e3c3d993a68349b/2/5d5c1a4a4b094a858aea49205410d614.pdf"", ""status"": ""VERIFIED""}, ""retrieved_at"": ""2026-08-26T02:43:03.701796Z"", ""source"": ""OFFICIAL_DOCUMENT"", ""source_url"": ""https://www.bok.or.kr/fileSrc/portal/83074cef62e649de9e3c3d993a68349b/2/5d5c1a4a4b094a858aea49205410d614.pdf"", ""value_last_changed_at"": null}]","{""eligible_for_official_search"": true, ""entries"": [{""required"": true, ""slot"": ""indicator"", ""status"": ""SOURCE"", ""value"": ""수출 비중""}, {""required"": true, ""slot"": ""value"", ""status"": ""SOURCE"", ""value"": 18.7}, {""required"": true, ""slot"": ""unit"", ""status"": ""SOURCE"", ""value"": ""%""}, {""required"": true, ""slot"": ""time"", ""status"": ""SOURCE"", ""value"": ""2024""}, {""required"": false, ""slot"": ""frequency"", ""status"": ""SOURCE"", ""value"": ""Y""}, {""required"": false, ""slot"": ""region"", ""status"": ""SOURCE"", ""value"": ""전국""}, {""required"": false, ""slot"": ""population"", ""status"": ""NOT_APPLICABLE"", ""value"": null}, {""required"": false, ""slot"": ""dimension"", ""status"": ""SOURCE"", ""value"": {""raw"": ""{\""교역상대국\"": [\""미국\""]}""}}, {""required"": true, ""slot"": ""comparison"", ""status"": ""SOURCE"", ""value"": {""denominator"": ""우리나라 총수출액"", ""denominator_member"": ""전체"", ""numerator"": ""대미 수출액"", ""type"": ""SHARE_OF_TOTAL""}}, {""required"": true, ""slot"": ""calculation"", ""status"": ""SOURCE"", ""value"": ""SHARE""}, {""required"": false, ""slot"": ""condition"", ""status"": ""SOURCE"", ""value"": {""trade_claim_role"": ""COUNTRY_SHARE""}}, {""required"": false, ""slot"": ""source_hint"", ""status"": ""NOT_APPLICABLE"", ""value"": null}], ""reason_codes"": []}","[{""attempt"": 1, ""child_claim_id"": ""claim_4aaab47fc083ec5e"", ""code_version"": ""admission-recovery-v3"", ""data_version"": ""claim-schema-v1"", ""finished_at"": ""2026-08-26T02:43:03.701796+00:00"", ""input_hash"": ""bf11fb66252531536a7b310175931532e65fa7d1621d260b58a77ba5c20b8a92"", ""output_ref"": ""claim_4aaab47fc083ec5e"", ""parent_claim_id"": ""A01180_3"", ""reason_code"": null, ""stage"": ""CLAIM_SPLIT"", ""started_at"": ""2026-08-26T02:43:03.701796+00:00"", ""status"": ""PASS""}, {""attempt"": 1, ""child_claim_id"": ""claim_4aaab47fc083ec5e"", ""code_version"": ""admission-recovery-v3"", ""data_version"": ""claim-schema-v1"", ""finished_at"": ""2026-08-26T02:43:03.701796+00:00"", ""input_hash"": ""bf11fb66252531536a7b310175931532e65fa7d1621d260b58a77ba5c20b8a92"", ""output_ref"": ""claim_4aaab47fc083ec5e"", ""parent_claim_id"": ""A01180_3"", ""reason_code"": null, ""stage"": ""CLAIM_PARSE"", ""started_at"": ""2026-08-26T02:43:03.701796+00:00"", ""status"": ""PASS""}]"
A01278_7,1,claim_fd0d4561eadf9399,claim_368ed52c3503daa9,46.1%,다만 지난해 국내총생산(GDP) 대비 국가 채무 비율은 46.1%로 2023년(46.9%)에 비해서는 0.8%포인트 감소했다.,국내총생산(GDP) 대비 국가 채무 비율,46.1,%,2024년,년,대한민국,,null,"{""current_value"": ""46.1"", ""operand_unit"": ""%"", ""reference_period"": ""2023"", ""reference_value"": ""46.9"", ""type"": ""YEAR_OVER_YEAR""}",GROWTH_RATE,"{""direction"": ""DECREASE""}",,AUTO_OK,,MULTI_CLAIM_SPLIT,KOSIS_PIPELINE_ELIGIBLE,HOLD,NO_EVIDENCE_COORDINATE_CANDIDATE,,N,UNDETERMINED,HOLD,NO_EVIDENCE_COORDINATE_CANDIDATE,N,,0,0,"{""canonical_name"": ""국내총생산(GDP) 대비 국가 채무 비율"", ""concept_id"": ""OBSERVED:7e184bde1ea9366b"", ""kosis_search_terms"": [""국내총생산(GDP) 대비 국가 채무 비율""], ""matched_alias"": ""국내총생산(GDP) 대비 국가 채무 비율"", ""standard_key"": ""observed_indicator_7e184bde1ea9366b"", ""status"": ""MATCHED""}",[],[],"{""eligible_for_official_search"": true, ""entries"": [{""required"": true, ""slot"": ""indicator"", ""status"": ""SOURCE"", ""value"": ""국내총생산(GDP) 대비 국가 채무 비율""}, {""required"": true, ""slot"": ""value"", ""status"": ""SOURCE"", ""value"": 46.1}, {""required"": true, ""slot"": ""unit"", ""status"": ""SOURCE"", ""value"": ""%""}, {""required"": true, ""slot"": ""time"", ""status"": ""SOURCE"", ""value"": ""2024년""}, {""required"": false, ""slot"": ""frequency"", ""status"": ""SOURCE"", ""value"": ""년""}, {""required"": false, ""slot"": ""region"", ""status"": ""SOURCE"", ""value"": ""대한민국""}, {""required"": false, ""slot"": ""population"", ""status"": ""NOT_APPLICABLE"", ""value"": null}, {""required"": false, ""slot"": ""dimension"", ""status"": ""NOT_APPLICABLE"", ""value"": null}, {""required"": true, ""slot"": ""comparison"", ""status"": ""SOURCE"", ""value"": {""current_value"": ""46.1"", ""operand_unit"": ""%"", ""reference_period"": ""2023"", ""reference_value"": ""46.9"", ""type"": ""YEAR_OVER_YEAR""}}, {""required"": true, ""slot"": ""calculation"", ""status"": ""SOURCE"", ""value"": ""GROWTH_RATE""}, {""required"": true, ""slot"": ""condition"", ""status"": ""SOURCE"", ""value"": {""direction"": ""DECREASE""}}, {""required"": false, ""slot"": ""source_hint"", ""status"": ""NOT_APPLICABLE"", ""value"": null}], ""reason_codes"": []}","[{""attempt"": 1, ""child_claim_id"": ""claim_368ed52c3503daa9"", ""code_version"": ""admission-recovery-v3"", ""data_version"": ""claim-schema-v1"", ""finished_at"": ""2026-08-26T02:43:11.456434+00:00"", ""input_hash"": ""673df38ff355b75a184d03277c5188874f2e9d44f122badc0e549f4568282ceb"", ""output_ref"": ""claim_368ed52c3503daa9"", ""parent_claim_id"": ""A01278_7"", ""reason_code"": null, ""stage"": ""CLAIM_SPLIT"", ""started_at"": ""2026-08-26T02:43:11.456434+00:00"", ""status"": ""PASS""}, {""attempt"": 1, ""child_claim_id"": ""claim_368ed52c3503daa9"", ""code_version"": ""admission-recovery-v3"", ""data_version"": ""claim-schema-v1"", ""finished_at"": ""2026-08-26T02:43:11.456434+00:00"", ""input_hash"": ""673df38ff355b75a184d03277c5188874f2e9d44f122badc0e549f4568282ceb"", ""output_ref"": ""claim_368ed52c3503daa9"", ""parent_claim_id"": ""A01278_7"", ""reason_code"": null, ""stage"": ""CLAIM_PARSE"", ""started_at"": ""2026-08-26T02:43:11.456434+00:00"", ""status"": ""PASS""}]"
A01285_1,1,claim_cafe56bb76521bbb,claim_61cd0ae34c857afe,7%,지난달 청년 실업률이 7% 중반까지 치솟아 코로나 대유행으로 실업률이 10%까지 치솟았던 2021년 이후 4년 만에 가장 높았다.,실업률,7.0,%,지난달,MONTHLY,,청년,"{""age_group"": ""청년""}","{""reference_period"": ""2021"", ""reference_unit"": ""%"", ""reference_value"": ""10"", ""type"": ""HIGHEST_SINCE""}",DIRECT_VALUE,"{""direction"": ""INCREASE""}",,HOLD,"중심 수치가 '7% 중반'으로 정확한 단일 수치가 아니며, 10%는 2021년 당시의 역사적 참고값으로 현재 수치와 직접 비교할 수 없음",MULTI_CLAIM_SPLIT,STRUCTURAL_HOLD,HUMAN_REVIEW,"중심 수치가 '7% 중반'으로 정확한 단일 수치가 아니며, 10%는 2021년 당시의 역사적 참고값으로 현재 수치와 직접 비교할 수 없음",,N,,,,N,,0,0,null,[],[],"{""eligible_for_official_search"": true, ""entries"": [{""required"": true, ""slot"": ""indicator"", ""status"": ""SOURCE"", ""value"": ""실업률""}, {""required"": true, ""slot"": ""value"", ""status"": ""SOURCE"", ""value"": 7.0}, {""required"": true, ""slot"": ""unit"", ""status"": ""SOURCE"", ""value"": ""%""}, {""required"": true, ""slot"": ""time"", ""status"": ""SOURCE"", ""value"": ""지난달""}, {""required"": false, ""slot"": ""frequency"", ""status"": ""SOURCE"", ""value"": ""MONTHLY""}, {""required"": false, ""slot"": ""region"", ""status"": ""NOT_APPLICABLE"", ""value"": null}, {""required"": false, ""slot"": ""population"", ""status"": ""SOURCE"", ""value"": ""청년""}, {""required"": false, ""slot"": ""dimension"", ""status"": ""SOURCE"", ""value"": {""age_group"": ""청년""}}, {""required"": false, ""slot"": ""comparison"", ""status"": ""SOURCE"", ""value"": {""reference_period"": ""2021"", ""reference_unit"": ""%"", ""reference_value"": ""10"", ""type"": ""HIGHEST_SINCE""}}, {""required"": true, ""slot"": ""calculation"", ""status"": ""SOURCE"", ""value"": ""DIRECT_VALUE""}, {""required"": false, ""slot"": ""condition"", ""status"": ""SOURCE"", ""value"": {""direction"": ""INCREASE""}}, {""required"": false, ""slot"": ""source_hint"", ""status"": ""NOT_APPLICABLE"", ""value"": null}], ""reason_codes"": []}","[{""attempt"": 1, ""child_claim_id"": ""claim_61cd0ae34c857afe"", ""code_version"": ""admission-recovery-v3"", ""data_version"": ""claim-schema-v1"", ""finished_at"": ""2026-08-26T02:43:22.997698+00:00"", ""input_hash"": ""f0e430837cf9868264b9909d23b8915a30cd80fa2f6998fd49ac7122ed4a3d05"", ""output_ref"": ""claim_61cd0ae34c857afe"", ""parent_claim_id"": ""A01285_1"", ""reason_code"": null, ""stage"": ""CLAIM_SPLIT"", ""started_at"": ""2026-08-26T02:43:22.997698+00:00"", ""status"": ""PASS""}, {""attempt"": 1, ""child_claim_id"": ""claim_61cd0ae34c857afe"", ""code_version"": ""admission-recovery-v3"", ""data_version"": ""claim-schema-v1"", ""finished_at"": ""2026-08-26T02:43:22.997698+00:00"", ""input_hash"": ""f0e430837cf9868264b9909d23b8915a30cd80fa2f6998fd49ac7122ed4a3d05"", ""output_ref"": ""claim_61cd0ae34c857afe"", ""parent_claim_id"": ""A01285_1"", ""reason_code"": ""중심 수치가 '7% 중반'으로 정확한 단일 수치가 아니며, 10%는 2021년 당시의 역사적 참고값으로 현재 수치와 직접 비교할 수 없음"", ""stage"": ""CLAIM_PARSE"", ""started_at"": ""2026-08-26T02:43:22.997698+00:00"", ""status"": ""HUMAN_REVIEW""}]"
A01285_7,1,claim_394eebc6bf25b4a8,claim_fd4e7175639c14c6,20만6000명,하지만 청년층(15~29세) 취업자는 20만6000명 줄어 비상계엄이 터진 작년 12월부터 4개월 연속 20만명대 감소세를 기록했다.,취업자,206000.0,명,2025년 3월,월,,청년층 취업자,"{""age"": ""15~29세""}","{""duration"": ""4개월"", ""range"": ""20만명대"", ""reference_period"": ""2024-12"", ""type"": ""CONSECUTIVE_MONTHS""}",DIRECT_VALUE,"{""direction"": ""DECREASE""}",,AUTO_OK,청년층(15~29세) 취업자의 월간 감소폭 20만6000명과 2024년 12월부터 4개월 연속 감소세라는 기간 조건이 명확하다.,MULTI_CLAIM_SPLIT,KOSIS_PIPELINE_ELIGIBLE,AUTO,OUTSIDE_TOLERANCE,,N,MISMATCH,AUTO,OUTSIDE_TOLERANCE,Y,3569300.0,1,1,"{""canonical_name"": ""취업자 수"", ""concept_id"": ""C000008"", ""kosis_search_terms"": [""경제활동인구조사 취업자"", ""산업별 취업자""], ""matched_alias"": ""취업자"", ""standard_key"": ""employment_count"", ""status"": ""MATCHED""}","[{""canonical_key"": ""ORG=101|TBL=DT_1DA7002S|ITM=T30|OBJ=G|MEMBER=15 - 29세|PRD_SE=월|PRD_DE=2025-03"", ""dimension_codes"": {""G"": ""75""}, ""dimension_members"": {""G"": ""15 - 29세""}, ""itm_id"": ""T30"", ""member_code"": ""15 - 29세"", ""obj_id"": ""G"", ""org_id"": ""101"", ""prd_de"": ""2025-03"", ""prd_se"": ""월"", ""status"": ""CONFIRMED"", ""tbl_id"": ""DT_1DA7002S"", ""unit"": ""천명""}]","[{""content_hash"": ""5812e5d46d91880be5a8828b92ccbeffdc51f676cfae51ff1ca51ef218c5e9bd"", ""evidence_key"": ""ORG=101|TBL=DT_1DA7002S|ITM=T30|OBJ=G|MEMBER=15 - 29세|PRD_SE=월|PRD_DE=2025-03"", ""publication"": {""content_hash"": ""4941d7c7ceb7987d962ed7cef4b6bbef058e4c86d6ad868b2d72d51560f5a3ee"", ""coverage_end_period"": null, ""coverage_start_period"": null, ""evidence_scope"": ""PERIOD"", ""pub_date_text"": ""조사기준 월 익월"", ""pub_period"": ""월"", ""publication_method_url"": ""https://www.kostat.go.kr/board.es?act=list&mid=a10301010000&keyField=T&bid=210&keyWord=2025%EB%85%84+3%EC%9B%94+%EA%B3%A0%EC%9A%A9%EB%8F%99%ED%96%A5"", ""published_at"": ""2025-04-09"", ""reference_period"": ""2025-03"", ""retrieved_at"": ""2026-08-26T02:44:31.232566Z"", ""source_url"": ""https://www.kostat.go.kr/board.es?mid=a10301010000&bid=210&act=view&list_no=435969&tag=&nPage=1&ref_bid="", ""status"": ""VERIFIED""}, ""retrieved_at"": ""2026-08-26T02:44:46.192280Z"", ""source"": ""API"", ""source_url"": ""https://kosis.kr/openapi/Param/statisticsParameterData.do?method=getList&orgId=101&tblId=DT_1DA7002S&itmId=T30&prdSe=M&startPrdDe=202503&endPrdDe=202503&objL1=75"", ""value_last_changed_at"": ""2025-03-27""}]","{""eligible_for_official_search"": true, ""entries"": [{""required"": true, ""slot"": ""indicator"", ""status"": ""SOURCE"", ""value"": ""취업자""}, {""required"": true, ""slot"": ""value"", ""status"": ""SOURCE"", ""value"": 206000.0}, {""required"": true, ""slot"": ""unit"", ""status"": ""SOURCE"", ""value"": ""명""}, {""required"": true, ""slot"": ""time"", ""status"": ""SOURCE"", ""value"": ""2025년 3월""}, {""required"": false, ""slot"": ""frequency"", ""status"": ""SOURCE"", ""value"": ""월""}, {""required"": false, ""slot"": ""region"", ""status"": ""NOT_APPLICABLE"", ""value"": null}, {""required"": false, ""slot"": ""population"", ""status"": ""SOURCE"", ""value"": ""청년층 취업자""}, {""required"": false, ""slot"": ""dimension"", ""status"": ""SOURCE"", ""value"": {""age"": ""15~29세""}}, {""required"": false, ""slot"": ""comparison"", ""status"": ""SOURCE"", ""value"": {""duration"": ""4개월"", ""range"": ""20만명대"", ""reference_period"": ""2024-12"", ""type"": ""CONSECUTIVE_MONTHS""}}, {""required"": true, ""slot"": ""calculation"", ""status"": ""SOURCE"", ""value"": ""DIRECT_VALUE""}, {""required"": false, ""slot"": ""condition"", ""status"": ""SOURCE"", ""value"": {""direction"": ""DECREASE""}}, {""required"": false, ""slot"": ""source_hint"", ""status"": ""NOT_APPLICABLE"", ""value"": null}], ""reason_codes"": []}","[{""attempt"": 1, ""child_claim_id"": ""claim_fd4e7175639c14c6"", ""code_version"": ""admission-recovery-v3"", ""data_version"": ""claim-schema-v1"", ""finished_at"": ""2026-08-26T02:44:46.193294+00:00"", ""input_hash"": ""8917d6eeca5a40f2f3418c2ed07097c7998a4d908be5aa0f3f5e8486514d16a9"", ""output_ref"": ""claim_fd4e7175639c14c6"", ""parent_claim_id"": ""A01285_7"", ""reason_code"": null, ""stage"": ""CLAIM_SPLIT"", ""started_at"": ""2026-08-26T02:44:46.193294+00:00"", ""status"": ""PASS""}, {""attempt"": 1, ""child_claim_id"": ""claim_fd4e7175639c14c6"", ""code_version"": ""admission-recovery-v3"", ""data_version"": ""claim-schema-v1"", ""finished_at"": ""2026-08-26T02:44:46.193294+00:00"", ""input_hash"": ""8917d6eeca5a40f2f3418c2ed07097c7998a4d908be5aa0f3f5e8486514d16a9"", ""output_ref"": ""claim_fd4e7175639c14c6"", ""parent_claim_id"": ""A01285_7"", ""reason_code"": null, ""stage"": ""CLAIM_PARSE"", ""started_at"": ""2026-08-26T02:44:46.193294+00:00"", ""status"": ""PASS""}]"
A01359_5,1,claim_e14952291591b135,claim_b9c45a8c91180211,-6만명,"25~34세 취업자는 코로나가 시작된 지난 2020년 2분기(-6만명)부터 2021년 1분기(-5만4000명)까지 줄다, 2021년 2분기(9만5000명)부터 작년 4분기(2000명)까지 늘었다.",25~34세 취업자 증감,-60000.0,명,2020년 2분기,분기,,25~34세 취업자,"{""연령"": ""25~34세""}","{""latest_period"": ""2024년 4분기"", ""latest_value"": ""2000명"", ""reference_period"": ""2021년 1분기"", ""reference_value"": ""-54000명"", ""subsequent_period"": ""2021년 2분기"", ""subsequent_value"": ""95000명""}",DIRECT_VALUE,null,,HOLD,문장에 서로 다른 기간의 증감 수치가 여러 개 포함되어 있어 독립적으로 검증 가능한 단일 주장으로 확정하기 어렵습니다.,MULTI_CLAIM_SPLIT,STRUCTURAL_HOLD,HUMAN_REVIEW,문장에 서로 다른 기간의 증감 수치가 여러 개 포함되어 있어 독립적으로 검증 가능한 단일 주장으로 확정하기 어렵습니다.,,N,,,,N,,0,0,null,[],[],"{""eligible_for_official_search"": true, ""entries"": [{""required"": true, ""slot"": ""indicator"", ""status"": ""SOURCE"", ""value"": ""25~34세 취업자 증감""}, {""required"": true, ""slot"": ""value"", ""status"": ""SOURCE"", ""value"": -60000.0}, {""required"": true, ""slot"": ""unit"", ""status"": ""SOURCE"", ""value"": ""명""}, {""required"": true, ""slot"": ""time"", ""status"": ""SOURCE"", ""value"": ""2020년 2분기""}, {""required"": false, ""slot"": ""frequency"", ""status"": ""SOURCE"", ""value"": ""분기""}, {""required"": false, ""slot"": ""region"", ""status"": ""NOT_APPLICABLE"", ""value"": null}, {""required"": false, ""slot"": ""population"", ""status"": ""SOURCE"", ""value"": ""25~34세 취업자""}, {""required"": false, ""slot"": ""dimension"", ""status"": ""SOURCE"", ""value"": {""연령"": ""25~34세""}}, {""required"": false, ""slot"": ""comparison"", ""status"": ""SOURCE"", ""value"": {""latest_period"": ""2024년 4분기"", ""latest_value"": ""2000명"", ""reference_period"": ""2021년 1분기"", ""reference_value"": ""-54000명"", ""subsequent_period"": ""2021년 2분기"", ""subsequent_value"": ""95000명""}}, {""required"": true, ""slot"": ""calculation"", ""status"": ""SOURCE"", ""value"": ""DIRECT_VALUE""}, {""required"": false, ""slot"": ""condition"", ""status"": ""NOT_APPLICABLE"", ""value"": null}, {""required"": false, ""slot"": ""source_hint"", ""status"": ""NOT_APPLICABLE"", ""value"": null}], ""reason_codes"": []}","[{""attempt"": 1, ""child_claim_id"": ""claim_b9c45a8c91180211"", ""code_version"": ""admission-recovery-v3"", ""data_version"": ""claim-schema-v1"", ""finished_at"": ""2026-08-26T02:44:58.464513+00:00"", ""input_hash"": ""a0273bafb92daf8646bd86f5ed542a6b95079618b70d0e4890d753bcd02c6ac7"", ""output_ref"": ""claim_b9c45a8c91180211"", ""parent_claim_id"": ""A01359_5"", ""reason_code"": null, ""stage"": ""CLAIM_SPLIT"", ""started_at"": ""2026-08-26T02:44:58.464513+00:00"", ""status"": ""PASS""}, {""attempt"": 1, ""child_claim_id"": ""claim_b9c45a8c91180211"", ""code_version"": ""admission-recovery-v3"", ""data_version"": ""claim-schema-v1"", ""finished_at"": ""2026-08-26T02:44:58.464513+00:00"", ""input_hash"": ""a0273bafb92daf8646bd86f5ed542a6b95079618b70d0e4890d753bcd02c6ac7"", ""output_ref"": ""claim_b9c45a8c91180211"", ""parent_claim_id"": ""A01359_5"", ""reason_code"": ""문장에 서로 다른 기간의 증감 수치가 여러 개 포함되어 있어 독립적으로 검증 가능한 단일 주장으로 확정하기 어렵습니다."", ""stage"": ""CLAIM_PARSE"", ""started_at"": ""2026-08-26T02:44:58.464513+00:00"", ""status"": ""HUMAN_REVIEW""}]"
A01359_7,1,claim_bf069e7a5b2482e3,claim_724b3e6de2681b66,697만6000명,"지난 1분기 25~34세 인구는 697만6000명으로, 작년 1분기(697만7000명)와 비슷했다.",인구,6976000.0,명,2025년 1분기,분기,,25~34세 인구,"{""age"": ""25~34세""}","{""reference_period"": ""작년 1분기"", ""reference_value"": ""6977000"", ""relation"": ""SIMILAR"", ""type"": ""YEAR_OVER_YEAR""}",DIRECT_VALUE,null,,AUTO_OK,,MULTI_CLAIM_SPLIT,KOSIS_PIPELINE_ELIGIBLE,HOLD,NO_HARD_GUARD_CANDIDATE,,N,UNDETERMINED,HOLD,NO_HARD_GUARD_CANDIDATE,N,,0,0,"{""canonical_name"": ""인구"", ""concept_id"": ""OBSERVED:e828a2c8cae28d1d"", ""kosis_search_terms"": [""인구""], ""matched_alias"": ""인구"", ""standard_key"": ""observed_indicator_e828a2c8cae28d1d"", ""status"": ""MATCHED""}",[],[],"{""eligible_for_official_search"": true, ""entries"": [{""required"": true, ""slot"": ""indicator"", ""status"": ""SOURCE"", ""value"": ""인구""}, {""required"": true, ""slot"": ""value"", ""status"": ""SOURCE"", ""value"": 6976000.0}, {""required"": true, ""slot"": ""unit"", ""status"": ""SOURCE"", ""value"": ""명""}, {""required"": true, ""slot"": ""time"", ""status"": ""SOURCE"", ""value"": ""2025년 1분기""}, {""required"": false, ""slot"": ""frequency"", ""status"": ""SOURCE"", ""value"": ""분기""}, {""required"": false, ""slot"": ""region"", ""status"": ""NOT_APPLICABLE"", ""value"": null}, {""required"": false, ""slot"": ""population"", ""status"": ""SOURCE"", ""value"": ""25~34세 인구""}, {""required"": false, ""slot"": ""dimension"", ""status"": ""SOURCE"", ""value"": {""age"": ""25~34세""}}, {""required"": false, ""slot"": ""comparison"", ""status"": ""SOURCE"", ""value"": {""reference_period"": ""작년 1분기"", ""reference_value"": ""6977000"", ""relation"": ""SIMILAR"", ""type"": ""YEAR_OVER_YEAR""}}, {""required"": true, ""slot"": ""calculation"", ""status"": ""SOURCE"", ""value"": ""DIRECT_VALUE""}, {""required"": false, ""slot"": ""condition"", ""status"": ""NOT_APPLICABLE"", ""value"": null}, {""required"": false, ""slot"": ""source_hint"", ""status"": ""NOT_APPLICABLE"", ""value"": null}], ""reason_codes"": []}","[{""attempt"": 1, ""child_claim_id"": ""claim_724b3e6de2681b66"", ""code_version"": ""admission-recovery-v3"", ""data_version"": ""claim-schema-v1"", ""finished_at"": ""2026-08-26T02:45:41.255534+00:00"", ""input_hash"": ""f0b31b5d5656369eb288d31e48550f854861031abc1dc5be51d2238336de750d"", ""output_ref"": ""claim_724b3e6de2681b66"", ""parent_claim_id"": ""A01359_7"", ""reason_code"": null, ""stage"": ""CLAIM_SPLIT"", ""started_at"": ""2026-08-26T02:45:41.255534+00:00"", ""status"": ""PASS""}, {""attempt"": 1, ""child_claim_id"": ""claim_724b3e6de2681b66"", ""code_version"": ""admission-recovery-v3"", ""data_version"": ""claim-schema-v1"", ""finished_at"": ""2026-08-26T02:45:41.255534+00:00"", ""input_hash"": ""f0b31b5d5656369eb288d31e48550f854861031abc1dc5be51d2238336de750d"", ""output_ref"": ""claim_724b3e6de2681b66"", ""parent_claim_id"": ""A01359_7"", ""reason_code"": null, ""stage"": ""CLAIM_PARSE"", ""started_at"": ""2026-08-26T02:45:41.255534+00:00"", ""status"": ""PASS""}]"
A01385_2,1,claim_ac272991918f1c8e,claim_72c85541d0c9a7f3,99만9000가구,국내 농가 수는 지난 2023년 99만9000가구를 기록하며 처음으로 100만 가구 아래로 떨어진 이후 하락세가 지속되고 있다.,농가 수,999000.0,가구,2023,연간,국내,농가,null,"{""comparison_type"": ""BELOW"", ""reference_period"": ""2023년 이전"", ""reference_value"": ""1000000""}",DIRECT_VALUE,"{""direction"": ""DECREASE"", ""operator"": ""LT"", ""threshold_unit"": ""가구"", ""threshold_value"": ""1000000""}",,AUTO_OK,,MULTI_CLAIM_SPLIT,KOSIS_PIPELINE_ELIGIBLE,HOLD,AS_OF_UNAVAILABLE,,N,UNDETERMINED,HOLD,AS_OF_UNAVAILABLE,N,,1,1,"{""canonical_name"": ""농가 수"", ""concept_id"": ""C000002"", ""kosis_search_terms"": [], ""matched_alias"": ""농가 수"", ""standard_key"": ""farm_household_count"", ""status"": ""MATCHED""}","[{""canonical_key"": ""ORG=101|TBL=DT_1EA1038|ITM=T00|OBJ=A|MEMBER=전국|PRD_SE=년|PRD_DE=2023"", ""dimension_codes"": {""A"": ""000""}, ""dimension_members"": {""A"": ""전국""}, ""itm_id"": ""T00"", ""member_code"": ""전국"", ""obj_id"": ""A"", ""org_id"": ""101"", ""prd_de"": ""2023"", ""prd_se"": ""년"", ""status"": ""CONFIRMED"", ""tbl_id"": ""DT_1EA1038"", ""unit"": ""가구""}]","[{""content_hash"": ""549c95750bc55bd5b9a3447b39105e263542315a23a0ec2b5599dffc34a9ff56"", ""evidence_key"": ""ORG=101|TBL=DT_1EA1038|ITM=T00|OBJ=A|MEMBER=전국|PRD_SE=년|PRD_DE=2023"", ""publication"": {""content_hash"": ""461a7cdc50d37c9455b7b21880249432486a921a5d55ab35fd617535ac095f5a"", ""coverage_end_period"": null, ""coverage_start_period"": null, ""evidence_scope"": ""PERIOD"", ""pub_date_text"": null, ""pub_period"": null, ""publication_method_url"": null, ""published_at"": null, ""reference_period"": null, ""retrieved_at"": ""2026-08-26T02:46:10.359276Z"", ""source_url"": ""https://kosis.kr/openapi/statisticsExplData.do?method=getList&format=json&jsonVD=Y&orgId=101&tblId=DT_1EA1038&metaItm=All"", ""status"": ""UNRESOLVED""}, ""retrieved_at"": ""2026-08-26T02:46:08.625320Z"", ""source"": ""API"", ""source_url"": ""https://kosis.kr/openapi/Param/statisticsParameterData.do?method=getList&orgId=101&tblId=DT_1EA1038&itmId=T00&prdSe=Y&startPrdDe=2023&endPrdDe=2023&objL1=000"", ""value_last_changed_at"": null}]","{""eligible_for_official_search"": true, ""entries"": [{""required"": true, ""slot"": ""indicator"", ""status"": ""SOURCE"", ""value"": ""농가 수""}, {""required"": true, ""slot"": ""value"", ""status"": ""SOURCE"", ""value"": 999000.0}, {""required"": true, ""slot"": ""unit"", ""status"": ""SOURCE"", ""value"": ""가구""}, {""required"": true, ""slot"": ""time"", ""status"": ""SOURCE"", ""value"": ""2023""}, {""required"": false, ""slot"": ""frequency"", ""status"": ""SOURCE"", ""value"": ""연간""}, {""required"": false, ""slot"": ""region"", ""status"": ""SOURCE"", ""value"": ""국내""}, {""required"": false, ""slot"": ""population"", ""status"": ""SOURCE"", ""value"": ""농가""}, {""required"": false, ""slot"": ""dimension"", ""status"": ""NOT_APPLICABLE"", ""value"": null}, {""required"": false, ""slot"": ""comparison"", ""status"": ""SOURCE"", ""value"": {""comparison_type"": ""BELOW"", ""reference_period"": ""2023년 이전"", ""reference_value"": ""1000000""}}, {""required"": true, ""slot"": ""calculation"", ""status"": ""SOURCE"", ""value"": ""DIRECT_VALUE""}, {""required"": false, ""slot"": ""condition"", ""status"": ""SOURCE"", ""value"": {""direction"": ""DECREASE"", ""operator"": ""LT"", ""threshold_unit"": ""가구"", ""threshold_value"": ""1000000""}}, {""required"": false, ""slot"": ""source_hint"", ""status"": ""NOT_APPLICABLE"", ""value"": null}], ""reason_codes"": []}","[{""attempt"": 1, ""child_claim_id"": ""claim_72c85541d0c9a7f3"", ""code_version"": ""admission-recovery-v3"", ""data_version"": ""claim-schema-v1"", ""finished_at"": ""2026-08-26T02:46:10.360276+00:00"", ""input_hash"": ""efd870c2ddb57ed61c6f43010a134479b63c83eb390dea48b6cfe5af433611f7"", ""output_ref"": ""claim_72c85541d0c9a7f3"", ""parent_claim_id"": ""A01385_2"", ""reason_code"": null, ""stage"": ""CLAIM_SPLIT"", ""started_at"": ""2026-08-26T02:46:10.360276+00:00"", ""status"": ""PASS""}, {""attempt"": 1, ""child_claim_id"": ""claim_72c85541d0c9a7f3"", ""code_version"": ""admission-recovery-v3"", ""data_version"": ""claim-schema-v1"", ""finished_at"": ""2026-08-26T02:46:10.360276+00:00"", ""input_hash"": ""efd870c2ddb57ed61c6f43010a134479b63c83eb390dea48b6cfe5af433611f7"", ""output_ref"": ""claim_72c85541d0c9a7f3"", ""parent_claim_id"": ""A01385_2"", ""reason_code"": null, ""stage"": ""CLAIM_PARSE"", ""started_at"": ""2026-08-26T02:46:10.360276+00:00"", ""status"": ""PASS""}]"
A01385_5,1,claim_a3d2eacdeae596da,claim_755cd4e2f52b3da2,197만3000가구,"전국 농가 수는 1970년 약 248만3000가구였지만, 1984년 약 197만 3000가구로 처음 200만 가구 아래로 떨어진 뒤 2023년에는 100만 가구 선도 깨졌다.",농가 수,1973000.0,가구,1984년,연간,전국,농가,null,"{""reference_period"": ""1970년"", ""reference_value"": ""2483000""}",DIRECT_VALUE,"{""direction"": ""DECREASE"", ""operator"": ""LT"", ""threshold_unit"": ""가구"", ""threshold_value"": ""2000000""}",,AUTO_OK,,MULTI_CLAIM_SPLIT,KOSIS_PIPELINE_ELIGIBLE,HOLD,NO_HARD_GUARD_CANDIDATE,,N,UNDETERMINED,HOLD,NO_HARD_GUARD_CANDIDATE,N,,0,0,"{""canonical_name"": ""농가 수"", ""concept_id"": ""C000002"", ""kosis_search_terms"": [], ""matched_alias"": ""농가 수"", ""standard_key"": ""farm_household_count"", ""status"": ""MATCHED""}",[],[],"{""eligible_for_official_search"": true, ""entries"": [{""required"": true, ""slot"": ""indicator"", ""status"": ""SOURCE"", ""value"": ""농가 수""}, {""required"": true, ""slot"": ""value"", ""status"": ""SOURCE"", ""value"": 1973000.0}, {""required"": true, ""slot"": ""unit"", ""status"": ""SOURCE"", ""value"": ""가구""}, {""required"": true, ""slot"": ""time"", ""status"": ""SOURCE"", ""value"": ""1984년""}, {""required"": false, ""slot"": ""frequency"", ""status"": ""SOURCE"", ""value"": ""연간""}, {""required"": false, ""slot"": ""region"", ""status"": ""SOURCE"", ""value"": ""전국""}, {""required"": false, ""slot"": ""population"", ""status"": ""SOURCE"", ""value"": ""농가""}, {""required"": false, ""slot"": ""dimension"", ""status"": ""NOT_APPLICABLE"", ""value"": null}, {""required"": false, ""slot"": ""comparison"", ""status"": ""SOURCE"", ""value"": {""reference_period"": ""1970년"", ""reference_value"": ""2483000""}}, {""required"": true, ""slot"": ""calculation"", ""status"": ""SOURCE"", ""value"": ""DIRECT_VALUE""}, {""required"": false, ""slot"": ""condition"", ""status"": ""SOURCE"", ""value"": {""direction"": ""DECREASE"", ""operator"": ""LT"", ""threshold_unit"": ""가구"", ""threshold_value"": ""2000000""}}, {""required"": false, ""slot"": ""source_hint"", ""status"": ""NOT_APPLICABLE"", ""value"": null}], ""reason_codes"": []}","[{""attempt"": 1, ""child_claim_id"": ""claim_755cd4e2f52b3da2"", ""code_version"": ""admission-recovery-v3"", ""data_version"": ""claim-schema-v1"", ""finished_at"": ""2026-08-26T02:46:20.338656+00:00"", ""input_hash"": ""9f784e49db5da742a7f2d7eb4a3a04dff728ab532e6575f210fb88a8dff6fb37"", ""output_ref"": ""claim_755cd4e2f52b3da2"", ""parent_claim_id"": ""A01385_5"", ""reason_code"": null, ""stage"": ""CLAIM_SPLIT"", ""started_at"": ""2026-08-26T02:46:20.338656+00:00"", ""status"": ""PASS""}, {""attempt"": 1, ""child_claim_id"": ""claim_755cd4e2f52b3da2"", ""code_version"": ""admission-recovery-v3"", ""data_version"": ""claim-schema-v1"", ""finished_at"": ""2026-08-26T02:46:20.338656+00:00"", ""input_hash"": ""9f784e49db5da742a7f2d7eb4a3a04dff728ab532e6575f210fb88a8dff6fb37"", ""output_ref"": ""claim_755cd4e2f52b3da2"", ""parent_claim_id"": ""A01385_5"", ""reason_code"": null, ""stage"": ""CLAIM_PARSE"", ""started_at"": ""2026-08-26T02:46:20.338656+00:00"", ""status"": ""PASS""}]"
A01438_17,1,claim_86c3569ecb965994,claim_6067fc06fab3688b,3%,"우리나라 잠재성장률은 2000년대 초반만 해도 5% 안팎이었는데, 2010년대 3%대 초·중반으로 떨어졌다.",잠재성장률,3.0,%,2010년대,decade,대한민국,,null,"{""reference_period"": ""2000년대 초반"", ""reference_qualifier"": ""안팎"", ""reference_unit"": ""%"", ""reference_value"": ""5"", ""type"": ""PERIOD_OVER_PERIOD_DECREASE""}",DIRECT_VALUE,"{""direction"": ""DECREASE""}",,HOLD,"2010년대 수치가 '3%대 초·중반'으로 범위 표현되어 정확한 단일 수치로 확정하기 어렵지만, 중심 수치 3%와 2000년대 초반의 5% 안팎 비교를 보존함",MULTI_CLAIM_SPLIT,STRUCTURAL_HOLD,HUMAN_REVIEW,"2010년대 수치가 '3%대 초·중반'으로 범위 표현되어 정확한 단일 수치로 확정하기 어렵지만, 중심 수치 3%와 2000년대 초반의 5% 안팎 비교를 보존함",,N,,,,N,,0,0,null,[],[],"{""eligible_for_official_search"": true, ""entries"": [{""required"": true, ""slot"": ""indicator"", ""status"": ""SOURCE"", ""value"": ""잠재성장률""}, {""required"": true, ""slot"": ""value"", ""status"": ""SOURCE"", ""value"": 3.0}, {""required"": true, ""slot"": ""unit"", ""status"": ""SOURCE"", ""value"": ""%""}, {""required"": true, ""slot"": ""time"", ""status"": ""SOURCE"", ""value"": ""2010년대""}, {""required"": false, ""slot"": ""frequency"", ""status"": ""SOURCE"", ""value"": ""decade""}, {""required"": false, ""slot"": ""region"", ""status"": ""SOURCE"", ""value"": ""대한민국""}, {""required"": false, ""slot"": ""population"", ""status"": ""NOT_APPLICABLE"", ""value"": null}, {""required"": false, ""slot"": ""dimension"", ""status"": ""NOT_APPLICABLE"", ""value"": null}, {""required"": false, ""slot"": ""comparison"", ""status"": ""SOURCE"", ""value"": {""reference_period"": ""2000년대 초반"", ""reference_qualifier"": ""안팎"", ""reference_unit"": ""%"", ""reference_value"": ""5"", ""type"": ""PERIOD_OVER_PERIOD_DECREASE""}}, {""required"": true, ""slot"": ""calculation"", ""status"": ""SOURCE"", ""value"": ""DIRECT_VALUE""}, {""required"": false, ""slot"": ""condition"", ""status"": ""SOURCE"", ""value"": {""direction"": ""DECREASE""}}, {""required"": false, ""slot"": ""source_hint"", ""status"": ""NOT_APPLICABLE"", ""value"": null}], ""reason_codes"": []}","[{""attempt"": 1, ""child_claim_id"": ""claim_6067fc06fab3688b"", ""code_version"": ""admission-recovery-v3"", ""data_version"": ""claim-schema-v1"", ""finished_at"": ""2026-08-26T02:46:29.824096+00:00"", ""input_hash"": ""ed64f3f5f3d22b451af2e7f91063f0f5b7cac0f4710e07b35950192b7fffc995"", ""output_ref"": ""claim_6067fc06fab3688b"", ""parent_claim_id"": ""A01438_17"", ""reason_code"": null, ""stage"": ""CLAIM_SPLIT"", ""started_at"": ""2026-08-26T02:46:29.824096+00:00"", ""status"": ""PASS""}, {""attempt"": 1, ""child_claim_id"": ""claim_6067fc06fab3688b"", ""code_version"": ""admission-recovery-v3"", ""data_version"": ""claim-schema-v1"", ""finished_at"": ""2026-08-26T02:46:29.824096+00:00"", ""input_hash"": ""ed64f3f5f3d22b451af2e7f91063f0f5b7cac0f4710e07b35950192b7fffc995"", ""output_ref"": ""claim_6067fc06fab3688b"", ""parent_claim_id"": ""A01438_17"", ""reason_code"": ""2010년대 수치가 '3%대 초·중반'으로 범위 표현되어 정확한 단일 수치로 확정하기 어렵지만, 중심 수치 3%와 2000년대 초반의 5% 안팎 비교를 보존함"", ""stage"": ""CLAIM_PARSE"", ""started_at"": ""2026-08-26T02:46:29.824096+00:00"", ""status"": ""HUMAN_REVIEW""}]"
A01480_2,1,claim_6b5c6fa3d513f214,claim_504f5639b2e81aa0,-0.2%,지난해 2분기 이후 분기별 실질 국내총생산(GDP) 성장률이 ‘-0.2%→0.1%→0.1%→-0.2%’로 떨어지면서 지난 1년간 우리나라 성장이 사실상 ‘마이너스(-) 성장’을 나타낸 것이다.,실질 국내총생산(GDP) 성장률,-0.2,%,2025년 1분기,분기,대한민국,,"{""계절조정"": ""분기별""}","{""reference_period"": ""2024년 4분기"", ""reference_value"": ""0.1"", ""type"": ""QUARTER_OVER_QUARTER""}",GROWTH_RATE,"{""direction"": ""DECREASE""}",,AUTO_OK,지난해 2분기부터 2025년 1분기까지 이어지는 네 개의 분기별 수치가 제시되어 마지막 수치인 -0.2%를 단일 목표값으로 구조화할 수 있다.,MULTI_CLAIM_SPLIT,KOSIS_PIPELINE_ELIGIBLE,HOLD,NO_HARD_GUARD_CANDIDATE,,N,UNDETERMINED,HOLD,NO_HARD_GUARD_CANDIDATE,N,,0,0,"{""canonical_name"": ""실질 국내총생산(GDP) 성장률"", ""concept_id"": ""OBSERVED:8046e4f458dd030c"", ""kosis_search_terms"": [""실질 국내총생산(GDP) 성장률""], ""matched_alias"": ""실질 국내총생산(GDP) 성장률"", ""standard_key"": ""observed_indicator_8046e4f458dd030c"", ""status"": ""MATCHED""}",[],[],"{""eligible_for_official_search"": true, ""entries"": [{""required"": true, ""slot"": ""indicator"", ""status"": ""SOURCE"", ""value"": ""실질 국내총생산(GDP) 성장률""}, {""required"": true, ""slot"": ""value"", ""status"": ""SOURCE"", ""value"": -0.2}, {""required"": true, ""slot"": ""unit"", ""status"": ""SOURCE"", ""value"": ""%""}, {""required"": true, ""slot"": ""time"", ""status"": ""SOURCE"", ""value"": ""2025년 1분기""}, {""required"": false, ""slot"": ""frequency"", ""status"": ""SOURCE"", ""value"": ""분기""}, {""required"": false, ""slot"": ""region"", ""status"": ""SOURCE"", ""value"": ""대한민국""}, {""required"": false, ""slot"": ""population"", ""status"": ""NOT_APPLICABLE"", ""value"": null}, {""required"": false, ""slot"": ""dimension"", ""status"": ""SOURCE"", ""value"": {""계절조정"": ""분기별""}}, {""required"": true, ""slot"": ""comparison"", ""status"": ""SOURCE"", ""value"": {""reference_period"": ""2024년 4분기"", ""reference_value"": ""0.1"", ""type"": ""QUARTER_OVER_QUARTER""}}, {""required"": true, ""slot"": ""calculation"", ""status"": ""SOURCE"", ""value"": ""GROWTH_RATE""}, {""required"": true, ""slot"": ""condition"", ""status"": ""SOURCE"", ""value"": {""direction"": ""DECREASE""}}, {""required"": false, ""slot"": ""source_hint"", ""status"": ""NOT_APPLICABLE"", ""value"": null}], ""reason_codes"": []}","[{""attempt"": 1, ""child_claim_id"": ""claim_504f5639b2e81aa0"", ""code_version"": ""admission-recovery-v3"", ""data_version"": ""claim-schema-v1"", ""finished_at"": ""2026-08-26T02:46:56.075225+00:00"", ""input_hash"": ""804d3ed28cca9b534fb3c90a20939d41de8254d94256f993642e02456b43ccd0"", ""output_ref"": ""claim_504f5639b2e81aa0"", ""parent_claim_id"": ""A01480_2"", ""reason_code"": null, ""stage"": ""CLAIM_SPLIT"", ""started_at"": ""2026-08-26T02:46:56.075225+00:00"", ""status"": ""PASS""}, {""attempt"": 1, ""child_claim_id"": ""claim_504f5639b2e81aa0"", ""code_version"": ""admission-recovery-v3"", ""data_version"": ""claim-schema-v1"", ""finished_at"": ""2026-08-26T02:46:56.075225+00:00"", ""input_hash"": ""804d3ed28cca9b534fb3c90a20939d41de8254d94256f993642e02456b43ccd0"", ""output_ref"": ""claim_504f5639b2e81aa0"", ""parent_claim_id"": ""A01480_2"", ""reason_code"": null, ""stage"": ""CLAIM_PARSE"", ""started_at"": ""2026-08-26T02:46:56.075225+00:00"", ""status"": ""PASS""}]"
A01480_28,1,claim_d3cfc35992f45b90,A01480_28,0.2%,비상 계엄 파문 이전인 작년... 3분기 연속 제로 성장… 현실이 된 '피크 코리아' -0.2%(2024년 2분기)→0.1%(3분기)→0.1%(4분기) 한국 경제성장률이 3개 분기 연속으로 0% 안팎을 기록했다.,경제성장률,0.2,%,2024-Q2,Q,전국,,null,"{""claimed_operands"": ""[{'raw': '0.1%', 'value': 0.1, 'unit': '%'}, {'raw': '0.1%', 'value': 0.1, 'unit': '%'}, {'raw': '3개', 'value': 3.0, 'unit': '개'}, {'raw': '0%', 'value': 0.0, 'unit': '%'}]""}",DIRECT_VALUE,null,,HOLD,GROUPING_AMBIGUOUS,MULTI_CLAIM_SPLIT,STRUCTURAL_HOLD,HUMAN_REVIEW,GROUPING_AMBIGUOUS,,N,,,,N,,0,0,null,[],[],"{""eligible_for_official_search"": true, ""entries"": [{""required"": true, ""slot"": ""indicator"", ""status"": ""SOURCE"", ""value"": ""경제성장률""}, {""required"": true, ""slot"": ""value"", ""status"": ""SOURCE"", ""value"": 0.2}, {""required"": true, ""slot"": ""unit"", ""status"": ""SOURCE"", ""value"": ""%""}, {""required"": true, ""slot"": ""time"", ""status"": ""SOURCE"", ""value"": ""2024-Q2""}, {""required"": false, ""slot"": ""frequency"", ""status"": ""SOURCE"", ""value"": ""Q""}, {""required"": false, ""slot"": ""region"", ""status"": ""SOURCE"", ""value"": ""전국""}, {""required"": false, ""slot"": ""population"", ""status"": ""NOT_APPLICABLE"", ""value"": null}, {""required"": false, ""slot"": ""dimension"", ""status"": ""NOT_APPLICABLE"", ""value"": null}, {""required"": false, ""slot"": ""comparison"", ""status"": ""SOURCE"", ""value"": {""claimed_operands"": ""[{'raw': '0.1%', 'value': 0.1, 'unit': '%'}, {'raw': '0.1%', 'value': 0.1, 'unit': '%'}, {'raw': '3개', 'value': 3.0, 'unit': '개'}, {'raw': '0%', 'value': 0.0, 'unit': '%'}]""}}, {""required"": true, ""slot"": ""calculation"", ""status"": ""SOURCE"", ""value"": ""DIRECT_VALUE""}, {""required"": false, ""slot"": ""condition"", ""status"": ""NOT_APPLICABLE"", ""value"": null}, {""required"": false, ""slot"": ""source_hint"", ""status"": ""NOT_APPLICABLE"", ""value"": null}], ""reason_codes"": []}","[{""attempt"": 1, ""child_claim_id"": ""A01480_28"", ""code_version"": ""admission-recovery-v3"", ""data_version"": ""claim-schema-v1"", ""finished_at"": ""2026-08-26T02:46:59.846265+00:00"", ""input_hash"": ""c370b5e9b7fb79ac88c2bbcf290a1641876dec6725d77fee4a04432258884385"", ""output_ref"": ""A01480_28"", ""parent_claim_id"": ""A01480_28"", ""reason_code"": null, ""stage"": ""CLAIM_SPLIT"", ""started_at"": ""2026-08-26T02:46:59.846265+00:00"", ""status"": ""PASS""}, {""attempt"": 1, ""child_claim_id"": ""A01480_28"", ""code_version"": ""admission-recovery-v3"", ""data_version"": ""claim-schema-v1"", ""finished_at"": ""2026-08-26T02:46:59.846265+00:00"", ""input_hash"": ""c370b5e9b7fb79ac88c2bbcf290a1641876dec6725d77fee4a04432258884385"", ""output_ref"": ""A01480_28"", ""parent_claim_id"": ""A01480_28"", ""reason_code"": ""GROUPING_AMBIGUOUS"", ""stage"": ""CLAIM_PARSE"", ""started_at"": ""2026-08-26T02:46:59.846265+00:00"", ""status"": ""HUMAN_REVIEW""}]"
A01539_13,1,claim_57da797b1c0ab29f,claim_26d6d5bebe45f2af,3만667달러,"◇반도체로 2만불, 車로 3만불 시대… ‘4만불 엔진’은 안 보여 1만729달러(1994년)→2만162달러(2005년)→3만667달러(2014년). 한국 경제는 1인당 GDP가 1만달러 간격의 허들을 넘을 때마다 확실한 동력을 갖고 있었다.",1인당 GDP,30667.0,달러,2014,,한국,1인당,null,"{""reference_period_1"": ""1994"", ""reference_period_2"": ""2005"", ""reference_value_1"": ""10729"", ""reference_value_2"": ""20162""}",DIRECT_VALUE,null,기사 본문,AUTO_OK,,MULTI_CLAIM_SPLIT,KOSIS_PIPELINE_ELIGIBLE,HOLD,NO_EVIDENCE_COORDINATE_CANDIDATE,,N,UNDETERMINED,HOLD,NO_EVIDENCE_COORDINATE_CANDIDATE,N,,0,0,"{""canonical_name"": ""1인당 국내총생산(GDP)"", ""concept_id"": ""C000034"", ""kosis_search_terms"": [], ""matched_alias"": ""1인당 GDP"", ""standard_key"": ""gross_domestic_product_per_capita"", ""status"": ""MATCHED""}",[],[],"{""eligible_for_official_search"": true, ""entries"": [{""required"": true, ""slot"": ""indicator"", ""status"": ""SOURCE"", ""value"": ""1인당 GDP""}, {""required"": true, ""slot"": ""value"", ""status"": ""SOURCE"", ""value"": 30667.0}, {""required"": true, ""slot"": ""unit"", ""status"": ""SOURCE"", ""value"": ""달러""}, {""required"": true, ""slot"": ""time"", ""status"": ""SOURCE"", ""value"": ""2014""}, {""required"": false, ""slot"": ""frequency"", ""status"": ""NORMALIZED"", ""value"": ""년""}, {""required"": false, ""slot"": ""region"", ""status"": ""SOURCE"", ""value"": ""한국""}, {""required"": false, ""slot"": ""population"", ""status"": ""SOURCE"", ""value"": ""1인당""}, {""required"": false, ""slot"": ""dimension"", ""status"": ""NOT_APPLICABLE"", ""value"": null}, {""required"": false, ""slot"": ""comparison"", ""status"": ""SOURCE"", ""value"": {""reference_period_1"": ""1994"", ""reference_period_2"": ""2005"", ""reference_value_1"": ""10729"", ""reference_value_2"": ""20162""}}, {""required"": true, ""slot"": ""calculation"", ""status"": ""SOURCE"", ""value"": ""DIRECT_VALUE""}, {""required"": false, ""slot"": ""condition"", ""status"": ""NOT_APPLICABLE"", ""value"": null}, {""required"": false, ""slot"": ""source_hint"", ""status"": ""SOURCE"", ""value"": ""기사 본문""}], ""reason_codes"": []}","[{""attempt"": 1, ""child_claim_id"": ""claim_26d6d5bebe45f2af"", ""code_version"": ""admission-recovery-v3"", ""data_version"": ""claim-schema-v1"", ""finished_at"": ""2026-08-26T02:47:23.064563+00:00"", ""input_hash"": ""86fb38944a48dd63702bfc3bd6dbe42e05206a07681bedcad4ca69be147d6365"", ""output_ref"": ""claim_26d6d5bebe45f2af"", ""parent_claim_id"": ""A01539_13"", ""reason_code"": null, ""stage"": ""CLAIM_SPLIT"", ""started_at"": ""2026-08-26T02:47:23.064563+00:00"", ""status"": ""PASS""}, {""attempt"": 1, ""child_claim_id"": ""claim_26d6d5bebe45f2af"", ""code_version"": ""admission-recovery-v3"", ""data_version"": ""claim-schema-v1"", ""finished_at"": ""2026-08-26T02:47:23.064563+00:00"", ""input_hash"": ""86fb38944a48dd63702bfc3bd6dbe42e05206a07681bedcad4ca69be147d6365"", ""output_ref"": ""claim_26d6d5bebe45f2af"", ""parent_claim_id"": ""A01539_13"", ""reason_code"": null, ""stage"": ""CLAIM_PARSE"", ""started_at"": ""2026-08-26T02:47:23.064563+00:00"", ""status"": ""PASS""}]"
A01709_28,1,claim_a2739266c650400b,claim_26d4e03368067f88,1127조원,2023년 말 약 1127조원으로 국내총생산(GDP)의 46.9%다.,,1127.0,조원,2023년 말,,한국,,null,null,DIRECT_VALUE,null,국내총생산(GDP) 대비 46.9%라는 비율이 함께 제시됨,HOLD,금액이 무엇을 나타내는지에 해당하는 핵심 지표명이나 대상이 문장에 명시되지 않아 식별할 수 없음,MULTI_CLAIM_SPLIT,STRUCTURAL_HOLD,HUMAN_REVIEW,금액이 무엇을 나타내는지에 해당하는 핵심 지표명이나 대상이 문장에 명시되지 않아 식별할 수 없음,,N,,,,N,,0,0,null,[],[],"{""eligible_for_official_search"": false, ""entries"": [{""required"": true, ""slot"": ""indicator"", ""status"": ""MISSING"", ""value"": null}, {""required"": true, ""slot"": ""value"", ""status"": ""SOURCE"", ""value"": 1127.0}, {""required"": true, ""slot"": ""unit"", ""status"": ""SOURCE"", ""value"": ""조원""}, {""required"": true, ""slot"": ""time"", ""status"": ""SOURCE"", ""value"": ""2023년 말""}, {""required"": false, ""slot"": ""frequency"", ""status"": ""NOT_APPLICABLE"", ""value"": null}, {""required"": false, ""slot"": ""region"", ""status"": ""CONTEXT"", ""value"": ""한국""}, {""required"": false, ""slot"": ""population"", ""status"": ""NOT_APPLICABLE"", ""value"": null}, {""required"": false, ""slot"": ""dimension"", ""status"": ""NOT_APPLICABLE"", ""value"": null}, {""required"": false, ""slot"": ""comparison"", ""status"": ""NOT_APPLICABLE"", ""value"": null}, {""required"": true, ""slot"": ""calculation"", ""status"": ""CONTEXT"", ""value"": ""DIRECT_VALUE""}, {""required"": false, ""slot"": ""condition"", ""status"": ""NOT_APPLICABLE"", ""value"": null}, {""required"": false, ""slot"": ""source_hint"", ""status"": ""CONTEXT"", ""value"": ""국내총생산(GDP) 대비 46.9%라는 비율이 함께 제시됨""}], ""reason_codes"": [""MISSING_REQUIRED_SLOTS:indicator""]}","[{""attempt"": 1, ""child_claim_id"": ""claim_26d4e03368067f88"", ""code_version"": ""admission-recovery-v3"", ""data_version"": ""claim-schema-v1"", ""finished_at"": ""2026-08-26T02:47:39.665662+00:00"", ""input_hash"": ""242ce912e31cfa566a31dd77a08a6c9280869702ad087965ebcccb366fb93a61"", ""output_ref"": ""claim_26d4e03368067f88"", ""parent_claim_id"": ""A01709_28"", ""reason_code"": null, ""stage"": ""CLAIM_SPLIT"", ""started_at"": ""2026-08-26T02:47:39.665662+00:00"", ""status"": ""PASS""}, {""attempt"": 1, ""child_claim_id"": ""claim_26d4e03368067f88"", ""code_version"": ""admission-recovery-v3"", ""data_version"": ""claim-schema-v1"", ""finished_at"": ""2026-08-26T02:47:39.665662+00:00"", ""input_hash"": ""242ce912e31cfa566a31dd77a08a6c9280869702ad087965ebcccb366fb93a61"", ""output_ref"": ""claim_26d4e03368067f88"", ""parent_claim_id"": ""A01709_28"", ""reason_code"": ""금액이 무엇을 나타내는지에 해당하는 핵심 지표명이나 대상이 문장에 명시되지 않아 식별할 수 없음"", ""stage"": ""CLAIM_PARSE"", ""started_at"": ""2026-08-26T02:47:39.665662+00:00"", ""status"": ""HUMAN_REVIEW""}]"
A01733_8,1,claim_f57dc283be4ddd65,claim_87d216d8fb3e7c2c,-0.4%,KDI는 통상 여건 악화로 올해 상품 수출이 -0.4%를 기록하고 경기 부진으로 상품 수입 역시 0%로 둔화될 것으로 봤다.,상품 수출,-0.4,%,올해,연간,,,"{""item"": ""상품""}",null,GROWTH_RATE,"{""direction"": ""DECREASE""}",KDI,HOLD,문장에 상품 수출 -0.4%와 상품 수입 0%라는 서로 독립적으로 검증 가능한 수치가 함께 제시되어 단일 Claim으로 자동 확정할 수 없음,MULTI_CLAIM_SPLIT,STRUCTURAL_HOLD,HUMAN_REVIEW,문장에 상품 수출 -0.4%와 상품 수입 0%라는 서로 독립적으로 검증 가능한 수치가 함께 제시되어 단일 Claim으로 자동 확정할 수 없음,,N,,,,N,,0,0,null,[],[],"{""eligible_for_official_search"": false, ""entries"": [{""required"": true, ""slot"": ""indicator"", ""status"": ""SOURCE"", ""value"": ""상품 수출""}, {""required"": true, ""slot"": ""value"", ""status"": ""SOURCE"", ""value"": -0.4}, {""required"": true, ""slot"": ""unit"", ""status"": ""SOURCE"", ""value"": ""%""}, {""required"": true, ""slot"": ""time"", ""status"": ""SOURCE"", ""value"": ""올해""}, {""required"": false, ""slot"": ""frequency"", ""status"": ""SOURCE"", ""value"": ""연간""}, {""required"": false, ""slot"": ""region"", ""status"": ""NOT_APPLICABLE"", ""value"": null}, {""required"": false, ""slot"": ""population"", ""status"": ""NOT_APPLICABLE"", ""value"": null}, {""required"": false, ""slot"": ""dimension"", ""status"": ""SOURCE"", ""value"": {""item"": ""상품""}}, {""required"": true, ""slot"": ""comparison"", ""status"": ""MISSING"", ""value"": null}, {""required"": true, ""slot"": ""calculation"", ""status"": ""SOURCE"", ""value"": ""GROWTH_RATE""}, {""required"": true, ""slot"": ""condition"", ""status"": ""SOURCE"", ""value"": {""direction"": ""DECREASE""}}, {""required"": false, ""slot"": ""source_hint"", ""status"": ""SOURCE"", ""value"": ""KDI""}], ""reason_codes"": [""MISSING_REQUIRED_SLOTS:comparison""]}","[{""attempt"": 1, ""child_claim_id"": ""claim_87d216d8fb3e7c2c"", ""code_version"": ""admission-recovery-v3"", ""data_version"": ""claim-schema-v1"", ""finished_at"": ""2026-08-26T02:47:54.662432+00:00"", ""input_hash"": ""89c9dd123c83c105d960fbb83d367a77a92566f0a8939261457f2fa242ac7ed0"", ""output_ref"": ""claim_87d216d8fb3e7c2c"", ""parent_claim_id"": ""A01733_8"", ""reason_code"": null, ""stage"": ""CLAIM_SPLIT"", ""started_at"": ""2026-08-26T02:47:54.662432+00:00"", ""status"": ""PASS""}, {""attempt"": 1, ""child_claim_id"": ""claim_87d216d8fb3e7c2c"", ""code_version"": ""admission-recovery-v3"", ""data_version"": ""claim-schema-v1"", ""finished_at"": ""2026-08-26T02:47:54.662432+00:00"", ""input_hash"": ""89c9dd123c83c105d960fbb83d367a77a92566f0a8939261457f2fa242ac7ed0"", ""output_ref"": ""claim_87d216d8fb3e7c2c"", ""parent_claim_id"": ""A01733_8"", ""reason_code"": ""문장에 상품 수출 -0.4%와 상품 수입 0%라는 서로 독립적으로 검증 가능한 수치가 함께 제시되어 단일 Claim으로 자동 확정할 수 없음"", ""stage"": ""CLAIM_PARSE"", ""started_at"": ""2026-08-26T02:47:54.662432+00:00"", ""status"": ""HUMAN_REVIEW""}]"
A01733_8,2,claim_5a77a353ce8f1a1d,claim_2edafae068c6bb74,0%,KDI는 통상 여건 악화로 올해 상품 수출이 -0.4%를 기록하고 경기 부진으로 상품 수입 역시 0%로 둔화될 것으로 봤다.,수입 증가율,0.0,%,올해,연간,,,"{""item"": ""상품""}",null,DIRECT_VALUE,"{""cause"": ""경기 부진""}",KDI,HOLD,문장에 상품 수출 -0.4%와 상품 수입 0%라는 서로 독립적으로 검증 가능한 두 수치가 함께 제시되어 단일 Claim으로 확정하기 어렵습니다.,MULTI_CLAIM_SPLIT,STRUCTURAL_HOLD,HUMAN_REVIEW,문장에 상품 수출 -0.4%와 상품 수입 0%라는 서로 독립적으로 검증 가능한 두 수치가 함께 제시되어 단일 Claim으로 확정하기 어렵습니다.,,N,,,,N,,0,0,null,[],[],"{""eligible_for_official_search"": true, ""entries"": [{""required"": true, ""slot"": ""indicator"", ""status"": ""SOURCE"", ""value"": ""수입 증가율""}, {""required"": true, ""slot"": ""value"", ""status"": ""SOURCE"", ""value"": 0.0}, {""required"": true, ""slot"": ""unit"", ""status"": ""SOURCE"", ""value"": ""%""}, {""required"": true, ""slot"": ""time"", ""status"": ""SOURCE"", ""value"": ""올해""}, {""required"": false, ""slot"": ""frequency"", ""status"": ""SOURCE"", ""value"": ""연간""}, {""required"": false, ""slot"": ""region"", ""status"": ""NOT_APPLICABLE"", ""value"": null}, {""required"": false, ""slot"": ""population"", ""status"": ""NOT_APPLICABLE"", ""value"": null}, {""required"": false, ""slot"": ""dimension"", ""status"": ""SOURCE"", ""value"": {""item"": ""상품""}}, {""required"": false, ""slot"": ""comparison"", ""status"": ""NOT_APPLICABLE"", ""value"": null}, {""required"": true, ""slot"": ""calculation"", ""status"": ""SOURCE"", ""value"": ""DIRECT_VALUE""}, {""required"": false, ""slot"": ""condition"", ""status"": ""SOURCE"", ""value"": {""cause"": ""경기 부진""}}, {""required"": false, ""slot"": ""source_hint"", ""status"": ""SOURCE"", ""value"": ""KDI""}], ""reason_codes"": []}","[{""attempt"": 1, ""child_claim_id"": ""claim_2edafae068c6bb74"", ""code_version"": ""admission-recovery-v3"", ""data_version"": ""claim-schema-v1"", ""finished_at"": ""2026-08-26T02:47:54.662432+00:00"", ""input_hash"": ""89c9dd123c83c105d960fbb83d367a77a92566f0a8939261457f2fa242ac7ed0"", ""output_ref"": ""claim_2edafae068c6bb74"", ""parent_claim_id"": ""A01733_8"", ""reason_code"": null, ""stage"": ""CLAIM_SPLIT"", ""started_at"": ""2026-08-26T02:47:54.662432+00:00"", ""status"": ""PASS""}, {""attempt"": 1, ""child_claim_id"": ""claim_2edafae068c6bb74"", ""code_version"": ""admission-recovery-v3"", ""data_version"": ""claim-schema-v1"", ""finished_at"": ""2026-08-26T02:47:54.662432+00:00"", ""input_hash"": ""89c9dd123c83c105d960fbb83d367a77a92566f0a8939261457f2fa242ac7ed0"", ""output_ref"": ""claim_2edafae068c6bb74"", ""parent_claim_id"": ""A01733_8"", ""reason_code"": ""문장에 상품 수출 -0.4%와 상품 수입 0%라는 서로 독립적으로 검증 가능한 두 수치가 함께 제시되어 단일 Claim으로 확정하기 어렵습니다."", ""stage"": ""CLAIM_PARSE"", ""started_at"": ""2026-08-26T02:47:54.662432+00:00"", ""status"": ""HUMAN_REVIEW""}]"
A01737_13,1,claim_073063a70545bd72,claim_8d4f4f77e400f80f,7.3%,이에 따라 전체 청년층 실업률도 7.3%로 전년 동월 대비 0.5%포인트 올랐다.,실업률,7.3,%,2025년 4월,월,대한민국,청년층 전체,null,"{""current_value"": ""7.3"", ""operand_unit"": ""%"", ""reference_period"": ""전년 동월"", ""reference_value"": ""6.8"", ""type"": ""MONTH_OVER_MONTH""}",GROWTH_RATE,"{""direction"": ""INCREASE""}",,AUTO_OK,,MULTI_CLAIM_SPLIT,KOSIS_PIPELINE_ELIGIBLE,HOLD,AMBIGUOUS_MARGIN,,N,UNDETERMINED,HOLD,AMBIGUOUS_MARGIN,N,,1,0,"{""canonical_name"": ""실업률"", ""concept_id"": ""C000007"", ""kosis_search_terms"": [], ""matched_alias"": ""실업률"", ""standard_key"": ""unemployment_rate"", ""status"": ""MATCHED""}","[{""canonical_key"": ""ORG=101|TBL=DT_1DA7001S|ITM=T80|OBJ=B|MEMBER=계|PRD_SE=월|PRD_DE=2025-04"", ""dimension_codes"": {""B"": ""0""}, ""dimension_members"": {""B"": ""계""}, ""itm_id"": ""T80"", ""member_code"": ""계"", ""obj_id"": ""B"", ""org_id"": ""101"", ""prd_de"": ""2025-04"", ""prd_se"": ""월"", ""status"": ""CONFIRMED"", ""tbl_id"": ""DT_1DA7001S"", ""unit"": ""%""}]",[],"{""eligible_for_official_search"": true, ""entries"": [{""required"": true, ""slot"": ""indicator"", ""status"": ""SOURCE"", ""value"": ""실업률""}, {""required"": true, ""slot"": ""value"", ""status"": ""SOURCE"", ""value"": 7.3}, {""required"": true, ""slot"": ""unit"", ""status"": ""SOURCE"", ""value"": ""%""}, {""required"": true, ""slot"": ""time"", ""status"": ""CONTEXT"", ""value"": ""2025년 4월""}, {""required"": false, ""slot"": ""frequency"", ""status"": ""CONTEXT"", ""value"": ""월""}, {""required"": false, ""slot"": ""region"", ""status"": ""CONTEXT"", ""value"": ""대한민국""}, {""required"": false, ""slot"": ""population"", ""status"": ""CONTEXT"", ""value"": ""청년층 전체""}, {""required"": false, ""slot"": ""dimension"", ""status"": ""NOT_APPLICABLE"", ""value"": null}, {""required"": true, ""slot"": ""comparison"", ""status"": ""CONTEXT"", ""value"": {""current_value"": ""7.3"", ""operand_unit"": ""%"", ""reference_period"": ""전년 동월"", ""reference_value"": ""6.8"", ""type"": ""MONTH_OVER_MONTH""}}, {""required"": true, ""slot"": ""calculation"", ""status"": ""CONTEXT"", ""value"": ""GROWTH_RATE""}, {""required"": true, ""slot"": ""condition"", ""status"": ""SOURCE"", ""value"": {""direction"": ""INCREASE""}}, {""required"": false, ""slot"": ""source_hint"", ""status"": ""NOT_APPLICABLE"", ""value"": null}], ""reason_codes"": []}","[{""attempt"": 1, ""child_claim_id"": ""claim_8d4f4f77e400f80f"", ""code_version"": ""admission-recovery-v3"", ""data_version"": ""claim-schema-v1"", ""finished_at"": ""2026-08-26T02:48:34.730041+00:00"", ""input_hash"": ""c93245f253dc364901bc5d643ffc66aa425aada26d713da846c4de73a6ee71d4"", ""output_ref"": ""claim_8d4f4f77e400f80f"", ""parent_claim_id"": ""A01737_13"", ""reason_code"": null, ""stage"": ""CLAIM_SPLIT"", ""started_at"": ""2026-08-26T02:48:34.730041+00:00"", ""status"": ""PASS""}, {""attempt"": 1, ""child_claim_id"": ""claim_8d4f4f77e400f80f"", ""code_version"": ""admission-recovery-v3"", ""data_version"": ""claim-schema-v1"", ""finished_at"": ""2026-08-26T02:48:34.730041+00:00"", ""input_hash"": ""c93245f253dc364901bc5d643ffc66aa425aada26d713da846c4de73a6ee71d4"", ""output_ref"": ""claim_8d4f4f77e400f80f"", ""parent_claim_id"": ""A01737_13"", ""reason_code"": null, ""stage"": ""CLAIM_PARSE"", ""started_at"": ""2026-08-26T02:48:34.730041+00:00"", ""status"": ""PASS""}]"
A01737_15,1,claim_818db34e5f32e0ef,claim_636c78029fc5810e,439만7000명,지난달 제조업 취업자는 439만7000명으로 전년 동월 대비 12만4000명 줄었다.,취업자,4397000.0,명,2025년 4월,월,,취업자,"{""산업"": ""제조업""}","{""change_unit"": ""명"", ""change_value"": ""-124000"", ""reference_period"": ""2024-04"", ""type"": ""YEAR_OVER_YEAR""}",DIRECT_VALUE,"{""direction"": ""DECREASE""}",기사 본문,AUTO_OK,,MULTI_CLAIM_SPLIT,KOSIS_PIPELINE_ELIGIBLE,AUTO,OUTSIDE_TOLERANCE,,N,MISMATCH,AUTO,OUTSIDE_TOLERANCE,Y,28887000.0,1,1,"{""canonical_name"": ""취업자 수"", ""concept_id"": ""C000008"", ""kosis_search_terms"": [""경제활동인구조사 취업자"", ""산업별 취업자""], ""matched_alias"": ""제조업 취업자"", ""standard_key"": ""employment_count"", ""status"": ""MATCHED""}","[{""canonical_key"": ""ORG=101|TBL=DT_1DA7E06S_NEW|ITM=T30|OBJ=I|MEMBER=계|PRD_SE=월|PRD_DE=2025-04"", ""dimension_codes"": {""I"": ""00""}, ""dimension_members"": {""I"": ""계""}, ""itm_id"": ""T30"", ""member_code"": ""계"", ""obj_id"": ""I"", ""org_id"": ""101"", ""prd_de"": ""2025-04"", ""prd_se"": ""월"", ""status"": ""CONFIRMED"", ""tbl_id"": ""DT_1DA7E06S_NEW"", ""unit"": ""천명""}]","[{""content_hash"": ""215b1c9313421fb70b1173769d92853934abfe8a89256a436ff2269d7211d0c8"", ""evidence_key"": ""ORG=101|TBL=DT_1DA7E06S_NEW|ITM=T30|OBJ=I|MEMBER=계|PRD_SE=월|PRD_DE=2025-04"", ""publication"": {""content_hash"": ""b53deb1b2f3737ceef7bf448138b65d6260427a6a8458818fe3a3c31af965d9d"", ""coverage_end_period"": null, ""coverage_start_period"": null, ""evidence_scope"": ""PERIOD"", ""pub_date_text"": ""조사기준 월 익월"", ""pub_period"": ""월"", ""publication_method_url"": ""https://www.kostat.go.kr/board.es?act=list&mid=a10301010000&keyField=T&bid=210&keyWord=2025%EB%85%84+4%EC%9B%94+%EA%B3%A0%EC%9A%A9%EB%8F%99%ED%96%A5"", ""published_at"": ""2025-05-14"", ""reference_period"": ""2025-04"", ""retrieved_at"": ""2026-08-26T02:49:36.898945Z"", ""source_url"": ""https://www.kostat.go.kr/board.es?mid=a10301010000&bid=210&act=view&list_no=436594&tag=&nPage=1&ref_bid="", ""status"": ""VERIFIED""}, ""retrieved_at"": ""2026-08-26T02:49:30.955517Z"", ""source"": ""API"", ""source_url"": ""https://kosis.kr/openapi/Param/statisticsParameterData.do?method=getList&orgId=101&tblId=DT_1DA7E06S_NEW&itmId=T30&prdSe=M&startPrdDe=202504&endPrdDe=202504&objL1=00"", ""value_last_changed_at"": ""2025-04-30""}]","{""eligible_for_official_search"": true, ""entries"": [{""required"": true, ""slot"": ""indicator"", ""status"": ""SOURCE"", ""value"": ""취업자""}, {""required"": true, ""slot"": ""value"", ""status"": ""SOURCE"", ""value"": 4397000.0}, {""required"": true, ""slot"": ""unit"", ""status"": ""SOURCE"", ""value"": ""명""}, {""required"": true, ""slot"": ""time"", ""status"": ""SOURCE"", ""value"": ""2025년 4월""}, {""required"": false, ""slot"": ""frequency"", ""status"": ""SOURCE"", ""value"": ""월""}, {""required"": false, ""slot"": ""region"", ""status"": ""NOT_APPLICABLE"", ""value"": null}, {""required"": false, ""slot"": ""population"", ""status"": ""SOURCE"", ""value"": ""취업자""}, {""required"": false, ""slot"": ""dimension"", ""status"": ""SOURCE"", ""value"": {""산업"": ""제조업""}}, {""required"": false, ""slot"": ""comparison"", ""status"": ""SOURCE"", ""value"": {""change_unit"": ""명"", ""change_value"": ""-124000"", ""reference_period"": ""2024-04"", ""type"": ""YEAR_OVER_YEAR""}}, {""required"": true, ""slot"": ""calculation"", ""status"": ""SOURCE"", ""value"": ""DIRECT_VALUE""}, {""required"": false, ""slot"": ""condition"", ""status"": ""SOURCE"", ""value"": {""direction"": ""DECREASE""}}, {""required"": false, ""slot"": ""source_hint"", ""status"": ""SOURCE"", ""value"": ""기사 본문""}], ""reason_codes"": []}","[{""attempt"": 1, ""child_claim_id"": ""claim_636c78029fc5810e"", ""code_version"": ""admission-recovery-v3"", ""data_version"": ""claim-schema-v1"", ""finished_at"": ""2026-08-26T02:49:36.899949+00:00"", ""input_hash"": ""511b59f8e6fc03478d51d4b3849a9c0a565db58451f7c2f12dd2928e1d41f028"", ""output_ref"": ""claim_636c78029fc5810e"", ""parent_claim_id"": ""A01737_15"", ""reason_code"": null, ""stage"": ""CLAIM_SPLIT"", ""started_at"": ""2026-08-26T02:49:36.899949+00:00"", ""status"": ""PASS""}, {""attempt"": 1, ""child_claim_id"": ""claim_636c78029fc5810e"", ""code_version"": ""admission-recovery-v3"", ""data_version"": ""claim-schema-v1"", ""finished_at"": ""2026-08-26T02:49:36.899949+00:00"", ""input_hash"": ""511b59f8e6fc03478d51d4b3849a9c0a565db58451f7c2f12dd2928e1d41f028"", ""output_ref"": ""claim_636c78029fc5810e"", ""parent_claim_id"": ""A01737_15"", ""reason_code"": null, ""stage"": ""CLAIM_PARSE"", ""started_at"": ""2026-08-26T02:49:36.899949+00:00"", ""status"": ""PASS""}]"
A01737_17,1,claim_62e42f605baac6f3,claim_d26d225b41b1c238,15만명,"건설업 취업자도 15만명 줄었는데, 작년 12월(-15만7000명)부터 5개월째 10만명대 감소폭을 보이고 있다.",건설업 취업자,15.0,만명,2025-05,MONTHLY,,취업자,"{""industry"": ""건설업""}","{""reference_period"": ""2024-12"", ""reference_value"": "",-15.7"", ""type"": ""PERIOD_COMPARISON""}",DIFFERENCE,"{""direction"": ""DECREASE""}",기사 발행일 2025-05-14 기준; 작년 12월부터 5개월째,HUMAN_REVIEW,"현재 감소폭 15만명과 2024년 12월 감소폭 15만7000명이 함께 제시되지만, 문장상 현재 수치의 정확한 기준월 및 두 수치의 비교 방식이 명확하지 않아 차이값 산출을 확정하기 어렵습니다.",MULTI_CLAIM_SPLIT,STRUCTURAL_HOLD,HUMAN_REVIEW,"현재 감소폭 15만명과 2024년 12월 감소폭 15만7000명이 함께 제시되지만, 문장상 현재 수치의 정확한 기준월 및 두 수치의 비교 방식이 명확하지 않아 차이값 산출을 확정하기 어렵습니다.",,N,,,,N,,0,0,null,[],[],"{""eligible_for_official_search"": true, ""entries"": [{""required"": true, ""slot"": ""indicator"", ""status"": ""SOURCE"", ""value"": ""건설업 취업자""}, {""required"": true, ""slot"": ""value"", ""status"": ""SOURCE"", ""value"": 15.0}, {""required"": true, ""slot"": ""unit"", ""status"": ""SOURCE"", ""value"": ""만명""}, {""required"": true, ""slot"": ""time"", ""status"": ""SOURCE"", ""value"": ""2025-05""}, {""required"": false, ""slot"": ""frequency"", ""status"": ""SOURCE"", ""value"": ""MONTHLY""}, {""required"": false, ""slot"": ""region"", ""status"": ""NOT_APPLICABLE"", ""value"": null}, {""required"": false, ""slot"": ""population"", ""status"": ""SOURCE"", ""value"": ""취업자""}, {""required"": false, ""slot"": ""dimension"", ""status"": ""SOURCE"", ""value"": {""industry"": ""건설업""}}, {""required"": true, ""slot"": ""comparison"", ""status"": ""SOURCE"", ""value"": {""reference_period"": ""2024-12"", ""reference_value"": "",-15.7"", ""type"": ""PERIOD_COMPARISON""}}, {""required"": true, ""slot"": ""calculation"", ""status"": ""SOURCE"", ""value"": ""DIFFERENCE""}, {""required"": true, ""slot"": ""condition"", ""status"": ""SOURCE"", ""value"": {""direction"": ""DECREASE""}}, {""required"": false, ""slot"": ""source_hint"", ""status"": ""SOURCE"", ""value"": ""기사 발행일 2025-05-14 기준; 작년 12월부터 5개월째""}], ""reason_codes"": []}","[{""attempt"": 1, ""child_claim_id"": ""claim_d26d225b41b1c238"", ""code_version"": ""admission-recovery-v3"", ""data_version"": ""claim-schema-v1"", ""finished_at"": ""2026-08-26T02:49:44.877655+00:00"", ""input_hash"": ""c90e93bc99e7a6f1e702d0173644c1a750a3b1e6fb0372d9f2ee8ac3b55605ad"", ""output_ref"": ""claim_d26d225b41b1c238"", ""parent_claim_id"": ""A01737_17"", ""reason_code"": null, ""stage"": ""CLAIM_SPLIT"", ""started_at"": ""2026-08-26T02:49:44.877655+00:00"", ""status"": ""PASS""}, {""attempt"": 1, ""child_claim_id"": ""claim_d26d225b41b1c238"", ""code_version"": ""admission-recovery-v3"", ""data_version"": ""claim-schema-v1"", ""finished_at"": ""2026-08-26T02:49:44.877655+00:00"", ""input_hash"": ""c90e93bc99e7a6f1e702d0173644c1a750a3b1e6fb0372d9f2ee8ac3b55605ad"", ""output_ref"": ""claim_d26d225b41b1c238"", ""parent_claim_id"": ""A01737_17"", ""reason_code"": ""현재 감소폭 15만명과 2024년 12월 감소폭 15만7000명이 함께 제시되지만, 문장상 현재 수치의 정확한 기준월 및 두 수치의 비교 방식이 명확하지 않아 차이값 산출을 확정하기 어렵습니다."", ""stage"": ""CLAIM_PARSE"", ""started_at"": ""2026-08-26T02:49:44.877655+00:00"", ""status"": ""HUMAN_REVIEW""}]"
A01737_9,1,claim_4e8f4bec36b92b41,claim_4bce14bbe0adf81f,45.3%,반면 15~29세 청년층 고용률은 45.3%로 전년 동월 대비 0.9%포인트 감소했다.,고용률,45.3,%,2025년 4월,월,,청년층,"{""age"": ""15~29세""}","{""change_unit"": ""percentage_point"", ""change_value"": ""-0.9"", ""reference_period"": ""2024-04"", ""type"": ""YEAR_OVER_YEAR""}",DIRECT_VALUE,"{""direction"": ""DECREASE""}",,AUTO_OK,"15~29세 청년층의 고용률이라는 단일 수준값이 명확하며, 전년 동월 대비 감소폭도 직접적으로 제시됨",MULTI_CLAIM_SPLIT,KOSIS_PIPELINE_ELIGIBLE,AUTO,WITHIN_TOLERANCE,,N,MATCH,AUTO,WITHIN_TOLERANCE,Y,45.3,1,1,"{""canonical_name"": ""고용률"", ""concept_id"": ""C000009"", ""kosis_search_terms"": [], ""matched_alias"": ""고용률"", ""standard_key"": ""employment_rate"", ""status"": ""MATCHED""}","[{""canonical_key"": ""ORG=101|TBL=DT_1DA7002S|ITM=T90|OBJ=G|MEMBER=15 - 29세|PRD_SE=월|PRD_DE=2025-04"", ""dimension_codes"": {""G"": ""75""}, ""dimension_members"": {""G"": ""15 - 29세""}, ""itm_id"": ""T90"", ""member_code"": ""15 - 29세"", ""obj_id"": ""G"", ""org_id"": ""101"", ""prd_de"": ""2025-04"", ""prd_se"": ""월"", ""status"": ""CONFIRMED"", ""tbl_id"": ""DT_1DA7002S"", ""unit"": ""%""}]","[{""content_hash"": ""d9ed4590c2e704125084cf21abf05268900b4442139a0b08338700828f8462f2"", ""evidence_key"": ""ORG=101|TBL=DT_1DA7002S|ITM=T90|OBJ=G|MEMBER=15 - 29세|PRD_SE=월|PRD_DE=2025-04"", ""publication"": {""content_hash"": ""0d6f56fe461093aac4c84629fb53e76e5ff5b0d362bd84107c7d0dc03523edef"", ""coverage_end_period"": null, ""coverage_start_period"": null, ""evidence_scope"": ""PERIOD"", ""pub_date_text"": ""조사기준 월 익월"", ""pub_period"": ""월"", ""publication_method_url"": ""https://www.kostat.go.kr/board.es?act=list&mid=a10301010000&keyField=T&bid=210&keyWord=2025%EB%85%84+4%EC%9B%94+%EA%B3%A0%EC%9A%A9%EB%8F%99%ED%96%A5"", ""published_at"": ""2025-05-14"", ""reference_period"": ""2025-04"", ""retrieved_at"": ""2026-08-26T02:50:48.420844Z"", ""source_url"": ""https://www.kostat.go.kr/board.es?mid=a10301010000&bid=210&act=view&list_no=436594&tag=&nPage=1&ref_bid="", ""status"": ""VERIFIED""}, ""retrieved_at"": ""2026-08-26T02:50:54.560227Z"", ""source"": ""API"", ""source_url"": ""https://kosis.kr/openapi/Param/statisticsParameterData.do?method=getList&orgId=101&tblId=DT_1DA7002S&itmId=T90&prdSe=M&startPrdDe=202504&endPrdDe=202504&objL1=75"", ""value_last_changed_at"": ""2025-04-30""}]","{""eligible_for_official_search"": true, ""entries"": [{""required"": true, ""slot"": ""indicator"", ""status"": ""SOURCE"", ""value"": ""고용률""}, {""required"": true, ""slot"": ""value"", ""status"": ""SOURCE"", ""value"": 45.3}, {""required"": true, ""slot"": ""unit"", ""status"": ""SOURCE"", ""value"": ""%""}, {""required"": true, ""slot"": ""time"", ""status"": ""CONTEXT"", ""value"": ""2025년 4월""}, {""required"": false, ""slot"": ""frequency"", ""status"": ""CONTEXT"", ""value"": ""월""}, {""required"": false, ""slot"": ""region"", ""status"": ""NOT_APPLICABLE"", ""value"": null}, {""required"": false, ""slot"": ""population"", ""status"": ""SOURCE"", ""value"": ""청년층""}, {""required"": false, ""slot"": ""dimension"", ""status"": ""SOURCE"", ""value"": {""age"": ""15~29세""}}, {""required"": false, ""slot"": ""comparison"", ""status"": ""CONTEXT"", ""value"": {""change_unit"": ""percentage_point"", ""change_value"": ""-0.9"", ""reference_period"": ""2024-04"", ""type"": ""YEAR_OVER_YEAR""}}, {""required"": true, ""slot"": ""calculation"", ""status"": ""SOURCE"", ""value"": ""DIRECT_VALUE""}, {""required"": false, ""slot"": ""condition"", ""status"": ""SOURCE"", ""value"": {""direction"": ""DECREASE""}}, {""required"": false, ""slot"": ""source_hint"", ""status"": ""NOT_APPLICABLE"", ""value"": null}], ""reason_codes"": []}","[{""attempt"": 1, ""child_claim_id"": ""claim_4bce14bbe0adf81f"", ""code_version"": ""admission-recovery-v3"", ""data_version"": ""claim-schema-v1"", ""finished_at"": ""2026-08-26T02:50:54.561206+00:00"", ""input_hash"": ""63e4b39609311faa736a34779033866e9c8c508eec1d81e3db97ab06674b29a9"", ""output_ref"": ""claim_4bce14bbe0adf81f"", ""parent_claim_id"": ""A01737_9"", ""reason_code"": null, ""stage"": ""CLAIM_SPLIT"", ""started_at"": ""2026-08-26T02:50:54.561206+00:00"", ""status"": ""PASS""}, {""attempt"": 1, ""child_claim_id"": ""claim_4bce14bbe0adf81f"", ""code_version"": ""admission-recovery-v3"", ""data_version"": ""claim-schema-v1"", ""finished_at"": ""2026-08-26T02:50:54.561206+00:00"", ""input_hash"": ""63e4b39609311faa736a34779033866e9c8c508eec1d81e3db97ab06674b29a9"", ""output_ref"": ""claim_4bce14bbe0adf81f"", ""parent_claim_id"": ""A01737_9"", ""reason_code"": null, ""stage"": ""CLAIM_PARSE"", ""started_at"": ""2026-08-26T02:50:54.561206+00:00"", ""status"": ""PASS""}]"
A01752_6,1,claim_66c1ec8aa7348fbb,claim_5b7ca7d27466d615,12만4000명,하지만 20대 고용이 많은 제조업 분야 취업자는 12만4000명 줄어 작년 7월부터 10개월 연속 감소세를 이어갔다.,제조업 분야 취업자,124000.0,명,작년 7월부터,월간,,20대,"{""산업"": ""제조업""}","{""operand_source"": ""OFFICIAL_EVIDENCE"", ""type"": ""YEAR_OVER_YEAR""}",DIFFERENCE,"{""direction"": ""DECREASE""}",,AUTO_OK,,MULTI_CLAIM_SPLIT,KOSIS_PIPELINE_ELIGIBLE,HOLD,NO_HARD_GUARD_CANDIDATE,,Y,UNDETERMINED,HOLD,NO_HARD_GUARD_CANDIDATE,N,,0,0,"{""canonical_name"": ""제조업 분야 취업자"", ""concept_id"": ""OBSERVED:470f23cb5517f5cb"", ""kosis_search_terms"": [""제조업 분야 취업자""], ""matched_alias"": ""제조업 분야 취업자"", ""standard_key"": ""observed_indicator_470f23cb5517f5cb"", ""status"": ""MATCHED""}",[],[],"{""eligible_for_official_search"": true, ""entries"": [{""required"": true, ""slot"": ""indicator"", ""status"": ""SOURCE"", ""value"": ""제조업 분야 취업자""}, {""required"": true, ""slot"": ""value"", ""status"": ""SOURCE"", ""value"": 124000.0}, {""required"": true, ""slot"": ""unit"", ""status"": ""SOURCE"", ""value"": ""명""}, {""required"": true, ""slot"": ""time"", ""status"": ""SOURCE"", ""value"": ""작년 7월부터""}, {""required"": false, ""slot"": ""frequency"", ""status"": ""SOURCE"", ""value"": ""월간""}, {""required"": false, ""slot"": ""region"", ""status"": ""NOT_APPLICABLE"", ""value"": null}, {""required"": false, ""slot"": ""population"", ""status"": ""SOURCE"", ""value"": ""20대""}, {""required"": false, ""slot"": ""dimension"", ""status"": ""SOURCE"", ""value"": {""산업"": ""제조업""}}, {""required"": true, ""slot"": ""comparison"", ""status"": ""SOURCE"", ""value"": {""operand_source"": ""OFFICIAL_EVIDENCE"", ""type"": ""YEAR_OVER_YEAR""}}, {""required"": true, ""slot"": ""calculation"", ""status"": ""SOURCE"", ""value"": ""DIFFERENCE""}, {""required"": true, ""slot"": ""condition"", ""status"": ""SOURCE"", ""value"": {""direction"": ""DECREASE""}}, {""required"": false, ""slot"": ""source_hint"", ""status"": ""NOT_APPLICABLE"", ""value"": null}], ""reason_codes"": []}","[{""attempt"": 1, ""child_claim_id"": ""claim_5b7ca7d27466d615"", ""code_version"": ""admission-recovery-v3"", ""data_version"": ""claim-schema-v1"", ""finished_at"": ""2026-08-26T03:32:55.863335+00:00"", ""input_hash"": ""7c20f13ea5e9d1a5578329db328d9f8793bd3ce726e778df237a1797ed1ad96d"", ""output_ref"": ""claim_5b7ca7d27466d615"", ""parent_claim_id"": ""A01752_6"", ""reason_code"": null, ""stage"": ""CLAIM_SPLIT"", ""started_at"": ""2026-08-26T03:32:55.863335+00:00"", ""status"": ""PASS""}, {""attempt"": 1, ""child_claim_id"": ""claim_5b7ca7d27466d615"", ""code_version"": ""admission-recovery-v3"", ""data_version"": ""claim-schema-v1"", ""finished_at"": ""2026-08-26T03:32:55.863335+00:00"", ""input_hash"": ""7c20f13ea5e9d1a5578329db328d9f8793bd3ce726e778df237a1797ed1ad96d"", ""output_ref"": ""claim_5b7ca7d27466d615"", ""parent_claim_id"": ""A01752_6"", ""reason_code"": null, ""stage"": ""CLAIM_PARSE"", ""started_at"": ""2026-08-26T03:32:55.863335+00:00"", ""status"": ""PASS""}]"
A01902_19,1,claim_cdf734b0f70fc46c,claim_37f1c6b3c0d1a4e0,7.3%,"26일 통계청에 따르면, 청년층인 15~29세 실업률은 7.3%로 코로나 대유행 막바지인 2022년(7.4%) 이후 3년 만에 4월 기준 최고다.",실업률,7.3,%,2025년 4월,월,대한민국,청년층 15~29세,"{""age"": ""15~29세""}","{""basis"": ""4월"", ""reference_period"": ""2022"", ""reference_value"": ""7.4"", ""relation"": ""HIGHEST_SINCE""}",DIRECT_VALUE,"{""direction"": ""INCREASE""}",통계청,AUTO_OK,2025년 4월 청년층 실업률 7.3%라는 단일 중심 수치와 2022년 4월 기준 7.4% 비교가 명확함,MULTI_CLAIM_SPLIT,KOSIS_PIPELINE_ELIGIBLE,AUTO,WITHIN_TOLERANCE,,N,MATCH,AUTO,WITHIN_TOLERANCE,Y,7.3,1,1,"{""canonical_name"": ""실업률"", ""concept_id"": ""C000007"", ""kosis_search_terms"": [], ""matched_alias"": ""실업률"", ""standard_key"": ""unemployment_rate"", ""status"": ""MATCHED""}","[{""canonical_key"": ""ORG=101|TBL=DT_1DA7002S|ITM=T80|OBJ=G|MEMBER=15 - 29세|PRD_SE=월|PRD_DE=2025-04"", ""dimension_codes"": {""G"": ""75""}, ""dimension_members"": {""G"": ""15 - 29세""}, ""itm_id"": ""T80"", ""member_code"": ""15 - 29세"", ""obj_id"": ""G"", ""org_id"": ""101"", ""prd_de"": ""2025-04"", ""prd_se"": ""월"", ""status"": ""CONFIRMED"", ""tbl_id"": ""DT_1DA7002S"", ""unit"": ""%""}]","[{""content_hash"": ""540b9095b9788b161118e2f411f2a85f57ca60f3b96d72a012b9b70c44b8e9c2"", ""evidence_key"": ""ORG=101|TBL=DT_1DA7002S|ITM=T80|OBJ=G|MEMBER=15 - 29세|PRD_SE=월|PRD_DE=2025-04"", ""publication"": {""content_hash"": ""7bc244c2d7ce8265e72bc838310cd3f4bb4abd3ceb9095e8638a70cb80502db5"", ""coverage_end_period"": null, ""coverage_start_period"": null, ""evidence_scope"": ""PERIOD"", ""pub_date_text"": ""조사기준 월 익월"", ""pub_period"": ""월"", ""publication_method_url"": ""https://www.kostat.go.kr/board.es?act=list&mid=a10301010000&keyField=T&bid=210&keyWord=2025%EB%85%84+4%EC%9B%94+%EA%B3%A0%EC%9A%A9%EB%8F%99%ED%96%A5"", ""published_at"": ""2025-05-14"", ""reference_period"": ""2025-04"", ""retrieved_at"": ""2026-08-26T02:52:10.248080Z"", ""source_url"": ""https://www.kostat.go.kr/board.es?mid=a10301010000&bid=210&act=view&list_no=436594&tag=&nPage=1&ref_bid="", ""status"": ""VERIFIED""}, ""retrieved_at"": ""2026-08-26T02:52:23.186392Z"", ""source"": ""API"", ""source_url"": ""https://kosis.kr/openapi/Param/statisticsParameterData.do?method=getList&orgId=101&tblId=DT_1DA7002S&itmId=T80&prdSe=M&startPrdDe=202504&endPrdDe=202504&objL1=75"", ""value_last_changed_at"": ""2025-04-30""}]","{""eligible_for_official_search"": true, ""entries"": [{""required"": true, ""slot"": ""indicator"", ""status"": ""SOURCE"", ""value"": ""실업률""}, {""required"": true, ""slot"": ""value"", ""status"": ""SOURCE"", ""value"": 7.3}, {""required"": true, ""slot"": ""unit"", ""status"": ""SOURCE"", ""value"": ""%""}, {""required"": true, ""slot"": ""time"", ""status"": ""SOURCE"", ""value"": ""2025년 4월""}, {""required"": false, ""slot"": ""frequency"", ""status"": ""SOURCE"", ""value"": ""월""}, {""required"": false, ""slot"": ""region"", ""status"": ""SOURCE"", ""value"": ""대한민국""}, {""required"": false, ""slot"": ""population"", ""status"": ""SOURCE"", ""value"": ""청년층 15~29세""}, {""required"": false, ""slot"": ""dimension"", ""status"": ""SOURCE"", ""value"": {""age"": ""15~29세""}}, {""required"": false, ""slot"": ""comparison"", ""status"": ""SOURCE"", ""value"": {""basis"": ""4월"", ""reference_period"": ""2022"", ""reference_value"": ""7.4"", ""relation"": ""HIGHEST_SINCE""}}, {""required"": true, ""slot"": ""calculation"", ""status"": ""SOURCE"", ""value"": ""DIRECT_VALUE""}, {""required"": false, ""slot"": ""condition"", ""status"": ""SOURCE"", ""value"": {""direction"": ""INCREASE""}}, {""required"": false, ""slot"": ""source_hint"", ""status"": ""SOURCE"", ""value"": ""통계청""}], ""reason_codes"": []}","[{""attempt"": 1, ""child_claim_id"": ""claim_37f1c6b3c0d1a4e0"", ""code_version"": ""admission-recovery-v3"", ""data_version"": ""claim-schema-v1"", ""finished_at"": ""2026-08-26T02:52:23.187389+00:00"", ""input_hash"": ""748eb13c70ecf36b9dfb2a1fc163b86bf1f9ae118187dd2e1ddc6f36647eb3f0"", ""output_ref"": ""claim_37f1c6b3c0d1a4e0"", ""parent_claim_id"": ""A01902_19"", ""reason_code"": null, ""stage"": ""CLAIM_SPLIT"", ""started_at"": ""2026-08-26T02:52:23.187389+00:00"", ""status"": ""PASS""}, {""attempt"": 1, ""child_claim_id"": ""claim_37f1c6b3c0d1a4e0"", ""code_version"": ""admission-recovery-v3"", ""data_version"": ""claim-schema-v1"", ""finished_at"": ""2026-08-26T02:52:23.187389+00:00"", ""input_hash"": ""748eb13c70ecf36b9dfb2a1fc163b86bf1f9ae118187dd2e1ddc6f36647eb3f0"", ""output_ref"": ""claim_37f1c6b3c0d1a4e0"", ""parent_claim_id"": ""A01902_19"", ""reason_code"": null, ""stage"": ""CLAIM_PARSE"", ""started_at"": ""2026-08-26T02:52:23.187389+00:00"", ""status"": ""PASS""}]"
A01953_7,1,claim_b0c618819d2bd081,claim_6a89c1041a779b2a,62억달러,키움증권은 올해 5월 19일 기준 국내 제약 바이오 기술 수출액이 62억달러(약 8조5500억원)에 달했다고 최근 밝혔다.,기술 수출액,62.0,억달러,올해 5월 19일,누계,국내,,"{""산업"": ""제약 바이오""}",null,DIRECT_VALUE,null,키움증권,AUTO_OK,기준일 현재 국내 제약·바이오 분야 기술 수출액의 단일 중심 수치가 명확하며 괄호 안 원화 금액은 동일 값의 환산액이다.,MULTI_CLAIM_SPLIT,KOSIS_PIPELINE_ELIGIBLE,HOLD,NO_HARD_GUARD_CANDIDATE,,N,UNDETERMINED,HOLD,NO_HARD_GUARD_CANDIDATE,N,,0,0,"{""canonical_name"": ""기술 수출액"", ""concept_id"": ""OBSERVED:5bfc3a5e14bfa80d"", ""kosis_search_terms"": [""기술 수출액""], ""matched_alias"": ""기술 수출액"", ""standard_key"": ""observed_indicator_5bfc3a5e14bfa80d"", ""status"": ""MATCHED""}",[],[],"{""eligible_for_official_search"": true, ""entries"": [{""required"": true, ""slot"": ""indicator"", ""status"": ""SOURCE"", ""value"": ""기술 수출액""}, {""required"": true, ""slot"": ""value"", ""status"": ""SOURCE"", ""value"": 62.0}, {""required"": true, ""slot"": ""unit"", ""status"": ""SOURCE"", ""value"": ""억달러""}, {""required"": true, ""slot"": ""time"", ""status"": ""SOURCE"", ""value"": ""올해 5월 19일""}, {""required"": false, ""slot"": ""frequency"", ""status"": ""SOURCE"", ""value"": ""누계""}, {""required"": false, ""slot"": ""region"", ""status"": ""SOURCE"", ""value"": ""국내""}, {""required"": false, ""slot"": ""population"", ""status"": ""NOT_APPLICABLE"", ""value"": null}, {""required"": false, ""slot"": ""dimension"", ""status"": ""SOURCE"", ""value"": {""산업"": ""제약 바이오""}}, {""required"": false, ""slot"": ""comparison"", ""status"": ""NOT_APPLICABLE"", ""value"": null}, {""required"": true, ""slot"": ""calculation"", ""status"": ""SOURCE"", ""value"": ""DIRECT_VALUE""}, {""required"": false, ""slot"": ""condition"", ""status"": ""NOT_APPLICABLE"", ""value"": null}, {""required"": false, ""slot"": ""source_hint"", ""status"": ""SOURCE"", ""value"": ""키움증권""}], ""reason_codes"": []}","[{""attempt"": 1, ""child_claim_id"": ""claim_6a89c1041a779b2a"", ""code_version"": ""admission-recovery-v3"", ""data_version"": ""claim-schema-v1"", ""finished_at"": ""2026-08-26T02:53:14.084325+00:00"", ""input_hash"": ""2bdf7e055e7005600e2db1728da03384213846623f2c627e706c826efeffafa7"", ""output_ref"": ""claim_6a89c1041a779b2a"", ""parent_claim_id"": ""A01953_7"", ""reason_code"": null, ""stage"": ""CLAIM_SPLIT"", ""started_at"": ""2026-08-26T02:53:14.084325+00:00"", ""status"": ""PASS""}, {""attempt"": 1, ""child_claim_id"": ""claim_6a89c1041a779b2a"", ""code_version"": ""admission-recovery-v3"", ""data_version"": ""claim-schema-v1"", ""finished_at"": ""2026-08-26T02:53:14.084325+00:00"", ""input_hash"": ""2bdf7e055e7005600e2db1728da03384213846623f2c627e706c826efeffafa7"", ""output_ref"": ""claim_6a89c1041a779b2a"", ""parent_claim_id"": ""A01953_7"", ""reason_code"": null, ""stage"": ""CLAIM_PARSE"", ""started_at"": ""2026-08-26T02:53:14.084325+00:00"", ""status"": ""PASS""}]"
A01989_15,1,claim_7ad81eaa7dd92bd5,claim_3bd1c5941bc2b910,35억5000만달러,작년 대미 철강 수출액은 35억5000만달러(약 4조9000억원)였다.,수출액,3550000000.0,미국 달러,2024년,년,미국,,"{""무역 상대국"": ""미국"", ""품목"": ""철강""}",null,DIRECT_VALUE,null,,HOLD,TARGET_VALUE_NOT_IN_SOURCE_SENTENCE,MULTI_CLAIM_SPLIT,CONTEXT_REQUIRED,HUMAN_REVIEW,TARGET_VALUE_NOT_IN_SOURCE_SENTENCE,,N,,,,N,,0,0,null,[],[],"{""eligible_for_official_search"": true, ""entries"": [{""required"": true, ""slot"": ""indicator"", ""status"": ""SOURCE"", ""value"": ""수출액""}, {""required"": true, ""slot"": ""value"", ""status"": ""SOURCE"", ""value"": 3550000000.0}, {""required"": true, ""slot"": ""unit"", ""status"": ""SOURCE"", ""value"": ""미국 달러""}, {""required"": true, ""slot"": ""time"", ""status"": ""SOURCE"", ""value"": ""2024년""}, {""required"": false, ""slot"": ""frequency"", ""status"": ""SOURCE"", ""value"": ""년""}, {""required"": false, ""slot"": ""region"", ""status"": ""SOURCE"", ""value"": ""미국""}, {""required"": false, ""slot"": ""population"", ""status"": ""NOT_APPLICABLE"", ""value"": null}, {""required"": false, ""slot"": ""dimension"", ""status"": ""SOURCE"", ""value"": {""무역 상대국"": ""미국"", ""품목"": ""철강""}}, {""required"": false, ""slot"": ""comparison"", ""status"": ""NOT_APPLICABLE"", ""value"": null}, {""required"": true, ""slot"": ""calculation"", ""status"": ""SOURCE"", ""value"": ""DIRECT_VALUE""}, {""required"": false, ""slot"": ""condition"", ""status"": ""NOT_APPLICABLE"", ""value"": null}, {""required"": false, ""slot"": ""source_hint"", ""status"": ""NOT_APPLICABLE"", ""value"": null}], ""reason_codes"": []}","[{""attempt"": 1, ""child_claim_id"": ""claim_3bd1c5941bc2b910"", ""code_version"": ""admission-recovery-v3"", ""data_version"": ""claim-schema-v1"", ""finished_at"": ""2026-08-26T02:53:19.197092+00:00"", ""input_hash"": ""e926eb8bc7ec96ff2869af56349420ffdf63ac45c23e1ccf9d3a9fc7a5f86f91"", ""output_ref"": ""claim_3bd1c5941bc2b910"", ""parent_claim_id"": ""A01989_15"", ""reason_code"": null, ""stage"": ""CLAIM_SPLIT"", ""started_at"": ""2026-08-26T02:53:19.197092+00:00"", ""status"": ""PASS""}, {""attempt"": 1, ""child_claim_id"": ""claim_3bd1c5941bc2b910"", ""code_version"": ""admission-recovery-v3"", ""data_version"": ""claim-schema-v1"", ""finished_at"": ""2026-08-26T02:53:19.197092+00:00"", ""input_hash"": ""e926eb8bc7ec96ff2869af56349420ffdf63ac45c23e1ccf9d3a9fc7a5f86f91"", ""output_ref"": ""claim_3bd1c5941bc2b910"", ""parent_claim_id"": ""A01989_15"", ""reason_code"": ""TARGET_VALUE_NOT_IN_SOURCE_SENTENCE"", ""stage"": ""CLAIM_PARSE"", ""started_at"": ""2026-08-26T02:53:19.197092+00:00"", ""status"": ""HUMAN_REVIEW""}]"
A02022_18,1,claim_25cfeacda22c0d95,claim_e4e48fddac0d4b1b,34.6%포인트,"우리나라 역시 GDP 대비 정부 부채 비율이 2000년부터 2023년까지 34.6%포인트 늘었는데, 고령화와 관련이 높은 사회수혜금(44.5%포인트), 사회보장현물(49.8%) 지출이 큰 영향을 끼쳤다.",GDP 대비 정부 부채 비율,34.6,%포인트,2023년,,대한민국,,null,"{""reference_period"": ""2000년"", ""type"": ""PERIOD_OVER_PERIOD""}",DIFFERENCE,"{""direction"": ""INCREASE""}",,HOLD,"중심 수치는 2000년 대비 2023년의 증가 폭으로 명확하지만, DIFFERENCE 산출에 필요한 비교 대상의 현재값과 기준값이 기사에 제시되지 않았습니다.",MULTI_CLAIM_SPLIT,STRUCTURAL_HOLD,HUMAN_REVIEW,"중심 수치는 2000년 대비 2023년의 증가 폭으로 명확하지만, DIFFERENCE 산출에 필요한 비교 대상의 현재값과 기준값이 기사에 제시되지 않았습니다.",,N,,,,N,,0,0,null,[],[],"{""eligible_for_official_search"": true, ""entries"": [{""required"": true, ""slot"": ""indicator"", ""status"": ""SOURCE"", ""value"": ""GDP 대비 정부 부채 비율""}, {""required"": true, ""slot"": ""value"", ""status"": ""SOURCE"", ""value"": 34.6}, {""required"": true, ""slot"": ""unit"", ""status"": ""SOURCE"", ""value"": ""%포인트""}, {""required"": true, ""slot"": ""time"", ""status"": ""SOURCE"", ""value"": ""2023년""}, {""required"": false, ""slot"": ""frequency"", ""status"": ""NORMALIZED"", ""value"": ""년""}, {""required"": false, ""slot"": ""region"", ""status"": ""SOURCE"", ""value"": ""대한민국""}, {""required"": false, ""slot"": ""population"", ""status"": ""NOT_APPLICABLE"", ""value"": null}, {""required"": false, ""slot"": ""dimension"", ""status"": ""NOT_APPLICABLE"", ""value"": null}, {""required"": true, ""slot"": ""comparison"", ""status"": ""SOURCE"", ""value"": {""reference_period"": ""2000년"", ""type"": ""PERIOD_OVER_PERIOD""}}, {""required"": true, ""slot"": ""calculation"", ""status"": ""SOURCE"", ""value"": ""DIFFERENCE""}, {""required"": true, ""slot"": ""condition"", ""status"": ""SOURCE"", ""value"": {""direction"": ""INCREASE""}}, {""required"": false, ""slot"": ""source_hint"", ""status"": ""NOT_APPLICABLE"", ""value"": null}], ""reason_codes"": []}","[{""attempt"": 1, ""child_claim_id"": ""claim_e4e48fddac0d4b1b"", ""code_version"": ""admission-recovery-v3"", ""data_version"": ""claim-schema-v1"", ""finished_at"": ""2026-08-26T02:54:17.303615+00:00"", ""input_hash"": ""b55604b271a27ba2dfd51976da51882b863a2d9ce04300864e4df1cd9718ba10"", ""output_ref"": ""claim_e4e48fddac0d4b1b"", ""parent_claim_id"": ""A02022_18"", ""reason_code"": null, ""stage"": ""CLAIM_SPLIT"", ""started_at"": ""2026-08-26T02:54:17.303615+00:00"", ""status"": ""PASS""}, {""attempt"": 1, ""child_claim_id"": ""claim_e4e48fddac0d4b1b"", ""code_version"": ""admission-recovery-v3"", ""data_version"": ""claim-schema-v1"", ""finished_at"": ""2026-08-26T02:54:17.303615+00:00"", ""input_hash"": ""b55604b271a27ba2dfd51976da51882b863a2d9ce04300864e4df1cd9718ba10"", ""output_ref"": ""claim_e4e48fddac0d4b1b"", ""parent_claim_id"": ""A02022_18"", ""reason_code"": ""중심 수치는 2000년 대비 2023년의 증가 폭으로 명확하지만, DIFFERENCE 산출에 필요한 비교 대상의 현재값과 기준값이 기사에 제시되지 않았습니다."", ""stage"": ""CLAIM_PARSE"", ""started_at"": ""2026-08-26T02:54:17.303615+00:00"", ""status"": ""HUMAN_REVIEW""}]"
A02022_18,2,claim_cc17969f6e1ae43c,claim_c0516bdba161e2ef,44.5%포인트,"우리나라 역시 GDP 대비 정부 부채 비율이 2000년부터 2023년까지 34.6%포인트 늘었는데, 고령화와 관련이 높은 사회수혜금(44.5%포인트), 사회보장현물(49.8%) 지출이 큰 영향을 끼쳤다.",사회수혜금 지출,44.5,%포인트,2000년부터 2023년까지,,우리나라,,"{""항목"": ""사회수혜금""}",null,DIRECT_VALUE,null,,AUTO_OK,,MULTI_CLAIM_SPLIT,KOSIS_PIPELINE_ELIGIBLE,HOLD,NO_HARD_GUARD_CANDIDATE,,N,UNDETERMINED,HOLD,NO_HARD_GUARD_CANDIDATE,N,,0,0,"{""canonical_name"": ""사회수혜금 지출"", ""concept_id"": ""OBSERVED:0fe074ddea9c25a2"", ""kosis_search_terms"": [""사회수혜금 지출""], ""matched_alias"": ""사회수혜금 지출"", ""standard_key"": ""observed_indicator_0fe074ddea9c25a2"", ""status"": ""MATCHED""}",[],[],"{""eligible_for_official_search"": true, ""entries"": [{""required"": true, ""slot"": ""indicator"", ""status"": ""SOURCE"", ""value"": ""사회수혜금 지출""}, {""required"": true, ""slot"": ""value"", ""status"": ""SOURCE"", ""value"": 44.5}, {""required"": true, ""slot"": ""unit"", ""status"": ""SOURCE"", ""value"": ""%포인트""}, {""required"": true, ""slot"": ""time"", ""status"": ""SOURCE"", ""value"": ""2000년부터 2023년까지""}, {""required"": false, ""slot"": ""frequency"", ""status"": ""NOT_APPLICABLE"", ""value"": null}, {""required"": false, ""slot"": ""region"", ""status"": ""SOURCE"", ""value"": ""우리나라""}, {""required"": false, ""slot"": ""population"", ""status"": ""NOT_APPLICABLE"", ""value"": null}, {""required"": false, ""slot"": ""dimension"", ""status"": ""CONTEXT"", ""value"": {""항목"": ""사회수혜금""}}, {""required"": false, ""slot"": ""comparison"", ""status"": ""NOT_APPLICABLE"", ""value"": null}, {""required"": true, ""slot"": ""calculation"", ""status"": ""CONTEXT"", ""value"": ""DIRECT_VALUE""}, {""required"": false, ""slot"": ""condition"", ""status"": ""NOT_APPLICABLE"", ""value"": null}, {""required"": false, ""slot"": ""source_hint"", ""status"": ""NOT_APPLICABLE"", ""value"": null}], ""reason_codes"": []}","[{""attempt"": 1, ""child_claim_id"": ""claim_c0516bdba161e2ef"", ""code_version"": ""admission-recovery-v3"", ""data_version"": ""claim-schema-v1"", ""finished_at"": ""2026-08-26T02:54:17.304612+00:00"", ""input_hash"": ""b55604b271a27ba2dfd51976da51882b863a2d9ce04300864e4df1cd9718ba10"", ""output_ref"": ""claim_c0516bdba161e2ef"", ""parent_claim_id"": ""A02022_18"", ""reason_code"": null, ""stage"": ""CLAIM_SPLIT"", ""started_at"": ""2026-08-26T02:54:17.304612+00:00"", ""status"": ""PASS""}, {""attempt"": 1, ""child_claim_id"": ""claim_c0516bdba161e2ef"", ""code_version"": ""admission-recovery-v3"", ""data_version"": ""claim-schema-v1"", ""finished_at"": ""2026-08-26T02:54:17.304612+00:00"", ""input_hash"": ""b55604b271a27ba2dfd51976da51882b863a2d9ce04300864e4df1cd9718ba10"", ""output_ref"": ""claim_c0516bdba161e2ef"", ""parent_claim_id"": ""A02022_18"", ""reason_code"": null, ""stage"": ""CLAIM_PARSE"", ""started_at"": ""2026-08-26T02:54:17.304612+00:00"", ""status"": ""PASS""}]"
A02022_18,3,claim_eb64c1ce7e5abde3,claim_730655d0099fd435,49.8%,"우리나라 역시 GDP 대비 정부 부채 비율이 2000년부터 2023년까지 34.6%포인트 늘었는데, 고령화와 관련이 높은 사회수혜금(44.5%포인트), 사회보장현물(49.8%) 지출이 큰 영향을 끼쳤다.",사회보장현물 지출,49.8,%,2023,ANNUAL,대한민국,,"{""기준"": ""GDP 대비""}",null,DIRECT_VALUE,null,,AUTO_OK,,MULTI_CLAIM_SPLIT,KOSIS_PIPELINE_ELIGIBLE,HOLD,NO_HARD_GUARD_CANDIDATE,,N,UNDETERMINED,HOLD,NO_HARD_GUARD_CANDIDATE,N,,0,0,"{""canonical_name"": ""사회보장현물 지출"", ""concept_id"": ""OBSERVED:4bd11c6efb539e6e"", ""kosis_search_terms"": [""사회보장현물 지출""], ""matched_alias"": ""사회보장현물 지출"", ""standard_key"": ""observed_indicator_4bd11c6efb539e6e"", ""status"": ""MATCHED""}",[],[],"{""eligible_for_official_search"": true, ""entries"": [{""required"": true, ""slot"": ""indicator"", ""status"": ""SOURCE"", ""value"": ""사회보장현물 지출""}, {""required"": true, ""slot"": ""value"", ""status"": ""SOURCE"", ""value"": 49.8}, {""required"": true, ""slot"": ""unit"", ""status"": ""SOURCE"", ""value"": ""%""}, {""required"": true, ""slot"": ""time"", ""status"": ""CONTEXT"", ""value"": ""2023""}, {""required"": false, ""slot"": ""frequency"", ""status"": ""CONTEXT"", ""value"": ""ANNUAL""}, {""required"": false, ""slot"": ""region"", ""status"": ""CONTEXT"", ""value"": ""대한민국""}, {""required"": false, ""slot"": ""population"", ""status"": ""NOT_APPLICABLE"", ""value"": null}, {""required"": false, ""slot"": ""dimension"", ""status"": ""CONTEXT"", ""value"": {""기준"": ""GDP 대비""}}, {""required"": false, ""slot"": ""comparison"", ""status"": ""NOT_APPLICABLE"", ""value"": null}, {""required"": true, ""slot"": ""calculation"", ""status"": ""CONTEXT"", ""value"": ""DIRECT_VALUE""}, {""required"": false, ""slot"": ""condition"", ""status"": ""NOT_APPLICABLE"", ""value"": null}, {""required"": false, ""slot"": ""source_hint"", ""status"": ""NOT_APPLICABLE"", ""value"": null}], ""reason_codes"": []}","[{""attempt"": 1, ""child_claim_id"": ""claim_730655d0099fd435"", ""code_version"": ""admission-recovery-v3"", ""data_version"": ""claim-schema-v1"", ""finished_at"": ""2026-08-26T02:54:17.304612+00:00"", ""input_hash"": ""b55604b271a27ba2dfd51976da51882b863a2d9ce04300864e4df1cd9718ba10"", ""output_ref"": ""claim_730655d0099fd435"", ""parent_claim_id"": ""A02022_18"", ""reason_code"": null, ""stage"": ""CLAIM_SPLIT"", ""started_at"": ""2026-08-26T02:54:17.304612+00:00"", ""status"": ""PASS""}, {""attempt"": 1, ""child_claim_id"": ""claim_730655d0099fd435"", ""code_version"": ""admission-recovery-v3"", ""data_version"": ""claim-schema-v1"", ""finished_at"": ""2026-08-26T02:54:17.304612+00:00"", ""input_hash"": ""b55604b271a27ba2dfd51976da51882b863a2d9ce04300864e4df1cd9718ba10"", ""output_ref"": ""claim_730655d0099fd435"", ""parent_claim_id"": ""A02022_18"", ""reason_code"": null, ""stage"": ""CLAIM_PARSE"", ""started_at"": ""2026-08-26T02:54:17.304612+00:00"", ""status"": ""PASS""}]"
A02096_15,1,claim_ff5fabf31d5ab7af,claim_bf5947ad7f089192,46.2%,하지만 사회 초년생인 청년층 고용률은 46.2%로 전년 동월 대비 0.7%포인트 감소했다.,고용률,46.2,%,2025년 6월,월,,사회 초년생인 청년층,null,"{""change_unit"": ""percentage_points"", ""change_value"": ""-0.7"", ""reference_period"": ""2024-06"", ""type"": ""YEAR_OVER_YEAR""}",DIRECT_VALUE,"{""direction"": ""DECREASE""}",,AUTO_OK,,MULTI_CLAIM_SPLIT,KOSIS_PIPELINE_ELIGIBLE,HOLD,AMBIGUOUS_MARGIN,,N,UNDETERMINED,HOLD,AMBIGUOUS_MARGIN,N,,1,0,"{""canonical_name"": ""고용률"", ""concept_id"": ""C000009"", ""kosis_search_terms"": [], ""matched_alias"": ""고용률"", ""standard_key"": ""employment_rate"", ""status"": ""MATCHED""}","[{""canonical_key"": ""ORG=101|TBL=DT_1DA7001S|ITM=T90|OBJ=B|MEMBER=계|PRD_SE=월|PRD_DE=2025-06"", ""dimension_codes"": {""B"": ""0""}, ""dimension_members"": {""B"": ""계""}, ""itm_id"": ""T90"", ""member_code"": ""계"", ""obj_id"": ""B"", ""org_id"": ""101"", ""prd_de"": ""2025-06"", ""prd_se"": ""월"", ""status"": ""CONFIRMED"", ""tbl_id"": ""DT_1DA7001S"", ""unit"": ""%""}]",[],"{""eligible_for_official_search"": true, ""entries"": [{""required"": true, ""slot"": ""indicator"", ""status"": ""SOURCE"", ""value"": ""고용률""}, {""required"": true, ""slot"": ""value"", ""status"": ""SOURCE"", ""value"": 46.2}, {""required"": true, ""slot"": ""unit"", ""status"": ""SOURCE"", ""value"": ""%""}, {""required"": true, ""slot"": ""time"", ""status"": ""CONTEXT"", ""value"": ""2025년 6월""}, {""required"": false, ""slot"": ""frequency"", ""status"": ""SOURCE"", ""value"": ""월""}, {""required"": false, ""slot"": ""region"", ""status"": ""NOT_APPLICABLE"", ""value"": null}, {""required"": false, ""slot"": ""population"", ""status"": ""SOURCE"", ""value"": ""사회 초년생인 청년층""}, {""required"": false, ""slot"": ""dimension"", ""status"": ""NOT_APPLICABLE"", ""value"": null}, {""required"": false, ""slot"": ""comparison"", ""status"": ""CONTEXT"", ""value"": {""change_unit"": ""percentage_points"", ""change_value"": ""-0.7"", ""reference_period"": ""2024-06"", ""type"": ""YEAR_OVER_YEAR""}}, {""required"": true, ""slot"": ""calculation"", ""status"": ""CONTEXT"", ""value"": ""DIRECT_VALUE""}, {""required"": false, ""slot"": ""condition"", ""status"": ""SOURCE"", ""value"": {""direction"": ""DECREASE""}}, {""required"": false, ""slot"": ""source_hint"", ""status"": ""NOT_APPLICABLE"", ""value"": null}], ""reason_codes"": []}","[{""attempt"": 1, ""child_claim_id"": ""claim_bf5947ad7f089192"", ""code_version"": ""admission-recovery-v3"", ""data_version"": ""claim-schema-v1"", ""finished_at"": ""2026-08-26T02:54:50.343975+00:00"", ""input_hash"": ""318a5ab9ccf5779969db54c6aa352b70db328da22c7c29d4148a354fbfc22839"", ""output_ref"": ""claim_bf5947ad7f089192"", ""parent_claim_id"": ""A02096_15"", ""reason_code"": null, ""stage"": ""CLAIM_SPLIT"", ""started_at"": ""2026-08-26T02:54:50.343975+00:00"", ""status"": ""PASS""}, {""attempt"": 1, ""child_claim_id"": ""claim_bf5947ad7f089192"", ""code_version"": ""admission-recovery-v3"", ""data_version"": ""claim-schema-v1"", ""finished_at"": ""2026-08-26T02:54:50.343975+00:00"", ""input_hash"": ""318a5ab9ccf5779969db54c6aa352b70db328da22c7c29d4148a354fbfc22839"", ""output_ref"": ""claim_bf5947ad7f089192"", ""parent_claim_id"": ""A02096_15"", ""reason_code"": null, ""stage"": ""CLAIM_PARSE"", ""started_at"": ""2026-08-26T02:54:50.343975+00:00"", ""status"": ""PASS""}]"
A02258_26,1,claim_33a229c35a60058a,claim_e1a0d5ced57d6fe1,-0.2%,"올해 1분기 우리나라 성장률은 -0.2%로 역성장했는데, 설비 투자 성장률은 이보다 낮은 -0.4%였다.",우리나라 성장률,-0.2,%,2025년 1분기,분기,대한민국,,"{""항목"": ""전체 경제""}","{""reference_indicator"": ""설비 투자 성장률"", ""reference_value"": ""-0.4%"", ""relation"": ""낮음""}",DIRECT_VALUE,"{""direction"": ""DECREASE""}",,AUTO_OK,"올해 1분기 우리나라 성장률이라는 단일 중심 수치가 명확하며, 설비 투자 성장률 -0.4%는 비교 정보로 함께 구조화함.",MULTI_CLAIM_SPLIT,KOSIS_PIPELINE_ELIGIBLE,HOLD,NO_HARD_GUARD_CANDIDATE,,N,UNDETERMINED,HOLD,NO_HARD_GUARD_CANDIDATE,N,,0,0,"{""canonical_name"": ""우리나라 성장률"", ""concept_id"": ""OBSERVED:afe8497aa3f1ea8d"", ""kosis_search_terms"": [""우리나라 성장률""], ""matched_alias"": ""우리나라 성장률"", ""standard_key"": ""observed_indicator_afe8497aa3f1ea8d"", ""status"": ""MATCHED""}",[],[],"{""eligible_for_official_search"": true, ""entries"": [{""required"": true, ""slot"": ""indicator"", ""status"": ""SOURCE"", ""value"": ""우리나라 성장률""}, {""required"": true, ""slot"": ""value"", ""status"": ""SOURCE"", ""value"": -0.2}, {""required"": true, ""slot"": ""unit"", ""status"": ""SOURCE"", ""value"": ""%""}, {""required"": true, ""slot"": ""time"", ""status"": ""SOURCE"", ""value"": ""2025년 1분기""}, {""required"": false, ""slot"": ""frequency"", ""status"": ""SOURCE"", ""value"": ""분기""}, {""required"": false, ""slot"": ""region"", ""status"": ""SOURCE"", ""value"": ""대한민국""}, {""required"": false, ""slot"": ""population"", ""status"": ""NOT_APPLICABLE"", ""value"": null}, {""required"": false, ""slot"": ""dimension"", ""status"": ""SOURCE"", ""value"": {""항목"": ""전체 경제""}}, {""required"": false, ""slot"": ""comparison"", ""status"": ""SOURCE"", ""value"": {""reference_indicator"": ""설비 투자 성장률"", ""reference_value"": ""-0.4%"", ""relation"": ""낮음""}}, {""required"": true, ""slot"": ""calculation"", ""status"": ""SOURCE"", ""value"": ""DIRECT_VALUE""}, {""required"": false, ""slot"": ""condition"", ""status"": ""SOURCE"", ""value"": {""direction"": ""DECREASE""}}, {""required"": false, ""slot"": ""source_hint"", ""status"": ""NOT_APPLICABLE"", ""value"": null}], ""reason_codes"": []}","[{""attempt"": 1, ""child_claim_id"": ""claim_e1a0d5ced57d6fe1"", ""code_version"": ""admission-recovery-v3"", ""data_version"": ""claim-schema-v1"", ""finished_at"": ""2026-08-26T02:55:31.778307+00:00"", ""input_hash"": ""9106862a2472e76c82a7d9ffbc26e284ff5e61f6034e87b5c6c6d30f1e5369fd"", ""output_ref"": ""claim_e1a0d5ced57d6fe1"", ""parent_claim_id"": ""A02258_26"", ""reason_code"": null, ""stage"": ""CLAIM_SPLIT"", ""started_at"": ""2026-08-26T02:55:31.778307+00:00"", ""status"": ""PASS""}, {""attempt"": 1, ""child_claim_id"": ""claim_e1a0d5ced57d6fe1"", ""code_version"": ""admission-recovery-v3"", ""data_version"": ""claim-schema-v1"", ""finished_at"": ""2026-08-26T02:55:31.778307+00:00"", ""input_hash"": ""9106862a2472e76c82a7d9ffbc26e284ff5e61f6034e87b5c6c6d30f1e5369fd"", ""output_ref"": ""claim_e1a0d5ced57d6fe1"", ""parent_claim_id"": ""A02258_26"", ""reason_code"": null, ""stage"": ""CLAIM_PARSE"", ""started_at"": ""2026-08-26T02:55:31.778307+00:00"", ""status"": ""PASS""}]"
A02258_26,2,claim_e47aaef210fa561d,claim_93ff1a329a3eb46a,-0.4%,"올해 1분기 우리나라 성장률은 -0.2%로 역성장했는데, 설비 투자 성장률은 이보다 낮은 -0.4%였다.",설비 투자 성장률,-0.4,%,2025년 1분기,분기,대한민국,,"{""investment_type"": ""설비 투자""}","{""reference_indicator"": ""우리나라 성장률"", ""reference_period"": ""올해 1분기"", ""reference_unit"": ""%"", ""reference_value"": ""-0.2"", ""type"": ""YEAR_OVER_YEAR""}",GROWTH_RATE,"{""direction"": ""DECREASE""}",,AUTO_OK,,MULTI_CLAIM_SPLIT,KOSIS_PIPELINE_ELIGIBLE,HOLD,NO_EVIDENCE_COORDINATE_CANDIDATE,,N,UNDETERMINED,HOLD,NO_EVIDENCE_COORDINATE_CANDIDATE,N,,0,0,"{""canonical_name"": ""설비 투자 성장률"", ""concept_id"": ""OBSERVED:3816843da74fbce5"", ""kosis_search_terms"": [""설비 투자 성장률""], ""matched_alias"": ""설비 투자 성장률"", ""standard_key"": ""observed_indicator_3816843da74fbce5"", ""status"": ""MATCHED""}",[],[],"{""eligible_for_official_search"": true, ""entries"": [{""required"": true, ""slot"": ""indicator"", ""status"": ""SOURCE"", ""value"": ""설비 투자 성장률""}, {""required"": true, ""slot"": ""value"", ""status"": ""SOURCE"", ""value"": -0.4}, {""required"": true, ""slot"": ""unit"", ""status"": ""SOURCE"", ""value"": ""%""}, {""required"": true, ""slot"": ""time"", ""status"": ""SOURCE"", ""value"": ""2025년 1분기""}, {""required"": false, ""slot"": ""frequency"", ""status"": ""SOURCE"", ""value"": ""분기""}, {""required"": false, ""slot"": ""region"", ""status"": ""SOURCE"", ""value"": ""대한민국""}, {""required"": false, ""slot"": ""population"", ""status"": ""NOT_APPLICABLE"", ""value"": null}, {""required"": false, ""slot"": ""dimension"", ""status"": ""SOURCE"", ""value"": {""investment_type"": ""설비 투자""}}, {""required"": true, ""slot"": ""comparison"", ""status"": ""SOURCE"", ""value"": {""reference_indicator"": ""우리나라 성장률"", ""reference_period"": ""올해 1분기"", ""reference_unit"": ""%"", ""reference_value"": ""-0.2"", ""type"": ""YEAR_OVER_YEAR""}}, {""required"": true, ""slot"": ""calculation"", ""status"": ""SOURCE"", ""value"": ""GROWTH_RATE""}, {""required"": true, ""slot"": ""condition"", ""status"": ""SOURCE"", ""value"": {""direction"": ""DECREASE""}}, {""required"": false, ""slot"": ""source_hint"", ""status"": ""NOT_APPLICABLE"", ""value"": null}], ""reason_codes"": []}","[{""attempt"": 1, ""child_claim_id"": ""claim_93ff1a329a3eb46a"", ""code_version"": ""admission-recovery-v3"", ""data_version"": ""claim-schema-v1"", ""finished_at"": ""2026-08-26T02:55:31.778307+00:00"", ""input_hash"": ""9106862a2472e76c82a7d9ffbc26e284ff5e61f6034e87b5c6c6d30f1e5369fd"", ""output_ref"": ""claim_93ff1a329a3eb46a"", ""parent_claim_id"": ""A02258_26"", ""reason_code"": null, ""stage"": ""CLAIM_SPLIT"", ""started_at"": ""2026-08-26T02:55:31.778307+00:00"", ""status"": ""PASS""}, {""attempt"": 1, ""child_claim_id"": ""claim_93ff1a329a3eb46a"", ""code_version"": ""admission-recovery-v3"", ""data_version"": ""claim-schema-v1"", ""finished_at"": ""2026-08-26T02:55:31.778307+00:00"", ""input_hash"": ""9106862a2472e76c82a7d9ffbc26e284ff5e61f6034e87b5c6c6d30f1e5369fd"", ""output_ref"": ""claim_93ff1a329a3eb46a"", ""parent_claim_id"": ""A02258_26"", ""reason_code"": null, ""stage"": ""CLAIM_PARSE"", ""started_at"": ""2026-08-26T02:55:31.778307+00:00"", ""status"": ""PASS""}]"
A02491_9,1,claim_bb8893be2f45fc0c,claim_f0617a257a35b445,19.7%,반도체 수출 비율은 19.7%로 지난해 같은 기간보다 0.6%포인트 상승했다.,수출 비율,19.7,%,,,,,"{""item"": ""반도체""}","{""change_unit"": ""%포인트"", ""change_value"": ""0.6"", ""reference_period"": ""지난해 같은 기간"", ""type"": ""PERIOD_OVER_PERIOD""}",SHARE,"{""direction"": ""INCREASE""}",,HOLD,MISSING_REQUIRED_SLOTS:time,MULTI_CLAIM_SPLIT,STRUCTURAL_HOLD,HUMAN_REVIEW,MISSING_REQUIRED_SLOTS:time,,N,,,,N,,0,0,null,[],[],"{""eligible_for_official_search"": false, ""entries"": [{""required"": true, ""slot"": ""indicator"", ""status"": ""SOURCE"", ""value"": ""수출 비율""}, {""required"": true, ""slot"": ""value"", ""status"": ""SOURCE"", ""value"": 19.7}, {""required"": true, ""slot"": ""unit"", ""status"": ""SOURCE"", ""value"": ""%""}, {""required"": true, ""slot"": ""time"", ""status"": ""MISSING"", ""value"": null}, {""required"": false, ""slot"": ""frequency"", ""status"": ""NOT_APPLICABLE"", ""value"": null}, {""required"": false, ""slot"": ""region"", ""status"": ""NOT_APPLICABLE"", ""value"": null}, {""required"": false, ""slot"": ""population"", ""status"": ""NOT_APPLICABLE"", ""value"": null}, {""required"": false, ""slot"": ""dimension"", ""status"": ""CONTEXT"", ""value"": {""item"": ""반도체""}}, {""required"": true, ""slot"": ""comparison"", ""status"": ""CONTEXT"", ""value"": {""change_unit"": ""%포인트"", ""change_value"": ""0.6"", ""reference_period"": ""지난해 같은 기간"", ""type"": ""PERIOD_OVER_PERIOD""}}, {""required"": true, ""slot"": ""calculation"", ""status"": ""SOURCE"", ""value"": ""SHARE""}, {""required"": false, ""slot"": ""condition"", ""status"": ""SOURCE"", ""value"": {""direction"": ""INCREASE""}}, {""required"": false, ""slot"": ""source_hint"", ""status"": ""NOT_APPLICABLE"", ""value"": null}], ""reason_codes"": [""MISSING_REQUIRED_SLOTS:time""]}","[{""attempt"": 1, ""child_claim_id"": ""claim_f0617a257a35b445"", ""code_version"": ""admission-recovery-v3"", ""data_version"": ""claim-schema-v1"", ""finished_at"": ""2026-08-26T02:55:54.078502+00:00"", ""input_hash"": ""821026eca954df7c7936645e6abeeef8bef464487b979513fa5dc7da22638d17"", ""output_ref"": ""claim_f0617a257a35b445"", ""parent_claim_id"": ""A02491_9"", ""reason_code"": null, ""stage"": ""CLAIM_SPLIT"", ""started_at"": ""2026-08-26T02:55:54.078502+00:00"", ""status"": ""PASS""}, {""attempt"": 1, ""child_claim_id"": ""claim_f0617a257a35b445"", ""code_version"": ""admission-recovery-v3"", ""data_version"": ""claim-schema-v1"", ""finished_at"": ""2026-08-26T02:55:54.078502+00:00"", ""input_hash"": ""821026eca954df7c7936645e6abeeef8bef464487b979513fa5dc7da22638d17"", ""output_ref"": ""claim_f0617a257a35b445"", ""parent_claim_id"": ""A02491_9"", ""reason_code"": ""MISSING_REQUIRED_SLOTS:time"", ""stage"": ""CLAIM_PARSE"", ""started_at"": ""2026-08-26T02:55:54.078502+00:00"", ""status"": ""HUMAN_REVIEW""}]"
A02558_11,1,claim_3375a461ad29e545,claim_0afa992068d26d10,441만4000명,반면 국내 산업 중 가장 많은 인력을 고용하는 제조업은 지난달 취업자 수가 441만4000명으로 전년 동월 대비 8만3000명 줄었다.,취업자 수,4414000.0,명,2025년 6월,월,국내,취업자,"{""industry"": ""제조업""}","{""change_value"": ""83000"", ""direction"": ""DECREASE"", ""reference_period"": ""전년 동월"", ""type"": ""YEAR_OVER_YEAR""}",DIRECT_VALUE,null,기사 본문,AUTO_OK,,MULTI_CLAIM_SPLIT,KOSIS_PIPELINE_ELIGIBLE,HOLD,NO_HARD_GUARD_CANDIDATE,,N,UNDETERMINED,HOLD,NO_HARD_GUARD_CANDIDATE,N,,0,0,"{""canonical_name"": ""취업자 수"", ""concept_id"": ""C000008"", ""kosis_search_terms"": [], ""matched_alias"": ""취업자 수"", ""standard_key"": ""employment_count"", ""status"": ""MATCHED""}",[],[],"{""eligible_for_official_search"": true, ""entries"": [{""required"": true, ""slot"": ""indicator"", ""status"": ""SOURCE"", ""value"": ""취업자 수""}, {""required"": true, ""slot"": ""value"", ""status"": ""SOURCE"", ""value"": 4414000.0}, {""required"": true, ""slot"": ""unit"", ""status"": ""SOURCE"", ""value"": ""명""}, {""required"": true, ""slot"": ""time"", ""status"": ""SOURCE"", ""value"": ""2025년 6월""}, {""required"": false, ""slot"": ""frequency"", ""status"": ""SOURCE"", ""value"": ""월""}, {""required"": false, ""slot"": ""region"", ""status"": ""SOURCE"", ""value"": ""국내""}, {""required"": false, ""slot"": ""population"", ""status"": ""CONTEXT"", ""value"": ""취업자""}, {""required"": false, ""slot"": ""dimension"", ""status"": ""CONTEXT"", ""value"": {""industry"": ""제조업""}}, {""required"": false, ""slot"": ""comparison"", ""status"": ""CONTEXT"", ""value"": {""change_value"": ""83000"", ""direction"": ""DECREASE"", ""reference_period"": ""전년 동월"", ""type"": ""YEAR_OVER_YEAR""}}, {""required"": true, ""slot"": ""calculation"", ""status"": ""CONTEXT"", ""value"": ""DIRECT_VALUE""}, {""required"": false, ""slot"": ""condition"", ""status"": ""NOT_APPLICABLE"", ""value"": null}, {""required"": false, ""slot"": ""source_hint"", ""status"": ""CONTEXT"", ""value"": ""기사 본문""}], ""reason_codes"": []}","[{""attempt"": 1, ""child_claim_id"": ""claim_0afa992068d26d10"", ""code_version"": ""admission-recovery-v3"", ""data_version"": ""claim-schema-v1"", ""finished_at"": ""2026-08-26T02:56:52.819671+00:00"", ""input_hash"": ""34a488e4f873ad3c2b3209d5b7bfc464d79de953903adbbdcf302879a5156bbd"", ""output_ref"": ""claim_0afa992068d26d10"", ""parent_claim_id"": ""A02558_11"", ""reason_code"": null, ""stage"": ""CLAIM_SPLIT"", ""started_at"": ""2026-08-26T02:56:52.819671+00:00"", ""status"": ""PASS""}, {""attempt"": 1, ""child_claim_id"": ""claim_0afa992068d26d10"", ""code_version"": ""admission-recovery-v3"", ""data_version"": ""claim-schema-v1"", ""finished_at"": ""2026-08-26T02:56:52.819671+00:00"", ""input_hash"": ""34a488e4f873ad3c2b3209d5b7bfc464d79de953903adbbdcf302879a5156bbd"", ""output_ref"": ""claim_0afa992068d26d10"", ""parent_claim_id"": ""A02558_11"", ""reason_code"": null, ""stage"": ""CLAIM_PARSE"", ""started_at"": ""2026-08-26T02:56:52.819671+00:00"", ""status"": ""PASS""}]"
A02558_17,1,claim_1c76179ada4cb22c,claim_c4c268daa38cdb93,45.6%,지난달 15~29세 고용률은 45.6%로 전년 동월 대비 1%포인트 하락했다.,고용률,45.6,%,2025년 6월,월,,,"{""age"": ""15~29세""}","{""change_unit"": ""%포인트"", ""change_value"": ""1"", ""reference_period"": ""전년 동월"", ""type"": ""YEAR_OVER_YEAR""}",DIRECT_VALUE,"{""direction"": ""DECREASE""}",,AUTO_OK,,MULTI_CLAIM_SPLIT,KOSIS_PIPELINE_ELIGIBLE,AUTO,WITHIN_TOLERANCE,,N,MATCH,AUTO,WITHIN_TOLERANCE,Y,45.6,1,1,"{""canonical_name"": ""고용률"", ""concept_id"": ""C000009"", ""kosis_search_terms"": [], ""matched_alias"": ""고용률"", ""standard_key"": ""employment_rate"", ""status"": ""MATCHED""}","[{""canonical_key"": ""ORG=101|TBL=DT_1DA7002S|ITM=T90|OBJ=G|MEMBER=15 - 29세|PRD_SE=월|PRD_DE=2025-06"", ""dimension_codes"": {""G"": ""75""}, ""dimension_members"": {""G"": ""15 - 29세""}, ""itm_id"": ""T90"", ""member_code"": ""15 - 29세"", ""obj_id"": ""G"", ""org_id"": ""101"", ""prd_de"": ""2025-06"", ""prd_se"": ""월"", ""status"": ""CONFIRMED"", ""tbl_id"": ""DT_1DA7002S"", ""unit"": ""%""}]","[{""content_hash"": ""df4593dd2840ba712cd7da3ba0bf89ab016b9f11d8a20e953378b868f528e725"", ""evidence_key"": ""ORG=101|TBL=DT_1DA7002S|ITM=T90|OBJ=G|MEMBER=15 - 29세|PRD_SE=월|PRD_DE=2025-06"", ""publication"": {""content_hash"": ""16c518b934ac27704e2ecb03cd990c37d3637ef197e1cd1e347bef5a224b1cf6"", ""coverage_end_period"": null, ""coverage_start_period"": null, ""evidence_scope"": ""PERIOD"", ""pub_date_text"": ""조사기준 월 익월"", ""pub_period"": ""월"", ""publication_method_url"": ""https://www.kostat.go.kr/board.es?act=list&mid=a10301010000&keyField=T&bid=210&keyWord=2025%EB%85%84+6%EC%9B%94+%EA%B3%A0%EC%9A%A9%EB%8F%99%ED%96%A5"", ""published_at"": ""2025-07-16"", ""reference_period"": ""2025-06"", ""retrieved_at"": ""2026-08-26T02:57:14.305487Z"", ""source_url"": ""https://www.kostat.go.kr/board.es?mid=a10301010000&bid=210&act=view&list_no=437607&tag=&nPage=1&ref_bid="", ""status"": ""VERIFIED""}, ""retrieved_at"": ""2026-08-26T02:57:21.578317Z"", ""source"": ""API"", ""source_url"": ""https://kosis.kr/openapi/Param/statisticsParameterData.do?method=getList&orgId=101&tblId=DT_1DA7002S&itmId=T90&prdSe=M&startPrdDe=202506&endPrdDe=202506&objL1=75"", ""value_last_changed_at"": ""2025-07-03""}]","{""eligible_for_official_search"": true, ""entries"": [{""required"": true, ""slot"": ""indicator"", ""status"": ""SOURCE"", ""value"": ""고용률""}, {""required"": true, ""slot"": ""value"", ""status"": ""SOURCE"", ""value"": 45.6}, {""required"": true, ""slot"": ""unit"", ""status"": ""SOURCE"", ""value"": ""%""}, {""required"": true, ""slot"": ""time"", ""status"": ""SOURCE"", ""value"": ""2025년 6월""}, {""required"": false, ""slot"": ""frequency"", ""status"": ""SOURCE"", ""value"": ""월""}, {""required"": false, ""slot"": ""region"", ""status"": ""NOT_APPLICABLE"", ""value"": null}, {""required"": false, ""slot"": ""population"", ""status"": ""NOT_APPLICABLE"", ""value"": null}, {""required"": false, ""slot"": ""dimension"", ""status"": ""SOURCE"", ""value"": {""age"": ""15~29세""}}, {""required"": false, ""slot"": ""comparison"", ""status"": ""SOURCE"", ""value"": {""change_unit"": ""%포인트"", ""change_value"": ""1"", ""reference_period"": ""전년 동월"", ""type"": ""YEAR_OVER_YEAR""}}, {""required"": true, ""slot"": ""calculation"", ""status"": ""SOURCE"", ""value"": ""DIRECT_VALUE""}, {""required"": false, ""slot"": ""condition"", ""status"": ""SOURCE"", ""value"": {""direction"": ""DECREASE""}}, {""required"": false, ""slot"": ""source_hint"", ""status"": ""NOT_APPLICABLE"", ""value"": null}], ""reason_codes"": []}","[{""attempt"": 1, ""child_claim_id"": ""claim_c4c268daa38cdb93"", ""code_version"": ""admission-recovery-v3"", ""data_version"": ""claim-schema-v1"", ""finished_at"": ""2026-08-26T02:57:21.578317+00:00"", ""input_hash"": ""359545ab9ab67510be54c6ff691dce280dce73917085dbd9721e030694f77a2f"", ""output_ref"": ""claim_c4c268daa38cdb93"", ""parent_claim_id"": ""A02558_17"", ""reason_code"": null, ""stage"": ""CLAIM_SPLIT"", ""started_at"": ""2026-08-26T02:57:21.578317+00:00"", ""status"": ""PASS""}, {""attempt"": 1, ""child_claim_id"": ""claim_c4c268daa38cdb93"", ""code_version"": ""admission-recovery-v3"", ""data_version"": ""claim-schema-v1"", ""finished_at"": ""2026-08-26T02:57:21.578317+00:00"", ""input_hash"": ""359545ab9ab67510be54c6ff691dce280dce73917085dbd9721e030694f77a2f"", ""output_ref"": ""claim_c4c268daa38cdb93"", ""parent_claim_id"": ""A02558_17"", ""reason_code"": null, ""stage"": ""CLAIM_PARSE"", ""started_at"": ""2026-08-26T02:57:21.578317+00:00"", ""status"": ""PASS""}]"
A02558_9,1,claim_a39c95dc02922b4e,claim_16812d69649466fc,323만4000명,고령 돌봄 수요 확대 등에 따라 지난달 보건·사회복지서비스업 취업자 수는 323만4000명으로 전년 동월 대비 21만6000명 증가했다.,취업자 수,3234000.0,명,2025년 6월,월,대한민국,취업자,"{""산업"": ""보건·사회복지서비스업""}","{""change_direction"": ""INCREASE"", ""change_value"": ""216000"", ""reference_period"": ""전년 동월"", ""type"": ""YEAR_OVER_YEAR""}",DIRECT_VALUE,"{""direction"": ""INCREASE""}",,AUTO_OK,,MULTI_CLAIM_SPLIT,KOSIS_PIPELINE_ELIGIBLE,HOLD,NO_HARD_GUARD_CANDIDATE,,N,UNDETERMINED,HOLD,NO_HARD_GUARD_CANDIDATE,N,,0,0,"{""canonical_name"": ""취업자 수"", ""concept_id"": ""C000008"", ""kosis_search_terms"": [], ""matched_alias"": ""취업자 수"", ""standard_key"": ""employment_count"", ""status"": ""MATCHED""}",[],[],"{""eligible_for_official_search"": true, ""entries"": [{""required"": true, ""slot"": ""indicator"", ""status"": ""SOURCE"", ""value"": ""취업자 수""}, {""required"": true, ""slot"": ""value"", ""status"": ""SOURCE"", ""value"": 3234000.0}, {""required"": true, ""slot"": ""unit"", ""status"": ""SOURCE"", ""value"": ""명""}, {""required"": true, ""slot"": ""time"", ""status"": ""SOURCE"", ""value"": ""2025년 6월""}, {""required"": false, ""slot"": ""frequency"", ""status"": ""SOURCE"", ""value"": ""월""}, {""required"": false, ""slot"": ""region"", ""status"": ""SOURCE"", ""value"": ""대한민국""}, {""required"": false, ""slot"": ""population"", ""status"": ""SOURCE"", ""value"": ""취업자""}, {""required"": false, ""slot"": ""dimension"", ""status"": ""SOURCE"", ""value"": {""산업"": ""보건·사회복지서비스업""}}, {""required"": false, ""slot"": ""comparison"", ""status"": ""SOURCE"", ""value"": {""change_direction"": ""INCREASE"", ""change_value"": ""216000"", ""reference_period"": ""전년 동월"", ""type"": ""YEAR_OVER_YEAR""}}, {""required"": true, ""slot"": ""calculation"", ""status"": ""SOURCE"", ""value"": ""DIRECT_VALUE""}, {""required"": false, ""slot"": ""condition"", ""status"": ""SOURCE"", ""value"": {""direction"": ""INCREASE""}}, {""required"": false, ""slot"": ""source_hint"", ""status"": ""NOT_APPLICABLE"", ""value"": null}], ""reason_codes"": []}","[{""attempt"": 1, ""child_claim_id"": ""claim_16812d69649466fc"", ""code_version"": ""admission-recovery-v3"", ""data_version"": ""claim-schema-v1"", ""finished_at"": ""2026-08-26T02:57:45.012733+00:00"", ""input_hash"": ""1784f2b8437be411cd430e12c499a70177d2a59f0f2b9179e447567726e6c778"", ""output_ref"": ""claim_16812d69649466fc"", ""parent_claim_id"": ""A02558_9"", ""reason_code"": null, ""stage"": ""CLAIM_SPLIT"", ""started_at"": ""2026-08-26T02:57:45.012733+00:00"", ""status"": ""PASS""}, {""attempt"": 1, ""child_claim_id"": ""claim_16812d69649466fc"", ""code_version"": ""admission-recovery-v3"", ""data_version"": ""claim-schema-v1"", ""finished_at"": ""2026-08-26T02:57:45.012733+00:00"", ""input_hash"": ""1784f2b8437be411cd430e12c499a70177d2a59f0f2b9179e447567726e6c778"", ""output_ref"": ""claim_16812d69649466fc"", ""parent_claim_id"": ""A02558_9"", ""reason_code"": null, ""stage"": ""CLAIM_PARSE"", ""started_at"": ""2026-08-26T02:57:45.012733+00:00"", ""status"": ""PASS""}]"
A02617_1,1,claim_caffc15c364b5650,claim_6bc03d41a1248571,3곳,지난해 ‘인구 감소 지역’ 4곳 중 3곳의 자살률이 전국 평균보다 높은 것으로 나타났다.,자살률,3.0,곳,2024년,년,인구 감소 지역,,"{""기준"": ""전국 평균보다 높음""}","{""qualifier"": ""4곳 중"", ""reference"": ""전국 평균"", ""type"": ""THRESHOLD_COMPARISON""}",SHARE,"{""comparison_target"": ""전국 평균"", ""operator"": ""GT"", ""scope"": ""인구 감소 지역 4곳""}",,HOLD,CLAIM_UNIT_INCOMPATIBLE,MULTI_CLAIM_SPLIT,CONTEXT_REQUIRED,HUMAN_REVIEW,CLAIM_UNIT_INCOMPATIBLE,,N,,,,N,,0,0,null,[],[],"{""eligible_for_official_search"": true, ""entries"": [{""required"": true, ""slot"": ""indicator"", ""status"": ""SOURCE"", ""value"": ""자살률""}, {""required"": true, ""slot"": ""value"", ""status"": ""SOURCE"", ""value"": 3.0}, {""required"": true, ""slot"": ""unit"", ""status"": ""SOURCE"", ""value"": ""곳""}, {""required"": true, ""slot"": ""time"", ""status"": ""SOURCE"", ""value"": ""2024년""}, {""required"": false, ""slot"": ""frequency"", ""status"": ""SOURCE"", ""value"": ""년""}, {""required"": false, ""slot"": ""region"", ""status"": ""CONTEXT"", ""value"": ""인구 감소 지역""}, {""required"": false, ""slot"": ""population"", ""status"": ""NOT_APPLICABLE"", ""value"": null}, {""required"": false, ""slot"": ""dimension"", ""status"": ""CONTEXT"", ""value"": {""기준"": ""전국 평균보다 높음""}}, {""required"": true, ""slot"": ""comparison"", ""status"": ""CONTEXT"", ""value"": {""qualifier"": ""4곳 중"", ""reference"": ""전국 평균"", ""type"": ""THRESHOLD_COMPARISON""}}, {""required"": true, ""slot"": ""calculation"", ""status"": ""CONTEXT"", ""value"": ""SHARE""}, {""required"": false, ""slot"": ""condition"", ""status"": ""CONTEXT"", ""value"": {""comparison_target"": ""전국 평균"", ""operator"": ""GT"", ""scope"": ""인구 감소 지역 4곳""}}, {""required"": false, ""slot"": ""source_hint"", ""status"": ""NOT_APPLICABLE"", ""value"": null}], ""reason_codes"": []}","[{""attempt"": 1, ""child_claim_id"": ""claim_6bc03d41a1248571"", ""code_version"": ""admission-recovery-v3"", ""data_version"": ""claim-schema-v1"", ""finished_at"": ""2026-08-26T02:57:58.180963+00:00"", ""input_hash"": ""ed43b0e7835c729bc0e7a731853981d2e094644acc29f18260c86d5b7d1f46bc"", ""output_ref"": ""claim_6bc03d41a1248571"", ""parent_claim_id"": ""A02617_1"", ""reason_code"": null, ""stage"": ""CLAIM_SPLIT"", ""started_at"": ""2026-08-26T02:57:58.180963+00:00"", ""status"": ""PASS""}, {""attempt"": 1, ""child_claim_id"": ""claim_6bc03d41a1248571"", ""code_version"": ""admission-recovery-v3"", ""data_version"": ""claim-schema-v1"", ""finished_at"": ""2026-08-26T02:57:58.180963+00:00"", ""input_hash"": ""ed43b0e7835c729bc0e7a731853981d2e094644acc29f18260c86d5b7d1f46bc"", ""output_ref"": ""claim_6bc03d41a1248571"", ""parent_claim_id"": ""A02617_1"", ""reason_code"": ""CLAIM_UNIT_INCOMPATIBLE"", ""stage"": ""CLAIM_PARSE"", ""started_at"": ""2026-08-26T02:57:58.180963+00:00"", ""status"": ""HUMAN_REVIEW""}]"
A02617_13,1,claim_f9783093e8adb96f,claim_8f09c235a74feec3,8.3명,"예컨대, 지난해 우리나라 인구 10만명당 정신과 의사는 8.3명인데, 인구 감소 지역은 이에 못 미친다.",정신과 의사 수,8.3,명/인구 10만명,2024년,년,우리나라,전체 인구,"{""직종"": ""정신과 의사""}","{""reference_group"": ""인구 감소 지역"", ""type"": ""BELOW_REFERENCE""}",DIRECT_VALUE,"{""direction"": ""DECREASE""}",기사 원문,HOLD,TARGET_VALUE_NOT_IN_SOURCE_SENTENCE,MULTI_CLAIM_SPLIT,CONTEXT_REQUIRED,HUMAN_REVIEW,TARGET_VALUE_NOT_IN_SOURCE_SENTENCE,,N,,,,N,,0,0,null,[],[],"{""eligible_for_official_search"": true, ""entries"": [{""required"": true, ""slot"": ""indicator"", ""status"": ""SOURCE"", ""value"": ""정신과 의사 수""}, {""required"": true, ""slot"": ""value"", ""status"": ""SOURCE"", ""value"": 8.3}, {""required"": true, ""slot"": ""unit"", ""status"": ""SOURCE"", ""value"": ""명/인구 10만명""}, {""required"": true, ""slot"": ""time"", ""status"": ""SOURCE"", ""value"": ""2024년""}, {""required"": false, ""slot"": ""frequency"", ""status"": ""SOURCE"", ""value"": ""년""}, {""required"": false, ""slot"": ""region"", ""status"": ""SOURCE"", ""value"": ""우리나라""}, {""required"": false, ""slot"": ""population"", ""status"": ""SOURCE"", ""value"": ""전체 인구""}, {""required"": false, ""slot"": ""dimension"", ""status"": ""SOURCE"", ""value"": {""직종"": ""정신과 의사""}}, {""required"": false, ""slot"": ""comparison"", ""status"": ""SOURCE"", ""value"": {""reference_group"": ""인구 감소 지역"", ""type"": ""BELOW_REFERENCE""}}, {""required"": true, ""slot"": ""calculation"", ""status"": ""SOURCE"", ""value"": ""DIRECT_VALUE""}, {""required"": false, ""slot"": ""condition"", ""status"": ""SOURCE"", ""value"": {""direction"": ""DECREASE""}}, {""required"": false, ""slot"": ""source_hint"", ""status"": ""SOURCE"", ""value"": ""기사 원문""}], ""reason_codes"": []}","[{""attempt"": 1, ""child_claim_id"": ""claim_8f09c235a74feec3"", ""code_version"": ""admission-recovery-v3"", ""data_version"": ""claim-schema-v1"", ""finished_at"": ""2026-08-26T02:58:06.327588+00:00"", ""input_hash"": ""f7505551124d7188f0fd76d7940e05bdaefb4254792a6bded3f6f581dee5bc04"", ""output_ref"": ""claim_8f09c235a74feec3"", ""parent_claim_id"": ""A02617_13"", ""reason_code"": null, ""stage"": ""CLAIM_SPLIT"", ""started_at"": ""2026-08-26T02:58:06.327588+00:00"", ""status"": ""PASS""}, {""attempt"": 1, ""child_claim_id"": ""claim_8f09c235a74feec3"", ""code_version"": ""admission-recovery-v3"", ""data_version"": ""claim-schema-v1"", ""finished_at"": ""2026-08-26T02:58:06.327588+00:00"", ""input_hash"": ""f7505551124d7188f0fd76d7940e05bdaefb4254792a6bded3f6f581dee5bc04"", ""output_ref"": ""claim_8f09c235a74feec3"", ""parent_claim_id"": ""A02617_13"", ""reason_code"": ""TARGET_VALUE_NOT_IN_SOURCE_SENTENCE"", ""stage"": ""CLAIM_PARSE"", ""started_at"": ""2026-08-26T02:58:06.327588+00:00"", ""status"": ""HUMAN_REVIEW""}]"
A02617_2,1,claim_9560077fad71b3bd,claim_a3a6bdc0048e339a,36.3명,9일 국회 보건복지위원회 소속 김선민(조국혁신당) 의원이 국가데이터처 자료를 분석한 결과 인구 감소 지역으로 지정된 전국 89개 시군구의 지난해 자살률은 인구 10만명당 36.3명이었다.,자살률,36.3,명/인구 10만명,2024년,년,전국 89개 시군구,인구 감소 지역으로 지정된 지역의 인구,null,null,DIRECT_VALUE,null,국가데이터처 자료를 김선민 의원이 분석,HOLD,TARGET_VALUE_NOT_IN_SOURCE_SENTENCE,MULTI_CLAIM_SPLIT,CONTEXT_REQUIRED,HUMAN_REVIEW,TARGET_VALUE_NOT_IN_SOURCE_SENTENCE,,N,,,,N,,0,0,null,[],[],"{""eligible_for_official_search"": true, ""entries"": [{""required"": true, ""slot"": ""indicator"", ""status"": ""SOURCE"", ""value"": ""자살률""}, {""required"": true, ""slot"": ""value"", ""status"": ""SOURCE"", ""value"": 36.3}, {""required"": true, ""slot"": ""unit"", ""status"": ""SOURCE"", ""value"": ""명/인구 10만명""}, {""required"": true, ""slot"": ""time"", ""status"": ""SOURCE"", ""value"": ""2024년""}, {""required"": false, ""slot"": ""frequency"", ""status"": ""SOURCE"", ""value"": ""년""}, {""required"": false, ""slot"": ""region"", ""status"": ""SOURCE"", ""value"": ""전국 89개 시군구""}, {""required"": false, ""slot"": ""population"", ""status"": ""SOURCE"", ""value"": ""인구 감소 지역으로 지정된 지역의 인구""}, {""required"": false, ""slot"": ""dimension"", ""status"": ""NOT_APPLICABLE"", ""value"": null}, {""required"": false, ""slot"": ""comparison"", ""status"": ""NOT_APPLICABLE"", ""value"": null}, {""required"": true, ""slot"": ""calculation"", ""status"": ""SOURCE"", ""value"": ""DIRECT_VALUE""}, {""required"": false, ""slot"": ""condition"", ""status"": ""NOT_APPLICABLE"", ""value"": null}, {""required"": false, ""slot"": ""source_hint"", ""status"": ""SOURCE"", ""value"": ""국가데이터처 자료를 김선민 의원이 분석""}], ""reason_codes"": []}","[{""attempt"": 1, ""child_claim_id"": ""claim_a3a6bdc0048e339a"", ""code_version"": ""admission-recovery-v3"", ""data_version"": ""claim-schema-v1"", ""finished_at"": ""2026-08-26T02:58:13.492041+00:00"", ""input_hash"": ""1ea3212814e6ff6d2c6ff256e5c8804a76a4baee5d1306fe400b9ffff11a9c50"", ""output_ref"": ""claim_a3a6bdc0048e339a"", ""parent_claim_id"": ""A02617_2"", ""reason_code"": null, ""stage"": ""CLAIM_SPLIT"", ""started_at"": ""2026-08-26T02:58:13.492041+00:00"", ""status"": ""PASS""}, {""attempt"": 1, ""child_claim_id"": ""claim_a3a6bdc0048e339a"", ""code_version"": ""admission-recovery-v3"", ""data_version"": ""claim-schema-v1"", ""finished_at"": ""2026-08-26T02:58:13.492041+00:00"", ""input_hash"": ""1ea3212814e6ff6d2c6ff256e5c8804a76a4baee5d1306fe400b9ffff11a9c50"", ""output_ref"": ""claim_a3a6bdc0048e339a"", ""parent_claim_id"": ""A02617_2"", ""reason_code"": ""TARGET_VALUE_NOT_IN_SOURCE_SENTENCE"", ""stage"": ""CLAIM_PARSE"", ""started_at"": ""2026-08-26T02:58:13.492041+00:00"", ""status"": ""HUMAN_REVIEW""}]"
A02639_9,1,claim_286523591d1812ba,claim_f16f1763abf45e37,30만명,지난달에는 민생회복 소비쿠폰 효과로 취업자 수가 30만명 넘게 늘었지만 주로 단기직에 집중되면서 청년층은 오히려 14만6000명 감소했다.,취업자 수 증가,300000.0,명,지난달,월간,,취업자,"{""고용형태"": ""단기직 중심""}",null,THRESHOLD,"{""operator"": ""GT"", ""threshold_unit"": ""명"", ""threshold_value"": ""300000""}",민생회복 소비쿠폰 효과,HOLD,문장에 전체 취업자 수 30만명 초과 증가와 청년층 취업자 14만6000명 감소라는 독립적으로 검증 가능한 수치가 함께 있어 단일 주장으로 확정할 수 없음,MULTI_CLAIM_SPLIT,STRUCTURAL_HOLD,HUMAN_REVIEW,문장에 전체 취업자 수 30만명 초과 증가와 청년층 취업자 14만6000명 감소라는 독립적으로 검증 가능한 수치가 함께 있어 단일 주장으로 확정할 수 없음,,N,,,,N,,0,0,null,[],[],"{""eligible_for_official_search"": true, ""entries"": [{""required"": true, ""slot"": ""indicator"", ""status"": ""SOURCE"", ""value"": ""취업자 수 증가""}, {""required"": true, ""slot"": ""value"", ""status"": ""SOURCE"", ""value"": 300000.0}, {""required"": true, ""slot"": ""unit"", ""status"": ""SOURCE"", ""value"": ""명""}, {""required"": true, ""slot"": ""time"", ""status"": ""SOURCE"", ""value"": ""지난달""}, {""required"": false, ""slot"": ""frequency"", ""status"": ""SOURCE"", ""value"": ""월간""}, {""required"": false, ""slot"": ""region"", ""status"": ""NOT_APPLICABLE"", ""value"": null}, {""required"": false, ""slot"": ""population"", ""status"": ""SOURCE"", ""value"": ""취업자""}, {""required"": false, ""slot"": ""dimension"", ""status"": ""SOURCE"", ""value"": {""고용형태"": ""단기직 중심""}}, {""required"": false, ""slot"": ""comparison"", ""status"": ""NOT_APPLICABLE"", ""value"": null}, {""required"": true, ""slot"": ""calculation"", ""status"": ""SOURCE"", ""value"": ""THRESHOLD""}, {""required"": true, ""slot"": ""condition"", ""status"": ""SOURCE"", ""value"": {""operator"": ""GT"", ""threshold_unit"": ""명"", ""threshold_value"": ""300000""}}, {""required"": false, ""slot"": ""source_hint"", ""status"": ""SOURCE"", ""value"": ""민생회복 소비쿠폰 효과""}], ""reason_codes"": []}","[{""attempt"": 1, ""child_claim_id"": ""claim_f16f1763abf45e37"", ""code_version"": ""admission-recovery-v3"", ""data_version"": ""claim-schema-v1"", ""finished_at"": ""2026-08-26T02:58:44.930806+00:00"", ""input_hash"": ""e64725a8e08e19a1b9f1272358b019a39bf61e37a04dc09de44c9c8a002269e9"", ""output_ref"": ""claim_f16f1763abf45e37"", ""parent_claim_id"": ""A02639_9"", ""reason_code"": null, ""stage"": ""CLAIM_SPLIT"", ""started_at"": ""2026-08-26T02:58:44.930806+00:00"", ""status"": ""PASS""}, {""attempt"": 1, ""child_claim_id"": ""claim_f16f1763abf45e37"", ""code_version"": ""admission-recovery-v3"", ""data_version"": ""claim-schema-v1"", ""finished_at"": ""2026-08-26T02:58:44.930806+00:00"", ""input_hash"": ""e64725a8e08e19a1b9f1272358b019a39bf61e37a04dc09de44c9c8a002269e9"", ""output_ref"": ""claim_f16f1763abf45e37"", ""parent_claim_id"": ""A02639_9"", ""reason_code"": ""문장에 전체 취업자 수 30만명 초과 증가와 청년층 취업자 14만6000명 감소라는 독립적으로 검증 가능한 수치가 함께 있어 단일 주장으로 확정할 수 없음"", ""stage"": ""CLAIM_PARSE"", ""started_at"": ""2026-08-26T02:58:44.930806+00:00"", ""status"": ""HUMAN_REVIEW""}]"
A02639_9,2,claim_87a0a69c11d078df,claim_97d8e15f3d42614b,14만6000명,지난달에는 민생회복 소비쿠폰 효과로 취업자 수가 30만명 넘게 늘었지만 주로 단기직에 집중되면서 청년층은 오히려 14만6000명 감소했다.,취업자 수,146000.0,명,2025년 9월,월,,청년층,"{""고용형태"": ""단기직 중심""}",null,DIRECT_VALUE,"{""direction"": ""DECREASE""}",민생회복 소비쿠폰 효과 관련 고용 동향 보도,AUTO_OK,청년층 취업자 수가 지난달 14만6000명 감소했다는 하나의 명확한 수치 주장으로 구조화함,MULTI_CLAIM_SPLIT,KOSIS_PIPELINE_ELIGIBLE,HOLD,NO_HARD_GUARD_CANDIDATE,,N,UNDETERMINED,HOLD,NO_HARD_GUARD_CANDIDATE,N,,0,0,"{""canonical_name"": ""취업자 수"", ""concept_id"": ""C000008"", ""kosis_search_terms"": [], ""matched_alias"": ""취업자 수"", ""standard_key"": ""employment_count"", ""status"": ""MATCHED""}",[],[],"{""eligible_for_official_search"": true, ""entries"": [{""required"": true, ""slot"": ""indicator"", ""status"": ""SOURCE"", ""value"": ""취업자 수""}, {""required"": true, ""slot"": ""value"", ""status"": ""SOURCE"", ""value"": 146000.0}, {""required"": true, ""slot"": ""unit"", ""status"": ""SOURCE"", ""value"": ""명""}, {""required"": true, ""slot"": ""time"", ""status"": ""SOURCE"", ""value"": ""2025년 9월""}, {""required"": false, ""slot"": ""frequency"", ""status"": ""SOURCE"", ""value"": ""월""}, {""required"": false, ""slot"": ""region"", ""status"": ""NOT_APPLICABLE"", ""value"": null}, {""required"": false, ""slot"": ""population"", ""status"": ""SOURCE"", ""value"": ""청년층""}, {""required"": false, ""slot"": ""dimension"", ""status"": ""SOURCE"", ""value"": {""고용형태"": ""단기직 중심""}}, {""required"": false, ""slot"": ""comparison"", ""status"": ""NOT_APPLICABLE"", ""value"": null}, {""required"": true, ""slot"": ""calculation"", ""status"": ""SOURCE"", ""value"": ""DIRECT_VALUE""}, {""required"": false, ""slot"": ""condition"", ""status"": ""SOURCE"", ""value"": {""direction"": ""DECREASE""}}, {""required"": false, ""slot"": ""source_hint"", ""status"": ""SOURCE"", ""value"": ""민생회복 소비쿠폰 효과 관련 고용 동향 보도""}], ""reason_codes"": []}","[{""attempt"": 1, ""child_claim_id"": ""claim_97d8e15f3d42614b"", ""code_version"": ""admission-recovery-v3"", ""data_version"": ""claim-schema-v1"", ""finished_at"": ""2026-08-26T02:58:44.930806+00:00"", ""input_hash"": ""e64725a8e08e19a1b9f1272358b019a39bf61e37a04dc09de44c9c8a002269e9"", ""output_ref"": ""claim_97d8e15f3d42614b"", ""parent_claim_id"": ""A02639_9"", ""reason_code"": null, ""stage"": ""CLAIM_SPLIT"", ""started_at"": ""2026-08-26T02:58:44.930806+00:00"", ""status"": ""PASS""}, {""attempt"": 1, ""child_claim_id"": ""claim_97d8e15f3d42614b"", ""code_version"": ""admission-recovery-v3"", ""data_version"": ""claim-schema-v1"", ""finished_at"": ""2026-08-26T02:58:44.930806+00:00"", ""input_hash"": ""e64725a8e08e19a1b9f1272358b019a39bf61e37a04dc09de44c9c8a002269e9"", ""output_ref"": ""claim_97d8e15f3d42614b"", ""parent_claim_id"": ""A02639_9"", ""reason_code"": null, ""stage"": ""CLAIM_PARSE"", ""started_at"": ""2026-08-26T02:58:44.930806+00:00"", ""status"": ""PASS""}]"
A02647_16,1,claim_cce2f043f3f0e786,claim_895722400759c5dc,21만명,"전년 동월 대비 비정규직이 늘어난 산업은 보건사회복지업(21만명), 운수창고업(3만9000명)이었고, 숙박음식업(-5만8000명), 건설업(-5만1000명), 도소매업(-4만1000명), 제조업(-3만2000명)은 감소했다.",비정규직 수 증감,210000.0,명,전년 동월,월,,비정규직,"{""산업"": ""보건사회복지업""}","{""reference_period"": ""전년 동월"", ""type"": ""YEAR_OVER_YEAR""}",DIRECT_VALUE,"{""direction"": ""INCREASE""}",,HOLD,문장에 산업별로 서로 독립적으로 검증 가능한 증감 수치가 여러 개 포함되어 있어 단일 Claim으로 확정하지 않음,MULTI_CLAIM_SPLIT,STRUCTURAL_HOLD,HUMAN_REVIEW,문장에 산업별로 서로 독립적으로 검증 가능한 증감 수치가 여러 개 포함되어 있어 단일 Claim으로 확정하지 않음,,N,,,,N,,0,0,null,[],[],"{""eligible_for_official_search"": true, ""entries"": [{""required"": true, ""slot"": ""indicator"", ""status"": ""SOURCE"", ""value"": ""비정규직 수 증감""}, {""required"": true, ""slot"": ""value"", ""status"": ""SOURCE"", ""value"": 210000.0}, {""required"": true, ""slot"": ""unit"", ""status"": ""SOURCE"", ""value"": ""명""}, {""required"": true, ""slot"": ""time"", ""status"": ""SOURCE"", ""value"": ""전년 동월""}, {""required"": false, ""slot"": ""frequency"", ""status"": ""SOURCE"", ""value"": ""월""}, {""required"": false, ""slot"": ""region"", ""status"": ""NOT_APPLICABLE"", ""value"": null}, {""required"": false, ""slot"": ""population"", ""status"": ""SOURCE"", ""value"": ""비정규직""}, {""required"": false, ""slot"": ""dimension"", ""status"": ""SOURCE"", ""value"": {""산업"": ""보건사회복지업""}}, {""required"": false, ""slot"": ""comparison"", ""status"": ""SOURCE"", ""value"": {""reference_period"": ""전년 동월"", ""type"": ""YEAR_OVER_YEAR""}}, {""required"": true, ""slot"": ""calculation"", ""status"": ""SOURCE"", ""value"": ""DIRECT_VALUE""}, {""required"": false, ""slot"": ""condition"", ""status"": ""SOURCE"", ""value"": {""direction"": ""INCREASE""}}, {""required"": false, ""slot"": ""source_hint"", ""status"": ""NOT_APPLICABLE"", ""value"": null}], ""reason_codes"": []}","[{""attempt"": 1, ""child_claim_id"": ""claim_895722400759c5dc"", ""code_version"": ""admission-recovery-v3"", ""data_version"": ""claim-schema-v1"", ""finished_at"": ""2026-08-26T02:59:39.439885+00:00"", ""input_hash"": ""4799f74e6938e3ce3b63a11c73d5ca11131d3941f5d7631fda5c955094b03203"", ""output_ref"": ""claim_895722400759c5dc"", ""parent_claim_id"": ""A02647_16"", ""reason_code"": null, ""stage"": ""CLAIM_SPLIT"", ""started_at"": ""2026-08-26T02:59:39.439885+00:00"", ""status"": ""PASS""}, {""attempt"": 1, ""child_claim_id"": ""claim_895722400759c5dc"", ""code_version"": ""admission-recovery-v3"", ""data_version"": ""claim-schema-v1"", ""finished_at"": ""2026-08-26T02:59:39.439885+00:00"", ""input_hash"": ""4799f74e6938e3ce3b63a11c73d5ca11131d3941f5d7631fda5c955094b03203"", ""output_ref"": ""claim_895722400759c5dc"", ""parent_claim_id"": ""A02647_16"", ""reason_code"": ""문장에 산업별로 서로 독립적으로 검증 가능한 증감 수치가 여러 개 포함되어 있어 단일 Claim으로 확정하지 않음"", ""stage"": ""CLAIM_PARSE"", ""started_at"": ""2026-08-26T02:59:39.439885+00:00"", ""status"": ""HUMAN_REVIEW""}]"
A02647_16,2,claim_1e5abe391f401136,claim_2f67a446e43dfcac,3만9000명,"전년 동월 대비 비정규직이 늘어난 산업은 보건사회복지업(21만명), 운수창고업(3만9000명)이었고, 숙박음식업(-5만8000명), 건설업(-5만1000명), 도소매업(-4만1000명), 제조업(-3만2000명)은 감소했다.",비정규직 증감,39000.0,명,,월,,비정규직,"{""산업"": ""운수창고업""}","{""type"": ""YEAR_OVER_YEAR""}",DIRECT_VALUE,"{""direction"": ""INCREASE""}",,HOLD,"운수창고업의 전년 동월 대비 증가 폭은 명확하지만, 기사에 현재 대상 월이 명시되지 않아 claim target time을 특정할 수 없음",MULTI_CLAIM_SPLIT,STRUCTURAL_HOLD,HUMAN_REVIEW,"운수창고업의 전년 동월 대비 증가 폭은 명확하지만, 기사에 현재 대상 월이 명시되지 않아 claim target time을 특정할 수 없음",,N,,,,N,,0,0,null,[],[],"{""eligible_for_official_search"": false, ""entries"": [{""required"": true, ""slot"": ""indicator"", ""status"": ""SOURCE"", ""value"": ""비정규직 증감""}, {""required"": true, ""slot"": ""value"", ""status"": ""SOURCE"", ""value"": 39000.0}, {""required"": true, ""slot"": ""unit"", ""status"": ""SOURCE"", ""value"": ""명""}, {""required"": true, ""slot"": ""time"", ""status"": ""MISSING"", ""value"": null}, {""required"": false, ""slot"": ""frequency"", ""status"": ""SOURCE"", ""value"": ""월""}, {""required"": false, ""slot"": ""region"", ""status"": ""NOT_APPLICABLE"", ""value"": null}, {""required"": false, ""slot"": ""population"", ""status"": ""SOURCE"", ""value"": ""비정규직""}, {""required"": false, ""slot"": ""dimension"", ""status"": ""SOURCE"", ""value"": {""산업"": ""운수창고업""}}, {""required"": false, ""slot"": ""comparison"", ""status"": ""SOURCE"", ""value"": {""type"": ""YEAR_OVER_YEAR""}}, {""required"": true, ""slot"": ""calculation"", ""status"": ""SOURCE"", ""value"": ""DIRECT_VALUE""}, {""required"": false, ""slot"": ""condition"", ""status"": ""SOURCE"", ""value"": {""direction"": ""INCREASE""}}, {""required"": false, ""slot"": ""source_hint"", ""status"": ""NOT_APPLICABLE"", ""value"": null}], ""reason_codes"": [""MISSING_REQUIRED_SLOTS:time""]}","[{""attempt"": 1, ""child_claim_id"": ""claim_2f67a446e43dfcac"", ""code_version"": ""admission-recovery-v3"", ""data_version"": ""claim-schema-v1"", ""finished_at"": ""2026-08-26T02:59:39.440885+00:00"", ""input_hash"": ""4799f74e6938e3ce3b63a11c73d5ca11131d3941f5d7631fda5c955094b03203"", ""output_ref"": ""claim_2f67a446e43dfcac"", ""parent_claim_id"": ""A02647_16"", ""reason_code"": null, ""stage"": ""CLAIM_SPLIT"", ""started_at"": ""2026-08-26T02:59:39.440885+00:00"", ""status"": ""PASS""}, {""attempt"": 1, ""child_claim_id"": ""claim_2f67a446e43dfcac"", ""code_version"": ""admission-recovery-v3"", ""data_version"": ""claim-schema-v1"", ""finished_at"": ""2026-08-26T02:59:39.440885+00:00"", ""input_hash"": ""4799f74e6938e3ce3b63a11c73d5ca11131d3941f5d7631fda5c955094b03203"", ""output_ref"": ""claim_2f67a446e43dfcac"", ""parent_claim_id"": ""A02647_16"", ""reason_code"": ""운수창고업의 전년 동월 대비 증가 폭은 명확하지만, 기사에 현재 대상 월이 명시되지 않아 claim target time을 특정할 수 없음"", ""stage"": ""CLAIM_PARSE"", ""started_at"": ""2026-08-26T02:59:39.440885+00:00"", ""status"": ""HUMAN_REVIEW""}]"
A02647_16,3,claim_aeeb92d4dbf7ecbe,claim_ea6f20387f305493,-5만8000명,"전년 동월 대비 비정규직이 늘어난 산업은 보건사회복지업(21만명), 운수창고업(3만9000명)이었고, 숙박음식업(-5만8000명), 건설업(-5만1000명), 도소매업(-4만1000명), 제조업(-3만2000명)은 감소했다.",비정규직 증감,-58000.0,명,,월,,비정규직,"{""산업"": ""숙박음식업""}","{""operand_source"": ""OFFICIAL_EVIDENCE"", ""reference_period"": ""전년 동월"", ""type"": ""YEAR_OVER_YEAR""}",DIFFERENCE,"{""direction"": ""DECREASE""}",기사 발행일 2025-10-22,HOLD,MISSING_REQUIRED_SLOTS:time,MULTI_CLAIM_SPLIT,STRUCTURAL_HOLD,HUMAN_REVIEW,MISSING_REQUIRED_SLOTS:time,,N,,,,N,,0,0,null,[],[],"{""eligible_for_official_search"": false, ""entries"": [{""required"": true, ""slot"": ""indicator"", ""status"": ""SOURCE"", ""value"": ""비정규직 증감""}, {""required"": true, ""slot"": ""value"", ""status"": ""SOURCE"", ""value"": -58000.0}, {""required"": true, ""slot"": ""unit"", ""status"": ""SOURCE"", ""value"": ""명""}, {""required"": true, ""slot"": ""time"", ""status"": ""MISSING"", ""value"": null}, {""required"": false, ""slot"": ""frequency"", ""status"": ""SOURCE"", ""value"": ""월""}, {""required"": false, ""slot"": ""region"", ""status"": ""NOT_APPLICABLE"", ""value"": null}, {""required"": false, ""slot"": ""population"", ""status"": ""SOURCE"", ""value"": ""비정규직""}, {""required"": false, ""slot"": ""dimension"", ""status"": ""SOURCE"", ""value"": {""산업"": ""숙박음식업""}}, {""required"": true, ""slot"": ""comparison"", ""status"": ""SOURCE"", ""value"": {""operand_source"": ""OFFICIAL_EVIDENCE"", ""reference_period"": ""전년 동월"", ""type"": ""YEAR_OVER_YEAR""}}, {""required"": true, ""slot"": ""calculation"", ""status"": ""SOURCE"", ""value"": ""DIFFERENCE""}, {""required"": true, ""slot"": ""condition"", ""status"": ""SOURCE"", ""value"": {""direction"": ""DECREASE""}}, {""required"": false, ""slot"": ""source_hint"", ""status"": ""SOURCE"", ""value"": ""기사 발행일 2025-10-22""}], ""reason_codes"": [""MISSING_REQUIRED_SLOTS:time""]}","[{""attempt"": 1, ""child_claim_id"": ""claim_ea6f20387f305493"", ""code_version"": ""admission-recovery-v3"", ""data_version"": ""claim-schema-v1"", ""finished_at"": ""2026-08-26T02:59:39.440885+00:00"", ""input_hash"": ""4799f74e6938e3ce3b63a11c73d5ca11131d3941f5d7631fda5c955094b03203"", ""output_ref"": ""claim_ea6f20387f305493"", ""parent_claim_id"": ""A02647_16"", ""reason_code"": null, ""stage"": ""CLAIM_SPLIT"", ""started_at"": ""2026-08-26T02:59:39.440885+00:00"", ""status"": ""PASS""}, {""attempt"": 1, ""child_claim_id"": ""claim_ea6f20387f305493"", ""code_version"": ""admission-recovery-v3"", ""data_version"": ""claim-schema-v1"", ""finished_at"": ""2026-08-26T02:59:39.440885+00:00"", ""input_hash"": ""4799f74e6938e3ce3b63a11c73d5ca11131d3941f5d7631fda5c955094b03203"", ""output_ref"": ""claim_ea6f20387f305493"", ""parent_claim_id"": ""A02647_16"", ""reason_code"": ""MISSING_REQUIRED_SLOTS:time"", ""stage"": ""CLAIM_PARSE"", ""started_at"": ""2026-08-26T02:59:39.440885+00:00"", ""status"": ""HUMAN_REVIEW""}]"
A02647_16,4,claim_436737e71f32332e,claim_4bbdfb78e0e9bc51,-5만1000명,"전년 동월 대비 비정규직이 늘어난 산업은 보건사회복지업(21만명), 운수창고업(3만9000명)이었고, 숙박음식업(-5만8000명), 건설업(-5만1000명), 도소매업(-4만1000명), 제조업(-3만2000명)은 감소했다.",비정규직 근로자 수,58000.0,명,,월,,비정규직,"{""산업"": ""숙박음식업""}","{""reference_period"": ""전년 동월"", ""type"": ""YEAR_OVER_YEAR""}",DIFFERENCE,"{""direction"": ""DECREASE""}",,HOLD,TARGET_VALUE_NOT_IN_SOURCE_SENTENCE,MULTI_CLAIM_SPLIT,CONTEXT_REQUIRED,HUMAN_REVIEW,TARGET_VALUE_NOT_IN_SOURCE_SENTENCE,,N,,,,N,,0,0,null,[],[],"{""eligible_for_official_search"": false, ""entries"": [{""required"": true, ""slot"": ""indicator"", ""status"": ""SOURCE"", ""value"": ""비정규직 근로자 수""}, {""required"": true, ""slot"": ""value"", ""status"": ""SOURCE"", ""value"": 58000.0}, {""required"": true, ""slot"": ""unit"", ""status"": ""SOURCE"", ""value"": ""명""}, {""required"": true, ""slot"": ""time"", ""status"": ""MISSING"", ""value"": null}, {""required"": false, ""slot"": ""frequency"", ""status"": ""SOURCE"", ""value"": ""월""}, {""required"": false, ""slot"": ""region"", ""status"": ""NOT_APPLICABLE"", ""value"": null}, {""required"": false, ""slot"": ""population"", ""status"": ""SOURCE"", ""value"": ""비정규직""}, {""required"": false, ""slot"": ""dimension"", ""status"": ""SOURCE"", ""value"": {""산업"": ""숙박음식업""}}, {""required"": true, ""slot"": ""comparison"", ""status"": ""SOURCE"", ""value"": {""reference_period"": ""전년 동월"", ""type"": ""YEAR_OVER_YEAR""}}, {""required"": true, ""slot"": ""calculation"", ""status"": ""SOURCE"", ""value"": ""DIFFERENCE""}, {""required"": true, ""slot"": ""condition"", ""status"": ""SOURCE"", ""value"": {""direction"": ""DECREASE""}}, {""required"": false, ""slot"": ""source_hint"", ""status"": ""NOT_APPLICABLE"", ""value"": null}], ""reason_codes"": [""MISSING_REQUIRED_SLOTS:time""]}","[{""attempt"": 1, ""child_claim_id"": ""claim_4bbdfb78e0e9bc51"", ""code_version"": ""admission-recovery-v3"", ""data_version"": ""claim-schema-v1"", ""finished_at"": ""2026-08-26T02:59:39.440885+00:00"", ""input_hash"": ""4799f74e6938e3ce3b63a11c73d5ca11131d3941f5d7631fda5c955094b03203"", ""output_ref"": ""claim_4bbdfb78e0e9bc51"", ""parent_claim_id"": ""A02647_16"", ""reason_code"": null, ""stage"": ""CLAIM_SPLIT"", ""started_at"": ""2026-08-26T02:59:39.440885+00:00"", ""status"": ""PASS""}, {""attempt"": 1, ""child_claim_id"": ""claim_4bbdfb78e0e9bc51"", ""code_version"": ""admission-recovery-v3"", ""data_version"": ""claim-schema-v1"", ""finished_at"": ""2026-08-26T02:59:39.440885+00:00"", ""input_hash"": ""4799f74e6938e3ce3b63a11c73d5ca11131d3941f5d7631fda5c955094b03203"", ""output_ref"": ""claim_4bbdfb78e0e9bc51"", ""parent_claim_id"": ""A02647_16"", ""reason_code"": ""TARGET_VALUE_NOT_IN_SOURCE_SENTENCE"", ""stage"": ""CLAIM_PARSE"", ""started_at"": ""2026-08-26T02:59:39.440885+00:00"", ""status"": ""HUMAN_REVIEW""}]"
A02647_16,5,claim_1a9d299ec820391d,claim_343b1d5d815011f5,-4만1000명,"전년 동월 대비 비정규직이 늘어난 산업은 보건사회복지업(21만명), 운수창고업(3만9000명)이었고, 숙박음식업(-5만8000명), 건설업(-5만1000명), 도소매업(-4만1000명), 제조업(-3만2000명)은 감소했다.",비정규직 수,-41000.0,명,,월,,비정규직,"{""산업"": ""도소매업""}","{""operand_source"": ""OFFICIAL_EVIDENCE"", ""reference_period"": ""전년 동월"", ""type"": ""YEAR_OVER_YEAR""}",DIFFERENCE,"{""direction"": ""DECREASE""}",기사 발행일 2025-10-22,HOLD,MISSING_REQUIRED_SLOTS:time,MULTI_CLAIM_SPLIT,STRUCTURAL_HOLD,HUMAN_REVIEW,MISSING_REQUIRED_SLOTS:time,,N,,,,N,,0,0,null,[],[],"{""eligible_for_official_search"": false, ""entries"": [{""required"": true, ""slot"": ""indicator"", ""status"": ""CONTEXT"", ""value"": ""비정규직 수""}, {""required"": true, ""slot"": ""value"", ""status"": ""SOURCE"", ""value"": -41000.0}, {""required"": true, ""slot"": ""unit"", ""status"": ""SOURCE"", ""value"": ""명""}, {""required"": true, ""slot"": ""time"", ""status"": ""MISSING"", ""value"": null}, {""required"": false, ""slot"": ""frequency"", ""status"": ""SOURCE"", ""value"": ""월""}, {""required"": false, ""slot"": ""region"", ""status"": ""NOT_APPLICABLE"", ""value"": null}, {""required"": false, ""slot"": ""population"", ""status"": ""CONTEXT"", ""value"": ""비정규직""}, {""required"": false, ""slot"": ""dimension"", ""status"": ""SOURCE"", ""value"": {""산업"": ""도소매업""}}, {""required"": true, ""slot"": ""comparison"", ""status"": ""SOURCE"", ""value"": {""operand_source"": ""OFFICIAL_EVIDENCE"", ""reference_period"": ""전년 동월"", ""type"": ""YEAR_OVER_YEAR""}}, {""required"": true, ""slot"": ""calculation"", ""status"": ""CONTEXT"", ""value"": ""DIFFERENCE""}, {""required"": true, ""slot"": ""condition"", ""status"": ""SOURCE"", ""value"": {""direction"": ""DECREASE""}}, {""required"": false, ""slot"": ""source_hint"", ""status"": ""CONTEXT"", ""value"": ""기사 발행일 2025-10-22""}], ""reason_codes"": [""MISSING_REQUIRED_SLOTS:time""]}","[{""attempt"": 1, ""child_claim_id"": ""claim_343b1d5d815011f5"", ""code_version"": ""admission-recovery-v3"", ""data_version"": ""claim-schema-v1"", ""finished_at"": ""2026-08-26T02:59:39.440885+00:00"", ""input_hash"": ""4799f74e6938e3ce3b63a11c73d5ca11131d3941f5d7631fda5c955094b03203"", ""output_ref"": ""claim_343b1d5d815011f5"", ""parent_claim_id"": ""A02647_16"", ""reason_code"": null, ""stage"": ""CLAIM_SPLIT"", ""started_at"": ""2026-08-26T02:59:39.440885+00:00"", ""status"": ""PASS""}, {""attempt"": 1, ""child_claim_id"": ""claim_343b1d5d815011f5"", ""code_version"": ""admission-recovery-v3"", ""data_version"": ""claim-schema-v1"", ""finished_at"": ""2026-08-26T02:59:39.440885+00:00"", ""input_hash"": ""4799f74e6938e3ce3b63a11c73d5ca11131d3941f5d7631fda5c955094b03203"", ""output_ref"": ""claim_343b1d5d815011f5"", ""parent_claim_id"": ""A02647_16"", ""reason_code"": ""MISSING_REQUIRED_SLOTS:time"", ""stage"": ""CLAIM_PARSE"", ""started_at"": ""2026-08-26T02:59:39.440885+00:00"", ""status"": ""HUMAN_REVIEW""}]"
A02647_16,6,claim_a9cd647f8f432a76,claim_0f6be789ae6f32f7,-3만2000명,"전년 동월 대비 비정규직이 늘어난 산업은 보건사회복지업(21만명), 운수창고업(3만9000명)이었고, 숙박음식업(-5만8000명), 건설업(-5만1000명), 도소매업(-4만1000명), 제조업(-3만2000명)은 감소했다.",비정규직 증감,-32000.0,명,전년 동월,월,,비정규직,"{""산업"": ""제조업""}","{""type"": ""YEAR_OVER_YEAR""}",DIFFERENCE,"{""direction"": ""DECREASE""}",article_published_at=2025-10-22,HOLD,증감 폭은 명시됐지만 DIFFERENCE 계산에 필요한 비교 대상의 현재값과 기준값이 본문에 함께 제시되지 않았습니다.,MULTI_CLAIM_SPLIT,STRUCTURAL_HOLD,HUMAN_REVIEW,증감 폭은 명시됐지만 DIFFERENCE 계산에 필요한 비교 대상의 현재값과 기준값이 본문에 함께 제시되지 않았습니다.,,N,,,,N,,0,0,null,[],[],"{""eligible_for_official_search"": true, ""entries"": [{""required"": true, ""slot"": ""indicator"", ""status"": ""SOURCE"", ""value"": ""비정규직 증감""}, {""required"": true, ""slot"": ""value"", ""status"": ""SOURCE"", ""value"": -32000.0}, {""required"": true, ""slot"": ""unit"", ""status"": ""SOURCE"", ""value"": ""명""}, {""required"": true, ""slot"": ""time"", ""status"": ""CONTEXT"", ""value"": ""전년 동월""}, {""required"": false, ""slot"": ""frequency"", ""status"": ""SOURCE"", ""value"": ""월""}, {""required"": false, ""slot"": ""region"", ""status"": ""NOT_APPLICABLE"", ""value"": null}, {""required"": false, ""slot"": ""population"", ""status"": ""SOURCE"", ""value"": ""비정규직""}, {""required"": false, ""slot"": ""dimension"", ""status"": ""SOURCE"", ""value"": {""산업"": ""제조업""}}, {""required"": true, ""slot"": ""comparison"", ""status"": ""CONTEXT"", ""value"": {""type"": ""YEAR_OVER_YEAR""}}, {""required"": true, ""slot"": ""calculation"", ""status"": ""CONTEXT"", ""value"": ""DIFFERENCE""}, {""required"": true, ""slot"": ""condition"", ""status"": ""SOURCE"", ""value"": {""direction"": ""DECREASE""}}, {""required"": false, ""slot"": ""source_hint"", ""status"": ""CONTEXT"", ""value"": ""article_published_at=2025-10-22""}], ""reason_codes"": []}","[{""attempt"": 1, ""child_claim_id"": ""claim_0f6be789ae6f32f7"", ""code_version"": ""admission-recovery-v3"", ""data_version"": ""claim-schema-v1"", ""finished_at"": ""2026-08-26T02:59:39.440885+00:00"", ""input_hash"": ""4799f74e6938e3ce3b63a11c73d5ca11131d3941f5d7631fda5c955094b03203"", ""output_ref"": ""claim_0f6be789ae6f32f7"", ""parent_claim_id"": ""A02647_16"", ""reason_code"": null, ""stage"": ""CLAIM_SPLIT"", ""started_at"": ""2026-08-26T02:59:39.440885+00:00"", ""status"": ""PASS""}, {""attempt"": 1, ""child_claim_id"": ""claim_0f6be789ae6f32f7"", ""code_version"": ""admission-recovery-v3"", ""data_version"": ""claim-schema-v1"", ""finished_at"": ""2026-08-26T02:59:39.440885+00:00"", ""input_hash"": ""4799f74e6938e3ce3b63a11c73d5ca11131d3941f5d7631fda5c955094b03203"", ""output_ref"": ""claim_0f6be789ae6f32f7"", ""parent_claim_id"": ""A02647_16"", ""reason_code"": ""증감 폭은 명시됐지만 DIFFERENCE 계산에 필요한 비교 대상의 현재값과 기준값이 본문에 함께 제시되지 않았습니다."", ""stage"": ""CLAIM_PARSE"", ""started_at"": ""2026-08-26T02:59:39.440885+00:00"", ""status"": ""HUMAN_REVIEW""}]"
A02656_11,1,claim_77d082f066b6baca,claim_4a2543f559e17b12,31만2000명,취업자 수가 31만2000명 증가한 지난 9월 보건업 및 사회복지 서비스업에서는 30만4000명이 늘었다.,취업자 수,312000.0,명,지난 9월,월간,대한민국,,"{""보건업 및 사회복지 서비스업 증가량"": ""304000명"", ""증감 대상"": ""전체 취업자 수""}",null,DIRECT_VALUE,"{""direction"": ""INCREASE""}",,HOLD,전체 취업자 수 증가 31만2000명과 보건업 및 사회복지 서비스업 증가 30만4000명이라는 서로 독립적으로 검증 가능한 두 수치가 한 문장에 함께 제시되어 단일 목표로 안전하게 구조화할 수 없음,MULTI_CLAIM_SPLIT,STRUCTURAL_HOLD,HUMAN_REVIEW,전체 취업자 수 증가 31만2000명과 보건업 및 사회복지 서비스업 증가 30만4000명이라는 서로 독립적으로 검증 가능한 두 수치가 한 문장에 함께 제시되어 단일 목표로 안전하게 구조화할 수 없음,,N,,,,N,,0,0,null,[],[],"{""eligible_for_official_search"": true, ""entries"": [{""required"": true, ""slot"": ""indicator"", ""status"": ""SOURCE"", ""value"": ""취업자 수""}, {""required"": true, ""slot"": ""value"", ""status"": ""SOURCE"", ""value"": 312000.0}, {""required"": true, ""slot"": ""unit"", ""status"": ""SOURCE"", ""value"": ""명""}, {""required"": true, ""slot"": ""time"", ""status"": ""SOURCE"", ""value"": ""지난 9월""}, {""required"": false, ""slot"": ""frequency"", ""status"": ""SOURCE"", ""value"": ""월간""}, {""required"": false, ""slot"": ""region"", ""status"": ""SOURCE"", ""value"": ""대한민국""}, {""required"": false, ""slot"": ""population"", ""status"": ""NOT_APPLICABLE"", ""value"": null}, {""required"": false, ""slot"": ""dimension"", ""status"": ""SOURCE"", ""value"": {""보건업 및 사회복지 서비스업 증가량"": ""304000명"", ""증감 대상"": ""전체 취업자 수""}}, {""required"": false, ""slot"": ""comparison"", ""status"": ""NOT_APPLICABLE"", ""value"": null}, {""required"": true, ""slot"": ""calculation"", ""status"": ""SOURCE"", ""value"": ""DIRECT_VALUE""}, {""required"": false, ""slot"": ""condition"", ""status"": ""SOURCE"", ""value"": {""direction"": ""INCREASE""}}, {""required"": false, ""slot"": ""source_hint"", ""status"": ""NOT_APPLICABLE"", ""value"": null}], ""reason_codes"": []}","[{""attempt"": 1, ""child_claim_id"": ""claim_4a2543f559e17b12"", ""code_version"": ""admission-recovery-v3"", ""data_version"": ""claim-schema-v1"", ""finished_at"": ""2026-08-26T03:01:00.949446+00:00"", ""input_hash"": ""d564405c12f00e760cc7ef2484cd2718b624deb1e3146857a54d5d70c85232f8"", ""output_ref"": ""claim_4a2543f559e17b12"", ""parent_claim_id"": ""A02656_11"", ""reason_code"": null, ""stage"": ""CLAIM_SPLIT"", ""started_at"": ""2026-08-26T03:01:00.949446+00:00"", ""status"": ""PASS""}, {""attempt"": 1, ""child_claim_id"": ""claim_4a2543f559e17b12"", ""code_version"": ""admission-recovery-v3"", ""data_version"": ""claim-schema-v1"", ""finished_at"": ""2026-08-26T03:01:00.949446+00:00"", ""input_hash"": ""d564405c12f00e760cc7ef2484cd2718b624deb1e3146857a54d5d70c85232f8"", ""output_ref"": ""claim_4a2543f559e17b12"", ""parent_claim_id"": ""A02656_11"", ""reason_code"": ""전체 취업자 수 증가 31만2000명과 보건업 및 사회복지 서비스업 증가 30만4000명이라는 서로 독립적으로 검증 가능한 두 수치가 한 문장에 함께 제시되어 단일 목표로 안전하게 구조화할 수 없음"", ""stage"": ""CLAIM_PARSE"", ""started_at"": ""2026-08-26T03:01:00.949446+00:00"", ""status"": ""HUMAN_REVIEW""}]"
A02656_11,2,claim_0598cfbf089129e4,claim_f5e9fab7fb6114fd,30만4000명,취업자 수가 31만2000명 증가한 지난 9월 보건업 및 사회복지 서비스업에서는 30만4000명이 늘었다.,취업자 수 증가,304000.0,명,2025년 9월,월,,취업자,"{""산업"": ""보건업 및 사회복지 서비스업""}","{""reference_period"": ""지난 9월"", ""reference_scope"": ""전체 취업자"", ""reference_unit"": ""명"", ""reference_value"": ""312000"", ""type"": ""BENCHMARK""}",DIRECT_VALUE,null,,AUTO_OK,"지난 9월 보건업 및 사회복지 서비스업의 취업자 수 증가 폭 30만4000명을 명확히 제시하며, 같은 기간 전체 취업자 수 증가 폭 31만2000명을 비교 기준으로 함께 제시함.",MULTI_CLAIM_SPLIT,KOSIS_PIPELINE_ELIGIBLE,HOLD,AS_OF_UNAVAILABLE,,N,UNDETERMINED,HOLD,AS_OF_UNAVAILABLE,N,,1,1,"{""canonical_name"": ""취업자 수"", ""concept_id"": ""C000008"", ""kosis_search_terms"": [""경제활동인구조사 취업자"", ""산업별 취업자""], ""matched_alias"": ""취업자 수 증가 폭"", ""standard_key"": ""employment_count"", ""status"": ""MATCHED""}","[{""canonical_key"": ""ORG=101|TBL=DT_1DA7E06S_NEW|ITM=T30|OBJ=I|MEMBER=계|PRD_SE=월|PRD_DE=2025-09"", ""dimension_codes"": {""I"": ""00""}, ""dimension_members"": {""I"": ""계""}, ""itm_id"": ""T30"", ""member_code"": ""계"", ""obj_id"": ""I"", ""org_id"": ""101"", ""prd_de"": ""2025-09"", ""prd_se"": ""월"", ""status"": ""CONFIRMED"", ""tbl_id"": ""DT_1DA7E06S_NEW"", ""unit"": ""천명""}]","[{""content_hash"": ""d3fce19385c3f61c3a36608db96fc2926175efd0b4f376f3c41ada790521dcd5"", ""evidence_key"": ""ORG=101|TBL=DT_1DA7E06S_NEW|ITM=T30|OBJ=I|MEMBER=계|PRD_SE=월|PRD_DE=2025-09"", ""publication"": {""content_hash"": ""729a5f167df53b11b1e09690f80f9f63e745dedd33b6a92e3dc6b2b7da8ac7e3"", ""coverage_end_period"": null, ""coverage_start_period"": null, ""evidence_scope"": ""PERIOD"", ""pub_date_text"": ""조사기준 월 익월"", ""pub_period"": ""월"", ""publication_method_url"": ""https://www.kostat.go.kr/board.es?act=list&mid=a10301010000&keyField=T&bid=210&keyWord=2025%EB%85%84+9%EC%9B%94+%EA%B3%A0%EC%9A%A9%EB%8F%99%ED%96%A5"", ""published_at"": ""2025-10-17"", ""reference_period"": ""2025-09"", ""retrieved_at"": ""2026-08-26T03:01:00.489916Z"", ""source_url"": ""https://www.kostat.go.kr/board.es?mid=a10301010000&bid=210&act=view&list_no=438842&tag=&nPage=1&ref_bid="", ""status"": ""VERIFIED""}, ""retrieved_at"": ""2026-08-26T03:01:00.949446Z"", ""source"": ""API"", ""source_url"": ""https://kosis.kr/openapi/Param/statisticsParameterData.do?method=getList&orgId=101&tblId=DT_1DA7E06S_NEW&itmId=T30&prdSe=M&startPrdDe=202509&endPrdDe=202509&objL1=00"", ""value_last_changed_at"": ""2025-10-29""}]","{""eligible_for_official_search"": true, ""entries"": [{""required"": true, ""slot"": ""indicator"", ""status"": ""SOURCE"", ""value"": ""취업자 수 증가""}, {""required"": true, ""slot"": ""value"", ""status"": ""SOURCE"", ""value"": 304000.0}, {""required"": true, ""slot"": ""unit"", ""status"": ""SOURCE"", ""value"": ""명""}, {""required"": true, ""slot"": ""time"", ""status"": ""SOURCE"", ""value"": ""2025년 9월""}, {""required"": false, ""slot"": ""frequency"", ""status"": ""SOURCE"", ""value"": ""월""}, {""required"": false, ""slot"": ""region"", ""status"": ""NOT_APPLICABLE"", ""value"": null}, {""required"": false, ""slot"": ""population"", ""status"": ""SOURCE"", ""value"": ""취업자""}, {""required"": false, ""slot"": ""dimension"", ""status"": ""SOURCE"", ""value"": {""산업"": ""보건업 및 사회복지 서비스업""}}, {""required"": false, ""slot"": ""comparison"", ""status"": ""SOURCE"", ""value"": {""reference_period"": ""지난 9월"", ""reference_scope"": ""전체 취업자"", ""reference_unit"": ""명"", ""reference_value"": ""312000"", ""type"": ""BENCHMARK""}}, {""required"": true, ""slot"": ""calculation"", ""status"": ""SOURCE"", ""value"": ""DIRECT_VALUE""}, {""required"": false, ""slot"": ""condition"", ""status"": ""NOT_APPLICABLE"", ""value"": null}, {""required"": false, ""slot"": ""source_hint"", ""status"": ""NOT_APPLICABLE"", ""value"": null}], ""reason_codes"": []}","[{""attempt"": 1, ""child_claim_id"": ""claim_f5e9fab7fb6114fd"", ""code_version"": ""admission-recovery-v3"", ""data_version"": ""claim-schema-v1"", ""finished_at"": ""2026-08-26T03:01:00.949446+00:00"", ""input_hash"": ""d564405c12f00e760cc7ef2484cd2718b624deb1e3146857a54d5d70c85232f8"", ""output_ref"": ""claim_f5e9fab7fb6114fd"", ""parent_claim_id"": ""A02656_11"", ""reason_code"": null, ""stage"": ""CLAIM_SPLIT"", ""started_at"": ""2026-08-26T03:01:00.949446+00:00"", ""status"": ""PASS""}, {""attempt"": 1, ""child_claim_id"": ""claim_f5e9fab7fb6114fd"", ""code_version"": ""admission-recovery-v3"", ""data_version"": ""claim-schema-v1"", ""finished_at"": ""2026-08-26T03:01:00.949446+00:00"", ""input_hash"": ""d564405c12f00e760cc7ef2484cd2718b624deb1e3146857a54d5d70c85232f8"", ""output_ref"": ""claim_f5e9fab7fb6114fd"", ""parent_claim_id"": ""A02656_11"", ""reason_code"": null, ""stage"": ""CLAIM_PARSE"", ""started_at"": ""2026-08-26T03:01:00.949446+00:00"", ""status"": ""PASS""}]"
A02676_2,1,claim_458626b3c2ac75f4,claim_03be2345907af4ba,5.1%,"2일 국가데이터처에 따르면, 올해 3분기(7~9월) 15~29세 실업률은 5.1%로 전년 같은 기간(4.9%) 대비 0.2%포인트 상승했다.",실업률,5.1,%,2025년 3분기,분기,대한민국,15~29세,"{""age"": ""15~29세""}","{""change_value"": ""0.2"", ""operand_unit"": ""%포인트"", ""reference_period"": ""2024년 3분기"", ""reference_value"": ""4.9"", ""type"": ""YEAR_OVER_YEAR""}",GROWTH_RATE,"{""direction"": ""INCREASE""}",국가데이터처,AUTO_OK,,MULTI_CLAIM_SPLIT,KOSIS_PIPELINE_ELIGIBLE,AUTO,OUTSIDE_TOLERANCE,,N,MISMATCH,AUTO,OUTSIDE_TOLERANCE,Y,4.0816326530612095,2,2,"{""canonical_name"": ""실업률"", ""concept_id"": ""C000007"", ""kosis_search_terms"": [], ""matched_alias"": ""실업률"", ""standard_key"": ""unemployment_rate"", ""status"": ""MATCHED""}","[{""canonical_key"": ""ORG=101|TBL=DT_1DA7002S|ITM=T80|OBJ=G|MEMBER=15 - 29세|PRD_SE=분기|PRD_DE=2025-Q3"", ""dimension_codes"": {""G"": ""75""}, ""dimension_members"": {""G"": ""15 - 29세""}, ""itm_id"": ""T80"", ""member_code"": ""15 - 29세"", ""obj_id"": ""G"", ""org_id"": ""101"", ""prd_de"": ""2025-Q3"", ""prd_se"": ""분기"", ""status"": ""CONFIRMED"", ""tbl_id"": ""DT_1DA7002S"", ""unit"": ""%""}, {""canonical_key"": ""ORG=101|TBL=DT_1DA7002S|ITM=T80|OBJ=G|MEMBER=15 - 29세|PRD_SE=분기|PRD_DE=2024-Q3"", ""dimension_codes"": {""G"": ""75""}, ""dimension_members"": {""G"": ""15 - 29세""}, ""itm_id"": ""T80"", ""member_code"": ""15 - 29세"", ""obj_id"": ""G"", ""org_id"": ""101"", ""prd_de"": ""2024-Q3"", ""prd_se"": ""분기"", ""status"": ""CONFIRMED"", ""tbl_id"": ""DT_1DA7002S"", ""unit"": ""%""}]","[{""content_hash"": ""32f96e8e0bbb79dc56110955f29f18dcaccf874344765995c9c5e2af5dc4bd65"", ""evidence_key"": ""ORG=101|TBL=DT_1DA7002S|ITM=T80|OBJ=G|MEMBER=15 - 29세|PRD_SE=분기|PRD_DE=2025-Q3"", ""publication"": {""content_hash"": ""0fbaf7d472e430321c3ee6498d32f4e3e0994db57feec6a203f9d371e8675826"", ""coverage_end_period"": null, ""coverage_start_period"": null, ""evidence_scope"": ""PERIOD"", ""pub_date_text"": ""조사기준 월 익월"", ""pub_period"": ""월"", ""publication_method_url"": ""https://www.kostat.go.kr/board.es?act=list&mid=a10301010000&keyField=T&bid=210&keyWord=2025%EB%85%84+9%EC%9B%94+%EA%B3%A0%EC%9A%A9%EB%8F%99%ED%96%A5"", ""published_at"": ""2025-10-17"", ""reference_period"": ""2025-Q3"", ""retrieved_at"": ""2026-08-26T03:01:16.098206Z"", ""source_url"": ""https://www.kostat.go.kr/board.es?mid=a10301010000&bid=210&act=view&list_no=438842&tag=&nPage=1&ref_bid="", ""status"": ""VERIFIED""}, ""retrieved_at"": ""2026-08-26T03:01:10.134543Z"", ""source"": ""API"", ""source_url"": ""https://kosis.kr/openapi/Param/statisticsParameterData.do?method=getList&orgId=101&tblId=DT_1DA7002S&itmId=T80&prdSe=Q&startPrdDe=202503&endPrdDe=202503&objL1=75"", ""value_last_changed_at"": ""2025-10-29""}, {""content_hash"": ""32f96e8e0bbb79dc56110955f29f18dcaccf874344765995c9c5e2af5dc4bd65"", ""evidence_key"": ""ORG=101|TBL=DT_1DA7002S|ITM=T80|OBJ=G|MEMBER=15 - 29세|PRD_SE=분기|PRD_DE=2024-Q3"", ""publication"": {""content_hash"": ""da7bb04223ba0f2a0de31206f48ad8eaad70e701f8dfb270753325a45b1c5fa0"", ""coverage_end_period"": null, ""coverage_start_period"": null, ""evidence_scope"": ""PERIOD"", ""pub_date_text"": ""조사기준 월 익월"", ""pub_period"": ""월"", ""publication_method_url"": ""https://www.kostat.go.kr/board.es?act=list&mid=a10301010000&keyField=T&bid=210&keyWord=2024%EB%85%84+9%EC%9B%94+%EA%B3%A0%EC%9A%A9%EB%8F%99%ED%96%A5"", ""published_at"": ""2024-10-16"", ""reference_period"": ""2024-Q3"", ""retrieved_at"": ""2026-08-26T03:01:21.496838Z"", ""source_url"": ""https://www.kostat.go.kr/board.es?mid=a10301010000&bid=210&act=view&list_no=433274&tag=&nPage=1&ref_bid="", ""status"": ""VERIFIED""}, ""retrieved_at"": ""2026-08-26T03:01:16.099205Z"", ""source"": ""API"", ""source_url"": ""https://kosis.kr/openapi/Param/statisticsParameterData.do?method=getList&orgId=101&tblId=DT_1DA7002S&itmId=T80&prdSe=Q&startPrdDe=202403&endPrdDe=202403&objL1=75"", ""value_last_changed_at"": ""2024-10-02""}]","{""eligible_for_official_search"": true, ""entries"": [{""required"": true, ""slot"": ""indicator"", ""status"": ""SOURCE"", ""value"": ""실업률""}, {""required"": true, ""slot"": ""value"", ""status"": ""SOURCE"", ""value"": 5.1}, {""required"": true, ""slot"": ""unit"", ""status"": ""SOURCE"", ""value"": ""%""}, {""required"": true, ""slot"": ""time"", ""status"": ""SOURCE"", ""value"": ""2025년 3분기""}, {""required"": false, ""slot"": ""frequency"", ""status"": ""SOURCE"", ""value"": ""분기""}, {""required"": false, ""slot"": ""region"", ""status"": ""SOURCE"", ""value"": ""대한민국""}, {""required"": false, ""slot"": ""population"", ""status"": ""SOURCE"", ""value"": ""15~29세""}, {""required"": false, ""slot"": ""dimension"", ""status"": ""SOURCE"", ""value"": {""age"": ""15~29세""}}, {""required"": true, ""slot"": ""comparison"", ""status"": ""SOURCE"", ""value"": {""change_value"": ""0.2"", ""operand_unit"": ""%포인트"", ""reference_period"": ""2024년 3분기"", ""reference_value"": ""4.9"", ""type"": ""YEAR_OVER_YEAR""}}, {""required"": true, ""slot"": ""calculation"", ""status"": ""SOURCE"", ""value"": ""GROWTH_RATE""}, {""required"": true, ""slot"": ""condition"", ""status"": ""SOURCE"", ""value"": {""direction"": ""INCREASE""}}, {""required"": false, ""slot"": ""source_hint"", ""status"": ""SOURCE"", ""value"": ""국가데이터처""}], ""reason_codes"": []}","[{""attempt"": 1, ""child_claim_id"": ""claim_03be2345907af4ba"", ""code_version"": ""admission-recovery-v3"", ""data_version"": ""claim-schema-v1"", ""finished_at"": ""2026-08-26T03:01:21.497836+00:00"", ""input_hash"": ""e2563aef192d2495e08ac680089e58053c6c6a869aecbc6c5a3c93dc4d7a3863"", ""output_ref"": ""claim_03be2345907af4ba"", ""parent_claim_id"": ""A02676_2"", ""reason_code"": null, ""stage"": ""CLAIM_SPLIT"", ""started_at"": ""2026-08-26T03:01:21.497836+00:00"", ""status"": ""PASS""}, {""attempt"": 1, ""child_claim_id"": ""claim_03be2345907af4ba"", ""code_version"": ""admission-recovery-v3"", ""data_version"": ""claim-schema-v1"", ""finished_at"": ""2026-08-26T03:01:21.497836+00:00"", ""input_hash"": ""e2563aef192d2495e08ac680089e58053c6c6a869aecbc6c5a3c93dc4d7a3863"", ""output_ref"": ""claim_03be2345907af4ba"", ""parent_claim_id"": ""A02676_2"", ""reason_code"": null, ""stage"": ""CLAIM_PARSE"", ""started_at"": ""2026-08-26T03:01:21.497836+00:00"", ""status"": ""PASS""}]"
A02680_2,1,claim_ce14765a78a0675e,claim_b3bf1ec21d974548,67만9367명,"3일 국가데이터처의 경제활동인구조사 마이크로데이터를 분석한 결과에 따르면, 지난 9월 기준 국내 부업자 수는 67만9367명으로 지난해 9월(65만5475명)보다 2만4000명가량 늘었다.",부업자 수,679367.0,명,2025년 9월,월,국내,,null,"{""change_value"": ""약 24000"", ""current_value"": ""679367"", ""reference_period"": ""지난해 9월"", ""reference_value"": ""655475"", ""type"": ""YEAR_OVER_YEAR""}",DIRECT_VALUE,"{""direction"": ""INCREASE""}",국가데이터처 경제활동인구조사 마이크로데이터,AUTO_OK,,MULTI_CLAIM_SPLIT,KOSIS_PIPELINE_ELIGIBLE,HOLD,NO_HARD_GUARD_CANDIDATE,,N,UNDETERMINED,HOLD,NO_HARD_GUARD_CANDIDATE,N,,0,0,"{""canonical_name"": ""부업자 수"", ""concept_id"": ""OBSERVED:4a0d76cbfc04e5d4"", ""kosis_search_terms"": [""부업자 수""], ""matched_alias"": ""부업자 수"", ""standard_key"": ""observed_indicator_4a0d76cbfc04e5d4"", ""status"": ""MATCHED""}",[],[],"{""eligible_for_official_search"": true, ""entries"": [{""required"": true, ""slot"": ""indicator"", ""status"": ""SOURCE"", ""value"": ""부업자 수""}, {""required"": true, ""slot"": ""value"", ""status"": ""SOURCE"", ""value"": 679367.0}, {""required"": true, ""slot"": ""unit"", ""status"": ""SOURCE"", ""value"": ""명""}, {""required"": true, ""slot"": ""time"", ""status"": ""SOURCE"", ""value"": ""2025년 9월""}, {""required"": false, ""slot"": ""frequency"", ""status"": ""SOURCE"", ""value"": ""월""}, {""required"": false, ""slot"": ""region"", ""status"": ""SOURCE"", ""value"": ""국내""}, {""required"": false, ""slot"": ""population"", ""status"": ""NOT_APPLICABLE"", ""value"": null}, {""required"": false, ""slot"": ""dimension"", ""status"": ""NOT_APPLICABLE"", ""value"": null}, {""required"": false, ""slot"": ""comparison"", ""status"": ""SOURCE"", ""value"": {""change_value"": ""약 24000"", ""current_value"": ""679367"", ""reference_period"": ""지난해 9월"", ""reference_value"": ""655475"", ""type"": ""YEAR_OVER_YEAR""}}, {""required"": true, ""slot"": ""calculation"", ""status"": ""SOURCE"", ""value"": ""DIRECT_VALUE""}, {""required"": false, ""slot"": ""condition"", ""status"": ""SOURCE"", ""value"": {""direction"": ""INCREASE""}}, {""required"": false, ""slot"": ""source_hint"", ""status"": ""SOURCE"", ""value"": ""국가데이터처 경제활동인구조사 마이크로데이터""}], ""reason_codes"": []}","[{""attempt"": 1, ""child_claim_id"": ""claim_b3bf1ec21d974548"", ""code_version"": ""admission-recovery-v3"", ""data_version"": ""claim-schema-v1"", ""finished_at"": ""2026-08-26T03:01:57.115098+00:00"", ""input_hash"": ""fdce51fced082c95207f6ae4c7b5da00a83f2d67793a6b345dfff93ef341e448"", ""output_ref"": ""claim_b3bf1ec21d974548"", ""parent_claim_id"": ""A02680_2"", ""reason_code"": null, ""stage"": ""CLAIM_SPLIT"", ""started_at"": ""2026-08-26T03:01:57.115098+00:00"", ""status"": ""PASS""}, {""attempt"": 1, ""child_claim_id"": ""claim_b3bf1ec21d974548"", ""code_version"": ""admission-recovery-v3"", ""data_version"": ""claim-schema-v1"", ""finished_at"": ""2026-08-26T03:01:57.115098+00:00"", ""input_hash"": ""fdce51fced082c95207f6ae4c7b5da00a83f2d67793a6b345dfff93ef341e448"", ""output_ref"": ""claim_b3bf1ec21d974548"", ""parent_claim_id"": ""A02680_2"", ""reason_code"": null, ""stage"": ""CLAIM_PARSE"", ""started_at"": ""2026-08-26T03:01:57.115098+00:00"", ""status"": ""PASS""}]"
A02693_1,1,claim_895086a7aef29aea,claim_cb80d8d21331fecb,2%,코로나 팬데믹 이전 3%대 중후반대였던 실업률이 2022년 이후 2% 중후반대로 낮아진 현상의 상당 부분이 청년층의 구직 포기 때문이라는 국책 연구 기관의 분석 결과가 6일 나왔다.,실업률,2.0,%,2022년 이후,,,,"{""age"": ""청년층""}","{""reference_period"": ""코로나 팬데믹 이전"", ""reference_unit"": ""%"", ""reference_value"": ""3"", ""type"": ""REFERENCE_VALUE""}",GROWTH_RATE,"{""direction"": ""DECREASE""}",국책 연구 기관 분석,HOLD,"실업률 수치가 정확한 단일 값이 아니라 ‘3%대 중후반대’에서 ‘2% 중후반대’로 제시된 범위 표현이며, 청년층의 구직 포기가 원인이라는 분석적 인과 주장과 전체 실업률의 대상 범위가 명확히 분리되지 않아 자동 확정할 수 없음.",MULTI_CLAIM_SPLIT,STRUCTURAL_HOLD,HUMAN_REVIEW,"실업률 수치가 정확한 단일 값이 아니라 ‘3%대 중후반대’에서 ‘2% 중후반대’로 제시된 범위 표현이며, 청년층의 구직 포기가 원인이라는 분석적 인과 주장과 전체 실업률의 대상 범위가 명확히 분리되지 않아 자동 확정할 수 없음.",,N,,,,N,,0,0,null,[],[],"{""eligible_for_official_search"": true, ""entries"": [{""required"": true, ""slot"": ""indicator"", ""status"": ""SOURCE"", ""value"": ""실업률""}, {""required"": true, ""slot"": ""value"", ""status"": ""SOURCE"", ""value"": 2.0}, {""required"": true, ""slot"": ""unit"", ""status"": ""SOURCE"", ""value"": ""%""}, {""required"": true, ""slot"": ""time"", ""status"": ""SOURCE"", ""value"": ""2022년 이후""}, {""required"": false, ""slot"": ""frequency"", ""status"": ""NOT_APPLICABLE"", ""value"": null}, {""required"": false, ""slot"": ""region"", ""status"": ""NOT_APPLICABLE"", ""value"": null}, {""required"": false, ""slot"": ""population"", ""status"": ""NOT_APPLICABLE"", ""value"": null}, {""required"": false, ""slot"": ""dimension"", ""status"": ""SOURCE"", ""value"": {""age"": ""청년층""}}, {""required"": true, ""slot"": ""comparison"", ""status"": ""SOURCE"", ""value"": {""reference_period"": ""코로나 팬데믹 이전"", ""reference_unit"": ""%"", ""reference_value"": ""3"", ""type"": ""REFERENCE_VALUE""}}, {""required"": true, ""slot"": ""calculation"", ""status"": ""SOURCE"", ""value"": ""GROWTH_RATE""}, {""required"": true, ""slot"": ""condition"", ""status"": ""SOURCE"", ""value"": {""direction"": ""DECREASE""}}, {""required"": false, ""slot"": ""source_hint"", ""status"": ""SOURCE"", ""value"": ""국책 연구 기관 분석""}], ""reason_codes"": []}","[{""attempt"": 1, ""child_claim_id"": ""claim_cb80d8d21331fecb"", ""code_version"": ""admission-recovery-v3"", ""data_version"": ""claim-schema-v1"", ""finished_at"": ""2026-08-26T03:02:07.239647+00:00"", ""input_hash"": ""85800ed8dd4eef1e449b81c047c7c5ebfb89f64698443ef7aa6088bc9e651ca1"", ""output_ref"": ""claim_cb80d8d21331fecb"", ""parent_claim_id"": ""A02693_1"", ""reason_code"": null, ""stage"": ""CLAIM_SPLIT"", ""started_at"": ""2026-08-26T03:02:07.239647+00:00"", ""status"": ""PASS""}, {""attempt"": 1, ""child_claim_id"": ""claim_cb80d8d21331fecb"", ""code_version"": ""admission-recovery-v3"", ""data_version"": ""claim-schema-v1"", ""finished_at"": ""2026-08-26T03:02:07.239647+00:00"", ""input_hash"": ""85800ed8dd4eef1e449b81c047c7c5ebfb89f64698443ef7aa6088bc9e651ca1"", ""output_ref"": ""claim_cb80d8d21331fecb"", ""parent_claim_id"": ""A02693_1"", ""reason_code"": ""실업률 수치가 정확한 단일 값이 아니라 ‘3%대 중후반대’에서 ‘2% 중후반대’로 제시된 범위 표현이며, 청년층의 구직 포기가 원인이라는 분석적 인과 주장과 전체 실업률의 대상 범위가 명확히 분리되지 않아 자동 확정할 수 없음."", ""stage"": ""CLAIM_PARSE"", ""started_at"": ""2026-08-26T03:02:07.239647+00:00"", ""status"": ""HUMAN_REVIEW""}]"
A00006_11,1,claim_0236b22fed29bb35,claim_c4e31a389c724302,708억달러,"자동차 수출은 하반기 주요 완성차·부품업계 파업 등에 따른 일부 생산 차질 영향으로 전년도와 보합세인 708억 달러(-0.1%)를 기록하였으며, 2년 연속 700억 달러 이상의 호실적을 이어갔다.",수출액,708.0,억 달러,2024년,연간,,자동차 수출,"{""item"": ""자동차""}","{""change_rate"": ""-0.1%"", ""reference_period"": ""전년도"", ""type"": ""YEAR_OVER_YEAR""}",DIRECT_VALUE,"{""direction"": ""DECREASE""}",,AUTO_OK,,MULTI_CLAIM_SPLIT,KOSIS_PIPELINE_ELIGIBLE,HOLD,NO_HARD_GUARD_CANDIDATE,,N,UNDETERMINED,HOLD,NO_HARD_GUARD_CANDIDATE,N,,0,0,"{""canonical_name"": ""수출액"", ""concept_id"": ""C000003"", ""kosis_search_terms"": [""수출입총괄"", ""국가별 수출액 수입액"", ""수출금액""], ""matched_alias"": ""수출액"", ""standard_key"": ""export_value"", ""status"": ""MATCHED""}",[],[],"{""eligible_for_official_search"": true, ""entries"": [{""required"": true, ""slot"": ""indicator"", ""status"": ""SOURCE"", ""value"": ""수출액""}, {""required"": true, ""slot"": ""value"", ""status"": ""SOURCE"", ""value"": 708.0}, {""required"": true, ""slot"": ""unit"", ""status"": ""SOURCE"", ""value"": ""억 달러""}, {""required"": true, ""slot"": ""time"", ""status"": ""SOURCE"", ""value"": ""2024년""}, {""required"": false, ""slot"": ""frequency"", ""status"": ""SOURCE"", ""value"": ""연간""}, {""required"": false, ""slot"": ""region"", ""status"": ""NOT_APPLICABLE"", ""value"": null}, {""required"": false, ""slot"": ""population"", ""status"": ""SOURCE"", ""value"": ""자동차 수출""}, {""required"": false, ""slot"": ""dimension"", ""status"": ""SOURCE"", ""value"": {""item"": ""자동차""}}, {""required"": false, ""slot"": ""comparison"", ""status"": ""SOURCE"", ""value"": {""change_rate"": ""-0.1%"", ""reference_period"": ""전년도"", ""type"": ""YEAR_OVER_YEAR""}}, {""required"": true, ""slot"": ""calculation"", ""status"": ""SOURCE"", ""value"": ""DIRECT_VALUE""}, {""required"": false, ""slot"": ""condition"", ""status"": ""SOURCE"", ""value"": {""direction"": ""DECREASE""}}, {""required"": false, ""slot"": ""source_hint"", ""status"": ""NOT_APPLICABLE"", ""value"": null}], ""reason_codes"": []}","[{""attempt"": 1, ""child_claim_id"": ""claim_c4e31a389c724302"", ""code_version"": ""admission-recovery-v3"", ""data_version"": ""claim-schema-v1"", ""finished_at"": ""2026-08-26T03:03:10.060353+00:00"", ""input_hash"": ""722ed5518fa28d93eda979053590061819d5a981d7029cc41af1312ab6103679"", ""output_ref"": ""claim_c4e31a389c724302"", ""parent_claim_id"": ""A00006_11"", ""reason_code"": null, ""stage"": ""CLAIM_SPLIT"", ""started_at"": ""2026-08-26T03:03:10.060353+00:00"", ""status"": ""PASS""}, {""attempt"": 1, ""child_claim_id"": ""claim_c4e31a389c724302"", ""code_version"": ""admission-recovery-v3"", ""data_version"": ""claim-schema-v1"", ""finished_at"": ""2026-08-26T03:03:10.060353+00:00"", ""input_hash"": ""722ed5518fa28d93eda979053590061819d5a981d7029cc41af1312ab6103679"", ""output_ref"": ""claim_c4e31a389c724302"", ""parent_claim_id"": ""A00006_11"", ""reason_code"": null, ""stage"": ""CLAIM_PARSE"", ""started_at"": ""2026-08-26T03:03:10.060353+00:00"", ""status"": ""PASS""}]"
A00006_9,1,claim_d4c994a8c934e1ea,claim_3bc72836a91c2029,1419억달러,"◇반도체, 자동차가 이끌고 바이오, 농수산, 화장품 등도 고르게 증가 품목별로는 최대 수출품목인 반도체가 43.9% 증가한 1419억 달러를 기록, 2023년 11월 이후 14개월 연속 증가 흐름을 이어가면서 기존 최대 실적인 2022년 1292억 달러를 2년 만에 경신했다.",반도체 수출액,141.9,billion USD,2024,ANNUAL,,수출,"{""item"": ""반도체""}","{""change_rate"": ""43.9%"", ""reference_period"": ""2022"", ""reference_unit"": ""billion USD"", ""reference_value"": ""129.2"", ""relation"": ""EXCEEDED""}",DIRECT_VALUE,null,기사 본문,HOLD,TARGET_VALUE_NOT_IN_SOURCE_SENTENCE,MULTI_CLAIM_SPLIT,CONTEXT_REQUIRED,HUMAN_REVIEW,TARGET_VALUE_NOT_IN_SOURCE_SENTENCE,,N,,,,N,,0,0,null,[],[],"{""eligible_for_official_search"": true, ""entries"": [{""required"": true, ""slot"": ""indicator"", ""status"": ""SOURCE"", ""value"": ""반도체 수출액""}, {""required"": true, ""slot"": ""value"", ""status"": ""SOURCE"", ""value"": 141.9}, {""required"": true, ""slot"": ""unit"", ""status"": ""SOURCE"", ""value"": ""billion USD""}, {""required"": true, ""slot"": ""time"", ""status"": ""SOURCE"", ""value"": ""2024""}, {""required"": false, ""slot"": ""frequency"", ""status"": ""SOURCE"", ""value"": ""ANNUAL""}, {""required"": false, ""slot"": ""region"", ""status"": ""NOT_APPLICABLE"", ""value"": null}, {""required"": false, ""slot"": ""population"", ""status"": ""SOURCE"", ""value"": ""수출""}, {""required"": false, ""slot"": ""dimension"", ""status"": ""SOURCE"", ""value"": {""item"": ""반도체""}}, {""required"": false, ""slot"": ""comparison"", ""status"": ""SOURCE"", ""value"": {""change_rate"": ""43.9%"", ""reference_period"": ""2022"", ""reference_unit"": ""billion USD"", ""reference_value"": ""129.2"", ""relation"": ""EXCEEDED""}}, {""required"": true, ""slot"": ""calculation"", ""status"": ""SOURCE"", ""value"": ""DIRECT_VALUE""}, {""required"": false, ""slot"": ""condition"", ""status"": ""NOT_APPLICABLE"", ""value"": null}, {""required"": false, ""slot"": ""source_hint"", ""status"": ""SOURCE"", ""value"": ""기사 본문""}], ""reason_codes"": []}","[{""attempt"": 1, ""child_claim_id"": ""claim_3bc72836a91c2029"", ""code_version"": ""admission-recovery-v3"", ""data_version"": ""claim-schema-v1"", ""finished_at"": ""2026-08-26T03:03:26.457867+00:00"", ""input_hash"": ""9006003ec2b16249ce7ad3d8f396d12a903c1da0bbc7e7a52da66e92f2733b19"", ""output_ref"": ""claim_3bc72836a91c2029"", ""parent_claim_id"": ""A00006_9"", ""reason_code"": null, ""stage"": ""CLAIM_SPLIT"", ""started_at"": ""2026-08-26T03:03:26.457867+00:00"", ""status"": ""PASS""}, {""attempt"": 1, ""child_claim_id"": ""claim_3bc72836a91c2029"", ""code_version"": ""admission-recovery-v3"", ""data_version"": ""claim-schema-v1"", ""finished_at"": ""2026-08-26T03:03:26.457867+00:00"", ""input_hash"": ""9006003ec2b16249ce7ad3d8f396d12a903c1da0bbc7e7a52da66e92f2733b19"", ""output_ref"": ""claim_3bc72836a91c2029"", ""parent_claim_id"": ""A00006_9"", ""reason_code"": ""TARGET_VALUE_NOT_IN_SOURCE_SENTENCE"", ""stage"": ""CLAIM_PARSE"", ""started_at"": ""2026-08-26T03:03:26.457867+00:00"", ""status"": ""HUMAN_REVIEW""}]"
A00448_30,1,claim_d3a1c934d4618faa,claim_611c1b53449b79fa,45%,"동남아시아 사업 확장을 위한 인터내셔널헤드쿼터(iHQ) 조직도 새로 구성할... 내수 부진에 계엄·탄핵 '겹악재'...청년 고용률 43개월 만에 최저 지난해 하반기부터 내수 경기가 부진한 와중에, 계엄·탄핵 사태와 초유의 현직 대통령 구속까지 겹치며 청년 고용이 4년 만에 최저 수준으로 떨어졌... 소상공인 45% ""작년 월평균 영업이익 200만원 이하"" 국내 소상공인 10명 중 7명은 지난해 경영 실적이 좋지 않았다고 응답했다.",월평균 영업이익,45.0,%,2024,annual,국내,소상공인,null,null,SHARE,"{""operator"": ""LTE"", ""threshold_unit"": ""만원"", ""threshold_value"": ""200""}",,HOLD,MISSING_REQUIRED_SLOTS:comparison,MULTI_CLAIM_SPLIT,STRUCTURAL_HOLD,HUMAN_REVIEW,MISSING_REQUIRED_SLOTS:comparison,,N,,,,N,,0,0,null,[],[],"{""eligible_for_official_search"": false, ""entries"": [{""required"": true, ""slot"": ""indicator"", ""status"": ""SOURCE"", ""value"": ""월평균 영업이익""}, {""required"": true, ""slot"": ""value"", ""status"": ""SOURCE"", ""value"": 45.0}, {""required"": true, ""slot"": ""unit"", ""status"": ""SOURCE"", ""value"": ""%""}, {""required"": true, ""slot"": ""time"", ""status"": ""SOURCE"", ""value"": ""2024""}, {""required"": false, ""slot"": ""frequency"", ""status"": ""SOURCE"", ""value"": ""annual""}, {""required"": false, ""slot"": ""region"", ""status"": ""SOURCE"", ""value"": ""국내""}, {""required"": false, ""slot"": ""population"", ""status"": ""SOURCE"", ""value"": ""소상공인""}, {""required"": false, ""slot"": ""dimension"", ""status"": ""NOT_APPLICABLE"", ""value"": null}, {""required"": true, ""slot"": ""comparison"", ""status"": ""MISSING"", ""value"": null}, {""required"": true, ""slot"": ""calculation"", ""status"": ""SOURCE"", ""value"": ""SHARE""}, {""required"": false, ""slot"": ""condition"", ""status"": ""SOURCE"", ""value"": {""operator"": ""LTE"", ""threshold_unit"": ""만원"", ""threshold_value"": ""200""}}, {""required"": false, ""slot"": ""source_hint"", ""status"": ""NOT_APPLICABLE"", ""value"": null}], ""reason_codes"": [""MISSING_REQUIRED_SLOTS:comparison""]}","[{""attempt"": 1, ""child_claim_id"": ""claim_611c1b53449b79fa"", ""code_version"": ""admission-recovery-v3"", ""data_version"": ""claim-schema-v1"", ""finished_at"": ""2026-08-26T03:03:43.123230+00:00"", ""input_hash"": ""a621a37cb955b1fe1b1f220187f90a8a9202b675e30d55d1523cdbaaf03647ed"", ""output_ref"": ""claim_611c1b53449b79fa"", ""parent_claim_id"": ""A00448_30"", ""reason_code"": null, ""stage"": ""CLAIM_SPLIT"", ""started_at"": ""2026-08-26T03:03:43.123230+00:00"", ""status"": ""PASS""}, {""attempt"": 1, ""child_claim_id"": ""claim_611c1b53449b79fa"", ""code_version"": ""admission-recovery-v3"", ""data_version"": ""claim-schema-v1"", ""finished_at"": ""2026-08-26T03:03:43.123230+00:00"", ""input_hash"": ""a621a37cb955b1fe1b1f220187f90a8a9202b675e30d55d1523cdbaaf03647ed"", ""output_ref"": ""claim_611c1b53449b79fa"", ""parent_claim_id"": ""A00448_30"", ""reason_code"": ""MISSING_REQUIRED_SLOTS:comparison"", ""stage"": ""CLAIM_PARSE"", ""started_at"": ""2026-08-26T03:03:43.123230+00:00"", ""status"": ""HUMAN_REVIEW""}]"
A00448_30,2,claim_dea3368115b33b3c,claim_55937dab1cdc8ec0,7명,"동남아시아 사업 확장을 위한 인터내셔널헤드쿼터(iHQ) 조직도 새로 구성할... 내수 부진에 계엄·탄핵 '겹악재'...청년 고용률 43개월 만에 최저 지난해 하반기부터 내수 경기가 부진한 와중에, 계엄·탄핵 사태와 초유의 현직 대통령 구속까지 겹치며 청년 고용이 4년 만에 최저 수준으로 떨어졌... 소상공인 45% ""작년 월평균 영업이익 200만원 이하"" 국내 소상공인 10명 중 7명은 지난해 경영 실적이 좋지 않았다고 응답했다.",경영 실적이 좋지 않다고 응답한 소상공인 비율,7.0,명/10명,2024,연간,대한민국,소상공인,null,null,SHARE,null,,HOLD,TARGET_VALUE_NOT_IN_SOURCE_SENTENCE,MULTI_CLAIM_SPLIT,CONTEXT_REQUIRED,HUMAN_REVIEW,TARGET_VALUE_NOT_IN_SOURCE_SENTENCE,,N,,,,N,,0,0,null,[],[],"{""eligible_for_official_search"": false, ""entries"": [{""required"": true, ""slot"": ""indicator"", ""status"": ""CONTEXT"", ""value"": ""경영 실적이 좋지 않다고 응답한 소상공인 비율""}, {""required"": true, ""slot"": ""value"", ""status"": ""SOURCE"", ""value"": 7.0}, {""required"": true, ""slot"": ""unit"", ""status"": ""CONTEXT"", ""value"": ""명/10명""}, {""required"": true, ""slot"": ""time"", ""status"": ""CONTEXT"", ""value"": ""2024""}, {""required"": false, ""slot"": ""frequency"", ""status"": ""CONTEXT"", ""value"": ""연간""}, {""required"": false, ""slot"": ""region"", ""status"": ""CONTEXT"", ""value"": ""대한민국""}, {""required"": false, ""slot"": ""population"", ""status"": ""SOURCE"", ""value"": ""소상공인""}, {""required"": false, ""slot"": ""dimension"", ""status"": ""NOT_APPLICABLE"", ""value"": null}, {""required"": true, ""slot"": ""comparison"", ""status"": ""MISSING"", ""value"": null}, {""required"": true, ""slot"": ""calculation"", ""status"": ""CONTEXT"", ""value"": ""SHARE""}, {""required"": false, ""slot"": ""condition"", ""status"": ""NOT_APPLICABLE"", ""value"": null}, {""required"": false, ""slot"": ""source_hint"", ""status"": ""NOT_APPLICABLE"", ""value"": null}], ""reason_codes"": [""MISSING_REQUIRED_SLOTS:comparison""]}","[{""attempt"": 1, ""child_claim_id"": ""claim_55937dab1cdc8ec0"", ""code_version"": ""admission-recovery-v3"", ""data_version"": ""claim-schema-v1"", ""finished_at"": ""2026-08-26T03:03:43.124230+00:00"", ""input_hash"": ""a621a37cb955b1fe1b1f220187f90a8a9202b675e30d55d1523cdbaaf03647ed"", ""output_ref"": ""claim_55937dab1cdc8ec0"", ""parent_claim_id"": ""A00448_30"", ""reason_code"": null, ""stage"": ""CLAIM_SPLIT"", ""started_at"": ""2026-08-26T03:03:43.124230+00:00"", ""status"": ""PASS""}, {""attempt"": 1, ""child_claim_id"": ""claim_55937dab1cdc8ec0"", ""code_version"": ""admission-recovery-v3"", ""data_version"": ""claim-schema-v1"", ""finished_at"": ""2026-08-26T03:03:43.124230+00:00"", ""input_hash"": ""a621a37cb955b1fe1b1f220187f90a8a9202b675e30d55d1523cdbaaf03647ed"", ""output_ref"": ""claim_55937dab1cdc8ec0"", ""parent_claim_id"": ""A00448_30"", ""reason_code"": ""TARGET_VALUE_NOT_IN_SOURCE_SENTENCE"", ""stage"": ""CLAIM_PARSE"", ""started_at"": ""2026-08-26T03:03:43.124230+00:00"", ""status"": ""HUMAN_REVIEW""}]"
A00579_10,1,claim_1a7d6adb20b87d41,claim_158f2fecc3c9dc11,9.6%,노인 일자리에 참여하려는 고령층도 다수 몰리며 65세 이상 실업률이 9.6%로 전년 동월 대비 0.2%포인트 오르기도 했다.,실업률,9.6,%,,MONTHLY,,65세 이상,null,"{""change_unit"": ""%포인트"", ""change_value"": ""0.2"", ""reference_period"": ""전년 동월"", ""type"": ""MONTH_OVER_MONTH""}",GROWTH_RATE,"{""direction"": ""INCREASE""}",,HOLD,"목표값 9.6%의 기준 시점과 지역이 본문에 명시되지 않았으며, 전년 동월 대비 0.2%포인트 상승은 별도 변화 정보로 직접 보강할 수 없음",MULTI_CLAIM_SPLIT,STRUCTURAL_HOLD,HUMAN_REVIEW,"목표값 9.6%의 기준 시점과 지역이 본문에 명시되지 않았으며, 전년 동월 대비 0.2%포인트 상승은 별도 변화 정보로 직접 보강할 수 없음",,N,,,,N,,0,0,null,[],[],"{""eligible_for_official_search"": false, ""entries"": [{""required"": true, ""slot"": ""indicator"", ""status"": ""SOURCE"", ""value"": ""실업률""}, {""required"": true, ""slot"": ""value"", ""status"": ""SOURCE"", ""value"": 9.6}, {""required"": true, ""slot"": ""unit"", ""status"": ""SOURCE"", ""value"": ""%""}, {""required"": true, ""slot"": ""time"", ""status"": ""MISSING"", ""value"": null}, {""required"": false, ""slot"": ""frequency"", ""status"": ""CONTEXT"", ""value"": ""MONTHLY""}, {""required"": false, ""slot"": ""region"", ""status"": ""NOT_APPLICABLE"", ""value"": null}, {""required"": false, ""slot"": ""population"", ""status"": ""SOURCE"", ""value"": ""65세 이상""}, {""required"": false, ""slot"": ""dimension"", ""status"": ""NOT_APPLICABLE"", ""value"": null}, {""required"": true, ""slot"": ""comparison"", ""status"": ""CONTEXT"", ""value"": {""change_unit"": ""%포인트"", ""change_value"": ""0.2"", ""reference_period"": ""전년 동월"", ""type"": ""MONTH_OVER_MONTH""}}, {""required"": true, ""slot"": ""calculation"", ""status"": ""SOURCE"", ""value"": ""GROWTH_RATE""}, {""required"": true, ""slot"": ""condition"", ""status"": ""SOURCE"", ""value"": {""direction"": ""INCREASE""}}, {""required"": false, ""slot"": ""source_hint"", ""status"": ""NOT_APPLICABLE"", ""value"": null}], ""reason_codes"": [""MISSING_REQUIRED_SLOTS:time""]}","[{""attempt"": 1, ""child_claim_id"": ""claim_158f2fecc3c9dc11"", ""code_version"": ""admission-recovery-v3"", ""data_version"": ""claim-schema-v1"", ""finished_at"": ""2026-08-26T03:03:56.080545+00:00"", ""input_hash"": ""4c65dda340ea92413e2c2c5c0afb70980db208534f336ad1bdc5ab49db8859f0"", ""output_ref"": ""claim_158f2fecc3c9dc11"", ""parent_claim_id"": ""A00579_10"", ""reason_code"": null, ""stage"": ""CLAIM_SPLIT"", ""started_at"": ""2026-08-26T03:03:56.080545+00:00"", ""status"": ""PASS""}, {""attempt"": 1, ""child_claim_id"": ""claim_158f2fecc3c9dc11"", ""code_version"": ""admission-recovery-v3"", ""data_version"": ""claim-schema-v1"", ""finished_at"": ""2026-08-26T03:03:56.080545+00:00"", ""input_hash"": ""4c65dda340ea92413e2c2c5c0afb70980db208534f336ad1bdc5ab49db8859f0"", ""output_ref"": ""claim_158f2fecc3c9dc11"", ""parent_claim_id"": ""A00579_10"", ""reason_code"": ""목표값 9.6%의 기준 시점과 지역이 본문에 명시되지 않았으며, 전년 동월 대비 0.2%포인트 상승은 별도 변화 정보로 직접 보강할 수 없음"", ""stage"": ""CLAIM_PARSE"", ""started_at"": ""2026-08-26T03:03:56.080545+00:00"", ""status"": ""HUMAN_REVIEW""}]"
A00760_3,1,claim_31c94718f1438b78,claim_200c907a93fc6a89,0.5%,"공정위는 자산총액이 전년도 명목 국내총생산(GDP)의 0.5% 이상(지난해는 10조4000억원)인 기업집단을 ‘상호출자제한 기업집단’으로, 자산 5조원 이상인 경우 ‘공시대상 기업집단’으로 지정한다.",상호출자제한 기업집단 지정 기준 자산총액,0.5,%,,,대한민국,기업집단,"{""기준"": ""전년도 명목 국내총생산(GDP) 대비""}","{""reference_period"": ""지난해"", ""reference_value"": ""10조4000억원"", ""type"": ""EQUIVALENT_VALUE""}",THRESHOLD,"{""operator"": ""GTE"", ""threshold_unit"": ""%"", ""threshold_value"": ""0.5""}",공정위,HOLD,"두 개의 독립적인 지정 기준(상호출자제한 기업집단과 공시대상 기업집단)이 한 문장에 함께 제시되어 있으며, 중심 수치 0.5%와 동등값 10조4000억원의 기준 시점도 명확히 특정되지 않음",MULTI_CLAIM_SPLIT,STRUCTURAL_HOLD,HUMAN_REVIEW,"두 개의 독립적인 지정 기준(상호출자제한 기업집단과 공시대상 기업집단)이 한 문장에 함께 제시되어 있으며, 중심 수치 0.5%와 동등값 10조4000억원의 기준 시점도 명확히 특정되지 않음",,N,,,,N,,0,0,null,[],[],"{""eligible_for_official_search"": false, ""entries"": [{""required"": true, ""slot"": ""indicator"", ""status"": ""SOURCE"", ""value"": ""상호출자제한 기업집단 지정 기준 자산총액""}, {""required"": true, ""slot"": ""value"", ""status"": ""SOURCE"", ""value"": 0.5}, {""required"": true, ""slot"": ""unit"", ""status"": ""SOURCE"", ""value"": ""%""}, {""required"": true, ""slot"": ""time"", ""status"": ""MISSING"", ""value"": null}, {""required"": false, ""slot"": ""frequency"", ""status"": ""NOT_APPLICABLE"", ""value"": null}, {""required"": false, ""slot"": ""region"", ""status"": ""SOURCE"", ""value"": ""대한민국""}, {""required"": false, ""slot"": ""population"", ""status"": ""SOURCE"", ""value"": ""기업집단""}, {""required"": false, ""slot"": ""dimension"", ""status"": ""SOURCE"", ""value"": {""기준"": ""전년도 명목 국내총생산(GDP) 대비""}}, {""required"": false, ""slot"": ""comparison"", ""status"": ""SOURCE"", ""value"": {""reference_period"": ""지난해"", ""reference_value"": ""10조4000억원"", ""type"": ""EQUIVALENT_VALUE""}}, {""required"": true, ""slot"": ""calculation"", ""status"": ""SOURCE"", ""value"": ""THRESHOLD""}, {""required"": true, ""slot"": ""condition"", ""status"": ""SOURCE"", ""value"": {""operator"": ""GTE"", ""threshold_unit"": ""%"", ""threshold_value"": ""0.5""}}, {""required"": false, ""slot"": ""source_hint"", ""status"": ""SOURCE"", ""value"": ""공정위""}], ""reason_codes"": [""MISSING_REQUIRED_SLOTS:time""]}","[{""attempt"": 1, ""child_claim_id"": ""claim_200c907a93fc6a89"", ""code_version"": ""admission-recovery-v3"", ""data_version"": ""claim-schema-v1"", ""finished_at"": ""2026-08-26T03:04:16.192628+00:00"", ""input_hash"": ""86755bfa59df01916aed240b400202cdb9c645c80fae1dc7afd5287487661c44"", ""output_ref"": ""claim_200c907a93fc6a89"", ""parent_claim_id"": ""A00760_3"", ""reason_code"": null, ""stage"": ""CLAIM_SPLIT"", ""started_at"": ""2026-08-26T03:04:16.192628+00:00"", ""status"": ""PASS""}, {""attempt"": 1, ""child_claim_id"": ""claim_200c907a93fc6a89"", ""code_version"": ""admission-recovery-v3"", ""data_version"": ""claim-schema-v1"", ""finished_at"": ""2026-08-26T03:04:16.192628+00:00"", ""input_hash"": ""86755bfa59df01916aed240b400202cdb9c645c80fae1dc7afd5287487661c44"", ""output_ref"": ""claim_200c907a93fc6a89"", ""parent_claim_id"": ""A00760_3"", ""reason_code"": ""두 개의 독립적인 지정 기준(상호출자제한 기업집단과 공시대상 기업집단)이 한 문장에 함께 제시되어 있으며, 중심 수치 0.5%와 동등값 10조4000억원의 기준 시점도 명확히 특정되지 않음"", ""stage"": ""CLAIM_PARSE"", ""started_at"": ""2026-08-26T03:04:16.192628+00:00"", ""status"": ""HUMAN_REVIEW""}]"
A00760_3,2,claim_ee0939117abd240b,claim_bea6a1b55892b415,5조원,"공정위는 자산총액이 전년도 명목 국내총생산(GDP)의 0.5% 이상(지난해는 10조4000억원)인 기업집단을 ‘상호출자제한 기업집단’으로, 자산 5조원 이상인 경우 ‘공시대상 기업집단’으로 지정한다.",기업집단 자산총액,5.0,조원,,,,기업집단,"{""designation"": ""공시대상 기업집단""}",null,THRESHOLD,"{""operator"": ""GTE"", ""threshold_unit"": ""조원"", ""threshold_value"": ""5""}",공정거래위원회,HOLD,MISSING_REQUIRED_SLOTS:time,MULTI_CLAIM_SPLIT,STRUCTURAL_HOLD,HUMAN_REVIEW,MISSING_REQUIRED_SLOTS:time,,N,,,,N,,0,0,null,[],[],"{""eligible_for_official_search"": false, ""entries"": [{""required"": true, ""slot"": ""indicator"", ""status"": ""CONTEXT"", ""value"": ""기업집단 자산총액""}, {""required"": true, ""slot"": ""value"", ""status"": ""SOURCE"", ""value"": 5.0}, {""required"": true, ""slot"": ""unit"", ""status"": ""SOURCE"", ""value"": ""조원""}, {""required"": true, ""slot"": ""time"", ""status"": ""MISSING"", ""value"": null}, {""required"": false, ""slot"": ""frequency"", ""status"": ""NOT_APPLICABLE"", ""value"": null}, {""required"": false, ""slot"": ""region"", ""status"": ""NOT_APPLICABLE"", ""value"": null}, {""required"": false, ""slot"": ""population"", ""status"": ""SOURCE"", ""value"": ""기업집단""}, {""required"": false, ""slot"": ""dimension"", ""status"": ""CONTEXT"", ""value"": {""designation"": ""공시대상 기업집단""}}, {""required"": false, ""slot"": ""comparison"", ""status"": ""NOT_APPLICABLE"", ""value"": null}, {""required"": true, ""slot"": ""calculation"", ""status"": ""SOURCE"", ""value"": ""THRESHOLD""}, {""required"": true, ""slot"": ""condition"", ""status"": ""SOURCE"", ""value"": {""operator"": ""GTE"", ""threshold_unit"": ""조원"", ""threshold_value"": ""5""}}, {""required"": false, ""slot"": ""source_hint"", ""status"": ""SOURCE"", ""value"": ""공정거래위원회""}], ""reason_codes"": [""MISSING_REQUIRED_SLOTS:time""]}","[{""attempt"": 1, ""child_claim_id"": ""claim_bea6a1b55892b415"", ""code_version"": ""admission-recovery-v3"", ""data_version"": ""claim-schema-v1"", ""finished_at"": ""2026-08-26T03:04:16.193629+00:00"", ""input_hash"": ""86755bfa59df01916aed240b400202cdb9c645c80fae1dc7afd5287487661c44"", ""output_ref"": ""claim_bea6a1b55892b415"", ""parent_claim_id"": ""A00760_3"", ""reason_code"": null, ""stage"": ""CLAIM_SPLIT"", ""started_at"": ""2026-08-26T03:04:16.193629+00:00"", ""status"": ""PASS""}, {""attempt"": 1, ""child_claim_id"": ""claim_bea6a1b55892b415"", ""code_version"": ""admission-recovery-v3"", ""data_version"": ""claim-schema-v1"", ""finished_at"": ""2026-08-26T03:04:16.193629+00:00"", ""input_hash"": ""86755bfa59df01916aed240b400202cdb9c645c80fae1dc7afd5287487661c44"", ""output_ref"": ""claim_bea6a1b55892b415"", ""parent_claim_id"": ""A00760_3"", ""reason_code"": ""MISSING_REQUIRED_SLOTS:time"", ""stage"": ""CLAIM_PARSE"", ""started_at"": ""2026-08-26T03:04:16.193629+00:00"", ""status"": ""HUMAN_REVIEW""}]"
A00838_16,1,claim_9920c7655d0c47ba,claim_b61194af45ca5334,12만명,실제 우리나라 인구는 지난해 12만명 줄어드는 등 5년간 45만명 이상 감소했다.,인구,120000.0,명,2024년,년,대한민국,실제 인구,null,null,DIRECT_VALUE,"{""direction"": ""DECREASE""}",,AUTO_OK,,MULTI_CLAIM_SPLIT,KOSIS_PIPELINE_ELIGIBLE,HOLD,NO_EVIDENCE_COORDINATE_CANDIDATE,,N,UNDETERMINED,HOLD,NO_EVIDENCE_COORDINATE_CANDIDATE,N,,0,0,"{""canonical_name"": ""인구"", ""concept_id"": ""OBSERVED:e828a2c8cae28d1d"", ""kosis_search_terms"": [""인구""], ""matched_alias"": ""인구"", ""standard_key"": ""observed_indicator_e828a2c8cae28d1d"", ""status"": ""MATCHED""}",[],[],"{""eligible_for_official_search"": true, ""entries"": [{""required"": true, ""slot"": ""indicator"", ""status"": ""SOURCE"", ""value"": ""인구""}, {""required"": true, ""slot"": ""value"", ""status"": ""CONTEXT"", ""value"": 120000.0}, {""required"": true, ""slot"": ""unit"", ""status"": ""CONTEXT"", ""value"": ""명""}, {""required"": true, ""slot"": ""time"", ""status"": ""CONTEXT"", ""value"": ""2024년""}, {""required"": false, ""slot"": ""frequency"", ""status"": ""CONTEXT"", ""value"": ""년""}, {""required"": false, ""slot"": ""region"", ""status"": ""SOURCE"", ""value"": ""대한민국""}, {""required"": false, ""slot"": ""population"", ""status"": ""CONTEXT"", ""value"": ""실제 인구""}, {""required"": false, ""slot"": ""dimension"", ""status"": ""NOT_APPLICABLE"", ""value"": null}, {""required"": false, ""slot"": ""comparison"", ""status"": ""NOT_APPLICABLE"", ""value"": null}, {""required"": true, ""slot"": ""calculation"", ""status"": ""SOURCE"", ""value"": ""DIRECT_VALUE""}, {""required"": false, ""slot"": ""condition"", ""status"": ""SOURCE"", ""value"": {""direction"": ""DECREASE""}}, {""required"": false, ""slot"": ""source_hint"", ""status"": ""NOT_APPLICABLE"", ""value"": null}], ""reason_codes"": []}","[{""attempt"": 1, ""child_claim_id"": ""claim_b61194af45ca5334"", ""code_version"": ""admission-recovery-v3"", ""data_version"": ""claim-schema-v1"", ""finished_at"": ""2026-08-26T03:05:25.442215+00:00"", ""input_hash"": ""ee55031c22878257a7e9620c247ce440a74364bc542f653bcf8a71abf69f8540"", ""output_ref"": ""claim_b61194af45ca5334"", ""parent_claim_id"": ""A00838_16"", ""reason_code"": null, ""stage"": ""CLAIM_SPLIT"", ""started_at"": ""2026-08-26T03:05:25.442215+00:00"", ""status"": ""PASS""}, {""attempt"": 1, ""child_claim_id"": ""claim_b61194af45ca5334"", ""code_version"": ""admission-recovery-v3"", ""data_version"": ""claim-schema-v1"", ""finished_at"": ""2026-08-26T03:05:25.442215+00:00"", ""input_hash"": ""ee55031c22878257a7e9620c247ce440a74364bc542f653bcf8a71abf69f8540"", ""output_ref"": ""claim_b61194af45ca5334"", ""parent_claim_id"": ""A00838_16"", ""reason_code"": null, ""stage"": ""CLAIM_PARSE"", ""started_at"": ""2026-08-26T03:05:25.442215+00:00"", ""status"": ""PASS""}]"
A00838_16,2,claim_03c2ca34c7640b9a,claim_6a47264a5c7f78dc,45만명,실제 우리나라 인구는 지난해 12만명 줄어드는 등 5년간 45만명 이상 감소했다.,우리나라 실제 인구 감소,450000.0,명,지난 5년,,대한민국,실제 인구,null,null,THRESHOLD,"{""direction"": ""DECREASE"", ""operator"": ""GTE"", ""threshold_unit"": ""명"", ""threshold_value"": ""450000""}",,AUTO_OK,,MULTI_CLAIM_SPLIT,KOSIS_PIPELINE_ELIGIBLE,HOLD,NO_EVIDENCE_COORDINATE_CANDIDATE,,N,UNDETERMINED,HOLD,NO_EVIDENCE_COORDINATE_CANDIDATE,N,,0,0,"{""canonical_name"": ""우리나라 실제 인구 감소"", ""concept_id"": ""OBSERVED:bb2936f401051c9c"", ""kosis_search_terms"": [""우리나라 실제 인구 감소""], ""matched_alias"": ""우리나라 실제 인구 감소"", ""standard_key"": ""observed_indicator_bb2936f401051c9c"", ""status"": ""MATCHED""}",[],[],"{""eligible_for_official_search"": true, ""entries"": [{""required"": true, ""slot"": ""indicator"", ""status"": ""SOURCE"", ""value"": ""우리나라 실제 인구 감소""}, {""required"": true, ""slot"": ""value"", ""status"": ""SOURCE"", ""value"": 450000.0}, {""required"": true, ""slot"": ""unit"", ""status"": ""SOURCE"", ""value"": ""명""}, {""required"": true, ""slot"": ""time"", ""status"": ""SOURCE"", ""value"": ""지난 5년""}, {""required"": false, ""slot"": ""frequency"", ""status"": ""NOT_APPLICABLE"", ""value"": null}, {""required"": false, ""slot"": ""region"", ""status"": ""SOURCE"", ""value"": ""대한민국""}, {""required"": false, ""slot"": ""population"", ""status"": ""SOURCE"", ""value"": ""실제 인구""}, {""required"": false, ""slot"": ""dimension"", ""status"": ""NOT_APPLICABLE"", ""value"": null}, {""required"": false, ""slot"": ""comparison"", ""status"": ""NOT_APPLICABLE"", ""value"": null}, {""required"": true, ""slot"": ""calculation"", ""status"": ""SOURCE"", ""value"": ""THRESHOLD""}, {""required"": true, ""slot"": ""condition"", ""status"": ""SOURCE"", ""value"": {""direction"": ""DECREASE"", ""operator"": ""GTE"", ""threshold_unit"": ""명"", ""threshold_value"": ""450000""}}, {""required"": false, ""slot"": ""source_hint"", ""status"": ""NOT_APPLICABLE"", ""value"": null}], ""reason_codes"": []}","[{""attempt"": 1, ""child_claim_id"": ""claim_6a47264a5c7f78dc"", ""code_version"": ""admission-recovery-v3"", ""data_version"": ""claim-schema-v1"", ""finished_at"": ""2026-08-26T03:05:25.442215+00:00"", ""input_hash"": ""ee55031c22878257a7e9620c247ce440a74364bc542f653bcf8a71abf69f8540"", ""output_ref"": ""claim_6a47264a5c7f78dc"", ""parent_claim_id"": ""A00838_16"", ""reason_code"": null, ""stage"": ""CLAIM_SPLIT"", ""started_at"": ""2026-08-26T03:05:25.442215+00:00"", ""status"": ""PASS""}, {""attempt"": 1, ""child_claim_id"": ""claim_6a47264a5c7f78dc"", ""code_version"": ""admission-recovery-v3"", ""data_version"": ""claim-schema-v1"", ""finished_at"": ""2026-08-26T03:05:25.442215+00:00"", ""input_hash"": ""ee55031c22878257a7e9620c247ce440a74364bc542f653bcf8a71abf69f8540"", ""output_ref"": ""claim_6a47264a5c7f78dc"", ""parent_claim_id"": ""A00838_16"", ""reason_code"": null, ""stage"": ""CLAIM_PARSE"", ""started_at"": ""2026-08-26T03:05:25.442215+00:00"", ""status"": ""PASS""}]"
A00899_16,1,claim_68c33076eb9ca41b,claim_483c4c18883b6c3c,315만대,"자동차 수출이 315만대를 기록한 2011년엔 466만대였고, 2012~2015년에도 450만대를 웃돌았다.",자동차 수출,,만대,,,,,null,"{""reference_period"": ""2011년"", ""reference_value"": ""466""}",DIFFERENCE,null,,HOLD,"중심 수치 315만대와 기준 수치 466만대의 관계 및 목표 시점이 문장상 모호하며, 2012~2015년의 450만대 초과라는 별도 수치도 포함되어 단일 수치 주장으로 확정하기 어렵습니다.",MULTI_CLAIM_SPLIT,STRUCTURAL_HOLD,HUMAN_REVIEW,"중심 수치 315만대와 기준 수치 466만대의 관계 및 목표 시점이 문장상 모호하며, 2012~2015년의 450만대 초과라는 별도 수치도 포함되어 단일 수치 주장으로 확정하기 어렵습니다.",,N,,,,N,,0,0,null,[],[],"{""eligible_for_official_search"": false, ""entries"": [{""required"": true, ""slot"": ""indicator"", ""status"": ""SOURCE"", ""value"": ""자동차 수출""}, {""required"": true, ""slot"": ""value"", ""status"": ""MISSING"", ""value"": null}, {""required"": true, ""slot"": ""unit"", ""status"": ""SOURCE"", ""value"": ""만대""}, {""required"": true, ""slot"": ""time"", ""status"": ""MISSING"", ""value"": null}, {""required"": false, ""slot"": ""frequency"", ""status"": ""NOT_APPLICABLE"", ""value"": null}, {""required"": false, ""slot"": ""region"", ""status"": ""NOT_APPLICABLE"", ""value"": null}, {""required"": false, ""slot"": ""population"", ""status"": ""NOT_APPLICABLE"", ""value"": null}, {""required"": false, ""slot"": ""dimension"", ""status"": ""NOT_APPLICABLE"", ""value"": null}, {""required"": true, ""slot"": ""comparison"", ""status"": ""SOURCE"", ""value"": {""reference_period"": ""2011년"", ""reference_value"": ""466""}}, {""required"": true, ""slot"": ""calculation"", ""status"": ""SOURCE"", ""value"": ""DIFFERENCE""}, {""required"": true, ""slot"": ""condition"", ""status"": ""MISSING"", ""value"": null}, {""required"": false, ""slot"": ""source_hint"", ""status"": ""NOT_APPLICABLE"", ""value"": null}], ""reason_codes"": [""MISSING_REQUIRED_SLOTS:value,time,condition""]}","[{""attempt"": 1, ""child_claim_id"": ""claim_483c4c18883b6c3c"", ""code_version"": ""admission-recovery-v3"", ""data_version"": ""claim-schema-v1"", ""finished_at"": ""2026-08-26T03:05:40.602429+00:00"", ""input_hash"": ""4c00a440b114910e74430a9c7a6d4a46f7a7d7f705a23aab73016d7f903274ef"", ""output_ref"": ""claim_483c4c18883b6c3c"", ""parent_claim_id"": ""A00899_16"", ""reason_code"": null, ""stage"": ""CLAIM_SPLIT"", ""started_at"": ""2026-08-26T03:05:40.602429+00:00"", ""status"": ""PASS""}, {""attempt"": 1, ""child_claim_id"": ""claim_483c4c18883b6c3c"", ""code_version"": ""admission-recovery-v3"", ""data_version"": ""claim-schema-v1"", ""finished_at"": ""2026-08-26T03:05:40.602429+00:00"", ""input_hash"": ""4c00a440b114910e74430a9c7a6d4a46f7a7d7f705a23aab73016d7f903274ef"", ""output_ref"": ""claim_483c4c18883b6c3c"", ""parent_claim_id"": ""A00899_16"", ""reason_code"": ""중심 수치 315만대와 기준 수치 466만대의 관계 및 목표 시점이 문장상 모호하며, 2012~2015년의 450만대 초과라는 별도 수치도 포함되어 단일 수치 주장으로 확정하기 어렵습니다."", ""stage"": ""CLAIM_PARSE"", ""started_at"": ""2026-08-26T03:05:40.602429+00:00"", ""status"": ""HUMAN_REVIEW""}]"
A00922_4,1,claim_d1831985171d074b,claim_173b6b4b3d377e01,50만4000명,◇‘쉬었음’ 청년 50만명 넘어 12일 통계청은 ‘2월 고용 동향’에서 지난달 15~29세 청년층의 ‘쉬었음’ 인구가 50만4000명으로 전년 같은 달 대비 6만1000명 늘었다고 밝혔다.,쉬었음 인구,504000.0,명,2025년 2월,월,,15~29세 청년층,"{""age"": ""15~29세"", ""상태"": ""쉬었음""}","{""change_value"": ""61000"", ""reference_period"": ""전년 같은 달"", ""type"": ""YEAR_OVER_YEAR""}",DIRECT_VALUE,"{""direction"": ""INCREASE""}","통계청, 2월 고용 동향",AUTO_OK,,MULTI_CLAIM_SPLIT,KOSIS_PIPELINE_ELIGIBLE,AUTO,WITHIN_TOLERANCE,,N,MATCH,AUTO,WITHIN_TOLERANCE,Y,504400.0,1,1,"{""canonical_name"": ""쉬었음 인구"", ""concept_id"": ""C000042"", ""kosis_search_terms"": [""비경제활동인구 활동상태별 쉬었음"", ""쉬었음 인구""], ""matched_alias"": ""쉬었음 인구"", ""standard_key"": ""inactive_population_resting"", ""status"": ""MATCHED""}","[{""canonical_key"": ""ORG=101|TBL=DT_1DA7147S|ITM=T50|OBJ=G|MEMBER=15 - 29세|PRD_SE=월|PRD_DE=2025-02|DIMS=G:15 - 29세,M:쉬었음"", ""dimension_codes"": {""G"": ""75"", ""M"": ""905""}, ""dimension_members"": {""G"": ""15 - 29세"", ""M"": ""쉬었음""}, ""itm_id"": ""T50"", ""member_code"": ""15 - 29세"", ""obj_id"": ""G"", ""org_id"": ""101"", ""prd_de"": ""2025-02"", ""prd_se"": ""월"", ""status"": ""CONFIRMED"", ""tbl_id"": ""DT_1DA7147S"", ""unit"": ""천명""}]","[{""content_hash"": ""4dd0aab2676bd3ed1316b18468e9e7032608e7e155d0000afccda01f3f08d676"", ""evidence_key"": ""ORG=101|TBL=DT_1DA7147S|ITM=T50|OBJ=G|MEMBER=15 - 29세|PRD_SE=월|PRD_DE=2025-02|DIMS=G:15 - 29세,M:쉬었음"", ""publication"": {""content_hash"": ""78be98610821a8c1e62bd6c6c85931c583e37302d142420aa9dc6c36c9fa9f7c"", ""coverage_end_period"": null, ""coverage_start_period"": null, ""evidence_scope"": ""PERIOD"", ""pub_date_text"": ""조사기준 월 익월"", ""pub_period"": ""월"", ""publication_method_url"": ""https://www.kostat.go.kr/board.es?act=list&mid=a10301010000&keyField=T&bid=210&keyWord=2025%EB%85%84+2%EC%9B%94+%EA%B3%A0%EC%9A%A9%EB%8F%99%ED%96%A5"", ""published_at"": ""2025-03-12"", ""reference_period"": ""2025-02"", ""retrieved_at"": ""2026-08-26T03:06:35.931422Z"", ""source_url"": ""https://www.kostat.go.kr/board.es?mid=a10301010000&bid=210&act=view&list_no=435468&tag=&nPage=1&ref_bid="", ""status"": ""VERIFIED""}, ""retrieved_at"": ""2026-08-26T03:06:30.282624Z"", ""source"": ""API"", ""source_url"": ""https://kosis.kr/openapi/Param/statisticsParameterData.do?method=getList&orgId=101&tblId=DT_1DA7147S&itmId=T50&prdSe=M&startPrdDe=202502&endPrdDe=202502&objL1=75&objL2=905"", ""value_last_changed_at"": ""2025-02-27""}]","{""eligible_for_official_search"": true, ""entries"": [{""required"": true, ""slot"": ""indicator"", ""status"": ""SOURCE"", ""value"": ""쉬었음 인구""}, {""required"": true, ""slot"": ""value"", ""status"": ""SOURCE"", ""value"": 504000.0}, {""required"": true, ""slot"": ""unit"", ""status"": ""SOURCE"", ""value"": ""명""}, {""required"": true, ""slot"": ""time"", ""status"": ""SOURCE"", ""value"": ""2025년 2월""}, {""required"": false, ""slot"": ""frequency"", ""status"": ""SOURCE"", ""value"": ""월""}, {""required"": false, ""slot"": ""region"", ""status"": ""NOT_APPLICABLE"", ""value"": null}, {""required"": false, ""slot"": ""population"", ""status"": ""SOURCE"", ""value"": ""15~29세 청년층""}, {""required"": false, ""slot"": ""dimension"", ""status"": ""SOURCE"", ""value"": {""age"": ""15~29세"", ""상태"": ""쉬었음""}}, {""required"": false, ""slot"": ""comparison"", ""status"": ""SOURCE"", ""value"": {""change_value"": ""61000"", ""reference_period"": ""전년 같은 달"", ""type"": ""YEAR_OVER_YEAR""}}, {""required"": true, ""slot"": ""calculation"", ""status"": ""SOURCE"", ""value"": ""DIRECT_VALUE""}, {""required"": false, ""slot"": ""condition"", ""status"": ""SOURCE"", ""value"": {""direction"": ""INCREASE""}}, {""required"": false, ""slot"": ""source_hint"", ""status"": ""SOURCE"", ""value"": ""통계청, 2월 고용 동향""}], ""reason_codes"": []}","[{""attempt"": 1, ""child_claim_id"": ""claim_173b6b4b3d377e01"", ""code_version"": ""admission-recovery-v3"", ""data_version"": ""claim-schema-v1"", ""finished_at"": ""2026-08-26T03:06:35.933426+00:00"", ""input_hash"": ""8d9940b20c6bddbaf389bf03745011bf1b6a74e623b6245f24848d95880bc695"", ""output_ref"": ""claim_173b6b4b3d377e01"", ""parent_claim_id"": ""A00922_4"", ""reason_code"": null, ""stage"": ""CLAIM_SPLIT"", ""started_at"": ""2026-08-26T03:06:35.933426+00:00"", ""status"": ""PASS""}, {""attempt"": 1, ""child_claim_id"": ""claim_173b6b4b3d377e01"", ""code_version"": ""admission-recovery-v3"", ""data_version"": ""claim-schema-v1"", ""finished_at"": ""2026-08-26T03:06:35.933426+00:00"", ""input_hash"": ""8d9940b20c6bddbaf389bf03745011bf1b6a74e623b6245f24848d95880bc695"", ""output_ref"": ""claim_173b6b4b3d377e01"", ""parent_claim_id"": ""A00922_4"", ""reason_code"": null, ""stage"": ""CLAIM_PARSE"", ""started_at"": ""2026-08-26T03:06:35.933426+00:00"", ""status"": ""PASS""}]"
A01120_8,1,claim_41e97b8114d45aa9,claim_d4ee8db273c04719,49%,지난해 우리나라 자동차 수출액(708억달러) 중에서 대미 수출액은 49%를 웃돌았다.,자동차 수출액 중 대미 수출액 비중,,%,2024년,년,대한민국,,"{""product"": ""자동차"", ""trade_partner"": ""미국""}",null,THRESHOLD,"{""operator"": ""GT"", ""threshold_unit"": ""%"", ""threshold_value"": ""49""}",,HOLD,MISSING_REQUIRED_SLOTS:value,MULTI_CLAIM_SPLIT,STRUCTURAL_HOLD,HUMAN_REVIEW,MISSING_REQUIRED_SLOTS:value,,Y,,,,N,,0,0,null,[],[],"{""eligible_for_official_search"": false, ""entries"": [{""required"": true, ""slot"": ""indicator"", ""status"": ""SOURCE"", ""value"": ""자동차 수출액 중 대미 수출액 비중""}, {""required"": true, ""slot"": ""value"", ""status"": ""MISSING"", ""value"": null}, {""required"": true, ""slot"": ""unit"", ""status"": ""SOURCE"", ""value"": ""%""}, {""required"": true, ""slot"": ""time"", ""status"": ""SOURCE"", ""value"": ""2024년""}, {""required"": false, ""slot"": ""frequency"", ""status"": ""SOURCE"", ""value"": ""년""}, {""required"": false, ""slot"": ""region"", ""status"": ""SOURCE"", ""value"": ""대한민국""}, {""required"": false, ""slot"": ""population"", ""status"": ""NOT_APPLICABLE"", ""value"": null}, {""required"": false, ""slot"": ""dimension"", ""status"": ""SOURCE"", ""value"": {""product"": ""자동차"", ""trade_partner"": ""미국""}}, {""required"": false, ""slot"": ""comparison"", ""status"": ""NOT_APPLICABLE"", ""value"": null}, {""required"": true, ""slot"": ""calculation"", ""status"": ""SOURCE"", ""value"": ""THRESHOLD""}, {""required"": true, ""slot"": ""condition"", ""status"": ""SOURCE"", ""value"": {""operator"": ""GT"", ""threshold_unit"": ""%"", ""threshold_value"": ""49""}}, {""required"": false, ""slot"": ""source_hint"", ""status"": ""NOT_APPLICABLE"", ""value"": null}], ""reason_codes"": [""MISSING_REQUIRED_SLOTS:value""]}","[{""attempt"": 1, ""child_claim_id"": ""claim_d4ee8db273c04719"", ""code_version"": ""admission-recovery-v3"", ""data_version"": ""claim-schema-v1"", ""finished_at"": ""2026-08-26T03:33:05.522420+00:00"", ""input_hash"": ""51ed321d65ed9ab926b8172b72a0ba948bbcd8b7356700629b494f84b8f8cbb7"", ""output_ref"": ""claim_d4ee8db273c04719"", ""parent_claim_id"": ""A01120_8"", ""reason_code"": null, ""stage"": ""CLAIM_SPLIT"", ""started_at"": ""2026-08-26T03:33:05.522420+00:00"", ""status"": ""PASS""}, {""attempt"": 1, ""child_claim_id"": ""claim_d4ee8db273c04719"", ""code_version"": ""admission-recovery-v3"", ""data_version"": ""claim-schema-v1"", ""finished_at"": ""2026-08-26T03:33:05.522420+00:00"", ""input_hash"": ""51ed321d65ed9ab926b8172b72a0ba948bbcd8b7356700629b494f84b8f8cbb7"", ""output_ref"": ""claim_d4ee8db273c04719"", ""parent_claim_id"": ""A01120_8"", ""reason_code"": ""MISSING_REQUIRED_SLOTS:value"", ""stage"": ""CLAIM_PARSE"", ""started_at"": ""2026-08-26T03:33:05.522420+00:00"", ""status"": ""HUMAN_REVIEW""}]"
A01254_41,1,claim_c320d346f775fb73,claim_99c79019265ad146,9.9건,작년 남성 일반 혼인율은 9.9건으로 그해 혼인 건수(22만2412건)를 15세 이상 남성 인구(2245만9000명)로 나눈 후 1000을 곱한 값이다.,일반 혼인율,9.9,"건/1,000명",2024년,년,대한민국,"남성, 15세 이상","{""sex"": ""남성"", ""성별"": ""남성"", ""혼인 유형"": ""일반 혼인""}",null,DIRECT_VALUE,null,,HOLD,TARGET_VALUE_NOT_IN_SOURCE_SENTENCE,MULTI_CLAIM_SPLIT,CONTEXT_REQUIRED,HUMAN_REVIEW,TARGET_VALUE_NOT_IN_SOURCE_SENTENCE,,N,,,,N,,0,0,null,[],[],"{""eligible_for_official_search"": true, ""entries"": [{""required"": true, ""slot"": ""indicator"", ""status"": ""SOURCE"", ""value"": ""일반 혼인율""}, {""required"": true, ""slot"": ""value"", ""status"": ""SOURCE"", ""value"": 9.9}, {""required"": true, ""slot"": ""unit"", ""status"": ""CONTEXT"", ""value"": ""건/1,000명""}, {""required"": true, ""slot"": ""time"", ""status"": ""SOURCE"", ""value"": ""2024년""}, {""required"": false, ""slot"": ""frequency"", ""status"": ""SOURCE"", ""value"": ""년""}, {""required"": false, ""slot"": ""region"", ""status"": ""SOURCE"", ""value"": ""대한민국""}, {""required"": false, ""slot"": ""population"", ""status"": ""SOURCE"", ""value"": ""남성, 15세 이상""}, {""required"": false, ""slot"": ""dimension"", ""status"": ""CONTEXT"", ""value"": {""sex"": ""남성"", ""성별"": ""남성"", ""혼인 유형"": ""일반 혼인""}}, {""required"": false, ""slot"": ""comparison"", ""status"": ""NOT_APPLICABLE"", ""value"": null}, {""required"": true, ""slot"": ""calculation"", ""status"": ""CONTEXT"", ""value"": ""DIRECT_VALUE""}, {""required"": false, ""slot"": ""condition"", ""status"": ""NOT_APPLICABLE"", ""value"": null}, {""required"": false, ""slot"": ""source_hint"", ""status"": ""NOT_APPLICABLE"", ""value"": null}], ""reason_codes"": []}","[{""attempt"": 1, ""child_claim_id"": ""claim_99c79019265ad146"", ""code_version"": ""admission-recovery-v3"", ""data_version"": ""claim-schema-v1"", ""finished_at"": ""2026-08-26T03:06:58.478451+00:00"", ""input_hash"": ""979bcf15be18065a75aad2877d916b4737936e7c10e968b20e8178dc01710095"", ""output_ref"": ""claim_99c79019265ad146"", ""parent_claim_id"": ""A01254_41"", ""reason_code"": null, ""stage"": ""CLAIM_SPLIT"", ""started_at"": ""2026-08-26T03:06:58.478451+00:00"", ""status"": ""PASS""}, {""attempt"": 1, ""child_claim_id"": ""claim_99c79019265ad146"", ""code_version"": ""admission-recovery-v3"", ""data_version"": ""claim-schema-v1"", ""finished_at"": ""2026-08-26T03:06:58.478451+00:00"", ""input_hash"": ""979bcf15be18065a75aad2877d916b4737936e7c10e968b20e8178dc01710095"", ""output_ref"": ""claim_99c79019265ad146"", ""parent_claim_id"": ""A01254_41"", ""reason_code"": ""TARGET_VALUE_NOT_IN_SOURCE_SENTENCE"", ""stage"": ""CLAIM_PARSE"", ""started_at"": ""2026-08-26T03:06:58.478451+00:00"", ""status"": ""HUMAN_REVIEW""}]"
A01359_11,1,claim_684717a9dff80dbe,claim_e6a2d63420eeb351,11만2000명,"지난달 제조업 취업자는 전년 동월 대비 11만2000명 줄며 4년 4개월 만에 최대 감소 폭을 기록했고, 건설업 취업자는 18만5000명 급감하면서 2013년 관련 통계 집계 이래 최대 감소 폭을 보였다.",취업자,112000.0,명,2025년 3월,월,대한민국,취업자,"{""산업"": ""제조업""}","{""operand_source"": ""OFFICIAL_EVIDENCE"", ""reference_period"": ""전년 동월"", ""type"": ""YEAR_OVER_YEAR""}",DIFFERENCE,"{""direction"": ""DECREASE""}",,AUTO_OK,,MULTI_CLAIM_SPLIT,KOSIS_PIPELINE_ELIGIBLE,AUTO,OUTSIDE_TOLERANCE,,Y,MISMATCH,AUTO,OUTSIDE_TOLERANCE,Y,-193200.00000000073,2,2,"{""canonical_name"": ""취업자 수"", ""concept_id"": ""C000008"", ""kosis_search_terms"": [""경제활동인구조사 취업자"", ""산업별 취업자""], ""matched_alias"": ""건설업 취업자"", ""standard_key"": ""employment_count"", ""status"": ""MATCHED""}","[{""canonical_key"": ""ORG=101|TBL=DT_1DA7E06S_NEW|ITM=T30|OBJ=I|MEMBER=계|PRD_SE=월|PRD_DE=2025-03"", ""dimension_codes"": {""I"": ""00""}, ""dimension_members"": {""I"": ""계""}, ""itm_id"": ""T30"", ""member_code"": ""계"", ""obj_id"": ""I"", ""org_id"": ""101"", ""prd_de"": ""2025-03"", ""prd_se"": ""월"", ""status"": ""CONFIRMED"", ""tbl_id"": ""DT_1DA7E06S_NEW"", ""unit"": ""천명""}, {""canonical_key"": ""ORG=101|TBL=DT_1DA7E06S_NEW|ITM=T30|OBJ=I|MEMBER=계|PRD_SE=월|PRD_DE=2024-03"", ""dimension_codes"": {""I"": ""00""}, ""dimension_members"": {""I"": ""계""}, ""itm_id"": ""T30"", ""member_code"": ""계"", ""obj_id"": ""I"", ""org_id"": ""101"", ""prd_de"": ""2024-03"", ""prd_se"": ""월"", ""status"": ""CONFIRMED"", ""tbl_id"": ""DT_1DA7E06S_NEW"", ""unit"": ""천명""}]","[{""content_hash"": ""a04af6ebbcbf2fb98b4ea7bdc9f521cf62d03795062ad0cbc1c62b3488685829"", ""evidence_key"": ""ORG=101|TBL=DT_1DA7E06S_NEW|ITM=T30|OBJ=I|MEMBER=계|PRD_SE=월|PRD_DE=2025-03"", ""publication"": {""content_hash"": ""bbd7be6845a3b5024ea9f0e64fd1a97745c73cdbdf83a080fd02869462c0359d"", ""coverage_end_period"": null, ""coverage_start_period"": null, ""evidence_scope"": ""PERIOD"", ""pub_date_text"": ""조사기준 월 익월"", ""pub_period"": ""월"", ""publication_method_url"": ""https://www.kostat.go.kr/board.es?act=list&mid=a10301010000&keyField=T&bid=210&keyWord=2025%EB%85%84+3%EC%9B%94+%EA%B3%A0%EC%9A%A9%EB%8F%99%ED%96%A5"", ""published_at"": ""2025-04-09"", ""reference_period"": ""2025-03"", ""retrieved_at"": ""2026-08-26T03:34:14.239943Z"", ""source_url"": ""https://www.kostat.go.kr/board.es?mid=a10301010000&bid=210&act=view&list_no=435969&tag=&nPage=1&ref_bid="", ""status"": ""VERIFIED""}, ""retrieved_at"": ""2026-08-26T03:34:08.399341Z"", ""source"": ""API"", ""source_url"": ""https://kosis.kr/openapi/Param/statisticsParameterData.do?method=getList&orgId=101&tblId=DT_1DA7E06S_NEW&itmId=T30&prdSe=M&startPrdDe=202503&endPrdDe=202503&objL1=00"", ""value_last_changed_at"": ""2025-03-27""}, {""content_hash"": ""a04af6ebbcbf2fb98b4ea7bdc9f521cf62d03795062ad0cbc1c62b3488685829"", ""evidence_key"": ""ORG=101|TBL=DT_1DA7E06S_NEW|ITM=T30|OBJ=I|MEMBER=계|PRD_SE=월|PRD_DE=2024-03"", ""publication"": {""content_hash"": ""414afcf817bb93740e969a138f4ca3720221d8cd7ee71c53db974fb77981a2ea"", ""coverage_end_period"": null, ""coverage_start_period"": null, ""evidence_scope"": ""PERIOD"", ""pub_date_text"": ""조사기준 월 익월"", ""pub_period"": ""월"", ""publication_method_url"": ""https://www.kostat.go.kr/board.es?act=list&mid=a10301010000&keyField=T&bid=210&keyWord=2024%EB%85%84+3%EC%9B%94+%EA%B3%A0%EC%9A%A9%EB%8F%99%ED%96%A5"", ""published_at"": ""2024-04-12"", ""reference_period"": ""2024-03"", ""retrieved_at"": ""2026-08-26T03:34:20.512883Z"", ""source_url"": ""https://www.kostat.go.kr/board.es?mid=a10301010000&bid=210&act=view&list_no=430420&tag=&nPage=1&ref_bid="", ""status"": ""VERIFIED""}, ""retrieved_at"": ""2026-08-26T03:34:14.240938Z"", ""source"": ""API"", ""source_url"": ""https://kosis.kr/openapi/Param/statisticsParameterData.do?method=getList&orgId=101&tblId=DT_1DA7E06S_NEW&itmId=T30&prdSe=M&startPrdDe=202403&endPrdDe=202403&objL1=00"", ""value_last_changed_at"": ""2025-01-17""}]","{""eligible_for_official_search"": true, ""entries"": [{""required"": true, ""slot"": ""indicator"", ""status"": ""SOURCE"", ""value"": ""취업자""}, {""required"": true, ""slot"": ""value"", ""status"": ""SOURCE"", ""value"": 112000.0}, {""required"": true, ""slot"": ""unit"", ""status"": ""SOURCE"", ""value"": ""명""}, {""required"": true, ""slot"": ""time"", ""status"": ""CONTEXT"", ""value"": ""2025년 3월""}, {""required"": false, ""slot"": ""frequency"", ""status"": ""CONTEXT"", ""value"": ""월""}, {""required"": false, ""slot"": ""region"", ""status"": ""CONTEXT"", ""value"": ""대한민국""}, {""required"": false, ""slot"": ""population"", ""status"": ""SOURCE"", ""value"": ""취업자""}, {""required"": false, ""slot"": ""dimension"", ""status"": ""SOURCE"", ""value"": {""산업"": ""제조업""}}, {""required"": true, ""slot"": ""comparison"", ""status"": ""SOURCE"", ""value"": {""operand_source"": ""OFFICIAL_EVIDENCE"", ""reference_period"": ""전년 동월"", ""type"": ""YEAR_OVER_YEAR""}}, {""required"": true, ""slot"": ""calculation"", ""status"": ""CONTEXT"", ""value"": ""DIFFERENCE""}, {""required"": true, ""slot"": ""condition"", ""status"": ""SOURCE"", ""value"": {""direction"": ""DECREASE""}}, {""required"": false, ""slot"": ""source_hint"", ""status"": ""NOT_APPLICABLE"", ""value"": null}], ""reason_codes"": []}","[{""attempt"": 1, ""child_claim_id"": ""claim_e6a2d63420eeb351"", ""code_version"": ""admission-recovery-v3"", ""data_version"": ""claim-schema-v1"", ""finished_at"": ""2026-08-26T03:34:50.796742+00:00"", ""input_hash"": ""f6289e9c9ffcfdfa8a1230dbcfd45c45df0a3e8cec8dcb1c8b2f60374a596887"", ""output_ref"": ""claim_e6a2d63420eeb351"", ""parent_claim_id"": ""A01359_11"", ""reason_code"": null, ""stage"": ""CLAIM_SPLIT"", ""started_at"": ""2026-08-26T03:34:50.796742+00:00"", ""status"": ""PASS""}, {""attempt"": 1, ""child_claim_id"": ""claim_e6a2d63420eeb351"", ""code_version"": ""admission-recovery-v3"", ""data_version"": ""claim-schema-v1"", ""finished_at"": ""2026-08-26T03:34:50.796742+00:00"", ""input_hash"": ""f6289e9c9ffcfdfa8a1230dbcfd45c45df0a3e8cec8dcb1c8b2f60374a596887"", ""output_ref"": ""claim_e6a2d63420eeb351"", ""parent_claim_id"": ""A01359_11"", ""reason_code"": null, ""stage"": ""CLAIM_PARSE"", ""started_at"": ""2026-08-26T03:34:50.796742+00:00"", ""status"": ""PASS""}]"
A01359_11,2,claim_02e1b41a3567d8fd,claim_aa7f3758b442da19,18만5000명,"지난달 제조업 취업자는 전년 동월 대비 11만2000명 줄며 4년 4개월 만에 최대 감소 폭을 기록했고, 건설업 취업자는 18만5000명 급감하면서 2013년 관련 통계 집계 이래 최대 감소 폭을 보였다.",취업자 수 증감,-185000.0,명,2025년 3월,월,,건설업 취업자,"{""산업"": ""건설업""}","{""operand_source"": ""OFFICIAL_EVIDENCE"", ""record"": ""2013년 관련 통계 집계 이래 최대 감소 폭"", ""reference_period"": ""전년 동월"", ""type"": ""YEAR_OVER_YEAR""}",DIFFERENCE,"{""direction"": ""DECREASE"", ""magnitude"": ""급감""}",,AUTO_OK,중심 수치인 건설업 취업자의 전년 동월 대비 18만5000명 감소를 하나의 명확한 수치 주장으로 구조화함.,MULTI_CLAIM_SPLIT,KOSIS_PIPELINE_ELIGIBLE,HOLD,NO_EVIDENCE_COORDINATE_CANDIDATE,,Y,UNDETERMINED,HOLD,NO_EVIDENCE_COORDINATE_CANDIDATE,N,,0,0,"{""canonical_name"": ""취업자 수 증감"", ""concept_id"": ""OBSERVED:84a69ae4419a429e"", ""kosis_search_terms"": [""취업자 수 증감""], ""matched_alias"": ""취업자 수 증감"", ""standard_key"": ""observed_indicator_84a69ae4419a429e"", ""status"": ""MATCHED""}",[],[],"{""eligible_for_official_search"": true, ""entries"": [{""required"": true, ""slot"": ""indicator"", ""status"": ""SOURCE"", ""value"": ""취업자 수 증감""}, {""required"": true, ""slot"": ""value"", ""status"": ""SOURCE"", ""value"": -185000.0}, {""required"": true, ""slot"": ""unit"", ""status"": ""SOURCE"", ""value"": ""명""}, {""required"": true, ""slot"": ""time"", ""status"": ""SOURCE"", ""value"": ""2025년 3월""}, {""required"": false, ""slot"": ""frequency"", ""status"": ""SOURCE"", ""value"": ""월""}, {""required"": false, ""slot"": ""region"", ""status"": ""NOT_APPLICABLE"", ""value"": null}, {""required"": false, ""slot"": ""population"", ""status"": ""SOURCE"", ""value"": ""건설업 취업자""}, {""required"": false, ""slot"": ""dimension"", ""status"": ""SOURCE"", ""value"": {""산업"": ""건설업""}}, {""required"": true, ""slot"": ""comparison"", ""status"": ""SOURCE"", ""value"": {""operand_source"": ""OFFICIAL_EVIDENCE"", ""record"": ""2013년 관련 통계 집계 이래 최대 감소 폭"", ""reference_period"": ""전년 동월"", ""type"": ""YEAR_OVER_YEAR""}}, {""required"": true, ""slot"": ""calculation"", ""status"": ""SOURCE"", ""value"": ""DIFFERENCE""}, {""required"": true, ""slot"": ""condition"", ""status"": ""SOURCE"", ""value"": {""direction"": ""DECREASE"", ""magnitude"": ""급감""}}, {""required"": false, ""slot"": ""source_hint"", ""status"": ""NOT_APPLICABLE"", ""value"": null}], ""reason_codes"": []}","[{""attempt"": 1, ""child_claim_id"": ""claim_aa7f3758b442da19"", ""code_version"": ""admission-recovery-v3"", ""data_version"": ""claim-schema-v1"", ""finished_at"": ""2026-08-26T03:34:50.796742+00:00"", ""input_hash"": ""f6289e9c9ffcfdfa8a1230dbcfd45c45df0a3e8cec8dcb1c8b2f60374a596887"", ""output_ref"": ""claim_aa7f3758b442da19"", ""parent_claim_id"": ""A01359_11"", ""reason_code"": null, ""stage"": ""CLAIM_SPLIT"", ""started_at"": ""2026-08-26T03:34:50.796742+00:00"", ""status"": ""PASS""}, {""attempt"": 1, ""child_claim_id"": ""claim_aa7f3758b442da19"", ""code_version"": ""admission-recovery-v3"", ""data_version"": ""claim-schema-v1"", ""finished_at"": ""2026-08-26T03:34:50.796742+00:00"", ""input_hash"": ""f6289e9c9ffcfdfa8a1230dbcfd45c45df0a3e8cec8dcb1c8b2f60374a596887"", ""output_ref"": ""claim_aa7f3758b442da19"", ""parent_claim_id"": ""A01359_11"", ""reason_code"": null, ""stage"": ""CLAIM_PARSE"", ""started_at"": ""2026-08-26T03:34:50.796742+00:00"", ""status"": ""PASS""}]"
A01385_9,1,claim_b0906dac5f36226d,claim_bddf117ff4944533,55.8%,농가 인구 가운데 65세 이상 고령 인구가 차지하는 비율은 지난해 55.8%로 2023년 52.6%보다 3.2%포인트 상승했다.,65세 이상 고령 농가 인구 비율,55.8,%,2024년,년,,농가 인구,"{""age"": ""65세 이상""}","{""change_unit"": ""%포인트"", ""change_value"": ""3.2"", ""reference_period"": ""2023년"", ""reference_value"": ""52.6""}",DIRECT_VALUE,"{""direction"": ""INCREASE""}",,AUTO_OK,중심 수치인 55.8%의 단일 비율 주장과 2023년 기준값 및 상승폭이 명확히 제시됨,MULTI_CLAIM_SPLIT,KOSIS_PIPELINE_ELIGIBLE,HOLD,NO_HARD_GUARD_CANDIDATE,,N,UNDETERMINED,HOLD,NO_HARD_GUARD_CANDIDATE,N,,0,0,"{""canonical_name"": ""65세 이상 고령 농가 인구 비율"", ""concept_id"": ""OBSERVED:426ab20d827c0622"", ""kosis_search_terms"": [""65세 이상 고령 농가 인구 비율""], ""matched_alias"": ""65세 이상 고령 농가 인구 비율"", ""standard_key"": ""observed_indicator_426ab20d827c0622"", ""status"": ""MATCHED""}",[],[],"{""eligible_for_official_search"": true, ""entries"": [{""required"": true, ""slot"": ""indicator"", ""status"": ""SOURCE"", ""value"": ""65세 이상 고령 농가 인구 비율""}, {""required"": true, ""slot"": ""value"", ""status"": ""SOURCE"", ""value"": 55.8}, {""required"": true, ""slot"": ""unit"", ""status"": ""SOURCE"", ""value"": ""%""}, {""required"": true, ""slot"": ""time"", ""status"": ""SOURCE"", ""value"": ""2024년""}, {""required"": false, ""slot"": ""frequency"", ""status"": ""SOURCE"", ""value"": ""년""}, {""required"": false, ""slot"": ""region"", ""status"": ""NOT_APPLICABLE"", ""value"": null}, {""required"": false, ""slot"": ""population"", ""status"": ""SOURCE"", ""value"": ""농가 인구""}, {""required"": false, ""slot"": ""dimension"", ""status"": ""SOURCE"", ""value"": {""age"": ""65세 이상""}}, {""required"": false, ""slot"": ""comparison"", ""status"": ""SOURCE"", ""value"": {""change_unit"": ""%포인트"", ""change_value"": ""3.2"", ""reference_period"": ""2023년"", ""reference_value"": ""52.6""}}, {""required"": true, ""slot"": ""calculation"", ""status"": ""SOURCE"", ""value"": ""DIRECT_VALUE""}, {""required"": false, ""slot"": ""condition"", ""status"": ""SOURCE"", ""value"": {""direction"": ""INCREASE""}}, {""required"": false, ""slot"": ""source_hint"", ""status"": ""NOT_APPLICABLE"", ""value"": null}], ""reason_codes"": []}","[{""attempt"": 1, ""child_claim_id"": ""claim_bddf117ff4944533"", ""code_version"": ""admission-recovery-v3"", ""data_version"": ""claim-schema-v1"", ""finished_at"": ""2026-08-26T03:07:39.140250+00:00"", ""input_hash"": ""3215e30aae3f79b46f703aeb48d6edfffdf5db01e197242b5560271c476451cc"", ""output_ref"": ""claim_bddf117ff4944533"", ""parent_claim_id"": ""A01385_9"", ""reason_code"": null, ""stage"": ""CLAIM_SPLIT"", ""started_at"": ""2026-08-26T03:07:39.140250+00:00"", ""status"": ""PASS""}, {""attempt"": 1, ""child_claim_id"": ""claim_bddf117ff4944533"", ""code_version"": ""admission-recovery-v3"", ""data_version"": ""claim-schema-v1"", ""finished_at"": ""2026-08-26T03:07:39.140250+00:00"", ""input_hash"": ""3215e30aae3f79b46f703aeb48d6edfffdf5db01e197242b5560271c476451cc"", ""output_ref"": ""claim_bddf117ff4944533"", ""parent_claim_id"": ""A01385_9"", ""reason_code"": null, ""stage"": ""CLAIM_PARSE"", ""started_at"": ""2026-08-26T03:07:39.140250+00:00"", ""status"": ""PASS""}]"
A01410_2,1,claim_e9cc4c0de10264a9,claim_09245ab2b0d9a7de,133억8000만달러,한국무역협회는 올해 1분기 한국의 대미 무역수지 흑자가 133억8000만달러로 작년 동기(132억2000만달러)보다 소폭 웃돌았다고 19일 밝혔다.,무역수지 흑자,13380000000.0,달러,2025년 1분기,분기,한국,,"{""trade_partner"": ""미국""}","{""direction"": ""INCREASE"", ""reference_period"": ""작년 동기"", ""reference_value"": ""13220000000"", ""type"": ""YEAR_OVER_YEAR""}",DIRECT_VALUE,"{""direction"": ""INCREASE""}",한국무역협회,AUTO_OK,,MULTI_CLAIM_SPLIT,KOSIS_PIPELINE_ELIGIBLE,HOLD,NO_HARD_GUARD_CANDIDATE,,N,UNDETERMINED,HOLD,NO_HARD_GUARD_CANDIDATE,N,,0,0,"{""canonical_name"": ""무역수지 흑자"", ""concept_id"": ""OBSERVED:3e21528e7f275414"", ""kosis_search_terms"": [""무역수지 흑자""], ""matched_alias"": ""무역수지 흑자"", ""standard_key"": ""observed_indicator_3e21528e7f275414"", ""status"": ""MATCHED""}",[],[],"{""eligible_for_official_search"": true, ""entries"": [{""required"": true, ""slot"": ""indicator"", ""status"": ""CONTEXT"", ""value"": ""무역수지 흑자""}, {""required"": true, ""slot"": ""value"", ""status"": ""SOURCE"", ""value"": 13380000000.0}, {""required"": true, ""slot"": ""unit"", ""status"": ""SOURCE"", ""value"": ""달러""}, {""required"": true, ""slot"": ""time"", ""status"": ""SOURCE"", ""value"": ""2025년 1분기""}, {""required"": false, ""slot"": ""frequency"", ""status"": ""SOURCE"", ""value"": ""분기""}, {""required"": false, ""slot"": ""region"", ""status"": ""SOURCE"", ""value"": ""한국""}, {""required"": false, ""slot"": ""population"", ""status"": ""NOT_APPLICABLE"", ""value"": null}, {""required"": false, ""slot"": ""dimension"", ""status"": ""CONTEXT"", ""value"": {""trade_partner"": ""미국""}}, {""required"": false, ""slot"": ""comparison"", ""status"": ""SOURCE"", ""value"": {""direction"": ""INCREASE"", ""reference_period"": ""작년 동기"", ""reference_value"": ""13220000000"", ""type"": ""YEAR_OVER_YEAR""}}, {""required"": true, ""slot"": ""calculation"", ""status"": ""SOURCE"", ""value"": ""DIRECT_VALUE""}, {""required"": false, ""slot"": ""condition"", ""status"": ""SOURCE"", ""value"": {""direction"": ""INCREASE""}}, {""required"": false, ""slot"": ""source_hint"", ""status"": ""SOURCE"", ""value"": ""한국무역협회""}], ""reason_codes"": []}","[{""attempt"": 1, ""child_claim_id"": ""claim_09245ab2b0d9a7de"", ""code_version"": ""admission-recovery-v3"", ""data_version"": ""claim-schema-v1"", ""finished_at"": ""2026-08-26T03:07:49.706669+00:00"", ""input_hash"": ""6c0ab07cf4ffd65b711146f55d027bbc88d1790172966a9ecd1c0dc67e1ed15d"", ""output_ref"": ""claim_09245ab2b0d9a7de"", ""parent_claim_id"": ""A01410_2"", ""reason_code"": null, ""stage"": ""CLAIM_SPLIT"", ""started_at"": ""2026-08-26T03:07:49.706669+00:00"", ""status"": ""PASS""}, {""attempt"": 1, ""child_claim_id"": ""claim_09245ab2b0d9a7de"", ""code_version"": ""admission-recovery-v3"", ""data_version"": ""claim-schema-v1"", ""finished_at"": ""2026-08-26T03:07:49.706669+00:00"", ""input_hash"": ""6c0ab07cf4ffd65b711146f55d027bbc88d1790172966a9ecd1c0dc67e1ed15d"", ""output_ref"": ""claim_09245ab2b0d9a7de"", ""parent_claim_id"": ""A01410_2"", ""reason_code"": null, ""stage"": ""CLAIM_PARSE"", ""started_at"": ""2026-08-26T03:07:49.706669+00:00"", ""status"": ""PASS""}]"
A01455_3,1,claim_4291d1730dda01c1,claim_c9ea8fa80e006171,10%,4월 대미 수출이 이 같은 추세로 마감된다면 코로나 시기였던 2020년 5월(-29.4%) 이후 월간 기준 10% 이상 처음 줄어들게 된다.,대미 수출,10.0,%,2025년 4월,월,미국,,null,"{""reference_period"": ""2020년 5월"", ""reference_value"": ""-29.4%"", ""type"": ""THRESHOLD_REFERENCE""}",THRESHOLD,"{""direction"": ""DECREASE"", ""operator"": ""GTE"", ""threshold_unit"": ""%"", ""threshold_value"": ""10""}","기사 발행일 2025-04-22 기준 4월은 2025년 4월을 지칭할 가능성이 있으나, 문장상 직접 명시되지 않아 상대 시점으로 보존",AUTO_OK,,MULTI_CLAIM_SPLIT,KOSIS_PIPELINE_ELIGIBLE,HOLD,NO_HARD_GUARD_CANDIDATE,,N,UNDETERMINED,HOLD,NO_HARD_GUARD_CANDIDATE,N,,0,0,"{""canonical_name"": ""대미 수출"", ""concept_id"": ""OBSERVED:fe0e08a8b6308f68"", ""kosis_search_terms"": [""대미 수출""], ""matched_alias"": ""대미 수출"", ""standard_key"": ""observed_indicator_fe0e08a8b6308f68"", ""status"": ""MATCHED""}",[],[],"{""eligible_for_official_search"": true, ""entries"": [{""required"": true, ""slot"": ""indicator"", ""status"": ""SOURCE"", ""value"": ""대미 수출""}, {""required"": true, ""slot"": ""value"", ""status"": ""SOURCE"", ""value"": 10.0}, {""required"": true, ""slot"": ""unit"", ""status"": ""SOURCE"", ""value"": ""%""}, {""required"": true, ""slot"": ""time"", ""status"": ""SOURCE"", ""value"": ""2025년 4월""}, {""required"": false, ""slot"": ""frequency"", ""status"": ""SOURCE"", ""value"": ""월""}, {""required"": false, ""slot"": ""region"", ""status"": ""SOURCE"", ""value"": ""미국""}, {""required"": false, ""slot"": ""population"", ""status"": ""NOT_APPLICABLE"", ""value"": null}, {""required"": false, ""slot"": ""dimension"", ""status"": ""NOT_APPLICABLE"", ""value"": null}, {""required"": false, ""slot"": ""comparison"", ""status"": ""SOURCE"", ""value"": {""reference_period"": ""2020년 5월"", ""reference_value"": ""-29.4%"", ""type"": ""THRESHOLD_REFERENCE""}}, {""required"": true, ""slot"": ""calculation"", ""status"": ""SOURCE"", ""value"": ""THRESHOLD""}, {""required"": true, ""slot"": ""condition"", ""status"": ""SOURCE"", ""value"": {""direction"": ""DECREASE"", ""operator"": ""GTE"", ""threshold_unit"": ""%"", ""threshold_value"": ""10""}}, {""required"": false, ""slot"": ""source_hint"", ""status"": ""SOURCE"", ""value"": ""기사 발행일 2025-04-22 기준 4월은 2025년 4월을 지칭할 가능성이 있으나, 문장상 직접 명시되지 않아 상대 시점으로 보존""}], ""reason_codes"": []}","[{""attempt"": 1, ""child_claim_id"": ""claim_c9ea8fa80e006171"", ""code_version"": ""admission-recovery-v3"", ""data_version"": ""claim-schema-v1"", ""finished_at"": ""2026-08-26T03:08:00.071101+00:00"", ""input_hash"": ""44325858caa7a2757ea3d4fd08fb226116af660e3f5ca4ecf6808341fd0a2e9a"", ""output_ref"": ""claim_c9ea8fa80e006171"", ""parent_claim_id"": ""A01455_3"", ""reason_code"": null, ""stage"": ""CLAIM_SPLIT"", ""started_at"": ""2026-08-26T03:08:00.071101+00:00"", ""status"": ""PASS""}, {""attempt"": 1, ""child_claim_id"": ""claim_c9ea8fa80e006171"", ""code_version"": ""admission-recovery-v3"", ""data_version"": ""claim-schema-v1"", ""finished_at"": ""2026-08-26T03:08:00.071101+00:00"", ""input_hash"": ""44325858caa7a2757ea3d4fd08fb226116af660e3f5ca4ecf6808341fd0a2e9a"", ""output_ref"": ""claim_c9ea8fa80e006171"", ""parent_claim_id"": ""A01455_3"", ""reason_code"": null, ""stage"": ""CLAIM_PARSE"", ""started_at"": ""2026-08-26T03:08:00.071101+00:00"", ""status"": ""PASS""}]"
A01528_6,1,claim_70931b90f2bda6d9,claim_d494d932277e2fdd,0.1%,"하지만 지난 1분기까지 4개 분기 연속 성장률이 0.1%를 밑돌자, 경기 부양에 추가 재정을 투입할 수 있다고 공식화한 것이다.",성장률,0.1,%,2025년 1분기,분기,,,"{""연속 기간"": ""4개 분기""}",null,THRESHOLD,"{""operator"": ""LT"", ""threshold_unit"": ""%"", ""threshold_value"": ""0.1""}",,AUTO_OK,,MULTI_CLAIM_SPLIT,KOSIS_PIPELINE_ELIGIBLE,HOLD,NO_HARD_GUARD_CANDIDATE,,N,UNDETERMINED,HOLD,NO_HARD_GUARD_CANDIDATE,N,,0,0,"{""canonical_name"": ""성장률"", ""concept_id"": ""OBSERVED:b783978e3d116c9c"", ""kosis_search_terms"": [""성장률""], ""matched_alias"": ""성장률"", ""standard_key"": ""observed_indicator_b783978e3d116c9c"", ""status"": ""MATCHED""}",[],[],"{""eligible_for_official_search"": true, ""entries"": [{""required"": true, ""slot"": ""indicator"", ""status"": ""SOURCE"", ""value"": ""성장률""}, {""required"": true, ""slot"": ""value"", ""status"": ""SOURCE"", ""value"": 0.1}, {""required"": true, ""slot"": ""unit"", ""status"": ""SOURCE"", ""value"": ""%""}, {""required"": true, ""slot"": ""time"", ""status"": ""SOURCE"", ""value"": ""2025년 1분기""}, {""required"": false, ""slot"": ""frequency"", ""status"": ""SOURCE"", ""value"": ""분기""}, {""required"": false, ""slot"": ""region"", ""status"": ""NOT_APPLICABLE"", ""value"": null}, {""required"": false, ""slot"": ""population"", ""status"": ""NOT_APPLICABLE"", ""value"": null}, {""required"": false, ""slot"": ""dimension"", ""status"": ""SOURCE"", ""value"": {""연속 기간"": ""4개 분기""}}, {""required"": false, ""slot"": ""comparison"", ""status"": ""NOT_APPLICABLE"", ""value"": null}, {""required"": true, ""slot"": ""calculation"", ""status"": ""SOURCE"", ""value"": ""THRESHOLD""}, {""required"": true, ""slot"": ""condition"", ""status"": ""SOURCE"", ""value"": {""operator"": ""LT"", ""threshold_unit"": ""%"", ""threshold_value"": ""0.1""}}, {""required"": false, ""slot"": ""source_hint"", ""status"": ""NOT_APPLICABLE"", ""value"": null}], ""reason_codes"": []}","[{""attempt"": 1, ""child_claim_id"": ""claim_d494d932277e2fdd"", ""code_version"": ""admission-recovery-v3"", ""data_version"": ""claim-schema-v1"", ""finished_at"": ""2026-08-26T03:08:31.329651+00:00"", ""input_hash"": ""fd0d84154497d5822f8ab830d0bd917240999fda86c76b14f7ad6b1158289567"", ""output_ref"": ""claim_d494d932277e2fdd"", ""parent_claim_id"": ""A01528_6"", ""reason_code"": null, ""stage"": ""CLAIM_SPLIT"", ""started_at"": ""2026-08-26T03:08:31.329651+00:00"", ""status"": ""PASS""}, {""attempt"": 1, ""child_claim_id"": ""claim_d494d932277e2fdd"", ""code_version"": ""admission-recovery-v3"", ""data_version"": ""claim-schema-v1"", ""finished_at"": ""2026-08-26T03:08:31.329651+00:00"", ""input_hash"": ""fd0d84154497d5822f8ab830d0bd917240999fda86c76b14f7ad6b1158289567"", ""output_ref"": ""claim_d494d932277e2fdd"", ""parent_claim_id"": ""A01528_6"", ""reason_code"": null, ""stage"": ""CLAIM_PARSE"", ""started_at"": ""2026-08-26T03:08:31.329651+00:00"", ""status"": ""PASS""}]"
A01578_9,1,claim_08456a7c943ec326,A01578_9,,"이는 자산 총액이 최근 명목 GDP 확정치의 0.5%(올해는 11조6000억원) 이상인 경우 지정되는데, 올해 두나무와 한국앤컴퍼니가 새로 들어오면서 46곳이 됐다.",GDP,0.5,%,2025,Y,전국,,null,"{""claimed_operands"": ""[{'raw': '11조6000억원', 'value': 11600000000000.0, 'unit': '원'}, {'raw': '46곳', 'value': 46.0, 'unit': '곳'}]""}",THRESHOLD,"{""operator"": ""GTE""}",,AUTO_OK,,NO_RECOVERY,KOSIS_PIPELINE_ELIGIBLE,HOLD,KOSIS_CATALOG_UNAVAILABLE,d318661c493b,Y,,,,N,,0,0,null,[],[],null,[]
A01737_8,1,claim_00c144bd33e7cd64,claim_e7b9cdf3450fe119,40.4%,지난달 65세 이상 고용률은 40.4%로 전년 동월 대비 1.2%포인트 올랐다.,고용률,40.4,%,2025년 4월,월,,,"{""age"": ""65세 이상""}","{""change_unit"": ""percentage_point"", ""change_value"": ""1.2"", ""reference_period"": ""전년 동월"", ""type"": ""YEAR_OVER_YEAR""}",DIRECT_VALUE,"{""direction"": ""INCREASE""}",,AUTO_OK,,MULTI_CLAIM_SPLIT,KOSIS_PIPELINE_ELIGIBLE,AUTO,WITHIN_TOLERANCE,,N,MATCH,AUTO,WITHIN_TOLERANCE,Y,40.4,1,1,"{""canonical_name"": ""고용률"", ""concept_id"": ""C000009"", ""kosis_search_terms"": [], ""matched_alias"": ""고용률"", ""standard_key"": ""employment_rate"", ""status"": ""MATCHED""}","[{""canonical_key"": ""ORG=101|TBL=DT_1DA7002S|ITM=T90|OBJ=G|MEMBER=65세 이상|PRD_SE=월|PRD_DE=2025-04"", ""dimension_codes"": {""G"": ""602""}, ""dimension_members"": {""G"": ""65세 이상""}, ""itm_id"": ""T90"", ""member_code"": ""65세 이상"", ""obj_id"": ""G"", ""org_id"": ""101"", ""prd_de"": ""2025-04"", ""prd_se"": ""월"", ""status"": ""CONFIRMED"", ""tbl_id"": ""DT_1DA7002S"", ""unit"": ""%""}]","[{""content_hash"": ""7674a08e668520766eeccb06be945f828a49fd6f69780b21b7c14f6d1650dca2"", ""evidence_key"": ""ORG=101|TBL=DT_1DA7002S|ITM=T90|OBJ=G|MEMBER=65세 이상|PRD_SE=월|PRD_DE=2025-04"", ""publication"": {""content_hash"": ""b49272d1d7ab76a4da4f9e115a1174d85fba95a94498850d4175441c8a182948"", ""coverage_end_period"": null, ""coverage_start_period"": null, ""evidence_scope"": ""PERIOD"", ""pub_date_text"": ""조사기준 월 익월"", ""pub_period"": ""월"", ""publication_method_url"": ""https://www.kostat.go.kr/board.es?act=list&mid=a10301010000&keyField=T&bid=210&keyWord=2025%EB%85%84+4%EC%9B%94+%EA%B3%A0%EC%9A%A9%EB%8F%99%ED%96%A5"", ""published_at"": ""2025-05-14"", ""reference_period"": ""2025-04"", ""retrieved_at"": ""2026-08-26T03:09:20.967415Z"", ""source_url"": ""https://www.kostat.go.kr/board.es?mid=a10301010000&bid=210&act=view&list_no=436594&tag=&nPage=1&ref_bid="", ""status"": ""VERIFIED""}, ""retrieved_at"": ""2026-08-26T03:09:28.084393Z"", ""source"": ""API"", ""source_url"": ""https://kosis.kr/openapi/Param/statisticsParameterData.do?method=getList&orgId=101&tblId=DT_1DA7002S&itmId=T90&prdSe=M&startPrdDe=202504&endPrdDe=202504&objL1=602"", ""value_last_changed_at"": ""2025-04-30""}]","{""eligible_for_official_search"": true, ""entries"": [{""required"": true, ""slot"": ""indicator"", ""status"": ""SOURCE"", ""value"": ""고용률""}, {""required"": true, ""slot"": ""value"", ""status"": ""SOURCE"", ""value"": 40.4}, {""required"": true, ""slot"": ""unit"", ""status"": ""SOURCE"", ""value"": ""%""}, {""required"": true, ""slot"": ""time"", ""status"": ""SOURCE"", ""value"": ""2025년 4월""}, {""required"": false, ""slot"": ""frequency"", ""status"": ""SOURCE"", ""value"": ""월""}, {""required"": false, ""slot"": ""region"", ""status"": ""NOT_APPLICABLE"", ""value"": null}, {""required"": false, ""slot"": ""population"", ""status"": ""NOT_APPLICABLE"", ""value"": null}, {""required"": false, ""slot"": ""dimension"", ""status"": ""SOURCE"", ""value"": {""age"": ""65세 이상""}}, {""required"": false, ""slot"": ""comparison"", ""status"": ""SOURCE"", ""value"": {""change_unit"": ""percentage_point"", ""change_value"": ""1.2"", ""reference_period"": ""전년 동월"", ""type"": ""YEAR_OVER_YEAR""}}, {""required"": true, ""slot"": ""calculation"", ""status"": ""SOURCE"", ""value"": ""DIRECT_VALUE""}, {""required"": false, ""slot"": ""condition"", ""status"": ""SOURCE"", ""value"": {""direction"": ""INCREASE""}}, {""required"": false, ""slot"": ""source_hint"", ""status"": ""NOT_APPLICABLE"", ""value"": null}], ""reason_codes"": []}","[{""attempt"": 1, ""child_claim_id"": ""claim_e7b9cdf3450fe119"", ""code_version"": ""admission-recovery-v3"", ""data_version"": ""claim-schema-v1"", ""finished_at"": ""2026-08-26T03:09:28.085393+00:00"", ""input_hash"": ""99e53aae42e95de0a094ce64b5edea6df1860bb56f96d47e9a2ffdf7ad82e1cd"", ""output_ref"": ""claim_e7b9cdf3450fe119"", ""parent_claim_id"": ""A01737_8"", ""reason_code"": null, ""stage"": ""CLAIM_SPLIT"", ""started_at"": ""2026-08-26T03:09:28.085393+00:00"", ""status"": ""PASS""}, {""attempt"": 1, ""child_claim_id"": ""claim_e7b9cdf3450fe119"", ""code_version"": ""admission-recovery-v3"", ""data_version"": ""claim-schema-v1"", ""finished_at"": ""2026-08-26T03:09:28.085393+00:00"", ""input_hash"": ""99e53aae42e95de0a094ce64b5edea6df1860bb56f96d47e9a2ffdf7ad82e1cd"", ""output_ref"": ""claim_e7b9cdf3450fe119"", ""parent_claim_id"": ""A01737_8"", ""reason_code"": null, ""stage"": ""CLAIM_PARSE"", ""started_at"": ""2026-08-26T03:09:28.085393+00:00"", ""status"": ""PASS""}]"
A01903_6,1,claim_98c3281f01004e9b,claim_27a87ed1e06cdf7b,80만원,"지난해 기준 65세 이상 연금 소득자의 월평균 연금 소득은 70~80만원 수준으로, 같은 해 1인 가구 월 최저 생계비(134만원)에 못 미친다는 설명이다.",월평균 연금 소득,80.0,만원,지난해,월,,65세 이상 연금 소득자,null,"{""reference_indicator"": ""1인 가구 월 최저 생계비"", ""reference_period"": ""같은 해"", ""reference_unit"": ""만원"", ""reference_value"": ""134"", ""type"": ""LESS_THAN""}",DIRECT_VALUE,null,,HOLD,중심 수치가 70~80만원의 범위로 제시되어 단일 value 슬롯으로 정확히 표현할 수 없음,MULTI_CLAIM_SPLIT,STRUCTURAL_HOLD,HUMAN_REVIEW,중심 수치가 70~80만원의 범위로 제시되어 단일 value 슬롯으로 정확히 표현할 수 없음,,N,,,,N,,0,0,null,[],[],"{""eligible_for_official_search"": true, ""entries"": [{""required"": true, ""slot"": ""indicator"", ""status"": ""SOURCE"", ""value"": ""월평균 연금 소득""}, {""required"": true, ""slot"": ""value"", ""status"": ""SOURCE"", ""value"": 80.0}, {""required"": true, ""slot"": ""unit"", ""status"": ""SOURCE"", ""value"": ""만원""}, {""required"": true, ""slot"": ""time"", ""status"": ""SOURCE"", ""value"": ""지난해""}, {""required"": false, ""slot"": ""frequency"", ""status"": ""SOURCE"", ""value"": ""월""}, {""required"": false, ""slot"": ""region"", ""status"": ""NOT_APPLICABLE"", ""value"": null}, {""required"": false, ""slot"": ""population"", ""status"": ""SOURCE"", ""value"": ""65세 이상 연금 소득자""}, {""required"": false, ""slot"": ""dimension"", ""status"": ""NOT_APPLICABLE"", ""value"": null}, {""required"": false, ""slot"": ""comparison"", ""status"": ""SOURCE"", ""value"": {""reference_indicator"": ""1인 가구 월 최저 생계비"", ""reference_period"": ""같은 해"", ""reference_unit"": ""만원"", ""reference_value"": ""134"", ""type"": ""LESS_THAN""}}, {""required"": true, ""slot"": ""calculation"", ""status"": ""SOURCE"", ""value"": ""DIRECT_VALUE""}, {""required"": false, ""slot"": ""condition"", ""status"": ""NOT_APPLICABLE"", ""value"": null}, {""required"": false, ""slot"": ""source_hint"", ""status"": ""NOT_APPLICABLE"", ""value"": null}], ""reason_codes"": []}","[{""attempt"": 1, ""child_claim_id"": ""claim_27a87ed1e06cdf7b"", ""code_version"": ""admission-recovery-v3"", ""data_version"": ""claim-schema-v1"", ""finished_at"": ""2026-08-26T03:09:47.145100+00:00"", ""input_hash"": ""3c68e8a5e13be0d39c1f4e86a17816f464e2b3cd72c9f6387623e93140d2b653"", ""output_ref"": ""claim_27a87ed1e06cdf7b"", ""parent_claim_id"": ""A01903_6"", ""reason_code"": null, ""stage"": ""CLAIM_SPLIT"", ""started_at"": ""2026-08-26T03:09:47.145100+00:00"", ""status"": ""PASS""}, {""attempt"": 1, ""child_claim_id"": ""claim_27a87ed1e06cdf7b"", ""code_version"": ""admission-recovery-v3"", ""data_version"": ""claim-schema-v1"", ""finished_at"": ""2026-08-26T03:09:47.145100+00:00"", ""input_hash"": ""3c68e8a5e13be0d39c1f4e86a17816f464e2b3cd72c9f6387623e93140d2b653"", ""output_ref"": ""claim_27a87ed1e06cdf7b"", ""parent_claim_id"": ""A01903_6"", ""reason_code"": ""중심 수치가 70~80만원의 범위로 제시되어 단일 value 슬롯으로 정확히 표현할 수 없음"", ""stage"": ""CLAIM_PARSE"", ""started_at"": ""2026-08-26T03:09:47.145100+00:00"", ""status"": ""HUMAN_REVIEW""}]"
A01903_6,2,claim_b6c72f6e012abc65,claim_8addbd2b685e96f1,134만원,"지난해 기준 65세 이상 연금 소득자의 월평균 연금 소득은 70~80만원 수준으로, 같은 해 1인 가구 월 최저 생계비(134만원)에 못 미친다는 설명이다.",월 최저 생계비,134.0,만원/월,2024년,년,,1인 가구,"{""연령"": ""65세 이상"", ""항목"": ""연금 소득""}","{""관계"": ""65세 이상 연금 소득자의 월평균 연금 소득 70~80만원 수준보다 많음""}",DIRECT_VALUE,null,기사 본문,HOLD,TARGET_VALUE_NOT_IN_SOURCE_SENTENCE,MULTI_CLAIM_SPLIT,CONTEXT_REQUIRED,HUMAN_REVIEW,TARGET_VALUE_NOT_IN_SOURCE_SENTENCE,,N,,,,N,,0,0,null,[],[],"{""eligible_for_official_search"": true, ""entries"": [{""required"": true, ""slot"": ""indicator"", ""status"": ""SOURCE"", ""value"": ""월 최저 생계비""}, {""required"": true, ""slot"": ""value"", ""status"": ""SOURCE"", ""value"": 134.0}, {""required"": true, ""slot"": ""unit"", ""status"": ""SOURCE"", ""value"": ""만원/월""}, {""required"": true, ""slot"": ""time"", ""status"": ""SOURCE"", ""value"": ""2024년""}, {""required"": false, ""slot"": ""frequency"", ""status"": ""SOURCE"", ""value"": ""년""}, {""required"": false, ""slot"": ""region"", ""status"": ""NOT_APPLICABLE"", ""value"": null}, {""required"": false, ""slot"": ""population"", ""status"": ""SOURCE"", ""value"": ""1인 가구""}, {""required"": false, ""slot"": ""dimension"", ""status"": ""SOURCE"", ""value"": {""연령"": ""65세 이상"", ""항목"": ""연금 소득""}}, {""required"": false, ""slot"": ""comparison"", ""status"": ""SOURCE"", ""value"": {""관계"": ""65세 이상 연금 소득자의 월평균 연금 소득 70~80만원 수준보다 많음""}}, {""required"": true, ""slot"": ""calculation"", ""status"": ""SOURCE"", ""value"": ""DIRECT_VALUE""}, {""required"": false, ""slot"": ""condition"", ""status"": ""NOT_APPLICABLE"", ""value"": null}, {""required"": false, ""slot"": ""source_hint"", ""status"": ""SOURCE"", ""value"": ""기사 본문""}], ""reason_codes"": []}","[{""attempt"": 1, ""child_claim_id"": ""claim_8addbd2b685e96f1"", ""code_version"": ""admission-recovery-v3"", ""data_version"": ""claim-schema-v1"", ""finished_at"": ""2026-08-26T03:09:47.145100+00:00"", ""input_hash"": ""3c68e8a5e13be0d39c1f4e86a17816f464e2b3cd72c9f6387623e93140d2b653"", ""output_ref"": ""claim_8addbd2b685e96f1"", ""parent_claim_id"": ""A01903_6"", ""reason_code"": null, ""stage"": ""CLAIM_SPLIT"", ""started_at"": ""2026-08-26T03:09:47.145100+00:00"", ""status"": ""PASS""}, {""attempt"": 1, ""child_claim_id"": ""claim_8addbd2b685e96f1"", ""code_version"": ""admission-recovery-v3"", ""data_version"": ""claim-schema-v1"", ""finished_at"": ""2026-08-26T03:09:47.145100+00:00"", ""input_hash"": ""3c68e8a5e13be0d39c1f4e86a17816f464e2b3cd72c9f6387623e93140d2b653"", ""output_ref"": ""claim_8addbd2b685e96f1"", ""parent_claim_id"": ""A01903_6"", ""reason_code"": ""TARGET_VALUE_NOT_IN_SOURCE_SENTENCE"", ""stage"": ""CLAIM_PARSE"", ""started_at"": ""2026-08-26T03:09:47.145100+00:00"", ""status"": ""HUMAN_REVIEW""}]"
A02096_4,1,claim_943744404abe7136,claim_cb1a71ad45839bbe,+23만3000명,"보건업·사회복지서비스업(+23만3000명), 금융·보험업(+7만2000명) 등에서 취업자가 큰 폭으로 늘어나면서 취업자가 26만명 넘게 늘어난 작년 4월 이후 처음으로 취업자가 20만명 이상 불었다.",취업자,23.3,만명,2025-05,MONTHLY,대한민국,취업자,"{""산업"": ""보건업·사회복지서비스업""}","{""reference_period"": ""2024년 4월 이후"", ""관련증감"": ""+7만2000명""}",GROWTH_RATE,"{""direction"": ""INCREASE""}",통계청 경제활동인구조사,HUMAN_REVIEW,"문장에 전체 취업자 증가(20만명 이상, 26만명 초과)와 산업별 증가 수치가 함께 제시되어 중심 수치와 대상이 불명확하며, +23만3000명은 증가율이 아닌 증감 인원이다.",MULTI_CLAIM_SPLIT,STRUCTURAL_HOLD,HUMAN_REVIEW,"문장에 전체 취업자 증가(20만명 이상, 26만명 초과)와 산업별 증가 수치가 함께 제시되어 중심 수치와 대상이 불명확하며, +23만3000명은 증가율이 아닌 증감 인원이다.",,N,,,,N,,0,0,null,[],[],"{""eligible_for_official_search"": true, ""entries"": [{""required"": true, ""slot"": ""indicator"", ""status"": ""SOURCE"", ""value"": ""취업자""}, {""required"": true, ""slot"": ""value"", ""status"": ""SOURCE"", ""value"": 23.3}, {""required"": true, ""slot"": ""unit"", ""status"": ""SOURCE"", ""value"": ""만명""}, {""required"": true, ""slot"": ""time"", ""status"": ""SOURCE"", ""value"": ""2025-05""}, {""required"": false, ""slot"": ""frequency"", ""status"": ""SOURCE"", ""value"": ""MONTHLY""}, {""required"": false, ""slot"": ""region"", ""status"": ""SOURCE"", ""value"": ""대한민국""}, {""required"": false, ""slot"": ""population"", ""status"": ""SOURCE"", ""value"": ""취업자""}, {""required"": false, ""slot"": ""dimension"", ""status"": ""SOURCE"", ""value"": {""산업"": ""보건업·사회복지서비스업""}}, {""required"": true, ""slot"": ""comparison"", ""status"": ""SOURCE"", ""value"": {""reference_period"": ""2024년 4월 이후"", ""관련증감"": ""+7만2000명""}}, {""required"": true, ""slot"": ""calculation"", ""status"": ""SOURCE"", ""value"": ""GROWTH_RATE""}, {""required"": true, ""slot"": ""condition"", ""status"": ""SOURCE"", ""value"": {""direction"": ""INCREASE""}}, {""required"": false, ""slot"": ""source_hint"", ""status"": ""SOURCE"", ""value"": ""통계청 경제활동인구조사""}], ""reason_codes"": []}","[{""attempt"": 1, ""child_claim_id"": ""claim_cb1a71ad45839bbe"", ""code_version"": ""admission-recovery-v3"", ""data_version"": ""claim-schema-v1"", ""finished_at"": ""2026-08-26T03:10:03.543522+00:00"", ""input_hash"": ""4f27a0d64d06802a846646e530c54470d4ed49caae32853463cdf07cad6214a4"", ""output_ref"": ""claim_cb1a71ad45839bbe"", ""parent_claim_id"": ""A02096_4"", ""reason_code"": null, ""stage"": ""CLAIM_SPLIT"", ""started_at"": ""2026-08-26T03:10:03.543522+00:00"", ""status"": ""PASS""}, {""attempt"": 1, ""child_claim_id"": ""claim_cb1a71ad45839bbe"", ""code_version"": ""admission-recovery-v3"", ""data_version"": ""claim-schema-v1"", ""finished_at"": ""2026-08-26T03:10:03.543522+00:00"", ""input_hash"": ""4f27a0d64d06802a846646e530c54470d4ed49caae32853463cdf07cad6214a4"", ""output_ref"": ""claim_cb1a71ad45839bbe"", ""parent_claim_id"": ""A02096_4"", ""reason_code"": ""문장에 전체 취업자 증가(20만명 이상, 26만명 초과)와 산업별 증가 수치가 함께 제시되어 중심 수치와 대상이 불명확하며, +23만3000명은 증가율이 아닌 증감 인원이다."", ""stage"": ""CLAIM_PARSE"", ""started_at"": ""2026-08-26T03:10:03.543522+00:00"", ""status"": ""HUMAN_REVIEW""}]"
A02096_4,2,claim_fa19ceab8ee55f8f,claim_d581ce107aa6745d,+7만2000명,"보건업·사회복지서비스업(+23만3000명), 금융·보험업(+7만2000명) 등에서 취업자가 큰 폭으로 늘어나면서 취업자가 26만명 넘게 늘어난 작년 4월 이후 처음으로 취업자가 20만명 이상 불었다.",취업자,7.2,만명,,,,,"{""산업"": ""금융·보험업""}",null,DIRECT_VALUE,null,,HOLD,"문장에 여러 산업별 증감 수치와 전체 취업자 증가 수치가 함께 제시되어 있으며, 중심 수치(+7만2000명)는 금융·보험업 취업자 증가를 의미하지만 목표 시점이 직접 명시되지 않아 단일 수치 주장으로 확정하기 어렵습니다.",MULTI_CLAIM_SPLIT,STRUCTURAL_HOLD,HUMAN_REVIEW,"문장에 여러 산업별 증감 수치와 전체 취업자 증가 수치가 함께 제시되어 있으며, 중심 수치(+7만2000명)는 금융·보험업 취업자 증가를 의미하지만 목표 시점이 직접 명시되지 않아 단일 수치 주장으로 확정하기 어렵습니다.",,N,,,,N,,0,0,null,[],[],"{""eligible_for_official_search"": false, ""entries"": [{""required"": true, ""slot"": ""indicator"", ""status"": ""SOURCE"", ""value"": ""취업자""}, {""required"": true, ""slot"": ""value"", ""status"": ""SOURCE"", ""value"": 7.2}, {""required"": true, ""slot"": ""unit"", ""status"": ""SOURCE"", ""value"": ""만명""}, {""required"": true, ""slot"": ""time"", ""status"": ""MISSING"", ""value"": null}, {""required"": false, ""slot"": ""frequency"", ""status"": ""NOT_APPLICABLE"", ""value"": null}, {""required"": false, ""slot"": ""region"", ""status"": ""NOT_APPLICABLE"", ""value"": null}, {""required"": false, ""slot"": ""population"", ""status"": ""NOT_APPLICABLE"", ""value"": null}, {""required"": false, ""slot"": ""dimension"", ""status"": ""SOURCE"", ""value"": {""산업"": ""금융·보험업""}}, {""required"": false, ""slot"": ""comparison"", ""status"": ""NOT_APPLICABLE"", ""value"": null}, {""required"": true, ""slot"": ""calculation"", ""status"": ""SOURCE"", ""value"": ""DIRECT_VALUE""}, {""required"": false, ""slot"": ""condition"", ""status"": ""NOT_APPLICABLE"", ""value"": null}, {""required"": false, ""slot"": ""source_hint"", ""status"": ""NOT_APPLICABLE"", ""value"": null}], ""reason_codes"": [""MISSING_REQUIRED_SLOTS:time""]}","[{""attempt"": 1, ""child_claim_id"": ""claim_d581ce107aa6745d"", ""code_version"": ""admission-recovery-v3"", ""data_version"": ""claim-schema-v1"", ""finished_at"": ""2026-08-26T03:10:03.543522+00:00"", ""input_hash"": ""4f27a0d64d06802a846646e530c54470d4ed49caae32853463cdf07cad6214a4"", ""output_ref"": ""claim_d581ce107aa6745d"", ""parent_claim_id"": ""A02096_4"", ""reason_code"": null, ""stage"": ""CLAIM_SPLIT"", ""started_at"": ""2026-08-26T03:10:03.543522+00:00"", ""status"": ""PASS""}, {""attempt"": 1, ""child_claim_id"": ""claim_d581ce107aa6745d"", ""code_version"": ""admission-recovery-v3"", ""data_version"": ""claim-schema-v1"", ""finished_at"": ""2026-08-26T03:10:03.543522+00:00"", ""input_hash"": ""4f27a0d64d06802a846646e530c54470d4ed49caae32853463cdf07cad6214a4"", ""output_ref"": ""claim_d581ce107aa6745d"", ""parent_claim_id"": ""A02096_4"", ""reason_code"": ""문장에 여러 산업별 증감 수치와 전체 취업자 증가 수치가 함께 제시되어 있으며, 중심 수치(+7만2000명)는 금융·보험업 취업자 증가를 의미하지만 목표 시점이 직접 명시되지 않아 단일 수치 주장으로 확정하기 어렵습니다."", ""stage"": ""CLAIM_PARSE"", ""started_at"": ""2026-08-26T03:10:03.543522+00:00"", ""status"": ""HUMAN_REVIEW""}]"
A02096_4,3,claim_f0965ec621cb18bf,claim_9c05fc19a7a51fa1,20만명,"보건업·사회복지서비스업(+23만3000명), 금융·보험업(+7만2000명) 등에서 취업자가 큰 폭으로 늘어나면서 취업자가 26만명 넘게 늘어난 작년 4월 이후 처음으로 취업자가 20만명 이상 불었다.",취업자,20.0,만명,2025년 4월,월,대한민국,,null,"{""reference_period"": ""2024-04"", ""reference_unit"": ""만명"", ""reference_value"": ""26"", ""type"": ""THRESHOLD_REFERENCE""}",THRESHOLD,"{""direction"": ""INCREASE"", ""operator"": ""GTE"", ""threshold_unit"": ""만명"", ""threshold_value"": ""20""}",기사 문장. 2025년 6월 11일 게시 기준 '작년 4월'은 2024년 4월.,AUTO_OK,,MULTI_CLAIM_SPLIT,KOSIS_PIPELINE_ELIGIBLE,HOLD,NO_HARD_GUARD_CANDIDATE,,N,UNDETERMINED,HOLD,NO_HARD_GUARD_CANDIDATE,N,,0,0,"{""canonical_name"": ""취업자 수"", ""concept_id"": ""C000008"", ""kosis_search_terms"": [""경제활동인구조사 취업자"", ""산업별 취업자""], ""matched_alias"": ""취업자"", ""standard_key"": ""employment_count"", ""status"": ""MATCHED""}",[],[],"{""eligible_for_official_search"": true, ""entries"": [{""required"": true, ""slot"": ""indicator"", ""status"": ""SOURCE"", ""value"": ""취업자""}, {""required"": true, ""slot"": ""value"", ""status"": ""SOURCE"", ""value"": 20.0}, {""required"": true, ""slot"": ""unit"", ""status"": ""SOURCE"", ""value"": ""만명""}, {""required"": true, ""slot"": ""time"", ""status"": ""SOURCE"", ""value"": ""2025년 4월""}, {""required"": false, ""slot"": ""frequency"", ""status"": ""SOURCE"", ""value"": ""월""}, {""required"": false, ""slot"": ""region"", ""status"": ""SOURCE"", ""value"": ""대한민국""}, {""required"": false, ""slot"": ""population"", ""status"": ""NOT_APPLICABLE"", ""value"": null}, {""required"": false, ""slot"": ""dimension"", ""status"": ""NOT_APPLICABLE"", ""value"": null}, {""required"": false, ""slot"": ""comparison"", ""status"": ""SOURCE"", ""value"": {""reference_period"": ""2024-04"", ""reference_unit"": ""만명"", ""reference_value"": ""26"", ""type"": ""THRESHOLD_REFERENCE""}}, {""required"": true, ""slot"": ""calculation"", ""status"": ""SOURCE"", ""value"": ""THRESHOLD""}, {""required"": true, ""slot"": ""condition"", ""status"": ""SOURCE"", ""value"": {""direction"": ""INCREASE"", ""operator"": ""GTE"", ""threshold_unit"": ""만명"", ""threshold_value"": ""20""}}, {""required"": false, ""slot"": ""source_hint"", ""status"": ""SOURCE"", ""value"": ""기사 문장. 2025년 6월 11일 게시 기준 '작년 4월'은 2024년 4월.""}], ""reason_codes"": []}","[{""attempt"": 1, ""child_claim_id"": ""claim_9c05fc19a7a51fa1"", ""code_version"": ""admission-recovery-v3"", ""data_version"": ""claim-schema-v1"", ""finished_at"": ""2026-08-26T03:10:03.544544+00:00"", ""input_hash"": ""4f27a0d64d06802a846646e530c54470d4ed49caae32853463cdf07cad6214a4"", ""output_ref"": ""claim_9c05fc19a7a51fa1"", ""parent_claim_id"": ""A02096_4"", ""reason_code"": null, ""stage"": ""CLAIM_SPLIT"", ""started_at"": ""2026-08-26T03:10:03.544544+00:00"", ""status"": ""PASS""}, {""attempt"": 1, ""child_claim_id"": ""claim_9c05fc19a7a51fa1"", ""code_version"": ""admission-recovery-v3"", ""data_version"": ""claim-schema-v1"", ""finished_at"": ""2026-08-26T03:10:03.544544+00:00"", ""input_hash"": ""4f27a0d64d06802a846646e530c54470d4ed49caae32853463cdf07cad6214a4"", ""output_ref"": ""claim_9c05fc19a7a51fa1"", ""parent_claim_id"": ""A02096_4"", ""reason_code"": null, ""stage"": ""CLAIM_PARSE"", ""started_at"": ""2026-08-26T03:10:03.544544+00:00"", ""status"": ""PASS""}]"
A02202_2,1,claim_333ff0cee64de91c,claim_5d081357e9bb2bba,800만가구,1인 가구는 2021년 700만 가구를 넘어선 지 3년 만에 800만 가구를 돌파했다.,1인 가구,,가구,2024,,대한민국,1인 가구,null,"{""reference_period"": ""2021"", ""reference_unit"": ""가구"", ""reference_value"": ""7000000""}",THRESHOLD,"{""direction"": ""INCREASE"", ""operator"": ""GT"", ""threshold_unit"": ""가구"", ""threshold_value"": ""8000000""}",,HOLD,MISSING_REQUIRED_SLOTS:value,MULTI_CLAIM_SPLIT,STRUCTURAL_HOLD,HUMAN_REVIEW,MISSING_REQUIRED_SLOTS:value,,N,,,,N,,0,0,null,[],[],"{""eligible_for_official_search"": false, ""entries"": [{""required"": true, ""slot"": ""indicator"", ""status"": ""SOURCE"", ""value"": ""1인 가구""}, {""required"": true, ""slot"": ""value"", ""status"": ""MISSING"", ""value"": null}, {""required"": true, ""slot"": ""unit"", ""status"": ""SOURCE"", ""value"": ""가구""}, {""required"": true, ""slot"": ""time"", ""status"": ""SOURCE"", ""value"": ""2024""}, {""required"": false, ""slot"": ""frequency"", ""status"": ""NORMALIZED"", ""value"": ""년""}, {""required"": false, ""slot"": ""region"", ""status"": ""SOURCE"", ""value"": ""대한민국""}, {""required"": false, ""slot"": ""population"", ""status"": ""SOURCE"", ""value"": ""1인 가구""}, {""required"": false, ""slot"": ""dimension"", ""status"": ""NOT_APPLICABLE"", ""value"": null}, {""required"": false, ""slot"": ""comparison"", ""status"": ""SOURCE"", ""value"": {""reference_period"": ""2021"", ""reference_unit"": ""가구"", ""reference_value"": ""7000000""}}, {""required"": true, ""slot"": ""calculation"", ""status"": ""SOURCE"", ""value"": ""THRESHOLD""}, {""required"": true, ""slot"": ""condition"", ""status"": ""SOURCE"", ""value"": {""direction"": ""INCREASE"", ""operator"": ""GT"", ""threshold_unit"": ""가구"", ""threshold_value"": ""8000000""}}, {""required"": false, ""slot"": ""source_hint"", ""status"": ""NOT_APPLICABLE"", ""value"": null}], ""reason_codes"": [""MISSING_REQUIRED_SLOTS:value""]}","[{""attempt"": 1, ""child_claim_id"": ""claim_5d081357e9bb2bba"", ""code_version"": ""admission-recovery-v3"", ""data_version"": ""claim-schema-v1"", ""finished_at"": ""2026-08-26T03:10:14.155175+00:00"", ""input_hash"": ""b4e8f0e70bf37b3f5aa3503a92ef67f31cbc6f28cd49b50e147c14d6aea47391"", ""output_ref"": ""claim_5d081357e9bb2bba"", ""parent_claim_id"": ""A02202_2"", ""reason_code"": null, ""stage"": ""CLAIM_SPLIT"", ""started_at"": ""2026-08-26T03:10:14.155175+00:00"", ""status"": ""PASS""}, {""attempt"": 1, ""child_claim_id"": ""claim_5d081357e9bb2bba"", ""code_version"": ""admission-recovery-v3"", ""data_version"": ""claim-schema-v1"", ""finished_at"": ""2026-08-26T03:10:14.155175+00:00"", ""input_hash"": ""b4e8f0e70bf37b3f5aa3503a92ef67f31cbc6f28cd49b50e147c14d6aea47391"", ""output_ref"": ""claim_5d081357e9bb2bba"", ""parent_claim_id"": ""A02202_2"", ""reason_code"": ""MISSING_REQUIRED_SLOTS:value"", ""stage"": ""CLAIM_PARSE"", ""started_at"": ""2026-08-26T03:10:14.155175+00:00"", ""status"": ""HUMAN_REVIEW""}]"
A02408_12,1,claim_aded0b5b4546dad5,claim_a02361de57627edd,4.2%,"이는 국내총생산(GDP) 대비 4.2% 수준에 달하는 것으로, 2020년 이후 5년 연속으로 재정 준칙 목표치(3% 이내)를 넘어서게 된다.",,4.2,percent_of_GDP,2025,annual,대한민국,,null,"{""reference_period"": ""재정 준칙 목표치"", ""reference_unit"": ""percent_of_GDP"", ""reference_value"": ""3"", ""type"": ""REFERENCE_VALUE""}",SHARE,"{""direction"": ""INCREASE"", ""operator"": ""GT"", ""threshold_unit"": ""percent_of_GDP"", ""threshold_value"": ""3""}",,HOLD,TARGET_VALUE_NOT_IN_SOURCE_SENTENCE,MULTI_CLAIM_SPLIT,CONTEXT_REQUIRED,HUMAN_REVIEW,TARGET_VALUE_NOT_IN_SOURCE_SENTENCE,,N,,,,N,,0,0,null,[],[],"{""eligible_for_official_search"": false, ""entries"": [{""required"": true, ""slot"": ""indicator"", ""status"": ""MISSING"", ""value"": null}, {""required"": true, ""slot"": ""value"", ""status"": ""SOURCE"", ""value"": 4.2}, {""required"": true, ""slot"": ""unit"", ""status"": ""SOURCE"", ""value"": ""percent_of_GDP""}, {""required"": true, ""slot"": ""time"", ""status"": ""SOURCE"", ""value"": ""2025""}, {""required"": false, ""slot"": ""frequency"", ""status"": ""SOURCE"", ""value"": ""annual""}, {""required"": false, ""slot"": ""region"", ""status"": ""SOURCE"", ""value"": ""대한민국""}, {""required"": false, ""slot"": ""population"", ""status"": ""NOT_APPLICABLE"", ""value"": null}, {""required"": false, ""slot"": ""dimension"", ""status"": ""NOT_APPLICABLE"", ""value"": null}, {""required"": true, ""slot"": ""comparison"", ""status"": ""SOURCE"", ""value"": {""reference_period"": ""재정 준칙 목표치"", ""reference_unit"": ""percent_of_GDP"", ""reference_value"": ""3"", ""type"": ""REFERENCE_VALUE""}}, {""required"": true, ""slot"": ""calculation"", ""status"": ""SOURCE"", ""value"": ""SHARE""}, {""required"": false, ""slot"": ""condition"", ""status"": ""SOURCE"", ""value"": {""direction"": ""INCREASE"", ""operator"": ""GT"", ""threshold_unit"": ""percent_of_GDP"", ""threshold_value"": ""3""}}, {""required"": false, ""slot"": ""source_hint"", ""status"": ""NOT_APPLICABLE"", ""value"": null}], ""reason_codes"": [""MISSING_REQUIRED_SLOTS:indicator""]}","[{""attempt"": 1, ""child_claim_id"": ""claim_a02361de57627edd"", ""code_version"": ""admission-recovery-v3"", ""data_version"": ""claim-schema-v1"", ""finished_at"": ""2026-08-26T03:10:24.672254+00:00"", ""input_hash"": ""f47f9dc7b95bbe8e05f32dd1f97122efb2d774e5e4477417dffdec9feb1a0bd9"", ""output_ref"": ""claim_a02361de57627edd"", ""parent_claim_id"": ""A02408_12"", ""reason_code"": null, ""stage"": ""CLAIM_SPLIT"", ""started_at"": ""2026-08-26T03:10:24.672254+00:00"", ""status"": ""PASS""}, {""attempt"": 1, ""child_claim_id"": ""claim_a02361de57627edd"", ""code_version"": ""admission-recovery-v3"", ""data_version"": ""claim-schema-v1"", ""finished_at"": ""2026-08-26T03:10:24.672254+00:00"", ""input_hash"": ""f47f9dc7b95bbe8e05f32dd1f97122efb2d774e5e4477417dffdec9feb1a0bd9"", ""output_ref"": ""claim_a02361de57627edd"", ""parent_claim_id"": ""A02408_12"", ""reason_code"": ""TARGET_VALUE_NOT_IN_SOURCE_SENTENCE"", ""stage"": ""CLAIM_PARSE"", ""started_at"": ""2026-08-26T03:10:24.672254+00:00"", ""status"": ""HUMAN_REVIEW""}]"
A02558_14,1,claim_e348805be97e11ca,claim_7cd461379c901a51,196만명,지난달 건설업 취업자 수도 196만명으로 전년 동월 대비 9만7000명 감소하며 200만명을 밑돌았다.,취업자 수,1960000.0,명,2025년 6월,월,,취업자,"{""산업"": ""건설업""}","{""change_value"": ""-97000"", ""reference_period"": ""전년 동월"", ""type"": ""YEAR_OVER_YEAR""}",DIRECT_VALUE,"{""direction"": ""DECREASE"", ""operator"": ""LT"", ""threshold_unit"": ""명"", ""threshold_value"": ""2000000""}",제공된 한국어 뉴스 문장,AUTO_OK,지난달 건설업 취업자 수라는 단일 중심 수치와 전년 동월 대비 감소폭 및 200만명 미만 조건이 명확하게 제시됨,MULTI_CLAIM_SPLIT,KOSIS_PIPELINE_ELIGIBLE,AUTO,OUTSIDE_TOLERANCE,,N,MISMATCH,AUTO,OUTSIDE_TOLERANCE,Y,29090600.0,1,1,"{""canonical_name"": ""취업자 수"", ""concept_id"": ""C000008"", ""kosis_search_terms"": [], ""matched_alias"": ""취업자 수"", ""standard_key"": ""employment_count"", ""status"": ""MATCHED""}","[{""canonical_key"": ""ORG=101|TBL=DT_1DA7E06S_NEW|ITM=T30|OBJ=I|MEMBER=계|PRD_SE=월|PRD_DE=2025-06"", ""dimension_codes"": {""I"": ""00""}, ""dimension_members"": {""I"": ""계""}, ""itm_id"": ""T30"", ""member_code"": ""계"", ""obj_id"": ""I"", ""org_id"": ""101"", ""prd_de"": ""2025-06"", ""prd_se"": ""월"", ""status"": ""CONFIRMED"", ""tbl_id"": ""DT_1DA7E06S_NEW"", ""unit"": ""천명""}]","[{""content_hash"": ""5ea0223a49084fab277e59ce4204db454a5cdb6ffb94bb1a013bb670e64a2b29"", ""evidence_key"": ""ORG=101|TBL=DT_1DA7E06S_NEW|ITM=T30|OBJ=I|MEMBER=계|PRD_SE=월|PRD_DE=2025-06"", ""publication"": {""content_hash"": ""ec6ad02f04f240dbd1d55be9a2df2819b353bad822a32eab89a5a20ad9dcf9e3"", ""coverage_end_period"": null, ""coverage_start_period"": null, ""evidence_scope"": ""PERIOD"", ""pub_date_text"": ""조사기준 월 익월"", ""pub_period"": ""월"", ""publication_method_url"": ""https://www.kostat.go.kr/board.es?act=list&mid=a10301010000&keyField=T&bid=210&keyWord=2025%EB%85%84+6%EC%9B%94+%EA%B3%A0%EC%9A%A9%EB%8F%99%ED%96%A5"", ""published_at"": ""2025-07-16"", ""reference_period"": ""2025-06"", ""retrieved_at"": ""2026-08-26T03:11:21.498310Z"", ""source_url"": ""https://www.kostat.go.kr/board.es?mid=a10301010000&bid=210&act=view&list_no=437607&tag=&nPage=1&ref_bid="", ""status"": ""VERIFIED""}, ""retrieved_at"": ""2026-08-26T03:11:15.199435Z"", ""source"": ""API"", ""source_url"": ""https://kosis.kr/openapi/Param/statisticsParameterData.do?method=getList&orgId=101&tblId=DT_1DA7E06S_NEW&itmId=T30&prdSe=M&startPrdDe=202506&endPrdDe=202506&objL1=00"", ""value_last_changed_at"": ""2025-07-03""}]","{""eligible_for_official_search"": true, ""entries"": [{""required"": true, ""slot"": ""indicator"", ""status"": ""SOURCE"", ""value"": ""취업자 수""}, {""required"": true, ""slot"": ""value"", ""status"": ""SOURCE"", ""value"": 1960000.0}, {""required"": true, ""slot"": ""unit"", ""status"": ""SOURCE"", ""value"": ""명""}, {""required"": true, ""slot"": ""time"", ""status"": ""SOURCE"", ""value"": ""2025년 6월""}, {""required"": false, ""slot"": ""frequency"", ""status"": ""SOURCE"", ""value"": ""월""}, {""required"": false, ""slot"": ""region"", ""status"": ""NOT_APPLICABLE"", ""value"": null}, {""required"": false, ""slot"": ""population"", ""status"": ""SOURCE"", ""value"": ""취업자""}, {""required"": false, ""slot"": ""dimension"", ""status"": ""SOURCE"", ""value"": {""산업"": ""건설업""}}, {""required"": false, ""slot"": ""comparison"", ""status"": ""SOURCE"", ""value"": {""change_value"": ""-97000"", ""reference_period"": ""전년 동월"", ""type"": ""YEAR_OVER_YEAR""}}, {""required"": true, ""slot"": ""calculation"", ""status"": ""SOURCE"", ""value"": ""DIRECT_VALUE""}, {""required"": false, ""slot"": ""condition"", ""status"": ""SOURCE"", ""value"": {""direction"": ""DECREASE"", ""operator"": ""LT"", ""threshold_unit"": ""명"", ""threshold_value"": ""2000000""}}, {""required"": false, ""slot"": ""source_hint"", ""status"": ""SOURCE"", ""value"": ""제공된 한국어 뉴스 문장""}], ""reason_codes"": []}","[{""attempt"": 1, ""child_claim_id"": ""claim_7cd461379c901a51"", ""code_version"": ""admission-recovery-v3"", ""data_version"": ""claim-schema-v1"", ""finished_at"": ""2026-08-26T03:11:21.501325+00:00"", ""input_hash"": ""f9c466cfd1a3c994b63e0961be0adf8b16cc26bbd7d356b930b986a9723efc34"", ""output_ref"": ""claim_7cd461379c901a51"", ""parent_claim_id"": ""A02558_14"", ""reason_code"": null, ""stage"": ""CLAIM_SPLIT"", ""started_at"": ""2026-08-26T03:11:21.501325+00:00"", ""status"": ""PASS""}, {""attempt"": 1, ""child_claim_id"": ""claim_7cd461379c901a51"", ""code_version"": ""admission-recovery-v3"", ""data_version"": ""claim-schema-v1"", ""finished_at"": ""2026-08-26T03:11:21.501325+00:00"", ""input_hash"": ""f9c466cfd1a3c994b63e0961be0adf8b16cc26bbd7d356b930b986a9723efc34"", ""output_ref"": ""claim_7cd461379c901a51"", ""parent_claim_id"": ""A02558_14"", ""reason_code"": null, ""stage"": ""CLAIM_PARSE"", ""started_at"": ""2026-08-26T03:11:21.501325+00:00"", ""status"": ""PASS""}]"
A02633_1,1,claim_7b55f3e73ce1d42b,claim_76b44716e27528a7,31만명,"지난 9월 전체 취업자 수가 31만명 이상 늘어 1년 7개월 만에 최대 증가 폭을 기록했지만, 청년층은 14만6000명이나 줄어 모든 연령대 중 감소 폭이 가장 컸다.",전체 취업자 수 증가폭,310000.0,명,2025년 9월,월,대한민국,전체 취업자,null,null,THRESHOLD,"{""direction"": ""INCREASE"", ""operator"": ""GTE"", ""threshold_unit"": ""명"", ""threshold_value"": ""310000""}",기사 발행일 2025-10-17 기준 '지난 9월',AUTO_OK,,MULTI_CLAIM_SPLIT,KOSIS_PIPELINE_ELIGIBLE,HOLD,AS_OF_UNAVAILABLE,,N,UNDETERMINED,HOLD,AS_OF_UNAVAILABLE,N,,1,1,"{""canonical_name"": ""취업자 수"", ""concept_id"": ""C000008"", ""kosis_search_terms"": [""경제활동인구조사 취업자"", ""산업별 취업자""], ""matched_alias"": ""취업자 수 증가 폭"", ""standard_key"": ""employment_count"", ""status"": ""MATCHED""}","[{""canonical_key"": ""ORG=101|TBL=DT_1DA7001S|ITM=T30|OBJ=B|MEMBER=계|PRD_SE=월|PRD_DE=2025-09"", ""dimension_codes"": {""B"": ""0""}, ""dimension_members"": {""B"": ""계""}, ""itm_id"": ""T30"", ""member_code"": ""계"", ""obj_id"": ""B"", ""org_id"": ""101"", ""prd_de"": ""2025-09"", ""prd_se"": ""월"", ""status"": ""CONFIRMED"", ""tbl_id"": ""DT_1DA7001S"", ""unit"": ""천명""}]","[{""content_hash"": ""1ceb4e43788b02b212d8c82ea12e658ffb2b3f358d5b500b2d527ebc18ce35af"", ""evidence_key"": ""ORG=101|TBL=DT_1DA7001S|ITM=T30|OBJ=B|MEMBER=계|PRD_SE=월|PRD_DE=2025-09"", ""publication"": {""content_hash"": ""29499992ebe2261653ea0d45ba6290690fb5fc0ff47d430b5d4199dcc6660c32"", ""coverage_end_period"": null, ""coverage_start_period"": null, ""evidence_scope"": ""PERIOD"", ""pub_date_text"": ""조사기준 월 익월"", ""pub_period"": ""월"", ""publication_method_url"": ""https://www.kostat.go.kr/board.es?act=list&mid=a10301010000&keyField=T&bid=210&keyWord=2025%EB%85%84+9%EC%9B%94+%EA%B3%A0%EC%9A%A9%EB%8F%99%ED%96%A5"", ""published_at"": ""2025-10-17"", ""reference_period"": ""2025-09"", ""retrieved_at"": ""2026-08-26T03:11:43.763491Z"", ""source_url"": ""https://www.kostat.go.kr/board.es?mid=a10301010000&bid=210&act=view&list_no=438842&tag=&nPage=1&ref_bid="", ""status"": ""VERIFIED""}, ""retrieved_at"": ""2026-08-26T03:11:37.681041Z"", ""source"": ""API"", ""source_url"": ""https://kosis.kr/openapi/Param/statisticsParameterData.do?method=getList&orgId=101&tblId=DT_1DA7001S&itmId=T30&prdSe=M&startPrdDe=202509&endPrdDe=202509&objL1=0"", ""value_last_changed_at"": ""2025-10-29""}]","{""eligible_for_official_search"": true, ""entries"": [{""required"": true, ""slot"": ""indicator"", ""status"": ""SOURCE"", ""value"": ""전체 취업자 수 증가폭""}, {""required"": true, ""slot"": ""value"", ""status"": ""SOURCE"", ""value"": 310000.0}, {""required"": true, ""slot"": ""unit"", ""status"": ""SOURCE"", ""value"": ""명""}, {""required"": true, ""slot"": ""time"", ""status"": ""SOURCE"", ""value"": ""2025년 9월""}, {""required"": false, ""slot"": ""frequency"", ""status"": ""SOURCE"", ""value"": ""월""}, {""required"": false, ""slot"": ""region"", ""status"": ""SOURCE"", ""value"": ""대한민국""}, {""required"": false, ""slot"": ""population"", ""status"": ""SOURCE"", ""value"": ""전체 취업자""}, {""required"": false, ""slot"": ""dimension"", ""status"": ""NOT_APPLICABLE"", ""value"": null}, {""required"": false, ""slot"": ""comparison"", ""status"": ""NOT_APPLICABLE"", ""value"": null}, {""required"": true, ""slot"": ""calculation"", ""status"": ""SOURCE"", ""value"": ""THRESHOLD""}, {""required"": true, ""slot"": ""condition"", ""status"": ""SOURCE"", ""value"": {""direction"": ""INCREASE"", ""operator"": ""GTE"", ""threshold_unit"": ""명"", ""threshold_value"": ""310000""}}, {""required"": false, ""slot"": ""source_hint"", ""status"": ""SOURCE"", ""value"": ""기사 발행일 2025-10-17 기준 '지난 9월'""}], ""reason_codes"": []}","[{""attempt"": 1, ""child_claim_id"": ""claim_76b44716e27528a7"", ""code_version"": ""admission-recovery-v3"", ""data_version"": ""claim-schema-v1"", ""finished_at"": ""2026-08-26T03:12:18.572269+00:00"", ""input_hash"": ""89f7c937be1b3ebab28410e577c7a23107ac5278ca3d3cdf0cc4eaa8203b1d04"", ""output_ref"": ""claim_76b44716e27528a7"", ""parent_claim_id"": ""A02633_1"", ""reason_code"": null, ""stage"": ""CLAIM_SPLIT"", ""started_at"": ""2026-08-26T03:12:18.572269+00:00"", ""status"": ""PASS""}, {""attempt"": 1, ""child_claim_id"": ""claim_76b44716e27528a7"", ""code_version"": ""admission-recovery-v3"", ""data_version"": ""claim-schema-v1"", ""finished_at"": ""2026-08-26T03:12:18.572269+00:00"", ""input_hash"": ""89f7c937be1b3ebab28410e577c7a23107ac5278ca3d3cdf0cc4eaa8203b1d04"", ""output_ref"": ""claim_76b44716e27528a7"", ""parent_claim_id"": ""A02633_1"", ""reason_code"": null, ""stage"": ""CLAIM_PARSE"", ""started_at"": ""2026-08-26T03:12:18.572269+00:00"", ""status"": ""PASS""}]"
A02633_1,2,claim_3d0d7ba0d342cda2,claim_e59e40ce1c6d47c5,14만6000명,"지난 9월 전체 취업자 수가 31만명 이상 늘어 1년 7개월 만에 최대 증가 폭을 기록했지만, 청년층은 14만6000명이나 줄어 모든 연령대 중 감소 폭이 가장 컸다.",취업자 수,-146000.0,명,2025년 9월,월,,취업자,"{""age"": ""청년층""}",null,DIRECT_VALUE,"{""direction"": ""DECREASE""}",기사의 청년층 취업자 수 증감 수치,AUTO_OK,분리된 target_numeric_expression에 해당하는 청년층 취업자 수 감소 폭이 명확히 제시됨,MULTI_CLAIM_SPLIT,KOSIS_PIPELINE_ELIGIBLE,HOLD,NO_EVIDENCE_COORDINATE_CANDIDATE,,N,UNDETERMINED,HOLD,NO_EVIDENCE_COORDINATE_CANDIDATE,N,,0,0,"{""canonical_name"": ""취업자 수"", ""concept_id"": ""C000008"", ""kosis_search_terms"": [], ""matched_alias"": ""취업자 수"", ""standard_key"": ""employment_count"", ""status"": ""MATCHED""}",[],[],"{""eligible_for_official_search"": true, ""entries"": [{""required"": true, ""slot"": ""indicator"", ""status"": ""CONTEXT"", ""value"": ""취업자 수""}, {""required"": true, ""slot"": ""value"", ""status"": ""CONTEXT"", ""value"": -146000.0}, {""required"": true, ""slot"": ""unit"", ""status"": ""SOURCE"", ""value"": ""명""}, {""required"": true, ""slot"": ""time"", ""status"": ""SOURCE"", ""value"": ""2025년 9월""}, {""required"": false, ""slot"": ""frequency"", ""status"": ""SOURCE"", ""value"": ""월""}, {""required"": false, ""slot"": ""region"", ""status"": ""NOT_APPLICABLE"", ""value"": null}, {""required"": false, ""slot"": ""population"", ""status"": ""CONTEXT"", ""value"": ""취업자""}, {""required"": false, ""slot"": ""dimension"", ""status"": ""CONTEXT"", ""value"": {""age"": ""청년층""}}, {""required"": false, ""slot"": ""comparison"", ""status"": ""NOT_APPLICABLE"", ""value"": null}, {""required"": true, ""slot"": ""calculation"", ""status"": ""CONTEXT"", ""value"": ""DIRECT_VALUE""}, {""required"": false, ""slot"": ""condition"", ""status"": ""CONTEXT"", ""value"": {""direction"": ""DECREASE""}}, {""required"": false, ""slot"": ""source_hint"", ""status"": ""CONTEXT"", ""value"": ""기사의 청년층 취업자 수 증감 수치""}], ""reason_codes"": []}","[{""attempt"": 1, ""child_claim_id"": ""claim_e59e40ce1c6d47c5"", ""code_version"": ""admission-recovery-v3"", ""data_version"": ""claim-schema-v1"", ""finished_at"": ""2026-08-26T03:12:18.572269+00:00"", ""input_hash"": ""89f7c937be1b3ebab28410e577c7a23107ac5278ca3d3cdf0cc4eaa8203b1d04"", ""output_ref"": ""claim_e59e40ce1c6d47c5"", ""parent_claim_id"": ""A02633_1"", ""reason_code"": null, ""stage"": ""CLAIM_SPLIT"", ""started_at"": ""2026-08-26T03:12:18.572269+00:00"", ""status"": ""PASS""}, {""attempt"": 1, ""child_claim_id"": ""claim_e59e40ce1c6d47c5"", ""code_version"": ""admission-recovery-v3"", ""data_version"": ""claim-schema-v1"", ""finished_at"": ""2026-08-26T03:12:18.572269+00:00"", ""input_hash"": ""89f7c937be1b3ebab28410e577c7a23107ac5278ca3d3cdf0cc4eaa8203b1d04"", ""output_ref"": ""claim_e59e40ce1c6d47c5"", ""parent_claim_id"": ""A02633_1"", ""reason_code"": null, ""stage"": ""CLAIM_PARSE"", ""started_at"": ""2026-08-26T03:12:18.572269+00:00"", ""status"": ""PASS""}]"
A00298_5,1,claim_fb9e92ff9d4f13b1,claim_bce0dc835b28a5c4,1.3%,우리나라 경제는 작년 1분기(1~3월) 성장률이 1.3%를 기록하며 ‘깜짝 성장’을 한 뒤 2분기(4~6월)에는 0.2% 뒷걸음질쳤다.,경제 성장률,1.3,%,2024년 1분기,분기,대한민국,,null,"{""reference_period"": ""작년 2분기"", ""reference_value"": ""-0.2"", ""type"": ""QUARTER_OVER_QUARTER""}",GROWTH_RATE,"{""direction"": ""INCREASE""}",기사 본문,AUTO_OK,,MULTI_CLAIM_SPLIT,KOSIS_PIPELINE_ELIGIBLE,HOLD,NO_EVIDENCE_COORDINATE_CANDIDATE,,N,UNDETERMINED,HOLD,NO_EVIDENCE_COORDINATE_CANDIDATE,N,,0,0,"{""canonical_name"": ""경제성장률"", ""concept_id"": ""C000014"", ""kosis_search_terms"": [], ""matched_alias"": ""경제성장률"", ""standard_key"": ""economic_growth_rate"", ""status"": ""MATCHED""}",[],[],"{""eligible_for_official_search"": true, ""entries"": [{""required"": true, ""slot"": ""indicator"", ""status"": ""SOURCE"", ""value"": ""경제 성장률""}, {""required"": true, ""slot"": ""value"", ""status"": ""SOURCE"", ""value"": 1.3}, {""required"": true, ""slot"": ""unit"", ""status"": ""SOURCE"", ""value"": ""%""}, {""required"": true, ""slot"": ""time"", ""status"": ""SOURCE"", ""value"": ""2024년 1분기""}, {""required"": false, ""slot"": ""frequency"", ""status"": ""SOURCE"", ""value"": ""분기""}, {""required"": false, ""slot"": ""region"", ""status"": ""SOURCE"", ""value"": ""대한민국""}, {""required"": false, ""slot"": ""population"", ""status"": ""NOT_APPLICABLE"", ""value"": null}, {""required"": false, ""slot"": ""dimension"", ""status"": ""NOT_APPLICABLE"", ""value"": null}, {""required"": true, ""slot"": ""comparison"", ""status"": ""SOURCE"", ""value"": {""reference_period"": ""작년 2분기"", ""reference_value"": ""-0.2"", ""type"": ""QUARTER_OVER_QUARTER""}}, {""required"": true, ""slot"": ""calculation"", ""status"": ""SOURCE"", ""value"": ""GROWTH_RATE""}, {""required"": true, ""slot"": ""condition"", ""status"": ""SOURCE"", ""value"": {""direction"": ""INCREASE""}}, {""required"": false, ""slot"": ""source_hint"", ""status"": ""SOURCE"", ""value"": ""기사 본문""}], ""reason_codes"": []}","[{""attempt"": 1, ""child_claim_id"": ""claim_bce0dc835b28a5c4"", ""code_version"": ""admission-recovery-v3"", ""data_version"": ""claim-schema-v1"", ""finished_at"": ""2026-08-26T03:13:06.902987+00:00"", ""input_hash"": ""59aabd1911fb8903a9c17e5045f344eba89fa4fd8f59ab3bc0e5b2b1279c8b63"", ""output_ref"": ""claim_bce0dc835b28a5c4"", ""parent_claim_id"": ""A00298_5"", ""reason_code"": null, ""stage"": ""CLAIM_SPLIT"", ""started_at"": ""2026-08-26T03:13:06.902987+00:00"", ""status"": ""PASS""}, {""attempt"": 1, ""child_claim_id"": ""claim_bce0dc835b28a5c4"", ""code_version"": ""admission-recovery-v3"", ""data_version"": ""claim-schema-v1"", ""finished_at"": ""2026-08-26T03:13:06.902987+00:00"", ""input_hash"": ""59aabd1911fb8903a9c17e5045f344eba89fa4fd8f59ab3bc0e5b2b1279c8b63"", ""output_ref"": ""claim_bce0dc835b28a5c4"", ""parent_claim_id"": ""A00298_5"", ""reason_code"": null, ""stage"": ""CLAIM_PARSE"", ""started_at"": ""2026-08-26T03:13:06.902987+00:00"", ""status"": ""PASS""}]"
A00298_5,2,claim_cd75986443ad870d,claim_ea09d2a2a179b29f,0.2%,우리나라 경제는 작년 1분기(1~3월) 성장률이 1.3%를 기록하며 ‘깜짝 성장’을 한 뒤 2분기(4~6월)에는 0.2% 뒷걸음질쳤다.,경제 성장률,0.2,%,2024년 2분기,분기,대한민국,우리나라 경제,null,"{""reference_period"": ""2024년 1분기"", ""reference_value"": ""1.3"", ""type"": ""QUARTER_OVER_QUARTER""}",GROWTH_RATE,"{""direction"": ""DECREASE""}",제공된 한국어 뉴스 문장,AUTO_OK,"목표 수치인 2024년 2분기 경제 성장률 0.2%가 명확하고, 직전 분기 1.3%와의 비교 및 감소 방향이 직접 제시됨",MULTI_CLAIM_SPLIT,KOSIS_PIPELINE_ELIGIBLE,HOLD,NO_EVIDENCE_COORDINATE_CANDIDATE,,N,UNDETERMINED,HOLD,NO_EVIDENCE_COORDINATE_CANDIDATE,N,,0,0,"{""canonical_name"": ""경제성장률"", ""concept_id"": ""C000014"", ""kosis_search_terms"": [], ""matched_alias"": ""경제성장률"", ""standard_key"": ""economic_growth_rate"", ""status"": ""MATCHED""}",[],[],"{""eligible_for_official_search"": true, ""entries"": [{""required"": true, ""slot"": ""indicator"", ""status"": ""SOURCE"", ""value"": ""경제 성장률""}, {""required"": true, ""slot"": ""value"", ""status"": ""SOURCE"", ""value"": 0.2}, {""required"": true, ""slot"": ""unit"", ""status"": ""SOURCE"", ""value"": ""%""}, {""required"": true, ""slot"": ""time"", ""status"": ""SOURCE"", ""value"": ""2024년 2분기""}, {""required"": false, ""slot"": ""frequency"", ""status"": ""SOURCE"", ""value"": ""분기""}, {""required"": false, ""slot"": ""region"", ""status"": ""SOURCE"", ""value"": ""대한민국""}, {""required"": false, ""slot"": ""population"", ""status"": ""SOURCE"", ""value"": ""우리나라 경제""}, {""required"": false, ""slot"": ""dimension"", ""status"": ""NOT_APPLICABLE"", ""value"": null}, {""required"": true, ""slot"": ""comparison"", ""status"": ""SOURCE"", ""value"": {""reference_period"": ""2024년 1분기"", ""reference_value"": ""1.3"", ""type"": ""QUARTER_OVER_QUARTER""}}, {""required"": true, ""slot"": ""calculation"", ""status"": ""SOURCE"", ""value"": ""GROWTH_RATE""}, {""required"": true, ""slot"": ""condition"", ""status"": ""SOURCE"", ""value"": {""direction"": ""DECREASE""}}, {""required"": false, ""slot"": ""source_hint"", ""status"": ""SOURCE"", ""value"": ""제공된 한국어 뉴스 문장""}], ""reason_codes"": []}","[{""attempt"": 1, ""child_claim_id"": ""claim_ea09d2a2a179b29f"", ""code_version"": ""admission-recovery-v3"", ""data_version"": ""claim-schema-v1"", ""finished_at"": ""2026-08-26T03:13:06.902987+00:00"", ""input_hash"": ""59aabd1911fb8903a9c17e5045f344eba89fa4fd8f59ab3bc0e5b2b1279c8b63"", ""output_ref"": ""claim_ea09d2a2a179b29f"", ""parent_claim_id"": ""A00298_5"", ""reason_code"": null, ""stage"": ""CLAIM_SPLIT"", ""started_at"": ""2026-08-26T03:13:06.902987+00:00"", ""status"": ""PASS""}, {""attempt"": 1, ""child_claim_id"": ""claim_ea09d2a2a179b29f"", ""code_version"": ""admission-recovery-v3"", ""data_version"": ""claim-schema-v1"", ""finished_at"": ""2026-08-26T03:13:06.902987+00:00"", ""input_hash"": ""59aabd1911fb8903a9c17e5045f344eba89fa4fd8f59ab3bc0e5b2b1279c8b63"", ""output_ref"": ""claim_ea09d2a2a179b29f"", ""parent_claim_id"": ""A00298_5"", ""reason_code"": null, ""stage"": ""CLAIM_PARSE"", ""started_at"": ""2026-08-26T03:13:06.902987+00:00"", ""status"": ""PASS""}]"
A00353_3,1,claim_b256cf2d4da2d9f2,claim_d8aab055599de580,6만2520대,28일 한국수입자동차협회(KAIDA)에 따르면 작년 1~12월 1억원이 넘는 수입차는 총 6만2520대가 판매됐다.,수입차 판매 대수,62520.0,대,2024,연간,한국,수입차,"{""가격"": ""1억원 초과""}",null,DIRECT_VALUE,null,한국수입자동차협회(KAIDA),AUTO_OK,,MULTI_CLAIM_SPLIT,KOSIS_PIPELINE_ELIGIBLE,HOLD,NO_HARD_GUARD_CANDIDATE,,N,UNDETERMINED,HOLD,NO_HARD_GUARD_CANDIDATE,N,,0,0,"{""canonical_name"": ""수입차 판매 대수"", ""concept_id"": ""OBSERVED:7f35b4d46edba02e"", ""kosis_search_terms"": [""수입차 판매 대수""], ""matched_alias"": ""수입차 판매 대수"", ""standard_key"": ""observed_indicator_7f35b4d46edba02e"", ""status"": ""MATCHED""}",[],[],"{""eligible_for_official_search"": true, ""entries"": [{""required"": true, ""slot"": ""indicator"", ""status"": ""SOURCE"", ""value"": ""수입차 판매 대수""}, {""required"": true, ""slot"": ""value"", ""status"": ""SOURCE"", ""value"": 62520.0}, {""required"": true, ""slot"": ""unit"", ""status"": ""SOURCE"", ""value"": ""대""}, {""required"": true, ""slot"": ""time"", ""status"": ""SOURCE"", ""value"": ""2024""}, {""required"": false, ""slot"": ""frequency"", ""status"": ""SOURCE"", ""value"": ""연간""}, {""required"": false, ""slot"": ""region"", ""status"": ""SOURCE"", ""value"": ""한국""}, {""required"": false, ""slot"": ""population"", ""status"": ""SOURCE"", ""value"": ""수입차""}, {""required"": false, ""slot"": ""dimension"", ""status"": ""SOURCE"", ""value"": {""가격"": ""1억원 초과""}}, {""required"": false, ""slot"": ""comparison"", ""status"": ""NOT_APPLICABLE"", ""value"": null}, {""required"": true, ""slot"": ""calculation"", ""status"": ""SOURCE"", ""value"": ""DIRECT_VALUE""}, {""required"": false, ""slot"": ""condition"", ""status"": ""NOT_APPLICABLE"", ""value"": null}, {""required"": false, ""slot"": ""source_hint"", ""status"": ""SOURCE"", ""value"": ""한국수입자동차협회(KAIDA)""}], ""reason_codes"": []}","[{""attempt"": 1, ""child_claim_id"": ""claim_d8aab055599de580"", ""code_version"": ""admission-recovery-v3"", ""data_version"": ""claim-schema-v1"", ""finished_at"": ""2026-08-26T03:13:32.723200+00:00"", ""input_hash"": ""39396c5b1ca49cfc27f88cf4809408d755068d486c5f6e4b2814b5dfde00df99"", ""output_ref"": ""claim_d8aab055599de580"", ""parent_claim_id"": ""A00353_3"", ""reason_code"": null, ""stage"": ""CLAIM_SPLIT"", ""started_at"": ""2026-08-26T03:13:32.723200+00:00"", ""status"": ""PASS""}, {""attempt"": 1, ""child_claim_id"": ""claim_d8aab055599de580"", ""code_version"": ""admission-recovery-v3"", ""data_version"": ""claim-schema-v1"", ""finished_at"": ""2026-08-26T03:13:32.723200+00:00"", ""input_hash"": ""39396c5b1ca49cfc27f88cf4809408d755068d486c5f6e4b2814b5dfde00df99"", ""output_ref"": ""claim_d8aab055599de580"", ""parent_claim_id"": ""A00353_3"", ""reason_code"": null, ""stage"": ""CLAIM_PARSE"", ""started_at"": ""2026-08-26T03:13:32.723200+00:00"", ""status"": ""PASS""}]"
A00922_28,1,claim_f689f1f34198c03e,claim_dc344519cf343d6e,5만2000명,"월간 취업자 수는 지난해 12월 5만2000명 줄었다가, 올해 들어서는 1월(13만5000명)과 2월 두 달 연속 증가했다.",월간 취업자 수 증감,52000.0,명,2024년 12월,월,,취업자,null,null,DIRECT_VALUE,"{""direction"": ""DECREASE""}",,AUTO_OK,,MULTI_CLAIM_SPLIT,KOSIS_PIPELINE_ELIGIBLE,HOLD,NO_HARD_GUARD_CANDIDATE,,N,UNDETERMINED,HOLD,NO_HARD_GUARD_CANDIDATE,N,,0,0,"{""canonical_name"": ""월간 취업자 수 증감"", ""concept_id"": ""OBSERVED:12eda24f4b7438e0"", ""kosis_search_terms"": [""월간 취업자 수 증감""], ""matched_alias"": ""월간 취업자 수 증감"", ""standard_key"": ""observed_indicator_12eda24f4b7438e0"", ""status"": ""MATCHED""}",[],[],"{""eligible_for_official_search"": true, ""entries"": [{""required"": true, ""slot"": ""indicator"", ""status"": ""SOURCE"", ""value"": ""월간 취업자 수 증감""}, {""required"": true, ""slot"": ""value"", ""status"": ""SOURCE"", ""value"": 52000.0}, {""required"": true, ""slot"": ""unit"", ""status"": ""SOURCE"", ""value"": ""명""}, {""required"": true, ""slot"": ""time"", ""status"": ""SOURCE"", ""value"": ""2024년 12월""}, {""required"": false, ""slot"": ""frequency"", ""status"": ""SOURCE"", ""value"": ""월""}, {""required"": false, ""slot"": ""region"", ""status"": ""NOT_APPLICABLE"", ""value"": null}, {""required"": false, ""slot"": ""population"", ""status"": ""SOURCE"", ""value"": ""취업자""}, {""required"": false, ""slot"": ""dimension"", ""status"": ""NOT_APPLICABLE"", ""value"": null}, {""required"": false, ""slot"": ""comparison"", ""status"": ""NOT_APPLICABLE"", ""value"": null}, {""required"": true, ""slot"": ""calculation"", ""status"": ""SOURCE"", ""value"": ""DIRECT_VALUE""}, {""required"": false, ""slot"": ""condition"", ""status"": ""SOURCE"", ""value"": {""direction"": ""DECREASE""}}, {""required"": false, ""slot"": ""source_hint"", ""status"": ""NOT_APPLICABLE"", ""value"": null}], ""reason_codes"": []}","[{""attempt"": 1, ""child_claim_id"": ""claim_dc344519cf343d6e"", ""code_version"": ""admission-recovery-v3"", ""data_version"": ""claim-schema-v1"", ""finished_at"": ""2026-08-26T03:13:56.944155+00:00"", ""input_hash"": ""1b118257fcf39461f6436cb1c079a6b2bf6bd4bdc8aafb2f2bc0e47bfdfcc8a7"", ""output_ref"": ""claim_dc344519cf343d6e"", ""parent_claim_id"": ""A00922_28"", ""reason_code"": null, ""stage"": ""CLAIM_SPLIT"", ""started_at"": ""2026-08-26T03:13:56.944155+00:00"", ""status"": ""PASS""}, {""attempt"": 1, ""child_claim_id"": ""claim_dc344519cf343d6e"", ""code_version"": ""admission-recovery-v3"", ""data_version"": ""claim-schema-v1"", ""finished_at"": ""2026-08-26T03:13:56.944155+00:00"", ""input_hash"": ""1b118257fcf39461f6436cb1c079a6b2bf6bd4bdc8aafb2f2bc0e47bfdfcc8a7"", ""output_ref"": ""claim_dc344519cf343d6e"", ""parent_claim_id"": ""A00922_28"", ""reason_code"": null, ""stage"": ""CLAIM_PARSE"", ""started_at"": ""2026-08-26T03:13:56.944155+00:00"", ""status"": ""PASS""}]"
A00922_28,2,claim_96614fe09c5bf982,claim_4bf480e26b5a299b,13만5000명,"월간 취업자 수는 지난해 12월 5만2000명 줄었다가, 올해 들어서는 1월(13만5000명)과 2월 두 달 연속 증가했다.",월간 취업자 수 증감,135000.0,명,2025년 1월,월,대한민국,취업자,null,"{""operand_source"": ""OFFICIAL_EVIDENCE"", ""reference_period"": ""2024-12"", ""reference_value"": ""-52000"", ""type"": ""MONTH_OVER_MONTH""}",DIFFERENCE,"{""direction"": ""INCREASE""}",,AUTO_OK,올해 1월 월간 취업자 수가 13만5000명 증가했다는 단일 목표 수치를 명확히 추출할 수 있음,MULTI_CLAIM_SPLIT,KOSIS_PIPELINE_ELIGIBLE,HOLD,NO_HARD_GUARD_CANDIDATE,,N,UNDETERMINED,HOLD,NO_HARD_GUARD_CANDIDATE,N,,0,0,"{""canonical_name"": ""월간 취업자 수 증감"", ""concept_id"": ""OBSERVED:12eda24f4b7438e0"", ""kosis_search_terms"": [""월간 취업자 수 증감""], ""matched_alias"": ""월간 취업자 수 증감"", ""standard_key"": ""observed_indicator_12eda24f4b7438e0"", ""status"": ""MATCHED""}",[],[],"{""eligible_for_official_search"": true, ""entries"": [{""required"": true, ""slot"": ""indicator"", ""status"": ""SOURCE"", ""value"": ""월간 취업자 수 증감""}, {""required"": true, ""slot"": ""value"", ""status"": ""SOURCE"", ""value"": 135000.0}, {""required"": true, ""slot"": ""unit"", ""status"": ""SOURCE"", ""value"": ""명""}, {""required"": true, ""slot"": ""time"", ""status"": ""SOURCE"", ""value"": ""2025년 1월""}, {""required"": false, ""slot"": ""frequency"", ""status"": ""SOURCE"", ""value"": ""월""}, {""required"": false, ""slot"": ""region"", ""status"": ""SOURCE"", ""value"": ""대한민국""}, {""required"": false, ""slot"": ""population"", ""status"": ""SOURCE"", ""value"": ""취업자""}, {""required"": false, ""slot"": ""dimension"", ""status"": ""NOT_APPLICABLE"", ""value"": null}, {""required"": true, ""slot"": ""comparison"", ""status"": ""SOURCE"", ""value"": {""operand_source"": ""OFFICIAL_EVIDENCE"", ""reference_period"": ""2024-12"", ""reference_value"": ""-52000"", ""type"": ""MONTH_OVER_MONTH""}}, {""required"": true, ""slot"": ""calculation"", ""status"": ""SOURCE"", ""value"": ""DIFFERENCE""}, {""required"": true, ""slot"": ""condition"", ""status"": ""SOURCE"", ""value"": {""direction"": ""INCREASE""}}, {""required"": false, ""slot"": ""source_hint"", ""status"": ""NOT_APPLICABLE"", ""value"": null}], ""reason_codes"": []}","[{""attempt"": 1, ""child_claim_id"": ""claim_4bf480e26b5a299b"", ""code_version"": ""admission-recovery-v3"", ""data_version"": ""claim-schema-v1"", ""finished_at"": ""2026-08-26T03:13:56.945153+00:00"", ""input_hash"": ""1b118257fcf39461f6436cb1c079a6b2bf6bd4bdc8aafb2f2bc0e47bfdfcc8a7"", ""output_ref"": ""claim_4bf480e26b5a299b"", ""parent_claim_id"": ""A00922_28"", ""reason_code"": null, ""stage"": ""CLAIM_SPLIT"", ""started_at"": ""2026-08-26T03:13:56.945153+00:00"", ""status"": ""PASS""}, {""attempt"": 1, ""child_claim_id"": ""claim_4bf480e26b5a299b"", ""code_version"": ""admission-recovery-v3"", ""data_version"": ""claim-schema-v1"", ""finished_at"": ""2026-08-26T03:13:56.945153+00:00"", ""input_hash"": ""1b118257fcf39461f6436cb1c079a6b2bf6bd4bdc8aafb2f2bc0e47bfdfcc8a7"", ""output_ref"": ""claim_4bf480e26b5a299b"", ""parent_claim_id"": ""A00922_28"", ""reason_code"": null, ""stage"": ""CLAIM_PARSE"", ""started_at"": ""2026-08-26T03:13:56.945153+00:00"", ""status"": ""PASS""}]"
A01190_5,1,claim_8553de442b750f6e,claim_9075cfd6004047ac,2%,"소비자물가는 작년 9월(1.6%)부터 12월(1.9%)까지 4개월간 1%대를 유지하다가, 올해 들어 지난 1월(2.2%)과 2월(2%)에 이어 세 달 연속으로 2%대를 기록했다.",소비자물가,2.0,%,2025년 3월,월,,,null,"{""reference_period"": ""올해 1월·2월"", ""reference_values"": ""2.2%·2%"", ""type"": ""CONSECUTIVE_PERIODS""}",DIRECT_VALUE,"{""consecutive_months"": ""3"", ""range"": ""2%대""}",,AUTO_OK,"올해 3월 소비자물가가 2%대를 기록했다는 하나의 명확한 월간 수치 주장으로, 1월과 2월 수치는 연속 기록의 비교 맥락이다.",MULTI_CLAIM_SPLIT,KOSIS_PIPELINE_ELIGIBLE,HOLD,NO_EVIDENCE_COORDINATE_CANDIDATE,,Y,UNDETERMINED,HOLD,NO_EVIDENCE_COORDINATE_CANDIDATE,N,,0,0,"{""canonical_name"": ""소비자물가"", ""concept_id"": ""C000025"", ""kosis_search_terms"": [], ""matched_alias"": ""소비자물가"", ""standard_key"": ""consumer_price"", ""status"": ""MATCHED""}",[],[],"{""eligible_for_official_search"": true, ""entries"": [{""required"": true, ""slot"": ""indicator"", ""status"": ""SOURCE"", ""value"": ""소비자물가""}, {""required"": true, ""slot"": ""value"", ""status"": ""SOURCE"", ""value"": 2.0}, {""required"": true, ""slot"": ""unit"", ""status"": ""SOURCE"", ""value"": ""%""}, {""required"": true, ""slot"": ""time"", ""status"": ""SOURCE"", ""value"": ""2025년 3월""}, {""required"": false, ""slot"": ""frequency"", ""status"": ""SOURCE"", ""value"": ""월""}, {""required"": false, ""slot"": ""region"", ""status"": ""NOT_APPLICABLE"", ""value"": null}, {""required"": false, ""slot"": ""population"", ""status"": ""NOT_APPLICABLE"", ""value"": null}, {""required"": false, ""slot"": ""dimension"", ""status"": ""NOT_APPLICABLE"", ""value"": null}, {""required"": false, ""slot"": ""comparison"", ""status"": ""SOURCE"", ""value"": {""reference_period"": ""올해 1월·2월"", ""reference_values"": ""2.2%·2%"", ""type"": ""CONSECUTIVE_PERIODS""}}, {""required"": true, ""slot"": ""calculation"", ""status"": ""SOURCE"", ""value"": ""DIRECT_VALUE""}, {""required"": false, ""slot"": ""condition"", ""status"": ""SOURCE"", ""value"": {""consecutive_months"": ""3"", ""range"": ""2%대""}}, {""required"": false, ""slot"": ""source_hint"", ""status"": ""NOT_APPLICABLE"", ""value"": null}], ""reason_codes"": []}","[{""attempt"": 1, ""child_claim_id"": ""claim_9075cfd6004047ac"", ""code_version"": ""admission-recovery-v3"", ""data_version"": ""claim-schema-v1"", ""finished_at"": ""2026-08-26T03:35:33.917294+00:00"", ""input_hash"": ""0a111ebc77f24b690235c4e484937b8063666f4e9cde5bc0b62891c9988c4462"", ""output_ref"": ""claim_9075cfd6004047ac"", ""parent_claim_id"": ""A01190_5"", ""reason_code"": null, ""stage"": ""CLAIM_SPLIT"", ""started_at"": ""2026-08-26T03:35:33.917294+00:00"", ""status"": ""PASS""}, {""attempt"": 1, ""child_claim_id"": ""claim_9075cfd6004047ac"", ""code_version"": ""admission-recovery-v3"", ""data_version"": ""claim-schema-v1"", ""finished_at"": ""2026-08-26T03:35:33.917294+00:00"", ""input_hash"": ""0a111ebc77f24b690235c4e484937b8063666f4e9cde5bc0b62891c9988c4462"", ""output_ref"": ""claim_9075cfd6004047ac"", ""parent_claim_id"": ""A01190_5"", ""reason_code"": null, ""stage"": ""CLAIM_PARSE"", ""started_at"": ""2026-08-26T03:35:33.917294+00:00"", ""status"": ""PASS""}]"
A01359_1,1,claim_9fbee7dde0b5465f,claim_d0d843a4ef0e013b,3만명,"0 올해 1분기(1~3월) 25~34세 청년층 취업자 수가 3만명 넘게 감소하며, 지난 2021년 1분기에 5만4000명 줄어든 이후 4년 만에 감소세로 전환했다.",취업자 수,30000.0,명,2025년 1분기,분기,,청년층,"{""age"": ""25~34세""}","{""comparison_context"": ""2021년 1분기 이후 4년 만에 감소세 전환"", ""reference_period"": ""2021년 1분기"", ""reference_value"": ""54000""}",THRESHOLD,"{""direction"": ""DECREASE"", ""operator"": ""GT"", ""threshold_unit"": ""명"", ""threshold_value"": ""30000""}",,AUTO_OK,,MULTI_CLAIM_SPLIT,KOSIS_PIPELINE_ELIGIBLE,HOLD,NO_HARD_GUARD_CANDIDATE,,N,UNDETERMINED,HOLD,NO_HARD_GUARD_CANDIDATE,N,,0,0,"{""canonical_name"": ""취업자 수"", ""concept_id"": ""C000008"", ""kosis_search_terms"": [], ""matched_alias"": ""취업자 수"", ""standard_key"": ""employment_count"", ""status"": ""MATCHED""}",[],[],"{""eligible_for_official_search"": true, ""entries"": [{""required"": true, ""slot"": ""indicator"", ""status"": ""SOURCE"", ""value"": ""취업자 수""}, {""required"": true, ""slot"": ""value"", ""status"": ""SOURCE"", ""value"": 30000.0}, {""required"": true, ""slot"": ""unit"", ""status"": ""SOURCE"", ""value"": ""명""}, {""required"": true, ""slot"": ""time"", ""status"": ""SOURCE"", ""value"": ""2025년 1분기""}, {""required"": false, ""slot"": ""frequency"", ""status"": ""SOURCE"", ""value"": ""분기""}, {""required"": false, ""slot"": ""region"", ""status"": ""NOT_APPLICABLE"", ""value"": null}, {""required"": false, ""slot"": ""population"", ""status"": ""SOURCE"", ""value"": ""청년층""}, {""required"": false, ""slot"": ""dimension"", ""status"": ""SOURCE"", ""value"": {""age"": ""25~34세""}}, {""required"": false, ""slot"": ""comparison"", ""status"": ""SOURCE"", ""value"": {""comparison_context"": ""2021년 1분기 이후 4년 만에 감소세 전환"", ""reference_period"": ""2021년 1분기"", ""reference_value"": ""54000""}}, {""required"": true, ""slot"": ""calculation"", ""status"": ""SOURCE"", ""value"": ""THRESHOLD""}, {""required"": true, ""slot"": ""condition"", ""status"": ""SOURCE"", ""value"": {""direction"": ""DECREASE"", ""operator"": ""GT"", ""threshold_unit"": ""명"", ""threshold_value"": ""30000""}}, {""required"": false, ""slot"": ""source_hint"", ""status"": ""NOT_APPLICABLE"", ""value"": null}], ""reason_codes"": []}","[{""attempt"": 1, ""child_claim_id"": ""claim_d0d843a4ef0e013b"", ""code_version"": ""admission-recovery-v3"", ""data_version"": ""claim-schema-v1"", ""finished_at"": ""2026-08-26T03:15:00.645815+00:00"", ""input_hash"": ""df86134bb31fbddb3f463addd86eb40c79bd043808d5bfcf3398a39be2db8288"", ""output_ref"": ""claim_d0d843a4ef0e013b"", ""parent_claim_id"": ""A01359_1"", ""reason_code"": null, ""stage"": ""CLAIM_SPLIT"", ""started_at"": ""2026-08-26T03:15:00.645815+00:00"", ""status"": ""PASS""}, {""attempt"": 1, ""child_claim_id"": ""claim_d0d843a4ef0e013b"", ""code_version"": ""admission-recovery-v3"", ""data_version"": ""claim-schema-v1"", ""finished_at"": ""2026-08-26T03:15:00.645815+00:00"", ""input_hash"": ""df86134bb31fbddb3f463addd86eb40c79bd043808d5bfcf3398a39be2db8288"", ""output_ref"": ""claim_d0d843a4ef0e013b"", ""parent_claim_id"": ""A01359_1"", ""reason_code"": null, ""stage"": ""CLAIM_PARSE"", ""started_at"": ""2026-08-26T03:15:00.645815+00:00"", ""status"": ""PASS""}]"
A01438_11,1,claim_dfd74ad18e3b6387,claim_cbb98fe0e6215f38,2%,"2008년 금융 위기 때나 2020년 코로나 위기 때도 2개 분기 연속으로 0.1%를 밑도는 성장률을 기록해도, 세 번째 분기에는 곧바로 1~2% 성장하는 회복력을 보여줬다.",경제 성장률,2.0,%,세 번째 분기,분기,,,"{""위기"": ""2008년 금융 위기 또는 2020년 코로나 위기""}","{""reference_period"": ""직전 2개 분기 연속"", ""reference_unit"": ""%"", ""reference_value"": ""0.1""}",GROWTH_RATE,"{""direction"": ""INCREASE"", ""prior_condition"": ""직전 2개 분기 성장률이 각각 0.1% 미만""}",,HOLD,"세 번째 분기의 성장률이 1~2% 범위로 제시되어 단일 수치 2%로 확정할 수 없고, 성장률 비교 기준(전년·전분기·전분기 등)이 명시되지 않았습니다.",MULTI_CLAIM_SPLIT,STRUCTURAL_HOLD,HUMAN_REVIEW,"세 번째 분기의 성장률이 1~2% 범위로 제시되어 단일 수치 2%로 확정할 수 없고, 성장률 비교 기준(전년·전분기·전분기 등)이 명시되지 않았습니다.",,N,,,,N,,0,0,null,[],[],"{""eligible_for_official_search"": true, ""entries"": [{""required"": true, ""slot"": ""indicator"", ""status"": ""SOURCE"", ""value"": ""경제 성장률""}, {""required"": true, ""slot"": ""value"", ""status"": ""SOURCE"", ""value"": 2.0}, {""required"": true, ""slot"": ""unit"", ""status"": ""SOURCE"", ""value"": ""%""}, {""required"": true, ""slot"": ""time"", ""status"": ""SOURCE"", ""value"": ""세 번째 분기""}, {""required"": false, ""slot"": ""frequency"", ""status"": ""SOURCE"", ""value"": ""분기""}, {""required"": false, ""slot"": ""region"", ""status"": ""NOT_APPLICABLE"", ""value"": null}, {""required"": false, ""slot"": ""population"", ""status"": ""NOT_APPLICABLE"", ""value"": null}, {""required"": false, ""slot"": ""dimension"", ""status"": ""SOURCE"", ""value"": {""위기"": ""2008년 금융 위기 또는 2020년 코로나 위기""}}, {""required"": true, ""slot"": ""comparison"", ""status"": ""SOURCE"", ""value"": {""reference_period"": ""직전 2개 분기 연속"", ""reference_unit"": ""%"", ""reference_value"": ""0.1""}}, {""required"": true, ""slot"": ""calculation"", ""status"": ""SOURCE"", ""value"": ""GROWTH_RATE""}, {""required"": true, ""slot"": ""condition"", ""status"": ""SOURCE"", ""value"": {""direction"": ""INCREASE"", ""prior_condition"": ""직전 2개 분기 성장률이 각각 0.1% 미만""}}, {""required"": false, ""slot"": ""source_hint"", ""status"": ""NOT_APPLICABLE"", ""value"": null}], ""reason_codes"": []}","[{""attempt"": 1, ""child_claim_id"": ""claim_cbb98fe0e6215f38"", ""code_version"": ""admission-recovery-v3"", ""data_version"": ""claim-schema-v1"", ""finished_at"": ""2026-08-26T03:15:13.286813+00:00"", ""input_hash"": ""bc851cb98fc373b5232e7f0b08173a6a588abd6fb76fa72a59b8c1b402d861ed"", ""output_ref"": ""claim_cbb98fe0e6215f38"", ""parent_claim_id"": ""A01438_11"", ""reason_code"": null, ""stage"": ""CLAIM_SPLIT"", ""started_at"": ""2026-08-26T03:15:13.286813+00:00"", ""status"": ""PASS""}, {""attempt"": 1, ""child_claim_id"": ""claim_cbb98fe0e6215f38"", ""code_version"": ""admission-recovery-v3"", ""data_version"": ""claim-schema-v1"", ""finished_at"": ""2026-08-26T03:15:13.286813+00:00"", ""input_hash"": ""bc851cb98fc373b5232e7f0b08173a6a588abd6fb76fa72a59b8c1b402d861ed"", ""output_ref"": ""claim_cbb98fe0e6215f38"", ""parent_claim_id"": ""A01438_11"", ""reason_code"": ""세 번째 분기의 성장률이 1~2% 범위로 제시되어 단일 수치 2%로 확정할 수 없고, 성장률 비교 기준(전년·전분기·전분기 등)이 명시되지 않았습니다."", ""stage"": ""CLAIM_PARSE"", ""started_at"": ""2026-08-26T03:15:13.286813+00:00"", ""status"": ""HUMAN_REVIEW""}]"
A01480_8,1,claim_ec3f120db14ef8f3,claim_1616eebaef5f61a5,0.1%,"2008년 금융 위기 때나 2020년 코로나 위기 때도 2개 분기 연속으로 0.1%를 하회하는 성장률을 기록했지만, 세 번째 분기에는 곧바로 1~2% 성장했었다.",성장률,0.1,%,2008년 금융 위기 및 2020년 코로나 위기,분기,,,null,"{""reference_period"": ""세 번째 분기"", ""reference_value"": ""1~2%""}",THRESHOLD,"{""consecutive_periods"": ""2"", ""operator"": ""LT"", ""threshold_unit"": ""%"", ""threshold_value"": ""0.1""}",,HOLD,"두 위기 시점에 대한 복수의 사례와 ‘2개 분기 연속 0.1% 미만’ 및 이후 ‘1~2% 성장’이라는 별도의 수치 주장이 함께 있어 단일 수치 주장으로 확정하기 어렵고, 비교값도 범위로 제시됨",MULTI_CLAIM_SPLIT,STRUCTURAL_HOLD,HUMAN_REVIEW,"두 위기 시점에 대한 복수의 사례와 ‘2개 분기 연속 0.1% 미만’ 및 이후 ‘1~2% 성장’이라는 별도의 수치 주장이 함께 있어 단일 수치 주장으로 확정하기 어렵고, 비교값도 범위로 제시됨",,Y,,,,N,,0,0,null,[],[],"{""eligible_for_official_search"": true, ""entries"": [{""required"": true, ""slot"": ""indicator"", ""status"": ""SOURCE"", ""value"": ""성장률""}, {""required"": true, ""slot"": ""value"", ""status"": ""SOURCE"", ""value"": 0.1}, {""required"": true, ""slot"": ""unit"", ""status"": ""SOURCE"", ""value"": ""%""}, {""required"": true, ""slot"": ""time"", ""status"": ""SOURCE"", ""value"": ""2008년 금융 위기 및 2020년 코로나 위기""}, {""required"": false, ""slot"": ""frequency"", ""status"": ""SOURCE"", ""value"": ""분기""}, {""required"": false, ""slot"": ""region"", ""status"": ""NOT_APPLICABLE"", ""value"": null}, {""required"": false, ""slot"": ""population"", ""status"": ""NOT_APPLICABLE"", ""value"": null}, {""required"": false, ""slot"": ""dimension"", ""status"": ""NOT_APPLICABLE"", ""value"": null}, {""required"": false, ""slot"": ""comparison"", ""status"": ""SOURCE"", ""value"": {""reference_period"": ""세 번째 분기"", ""reference_value"": ""1~2%""}}, {""required"": true, ""slot"": ""calculation"", ""status"": ""SOURCE"", ""value"": ""THRESHOLD""}, {""required"": true, ""slot"": ""condition"", ""status"": ""SOURCE"", ""value"": {""consecutive_periods"": ""2"", ""operator"": ""LT"", ""threshold_unit"": ""%"", ""threshold_value"": ""0.1""}}, {""required"": false, ""slot"": ""source_hint"", ""status"": ""NOT_APPLICABLE"", ""value"": null}], ""reason_codes"": []}","[{""attempt"": 1, ""child_claim_id"": ""claim_1616eebaef5f61a5"", ""code_version"": ""admission-recovery-v3"", ""data_version"": ""claim-schema-v1"", ""finished_at"": ""2026-08-26T03:35:46.074077+00:00"", ""input_hash"": ""3b87c153adbb962c3956a65e3429c2ec69776cf2fd42b08a6633cf6cc0dfa420"", ""output_ref"": ""claim_1616eebaef5f61a5"", ""parent_claim_id"": ""A01480_8"", ""reason_code"": null, ""stage"": ""CLAIM_SPLIT"", ""started_at"": ""2026-08-26T03:35:46.074077+00:00"", ""status"": ""PASS""}, {""attempt"": 1, ""child_claim_id"": ""claim_1616eebaef5f61a5"", ""code_version"": ""admission-recovery-v3"", ""data_version"": ""claim-schema-v1"", ""finished_at"": ""2026-08-26T03:35:46.074077+00:00"", ""input_hash"": ""3b87c153adbb962c3956a65e3429c2ec69776cf2fd42b08a6633cf6cc0dfa420"", ""output_ref"": ""claim_1616eebaef5f61a5"", ""parent_claim_id"": ""A01480_8"", ""reason_code"": ""두 위기 시점에 대한 복수의 사례와 ‘2개 분기 연속 0.1% 미만’ 및 이후 ‘1~2% 성장’이라는 별도의 수치 주장이 함께 있어 단일 수치 주장으로 확정하기 어렵고, 비교값도 범위로 제시됨"", ""stage"": ""CLAIM_PARSE"", ""started_at"": ""2026-08-26T03:35:46.074077+00:00"", ""status"": ""HUMAN_REVIEW""}]"
A01496_11,1,claim_1a7a957778710217,claim_a1d5e6cb1fdf1d15,-0.2%,"한국은행은 올해 1분기(1~3월) 경제성장률이 전 분기 대비 -0.2%... 이창용 한은 총재, ""추경 12조, 성장률 0.1%포인트 높일 것...올해 성장률 상당히 낮아질 가능성"" 이창용 한국은행 총재는 17일 “추가경정예산(추경)을 12조원 규모로 집행하면 성장률을 0.1%포인트 높이는 효과가 있을 것”이라고 했다.",경제성장률,-0.2,%,2025년 1분기,분기,대한민국,,null,"{""reference_period"": ""전 분기"", ""type"": ""QUARTER_OVER_QUARTER""}",GROWTH_RATE,"{""direction"": ""DECREASE""}",한국은행,AUTO_OK,,MULTI_CLAIM_SPLIT,KOSIS_PIPELINE_ELIGIBLE,HOLD,NO_EVIDENCE_COORDINATE_CANDIDATE,,N,UNDETERMINED,HOLD,NO_EVIDENCE_COORDINATE_CANDIDATE,N,,0,0,"{""canonical_name"": ""경제성장률"", ""concept_id"": ""C000014"", ""kosis_search_terms"": [], ""matched_alias"": ""경제성장률"", ""standard_key"": ""economic_growth_rate"", ""status"": ""MATCHED""}",[],[],"{""eligible_for_official_search"": true, ""entries"": [{""required"": true, ""slot"": ""indicator"", ""status"": ""SOURCE"", ""value"": ""경제성장률""}, {""required"": true, ""slot"": ""value"", ""status"": ""SOURCE"", ""value"": -0.2}, {""required"": true, ""slot"": ""unit"", ""status"": ""SOURCE"", ""value"": ""%""}, {""required"": true, ""slot"": ""time"", ""status"": ""SOURCE"", ""value"": ""2025년 1분기""}, {""required"": false, ""slot"": ""frequency"", ""status"": ""SOURCE"", ""value"": ""분기""}, {""required"": false, ""slot"": ""region"", ""status"": ""SOURCE"", ""value"": ""대한민국""}, {""required"": false, ""slot"": ""population"", ""status"": ""NOT_APPLICABLE"", ""value"": null}, {""required"": false, ""slot"": ""dimension"", ""status"": ""NOT_APPLICABLE"", ""value"": null}, {""required"": true, ""slot"": ""comparison"", ""status"": ""SOURCE"", ""value"": {""reference_period"": ""전 분기"", ""type"": ""QUARTER_OVER_QUARTER""}}, {""required"": true, ""slot"": ""calculation"", ""status"": ""SOURCE"", ""value"": ""GROWTH_RATE""}, {""required"": true, ""slot"": ""condition"", ""status"": ""SOURCE"", ""value"": {""direction"": ""DECREASE""}}, {""required"": false, ""slot"": ""source_hint"", ""status"": ""SOURCE"", ""value"": ""한국은행""}], ""reason_codes"": []}","[{""attempt"": 1, ""child_claim_id"": ""claim_a1d5e6cb1fdf1d15"", ""code_version"": ""admission-recovery-v3"", ""data_version"": ""claim-schema-v1"", ""finished_at"": ""2026-08-26T03:15:49.101433+00:00"", ""input_hash"": ""333997cec3bf65979762b126fa8864501cb50ccfc91ee30287c8f0e27792e6d1"", ""output_ref"": ""claim_a1d5e6cb1fdf1d15"", ""parent_claim_id"": ""A01496_11"", ""reason_code"": null, ""stage"": ""CLAIM_SPLIT"", ""started_at"": ""2026-08-26T03:15:49.101433+00:00"", ""status"": ""PASS""}, {""attempt"": 1, ""child_claim_id"": ""claim_a1d5e6cb1fdf1d15"", ""code_version"": ""admission-recovery-v3"", ""data_version"": ""claim-schema-v1"", ""finished_at"": ""2026-08-26T03:15:49.101433+00:00"", ""input_hash"": ""333997cec3bf65979762b126fa8864501cb50ccfc91ee30287c8f0e27792e6d1"", ""output_ref"": ""claim_a1d5e6cb1fdf1d15"", ""parent_claim_id"": ""A01496_11"", ""reason_code"": null, ""stage"": ""CLAIM_PARSE"", ""started_at"": ""2026-08-26T03:15:49.101433+00:00"", ""status"": ""PASS""}]"
A01496_11,2,claim_89a0c41df55aaf39,claim_62060329cf8c15da,0.1%포인트,"한국은행은 올해 1분기(1~3월) 경제성장률이 전 분기 대비 -0.2%... 이창용 한은 총재, ""추경 12조, 성장률 0.1%포인트 높일 것...올해 성장률 상당히 낮아질 가능성"" 이창용 한국은행 총재는 17일 “추가경정예산(추경)을 12조원 규모로 집행하면 성장률을 0.1%포인트 높이는 효과가 있을 것”이라고 했다.",경제성장률,0.1,%포인트,2025년,년,한국,,"{""정책"": ""추가경정예산"", ""추경규모"": ""12조원""}",null,DIRECT_VALUE,"{""direction"": ""INCREASE""}",한국은행,AUTO_OK,추경 12조원 집행 시 올해 성장률을 0.1%포인트 높이는 효과라는 단일 수치 주장,MULTI_CLAIM_SPLIT,KOSIS_PIPELINE_ELIGIBLE,HOLD,NO_HARD_GUARD_CANDIDATE,,N,UNDETERMINED,HOLD,NO_HARD_GUARD_CANDIDATE,N,,0,0,"{""canonical_name"": ""경제성장률"", ""concept_id"": ""C000014"", ""kosis_search_terms"": [], ""matched_alias"": ""경제성장률"", ""standard_key"": ""economic_growth_rate"", ""status"": ""MATCHED""}",[],[],"{""eligible_for_official_search"": true, ""entries"": [{""required"": true, ""slot"": ""indicator"", ""status"": ""SOURCE"", ""value"": ""경제성장률""}, {""required"": true, ""slot"": ""value"", ""status"": ""SOURCE"", ""value"": 0.1}, {""required"": true, ""slot"": ""unit"", ""status"": ""SOURCE"", ""value"": ""%포인트""}, {""required"": true, ""slot"": ""time"", ""status"": ""SOURCE"", ""value"": ""2025년""}, {""required"": false, ""slot"": ""frequency"", ""status"": ""SOURCE"", ""value"": ""년""}, {""required"": false, ""slot"": ""region"", ""status"": ""SOURCE"", ""value"": ""한국""}, {""required"": false, ""slot"": ""population"", ""status"": ""NOT_APPLICABLE"", ""value"": null}, {""required"": false, ""slot"": ""dimension"", ""status"": ""SOURCE"", ""value"": {""정책"": ""추가경정예산"", ""추경규모"": ""12조원""}}, {""required"": false, ""slot"": ""comparison"", ""status"": ""NOT_APPLICABLE"", ""value"": null}, {""required"": true, ""slot"": ""calculation"", ""status"": ""SOURCE"", ""value"": ""DIRECT_VALUE""}, {""required"": false, ""slot"": ""condition"", ""status"": ""SOURCE"", ""value"": {""direction"": ""INCREASE""}}, {""required"": false, ""slot"": ""source_hint"", ""status"": ""SOURCE"", ""value"": ""한국은행""}], ""reason_codes"": []}","[{""attempt"": 1, ""child_claim_id"": ""claim_62060329cf8c15da"", ""code_version"": ""admission-recovery-v3"", ""data_version"": ""claim-schema-v1"", ""finished_at"": ""2026-08-26T03:15:49.101433+00:00"", ""input_hash"": ""333997cec3bf65979762b126fa8864501cb50ccfc91ee30287c8f0e27792e6d1"", ""output_ref"": ""claim_62060329cf8c15da"", ""parent_claim_id"": ""A01496_11"", ""reason_code"": null, ""stage"": ""CLAIM_SPLIT"", ""started_at"": ""2026-08-26T03:15:49.101433+00:00"", ""status"": ""PASS""}, {""attempt"": 1, ""child_claim_id"": ""claim_62060329cf8c15da"", ""code_version"": ""admission-recovery-v3"", ""data_version"": ""claim-schema-v1"", ""finished_at"": ""2026-08-26T03:15:49.101433+00:00"", ""input_hash"": ""333997cec3bf65979762b126fa8864501cb50ccfc91ee30287c8f0e27792e6d1"", ""output_ref"": ""claim_62060329cf8c15da"", ""parent_claim_id"": ""A01496_11"", ""reason_code"": null, ""stage"": ""CLAIM_PARSE"", ""started_at"": ""2026-08-26T03:15:49.101433+00:00"", ""status"": ""PASS""}]"
A01584_4,1,claim_7e7c3ca7eabeece5,claim_27be6934024f48a0,2%,"올해 들어 소비자물가는 지난 1월(2.2%)부터 2월(2.0%), 3월(2.1%), 그리고 4월까지 넉 달 연속으로 2%대를 유지하고 있다.",소비자물가 상승률,2.0,%,올해 4월,월간,대한민국,,null,"{""duration"": ""넉 달 연속"", ""reference_period"": ""올해 1월·2월·3월"", ""reference_values"": ""2.2%, 2.0%, 2.1%"", ""type"": ""CONSECUTIVE_MONTHS""}",DIRECT_VALUE,"{""band"": ""2%대""}",기사 본문; article_published_at=2025-05-02,HOLD,4월의 정확한 상승률은 제시되지 않고 '2%대'라는 범위만 제시되어 정확한 단일 수치로 확정할 수 없음,MULTI_CLAIM_SPLIT,STRUCTURAL_HOLD,HUMAN_REVIEW,4월의 정확한 상승률은 제시되지 않고 '2%대'라는 범위만 제시되어 정확한 단일 수치로 확정할 수 없음,,N,,,,N,,0,0,null,[],[],"{""eligible_for_official_search"": true, ""entries"": [{""required"": true, ""slot"": ""indicator"", ""status"": ""SOURCE"", ""value"": ""소비자물가 상승률""}, {""required"": true, ""slot"": ""value"", ""status"": ""SOURCE"", ""value"": 2.0}, {""required"": true, ""slot"": ""unit"", ""status"": ""SOURCE"", ""value"": ""%""}, {""required"": true, ""slot"": ""time"", ""status"": ""SOURCE"", ""value"": ""올해 4월""}, {""required"": false, ""slot"": ""frequency"", ""status"": ""SOURCE"", ""value"": ""월간""}, {""required"": false, ""slot"": ""region"", ""status"": ""SOURCE"", ""value"": ""대한민국""}, {""required"": false, ""slot"": ""population"", ""status"": ""NOT_APPLICABLE"", ""value"": null}, {""required"": false, ""slot"": ""dimension"", ""status"": ""NOT_APPLICABLE"", ""value"": null}, {""required"": false, ""slot"": ""comparison"", ""status"": ""SOURCE"", ""value"": {""duration"": ""넉 달 연속"", ""reference_period"": ""올해 1월·2월·3월"", ""reference_values"": ""2.2%, 2.0%, 2.1%"", ""type"": ""CONSECUTIVE_MONTHS""}}, {""required"": true, ""slot"": ""calculation"", ""status"": ""SOURCE"", ""value"": ""DIRECT_VALUE""}, {""required"": false, ""slot"": ""condition"", ""status"": ""SOURCE"", ""value"": {""band"": ""2%대""}}, {""required"": false, ""slot"": ""source_hint"", ""status"": ""SOURCE"", ""value"": ""기사 본문; article_published_at=2025-05-02""}], ""reason_codes"": []}","[{""attempt"": 1, ""child_claim_id"": ""claim_27be6934024f48a0"", ""code_version"": ""admission-recovery-v3"", ""data_version"": ""claim-schema-v1"", ""finished_at"": ""2026-08-26T03:16:03.890496+00:00"", ""input_hash"": ""c3f86f56501ec291801d5f8be1961fc5101fb4d42fc00d537d2295f5eb38c51a"", ""output_ref"": ""claim_27be6934024f48a0"", ""parent_claim_id"": ""A01584_4"", ""reason_code"": null, ""stage"": ""CLAIM_SPLIT"", ""started_at"": ""2026-08-26T03:16:03.890496+00:00"", ""status"": ""PASS""}, {""attempt"": 1, ""child_claim_id"": ""claim_27be6934024f48a0"", ""code_version"": ""admission-recovery-v3"", ""data_version"": ""claim-schema-v1"", ""finished_at"": ""2026-08-26T03:16:03.890496+00:00"", ""input_hash"": ""c3f86f56501ec291801d5f8be1961fc5101fb4d42fc00d537d2295f5eb38c51a"", ""output_ref"": ""claim_27be6934024f48a0"", ""parent_claim_id"": ""A01584_4"", ""reason_code"": ""4월의 정확한 상승률은 제시되지 않고 '2%대'라는 범위만 제시되어 정확한 단일 수치로 확정할 수 없음"", ""stage"": ""CLAIM_PARSE"", ""started_at"": ""2026-08-26T03:16:03.890496+00:00"", ""status"": ""HUMAN_REVIEW""}]"
A01798_9,1,claim_68f111412bb9df44,claim_0eb186dd34d5df90,3만7888톤,그런데 1~4월 고등어 수출량은 3만7888톤으로 전년 동월(1만4178톤) 대비 167%나 폭증했다.,수출량,37888.0,톤,2025년 1~4월,1~4월 누계,,,"{""품목"": ""고등어""}","{""change_rate"": ""167%"", ""reference_period"": ""2024년 1~4월"", ""reference_value"": ""14178"", ""type"": ""YEAR_OVER_YEAR""}",DIRECT_VALUE,null,,AUTO_OK,2025년 1~4월 고등어 수출량이라는 단일 목표값이 명확하며 전년 동기 수치와 증감률이 보조 비교정보로 제시됨,MULTI_CLAIM_SPLIT,KOSIS_PIPELINE_ELIGIBLE,HOLD,NO_HARD_GUARD_CANDIDATE,,N,UNDETERMINED,HOLD,NO_HARD_GUARD_CANDIDATE,N,,0,0,"{""canonical_name"": ""수출량"", ""concept_id"": ""C000035"", ""kosis_search_terms"": [], ""matched_alias"": ""수출량"", ""standard_key"": ""export_quantity"", ""status"": ""MATCHED""}",[],[],"{""eligible_for_official_search"": true, ""entries"": [{""required"": true, ""slot"": ""indicator"", ""status"": ""CONTEXT"", ""value"": ""수출량""}, {""required"": true, ""slot"": ""value"", ""status"": ""SOURCE"", ""value"": 37888.0}, {""required"": true, ""slot"": ""unit"", ""status"": ""SOURCE"", ""value"": ""톤""}, {""required"": true, ""slot"": ""time"", ""status"": ""CONTEXT"", ""value"": ""2025년 1~4월""}, {""required"": false, ""slot"": ""frequency"", ""status"": ""CONTEXT"", ""value"": ""1~4월 누계""}, {""required"": false, ""slot"": ""region"", ""status"": ""NOT_APPLICABLE"", ""value"": null}, {""required"": false, ""slot"": ""population"", ""status"": ""NOT_APPLICABLE"", ""value"": null}, {""required"": false, ""slot"": ""dimension"", ""status"": ""SOURCE"", ""value"": {""품목"": ""고등어""}}, {""required"": false, ""slot"": ""comparison"", ""status"": ""CONTEXT"", ""value"": {""change_rate"": ""167%"", ""reference_period"": ""2024년 1~4월"", ""reference_value"": ""14178"", ""type"": ""YEAR_OVER_YEAR""}}, {""required"": true, ""slot"": ""calculation"", ""status"": ""CONTEXT"", ""value"": ""DIRECT_VALUE""}, {""required"": false, ""slot"": ""condition"", ""status"": ""NOT_APPLICABLE"", ""value"": null}, {""required"": false, ""slot"": ""source_hint"", ""status"": ""NOT_APPLICABLE"", ""value"": null}], ""reason_codes"": []}","[{""attempt"": 1, ""child_claim_id"": ""claim_0eb186dd34d5df90"", ""code_version"": ""admission-recovery-v3"", ""data_version"": ""claim-schema-v1"", ""finished_at"": ""2026-08-26T03:16:46.021816+00:00"", ""input_hash"": ""18599e0e2ce81660246261aa1f2c08056e787594f65d1f03cdedec894a9e25eb"", ""output_ref"": ""claim_0eb186dd34d5df90"", ""parent_claim_id"": ""A01798_9"", ""reason_code"": null, ""stage"": ""CLAIM_SPLIT"", ""started_at"": ""2026-08-26T03:16:46.021816+00:00"", ""status"": ""PASS""}, {""attempt"": 1, ""child_claim_id"": ""claim_0eb186dd34d5df90"", ""code_version"": ""admission-recovery-v3"", ""data_version"": ""claim-schema-v1"", ""finished_at"": ""2026-08-26T03:16:46.021816+00:00"", ""input_hash"": ""18599e0e2ce81660246261aa1f2c08056e787594f65d1f03cdedec894a9e25eb"", ""output_ref"": ""claim_0eb186dd34d5df90"", ""parent_claim_id"": ""A01798_9"", ""reason_code"": null, ""stage"": ""CLAIM_PARSE"", ""started_at"": ""2026-08-26T03:16:46.021816+00:00"", ""status"": ""PASS""}]"
A01822_6,1,claim_c598b89c89778fed,claim_a9d6692d8fea8e61,9663대,"올해 1~4월 아이오닉5(9663대)와 코나 EV(5916대)의 수출량은 작년 동기 대비 65%, 42%씩 급감했다.",수출량,9663.0,대,2025년 1~4월,누계,,,"{""차종"": ""아이오닉5""}","{""rate"": ""65%"", ""reference_period"": ""2024년 1~4월"", ""type"": ""YEAR_OVER_YEAR""}",DIRECT_VALUE,"{""direction"": ""DECREASE""}",기사 본문,AUTO_OK,"대상 차종과 기간, 수출량의 직접 수치가 명확하며 목표 수치 9663대에 해당함",MULTI_CLAIM_SPLIT,KOSIS_PIPELINE_ELIGIBLE,HOLD,NO_HARD_GUARD_CANDIDATE,,N,UNDETERMINED,HOLD,NO_HARD_GUARD_CANDIDATE,N,,0,0,"{""canonical_name"": ""수출량"", ""concept_id"": ""C000035"", ""kosis_search_terms"": [], ""matched_alias"": ""수출량"", ""standard_key"": ""export_quantity"", ""status"": ""MATCHED""}",[],[],"{""eligible_for_official_search"": true, ""entries"": [{""required"": true, ""slot"": ""indicator"", ""status"": ""SOURCE"", ""value"": ""수출량""}, {""required"": true, ""slot"": ""value"", ""status"": ""SOURCE"", ""value"": 9663.0}, {""required"": true, ""slot"": ""unit"", ""status"": ""SOURCE"", ""value"": ""대""}, {""required"": true, ""slot"": ""time"", ""status"": ""CONTEXT"", ""value"": ""2025년 1~4월""}, {""required"": false, ""slot"": ""frequency"", ""status"": ""SOURCE"", ""value"": ""누계""}, {""required"": false, ""slot"": ""region"", ""status"": ""NOT_APPLICABLE"", ""value"": null}, {""required"": false, ""slot"": ""population"", ""status"": ""NOT_APPLICABLE"", ""value"": null}, {""required"": false, ""slot"": ""dimension"", ""status"": ""CONTEXT"", ""value"": {""차종"": ""아이오닉5""}}, {""required"": false, ""slot"": ""comparison"", ""status"": ""CONTEXT"", ""value"": {""rate"": ""65%"", ""reference_period"": ""2024년 1~4월"", ""type"": ""YEAR_OVER_YEAR""}}, {""required"": true, ""slot"": ""calculation"", ""status"": ""CONTEXT"", ""value"": ""DIRECT_VALUE""}, {""required"": false, ""slot"": ""condition"", ""status"": ""SOURCE"", ""value"": {""direction"": ""DECREASE""}}, {""required"": false, ""slot"": ""source_hint"", ""status"": ""CONTEXT"", ""value"": ""기사 본문""}], ""reason_codes"": []}","[{""attempt"": 1, ""child_claim_id"": ""claim_a9d6692d8fea8e61"", ""code_version"": ""admission-recovery-v3"", ""data_version"": ""claim-schema-v1"", ""finished_at"": ""2026-08-26T03:17:09.831049+00:00"", ""input_hash"": ""6e1cf6669bcd96b779a43dea2ccb5c56bcff40258d40a17c3020c38bf13c143f"", ""output_ref"": ""claim_a9d6692d8fea8e61"", ""parent_claim_id"": ""A01822_6"", ""reason_code"": null, ""stage"": ""CLAIM_SPLIT"", ""started_at"": ""2026-08-26T03:17:09.831049+00:00"", ""status"": ""PASS""}, {""attempt"": 1, ""child_claim_id"": ""claim_a9d6692d8fea8e61"", ""code_version"": ""admission-recovery-v3"", ""data_version"": ""claim-schema-v1"", ""finished_at"": ""2026-08-26T03:17:09.831049+00:00"", ""input_hash"": ""6e1cf6669bcd96b779a43dea2ccb5c56bcff40258d40a17c3020c38bf13c143f"", ""output_ref"": ""claim_a9d6692d8fea8e61"", ""parent_claim_id"": ""A01822_6"", ""reason_code"": null, ""stage"": ""CLAIM_PARSE"", ""started_at"": ""2026-08-26T03:17:09.831049+00:00"", ""status"": ""PASS""}]"
A01822_6,2,claim_787afd300967bdcd,claim_451bc541ab706239,5916대,"올해 1~4월 아이오닉5(9663대)와 코나 EV(5916대)의 수출량은 작년 동기 대비 65%, 42%씩 급감했다.",수출량,5916.0,대,올해 1~4월,누계,,,"{""제품"": ""코나 EV""}","{""change_rate"": ""42"", ""change_unit"": ""%"", ""reference_period"": ""작년 동기"", ""type"": ""YEAR_OVER_YEAR""}",DIRECT_VALUE,"{""direction"": ""DECREASE""}",기사 원문,AUTO_OK,코나 EV의 올해 1~4월 수출량 5916대와 작년 동기 대비 42% 감소라는 단일 수치 주장으로 구조화 가능,MULTI_CLAIM_SPLIT,KOSIS_PIPELINE_ELIGIBLE,HOLD,NO_HARD_GUARD_CANDIDATE,,N,UNDETERMINED,HOLD,NO_HARD_GUARD_CANDIDATE,N,,0,0,"{""canonical_name"": ""수출량"", ""concept_id"": ""C000035"", ""kosis_search_terms"": [], ""matched_alias"": ""수출량"", ""standard_key"": ""export_quantity"", ""status"": ""MATCHED""}",[],[],"{""eligible_for_official_search"": true, ""entries"": [{""required"": true, ""slot"": ""indicator"", ""status"": ""SOURCE"", ""value"": ""수출량""}, {""required"": true, ""slot"": ""value"", ""status"": ""SOURCE"", ""value"": 5916.0}, {""required"": true, ""slot"": ""unit"", ""status"": ""SOURCE"", ""value"": ""대""}, {""required"": true, ""slot"": ""time"", ""status"": ""SOURCE"", ""value"": ""올해 1~4월""}, {""required"": false, ""slot"": ""frequency"", ""status"": ""SOURCE"", ""value"": ""누계""}, {""required"": false, ""slot"": ""region"", ""status"": ""NOT_APPLICABLE"", ""value"": null}, {""required"": false, ""slot"": ""population"", ""status"": ""NOT_APPLICABLE"", ""value"": null}, {""required"": false, ""slot"": ""dimension"", ""status"": ""SOURCE"", ""value"": {""제품"": ""코나 EV""}}, {""required"": false, ""slot"": ""comparison"", ""status"": ""SOURCE"", ""value"": {""change_rate"": ""42"", ""change_unit"": ""%"", ""reference_period"": ""작년 동기"", ""type"": ""YEAR_OVER_YEAR""}}, {""required"": true, ""slot"": ""calculation"", ""status"": ""SOURCE"", ""value"": ""DIRECT_VALUE""}, {""required"": false, ""slot"": ""condition"", ""status"": ""SOURCE"", ""value"": {""direction"": ""DECREASE""}}, {""required"": false, ""slot"": ""source_hint"", ""status"": ""SOURCE"", ""value"": ""기사 원문""}], ""reason_codes"": []}","[{""attempt"": 1, ""child_claim_id"": ""claim_451bc541ab706239"", ""code_version"": ""admission-recovery-v3"", ""data_version"": ""claim-schema-v1"", ""finished_at"": ""2026-08-26T03:17:09.831049+00:00"", ""input_hash"": ""6e1cf6669bcd96b779a43dea2ccb5c56bcff40258d40a17c3020c38bf13c143f"", ""output_ref"": ""claim_451bc541ab706239"", ""parent_claim_id"": ""A01822_6"", ""reason_code"": null, ""stage"": ""CLAIM_SPLIT"", ""started_at"": ""2026-08-26T03:17:09.831049+00:00"", ""status"": ""PASS""}, {""attempt"": 1, ""child_claim_id"": ""claim_451bc541ab706239"", ""code_version"": ""admission-recovery-v3"", ""data_version"": ""claim-schema-v1"", ""finished_at"": ""2026-08-26T03:17:09.831049+00:00"", ""input_hash"": ""6e1cf6669bcd96b779a43dea2ccb5c56bcff40258d40a17c3020c38bf13c143f"", ""output_ref"": ""claim_451bc541ab706239"", ""parent_claim_id"": ""A01822_6"", ""reason_code"": null, ""stage"": ""CLAIM_PARSE"", ""started_at"": ""2026-08-26T03:17:09.831049+00:00"", ""status"": ""PASS""}]"
A01924_3,1,claim_158a2ebc43efac19,claim_fb93f602e4322096,0.82명,"28일 통계청이 발표한 ‘3월 인구동향’에 따르면, 지난 1분기(1~3월) 합계출산율은 0.82명으로 전년 동분기(0.77명) 대비 0.05명 증가했다.",합계출산율,0.82,명,2025년 1분기,분기,,,null,"{""change_value"": ""0.05"", ""operand_unit"": ""명"", ""reference_period"": ""2024년 1분기"", ""reference_value"": ""0.77"", ""type"": ""YEAR_OVER_YEAR""}",DIRECT_VALUE,"{""direction"": ""INCREASE""}",통계청 ‘3월 인구동향’,AUTO_OK,2025년 1분기 합계출산율의 현재값과 전년 동분기 기준값 및 증가폭이 하나의 명확한 수치 주장으로 제시됨.,MULTI_CLAIM_SPLIT,KOSIS_PIPELINE_ELIGIBLE,HOLD,AS_OF_UNAVAILABLE,,N,UNDETERMINED,HOLD,AS_OF_UNAVAILABLE,N,,1,1,"{""canonical_name"": ""합계출산율"", ""concept_id"": ""C000041"", ""kosis_search_terms"": [""합계출산율"", ""분기 합계출산율""], ""matched_alias"": ""합계출산율"", ""standard_key"": ""total_fertility_rate"", ""status"": ""MATCHED""}","[{""canonical_key"": ""ORG=101|TBL=DT_1B8000G|ITM=T1|OBJ=B|MEMBER=전국|PRD_SE=분기|PRD_DE=2025-Q1|DIMS=B:전국,A:합계출산율"", ""dimension_codes"": {""A"": ""12"", ""B"": ""00""}, ""dimension_members"": {""A"": ""합계출산율"", ""B"": ""전국""}, ""itm_id"": ""T1"", ""member_code"": ""전국"", ""obj_id"": ""B"", ""org_id"": ""101"", ""prd_de"": ""2025-Q1"", ""prd_se"": ""분기"", ""status"": ""CONFIRMED"", ""tbl_id"": ""DT_1B8000G"", ""unit"": ""명""}]","[{""content_hash"": ""aa406cebc870570ecaeb6b3b9371f53f6de97fc22060412b21033d1cce5ebf28"", ""evidence_key"": ""ORG=101|TBL=DT_1B8000G|ITM=T1|OBJ=B|MEMBER=전국|PRD_SE=분기|PRD_DE=2025-Q1|DIMS=B:전국,A:합계출산율"", ""publication"": {""content_hash"": ""882ea1046b8fe06af80e5ccfa2f0e019e4174b51a050363f55714b66573aaacc"", ""coverage_end_period"": null, ""coverage_start_period"": null, ""evidence_scope"": ""PERIOD"", ""pub_date_text"": ""조사기준 년 익년"", ""pub_period"": ""월"", ""publication_method_url"": ""언론(보도자료), 전산망(인터넷), 간행물2024년 5월 인구동향https://mods.go.kr/board.es?mid=a10301020300&amp;bid=204"", ""published_at"": null, ""reference_period"": null, ""retrieved_at"": ""2026-08-26T03:17:45.675284Z"", ""source_url"": ""https://kosis.kr/openapi/statisticsExplData.do?method=getList&format=json&jsonVD=Y&orgId=101&tblId=DT_1B8000G&metaItm=All"", ""status"": ""UNRESOLVED""}, ""retrieved_at"": ""2026-08-26T03:17:38.183287Z"", ""source"": ""API"", ""source_url"": ""https://kosis.kr/openapi/Param/statisticsParameterData.do?method=getList&orgId=101&tblId=DT_1B8000G&itmId=T1&prdSe=Q&startPrdDe=202501&endPrdDe=202501&objL1=00&objL2=12"", ""value_last_changed_at"": null}]","{""eligible_for_official_search"": true, ""entries"": [{""required"": true, ""slot"": ""indicator"", ""status"": ""SOURCE"", ""value"": ""합계출산율""}, {""required"": true, ""slot"": ""value"", ""status"": ""SOURCE"", ""value"": 0.82}, {""required"": true, ""slot"": ""unit"", ""status"": ""SOURCE"", ""value"": ""명""}, {""required"": true, ""slot"": ""time"", ""status"": ""SOURCE"", ""value"": ""2025년 1분기""}, {""required"": false, ""slot"": ""frequency"", ""status"": ""SOURCE"", ""value"": ""분기""}, {""required"": false, ""slot"": ""region"", ""status"": ""NOT_APPLICABLE"", ""value"": null}, {""required"": false, ""slot"": ""population"", ""status"": ""NOT_APPLICABLE"", ""value"": null}, {""required"": false, ""slot"": ""dimension"", ""status"": ""NOT_APPLICABLE"", ""value"": null}, {""required"": false, ""slot"": ""comparison"", ""status"": ""SOURCE"", ""value"": {""change_value"": ""0.05"", ""operand_unit"": ""명"", ""reference_period"": ""2024년 1분기"", ""reference_value"": ""0.77"", ""type"": ""YEAR_OVER_YEAR""}}, {""required"": true, ""slot"": ""calculation"", ""status"": ""SOURCE"", ""value"": ""DIRECT_VALUE""}, {""required"": false, ""slot"": ""condition"", ""status"": ""SOURCE"", ""value"": {""direction"": ""INCREASE""}}, {""required"": false, ""slot"": ""source_hint"", ""status"": ""SOURCE"", ""value"": ""통계청 ‘3월 인구동향’""}], ""reason_codes"": []}","[{""attempt"": 1, ""child_claim_id"": ""claim_fb93f602e4322096"", ""code_version"": ""admission-recovery-v3"", ""data_version"": ""claim-schema-v1"", ""finished_at"": ""2026-08-26T03:17:45.675284+00:00"", ""input_hash"": ""786d32d1440a09bea58da98f251acbaa62950c19550be55ff9074acc9c059718"", ""output_ref"": ""claim_fb93f602e4322096"", ""parent_claim_id"": ""A01924_3"", ""reason_code"": null, ""stage"": ""CLAIM_SPLIT"", ""started_at"": ""2026-08-26T03:17:45.675284+00:00"", ""status"": ""PASS""}, {""attempt"": 1, ""child_claim_id"": ""claim_fb93f602e4322096"", ""code_version"": ""admission-recovery-v3"", ""data_version"": ""claim-schema-v1"", ""finished_at"": ""2026-08-26T03:17:45.675284+00:00"", ""input_hash"": ""786d32d1440a09bea58da98f251acbaa62950c19550be55ff9074acc9c059718"", ""output_ref"": ""claim_fb93f602e4322096"", ""parent_claim_id"": ""A01924_3"", ""reason_code"": null, ""stage"": ""CLAIM_PARSE"", ""started_at"": ""2026-08-26T03:17:45.675284+00:00"", ""status"": ""PASS""}]"
A02203_5,1,claim_4e7f395f77940f8f,claim_67e35ebf463b80f1,0.4%포인트,생활 물가와 소비자물가 차이는 작년 상반기 0.6%포인트에서 하반기 0.1%포인트로 줄었다가 올해 1~5월 0.4%포인트로 다시 확대되는 추세다.,생활물가와 소비자물가의 차이,0.4,%포인트,2025년 1~5월,1~5월,,,"{""물가_유형"": ""생활물가와 소비자물가""}","{""reference_period"": ""2024년 상반기"", ""reference_period_2"": ""2024년 하반기"", ""reference_unit"": ""%포인트"", ""reference_unit_2"": ""%포인트"", ""reference_value"": ""0.6"", ""reference_value_2"": ""0.1"", ""type"": ""HISTORICAL_BENCHMARK""}",DIRECT_VALUE,"{""direction"": ""INCREASE""}",,AUTO_OK,,MULTI_CLAIM_SPLIT,KOSIS_PIPELINE_ELIGIBLE,HOLD,NO_HARD_GUARD_CANDIDATE,,N,UNDETERMINED,HOLD,NO_HARD_GUARD_CANDIDATE,N,,0,0,"{""canonical_name"": ""생활물가와 소비자물가의 차이"", ""concept_id"": ""OBSERVED:d4275c75ef8da38b"", ""kosis_search_terms"": [""생활물가와 소비자물가의 차이""], ""matched_alias"": ""생활물가와 소비자물가의 차이"", ""standard_key"": ""observed_indicator_d4275c75ef8da38b"", ""status"": ""MATCHED""}",[],[],"{""eligible_for_official_search"": true, ""entries"": [{""required"": true, ""slot"": ""indicator"", ""status"": ""SOURCE"", ""value"": ""생활물가와 소비자물가의 차이""}, {""required"": true, ""slot"": ""value"", ""status"": ""SOURCE"", ""value"": 0.4}, {""required"": true, ""slot"": ""unit"", ""status"": ""SOURCE"", ""value"": ""%포인트""}, {""required"": true, ""slot"": ""time"", ""status"": ""SOURCE"", ""value"": ""2025년 1~5월""}, {""required"": false, ""slot"": ""frequency"", ""status"": ""SOURCE"", ""value"": ""1~5월""}, {""required"": false, ""slot"": ""region"", ""status"": ""NOT_APPLICABLE"", ""value"": null}, {""required"": false, ""slot"": ""population"", ""status"": ""NOT_APPLICABLE"", ""value"": null}, {""required"": false, ""slot"": ""dimension"", ""status"": ""SOURCE"", ""value"": {""물가_유형"": ""생활물가와 소비자물가""}}, {""required"": false, ""slot"": ""comparison"", ""status"": ""SOURCE"", ""value"": {""reference_period"": ""2024년 상반기"", ""reference_period_2"": ""2024년 하반기"", ""reference_unit"": ""%포인트"", ""reference_unit_2"": ""%포인트"", ""reference_value"": ""0.6"", ""reference_value_2"": ""0.1"", ""type"": ""HISTORICAL_BENCHMARK""}}, {""required"": true, ""slot"": ""calculation"", ""status"": ""SOURCE"", ""value"": ""DIRECT_VALUE""}, {""required"": false, ""slot"": ""condition"", ""status"": ""SOURCE"", ""value"": {""direction"": ""INCREASE""}}, {""required"": false, ""slot"": ""source_hint"", ""status"": ""NOT_APPLICABLE"", ""value"": null}], ""reason_codes"": []}","[{""attempt"": 1, ""child_claim_id"": ""claim_67e35ebf463b80f1"", ""code_version"": ""admission-recovery-v3"", ""data_version"": ""claim-schema-v1"", ""finished_at"": ""2026-08-26T03:18:00.551015+00:00"", ""input_hash"": ""2bde842fc3399a041a7ed85dcc796ec03318200045f7e487e1a737310042ca78"", ""output_ref"": ""claim_67e35ebf463b80f1"", ""parent_claim_id"": ""A02203_5"", ""reason_code"": null, ""stage"": ""CLAIM_SPLIT"", ""started_at"": ""2026-08-26T03:18:00.551015+00:00"", ""status"": ""PASS""}, {""attempt"": 1, ""child_claim_id"": ""claim_67e35ebf463b80f1"", ""code_version"": ""admission-recovery-v3"", ""data_version"": ""claim-schema-v1"", ""finished_at"": ""2026-08-26T03:18:00.551015+00:00"", ""input_hash"": ""2bde842fc3399a041a7ed85dcc796ec03318200045f7e487e1a737310042ca78"", ""output_ref"": ""claim_67e35ebf463b80f1"", ""parent_claim_id"": ""A02203_5"", ""reason_code"": null, ""stage"": ""CLAIM_PARSE"", ""started_at"": ""2026-08-26T03:18:00.551015+00:00"", ""status"": ""PASS""}]"
A02416_14,1,claim_e42477f5b7337259,claim_0581222d1aa03b70,1조원,"◇“추경은 급한 불 끄는 소화기… 내수 살릴 진짜 대책 필요"" 정부가 올해 두 번째 추가경정예산을 마련하고 4일 정부안보다 1조원 넘게 불어난 2차 추경이 국회 문턱을 넘었지만, 추경으로 인한 올해 성장률 상승 폭은 0.1~0.2%포인트에 그칠 것이란 관측이 나온다.",2차 추가경정예산 증가액,,원,2025,연간,대한민국,,"{""item"": ""2차 추가경정예산"", ""reference"": ""정부안""}",null,THRESHOLD,"{""direction"": ""INCREASE"", ""operator"": ""GT"", ""threshold_unit"": ""원"", ""threshold_value"": ""1000000000000""}",기사 본문,HOLD,MISSING_REQUIRED_SLOTS:value,MULTI_CLAIM_SPLIT,STRUCTURAL_HOLD,HUMAN_REVIEW,MISSING_REQUIRED_SLOTS:value,,N,,,,N,,0,0,null,[],[],"{""eligible_for_official_search"": false, ""entries"": [{""required"": true, ""slot"": ""indicator"", ""status"": ""SOURCE"", ""value"": ""2차 추가경정예산 증가액""}, {""required"": true, ""slot"": ""value"", ""status"": ""MISSING"", ""value"": null}, {""required"": true, ""slot"": ""unit"", ""status"": ""SOURCE"", ""value"": ""원""}, {""required"": true, ""slot"": ""time"", ""status"": ""SOURCE"", ""value"": ""2025""}, {""required"": false, ""slot"": ""frequency"", ""status"": ""SOURCE"", ""value"": ""연간""}, {""required"": false, ""slot"": ""region"", ""status"": ""SOURCE"", ""value"": ""대한민국""}, {""required"": false, ""slot"": ""population"", ""status"": ""NOT_APPLICABLE"", ""value"": null}, {""required"": false, ""slot"": ""dimension"", ""status"": ""SOURCE"", ""value"": {""item"": ""2차 추가경정예산"", ""reference"": ""정부안""}}, {""required"": false, ""slot"": ""comparison"", ""status"": ""NOT_APPLICABLE"", ""value"": null}, {""required"": true, ""slot"": ""calculation"", ""status"": ""SOURCE"", ""value"": ""THRESHOLD""}, {""required"": true, ""slot"": ""condition"", ""status"": ""SOURCE"", ""value"": {""direction"": ""INCREASE"", ""operator"": ""GT"", ""threshold_unit"": ""원"", ""threshold_value"": ""1000000000000""}}, {""required"": false, ""slot"": ""source_hint"", ""status"": ""SOURCE"", ""value"": ""기사 본문""}], ""reason_codes"": [""MISSING_REQUIRED_SLOTS:value""]}","[{""attempt"": 1, ""child_claim_id"": ""claim_0581222d1aa03b70"", ""code_version"": ""admission-recovery-v3"", ""data_version"": ""claim-schema-v1"", ""finished_at"": ""2026-08-26T03:18:14.818909+00:00"", ""input_hash"": ""b452023cbf5de27eadcf540f878b2354e478c806e65776eb58dd9d98d1cfe88c"", ""output_ref"": ""claim_0581222d1aa03b70"", ""parent_claim_id"": ""A02416_14"", ""reason_code"": null, ""stage"": ""CLAIM_SPLIT"", ""started_at"": ""2026-08-26T03:18:14.818909+00:00"", ""status"": ""PASS""}, {""attempt"": 1, ""child_claim_id"": ""claim_0581222d1aa03b70"", ""code_version"": ""admission-recovery-v3"", ""data_version"": ""claim-schema-v1"", ""finished_at"": ""2026-08-26T03:18:14.818909+00:00"", ""input_hash"": ""b452023cbf5de27eadcf540f878b2354e478c806e65776eb58dd9d98d1cfe88c"", ""output_ref"": ""claim_0581222d1aa03b70"", ""parent_claim_id"": ""A02416_14"", ""reason_code"": ""MISSING_REQUIRED_SLOTS:value"", ""stage"": ""CLAIM_PARSE"", ""started_at"": ""2026-08-26T03:18:14.818909+00:00"", ""status"": ""HUMAN_REVIEW""}]"
A02416_14,2,claim_e75b33b999a6ab2e,claim_a752924d395e3a38,0.2%포인트,"◇“추경은 급한 불 끄는 소화기… 내수 살릴 진짜 대책 필요"" 정부가 올해 두 번째 추가경정예산을 마련하고 4일 정부안보다 1조원 넘게 불어난 2차 추경이 국회 문턱을 넘었지만, 추경으로 인한 올해 성장률 상승 폭은 0.1~0.2%포인트에 그칠 것이란 관측이 나온다.",성장률 상승 폭,0.2,%포인트,올해,연간,대한민국,,null,"{""range_lower"": ""0.1"", ""range_upper"": ""0.2"", ""reference_period"": ""2025년"", ""type"": ""RANGE""}",DIFFERENCE,"{""direction"": ""INCREASE""}",기사 내 관측,HOLD,"0.1~0.2%포인트 범위의 상단값을 중심 수치로 추출했으나, 단일 수치가 아닌 범위이며 추경의 성장률 상승 폭에 대한 전망성 표현임",MULTI_CLAIM_SPLIT,STRUCTURAL_HOLD,HUMAN_REVIEW,"0.1~0.2%포인트 범위의 상단값을 중심 수치로 추출했으나, 단일 수치가 아닌 범위이며 추경의 성장률 상승 폭에 대한 전망성 표현임",,N,,,,N,,0,0,null,[],[],"{""eligible_for_official_search"": true, ""entries"": [{""required"": true, ""slot"": ""indicator"", ""status"": ""SOURCE"", ""value"": ""성장률 상승 폭""}, {""required"": true, ""slot"": ""value"", ""status"": ""SOURCE"", ""value"": 0.2}, {""required"": true, ""slot"": ""unit"", ""status"": ""SOURCE"", ""value"": ""%포인트""}, {""required"": true, ""slot"": ""time"", ""status"": ""SOURCE"", ""value"": ""올해""}, {""required"": false, ""slot"": ""frequency"", ""status"": ""SOURCE"", ""value"": ""연간""}, {""required"": false, ""slot"": ""region"", ""status"": ""SOURCE"", ""value"": ""대한민국""}, {""required"": false, ""slot"": ""population"", ""status"": ""NOT_APPLICABLE"", ""value"": null}, {""required"": false, ""slot"": ""dimension"", ""status"": ""NOT_APPLICABLE"", ""value"": null}, {""required"": true, ""slot"": ""comparison"", ""status"": ""SOURCE"", ""value"": {""range_lower"": ""0.1"", ""range_upper"": ""0.2"", ""reference_period"": ""2025년"", ""type"": ""RANGE""}}, {""required"": true, ""slot"": ""calculation"", ""status"": ""SOURCE"", ""value"": ""DIFFERENCE""}, {""required"": true, ""slot"": ""condition"", ""status"": ""SOURCE"", ""value"": {""direction"": ""INCREASE""}}, {""required"": false, ""slot"": ""source_hint"", ""status"": ""SOURCE"", ""value"": ""기사 내 관측""}], ""reason_codes"": []}","[{""attempt"": 1, ""child_claim_id"": ""claim_a752924d395e3a38"", ""code_version"": ""admission-recovery-v3"", ""data_version"": ""claim-schema-v1"", ""finished_at"": ""2026-08-26T03:18:14.818909+00:00"", ""input_hash"": ""b452023cbf5de27eadcf540f878b2354e478c806e65776eb58dd9d98d1cfe88c"", ""output_ref"": ""claim_a752924d395e3a38"", ""parent_claim_id"": ""A02416_14"", ""reason_code"": null, ""stage"": ""CLAIM_SPLIT"", ""started_at"": ""2026-08-26T03:18:14.818909+00:00"", ""status"": ""PASS""}, {""attempt"": 1, ""child_claim_id"": ""claim_a752924d395e3a38"", ""code_version"": ""admission-recovery-v3"", ""data_version"": ""claim-schema-v1"", ""finished_at"": ""2026-08-26T03:18:14.818909+00:00"", ""input_hash"": ""b452023cbf5de27eadcf540f878b2354e478c806e65776eb58dd9d98d1cfe88c"", ""output_ref"": ""claim_a752924d395e3a38"", ""parent_claim_id"": ""A02416_14"", ""reason_code"": ""0.1~0.2%포인트 범위의 상단값을 중심 수치로 추출했으나, 단일 수치가 아닌 범위이며 추경의 성장률 상승 폭에 대한 전망성 표현임"", ""stage"": ""CLAIM_PARSE"", ""started_at"": ""2026-08-26T03:18:14.818909+00:00"", ""status"": ""HUMAN_REVIEW""}]"
A02450_11,1,claim_62cd1da8054dc35c,claim_0f18c1b9c8850d31,0.15%포인트,한국의 경우 2000년 10월~2023년 11월 자료를 분석해 보니 GDP 대비 정부 부채 비율이 1%포인트 증가할 경우 약 1년 뒤 소비자물가가 0.1~0.15%포인트 오르는 경향이 있었다.” ―경기 진작 효과와 물가 상승 부작용 중 어떤 게 더 큰가?,소비자물가,0.15,%포인트,약 1년 뒤,,한국,,"{""기준지표"": ""GDP 대비 정부 부채 비율""}","{""operand_unit"": ""%포인트"", ""reference_value"": ""1"", ""reported_range"": ""0.1~0.15%포인트"", ""type"": ""CHANGE""}",DIRECT_VALUE,"{""direction"": ""INCREASE"", ""trigger"": ""GDP 대비 정부 부채 비율이 1%포인트 증가""}",2000년 10월~2023년 11월 자료 분석,HOLD,"중심 수치가 0.1~0.15%포인트 범위의 상한값으로 제시되어 단일 확정값이 아니며, 약 1년 뒤의 시차가 상대적으로 표현됨",MULTI_CLAIM_SPLIT,STRUCTURAL_HOLD,HUMAN_REVIEW,"중심 수치가 0.1~0.15%포인트 범위의 상한값으로 제시되어 단일 확정값이 아니며, 약 1년 뒤의 시차가 상대적으로 표현됨",,N,,,,N,,0,0,null,[],[],"{""eligible_for_official_search"": true, ""entries"": [{""required"": true, ""slot"": ""indicator"", ""status"": ""SOURCE"", ""value"": ""소비자물가""}, {""required"": true, ""slot"": ""value"", ""status"": ""SOURCE"", ""value"": 0.15}, {""required"": true, ""slot"": ""unit"", ""status"": ""SOURCE"", ""value"": ""%포인트""}, {""required"": true, ""slot"": ""time"", ""status"": ""SOURCE"", ""value"": ""약 1년 뒤""}, {""required"": false, ""slot"": ""frequency"", ""status"": ""NOT_APPLICABLE"", ""value"": null}, {""required"": false, ""slot"": ""region"", ""status"": ""SOURCE"", ""value"": ""한국""}, {""required"": false, ""slot"": ""population"", ""status"": ""NOT_APPLICABLE"", ""value"": null}, {""required"": false, ""slot"": ""dimension"", ""status"": ""SOURCE"", ""value"": {""기준지표"": ""GDP 대비 정부 부채 비율""}}, {""required"": false, ""slot"": ""comparison"", ""status"": ""SOURCE"", ""value"": {""operand_unit"": ""%포인트"", ""reference_value"": ""1"", ""reported_range"": ""0.1~0.15%포인트"", ""type"": ""CHANGE""}}, {""required"": true, ""slot"": ""calculation"", ""status"": ""SOURCE"", ""value"": ""DIRECT_VALUE""}, {""required"": false, ""slot"": ""condition"", ""status"": ""SOURCE"", ""value"": {""direction"": ""INCREASE"", ""trigger"": ""GDP 대비 정부 부채 비율이 1%포인트 증가""}}, {""required"": false, ""slot"": ""source_hint"", ""status"": ""SOURCE"", ""value"": ""2000년 10월~2023년 11월 자료 분석""}], ""reason_codes"": []}","[{""attempt"": 1, ""child_claim_id"": ""claim_0f18c1b9c8850d31"", ""code_version"": ""admission-recovery-v3"", ""data_version"": ""claim-schema-v1"", ""finished_at"": ""2026-08-26T03:18:29.264252+00:00"", ""input_hash"": ""0855df16d9a8d5ae7bc27c600e6f041d0ecf012245a7e6bd2d527c2223919870"", ""output_ref"": ""claim_0f18c1b9c8850d31"", ""parent_claim_id"": ""A02450_11"", ""reason_code"": null, ""stage"": ""CLAIM_SPLIT"", ""started_at"": ""2026-08-26T03:18:29.264252+00:00"", ""status"": ""PASS""}, {""attempt"": 1, ""child_claim_id"": ""claim_0f18c1b9c8850d31"", ""code_version"": ""admission-recovery-v3"", ""data_version"": ""claim-schema-v1"", ""finished_at"": ""2026-08-26T03:18:29.264252+00:00"", ""input_hash"": ""0855df16d9a8d5ae7bc27c600e6f041d0ecf012245a7e6bd2d527c2223919870"", ""output_ref"": ""claim_0f18c1b9c8850d31"", ""parent_claim_id"": ""A02450_11"", ""reason_code"": ""중심 수치가 0.1~0.15%포인트 범위의 상한값으로 제시되어 단일 확정값이 아니며, 약 1년 뒤의 시차가 상대적으로 표현됨"", ""stage"": ""CLAIM_PARSE"", ""started_at"": ""2026-08-26T03:18:29.264252+00:00"", ""status"": ""HUMAN_REVIEW""}]"
A02633_6,1,claim_23417092da19f631,A02633_6,245000명,취업자 수 증가 폭은 올해 들어 5월(24만5000명)을 제외하고 매달 10만명대를 맴돌다가 9월 들어 크게 늘었다.,취업자 수,245000.0,명,2025,Y,,,null,"{""claimed_operands"": ""[{'raw': '10만명', 'value': 100000.0, 'unit': '명'}]""}",DIRECT_VALUE,"{""direction"": ""INCREASE""}",,HOLD,GROUPING_AMBIGUOUS,MULTI_CLAIM_SPLIT,STRUCTURAL_HOLD,HUMAN_REVIEW,GROUPING_AMBIGUOUS,,N,,,,N,,0,0,null,[],[],"{""eligible_for_official_search"": true, ""entries"": [{""required"": true, ""slot"": ""indicator"", ""status"": ""SOURCE"", ""value"": ""취업자 수""}, {""required"": true, ""slot"": ""value"", ""status"": ""SOURCE"", ""value"": 245000.0}, {""required"": true, ""slot"": ""unit"", ""status"": ""SOURCE"", ""value"": ""명""}, {""required"": true, ""slot"": ""time"", ""status"": ""SOURCE"", ""value"": ""2025""}, {""required"": false, ""slot"": ""frequency"", ""status"": ""SOURCE"", ""value"": ""Y""}, {""required"": false, ""slot"": ""region"", ""status"": ""NOT_APPLICABLE"", ""value"": null}, {""required"": false, ""slot"": ""population"", ""status"": ""NOT_APPLICABLE"", ""value"": null}, {""required"": false, ""slot"": ""dimension"", ""status"": ""NOT_APPLICABLE"", ""value"": null}, {""required"": false, ""slot"": ""comparison"", ""status"": ""SOURCE"", ""value"": {""claimed_operands"": ""[{'raw': '10만명', 'value': 100000.0, 'unit': '명'}]""}}, {""required"": true, ""slot"": ""calculation"", ""status"": ""SOURCE"", ""value"": ""DIRECT_VALUE""}, {""required"": false, ""slot"": ""condition"", ""status"": ""SOURCE"", ""value"": {""direction"": ""INCREASE""}}, {""required"": false, ""slot"": ""source_hint"", ""status"": ""NOT_APPLICABLE"", ""value"": null}], ""reason_codes"": []}","[{""attempt"": 1, ""child_claim_id"": ""A02633_6"", ""code_version"": ""admission-recovery-v3"", ""data_version"": ""claim-schema-v1"", ""finished_at"": ""2026-08-26T03:18:39.052053+00:00"", ""input_hash"": ""6637f02d6b752ac343adb9a8a7e1c5368c61b438288062aaa0e33bb84cac26ba"", ""output_ref"": ""A02633_6"", ""parent_claim_id"": ""A02633_6"", ""reason_code"": null, ""stage"": ""CLAIM_SPLIT"", ""started_at"": ""2026-08-26T03:18:39.052053+00:00"", ""status"": ""PASS""}, {""attempt"": 1, ""child_claim_id"": ""A02633_6"", ""code_version"": ""admission-recovery-v3"", ""data_version"": ""claim-schema-v1"", ""finished_at"": ""2026-08-26T03:18:39.052053+00:00"", ""input_hash"": ""6637f02d6b752ac343adb9a8a7e1c5368c61b438288062aaa0e33bb84cac26ba"", ""output_ref"": ""A02633_6"", ""parent_claim_id"": ""A02633_6"", ""reason_code"": ""GROUPING_AMBIGUOUS"", ""stage"": ""CLAIM_PARSE"", ""started_at"": ""2026-08-26T03:18:39.052053+00:00"", ""status"": ""HUMAN_REVIEW""}]"
A02656_3,1,claim_0bafd23fce09c84d,claim_7c281324399fd5b4,30만명,"취업자 수는 올해 들어 매월 10만명 이상 늘고 있는데, 지난달엔 30만명을 돌파하며 19개월 만에 가장 큰 증가 폭을 기록하기도 했다.",취업자 수 증가 폭,300000.0,명,2025년 9월,월,,취업자,null,"{""reference_period"": ""19개월"", ""type"": ""HIGHEST""}",THRESHOLD,"{""operator"": ""GT"", ""threshold_unit"": ""명"", ""threshold_value"": ""300000""}",,AUTO_OK,,MULTI_CLAIM_SPLIT,KOSIS_PIPELINE_ELIGIBLE,HOLD,AS_OF_UNAVAILABLE,,N,UNDETERMINED,HOLD,AS_OF_UNAVAILABLE,N,,1,1,"{""canonical_name"": ""취업자 수"", ""concept_id"": ""C000008"", ""kosis_search_terms"": [""경제활동인구조사 취업자"", ""산업별 취업자""], ""matched_alias"": ""취업자 수 증가 폭"", ""standard_key"": ""employment_count"", ""status"": ""MATCHED""}","[{""canonical_key"": ""ORG=101|TBL=DT_1DA7001S|ITM=T30|OBJ=B|MEMBER=계|PRD_SE=월|PRD_DE=2025-09"", ""dimension_codes"": {""B"": ""0""}, ""dimension_members"": {""B"": ""계""}, ""itm_id"": ""T30"", ""member_code"": ""계"", ""obj_id"": ""B"", ""org_id"": ""101"", ""prd_de"": ""2025-09"", ""prd_se"": ""월"", ""status"": ""CONFIRMED"", ""tbl_id"": ""DT_1DA7001S"", ""unit"": ""천명""}]","[{""content_hash"": ""1ceb4e43788b02b212d8c82ea12e658ffb2b3f358d5b500b2d527ebc18ce35af"", ""evidence_key"": ""ORG=101|TBL=DT_1DA7001S|ITM=T30|OBJ=B|MEMBER=계|PRD_SE=월|PRD_DE=2025-09"", ""publication"": {""content_hash"": ""29499992ebe2261653ea0d45ba6290690fb5fc0ff47d430b5d4199dcc6660c32"", ""coverage_end_period"": null, ""coverage_start_period"": null, ""evidence_scope"": ""PERIOD"", ""pub_date_text"": ""조사기준 월 익월"", ""pub_period"": ""월"", ""publication_method_url"": ""https://www.kostat.go.kr/board.es?act=list&mid=a10301010000&keyField=T&bid=210&keyWord=2025%EB%85%84+9%EC%9B%94+%EA%B3%A0%EC%9A%A9%EB%8F%99%ED%96%A5"", ""published_at"": ""2025-10-17"", ""reference_period"": ""2025-09"", ""retrieved_at"": ""2026-08-26T03:11:43.763491Z"", ""source_url"": ""https://www.kostat.go.kr/board.es?mid=a10301010000&bid=210&act=view&list_no=438842&tag=&nPage=1&ref_bid="", ""status"": ""VERIFIED""}, ""retrieved_at"": ""2026-08-26T03:19:04.904782Z"", ""source"": ""API"", ""source_url"": ""https://kosis.kr/openapi/Param/statisticsParameterData.do?method=getList&orgId=101&tblId=DT_1DA7001S&itmId=T30&prdSe=M&startPrdDe=202509&endPrdDe=202509&objL1=0"", ""value_last_changed_at"": ""2025-10-29""}]","{""eligible_for_official_search"": true, ""entries"": [{""required"": true, ""slot"": ""indicator"", ""status"": ""CONTEXT"", ""value"": ""취업자 수 증가 폭""}, {""required"": true, ""slot"": ""value"", ""status"": ""SOURCE"", ""value"": 300000.0}, {""required"": true, ""slot"": ""unit"", ""status"": ""SOURCE"", ""value"": ""명""}, {""required"": true, ""slot"": ""time"", ""status"": ""CONTEXT"", ""value"": ""2025년 9월""}, {""required"": false, ""slot"": ""frequency"", ""status"": ""SOURCE"", ""value"": ""월""}, {""required"": false, ""slot"": ""region"", ""status"": ""NOT_APPLICABLE"", ""value"": null}, {""required"": false, ""slot"": ""population"", ""status"": ""CONTEXT"", ""value"": ""취업자""}, {""required"": false, ""slot"": ""dimension"", ""status"": ""NOT_APPLICABLE"", ""value"": null}, {""required"": false, ""slot"": ""comparison"", ""status"": ""CONTEXT"", ""value"": {""reference_period"": ""19개월"", ""type"": ""HIGHEST""}}, {""required"": true, ""slot"": ""calculation"", ""status"": ""SOURCE"", ""value"": ""THRESHOLD""}, {""required"": true, ""slot"": ""condition"", ""status"": ""SOURCE"", ""value"": {""operator"": ""GT"", ""threshold_unit"": ""명"", ""threshold_value"": ""300000""}}, {""required"": false, ""slot"": ""source_hint"", ""status"": ""NOT_APPLICABLE"", ""value"": null}], ""reason_codes"": []}","[{""attempt"": 1, ""child_claim_id"": ""claim_7c281324399fd5b4"", ""code_version"": ""admission-recovery-v3"", ""data_version"": ""claim-schema-v1"", ""finished_at"": ""2026-08-26T03:19:04.904782+00:00"", ""input_hash"": ""b46feb72579a2813159633376d0c7b550d361f6c06263cf978392ea2678cc6f8"", ""output_ref"": ""claim_7c281324399fd5b4"", ""parent_claim_id"": ""A02656_3"", ""reason_code"": null, ""stage"": ""CLAIM_SPLIT"", ""started_at"": ""2026-08-26T03:19:04.904782+00:00"", ""status"": ""PASS""}, {""attempt"": 1, ""child_claim_id"": ""claim_7c281324399fd5b4"", ""code_version"": ""admission-recovery-v3"", ""data_version"": ""claim-schema-v1"", ""finished_at"": ""2026-08-26T03:19:04.904782+00:00"", ""input_hash"": ""b46feb72579a2813159633376d0c7b550d361f6c06263cf978392ea2678cc6f8"", ""output_ref"": ""claim_7c281324399fd5b4"", ""parent_claim_id"": ""A02656_3"", ""reason_code"": null, ""stage"": ""CLAIM_PARSE"", ""started_at"": ""2026-08-26T03:19:04.904782+00:00"", ""status"": ""PASS""}]"
A01455_7,1,claim_9db81e638a810385,claim_54a2dc00f397fee2,61억8200만달러,1일 관세청은 이달 1~20일 대미 수출이 작년 같은 기간과 비교해 14.3% 급감한 61억8200만달러(약 8조7700억원)를 나타냈다고 밝혔다.,대미 수출액,6182000000.0,미국 달러,2025-04-01/2025-04-20,PARTIAL_PERIOD,대한민국,,"{""무역 상대국"": ""미국""}","{""change_rate"": ""-14.3%"", ""reference_period"": ""작년 같은 기간"", ""type"": ""YEAR_OVER_YEAR""}",DIRECT_VALUE,null,관세청,HOLD,TARGET_VALUE_NOT_IN_SOURCE_SENTENCE,MULTI_CLAIM_SPLIT,CONTEXT_REQUIRED,HUMAN_REVIEW,TARGET_VALUE_NOT_IN_SOURCE_SENTENCE,,N,,,,N,,0,0,null,[],[],"{""eligible_for_official_search"": true, ""entries"": [{""required"": true, ""slot"": ""indicator"", ""status"": ""CONTEXT"", ""value"": ""대미 수출액""}, {""required"": true, ""slot"": ""value"", ""status"": ""CONTEXT"", ""value"": 6182000000.0}, {""required"": true, ""slot"": ""unit"", ""status"": ""CONTEXT"", ""value"": ""미국 달러""}, {""required"": true, ""slot"": ""time"", ""status"": ""SOURCE"", ""value"": ""2025-04-01/2025-04-20""}, {""required"": false, ""slot"": ""frequency"", ""status"": ""CONTEXT"", ""value"": ""PARTIAL_PERIOD""}, {""required"": false, ""slot"": ""region"", ""status"": ""CONTEXT"", ""value"": ""대한민국""}, {""required"": false, ""slot"": ""population"", ""status"": ""NOT_APPLICABLE"", ""value"": null}, {""required"": false, ""slot"": ""dimension"", ""status"": ""CONTEXT"", ""value"": {""무역 상대국"": ""미국""}}, {""required"": false, ""slot"": ""comparison"", ""status"": ""CONTEXT"", ""value"": {""change_rate"": ""-14.3%"", ""reference_period"": ""작년 같은 기간"", ""type"": ""YEAR_OVER_YEAR""}}, {""required"": true, ""slot"": ""calculation"", ""status"": ""CONTEXT"", ""value"": ""DIRECT_VALUE""}, {""required"": false, ""slot"": ""condition"", ""status"": ""NOT_APPLICABLE"", ""value"": null}, {""required"": false, ""slot"": ""source_hint"", ""status"": ""SOURCE"", ""value"": ""관세청""}], ""reason_codes"": []}","[{""attempt"": 1, ""child_claim_id"": ""claim_54a2dc00f397fee2"", ""code_version"": ""admission-recovery-v3"", ""data_version"": ""claim-schema-v1"", ""finished_at"": ""2026-08-26T03:19:25.871943+00:00"", ""input_hash"": ""6c57fa969cf346987d32d2d37232104236cd8c880fa413c4952379c25903c085"", ""output_ref"": ""claim_54a2dc00f397fee2"", ""parent_claim_id"": ""A01455_7"", ""reason_code"": null, ""stage"": ""CLAIM_SPLIT"", ""started_at"": ""2026-08-26T03:19:25.871943+00:00"", ""status"": ""PASS""}, {""attempt"": 1, ""child_claim_id"": ""claim_54a2dc00f397fee2"", ""code_version"": ""admission-recovery-v3"", ""data_version"": ""claim-schema-v1"", ""finished_at"": ""2026-08-26T03:19:25.871943+00:00"", ""input_hash"": ""6c57fa969cf346987d32d2d37232104236cd8c880fa413c4952379c25903c085"", ""output_ref"": ""claim_54a2dc00f397fee2"", ""parent_claim_id"": ""A01455_7"", ""reason_code"": ""TARGET_VALUE_NOT_IN_SOURCE_SENTENCE"", ""stage"": ""CLAIM_PARSE"", ""started_at"": ""2026-08-26T03:19:25.871943+00:00"", ""status"": ""HUMAN_REVIEW""}]"
A01947_22,1,claim_c7cdbd6b0386dfbf,claim_b5454d25402b3701,52억5400만달러,관세청은 5월 1~20일 대미(對美) 수출액이 작년 같은 기간보다 14.6% 급감한 52억5400만달러(약 7조2900억원)였다고 집계했다.,수출액,5.254,billion USD,2025-05-01/2025-05-20,PARTIAL_PERIOD,,,"{""trade_partner"": ""미국""}","{""rate"": ""14.6"", ""reference_period"": ""2024-05-01/2024-05-20"", ""type"": ""YEAR_OVER_YEAR""}",DIRECT_VALUE,"{""direction"": ""DECREASE""}",관세청,HOLD,TARGET_VALUE_NOT_IN_SOURCE_SENTENCE,MULTI_CLAIM_SPLIT,CONTEXT_REQUIRED,HUMAN_REVIEW,TARGET_VALUE_NOT_IN_SOURCE_SENTENCE,,N,,,,N,,0,0,null,[],[],"{""eligible_for_official_search"": true, ""entries"": [{""required"": true, ""slot"": ""indicator"", ""status"": ""SOURCE"", ""value"": ""수출액""}, {""required"": true, ""slot"": ""value"", ""status"": ""SOURCE"", ""value"": 5.254}, {""required"": true, ""slot"": ""unit"", ""status"": ""SOURCE"", ""value"": ""billion USD""}, {""required"": true, ""slot"": ""time"", ""status"": ""SOURCE"", ""value"": ""2025-05-01/2025-05-20""}, {""required"": false, ""slot"": ""frequency"", ""status"": ""SOURCE"", ""value"": ""PARTIAL_PERIOD""}, {""required"": false, ""slot"": ""region"", ""status"": ""NOT_APPLICABLE"", ""value"": null}, {""required"": false, ""slot"": ""population"", ""status"": ""NOT_APPLICABLE"", ""value"": null}, {""required"": false, ""slot"": ""dimension"", ""status"": ""SOURCE"", ""value"": {""trade_partner"": ""미국""}}, {""required"": false, ""slot"": ""comparison"", ""status"": ""SOURCE"", ""value"": {""rate"": ""14.6"", ""reference_period"": ""2024-05-01/2024-05-20"", ""type"": ""YEAR_OVER_YEAR""}}, {""required"": true, ""slot"": ""calculation"", ""status"": ""SOURCE"", ""value"": ""DIRECT_VALUE""}, {""required"": false, ""slot"": ""condition"", ""status"": ""SOURCE"", ""value"": {""direction"": ""DECREASE""}}, {""required"": false, ""slot"": ""source_hint"", ""status"": ""SOURCE"", ""value"": ""관세청""}], ""reason_codes"": []}","[{""attempt"": 1, ""child_claim_id"": ""claim_b5454d25402b3701"", ""code_version"": ""admission-recovery-v3"", ""data_version"": ""claim-schema-v1"", ""finished_at"": ""2026-08-26T03:19:54.553852+00:00"", ""input_hash"": ""ff3be9bb38f01194ebe74db98f35d4a8d598d99157d506e61e6210a0ddec97d6"", ""output_ref"": ""claim_b5454d25402b3701"", ""parent_claim_id"": ""A01947_22"", ""reason_code"": null, ""stage"": ""CLAIM_SPLIT"", ""started_at"": ""2026-08-26T03:19:54.553852+00:00"", ""status"": ""PASS""}, {""attempt"": 1, ""child_claim_id"": ""claim_b5454d25402b3701"", ""code_version"": ""admission-recovery-v3"", ""data_version"": ""claim-schema-v1"", ""finished_at"": ""2026-08-26T03:19:54.553852+00:00"", ""input_hash"": ""ff3be9bb38f01194ebe74db98f35d4a8d598d99157d506e61e6210a0ddec97d6"", ""output_ref"": ""claim_b5454d25402b3701"", ""parent_claim_id"": ""A01947_22"", ""reason_code"": ""TARGET_VALUE_NOT_IN_SOURCE_SENTENCE"", ""stage"": ""CLAIM_PARSE"", ""started_at"": ""2026-08-26T03:19:54.553852+00:00"", ""status"": ""HUMAN_REVIEW""}]"
A02099_6,1,claim_22d76b35abe5866e,claim_bf260dae05262f04,36억2900만달러,지난 1~10일 반도체 수출액은 36억2900만달러로 전년 동월 대비 22% 뛰었다.,수출액,3629000000.0,달러,2025-06-01/2025-06-10,PARTIAL_PERIOD,,,"{""품목"": ""반도체""}","{""rate"": ""22%"", ""reference_period"": ""전년 동월"", ""type"": ""YEAR_OVER_YEAR""}",DIRECT_VALUE,"{""direction"": ""INCREASE""}",,AUTO_OK,,MULTI_CLAIM_SPLIT,KOSIS_PIPELINE_ELIGIBLE,HOLD,NO_HARD_GUARD_CANDIDATE,,N,UNDETERMINED,HOLD,NO_HARD_GUARD_CANDIDATE,N,,0,0,"{""canonical_name"": ""수출액"", ""concept_id"": ""C000003"", ""kosis_search_terms"": [""수출입총괄"", ""국가별 수출액 수입액"", ""수출금액""], ""matched_alias"": ""수출액"", ""standard_key"": ""export_value"", ""status"": ""MATCHED""}",[],[],"{""eligible_for_official_search"": true, ""entries"": [{""required"": true, ""slot"": ""indicator"", ""status"": ""SOURCE"", ""value"": ""수출액""}, {""required"": true, ""slot"": ""value"", ""status"": ""SOURCE"", ""value"": 3629000000.0}, {""required"": true, ""slot"": ""unit"", ""status"": ""SOURCE"", ""value"": ""달러""}, {""required"": true, ""slot"": ""time"", ""status"": ""SOURCE"", ""value"": ""2025-06-01/2025-06-10""}, {""required"": false, ""slot"": ""frequency"", ""status"": ""SOURCE"", ""value"": ""PARTIAL_PERIOD""}, {""required"": false, ""slot"": ""region"", ""status"": ""NOT_APPLICABLE"", ""value"": null}, {""required"": false, ""slot"": ""population"", ""status"": ""NOT_APPLICABLE"", ""value"": null}, {""required"": false, ""slot"": ""dimension"", ""status"": ""SOURCE"", ""value"": {""품목"": ""반도체""}}, {""required"": false, ""slot"": ""comparison"", ""status"": ""SOURCE"", ""value"": {""rate"": ""22%"", ""reference_period"": ""전년 동월"", ""type"": ""YEAR_OVER_YEAR""}}, {""required"": true, ""slot"": ""calculation"", ""status"": ""SOURCE"", ""value"": ""DIRECT_VALUE""}, {""required"": false, ""slot"": ""condition"", ""status"": ""SOURCE"", ""value"": {""direction"": ""INCREASE""}}, {""required"": false, ""slot"": ""source_hint"", ""status"": ""NOT_APPLICABLE"", ""value"": null}], ""reason_codes"": []}","[{""attempt"": 1, ""child_claim_id"": ""claim_bf260dae05262f04"", ""code_version"": ""admission-recovery-v3"", ""data_version"": ""claim-schema-v1"", ""finished_at"": ""2026-08-26T03:21:11.207507+00:00"", ""input_hash"": ""fa5d96d62f0357f1ec0f527efa7eaaa086e55b8f9f340500f8c0c82a97a4af0a"", ""output_ref"": ""claim_bf260dae05262f04"", ""parent_claim_id"": ""A02099_6"", ""reason_code"": null, ""stage"": ""CLAIM_SPLIT"", ""started_at"": ""2026-08-26T03:21:11.207507+00:00"", ""status"": ""PASS""}, {""attempt"": 1, ""child_claim_id"": ""claim_bf260dae05262f04"", ""code_version"": ""admission-recovery-v3"", ""data_version"": ""claim-schema-v1"", ""finished_at"": ""2026-08-26T03:21:11.207507+00:00"", ""input_hash"": ""fa5d96d62f0357f1ec0f527efa7eaaa086e55b8f9f340500f8c0c82a97a4af0a"", ""output_ref"": ""claim_bf260dae05262f04"", ""parent_claim_id"": ""A02099_6"", ""reason_code"": null, ""stage"": ""CLAIM_PARSE"", ""started_at"": ""2026-08-26T03:21:11.207507+00:00"", ""status"": ""PASS""}]"
A00185_6,1,claim_efe06326549a5d8e,claim_d865b4fa1dcf8ada,2075대,"당시 수입차 판매량은 1996년 1만315대, 1997년 8136대, 1998년 2075대로 2년 연속 줄었다.",판매량,2075.0,대,1998년,연간,,,"{""item"": ""수입차""}","{""reference_period"": ""1996년: 10315대; 1997년: 8136대"", ""trend"": ""2년 연속 감소""}",DIRECT_VALUE,"{""direction"": ""DECREASE""}",,AUTO_OK,,MULTI_CLAIM_SPLIT,KOSIS_PIPELINE_ELIGIBLE,HOLD,NO_HARD_GUARD_CANDIDATE,,N,UNDETERMINED,HOLD,NO_HARD_GUARD_CANDIDATE,N,,0,0,"{""canonical_name"": ""판매량"", ""concept_id"": ""OBSERVED:3c6dc784e6cf4a7e"", ""kosis_search_terms"": [""판매량""], ""matched_alias"": ""판매량"", ""standard_key"": ""observed_indicator_3c6dc784e6cf4a7e"", ""status"": ""MATCHED""}",[],[],"{""eligible_for_official_search"": true, ""entries"": [{""required"": true, ""slot"": ""indicator"", ""status"": ""SOURCE"", ""value"": ""판매량""}, {""required"": true, ""slot"": ""value"", ""status"": ""SOURCE"", ""value"": 2075.0}, {""required"": true, ""slot"": ""unit"", ""status"": ""SOURCE"", ""value"": ""대""}, {""required"": true, ""slot"": ""time"", ""status"": ""SOURCE"", ""value"": ""1998년""}, {""required"": false, ""slot"": ""frequency"", ""status"": ""SOURCE"", ""value"": ""연간""}, {""required"": false, ""slot"": ""region"", ""status"": ""NOT_APPLICABLE"", ""value"": null}, {""required"": false, ""slot"": ""population"", ""status"": ""NOT_APPLICABLE"", ""value"": null}, {""required"": false, ""slot"": ""dimension"", ""status"": ""SOURCE"", ""value"": {""item"": ""수입차""}}, {""required"": false, ""slot"": ""comparison"", ""status"": ""SOURCE"", ""value"": {""reference_period"": ""1996년: 10315대; 1997년: 8136대"", ""trend"": ""2년 연속 감소""}}, {""required"": true, ""slot"": ""calculation"", ""status"": ""SOURCE"", ""value"": ""DIRECT_VALUE""}, {""required"": false, ""slot"": ""condition"", ""status"": ""SOURCE"", ""value"": {""direction"": ""DECREASE""}}, {""required"": false, ""slot"": ""source_hint"", ""status"": ""NOT_APPLICABLE"", ""value"": null}], ""reason_codes"": []}","[{""attempt"": 1, ""child_claim_id"": ""claim_d865b4fa1dcf8ada"", ""code_version"": ""admission-recovery-v3"", ""data_version"": ""claim-schema-v1"", ""finished_at"": ""2026-08-26T03:22:10.677269+00:00"", ""input_hash"": ""c33fece068feef658512f9b24b99a2913fec9568ce2647819ea301149a6956aa"", ""output_ref"": ""claim_d865b4fa1dcf8ada"", ""parent_claim_id"": ""A00185_6"", ""reason_code"": null, ""stage"": ""CLAIM_SPLIT"", ""started_at"": ""2026-08-26T03:22:10.677269+00:00"", ""status"": ""PASS""}, {""attempt"": 1, ""child_claim_id"": ""claim_d865b4fa1dcf8ada"", ""code_version"": ""admission-recovery-v3"", ""data_version"": ""claim-schema-v1"", ""finished_at"": ""2026-08-26T03:22:10.677269+00:00"", ""input_hash"": ""c33fece068feef658512f9b24b99a2913fec9568ce2647819ea301149a6956aa"", ""output_ref"": ""claim_d865b4fa1dcf8ada"", ""parent_claim_id"": ""A00185_6"", ""reason_code"": null, ""stage"": ""CLAIM_PARSE"", ""started_at"": ""2026-08-26T03:22:10.677269+00:00"", ""status"": ""PASS""}]"
A00202_17,1,claim_3eb4ac7b277a7603,claim_05e35f37e130be46,14만7000명,"◇청년층 강타한 고용 한파 건설업과 노인 일자리 사업을 중심으로 고용 한파가 닥치면서 임금 근로자 가운데 일용직(고용 계약 기간 1개월 미만)과 임시직(1개월 이상 1년 미만) 취업자 수가 각각 14만7000명, 1만9000명 감소했다.",취업자 수,147000.0,명,,,,임금 근로자,"{""고용계약기간"": ""1개월 미만"", ""고용형태"": ""일용직""}","{""direction"": ""감소""}",DIFFERENCE,null,기사 게재일 2025-01-16,HOLD,"문장에 일용직과 임시직의 서로 독립적으로 검증 가능한 두 감소 수치가 함께 제시되어 있으며, 차이값 산출에 필요한 현재값과 기준값이 명시되지 않음",MULTI_CLAIM_SPLIT,STRUCTURAL_HOLD,HUMAN_REVIEW,"문장에 일용직과 임시직의 서로 독립적으로 검증 가능한 두 감소 수치가 함께 제시되어 있으며, 차이값 산출에 필요한 현재값과 기준값이 명시되지 않음",,N,,,,N,,0,0,null,[],[],"{""eligible_for_official_search"": false, ""entries"": [{""required"": true, ""slot"": ""indicator"", ""status"": ""SOURCE"", ""value"": ""취업자 수""}, {""required"": true, ""slot"": ""value"", ""status"": ""SOURCE"", ""value"": 147000.0}, {""required"": true, ""slot"": ""unit"", ""status"": ""SOURCE"", ""value"": ""명""}, {""required"": true, ""slot"": ""time"", ""status"": ""MISSING"", ""value"": null}, {""required"": false, ""slot"": ""frequency"", ""status"": ""NOT_APPLICABLE"", ""value"": null}, {""required"": false, ""slot"": ""region"", ""status"": ""NOT_APPLICABLE"", ""value"": null}, {""required"": false, ""slot"": ""population"", ""status"": ""SOURCE"", ""value"": ""임금 근로자""}, {""required"": false, ""slot"": ""dimension"", ""status"": ""SOURCE"", ""value"": {""고용계약기간"": ""1개월 미만"", ""고용형태"": ""일용직""}}, {""required"": true, ""slot"": ""comparison"", ""status"": ""SOURCE"", ""value"": {""direction"": ""감소""}}, {""required"": true, ""slot"": ""calculation"", ""status"": ""SOURCE"", ""value"": ""DIFFERENCE""}, {""required"": true, ""slot"": ""condition"", ""status"": ""MISSING"", ""value"": null}, {""required"": false, ""slot"": ""source_hint"", ""status"": ""SOURCE"", ""value"": ""기사 게재일 2025-01-16""}], ""reason_codes"": [""MISSING_REQUIRED_SLOTS:time,condition""]}","[{""attempt"": 1, ""child_claim_id"": ""claim_05e35f37e130be46"", ""code_version"": ""admission-recovery-v3"", ""data_version"": ""claim-schema-v1"", ""finished_at"": ""2026-08-26T03:22:36.787569+00:00"", ""input_hash"": ""9e65f39ec05b2cc8b51606324d6fff4ef9b58d249363f7e271350d917269ac07"", ""output_ref"": ""claim_05e35f37e130be46"", ""parent_claim_id"": ""A00202_17"", ""reason_code"": null, ""stage"": ""CLAIM_SPLIT"", ""started_at"": ""2026-08-26T03:22:36.787569+00:00"", ""status"": ""PASS""}, {""attempt"": 1, ""child_claim_id"": ""claim_05e35f37e130be46"", ""code_version"": ""admission-recovery-v3"", ""data_version"": ""claim-schema-v1"", ""finished_at"": ""2026-08-26T03:22:36.787569+00:00"", ""input_hash"": ""9e65f39ec05b2cc8b51606324d6fff4ef9b58d249363f7e271350d917269ac07"", ""output_ref"": ""claim_05e35f37e130be46"", ""parent_claim_id"": ""A00202_17"", ""reason_code"": ""문장에 일용직과 임시직의 서로 독립적으로 검증 가능한 두 감소 수치가 함께 제시되어 있으며, 차이값 산출에 필요한 현재값과 기준값이 명시되지 않음"", ""stage"": ""CLAIM_PARSE"", ""started_at"": ""2026-08-26T03:22:36.787569+00:00"", ""status"": ""HUMAN_REVIEW""}]"
A00202_17,2,claim_cc2447a34ad67b80,claim_ab9a0dc2b2b44212,1만9000명,"◇청년층 강타한 고용 한파 건설업과 노인 일자리 사업을 중심으로 고용 한파가 닥치면서 임금 근로자 가운데 일용직(고용 계약 기간 1개월 미만)과 임시직(1개월 이상 1년 미만) 취업자 수가 각각 14만7000명, 1만9000명 감소했다.",임시직 취업자 수,19000.0,명,,,,임금 근로자,"{""고용계약기간"": ""1개월 이상 1년 미만"", ""고용형태"": ""임시직""}",null,DIRECT_VALUE,"{""direction"": ""DECREASE""}",기사 본문; 기사 발행일 2025-01-16,HOLD,감소 규모와 대상은 명확하지만 기준 시점과 지역이 본문에 stated되지 않음,MULTI_CLAIM_SPLIT,STRUCTURAL_HOLD,HUMAN_REVIEW,감소 규모와 대상은 명확하지만 기준 시점과 지역이 본문에 stated되지 않음,,N,,,,N,,0,0,null,[],[],"{""eligible_for_official_search"": false, ""entries"": [{""required"": true, ""slot"": ""indicator"", ""status"": ""CONTEXT"", ""value"": ""임시직 취업자 수""}, {""required"": true, ""slot"": ""value"", ""status"": ""SOURCE"", ""value"": 19000.0}, {""required"": true, ""slot"": ""unit"", ""status"": ""SOURCE"", ""value"": ""명""}, {""required"": true, ""slot"": ""time"", ""status"": ""MISSING"", ""value"": null}, {""required"": false, ""slot"": ""frequency"", ""status"": ""NOT_APPLICABLE"", ""value"": null}, {""required"": false, ""slot"": ""region"", ""status"": ""NOT_APPLICABLE"", ""value"": null}, {""required"": false, ""slot"": ""population"", ""status"": ""SOURCE"", ""value"": ""임금 근로자""}, {""required"": false, ""slot"": ""dimension"", ""status"": ""SOURCE"", ""value"": {""고용계약기간"": ""1개월 이상 1년 미만"", ""고용형태"": ""임시직""}}, {""required"": false, ""slot"": ""comparison"", ""status"": ""NOT_APPLICABLE"", ""value"": null}, {""required"": true, ""slot"": ""calculation"", ""status"": ""SOURCE"", ""value"": ""DIRECT_VALUE""}, {""required"": false, ""slot"": ""condition"", ""status"": ""SOURCE"", ""value"": {""direction"": ""DECREASE""}}, {""required"": false, ""slot"": ""source_hint"", ""status"": ""CONTEXT"", ""value"": ""기사 본문; 기사 발행일 2025-01-16""}], ""reason_codes"": [""MISSING_REQUIRED_SLOTS:time""]}","[{""attempt"": 1, ""child_claim_id"": ""claim_ab9a0dc2b2b44212"", ""code_version"": ""admission-recovery-v3"", ""data_version"": ""claim-schema-v1"", ""finished_at"": ""2026-08-26T03:22:36.787569+00:00"", ""input_hash"": ""9e65f39ec05b2cc8b51606324d6fff4ef9b58d249363f7e271350d917269ac07"", ""output_ref"": ""claim_ab9a0dc2b2b44212"", ""parent_claim_id"": ""A00202_17"", ""reason_code"": null, ""stage"": ""CLAIM_SPLIT"", ""started_at"": ""2026-08-26T03:22:36.787569+00:00"", ""status"": ""PASS""}, {""attempt"": 1, ""child_claim_id"": ""claim_ab9a0dc2b2b44212"", ""code_version"": ""admission-recovery-v3"", ""data_version"": ""claim-schema-v1"", ""finished_at"": ""2026-08-26T03:22:36.787569+00:00"", ""input_hash"": ""9e65f39ec05b2cc8b51606324d6fff4ef9b58d249363f7e271350d917269ac07"", ""output_ref"": ""claim_ab9a0dc2b2b44212"", ""parent_claim_id"": ""A00202_17"", ""reason_code"": ""감소 규모와 대상은 명확하지만 기준 시점과 지역이 본문에 stated되지 않음"", ""stage"": ""CLAIM_PARSE"", ""started_at"": ""2026-08-26T03:22:36.787569+00:00"", ""status"": ""HUMAN_REVIEW""}]"
A00621_5,1,claim_67d855f110aaaca9,claim_7b292cef4a1d724a,439만6000명,하지만 ‘양질의 일자리’로 꼽히는 제조업 분야 취업자 수는 5만6000명 줄어든 439만6000명으로 집계됐다.,취업자 수,4396000.0,명,,,,,"{""산업"": ""제조업""}",null,DIRECT_VALUE,null,,HOLD,MISSING_REQUIRED_SLOTS:time,MULTI_CLAIM_SPLIT,STRUCTURAL_HOLD,HUMAN_REVIEW,MISSING_REQUIRED_SLOTS:time,,N,,,,N,,0,0,null,[],[],"{""eligible_for_official_search"": false, ""entries"": [{""required"": true, ""slot"": ""indicator"", ""status"": ""SOURCE"", ""value"": ""취업자 수""}, {""required"": true, ""slot"": ""value"", ""status"": ""SOURCE"", ""value"": 4396000.0}, {""required"": true, ""slot"": ""unit"", ""status"": ""SOURCE"", ""value"": ""명""}, {""required"": true, ""slot"": ""time"", ""status"": ""MISSING"", ""value"": null}, {""required"": false, ""slot"": ""frequency"", ""status"": ""NOT_APPLICABLE"", ""value"": null}, {""required"": false, ""slot"": ""region"", ""status"": ""NOT_APPLICABLE"", ""value"": null}, {""required"": false, ""slot"": ""population"", ""status"": ""NOT_APPLICABLE"", ""value"": null}, {""required"": false, ""slot"": ""dimension"", ""status"": ""SOURCE"", ""value"": {""산업"": ""제조업""}}, {""required"": false, ""slot"": ""comparison"", ""status"": ""NOT_APPLICABLE"", ""value"": null}, {""required"": true, ""slot"": ""calculation"", ""status"": ""SOURCE"", ""value"": ""DIRECT_VALUE""}, {""required"": false, ""slot"": ""condition"", ""status"": ""NOT_APPLICABLE"", ""value"": null}, {""required"": false, ""slot"": ""source_hint"", ""status"": ""NOT_APPLICABLE"", ""value"": null}], ""reason_codes"": [""MISSING_REQUIRED_SLOTS:time""]}","[{""attempt"": 1, ""child_claim_id"": ""claim_7b292cef4a1d724a"", ""code_version"": ""admission-recovery-v3"", ""data_version"": ""claim-schema-v1"", ""finished_at"": ""2026-08-26T03:22:49.432343+00:00"", ""input_hash"": ""2c831150639ef9a5880e48630fb22add6164b862bd7ee8da2decd4964f42dfec"", ""output_ref"": ""claim_7b292cef4a1d724a"", ""parent_claim_id"": ""A00621_5"", ""reason_code"": null, ""stage"": ""CLAIM_SPLIT"", ""started_at"": ""2026-08-26T03:22:49.432343+00:00"", ""status"": ""PASS""}, {""attempt"": 1, ""child_claim_id"": ""claim_7b292cef4a1d724a"", ""code_version"": ""admission-recovery-v3"", ""data_version"": ""claim-schema-v1"", ""finished_at"": ""2026-08-26T03:22:49.432343+00:00"", ""input_hash"": ""2c831150639ef9a5880e48630fb22add6164b862bd7ee8da2decd4964f42dfec"", ""output_ref"": ""claim_7b292cef4a1d724a"", ""parent_claim_id"": ""A00621_5"", ""reason_code"": ""MISSING_REQUIRED_SLOTS:time"", ""stage"": ""CLAIM_PARSE"", ""started_at"": ""2026-08-26T03:22:49.432343+00:00"", ""status"": ""HUMAN_REVIEW""}]"
A00922_9,1,claim_f22875b11c312f80,claim_a53a99ef7f4c9e8e,355만7000명,청년 취업자는 355만7000명으로 1년 새 23만5000명 줄었다.,취업자 수,3557000.0,명,,,,청년,null,null,DIRECT_VALUE,null,기사 발행일: 2025-03-12,HOLD,MISSING_REQUIRED_SLOTS:time,MULTI_CLAIM_SPLIT,STRUCTURAL_HOLD,HUMAN_REVIEW,MISSING_REQUIRED_SLOTS:time,,N,,,,N,,0,0,null,[],[],"{""eligible_for_official_search"": false, ""entries"": [{""required"": true, ""slot"": ""indicator"", ""status"": ""CONTEXT"", ""value"": ""취업자 수""}, {""required"": true, ""slot"": ""value"", ""status"": ""SOURCE"", ""value"": 3557000.0}, {""required"": true, ""slot"": ""unit"", ""status"": ""SOURCE"", ""value"": ""명""}, {""required"": true, ""slot"": ""time"", ""status"": ""MISSING"", ""value"": null}, {""required"": false, ""slot"": ""frequency"", ""status"": ""NOT_APPLICABLE"", ""value"": null}, {""required"": false, ""slot"": ""region"", ""status"": ""NOT_APPLICABLE"", ""value"": null}, {""required"": false, ""slot"": ""population"", ""status"": ""SOURCE"", ""value"": ""청년""}, {""required"": false, ""slot"": ""dimension"", ""status"": ""NOT_APPLICABLE"", ""value"": null}, {""required"": false, ""slot"": ""comparison"", ""status"": ""NOT_APPLICABLE"", ""value"": null}, {""required"": true, ""slot"": ""calculation"", ""status"": ""SOURCE"", ""value"": ""DIRECT_VALUE""}, {""required"": false, ""slot"": ""condition"", ""status"": ""NOT_APPLICABLE"", ""value"": null}, {""required"": false, ""slot"": ""source_hint"", ""status"": ""CONTEXT"", ""value"": ""기사 발행일: 2025-03-12""}], ""reason_codes"": [""MISSING_REQUIRED_SLOTS:time""]}","[{""attempt"": 1, ""child_claim_id"": ""claim_a53a99ef7f4c9e8e"", ""code_version"": ""admission-recovery-v3"", ""data_version"": ""claim-schema-v1"", ""finished_at"": ""2026-08-26T03:23:06.885419+00:00"", ""input_hash"": ""ced8a0c4a8e9f655cc9e4098963ae813d97fcc4faea36de1082556d5db99f60d"", ""output_ref"": ""claim_a53a99ef7f4c9e8e"", ""parent_claim_id"": ""A00922_9"", ""reason_code"": null, ""stage"": ""CLAIM_SPLIT"", ""started_at"": ""2026-08-26T03:23:06.885419+00:00"", ""status"": ""PASS""}, {""attempt"": 1, ""child_claim_id"": ""claim_a53a99ef7f4c9e8e"", ""code_version"": ""admission-recovery-v3"", ""data_version"": ""claim-schema-v1"", ""finished_at"": ""2026-08-26T03:23:06.885419+00:00"", ""input_hash"": ""ced8a0c4a8e9f655cc9e4098963ae813d97fcc4faea36de1082556d5db99f60d"", ""output_ref"": ""claim_a53a99ef7f4c9e8e"", ""parent_claim_id"": ""A00922_9"", ""reason_code"": ""MISSING_REQUIRED_SLOTS:time"", ""stage"": ""CLAIM_PARSE"", ""started_at"": ""2026-08-26T03:23:06.885419+00:00"", ""status"": ""HUMAN_REVIEW""}]"
A01285_13,1,claim_c0c1977ae456166d,claim_bbcc1e4c668b3946,4만9000명,"건설업 부진 장기화로 40대와 50대 취업자 수도 각각 4만9000명, 2만6000명 줄었다.",취업자 수,49000.0,명,,,,,"{""age"": ""40대""}",null,DIRECT_VALUE,"{""direction"": ""DECREASE""}",article_published_at: 2025-04-09,HOLD,MISSING_REQUIRED_SLOTS:time,MULTI_CLAIM_SPLIT,STRUCTURAL_HOLD,HUMAN_REVIEW,MISSING_REQUIRED_SLOTS:time,,N,,,,N,,0,0,null,[],[],"{""eligible_for_official_search"": false, ""entries"": [{""required"": true, ""slot"": ""indicator"", ""status"": ""SOURCE"", ""value"": ""취업자 수""}, {""required"": true, ""slot"": ""value"", ""status"": ""SOURCE"", ""value"": 49000.0}, {""required"": true, ""slot"": ""unit"", ""status"": ""SOURCE"", ""value"": ""명""}, {""required"": true, ""slot"": ""time"", ""status"": ""MISSING"", ""value"": null}, {""required"": false, ""slot"": ""frequency"", ""status"": ""NOT_APPLICABLE"", ""value"": null}, {""required"": false, ""slot"": ""region"", ""status"": ""NOT_APPLICABLE"", ""value"": null}, {""required"": false, ""slot"": ""population"", ""status"": ""NOT_APPLICABLE"", ""value"": null}, {""required"": false, ""slot"": ""dimension"", ""status"": ""CONTEXT"", ""value"": {""age"": ""40대""}}, {""required"": false, ""slot"": ""comparison"", ""status"": ""NOT_APPLICABLE"", ""value"": null}, {""required"": true, ""slot"": ""calculation"", ""status"": ""SOURCE"", ""value"": ""DIRECT_VALUE""}, {""required"": false, ""slot"": ""condition"", ""status"": ""SOURCE"", ""value"": {""direction"": ""DECREASE""}}, {""required"": false, ""slot"": ""source_hint"", ""status"": ""CONTEXT"", ""value"": ""article_published_at: 2025-04-09""}], ""reason_codes"": [""MISSING_REQUIRED_SLOTS:time""]}","[{""attempt"": 1, ""child_claim_id"": ""claim_bbcc1e4c668b3946"", ""code_version"": ""admission-recovery-v3"", ""data_version"": ""claim-schema-v1"", ""finished_at"": ""2026-08-26T03:23:35.636754+00:00"", ""input_hash"": ""1b73b714504bb9b28529a7eb4d890c44f66c263c5a2f1be0ccd8744efb84b4c6"", ""output_ref"": ""claim_bbcc1e4c668b3946"", ""parent_claim_id"": ""A01285_13"", ""reason_code"": null, ""stage"": ""CLAIM_SPLIT"", ""started_at"": ""2026-08-26T03:23:35.636754+00:00"", ""status"": ""PASS""}, {""attempt"": 1, ""child_claim_id"": ""claim_bbcc1e4c668b3946"", ""code_version"": ""admission-recovery-v3"", ""data_version"": ""claim-schema-v1"", ""finished_at"": ""2026-08-26T03:23:35.636754+00:00"", ""input_hash"": ""1b73b714504bb9b28529a7eb4d890c44f66c263c5a2f1be0ccd8744efb84b4c6"", ""output_ref"": ""claim_bbcc1e4c668b3946"", ""parent_claim_id"": ""A01285_13"", ""reason_code"": ""MISSING_REQUIRED_SLOTS:time"", ""stage"": ""CLAIM_PARSE"", ""started_at"": ""2026-08-26T03:23:35.636754+00:00"", ""status"": ""HUMAN_REVIEW""}]"
A01285_13,2,claim_692f628c7ee1e26e,claim_0c23f0b7b1606147,2만6000명,"건설업 부진 장기화로 40대와 50대 취업자 수도 각각 4만9000명, 2만6000명 줄었다.",취업자 수 감소,26000.0,명,,,,취업자,"{""산업"": ""건설업"", ""연령"": ""50대""}","{""direction"": ""DECREASE""}",DIRECT_VALUE,null,,HOLD,MISSING_REQUIRED_SLOTS:time,MULTI_CLAIM_SPLIT,STRUCTURAL_HOLD,HUMAN_REVIEW,MISSING_REQUIRED_SLOTS:time,,N,,,,N,,0,0,null,[],[],"{""eligible_for_official_search"": false, ""entries"": [{""required"": true, ""slot"": ""indicator"", ""status"": ""CONTEXT"", ""value"": ""취업자 수 감소""}, {""required"": true, ""slot"": ""value"", ""status"": ""SOURCE"", ""value"": 26000.0}, {""required"": true, ""slot"": ""unit"", ""status"": ""SOURCE"", ""value"": ""명""}, {""required"": true, ""slot"": ""time"", ""status"": ""MISSING"", ""value"": null}, {""required"": false, ""slot"": ""frequency"", ""status"": ""NOT_APPLICABLE"", ""value"": null}, {""required"": false, ""slot"": ""region"", ""status"": ""NOT_APPLICABLE"", ""value"": null}, {""required"": false, ""slot"": ""population"", ""status"": ""CONTEXT"", ""value"": ""취업자""}, {""required"": false, ""slot"": ""dimension"", ""status"": ""CONTEXT"", ""value"": {""산업"": ""건설업"", ""연령"": ""50대""}}, {""required"": false, ""slot"": ""comparison"", ""status"": ""SOURCE"", ""value"": {""direction"": ""DECREASE""}}, {""required"": true, ""slot"": ""calculation"", ""status"": ""SOURCE"", ""value"": ""DIRECT_VALUE""}, {""required"": false, ""slot"": ""condition"", ""status"": ""NOT_APPLICABLE"", ""value"": null}, {""required"": false, ""slot"": ""source_hint"", ""status"": ""NOT_APPLICABLE"", ""value"": null}], ""reason_codes"": [""MISSING_REQUIRED_SLOTS:time""]}","[{""attempt"": 1, ""child_claim_id"": ""claim_0c23f0b7b1606147"", ""code_version"": ""admission-recovery-v3"", ""data_version"": ""claim-schema-v1"", ""finished_at"": ""2026-08-26T03:23:35.636754+00:00"", ""input_hash"": ""1b73b714504bb9b28529a7eb4d890c44f66c263c5a2f1be0ccd8744efb84b4c6"", ""output_ref"": ""claim_0c23f0b7b1606147"", ""parent_claim_id"": ""A01285_13"", ""reason_code"": null, ""stage"": ""CLAIM_SPLIT"", ""started_at"": ""2026-08-26T03:23:35.636754+00:00"", ""status"": ""PASS""}, {""attempt"": 1, ""child_claim_id"": ""claim_0c23f0b7b1606147"", ""code_version"": ""admission-recovery-v3"", ""data_version"": ""claim-schema-v1"", ""finished_at"": ""2026-08-26T03:23:35.636754+00:00"", ""input_hash"": ""1b73b714504bb9b28529a7eb4d890c44f66c263c5a2f1be0ccd8744efb84b4c6"", ""output_ref"": ""claim_0c23f0b7b1606147"", ""parent_claim_id"": ""A01285_13"", ""reason_code"": ""MISSING_REQUIRED_SLOTS:time"", ""stage"": ""CLAIM_PARSE"", ""started_at"": ""2026-08-26T03:23:35.636754+00:00"", ""status"": ""HUMAN_REVIEW""}]"
